{
  "type": "FeatureCollection",
  "features": [
    {
      "type": "Feature",
      "geometry": {
        "type": "Polygon",
        "coordinates": [
          [
            [
              118.5614365,
              24.7829301
            ],
            [
              118.5611645,
              24.7825949
            ],
            [
              118.5617731,
              24.7821879
            ],
            [
              118.5612603,
              24.7815558
            ],
            [
              118.5606424,
              24.781969
            ],
            [
              118.56031,
              24.7815593
            ],
            [
              118.5609972,
              24.7810996
            ],
            [
              118.5607341,
              24.7807753
            ],
            [
              118.5609752,
              24.7806141
            ],
            [
              118.5611633,
              24.7808459
            ],
            [
              118.5619923,
              24.7802915
            ],
            [
              118.5617488,
              24.7799914
            ],
            [
              118.5620445,
              24.7797936
            ],
            [
              118.5623359,
              24.7801528
            ],
            [
              118.5630595,
              24.7796689
            ],
            [
              118.5633843,
              24.7800692
            ],
            [
              118.5627528,
              24.7804915
            ],
            [
              118.5632722,
              24.7811317
            ],
            [
              118.5638984,
              24.7807128
            ],
            [
              118.5641986,
              24.7810828
            ],
            [
              118.5614365,
              24.7829301
            ]
          ]
        ]
      },
      "properties": {
        "osm_id": 129207259,
        "building": "yes",
        "building:levels": "",
        "building:flats": "",
        "addr:housenumber": "",
        "area_m2": 57151.66
      }
    },
    {
      "type": "Feature",
      "geometry": {
        "type": "Polygon",
        "coordinates": [
          [
            [
              118.6393674,
              24.9263383
            ],
            [
              118.6385438,
              24.925543
            ],
            [
              118.6384119,
              24.9256553
            ],
            [
              118.6392354,
              24.9264506
            ],
            [
              118.6393674,
              24.9263383
            ]
          ]
        ]
      },
      "properties": {
        "osm_id": 139548158,
        "building": "yes",
        "building:levels": "",
        "building:flats": "",
        "addr:housenumber": "",
        "area_m2": 2203.9
      }
    },
    {
      "type": "Feature",
      "geometry": {
        "type": "Polygon",
        "coordinates": [
          [
            [
              118.5296143,
              24.8407977
            ],
            [
              118.5293305,
              24.8408253
            ],
            [
              118.5294065,
              24.8414694
            ],
            [
              118.5296903,
              24.8414419
            ],
            [
              118.5296143,
              24.8407977
            ]
          ]
        ]
      },
      "properties": {
        "osm_id": 166256033,
        "building": "industrial",
        "building:levels": "",
        "building:flats": "",
        "addr:housenumber": "",
        "area_m2": 2064.13
      }
    },
    {
      "type": "Feature",
      "geometry": {
        "type": "Polygon",
        "coordinates": [
          [
            [
              118.5316024,
              24.8397
            ],
            [
              118.5317996,
              24.8411471
            ],
            [
              118.5322803,
              24.8410931
            ],
            [
              118.5320831,
              24.839646
            ],
            [
              118.5316024,
              24.8397
            ]
          ]
        ]
      },
      "properties": {
        "osm_id": 166256034,
        "building": "industrial",
        "building:levels": "",
        "building:flats": "",
        "addr:housenumber": "",
        "area_m2": 7884.28
      }
    },
    {
      "type": "Feature",
      "geometry": {
        "type": "Polygon",
        "coordinates": [
          [
            [
              118.5304855,
              24.8376211
            ],
            [
              118.5298188,
              24.8377876
            ],
            [
              118.5302953,
              24.8393588
            ],
            [
              118.530962,
              24.8391923
            ],
            [
              118.5304855,
              24.8376211
            ]
          ]
        ]
      },
      "properties": {
        "osm_id": 166256035,
        "building": "industrial",
        "building:levels": "",
        "building:flats": "",
        "addr:housenumber": "",
        "area_m2": 12579.4
      }
    },
    {
      "type": "Feature",
      "geometry": {
        "type": "Polygon",
        "coordinates": [
          [
            [
              118.5315856,
              24.840555
            ],
            [
              118.5298051,
              24.8407558
            ],
            [
              118.5298919,
              24.8413894
            ],
            [
              118.5316723,
              24.8411886
            ],
            [
              118.5315856,
              24.840555
            ]
          ]
        ]
      },
      "properties": {
        "osm_id": 166256036,
        "building": "industrial",
        "building:levels": "",
        "building:flats": "",
        "addr:housenumber": "",
        "area_m2": 12787.66
      }
    },
    {
      "type": "Feature",
      "geometry": {
        "type": "Polygon",
        "coordinates": [
          [
            [
              118.5295314,
              24.8404613
            ],
            [
              118.5294941,
              24.8402027
            ],
            [
              118.5287157,
              24.8402952
            ],
            [
              118.528753,
              24.8405538
            ],
            [
              118.5295314,
              24.8404613
            ]
          ]
        ]
      },
      "properties": {
        "osm_id": 166256037,
        "building": "industrial",
        "building:levels": "",
        "building:flats": "",
        "addr:housenumber": "",
        "area_m2": 2285.62
      }
    },
    {
      "type": "Feature",
      "geometry": {
        "type": "Polygon",
        "coordinates": [
          [
            [
              118.526696,
              24.8380731
            ],
            [
              118.5272912,
              24.8399105
            ],
            [
              118.5278734,
              24.8397552
            ],
            [
              118.5272783,
              24.8379178
            ],
            [
              118.526696,
              24.8380731
            ]
          ]
        ]
      },
      "properties": {
        "osm_id": 166256038,
        "building": "industrial",
        "building:levels": "",
        "building:flats": "",
        "addr:housenumber": "",
        "area_m2": 12974.54
      }
    },
    {
      "type": "Feature",
      "geometry": {
        "type": "Polygon",
        "coordinates": [
          [
            [
              118.5270656,
              24.8367325
            ],
            [
              118.5273513,
              24.8375757
            ],
            [
              118.5286881,
              24.8372027
            ],
            [
              118.5284025,
              24.8363595
            ],
            [
              118.5270656,
              24.8367325
            ]
          ]
        ]
      },
      "properties": {
        "osm_id": 166256039,
        "building": "industrial",
        "building:levels": "",
        "building:flats": "",
        "addr:housenumber": "",
        "area_m2": 13773.01
      }
    },
    {
      "type": "Feature",
      "geometry": {
        "type": "Polygon",
        "coordinates": [
          [
            [
              118.5294835,
              24.8373216
            ],
            [
              118.528926,
              24.8374623
            ],
            [
              118.5292513,
              24.8385236
            ],
            [
              118.5298088,
              24.8383829
            ],
            [
              118.5294835,
              24.8373216
            ]
          ]
        ]
      },
      "properties": {
        "osm_id": 166256040,
        "building": "industrial",
        "building:levels": "",
        "building:flats": "",
        "addr:housenumber": "",
        "area_m2": 7115.96
      }
    },
    {
      "type": "Feature",
      "geometry": {
        "type": "Polygon",
        "coordinates": [
          [
            [
              118.5298106,
              24.8386165
            ],
            [
              118.5278529,
              24.8391417
            ],
            [
              118.5281175,
              24.8399539
            ],
            [
              118.5300752,
              24.8394286
            ],
            [
              118.5298106,
              24.8386165
            ]
          ]
        ]
      },
      "properties": {
        "osm_id": 166256041,
        "building": "industrial",
        "building:levels": "",
        "building:flats": "",
        "addr:housenumber": "",
        "area_m2": 19300.48
      }
    },
    {
      "type": "Feature",
      "geometry": {
        "type": "Polygon",
        "coordinates": [
          [
            [
              118.5314582,
              24.8397417
            ],
            [
              118.5296875,
              24.8399631
            ],
            [
              118.5297845,
              24.8406022
            ],
            [
              118.5315553,
              24.8403808
            ],
            [
              118.5314582,
              24.8397417
            ]
          ]
        ]
      },
      "properties": {
        "osm_id": 166256042,
        "building": "industrial",
        "building:levels": "",
        "building:flats": "",
        "addr:housenumber": "",
        "area_m2": 12873.18
      }
    },
    {
      "type": "Feature",
      "geometry": {
        "type": "Polygon",
        "coordinates": [
          [
            [
              118.526583,
              24.8357765
            ],
            [
              118.5259958,
              24.8359331
            ],
            [
              118.5266078,
              24.8378226
            ],
            [
              118.527195,
              24.837666
            ],
            [
              118.526583,
              24.8357765
            ]
          ]
        ]
      },
      "properties": {
        "osm_id": 166256043,
        "building": "industrial",
        "building:levels": "",
        "building:flats": "",
        "addr:housenumber": "",
        "area_m2": 13455.69
      }
    },
    {
      "type": "Feature",
      "geometry": {
        "type": "Polygon",
        "coordinates": [
          [
            [
              118.5307445,
              24.8377607
            ],
            [
              118.531123,
              24.8391478
            ],
            [
              118.5311456,
              24.8394191
            ],
            [
              118.5307149,
              24.8394865
            ],
            [
              118.5307516,
              24.8395996
            ],
            [
              118.5294976,
              24.8398059
            ],
            [
              118.5295342,
              24.8399058
            ],
            [
              118.5314398,
              24.8396155
            ],
            [
              118.5311287,
              24.8376744
            ],
            [
              118.5307445,
              24.8377607
            ]
          ]
        ]
      },
      "properties": {
        "osm_id": 166256045,
        "building": "industrial",
        "building:levels": "",
        "building:flats": "",
        "addr:housenumber": "",
        "area_m2": 9237.52
      }
    },
    {
      "type": "Feature",
      "geometry": {
        "type": "Polygon",
        "coordinates": [
          [
            [
              118.5870501,
              24.802471
            ],
            [
              118.5876569,
              24.8021478
            ],
            [
              118.5876983,
              24.8022118
            ],
            [
              118.587906,
              24.8025329
            ],
            [
              118.5881506,
              24.8029112
            ],
            [
              118.5883623,
              24.8032386
            ],
            [
              118.5884213,
              24.8032143
            ],
            [
              118.5886135,
              24.8035362
            ],
            [
              118.5888036,
              24.8038546
            ],
            [
              118.5889751,
              24.8041419
            ],
            [
              118.5891689,
              24.8044664
            ],
            [
              118.5893512,
              24.8047717
            ],
            [
              118.5894687,
              24.8049687
            ],
            [
              118.589513,
              24.8050428
            ],
            [
              118.5891627,
              24.805226
            ],
            [
              118.5889497,
              24.8053374
            ],
            [
              118.5887621,
              24.8054434
            ],
            [
              118.5883851,
              24.8056563
            ],
            [
              118.5883275,
              24.8055979
            ],
            [
              118.5883315,
              24.8055589
            ],
            [
              118.5882611,
              24.8054433
            ],
            [
              118.5887995,
              24.8051694
            ],
            [
              118.5886614,
              24.8049612
            ],
            [
              118.5885894,
              24.8050038
            ],
            [
              118.5884804,
              24.8050683
            ],
            [
              118.5879748,
              24.8042977
            ],
            [
              118.5880887,
              24.8042316
            ],
            [
              118.5881679,
              24.8041857
            ],
            [
              118.5881303,
              24.80412
            ],
            [
              118.5881424,
              24.8040506
            ],
            [
              118.5880512,
              24.8039009
            ],
            [
              118.5879225,
              24.8036927
            ],
            [
              118.5878393,
              24.8035746
            ],
            [
              118.5877227,
              24.8036432
            ],
            [
              118.5876448,
              24.8036891
            ],
            [
              118.5871996,
              24.8029903
            ],
            [
              118.5872807,
              24.8029439
            ],
            [
              118.5873625,
              24.8028971
            ],
            [
              118.5873304,
              24.8028381
            ],
            [
              118.587276,
              24.8028685
            ],
            [
              118.5871325,
              24.8026378
            ],
            [
              118.5871634,
              24.8026153
            ],
            [
              118.5871151,
              24.8025423
            ],
            [
              118.587099,
              24.8025496
            ],
            [
              118.5870501,
              24.802471
            ]
          ]
        ]
      },
      "properties": {
        "osm_id": 204232351,
        "building": "yes",
        "building:levels": "",
        "building:flats": "",
        "addr:housenumber": "",
        "area_m2": 31703.5
      }
    },
    {
      "type": "Feature",
      "geometry": {
        "type": "Polygon",
        "coordinates": [
          [
            [
              118.5857372,
              24.9166104
            ],
            [
              118.5860955,
              24.9165494
            ],
            [
              118.5859771,
              24.9159774
            ],
            [
              118.5856187,
              24.9160384
            ],
            [
              118.5857372,
              24.9166104
            ]
          ]
        ]
      },
      "properties": {
        "osm_id": 294840505,
        "building": "yes",
        "building:levels": "",
        "building:flats": "",
        "addr:housenumber": "",
        "area_m2": 2368.86
      }
    },
    {
      "type": "Feature",
      "geometry": {
        "type": "Polygon",
        "coordinates": [
          [
            [
              118.5868089,
              24.9093453
            ],
            [
              118.5877423,
              24.9090485
            ],
            [
              118.5868572,
              24.9077737
            ],
            [
              118.5862242,
              24.9080657
            ],
            [
              118.5868089,
              24.9093453
            ]
          ]
        ]
      },
      "properties": {
        "osm_id": 294951076,
        "building": "yes",
        "building:levels": "",
        "building:flats": "",
        "addr:housenumber": "",
        "area_m2": 13581.88
      }
    },
    {
      "type": "Feature",
      "geometry": {
        "type": "Polygon",
        "coordinates": [
          [
            [
              118.6064895,
              24.9127561
            ],
            [
              118.6073729,
              24.9127231
            ],
            [
              118.6073852,
              24.912994
            ],
            [
              118.6073884,
              24.913064
            ],
            [
              118.6073118,
              24.9130669
            ],
            [
              118.6070451,
              24.9130768
            ],
            [
              118.6070494,
              24.9131715
            ],
            [
              118.6069632,
              24.9131748
            ],
            [
              118.6068888,
              24.9131775
            ],
            [
              118.6068844,
              24.9130808
            ],
            [
              118.6065049,
              24.913095
            ],
            [
              118.6065036,
              24.9130668
            ],
            [
              118.6064905,
              24.9127789
            ],
            [
              118.6064895,
              24.9127561
            ]
          ]
        ]
      },
      "properties": {
        "osm_id": 294951078,
        "building": "yes",
        "building:levels": "",
        "building:flats": "",
        "addr:housenumber": "425",
        "area_m2": 3529.22
      }
    },
    {
      "type": "Feature",
      "geometry": {
        "type": "Polygon",
        "coordinates": [
          [
            [
              118.6009256,
              24.9153938
            ],
            [
              118.6015006,
              24.9153289
            ],
            [
              118.6014566,
              24.915008
            ],
            [
              118.6008816,
              24.9150729
            ],
            [
              118.6009256,
              24.9153938
            ]
          ]
        ]
      },
      "properties": {
        "osm_id": 294951079,
        "building": "yes",
        "building:levels": "",
        "building:flats": "",
        "addr:housenumber": "",
        "area_m2": 2091.7
      }
    },
    {
      "type": "Feature",
      "geometry": {
        "type": "Polygon",
        "coordinates": [
          [
            [
              118.6019913,
              24.915313
            ],
            [
              118.6022342,
              24.9152718
            ],
            [
              118.602217,
              24.9151883
            ],
            [
              118.6023986,
              24.9151575
            ],
            [
              118.6023645,
              24.9149925
            ],
            [
              118.6017442,
              24.9150977
            ],
            [
              118.6017777,
              24.91526
            ],
            [
              118.6019735,
              24.9152268
            ],
            [
              118.6019913,
              24.915313
            ]
          ]
        ]
      },
      "properties": {
        "osm_id": 294951080,
        "building": "yes",
        "building:levels": "",
        "building:flats": "",
        "addr:housenumber": "",
        "area_m2": 1410.88
      }
    },
    {
      "type": "Feature",
      "geometry": {
        "type": "Polygon",
        "coordinates": [
          [
            [
              118.5868128,
              24.9141722
            ],
            [
              118.5871114,
              24.9140873
            ],
            [
              118.5870041,
              24.9137769
            ],
            [
              118.5867,
              24.9138634
            ],
            [
              118.5867232,
              24.9139306
            ],
            [
              118.586676,
              24.9139441
            ],
            [
              118.5866849,
              24.91397
            ],
            [
              118.5866337,
              24.9139846
            ],
            [
              118.5866426,
              24.9140104
            ],
            [
              118.5866164,
              24.9140178
            ],
            [
              118.5866491,
              24.9141124
            ],
            [
              118.5866683,
              24.914107
            ],
            [
              118.5866735,
              24.9141219
            ],
            [
              118.5867421,
              24.9141024
            ],
            [
              118.58675,
              24.9141253
            ],
            [
              118.5867924,
              24.9141132
            ],
            [
              118.5868128,
              24.9141722
            ]
          ]
        ]
      },
      "properties": {
        "osm_id": 294973995,
        "building": "yes",
        "building:levels": "",
        "building:flats": "",
        "addr:housenumber": "",
        "area_m2": 1373.84
      }
    },
    {
      "type": "Feature",
      "geometry": {
        "type": "Polygon",
        "coordinates": [
          [
            [
              118.5787011,
              24.9170944
            ],
            [
              118.5788896,
              24.9170082
            ],
            [
              118.5787584,
              24.9167724
            ],
            [
              118.5785699,
              24.9168586
            ],
            [
              118.5787011,
              24.9170944
            ]
          ]
        ]
      },
      "properties": {
        "osm_id": 294973996,
        "building": "yes",
        "building:levels": "",
        "building:flats": "",
        "addr:housenumber": "",
        "area_m2": 622.44
      }
    },
    {
      "type": "Feature",
      "geometry": {
        "type": "Polygon",
        "coordinates": [
          [
            [
              118.6704217,
              24.8760979
            ],
            [
              118.6726563,
              24.8773868
            ],
            [
              118.6722992,
              24.8778964
            ],
            [
              118.6700645,
              24.8766076
            ],
            [
              118.6704217,
              24.8760979
            ]
          ]
        ]
      },
      "properties": {
        "osm_id": 294976098,
        "building": "yes",
        "building:levels": "",
        "building:flats": "",
        "addr:housenumber": "",
        "area_m2": 17852.32
      }
    },
    {
      "type": "Feature",
      "geometry": {
        "type": "Polygon",
        "coordinates": [
          [
            [
              118.5845637,
              24.9384136
            ],
            [
              118.5848497,
              24.9382202
            ],
            [
              118.5849854,
              24.9382509
            ],
            [
              118.5852375,
              24.9380751
            ],
            [
              118.5854944,
              24.9379037
            ],
            [
              118.5854944,
              24.9377763
            ],
            [
              118.5857561,
              24.9375873
            ],
            [
              118.5856882,
              24.9379169
            ],
            [
              118.5860033,
              24.9383213
            ],
            [
              118.5864444,
              24.9384267
            ],
            [
              118.5861681,
              24.9386157
            ],
            [
              118.5858337,
              24.9384839
            ],
            [
              118.5854798,
              24.9387256
            ],
            [
              118.5855089,
              24.9390552
            ],
            [
              118.5852472,
              24.9392354
            ],
            [
              118.5852714,
              24.9388223
            ],
            [
              118.5849612,
              24.9384399
            ],
            [
              118.5845637,
              24.9384136
            ]
          ]
        ]
      },
      "properties": {
        "osm_id": 294978292,
        "building": "yes",
        "building:levels": "",
        "building:flats": "",
        "addr:housenumber": "",
        "area_m2": 9591.17
      }
    },
    {
      "type": "Feature",
      "geometry": {
        "type": "Polygon",
        "coordinates": [
          [
            [
              118.5808246,
              24.9393696
            ],
            [
              118.5810582,
              24.9393402
            ],
            [
              118.5810263,
              24.9391688
            ],
            [
              118.5808853,
              24.9391883
            ],
            [
              118.5808241,
              24.9388252
            ],
            [
              118.5812837,
              24.9387613
            ],
            [
              118.5812599,
              24.9386168
            ],
            [
              118.5814466,
              24.9385914
            ],
            [
              118.5814704,
              24.938736
            ],
            [
              118.5819352,
              24.9386712
            ],
            [
              118.5819964,
              24.9390343
            ],
            [
              118.5818545,
              24.939054
            ],
            [
              118.5818847,
              24.9392314
            ],
            [
              118.5821329,
              24.939198
            ],
            [
              118.5821699,
              24.9394236
            ],
            [
              118.5818564,
              24.9394659
            ],
            [
              118.5818512,
              24.9394343
            ],
            [
              118.5817851,
              24.9394441
            ],
            [
              118.5818159,
              24.9396196
            ],
            [
              118.5812869,
              24.9396965
            ],
            [
              118.5812552,
              24.939516
            ],
            [
              118.5811656,
              24.9395292
            ],
            [
              118.5811714,
              24.9395676
            ],
            [
              118.5808609,
              24.9396067
            ],
            [
              118.5808246,
              24.9393696
            ]
          ]
        ]
      },
      "properties": {
        "osm_id": 294978293,
        "building": "yes",
        "building:levels": "",
        "building:flats": "",
        "addr:housenumber": "",
        "area_m2": 10825.12
      }
    },
    {
      "type": "Feature",
      "geometry": {
        "type": "Polygon",
        "coordinates": [
          [
            [
              118.5877655,
              24.9087562
            ],
            [
              118.5878889,
              24.9087963
            ],
            [
              118.5880391,
              24.90871
            ],
            [
              118.5878205,
              24.9083986
            ],
            [
              118.5875939,
              24.9085287
            ],
            [
              118.5877655,
              24.9087562
            ]
          ]
        ]
      },
      "properties": {
        "osm_id": 295690207,
        "building": "yes",
        "building:levels": "",
        "building:flats": "",
        "addr:housenumber": "",
        "area_m2": 1037.33
      }
    },
    {
      "type": "Feature",
      "geometry": {
        "type": "Polygon",
        "coordinates": [
          [
            [
              118.5919722,
              24.9264298
            ],
            [
              118.5921754,
              24.9263242
            ],
            [
              118.5922754,
              24.9264824
            ],
            [
              118.5920721,
              24.926588
            ],
            [
              118.5919722,
              24.9264298
            ]
          ]
        ]
      },
      "properties": {
        "osm_id": 297052708,
        "building": "school",
        "building:levels": "",
        "building:flats": "",
        "addr:housenumber": "",
        "area_m2": 476.77
      }
    },
    {
      "type": "Feature",
      "geometry": {
        "type": "Polygon",
        "coordinates": [
          [
            [
              118.5912137,
              24.9252378
            ],
            [
              118.5911913,
              24.9251606
            ],
            [
              118.5917651,
              24.9250241
            ],
            [
              118.5917874,
              24.9251012
            ],
            [
              118.5912137,
              24.9252378
            ]
          ]
        ]
      },
      "properties": {
        "osm_id": 297052709,
        "building": "school",
        "building:levels": "",
        "building:flats": "",
        "addr:housenumber": "",
        "area_m2": 528.21
      }
    },
    {
      "type": "Feature",
      "geometry": {
        "type": "Polygon",
        "coordinates": [
          [
            [
              118.5919539,
              24.926403
            ],
            [
              118.5921722,
              24.9262902
            ],
            [
              118.5920864,
              24.9261537
            ],
            [
              118.5918681,
              24.9262665
            ],
            [
              118.5919539,
              24.926403
            ]
          ]
        ]
      },
      "properties": {
        "osm_id": 297052710,
        "building": "school",
        "building:levels": "",
        "building:flats": "",
        "addr:housenumber": "",
        "area_m2": 440.68
      }
    },
    {
      "type": "Feature",
      "geometry": {
        "type": "Polygon",
        "coordinates": [
          [
            [
              118.5914042,
              24.9244985
            ],
            [
              118.5913421,
              24.9243847
            ],
            [
              118.5917205,
              24.9242149
            ],
            [
              118.5917827,
              24.9243287
            ],
            [
              118.5914042,
              24.9244985
            ]
          ]
        ]
      },
      "properties": {
        "osm_id": 297052711,
        "building": "school",
        "building:levels": "",
        "building:flats": "",
        "addr:housenumber": "",
        "area_m2": 598.58
      }
    },
    {
      "type": "Feature",
      "geometry": {
        "type": "Polygon",
        "coordinates": [
          [
            [
              118.5908043,
              24.9245892
            ],
            [
              118.59094,
              24.9245488
            ],
            [
              118.5909867,
              24.924678
            ],
            [
              118.5910885,
              24.9246477
            ],
            [
              118.5909855,
              24.9243624
            ],
            [
              118.5907479,
              24.924433
            ],
            [
              118.5908043,
              24.9245892
            ]
          ]
        ]
      },
      "properties": {
        "osm_id": 297052712,
        "building": "school",
        "building:levels": "",
        "building:flats": "",
        "addr:housenumber": "",
        "area_m2": 621.23
      }
    },
    {
      "type": "Feature",
      "geometry": {
        "type": "Polygon",
        "coordinates": [
          [
            [
              118.5913328,
              24.9242837
            ],
            [
              118.5911874,
              24.9240752
            ],
            [
              118.5914184,
              24.9239428
            ],
            [
              118.59148,
              24.9240312
            ],
            [
              118.5913256,
              24.9241197
            ],
            [
              118.5914094,
              24.9242398
            ],
            [
              118.5913328,
              24.9242837
            ]
          ]
        ]
      },
      "properties": {
        "osm_id": 297052713,
        "building": "school",
        "building:levels": "",
        "building:flats": "",
        "addr:housenumber": "",
        "area_m2": 462.72
      }
    },
    {
      "type": "Feature",
      "geometry": {
        "type": "Polygon",
        "coordinates": [
          [
            [
              118.5915022,
              24.9260094
            ],
            [
              118.5923975,
              24.9255517
            ],
            [
              118.592158,
              24.9251664
            ],
            [
              118.5920515,
              24.9252209
            ],
            [
              118.5922057,
              24.925469
            ],
            [
              118.5914169,
              24.9258722
            ],
            [
              118.5915022,
              24.9260094
            ]
          ]
        ]
      },
      "properties": {
        "osm_id": 297052714,
        "building": "school",
        "building:levels": "",
        "building:flats": "",
        "addr:housenumber": "",
        "area_m2": 2195.62
      }
    },
    {
      "type": "Feature",
      "geometry": {
        "type": "Polygon",
        "coordinates": [
          [
            [
              118.5914023,
              24.9255697
            ],
            [
              118.5918504,
              24.9254782
            ],
            [
              118.5918297,
              24.925395
            ],
            [
              118.5920049,
              24.9253593
            ],
            [
              118.5919875,
              24.9252894
            ],
            [
              118.59176,
              24.9253358
            ],
            [
              118.591778,
              24.9254083
            ],
            [
              118.5913822,
              24.9254891
            ],
            [
              118.5914023,
              24.9255697
            ]
          ]
        ]
      },
      "properties": {
        "osm_id": 297052715,
        "building": "school",
        "building:levels": "",
        "building:flats": "",
        "addr:housenumber": "",
        "area_m2": 611.78
      }
    },
    {
      "type": "Feature",
      "geometry": {
        "type": "Polygon",
        "coordinates": [
          [
            [
              118.5819837,
              24.9310939
            ],
            [
              118.5819812,
              24.9308189
            ],
            [
              118.5822796,
              24.9308167
            ],
            [
              118.5822821,
              24.9310917
            ],
            [
              118.5819837,
              24.9310939
            ]
          ]
        ]
      },
      "properties": {
        "osm_id": 297539094,
        "building": "yes",
        "building:levels": "",
        "building:flats": "",
        "addr:housenumber": "",
        "area_m2": 916.12
      }
    },
    {
      "type": "Feature",
      "geometry": {
        "type": "Polygon",
        "coordinates": [
          [
            [
              118.5617925,
              24.9761209
            ],
            [
              118.5618657,
              24.9755049
            ],
            [
              118.5625151,
              24.9755591
            ],
            [
              118.5625264,
              24.9754945
            ],
            [
              118.5633052,
              24.9755724
            ],
            [
              118.5640863,
              24.9756505
            ],
            [
              118.5640825,
              24.9757067
            ],
            [
              118.5647499,
              24.975776
            ],
            [
              118.5646613,
              24.976397
            ],
            [
              118.5617925,
              24.9761209
            ]
          ]
        ]
      },
      "properties": {
        "osm_id": 328910118,
        "building": "train_station",
        "building:levels": "",
        "building:flats": "",
        "addr:housenumber": "",
        "area_m2": 21341.37
      }
    },
    {
      "type": "Feature",
      "geometry": {
        "type": "Polygon",
        "coordinates": [
          [
            [
              118.5937537,
              24.8861704
            ],
            [
              118.594317,
              24.8859437
            ],
            [
              118.5943551,
              24.8860216
            ],
            [
              118.5955601,
              24.8855242
            ],
            [
              118.5955271,
              24.8854567
            ],
            [
              118.5960199,
              24.8852584
            ],
            [
              118.595579,
              24.8843763
            ],
            [
              118.5954059,
              24.884324
            ],
            [
              118.59349,
              24.8851014
            ],
            [
              118.593387,
              24.8853929
            ],
            [
              118.5937537,
              24.8861704
            ]
          ]
        ]
      },
      "properties": {
        "osm_id": 329420563,
        "building": "retail",
        "building:levels": "",
        "building:flats": "",
        "addr:housenumber": "",
        "area_m2": 30463.08
      }
    },
    {
      "type": "Feature",
      "geometry": {
        "type": "Polygon",
        "coordinates": [
          [
            [
              118.5807814,
              24.9173455
            ],
            [
              118.5812079,
              24.9173514
            ],
            [
              118.5812132,
              24.9170401
            ],
            [
              118.5807867,
              24.9170342
            ],
            [
              118.5807814,
              24.9173455
            ]
          ]
        ]
      },
      "properties": {
        "osm_id": 329620573,
        "building": "temple",
        "building:levels": "",
        "building:flats": "",
        "addr:housenumber": "176",
        "area_m2": 1482.49
      }
    },
    {
      "type": "Feature",
      "geometry": {
        "type": "Polygon",
        "coordinates": [
          [
            [
              118.5808802,
              24.9177135
            ],
            [
              118.5811127,
              24.9177142
            ],
            [
              118.581113,
              24.9174669
            ],
            [
              118.5808813,
              24.9174657
            ],
            [
              118.5808802,
              24.9177135
            ]
          ]
        ]
      },
      "properties": {
        "osm_id": 329620574,
        "building": "temple",
        "building:levels": "",
        "building:flats": "",
        "addr:housenumber": "",
        "area_m2": 641.41
      }
    },
    {
      "type": "Feature",
      "geometry": {
        "type": "Polygon",
        "coordinates": [
          [
            [
              118.5808762,
              24.9163845
            ],
            [
              118.5810161,
              24.916384
            ],
            [
              118.5811526,
              24.9163835
            ],
            [
              118.5811519,
              24.9162275
            ],
            [
              118.5810154,
              24.916228
            ],
            [
              118.5808755,
              24.9162286
            ],
            [
              118.5808762,
              24.9163845
            ]
          ]
        ]
      },
      "properties": {
        "osm_id": 329620575,
        "building": "yes",
        "building:levels": "",
        "building:flats": "",
        "addr:housenumber": "",
        "area_m2": 481.27
      }
    },
    {
      "type": "Feature",
      "geometry": {
        "type": "Polygon",
        "coordinates": [
          [
            [
              118.6092533,
              24.8986325
            ],
            [
              118.6095871,
              24.8984615
            ],
            [
              118.6096482,
              24.8985597
            ],
            [
              118.6093145,
              24.8987308
            ],
            [
              118.6092533,
              24.8986325
            ]
          ]
        ]
      },
      "properties": {
        "osm_id": 389824544,
        "building": "house",
        "building:levels": "5",
        "building:flats": "",
        "addr:housenumber": "1号",
        "area_m2": 482.82
      }
    },
    {
      "type": "Feature",
      "geometry": {
        "type": "Polygon",
        "coordinates": [
          [
            [
              118.5873109,
              24.9057179
            ],
            [
              118.5874542,
              24.9056234
            ],
            [
              118.5873223,
              24.905459
            ],
            [
              118.5871791,
              24.9055535
            ],
            [
              118.5873109,
              24.9057179
            ]
          ]
        ]
      },
      "properties": {
        "osm_id": 463338027,
        "building": "mosque",
        "building:levels": "",
        "building:flats": "",
        "addr:housenumber": "",
        "area_m2": 401.99
      }
    },
    {
      "type": "Feature",
      "geometry": {
        "type": "Polygon",
        "coordinates": [
          [
            [
              118.6036115,
              24.9575289
            ],
            [
              118.6039067,
              24.9575673
            ],
            [
              118.603862,
              24.9578497
            ],
            [
              118.6035668,
              24.9578113
            ],
            [
              118.6036115,
              24.9575289
            ]
          ]
        ]
      },
      "properties": {
        "osm_id": 469636426,
        "building": "yes",
        "building:levels": "",
        "building:flats": "",
        "addr:housenumber": "",
        "area_m2": 949.78
      }
    },
    {
      "type": "Feature",
      "geometry": {
        "type": "Polygon",
        "coordinates": [
          [
            [
              118.6029896,
              24.957219
            ],
            [
              118.6033637,
              24.9571208
            ],
            [
              118.6034019,
              24.9572405
            ],
            [
              118.6030277,
              24.9573386
            ],
            [
              118.6029896,
              24.957219
            ]
          ]
        ]
      },
      "properties": {
        "osm_id": 469636429,
        "building": "yes",
        "building:levels": "",
        "building:flats": "",
        "addr:housenumber": "",
        "area_m2": 541.55
      }
    },
    {
      "type": "Feature",
      "geometry": {
        "type": "Polygon",
        "coordinates": [
          [
            [
              118.602786,
              24.9571359
            ],
            [
              118.6034373,
              24.9567388
            ],
            [
              118.6035054,
              24.9568306
            ],
            [
              118.6028542,
              24.9572278
            ],
            [
              118.602786,
              24.9571359
            ]
          ]
        ]
      },
      "properties": {
        "osm_id": 469636435,
        "building": "yes",
        "building:levels": "",
        "building:flats": "",
        "addr:housenumber": "",
        "area_m2": 969.9
      }
    },
    {
      "type": "Feature",
      "geometry": {
        "type": "Polygon",
        "coordinates": [
          [
            [
              118.5696513,
              24.9164356
            ],
            [
              118.5695305,
              24.916346
            ],
            [
              118.569461,
              24.916423
            ],
            [
              118.5695818,
              24.9165126
            ],
            [
              118.5695413,
              24.9165576
            ],
            [
              118.5696702,
              24.9166532
            ],
            [
              118.5698215,
              24.9167656
            ],
            [
              118.5698621,
              24.9167206
            ],
            [
              118.5699785,
              24.9168069
            ],
            [
              118.5700479,
              24.9167299
            ],
            [
              118.5699316,
              24.9166436
            ],
            [
              118.5699869,
              24.9165823
            ],
            [
              118.5698337,
              24.9164686
            ],
            [
              118.5697066,
              24.9163743
            ],
            [
              118.5696513,
              24.9164356
            ]
          ]
        ]
      },
      "properties": {
        "osm_id": 470484041,
        "building": "yes",
        "building:levels": "",
        "building:flats": "",
        "addr:housenumber": "",
        "area_m2": 1297.63
      }
    },
    {
      "type": "Feature",
      "geometry": {
        "type": "Polygon",
        "coordinates": [
          [
            [
              118.6547798,
              24.8772699
            ],
            [
              118.6547656,
              24.8775574
            ],
            [
              118.6550043,
              24.8775671
            ],
            [
              118.6550186,
              24.8772796
            ],
            [
              118.6547798,
              24.8772699
            ]
          ]
        ]
      },
      "properties": {
        "osm_id": 473744077,
        "building": "yes",
        "building:levels": "",
        "building:flats": "",
        "addr:housenumber": "",
        "area_m2": 767.8
      }
    },
    {
      "type": "Feature",
      "geometry": {
        "type": "Polygon",
        "coordinates": [
          [
            [
              118.6541334,
              24.8770265
            ],
            [
              118.6541844,
              24.8772334
            ],
            [
              118.6544124,
              24.8771871
            ],
            [
              118.6543614,
              24.8769803
            ],
            [
              118.6541334,
              24.8770265
            ]
          ]
        ]
      },
      "properties": {
        "osm_id": 473744078,
        "building": "yes",
        "building:levels": "",
        "building:flats": "",
        "addr:housenumber": "",
        "area_m2": 552.81
      }
    },
    {
      "type": "Feature",
      "geometry": {
        "type": "Polygon",
        "coordinates": [
          [
            [
              118.6532068,
              24.8766409
            ],
            [
              118.6530167,
              24.8763874
            ],
            [
              118.6528319,
              24.8765015
            ],
            [
              118.6530474,
              24.8767888
            ],
            [
              118.6530062,
              24.8768142
            ],
            [
              118.653051,
              24.8768739
            ],
            [
              118.6533944,
              24.8770017
            ],
            [
              118.6535661,
              24.8769681
            ],
            [
              118.6535551,
              24.8769215
            ],
            [
              118.6539338,
              24.8768267
            ],
            [
              118.6539059,
              24.8767347
            ],
            [
              118.6539955,
              24.8767123
            ],
            [
              118.6539777,
              24.8766539
            ],
            [
              118.6541251,
              24.876617
            ],
            [
              118.6541139,
              24.8765802
            ],
            [
              118.6534739,
              24.8767403
            ],
            [
              118.6532068,
              24.8766409
            ]
          ]
        ]
      },
      "properties": {
        "osm_id": 473744079,
        "building": "hospital",
        "building:levels": "",
        "building:flats": "",
        "addr:housenumber": "",
        "area_m2": 3198.84
      }
    },
    {
      "type": "Feature",
      "geometry": {
        "type": "Polygon",
        "coordinates": [
          [
            [
              118.6529338,
              24.8763069
            ],
            [
              118.6520996,
              24.8751948
            ],
            [
              118.6520536,
              24.8752233
            ],
            [
              118.6517858,
              24.8748663
            ],
            [
              118.6512975,
              24.8751678
            ],
            [
              118.6523994,
              24.8766368
            ],
            [
              118.6529338,
              24.8763069
            ]
          ]
        ]
      },
      "properties": {
        "osm_id": 473744080,
        "building": "hospital",
        "building:levels": "",
        "building:flats": "",
        "addr:housenumber": "",
        "area_m2": 12553.12
      }
    },
    {
      "type": "Feature",
      "geometry": {
        "type": "Polygon",
        "coordinates": [
          [
            [
              118.5905844,
              24.9110527
            ],
            [
              118.5909075,
              24.9109921
            ],
            [
              118.5909362,
              24.9111176
            ],
            [
              118.5906131,
              24.9111783
            ],
            [
              118.5905844,
              24.9110527
            ]
          ]
        ]
      },
      "properties": {
        "osm_id": 481713032,
        "building": "yes",
        "building:levels": "",
        "building:flats": "",
        "addr:housenumber": "",
        "area_m2": 472.27
      }
    },
    {
      "type": "Feature",
      "geometry": {
        "type": "Polygon",
        "coordinates": [
          [
            [
              118.5903393,
              24.9106561
            ],
            [
              118.5905999,
              24.9106129
            ],
            [
              118.5905492,
              24.9103831
            ],
            [
              118.5902976,
              24.9104264
            ],
            [
              118.5903393,
              24.9106561
            ]
          ]
        ]
      },
      "properties": {
        "osm_id": 481713034,
        "building": "yes",
        "building:levels": "",
        "building:flats": "",
        "addr:housenumber": "",
        "area_m2": 679.14
      }
    },
    {
      "type": "Feature",
      "geometry": {
        "type": "Polygon",
        "coordinates": [
          [
            [
              118.5905323,
              24.9107274
            ],
            [
              118.5905671,
              24.9108965
            ],
            [
              118.5908324,
              24.9108516
            ],
            [
              118.5907976,
              24.9106825
            ],
            [
              118.5905323,
              24.9107274
            ]
          ]
        ]
      },
      "properties": {
        "osm_id": 481713039,
        "building": "yes",
        "building:levels": "",
        "building:flats": "",
        "addr:housenumber": "",
        "area_m2": 518.25
      }
    },
    {
      "type": "Feature",
      "geometry": {
        "type": "Polygon",
        "coordinates": [
          [
            [
              118.6061643,
              24.8882566
            ],
            [
              118.6063605,
              24.8884549
            ],
            [
              118.6065172,
              24.8885686
            ],
            [
              118.6066543,
              24.8886443
            ],
            [
              118.6068372,
              24.8887145
            ],
            [
              118.6070042,
              24.8887523
            ],
            [
              118.6072009,
              24.888774
            ],
            [
              118.6073768,
              24.8887766
            ],
            [
              118.6075465,
              24.8887578
            ],
            [
              118.6078059,
              24.8886847
            ],
            [
              118.607816,
              24.8886741
            ],
            [
              118.6075585,
              24.8886038
            ],
            [
              118.6075764,
              24.8885873
            ],
            [
              118.6076211,
              24.8885901
            ],
            [
              118.6076479,
              24.888574
            ],
            [
              118.6076718,
              24.8885416
            ],
            [
              118.6076747,
              24.8884766
            ],
            [
              118.6076389,
              24.8884443
            ],
            [
              118.6076062,
              24.8884388
            ],
            [
              118.6075823,
              24.8884468
            ],
            [
              118.6075496,
              24.8884551
            ],
            [
              118.607496,
              24.8884415
            ],
            [
              118.6075079,
              24.8883766
            ],
            [
              118.6066096,
              24.8881619
            ],
            [
              118.6065887,
              24.8882269
            ],
            [
              118.6065411,
              24.8882133
            ],
            [
              118.6065083,
              24.8881619
            ],
            [
              118.6064606,
              24.8881566
            ],
            [
              118.606401,
              24.8881727
            ],
            [
              118.6063694,
              24.8882332
            ],
            [
              118.6063724,
              24.8882765
            ],
            [
              118.6063902,
              24.8883062
            ],
            [
              118.6061643,
              24.8882566
            ]
          ]
        ]
      },
      "properties": {
        "osm_id": 481713045,
        "building": "yes",
        "building:levels": "",
        "building:flats": "",
        "addr:housenumber": "",
        "area_m2": 6407.13
      }
    },
    {
      "type": "Feature",
      "geometry": {
        "type": "Polygon",
        "coordinates": [
          [
            [
              118.6194608,
              24.9103914
            ],
            [
              118.6210559,
              24.9100501
            ],
            [
              118.6211452,
              24.9103656
            ],
            [
              118.6196582,
              24.910694
            ],
            [
              118.619629,
              24.9105763
            ],
            [
              118.6195753,
              24.9105926
            ],
            [
              118.6195509,
              24.9105104
            ],
            [
              118.6195032,
              24.9105318
            ],
            [
              118.6194608,
              24.9103914
            ]
          ]
        ]
      },
      "properties": {
        "osm_id": 481713047,
        "building": "yes",
        "building:levels": "",
        "building:flats": "",
        "addr:housenumber": "",
        "area_m2": 5860.15
      }
    },
    {
      "type": "Feature",
      "geometry": {
        "type": "Polygon",
        "coordinates": [
          [
            [
              118.5891429,
              24.9108066
            ],
            [
              118.5895391,
              24.9116121
            ],
            [
              118.5896782,
              24.9115634
            ],
            [
              118.5896391,
              24.9114959
            ],
            [
              118.5896166,
              24.9115022
            ],
            [
              118.5892585,
              24.9107607
            ],
            [
              118.5891429,
              24.9108066
            ]
          ]
        ]
      },
      "properties": {
        "osm_id": 481713050,
        "building": "yes",
        "building:levels": "",
        "building:flats": "",
        "addr:housenumber": "",
        "area_m2": 1235.78
      }
    },
    {
      "type": "Feature",
      "geometry": {
        "type": "Polygon",
        "coordinates": [
          [
            [
              118.6201295,
              24.9096176
            ],
            [
              118.6210081,
              24.9094337
            ],
            [
              118.6210975,
              24.9097959
            ],
            [
              118.6202249,
              24.9099905
            ],
            [
              118.6201295,
              24.9096176
            ]
          ]
        ]
      },
      "properties": {
        "osm_id": 481713051,
        "building": "yes",
        "building:levels": "",
        "building:flats": "",
        "addr:housenumber": "",
        "area_m2": 3787.85
      }
    },
    {
      "type": "Feature",
      "geometry": {
        "type": "Polygon",
        "coordinates": [
          [
            [
              118.6192272,
              24.9098012
            ],
            [
              118.6200278,
              24.9096346
            ],
            [
              118.6201117,
              24.9100068
            ],
            [
              118.6193165,
              24.9101817
            ],
            [
              118.6192272,
              24.9098012
            ]
          ]
        ]
      },
      "properties": {
        "osm_id": 481713054,
        "building": "yes",
        "building:levels": "",
        "building:flats": "",
        "addr:housenumber": "",
        "area_m2": 3517.28
      }
    },
    {
      "type": "Feature",
      "geometry": {
        "type": "Polygon",
        "coordinates": [
          [
            [
              118.5891081,
              24.9104191
            ],
            [
              118.5900761,
              24.9102216
            ],
            [
              118.5901028,
              24.910338
            ],
            [
              118.5891439,
              24.9105353
            ],
            [
              118.5891081,
              24.9104191
            ]
          ]
        ]
      },
      "properties": {
        "osm_id": 481717664,
        "building": "yes",
        "building:levels": "",
        "building:flats": "",
        "addr:housenumber": "",
        "area_m2": 1319.7
      }
    },
    {
      "type": "Feature",
      "geometry": {
        "type": "Polygon",
        "coordinates": [
          [
            [
              118.6024599,
              24.9068036
            ],
            [
              118.6027161,
              24.906674
            ],
            [
              118.6028041,
              24.9068133
            ],
            [
              118.6025456,
              24.9069477
            ],
            [
              118.6024599,
              24.9068036
            ]
          ]
        ]
      },
      "properties": {
        "osm_id": 481719838,
        "building": "yes",
        "building:levels": "",
        "building:flats": "",
        "addr:housenumber": "",
        "area_m2": 535.06
      }
    },
    {
      "type": "Feature",
      "geometry": {
        "type": "Polygon",
        "coordinates": [
          [
            [
              118.6023982,
              24.9065528
            ],
            [
              118.6028142,
              24.9063341
            ],
            [
              118.6029579,
              24.906601
            ],
            [
              118.6027852,
              24.9066876
            ],
            [
              118.6027426,
              24.9066226
            ],
            [
              118.602517,
              24.9067363
            ],
            [
              118.6023982,
              24.9065528
            ]
          ]
        ]
      },
      "properties": {
        "osm_id": 481719840,
        "building": "yes",
        "building:levels": "",
        "building:flats": "",
        "addr:housenumber": "",
        "area_m2": 1310.26
      }
    },
    {
      "type": "Feature",
      "geometry": {
        "type": "Polygon",
        "coordinates": [
          [
            [
              118.6029347,
              24.9065093
            ],
            [
              118.603069,
              24.9064441
            ],
            [
              118.6031077,
              24.9063673
            ],
            [
              118.6032508,
              24.9064036
            ],
            [
              118.6032968,
              24.9064749
            ],
            [
              118.6033313,
              24.9064631
            ],
            [
              118.6033536,
              24.9065235
            ],
            [
              118.6032479,
              24.9066063
            ],
            [
              118.6030347,
              24.906702
            ],
            [
              118.6029347,
              24.9065093
            ]
          ]
        ]
      },
      "properties": {
        "osm_id": 481719841,
        "building": "yes",
        "building:levels": "",
        "building:flats": "",
        "addr:housenumber": "",
        "area_m2": 864.86
      }
    },
    {
      "type": "Feature",
      "geometry": {
        "type": "Polygon",
        "coordinates": [
          [
            [
              118.58734,
              24.9251085
            ],
            [
              118.5873284,
              24.9249904
            ],
            [
              118.5873687,
              24.9249871
            ],
            [
              118.5873667,
              24.9249666
            ],
            [
              118.5875415,
              24.9249525
            ],
            [
              118.5875435,
              24.9249726
            ],
            [
              118.5875842,
              24.9249694
            ],
            [
              118.5875959,
              24.9250887
            ],
            [
              118.5875457,
              24.9250928
            ],
            [
              118.5875476,
              24.9251117
            ],
            [
              118.5873914,
              24.9251244
            ],
            [
              118.5873895,
              24.9251045
            ],
            [
              118.58734,
              24.9251085
            ]
          ]
        ]
      },
      "properties": {
        "osm_id": 481741960,
        "building": "yes",
        "building:levels": "",
        "building:flats": "",
        "addr:housenumber": "",
        "area_m2": 415.91
      }
    },
    {
      "type": "Feature",
      "geometry": {
        "type": "Polygon",
        "coordinates": [
          [
            [
              118.5820685,
              24.9177328
            ],
            [
              118.5823032,
              24.9176931
            ],
            [
              118.5822442,
              24.9174062
            ],
            [
              118.5820095,
              24.9174458
            ],
            [
              118.5820685,
              24.9177328
            ]
          ]
        ]
      },
      "properties": {
        "osm_id": 496703730,
        "building": "yes",
        "building:levels": "2",
        "building:flats": "",
        "addr:housenumber": "",
        "area_m2": 777.93
      }
    },
    {
      "type": "Feature",
      "geometry": {
        "type": "Polygon",
        "coordinates": [
          [
            [
              118.5817158,
              24.9178163
            ],
            [
              118.5820106,
              24.9177706
            ],
            [
              118.5819165,
              24.9172709
            ],
            [
              118.5816217,
              24.9173166
            ],
            [
              118.5817158,
              24.9178163
            ]
          ]
        ]
      },
      "properties": {
        "osm_id": 496703731,
        "building": "yes",
        "building:levels": "",
        "building:flats": "",
        "addr:housenumber": "",
        "area_m2": 1692.48
      }
    },
    {
      "type": "Feature",
      "geometry": {
        "type": "Polygon",
        "coordinates": [
          [
            [
              118.6580921,
              24.9298569
            ],
            [
              118.6580617,
              24.9293203
            ],
            [
              118.65879,
              24.9292378
            ],
            [
              118.659579,
              24.9289764
            ],
            [
              118.6599735,
              24.9289764
            ],
            [
              118.6603376,
              24.9293479
            ],
            [
              118.660368,
              24.9296918
            ],
            [
              118.6599735,
              24.9299533
            ],
            [
              118.6595486,
              24.9300633
            ],
            [
              118.6590328,
              24.9298707
            ],
            [
              118.6580921,
              24.9298569
            ]
          ]
        ]
      },
      "properties": {
        "osm_id": 538349873,
        "building": "yes",
        "building:levels": "",
        "building:flats": "",
        "addr:housenumber": "",
        "area_m2": 19300.23
      }
    },
    {
      "type": "Feature",
      "geometry": {
        "type": "Polygon",
        "coordinates": [
          [
            [
              118.6546322,
              24.9239436
            ],
            [
              118.6529785,
              24.9226197
            ],
            [
              118.6536848,
              24.9218942
            ],
            [
              118.6553384,
              24.923218
            ],
            [
              118.6546322,
              24.9239436
            ]
          ]
        ]
      },
      "properties": {
        "osm_id": 538349885,
        "building": "yes",
        "building:levels": "",
        "building:flats": "",
        "addr:housenumber": "",
        "area_m2": 23831.06
      }
    },
    {
      "type": "Feature",
      "geometry": {
        "type": "Polygon",
        "coordinates": [
          [
            [
              118.6641748,
              24.9498039
            ],
            [
              118.6641426,
              24.9494877
            ],
            [
              118.6644966,
              24.9491618
            ],
            [
              118.664679,
              24.9489089
            ],
            [
              118.6649151,
              24.9484371
            ],
            [
              118.6652799,
              24.9483642
            ],
            [
              118.6650009,
              24.9490305
            ],
            [
              118.6646898,
              24.9494634
            ],
            [
              118.6641748,
              24.9498039
            ]
          ]
        ]
      },
      "properties": {
        "osm_id": 538390402,
        "building": "yes",
        "building:levels": "",
        "building:flats": "",
        "addr:housenumber": "",
        "area_m2": 5737.36
      }
    },
    {
      "type": "Feature",
      "geometry": {
        "type": "Polygon",
        "coordinates": [
          [
            [
              118.6419096,
              24.9372706
            ],
            [
              118.6419897,
              24.9369801
            ],
            [
              118.6424702,
              24.936844
            ],
            [
              118.6426704,
              24.937089
            ],
            [
              118.6425903,
              24.9373341
            ],
            [
              118.6421098,
              24.937434
            ],
            [
              118.6419096,
              24.9372706
            ]
          ]
        ]
      },
      "properties": {
        "osm_id": 538390588,
        "building": "yes",
        "building:levels": "",
        "building:flats": "",
        "addr:housenumber": "",
        "area_m2": 3471.08
      }
    },
    {
      "type": "Feature",
      "geometry": {
        "type": "Polygon",
        "coordinates": [
          [
            [
              118.6491954,
              24.9341638
            ],
            [
              118.6477698,
              24.9321408
            ],
            [
              118.648617,
              24.9316499
            ],
            [
              118.6500426,
              24.9336729
            ],
            [
              118.6491954,
              24.9341638
            ]
          ]
        ]
      },
      "properties": {
        "osm_id": 538390594,
        "building": "warehouse",
        "building:levels": "",
        "building:flats": "",
        "addr:housenumber": "",
        "area_m2": 26944.92
      }
    },
    {
      "type": "Feature",
      "geometry": {
        "type": "Polygon",
        "coordinates": [
          [
            [
              118.6526786,
              24.9247371
            ],
            [
              118.6515512,
              24.9235232
            ],
            [
              118.6518867,
              24.9232669
            ],
            [
              118.6530141,
              24.9244808
            ],
            [
              118.6526786,
              24.9247371
            ]
          ]
        ]
      },
      "properties": {
        "osm_id": 538390600,
        "building": "yes",
        "building:levels": "",
        "building:flats": "",
        "addr:housenumber": "",
        "area_m2": 7772.05
      }
    },
    {
      "type": "Feature",
      "geometry": {
        "type": "Polygon",
        "coordinates": [
          [
            [
              118.6512013,
              24.9284891
            ],
            [
              118.650581,
              24.9277925
            ],
            [
              118.651606,
              24.9270419
            ],
            [
              118.6522263,
              24.9277385
            ],
            [
              118.6512013,
              24.9284891
            ]
          ]
        ]
      },
      "properties": {
        "osm_id": 538390627,
        "building": "yes",
        "building:levels": "",
        "building:flats": "",
        "addr:housenumber": "",
        "area_m2": 13168.33
      }
    },
    {
      "type": "Feature",
      "geometry": {
        "type": "Polygon",
        "coordinates": [
          [
            [
              118.6246985,
              24.9066213
            ],
            [
              118.6247423,
              24.9065179
            ],
            [
              118.6247458,
              24.9064073
            ],
            [
              118.6247088,
              24.9063018
            ],
            [
              118.6246355,
              24.9062133
            ],
            [
              118.624534,
              24.9061518
            ],
            [
              118.6244158,
              24.9061243
            ],
            [
              118.6242941,
              24.9061337
            ],
            [
              118.6241828,
              24.9061791
            ],
            [
              118.6240943,
              24.9062553
            ],
            [
              118.6240385,
              24.9063537
            ],
            [
              118.6240218,
              24.9064634
            ],
            [
              118.624046,
              24.9065719
            ],
            [
              118.6240947,
              24.9066515
            ],
            [
              118.6241655,
              24.906716
            ],
            [
              118.6242738,
              24.9067672
            ],
            [
              118.6243946,
              24.906783
            ],
            [
              118.6245143,
              24.9067618
            ],
            [
              118.6246196,
              24.9067057
            ],
            [
              118.6246985,
              24.9066213
            ]
          ]
        ]
      },
      "properties": {
        "osm_id": 538390704,
        "building": "yes",
        "building:levels": "",
        "building:flats": "",
        "addr:housenumber": "",
        "area_m2": 4134.05
      }
    },
    {
      "type": "Feature",
      "geometry": {
        "type": "Polygon",
        "coordinates": [
          [
            [
              118.624046,
              24.9065719
            ],
            [
              118.6239079,
              24.9067882
            ],
            [
              118.623738,
              24.9067112
            ],
            [
              118.6236248,
              24.9069102
            ],
            [
              118.6240637,
              24.9071478
            ],
            [
              118.6240778,
              24.9068717
            ],
            [
              118.6241655,
              24.906716
            ],
            [
              118.6240947,
              24.9066515
            ],
            [
              118.624046,
              24.9065719
            ]
          ]
        ]
      },
      "properties": {
        "osm_id": 538390706,
        "building": "yes",
        "building:levels": "",
        "building:flats": "",
        "addr:housenumber": "",
        "area_m2": 1610.04
      }
    },
    {
      "type": "Feature",
      "geometry": {
        "type": "Polygon",
        "coordinates": [
          [
            [
              118.632458,
              24.9215431
            ],
            [
              118.6308221,
              24.919841
            ],
            [
              118.6311135,
              24.9196107
            ],
            [
              118.6327494,
              24.9213128
            ],
            [
              118.632458,
              24.9215431
            ]
          ]
        ]
      },
      "properties": {
        "osm_id": 538390758,
        "building": "yes",
        "building:levels": "",
        "building:flats": "",
        "addr:housenumber": "",
        "area_m2": 9742.63
      }
    },
    {
      "type": "Feature",
      "geometry": {
        "type": "Polygon",
        "coordinates": [
          [
            [
              118.6463979,
              24.9109622
            ],
            [
              118.6463728,
              24.9106051
            ],
            [
              118.6468134,
              24.9105797
            ],
            [
              118.6468384,
              24.9109368
            ],
            [
              118.6463979,
              24.9109622
            ]
          ]
        ]
      },
      "properties": {
        "osm_id": 538390770,
        "building": "yes",
        "building:levels": "",
        "building:flats": "",
        "addr:housenumber": "",
        "area_m2": 1763.31
      }
    },
    {
      "type": "Feature",
      "geometry": {
        "type": "Polygon",
        "coordinates": [
          [
            [
              118.6560348,
              24.9526127
            ],
            [
              118.6571399,
              24.9525688
            ],
            [
              118.6577216,
              24.9528412
            ],
            [
              118.6570818,
              24.9539223
            ],
            [
              118.6564226,
              24.9531489
            ],
            [
              118.6559572,
              24.95285
            ],
            [
              118.6560348,
              24.9526127
            ]
          ]
        ]
      },
      "properties": {
        "osm_id": 538390791,
        "building": "warehouse",
        "building:levels": "",
        "building:flats": "",
        "addr:housenumber": "",
        "area_m2": 13862.17
      }
    },
    {
      "type": "Feature",
      "geometry": {
        "type": "Polygon",
        "coordinates": [
          [
            [
              118.6443314,
              24.9323653
            ],
            [
              118.6439343,
              24.9319355
            ],
            [
              118.6440806,
              24.9318244
            ],
            [
              118.6441798,
              24.9319318
            ],
            [
              118.6443622,
              24.9317932
            ],
            [
              118.6446601,
              24.9321156
            ],
            [
              118.6443314,
              24.9323653
            ]
          ]
        ]
      },
      "properties": {
        "osm_id": 538390796,
        "building": "yes",
        "building:levels": "",
        "building:flats": "",
        "addr:housenumber": "",
        "area_m2": 2311.69
      }
    },
    {
      "type": "Feature",
      "geometry": {
        "type": "Polygon",
        "coordinates": [
          [
            [
              118.6663152,
              24.9327484
            ],
            [
              118.6660993,
              24.932312
            ],
            [
              118.666487,
              24.9321543
            ],
            [
              118.6667029,
              24.9325907
            ],
            [
              118.6663152,
              24.9327484
            ]
          ]
        ]
      },
      "properties": {
        "osm_id": 538394101,
        "building": "yes",
        "building:levels": "",
        "building:flats": "",
        "addr:housenumber": "",
        "area_m2": 2268.82
      }
    },
    {
      "type": "Feature",
      "geometry": {
        "type": "Polygon",
        "coordinates": [
          [
            [
              118.6738013,
              24.8792175
            ],
            [
              118.6739939,
              24.8788807
            ],
            [
              118.6743372,
              24.8790422
            ],
            [
              118.6745605,
              24.8786514
            ],
            [
              118.6742082,
              24.8784857
            ],
            [
              118.67453,
              24.8779226
            ],
            [
              118.6752218,
              24.8782479
            ],
            [
              118.6744844,
              24.8795387
            ],
            [
              118.6738013,
              24.8792175
            ]
          ]
        ]
      },
      "properties": {
        "osm_id": 538404391,
        "building": "yes",
        "building:levels": "",
        "building:flats": "",
        "addr:housenumber": "",
        "area_m2": 10655.51
      }
    },
    {
      "type": "Feature",
      "geometry": {
        "type": "Polygon",
        "coordinates": [
          [
            [
              118.6797295,
              24.8731744
            ],
            [
              118.6795807,
              24.8734049
            ],
            [
              118.680128,
              24.8736957
            ],
            [
              118.6802768,
              24.8734653
            ],
            [
              118.6797295,
              24.8731744
            ]
          ]
        ]
      },
      "properties": {
        "osm_id": 538404399,
        "building": "yes",
        "building:levels": "",
        "building:flats": "",
        "addr:housenumber": "",
        "area_m2": 1891.1
      }
    },
    {
      "type": "Feature",
      "geometry": {
        "type": "Polygon",
        "coordinates": [
          [
            [
              118.6761862,
              24.8738997
            ],
            [
              118.6763421,
              24.8736315
            ],
            [
              118.676806,
              24.8738535
            ],
            [
              118.6766502,
              24.8741217
            ],
            [
              118.6761862,
              24.8738997
            ]
          ]
        ]
      },
      "properties": {
        "osm_id": 538404400,
        "building": "yes",
        "building:levels": "",
        "building:flats": "",
        "addr:housenumber": "",
        "area_m2": 1775.3
      }
    },
    {
      "type": "Feature",
      "geometry": {
        "type": "Polygon",
        "coordinates": [
          [
            [
              118.6805344,
              24.8715882
            ],
            [
              118.6807543,
              24.8711347
            ],
            [
              118.6812547,
              24.8713345
            ],
            [
              118.6810348,
              24.8717879
            ],
            [
              118.6805344,
              24.8715882
            ]
          ]
        ]
      },
      "properties": {
        "osm_id": 538404618,
        "building": "construction",
        "building:levels": "",
        "building:flats": "",
        "addr:housenumber": "",
        "area_m2": 3023.36
      }
    },
    {
      "type": "Feature",
      "geometry": {
        "type": "Polygon",
        "coordinates": [
          [
            [
              118.6394665,
              24.8926477
            ],
            [
              118.6394143,
              24.8921975
            ],
            [
              118.6396563,
              24.8921744
            ],
            [
              118.6397084,
              24.8926246
            ],
            [
              118.6394665,
              24.8926477
            ]
          ]
        ]
      },
      "properties": {
        "osm_id": 538404713,
        "building": "yes",
        "building:levels": "",
        "building:flats": "",
        "addr:housenumber": "",
        "area_m2": 1229.42
      }
    },
    {
      "type": "Feature",
      "geometry": {
        "type": "Polygon",
        "coordinates": [
          [
            [
              118.6282947,
              24.882046
            ],
            [
              118.6280776,
              24.8817165
            ],
            [
              118.6284518,
              24.8815213
            ],
            [
              118.6286626,
              24.8818349
            ],
            [
              118.6282947,
              24.882046
            ]
          ]
        ]
      },
      "properties": {
        "osm_id": 538404721,
        "building": "yes",
        "building:levels": "",
        "building:flats": "",
        "addr:housenumber": "",
        "area_m2": 1817.1
      }
    },
    {
      "type": "Feature",
      "geometry": {
        "type": "Polygon",
        "coordinates": [
          [
            [
              118.6426322,
              24.9170781
            ],
            [
              118.6430343,
              24.9167406
            ],
            [
              118.6431847,
              24.916888
            ],
            [
              118.6427826,
              24.9172255
            ],
            [
              118.6426322,
              24.9170781
            ]
          ]
        ]
      },
      "properties": {
        "osm_id": 538427157,
        "building": "yes",
        "building:levels": "",
        "building:flats": "",
        "addr:housenumber": "",
        "area_m2": 1228.29
      }
    },
    {
      "type": "Feature",
      "geometry": {
        "type": "Polygon",
        "coordinates": [
          [
            [
              118.6396424,
              24.9097699
            ],
            [
              118.6393927,
              24.909519
            ],
            [
              118.6398805,
              24.9091196
            ],
            [
              118.6401302,
              24.9093706
            ],
            [
              118.6396424,
              24.9097699
            ]
          ]
        ]
      },
      "properties": {
        "osm_id": 538427172,
        "building": "yes",
        "building:levels": "",
        "building:flats": "",
        "addr:housenumber": "",
        "area_m2": 2479.71
      }
    },
    {
      "type": "Feature",
      "geometry": {
        "type": "Polygon",
        "coordinates": [
          [
            [
              118.5815301,
              24.9127143
            ],
            [
              118.5816749,
              24.9126657
            ],
            [
              118.5817554,
              24.9127849
            ],
            [
              118.5821121,
              24.9126876
            ],
            [
              118.5819646,
              24.9122911
            ],
            [
              118.5813959,
              24.9124686
            ],
            [
              118.5815301,
              24.9127143
            ]
          ]
        ]
      },
      "properties": {
        "osm_id": 543832101,
        "building": "yes",
        "building:levels": "",
        "building:flats": "",
        "addr:housenumber": "",
        "area_m2": 2367.64
      }
    },
    {
      "type": "Feature",
      "geometry": {
        "type": "Polygon",
        "coordinates": [
          [
            [
              118.5832677,
              24.9121095
            ],
            [
              118.5835661,
              24.9120462
            ],
            [
              118.5835305,
              24.9119081
            ],
            [
              118.5832321,
              24.9119714
            ],
            [
              118.5832677,
              24.9121095
            ]
          ]
        ]
      },
      "properties": {
        "osm_id": 544134803,
        "building": "yes",
        "building:levels": "",
        "building:flats": "",
        "addr:housenumber": "",
        "area_m2": 485.18
      }
    },
    {
      "type": "Feature",
      "geometry": {
        "type": "Polygon",
        "coordinates": [
          [
            [
              118.5963568,
              24.8853866
            ],
            [
              118.5972879,
              24.8850127
            ],
            [
              118.5970931,
              24.8846136
            ],
            [
              118.5961621,
              24.8849875
            ],
            [
              118.5963568,
              24.8853866
            ]
          ]
        ]
      },
      "properties": {
        "osm_id": 564535427,
        "building": "commercial",
        "building:levels": "",
        "building:flats": "",
        "addr:housenumber": "",
        "area_m2": 4960.95
      }
    },
    {
      "type": "Feature",
      "geometry": {
        "type": "Polygon",
        "coordinates": [
          [
            [
              118.6001473,
              24.8913057
            ],
            [
              118.5996423,
              24.8914875
            ],
            [
              118.599696,
              24.8916102
            ],
            [
              118.600201,
              24.8914285
            ],
            [
              118.6001473,
              24.8913057
            ]
          ]
        ]
      },
      "properties": {
        "osm_id": 564537432,
        "building": "apartments",
        "building:levels": "",
        "building:flats": "",
        "addr:housenumber": "",
        "area_m2": 800.95
      }
    },
    {
      "type": "Feature",
      "geometry": {
        "type": "Polygon",
        "coordinates": [
          [
            [
              118.6001187,
              24.8910329
            ],
            [
              118.6001715,
              24.8911612
            ],
            [
              118.5995993,
              24.891355
            ],
            [
              118.5995465,
              24.8912267
            ],
            [
              118.6001187,
              24.8910329
            ]
          ]
        ]
      },
      "properties": {
        "osm_id": 564537433,
        "building": "apartments",
        "building:levels": "",
        "building:flats": "",
        "addr:housenumber": "",
        "area_m2": 933.76
      }
    },
    {
      "type": "Feature",
      "geometry": {
        "type": "Polygon",
        "coordinates": [
          [
            [
              118.600599,
              24.8912727
            ],
            [
              118.6009797,
              24.8911102
            ],
            [
              118.600915,
              24.8909856
            ],
            [
              118.6005344,
              24.8911481
            ],
            [
              118.600599,
              24.8912727
            ]
          ]
        ]
      },
      "properties": {
        "osm_id": 564537434,
        "building": "apartments",
        "building:levels": "",
        "building:flats": "",
        "addr:housenumber": "",
        "area_m2": 646.74
      }
    },
    {
      "type": "Feature",
      "geometry": {
        "type": "Polygon",
        "coordinates": [
          [
            [
              118.6004363,
              24.891045
            ],
            [
              118.6008407,
              24.8908789
            ],
            [
              118.6007796,
              24.8907564
            ],
            [
              118.6003752,
              24.8909225
            ],
            [
              118.6004363,
              24.891045
            ]
          ]
        ]
      },
      "properties": {
        "osm_id": 564537435,
        "building": "apartments",
        "building:levels": "",
        "building:flats": "",
        "addr:housenumber": "",
        "area_m2": 666.31
      }
    },
    {
      "type": "Feature",
      "geometry": {
        "type": "Polygon",
        "coordinates": [
          [
            [
              118.5998556,
              24.8919169
            ],
            [
              118.601106,
              24.8914561
            ],
            [
              118.6010187,
              24.8912612
            ],
            [
              118.5997683,
              24.891722
            ],
            [
              118.5998556,
              24.8919169
            ]
          ]
        ]
      },
      "properties": {
        "osm_id": 564537436,
        "building": "apartments",
        "building:levels": "",
        "building:flats": "",
        "addr:housenumber": "",
        "area_m2": 3169.6
      }
    },
    {
      "type": "Feature",
      "geometry": {
        "type": "Polygon",
        "coordinates": [
          [
            [
              118.5994645,
              24.8911432
            ],
            [
              118.6006138,
              24.8907046
            ],
            [
              118.6005504,
              24.890568
            ],
            [
              118.5994011,
              24.8910066
            ],
            [
              118.5994645,
              24.8911432
            ]
          ]
        ]
      },
      "properties": {
        "osm_id": 564537437,
        "building": "apartments",
        "building:levels": "",
        "building:flats": "",
        "addr:housenumber": "",
        "area_m2": 2062.99
      }
    },
    {
      "type": "Feature",
      "geometry": {
        "type": "Polygon",
        "coordinates": [
          [
            [
              118.5987675,
              24.8944663
            ],
            [
              118.5989842,
              24.8943331
            ],
            [
              118.5988678,
              24.8940712
            ],
            [
              118.5986483,
              24.8941591
            ],
            [
              118.5987675,
              24.8944663
            ]
          ]
        ]
      },
      "properties": {
        "osm_id": 564540847,
        "building": "detached",
        "building:levels": "",
        "building:flats": "",
        "addr:housenumber": "",
        "area_m2": 838.17
      }
    },
    {
      "type": "Feature",
      "geometry": {
        "type": "Polygon",
        "coordinates": [
          [
            [
              118.5989842,
              24.8943331
            ],
            [
              118.5992764,
              24.8941606
            ],
            [
              118.5991624,
              24.8939335
            ],
            [
              118.5988509,
              24.8940294
            ],
            [
              118.5989842,
              24.8943331
            ]
          ]
        ]
      },
      "properties": {
        "osm_id": 564540848,
        "building": "yes",
        "building:levels": "",
        "building:flats": "",
        "addr:housenumber": "",
        "area_m2": 1079.54
      }
    },
    {
      "type": "Feature",
      "geometry": {
        "type": "Polygon",
        "coordinates": [
          [
            [
              118.5986202,
              24.8940805
            ],
            [
              118.5991572,
              24.8939038
            ],
            [
              118.5991061,
              24.893776
            ],
            [
              118.5985691,
              24.8939526
            ],
            [
              118.5986202,
              24.8940805
            ]
          ]
        ]
      },
      "properties": {
        "osm_id": 564540850,
        "building": "apartments",
        "building:levels": "",
        "building:flats": "",
        "addr:housenumber": "",
        "area_m2": 867.19
      }
    },
    {
      "type": "Feature",
      "geometry": {
        "type": "Polygon",
        "coordinates": [
          [
            [
              118.5987155,
              24.8936582
            ],
            [
              118.5987619,
              24.8937819
            ],
            [
              118.5985346,
              24.8938521
            ],
            [
              118.5984882,
              24.8937283
            ],
            [
              118.5987155,
              24.8936582
            ]
          ]
        ]
      },
      "properties": {
        "osm_id": 564540851,
        "building": "apartments",
        "building:levels": "",
        "building:flats": "",
        "addr:housenumber": "",
        "area_m2": 350.34
      }
    },
    {
      "type": "Feature",
      "geometry": {
        "type": "Polygon",
        "coordinates": [
          [
            [
              118.5988297,
              24.8937611
            ],
            [
              118.5990449,
              24.8936911
            ],
            [
              118.5989986,
              24.893574
            ],
            [
              118.5987834,
              24.8936439
            ],
            [
              118.5988297,
              24.8937611
            ]
          ]
        ]
      },
      "properties": {
        "osm_id": 564540852,
        "building": "apartments",
        "building:levels": "",
        "building:flats": "",
        "addr:housenumber": "",
        "area_m2": 317.59
      }
    },
    {
      "type": "Feature",
      "geometry": {
        "type": "Polygon",
        "coordinates": [
          [
            [
              118.5984627,
              24.8936221
            ],
            [
              118.5989219,
              24.8934668
            ],
            [
              118.5988668,
              24.8933328
            ],
            [
              118.5984076,
              24.893488
            ],
            [
              118.5984627,
              24.8936221
            ]
          ]
        ]
      },
      "properties": {
        "osm_id": 564540853,
        "building": "apartments",
        "building:levels": "",
        "building:flats": "",
        "addr:housenumber": "",
        "area_m2": 782.66
      }
    },
    {
      "type": "Feature",
      "geometry": {
        "type": "Polygon",
        "coordinates": [
          [
            [
              118.5981755,
              24.892245
            ],
            [
              118.5979674,
              24.8923324
            ],
            [
              118.5977106,
              24.8918292
            ],
            [
              118.5985106,
              24.8914933
            ],
            [
              118.5986005,
              24.8916695
            ],
            [
              118.5980087,
              24.891918
            ],
            [
              118.5981755,
              24.892245
            ]
          ]
        ]
      },
      "properties": {
        "osm_id": 564724256,
        "building": "apartments",
        "building:levels": "",
        "building:flats": "",
        "addr:housenumber": "",
        "area_m2": 2833.32
      }
    },
    {
      "type": "Feature",
      "geometry": {
        "type": "Polygon",
        "coordinates": [
          [
            [
              118.5980911,
              24.8923728
            ],
            [
              118.5988128,
              24.8920717
            ],
            [
              118.5989137,
              24.8922707
            ],
            [
              118.5981921,
              24.8925719
            ],
            [
              118.5980911,
              24.8923728
            ]
          ]
        ]
      },
      "properties": {
        "osm_id": 564724257,
        "building": "apartments",
        "building:levels": "",
        "building:flats": "",
        "addr:housenumber": "",
        "area_m2": 1942.92
      }
    },
    {
      "type": "Feature",
      "geometry": {
        "type": "Polygon",
        "coordinates": [
          [
            [
              118.5999558,
              24.8921026
            ],
            [
              118.6001099,
              24.8920378
            ],
            [
              118.6002216,
              24.8922563
            ],
            [
              118.6010937,
              24.8918894
            ],
            [
              118.6011705,
              24.8920395
            ],
            [
              118.6001442,
              24.8924712
            ],
            [
              118.5999558,
              24.8921026
            ]
          ]
        ]
      },
      "properties": {
        "osm_id": 564724258,
        "building": "apartments",
        "building:levels": "",
        "building:flats": "",
        "addr:housenumber": "",
        "area_m2": 2546.03
      }
    },
    {
      "type": "Feature",
      "geometry": {
        "type": "Polygon",
        "coordinates": [
          [
            [
              118.6001993,
              24.8921292
            ],
            [
              118.6001491,
              24.8920271
            ],
            [
              118.6009954,
              24.8916843
            ],
            [
              118.6010457,
              24.8917865
            ],
            [
              118.6001993,
              24.8921292
            ]
          ]
        ]
      },
      "properties": {
        "osm_id": 564724259,
        "building": "apartments",
        "building:levels": "",
        "building:flats": "",
        "addr:housenumber": "",
        "area_m2": 1157.38
      }
    },
    {
      "type": "Feature",
      "geometry": {
        "type": "Polygon",
        "coordinates": [
          [
            [
              118.6012178,
              24.8919796
            ],
            [
              118.6013464,
              24.8919356
            ],
            [
              118.6012022,
              24.8915888
            ],
            [
              118.6010736,
              24.8916328
            ],
            [
              118.6012178,
              24.8919796
            ]
          ]
        ]
      },
      "properties": {
        "osm_id": 564724260,
        "building": "apartments",
        "building:levels": "",
        "building:flats": "",
        "addr:housenumber": "",
        "area_m2": 568.69
      }
    },
    {
      "type": "Feature",
      "geometry": {
        "type": "Polygon",
        "coordinates": [
          [
            [
              118.5989492,
              24.8934205
            ],
            [
              118.5988791,
              24.893301
            ],
            [
              118.5992901,
              24.8931025
            ],
            [
              118.5993603,
              24.893222
            ],
            [
              118.5989492,
              24.8934205
            ]
          ]
        ]
      },
      "properties": {
        "osm_id": 564724261,
        "building": "apartments",
        "building:levels": "",
        "building:flats": "",
        "addr:housenumber": "",
        "area_m2": 703.79
      }
    },
    {
      "type": "Feature",
      "geometry": {
        "type": "Polygon",
        "coordinates": [
          [
            [
              118.5990133,
              24.8935043
            ],
            [
              118.5994277,
              24.8933139
            ],
            [
              118.599508,
              24.8934387
            ],
            [
              118.5990935,
              24.8936292
            ],
            [
              118.5990133,
              24.8935043
            ]
          ]
        ]
      },
      "properties": {
        "osm_id": 564724262,
        "building": "apartments",
        "building:levels": "",
        "building:flats": "",
        "addr:housenumber": "",
        "area_m2": 748.25
      }
    },
    {
      "type": "Feature",
      "geometry": {
        "type": "Polygon",
        "coordinates": [
          [
            [
              118.5979367,
              24.8941233
            ],
            [
              118.5983684,
              24.8939933
            ],
            [
              118.5982269,
              24.8936065
            ],
            [
              118.5977952,
              24.8937365
            ],
            [
              118.5979367,
              24.8941233
            ]
          ]
        ]
      },
      "properties": {
        "osm_id": 564724263,
        "building": "apartments",
        "building:levels": "",
        "building:flats": "",
        "addr:housenumber": "",
        "area_m2": 2069.41
      }
    },
    {
      "type": "Feature",
      "geometry": {
        "type": "Polygon",
        "coordinates": [
          [
            [
              118.5979686,
              24.8944861
            ],
            [
              118.59805,
              24.8944187
            ],
            [
              118.5980641,
              24.8943192
            ],
            [
              118.5980394,
              24.8942197
            ],
            [
              118.5984145,
              24.8940848
            ],
            [
              118.5984853,
              24.8942421
            ],
            [
              118.5985278,
              24.8943995
            ],
            [
              118.5984924,
              24.8945279
            ],
            [
              118.5984287,
              24.894621
            ],
            [
              118.5983225,
              24.8947141
            ],
            [
              118.5981951,
              24.8947815
            ],
            [
              118.5979686,
              24.8944861
            ]
          ]
        ]
      },
      "properties": {
        "osm_id": 564724264,
        "building": "apartments",
        "building:levels": "",
        "building:flats": "",
        "addr:housenumber": "",
        "area_m2": 2735.44
      }
    },
    {
      "type": "Feature",
      "geometry": {
        "type": "Polygon",
        "coordinates": [
          [
            [
              118.5974809,
              24.8948703
            ],
            [
              118.5973361,
              24.8946524
            ],
            [
              118.5974532,
              24.8945503
            ],
            [
              118.5975518,
              24.8944372
            ],
            [
              118.5975949,
              24.8943226
            ],
            [
              118.5975795,
              24.8941968
            ],
            [
              118.5975056,
              24.8940319
            ],
            [
              118.5977613,
              24.8939229
            ],
            [
              118.5978846,
              24.8943338
            ],
            [
              118.597863,
              24.8944651
            ],
            [
              118.5976935,
              24.8947306
            ],
            [
              118.5974809,
              24.8948703
            ]
          ]
        ]
      },
      "properties": {
        "osm_id": 568606477,
        "building": "apartments",
        "building:levels": "",
        "building:flats": "",
        "addr:housenumber": "",
        "area_m2": 2872.43
      }
    },
    {
      "type": "Feature",
      "geometry": {
        "type": "Polygon",
        "coordinates": [
          [
            [
              118.6002814,
              24.8926427
            ],
            [
              118.6013609,
              24.8921034
            ],
            [
              118.6015237,
              24.8925015
            ],
            [
              118.6005115,
              24.8930184
            ],
            [
              118.6002814,
              24.8926427
            ]
          ]
        ]
      },
      "properties": {
        "osm_id": 568606478,
        "building": "apartments",
        "building:levels": "",
        "building:flats": "",
        "addr:housenumber": "",
        "area_m2": 5675.23
      }
    },
    {
      "type": "Feature",
      "geometry": {
        "type": "Polygon",
        "coordinates": [
          [
            [
              118.5849014,
              24.8974275
            ],
            [
              118.5848953,
              24.8973185
            ],
            [
              118.5855176,
              24.8973464
            ],
            [
              118.5856963,
              24.8973045
            ],
            [
              118.5857734,
              24.8972542
            ],
            [
              118.585835,
              24.8973883
            ],
            [
              118.5859675,
              24.8973995
            ],
            [
              118.5859675,
              24.8974414
            ],
            [
              118.5858966,
              24.8974722
            ],
            [
              118.5855669,
              24.8975588
            ],
            [
              118.5854961,
              24.8975532
            ],
            [
              118.5854529,
              24.897447
            ],
            [
              118.5849014,
              24.8974275
            ]
          ]
        ]
      },
      "properties": {
        "osm_id": 581085398,
        "building": "school",
        "building:levels": "5",
        "building:flats": "",
        "addr:housenumber": "40号",
        "area_m2": 1654.12
      }
    },
    {
      "type": "Feature",
      "geometry": {
        "type": "Polygon",
        "coordinates": [
          [
            [
              118.5857672,
              24.8983078
            ],
            [
              118.5857395,
              24.8982295
            ],
            [
              118.5864882,
              24.8980423
            ],
            [
              118.5865375,
              24.8980423
            ],
            [
              118.586559,
              24.8980758
            ],
            [
              118.5865683,
              24.8981122
            ],
            [
              118.5865529,
              24.8981345
            ],
            [
              118.5857672,
              24.8983078
            ]
          ]
        ]
      },
      "properties": {
        "osm_id": 581085402,
        "building": "school",
        "building:levels": "7",
        "building:flats": "",
        "addr:housenumber": "40号",
        "area_m2": 860.93
      }
    },
    {
      "type": "Feature",
      "geometry": {
        "type": "Polygon",
        "coordinates": [
          [
            [
              118.5866397,
              24.8977653
            ],
            [
              118.5867495,
              24.8977413
            ],
            [
              118.5867556,
              24.8976602
            ],
            [
              118.5867312,
              24.8975551
            ],
            [
              118.5866722,
              24.8974905
            ],
            [
              118.5865665,
              24.8975108
            ],
            [
              118.5865503,
              24.8976012
            ],
            [
              118.5865591,
              24.8976286
            ],
            [
              118.5865828,
              24.8977026
            ],
            [
              118.5866397,
              24.8977653
            ]
          ]
        ]
      },
      "properties": {
        "osm_id": 581085410,
        "building": "yes",
        "building:levels": "9",
        "building:flats": "",
        "addr:housenumber": "",
        "area_m2": 472.62
      }
    },
    {
      "type": "Feature",
      "geometry": {
        "type": "Polygon",
        "coordinates": [
          [
            [
              118.5894634,
              24.9040054
            ],
            [
              118.5894033,
              24.9039286
            ],
            [
              118.5894479,
              24.9039034
            ],
            [
              118.5895049,
              24.9038797
            ],
            [
              118.5896682,
              24.9038084
            ],
            [
              118.5897129,
              24.9038573
            ],
            [
              118.5897638,
              24.9039146
            ],
            [
              118.5895727,
              24.904011
            ],
            [
              118.5895404,
              24.9039649
            ],
            [
              118.5894634,
              24.9040054
            ]
          ]
        ]
      },
      "properties": {
        "osm_id": 585711284,
        "building": "yes",
        "building:levels": "",
        "building:flats": "",
        "addr:housenumber": "",
        "area_m2": 424.72
      }
    },
    {
      "type": "Feature",
      "geometry": {
        "type": "Polygon",
        "coordinates": [
          [
            [
              118.5850683,
              24.9072506
            ],
            [
              118.5849327,
              24.9069684
            ],
            [
              118.5856599,
              24.9064542
            ],
            [
              118.5858755,
              24.9064709
            ],
            [
              118.5859988,
              24.9066498
            ],
            [
              118.5850683,
              24.9072506
            ]
          ]
        ]
      },
      "properties": {
        "osm_id": 585711288,
        "building": "yes",
        "building:levels": "",
        "building:flats": "",
        "addr:housenumber": "",
        "area_m2": 3890.79
      }
    },
    {
      "type": "Feature",
      "geometry": {
        "type": "Polygon",
        "coordinates": [
          [
            [
              118.5735712,
              24.9067112
            ],
            [
              118.5731152,
              24.9065044
            ],
            [
              118.5745818,
              24.9039279
            ],
            [
              118.5754198,
              24.9036205
            ],
            [
              118.5735712,
              24.9067112
            ]
          ]
        ]
      },
      "properties": {
        "osm_id": 587715483,
        "building": "apartments",
        "building:levels": "",
        "building:flats": "",
        "addr:housenumber": "",
        "area_m2": 19535.29
      }
    },
    {
      "type": "Feature",
      "geometry": {
        "type": "Polygon",
        "coordinates": [
          [
            [
              118.57956,
              24.9145981
            ],
            [
              118.5800443,
              24.914578
            ],
            [
              118.5801011,
              24.914974
            ],
            [
              118.5803063,
              24.915013
            ],
            [
              118.5802634,
              24.9152392
            ],
            [
              118.5801009,
              24.9152007
            ],
            [
              118.5799239,
              24.9154639
            ],
            [
              118.5793651,
              24.9152397
            ],
            [
              118.5793439,
              24.9151599
            ],
            [
              118.5794733,
              24.9151311
            ],
            [
              118.5794627,
              24.9151041
            ],
            [
              118.5795263,
              24.9150945
            ],
            [
              118.5795803,
              24.9150051
            ],
            [
              118.5796366,
              24.9149118
            ],
            [
              118.57956,
              24.9145981
            ]
          ]
        ]
      },
      "properties": {
        "osm_id": 587715488,
        "building": "yes",
        "building:levels": "",
        "building:flats": "",
        "addr:housenumber": "",
        "area_m2": 5261.66
      }
    },
    {
      "type": "Feature",
      "geometry": {
        "type": "Polygon",
        "coordinates": [
          [
            [
              118.5777529,
              24.9116559
            ],
            [
              118.5773053,
              24.9114838
            ],
            [
              118.5769557,
              24.9117051
            ],
            [
              118.5768825,
              24.9116608
            ],
            [
              118.5761677,
              24.9121088
            ],
            [
              118.5764244,
              24.9125262
            ],
            [
              118.5777609,
              24.9117727
            ],
            [
              118.577781,
              24.9117399
            ],
            [
              118.577785,
              24.9116863
            ],
            [
              118.5777529,
              24.9116559
            ]
          ]
        ]
      },
      "properties": {
        "osm_id": 587715495,
        "building": "apartments",
        "building:levels": "",
        "building:flats": "",
        "addr:housenumber": "",
        "area_m2": 8100.32
      }
    },
    {
      "type": "Feature",
      "geometry": {
        "type": "Polygon",
        "coordinates": [
          [
            [
              118.5751588,
              24.9132242
            ],
            [
              118.5748742,
              24.9128112
            ],
            [
              118.5755145,
              24.9124513
            ],
            [
              118.5757664,
              24.9128784
            ],
            [
              118.5751588,
              24.9132242
            ]
          ]
        ]
      },
      "properties": {
        "osm_id": 587715497,
        "building": "yes",
        "building:levels": "",
        "building:flats": "",
        "addr:housenumber": "",
        "area_m2": 3982.41
      }
    },
    {
      "type": "Feature",
      "geometry": {
        "type": "Polygon",
        "coordinates": [
          [
            [
              118.5750368,
              24.9132316
            ],
            [
              118.5747766,
              24.9128776
            ],
            [
              118.5742969,
              24.9126416
            ],
            [
              118.5734269,
              24.913497
            ],
            [
              118.5730935,
              24.9138363
            ],
            [
              118.5726056,
              24.9139985
            ],
            [
              118.57176,
              24.9139985
            ],
            [
              118.5713454,
              24.9140944
            ],
            [
              118.5709632,
              24.9145073
            ],
            [
              118.5703778,
              24.914994
            ],
            [
              118.570703,
              24.915584
            ],
            [
              118.5717112,
              24.9151268
            ],
            [
              118.5726707,
              24.9147507
            ],
            [
              118.5748091,
              24.913556
            ],
            [
              118.5750368,
              24.9132316
            ]
          ]
        ]
      },
      "properties": {
        "osm_id": 587715499,
        "building": "apartments",
        "building:levels": "",
        "building:flats": "",
        "addr:housenumber": "",
        "area_m2": 45837.23
      }
    },
    {
      "type": "Feature",
      "geometry": {
        "type": "Polygon",
        "coordinates": [
          [
            [
              118.5706136,
              24.916196
            ],
            [
              118.5707453,
              24.915856
            ],
            [
              118.5731669,
              24.914724
            ],
            [
              118.5752208,
              24.9135556
            ],
            [
              118.5752817,
              24.9136519
            ],
            [
              118.5732155,
              24.9148392
            ],
            [
              118.5712413,
              24.9158378
            ],
            [
              118.5706136,
              24.916196
            ]
          ]
        ]
      },
      "properties": {
        "osm_id": 587715500,
        "building": "apartments",
        "building:levels": "",
        "building:flats": "",
        "addr:housenumber": "",
        "area_m2": 8507.96
      }
    },
    {
      "type": "Feature",
      "geometry": {
        "type": "Polygon",
        "coordinates": [
          [
            [
              118.5754271,
              24.9135339
            ],
            [
              118.575362,
              24.9134454
            ],
            [
              118.578064,
              24.9119162
            ],
            [
              118.5781015,
              24.9119089
            ],
            [
              118.5781378,
              24.9119187
            ],
            [
              118.5781726,
              24.9119892
            ],
            [
              118.5754271,
              24.9135339
            ]
          ]
        ]
      },
      "properties": {
        "osm_id": 587715502,
        "building": "apartments",
        "building:levels": "",
        "building:flats": "",
        "addr:housenumber": "",
        "area_m2": 3977.48
      }
    },
    {
      "type": "Feature",
      "geometry": {
        "type": "Polygon",
        "coordinates": [
          [
            [
              118.5801105,
              24.9106505
            ],
            [
              118.5800292,
              24.9105768
            ],
            [
              118.5819806,
              24.9091387
            ],
            [
              118.5821432,
              24.9092199
            ],
            [
              118.5808911,
              24.9100974
            ],
            [
              118.5801105,
              24.9106505
            ]
          ]
        ]
      },
      "properties": {
        "osm_id": 587715504,
        "building": "apartments",
        "building:levels": "",
        "building:flats": "",
        "addr:housenumber": "",
        "area_m2": 3632.79
      }
    },
    {
      "type": "Feature",
      "geometry": {
        "type": "Polygon",
        "coordinates": [
          [
            [
              118.5822896,
              24.9090871
            ],
            [
              118.5821839,
              24.908947
            ],
            [
              118.5839564,
              24.9077597
            ],
            [
              118.5841109,
              24.9078261
            ],
            [
              118.5837613,
              24.9080252
            ],
            [
              118.5833954,
              24.9083349
            ],
            [
              118.5822896,
              24.9090871
            ]
          ]
        ]
      },
      "properties": {
        "osm_id": 587715505,
        "building": "apartments",
        "building:levels": "",
        "building:flats": "",
        "addr:housenumber": "",
        "area_m2": 3787.67
      }
    },
    {
      "type": "Feature",
      "geometry": {
        "type": "Polygon",
        "coordinates": [
          [
            [
              118.5825403,
              24.9102217
            ],
            [
              118.5824305,
              24.909912
            ],
            [
              118.5823248,
              24.9097055
            ],
            [
              118.5822679,
              24.9096871
            ],
            [
              118.5823899,
              24.9095728
            ],
            [
              118.5825078,
              24.9097534
            ],
            [
              118.5826623,
              24.9101849
            ],
            [
              118.5825403,
              24.9102217
            ]
          ]
        ]
      },
      "properties": {
        "osm_id": 587715507,
        "building": "retail",
        "building:levels": "",
        "building:flats": "",
        "addr:housenumber": "",
        "area_m2": 940.84
      }
    },
    {
      "type": "Feature",
      "geometry": {
        "type": "Polygon",
        "coordinates": [
          [
            [
              118.5831013,
              24.9100521
            ],
            [
              118.5837803,
              24.9097719
            ],
            [
              118.5843494,
              24.9095986
            ],
            [
              118.5846909,
              24.9095101
            ],
            [
              118.5847194,
              24.909617
            ],
            [
              118.5831298,
              24.9101627
            ],
            [
              118.5831013,
              24.9100521
            ]
          ]
        ]
      },
      "properties": {
        "osm_id": 587715508,
        "building": "retail",
        "building:levels": "",
        "building:flats": "",
        "addr:housenumber": "",
        "area_m2": 2583.97
      }
    },
    {
      "type": "Feature",
      "geometry": {
        "type": "Polygon",
        "coordinates": [
          [
            [
              118.5856683,
              24.9099735
            ],
            [
              118.5857244,
              24.9098168
            ],
            [
              118.5862988,
              24.9097363
            ],
            [
              118.5867097,
              24.9096474
            ],
            [
              118.5868405,
              24.9097871
            ],
            [
              118.5862614,
              24.9099227
            ],
            [
              118.5858878,
              24.9099862
            ],
            [
              118.5856683,
              24.9099735
            ]
          ]
        ]
      },
      "properties": {
        "osm_id": 587715512,
        "building": "retail",
        "building:levels": "",
        "building:flats": "",
        "addr:housenumber": "",
        "area_m2": 2147.44
      }
    },
    {
      "type": "Feature",
      "geometry": {
        "type": "Polygon",
        "coordinates": [
          [
            [
              118.5869899,
              24.9097278
            ],
            [
              118.5869853,
              24.9096389
            ],
            [
              118.587046,
              24.9095288
            ],
            [
              118.5877465,
              24.9093551
            ],
            [
              118.5879239,
              24.9093721
            ],
            [
              118.5881574,
              24.9097024
            ],
            [
              118.588036,
              24.9097787
            ],
            [
              118.5878212,
              24.9095245
            ],
            [
              118.5869899,
              24.9097278
            ]
          ]
        ]
      },
      "properties": {
        "osm_id": 587715514,
        "building": "retail",
        "building:levels": "",
        "building:flats": "",
        "addr:housenumber": "",
        "area_m2": 2439.76
      }
    },
    {
      "type": "Feature",
      "geometry": {
        "type": "Polygon",
        "coordinates": [
          [
            [
              118.5886058,
              24.9106597
            ],
            [
              118.5887272,
              24.9105919
            ],
            [
              118.5887275,
              24.910484
            ],
            [
              118.5881901,
              24.9097448
            ],
            [
              118.5880921,
              24.9097871
            ],
            [
              118.5886525,
              24.9105453
            ],
            [
              118.5885591,
              24.9105538
            ],
            [
              118.5886058,
              24.9106597
            ]
          ]
        ]
      },
      "properties": {
        "osm_id": 587715516,
        "building": "retail",
        "building:levels": "",
        "building:flats": "",
        "addr:housenumber": "",
        "area_m2": 1202.7
      }
    },
    {
      "type": "Feature",
      "geometry": {
        "type": "Polygon",
        "coordinates": [
          [
            [
              118.5891241,
              24.9116889
            ],
            [
              118.5892082,
              24.9116508
            ],
            [
              118.5892736,
              24.9115745
            ],
            [
              118.5889,
              24.9108291
            ],
            [
              118.5887365,
              24.9107952
            ],
            [
              118.5886525,
              24.9108079
            ],
            [
              118.5886805,
              24.9109392
            ],
            [
              118.5888112,
              24.9109562
            ],
            [
              118.5890914,
              24.9115491
            ],
            [
              118.5889046,
              24.911583
            ],
            [
              118.5889233,
              24.9117228
            ],
            [
              118.5891241,
              24.9116889
            ]
          ]
        ]
      },
      "properties": {
        "osm_id": 587715518,
        "building": "retail",
        "building:levels": "",
        "building:flats": "",
        "addr:housenumber": "",
        "area_m2": 1976.06
      }
    },
    {
      "type": "Feature",
      "geometry": {
        "type": "Polygon",
        "coordinates": [
          [
            [
              118.5904962,
              24.9138368
            ],
            [
              118.5905297,
              24.9139411
            ],
            [
              118.5898681,
              24.9141158
            ],
            [
              118.5898346,
              24.9140115
            ],
            [
              118.5904962,
              24.9138368
            ]
          ]
        ]
      },
      "properties": {
        "osm_id": 587715519,
        "building": "retail",
        "building:levels": "",
        "building:flats": "",
        "addr:housenumber": "",
        "area_m2": 835.65
      }
    },
    {
      "type": "Feature",
      "geometry": {
        "type": "Polygon",
        "coordinates": [
          [
            [
              118.5885229,
              24.898323
            ],
            [
              118.5883318,
              24.8981368
            ],
            [
              118.5887565,
              24.8977837
            ],
            [
              118.5888273,
              24.8978415
            ],
            [
              118.5889936,
              24.8978045
            ],
            [
              118.589029,
              24.8980084
            ],
            [
              118.5885229,
              24.898323
            ]
          ]
        ]
      },
      "properties": {
        "osm_id": 588258279,
        "building": "commercial",
        "building:levels": "",
        "building:flats": "",
        "addr:housenumber": "",
        "area_m2": 2128.74
      }
    },
    {
      "type": "Feature",
      "geometry": {
        "type": "Polygon",
        "coordinates": [
          [
            [
              118.5874749,
              24.8992261
            ],
            [
              118.5873184,
              24.8990355
            ],
            [
              118.5878041,
              24.8987686
            ],
            [
              118.5879582,
              24.8989021
            ],
            [
              118.5874749,
              24.8992261
            ]
          ]
        ]
      },
      "properties": {
        "osm_id": 588258280,
        "building": "commercial",
        "building:levels": "",
        "building:flats": "",
        "addr:housenumber": "",
        "area_m2": 1388.67
      }
    },
    {
      "type": "Feature",
      "geometry": {
        "type": "Polygon",
        "coordinates": [
          [
            [
              118.5890731,
              24.8979769
            ],
            [
              118.5890195,
              24.8977531
            ],
            [
              118.5890007,
              24.8976047
            ],
            [
              118.588998,
              24.8974612
            ],
            [
              118.58899,
              24.8973614
            ],
            [
              118.5889605,
              24.89723
            ],
            [
              118.5888934,
              24.8970281
            ],
            [
              118.5888237,
              24.8968286
            ],
            [
              118.5887754,
              24.896634
            ],
            [
              118.5889712,
              24.8966145
            ],
            [
              118.5892609,
              24.897303
            ],
            [
              118.5891456,
              24.8978991
            ],
            [
              118.5890731,
              24.8979769
            ]
          ]
        ]
      },
      "properties": {
        "osm_id": 588258283,
        "building": "commercial",
        "building:levels": "",
        "building:flats": "",
        "addr:housenumber": "",
        "area_m2": 3193.75
      }
    },
    {
      "type": "Feature",
      "geometry": {
        "type": "Polygon",
        "coordinates": [
          [
            [
              118.5892584,
              24.8986487
            ],
            [
              118.5896158,
              24.8987186
            ],
            [
              118.5898068,
              24.8985593
            ],
            [
              118.5897206,
              24.8983133
            ],
            [
              118.5895911,
              24.898196
            ],
            [
              118.5894309,
              24.8981652
            ],
            [
              118.589243,
              24.8982099
            ],
            [
              118.5890489,
              24.898386
            ],
            [
              118.5891536,
              24.8986308
            ],
            [
              118.5892584,
              24.8986487
            ]
          ]
        ]
      },
      "properties": {
        "osm_id": 588258285,
        "building": "commercial",
        "building:levels": "",
        "building:flats": "",
        "addr:housenumber": "",
        "area_m2": 3282.67
      }
    },
    {
      "type": "Feature",
      "geometry": {
        "type": "Polygon",
        "coordinates": [
          [
            [
              118.5902104,
              24.8983692
            ],
            [
              118.5905062,
              24.8982183
            ],
            [
              118.5910423,
              24.8978969
            ],
            [
              118.5910269,
              24.8976175
            ],
            [
              118.5906541,
              24.8972066
            ],
            [
              118.5902258,
              24.8975364
            ],
            [
              118.5900749,
              24.8980534
            ],
            [
              118.5901103,
              24.8982085
            ],
            [
              118.5901793,
              24.8983134
            ],
            [
              118.5902104,
              24.8983692
            ]
          ]
        ]
      },
      "properties": {
        "osm_id": 588258286,
        "building": "commercial",
        "building:levels": "",
        "building:flats": "",
        "addr:housenumber": "",
        "area_m2": 7525.04
      }
    },
    {
      "type": "Feature",
      "geometry": {
        "type": "Polygon",
        "coordinates": [
          [
            [
              118.5905202,
              24.8985631
            ],
            [
              118.5905771,
              24.8985341
            ],
            [
              118.5905648,
              24.8985118
            ],
            [
              118.5907611,
              24.8984176
            ],
            [
              118.5907779,
              24.8983731
            ],
            [
              118.5907358,
              24.8983039
            ],
            [
              118.5906634,
              24.898277
            ],
            [
              118.5904887,
              24.8983685
            ],
            [
              118.5904587,
              24.8983329
            ],
            [
              118.5903717,
              24.8983795
            ],
            [
              118.5904118,
              24.8984372
            ],
            [
              118.5904045,
              24.8984782
            ],
            [
              118.5904485,
              24.898534
            ],
            [
              118.590496,
              24.8985135
            ],
            [
              118.5905202,
              24.8985631
            ]
          ]
        ]
      },
      "properties": {
        "osm_id": 588258287,
        "building": "yes",
        "building:levels": "",
        "building:flats": "",
        "addr:housenumber": "",
        "area_m2": 699.69
      }
    },
    {
      "type": "Feature",
      "geometry": {
        "type": "Polygon",
        "coordinates": [
          [
            [
              118.591211,
              24.9001508
            ],
            [
              118.5910022,
              24.8997271
            ],
            [
              118.5915401,
              24.8994767
            ],
            [
              118.591756,
              24.8999486
            ],
            [
              118.591211,
              24.9001508
            ]
          ]
        ]
      },
      "properties": {
        "osm_id": 588258288,
        "building": "yes",
        "building:levels": "",
        "building:flats": "",
        "addr:housenumber": "",
        "area_m2": 3243.11
      }
    },
    {
      "type": "Feature",
      "geometry": {
        "type": "Polygon",
        "coordinates": [
          [
            [
              118.5852389,
              24.8921906
            ],
            [
              118.5863815,
              24.8924144
            ],
            [
              118.5864674,
              24.8920738
            ],
            [
              118.5852925,
              24.8918597
            ],
            [
              118.5852389,
              24.8921906
            ]
          ]
        ]
      },
      "properties": {
        "osm_id": 588258295,
        "building": "school",
        "building:levels": "",
        "building:flats": "",
        "addr:housenumber": "",
        "area_m2": 4513.56
      }
    },
    {
      "type": "Feature",
      "geometry": {
        "type": "Polygon",
        "coordinates": [
          [
            [
              118.5946749,
              24.8935774
            ],
            [
              118.5951202,
              24.8932611
            ],
            [
              118.5944711,
              24.8924534
            ],
            [
              118.5939722,
              24.8928086
            ],
            [
              118.5946749,
              24.8935774
            ]
          ]
        ]
      },
      "properties": {
        "osm_id": 588258297,
        "building": "yes",
        "building:levels": "",
        "building:flats": "",
        "addr:housenumber": "",
        "area_m2": 6687.54
      }
    },
    {
      "type": "Feature",
      "geometry": {
        "type": "Polygon",
        "coordinates": [
          [
            [
              118.6484763,
              24.853427
            ],
            [
              118.6484092,
              24.8533418
            ],
            [
              118.648487,
              24.853298
            ],
            [
              118.6485608,
              24.8533771
            ],
            [
              118.6484763,
              24.853427
            ]
          ]
        ]
      },
      "properties": {
        "osm_id": 607211976,
        "building": "yes",
        "building:levels": "",
        "building:flats": "",
        "addr:housenumber": "",
        "area_m2": 111.26
      }
    },
    {
      "type": "Feature",
      "geometry": {
        "type": "Polygon",
        "coordinates": [
          [
            [
              118.6483609,
              24.8534672
            ],
            [
              118.6483274,
              24.8534197
            ],
            [
              118.6484025,
              24.8533711
            ],
            [
              118.6484468,
              24.8534173
            ],
            [
              118.6483609,
              24.8534672
            ]
          ]
        ]
      },
      "properties": {
        "osm_id": 607211977,
        "building": "yes",
        "building:levels": "",
        "building:flats": "",
        "addr:housenumber": "",
        "area_m2": 63.49
      }
    },
    {
      "type": "Feature",
      "geometry": {
        "type": "Polygon",
        "coordinates": [
          [
            [
              118.7000622,
              24.968374
            ],
            [
              118.7001245,
              24.9684231
            ],
            [
              118.7001661,
              24.9684878
            ],
            [
              118.7001825,
              24.9685612
            ],
            [
              118.7001719,
              24.9686355
            ],
            [
              118.7001356,
              24.9687027
            ],
            [
              118.7000774,
              24.9687558
            ],
            [
              118.7000034,
              24.9687891
            ],
            [
              118.6999215,
              24.968799
            ],
            [
              118.6998405,
              24.9687845
            ],
            [
              118.6997689,
              24.9687472
            ],
            [
              118.6997144,
              24.968691
            ],
            [
              118.6996821,
              24.9686196
            ],
            [
              118.6996778,
              24.9685425
            ],
            [
              118.6997018,
              24.9684685
            ],
            [
              118.6997515,
              24.9684059
            ],
            [
              118.6998213,
              24.9683618
            ],
            [
              118.6999033,
              24.9683411
            ],
            [
              118.6999858,
              24.9683456
            ],
            [
              118.7000622,
              24.968374
            ]
          ]
        ]
      },
      "properties": {
        "osm_id": 614225987,
        "building": "yes",
        "building:levels": "",
        "building:flats": "",
        "addr:housenumber": "",
        "area_m2": 2002.95
      }
    },
    {
      "type": "Feature",
      "geometry": {
        "type": "Polygon",
        "coordinates": [
          [
            [
              118.5736374,
              24.9174886
            ],
            [
              118.5741751,
              24.9174488
            ],
            [
              118.5741957,
              24.9176745
            ],
            [
              118.573658,
              24.9177143
            ],
            [
              118.5736374,
              24.9174886
            ]
          ]
        ]
      },
      "properties": {
        "osm_id": 630414264,
        "building": "industrial",
        "building:levels": "",
        "building:flats": "",
        "addr:housenumber": "",
        "area_m2": 1363.91
      }
    },
    {
      "type": "Feature",
      "geometry": {
        "type": "Polygon",
        "coordinates": [
          [
            [
              118.5753155,
              24.9166465
            ],
            [
              118.5755029,
              24.9165813
            ],
            [
              118.5753631,
              24.916251
            ],
            [
              118.5751758,
              24.9163162
            ],
            [
              118.5753155,
              24.9166465
            ]
          ]
        ]
      },
      "properties": {
        "osm_id": 630414270,
        "building": "yes",
        "building:levels": "",
        "building:flats": "",
        "addr:housenumber": "",
        "area_m2": 792.52
      }
    },
    {
      "type": "Feature",
      "geometry": {
        "type": "Polygon",
        "coordinates": [
          [
            [
              118.6203693,
              24.8874171
            ],
            [
              118.6204927,
              24.8871494
            ],
            [
              118.6205865,
              24.8869256
            ],
            [
              118.6206093,
              24.8869353
            ],
            [
              118.6206925,
              24.886681
            ],
            [
              118.6207408,
              24.8864268
            ],
            [
              118.6207139,
              24.8864255
            ],
            [
              118.6207206,
              24.8863343
            ],
            [
              118.6205865,
              24.8862832
            ],
            [
              118.6206214,
              24.886209
            ],
            [
              118.6203746,
              24.8860995
            ],
            [
              118.6204001,
              24.8860569
            ],
            [
              118.620329,
              24.8860229
            ],
            [
              118.6204239,
              24.8858619
            ],
            [
              118.6204862,
              24.8858848
            ],
            [
              118.6208677,
              24.8860866
            ],
            [
              118.6209371,
              24.8862428
            ],
            [
              118.6209046,
              24.8865659
            ],
            [
              118.6206955,
              24.8871738
            ],
            [
              118.6205265,
              24.8874865
            ],
            [
              118.6203693,
              24.8874171
            ]
          ]
        ]
      },
      "properties": {
        "osm_id": 655128765,
        "building": "dormitory",
        "building:levels": "",
        "building:flats": "",
        "addr:housenumber": "",
        "area_m2": 4076.77
      }
    },
    {
      "type": "Feature",
      "geometry": {
        "type": "Polygon",
        "coordinates": [
          [
            [
              118.6205681,
              24.8868446
            ],
            [
              118.6205138,
              24.8868288
            ],
            [
              118.6203695,
              24.8872387
            ],
            [
              118.6204238,
              24.8872545
            ],
            [
              118.6205681,
              24.8868446
            ]
          ]
        ]
      },
      "properties": {
        "osm_id": 655128766,
        "building": "stadium",
        "building:levels": "",
        "building:flats": "",
        "addr:housenumber": "",
        "area_m2": 273.92
      }
    },
    {
      "type": "Feature",
      "geometry": {
        "type": "Polygon",
        "coordinates": [
          [
            [
              118.6193064,
              24.8875132
            ],
            [
              118.6192381,
              24.8875205
            ],
            [
              118.6191576,
              24.8875132
            ],
            [
              118.6190838,
              24.8874742
            ],
            [
              118.6190342,
              24.8874134
            ],
            [
              118.6190087,
              24.8873404
            ],
            [
              118.6190101,
              24.8873112
            ],
            [
              118.6189685,
              24.8872492
            ],
            [
              118.6187217,
              24.8871823
            ],
            [
              118.6187338,
              24.8871518
            ],
            [
              118.6187003,
              24.8871433
            ],
            [
              118.6187311,
              24.8870618
            ],
            [
              118.6190208,
              24.8871543
            ],
            [
              118.6190302,
              24.8871652
            ],
            [
              118.619226,
              24.8870752
            ],
            [
              118.6192515,
              24.8869973
            ],
            [
              118.6185769,
              24.8868027
            ],
            [
              118.6186077,
              24.8867005
            ],
            [
              118.618764,
              24.8867434
            ],
            [
              118.6191702,
              24.8868551
            ],
            [
              118.6192255,
              24.8868703
            ],
            [
              118.619285,
              24.8868866
            ],
            [
              118.6193078,
              24.8868282
            ],
            [
              118.6192676,
              24.8868149
            ],
            [
              118.6192957,
              24.8867297
            ],
            [
              118.6193319,
              24.8867394
            ],
            [
              118.6193507,
              24.8866835
            ],
            [
              118.6188855,
              24.8865537
            ],
            [
              118.6186788,
              24.8864961
            ],
            [
              118.6187123,
              24.8863799
            ],
            [
              118.6193883,
              24.8865655
            ],
            [
              118.6194077,
              24.886515
            ],
            [
              118.6193762,
              24.8865052
            ],
            [
              118.619405,
              24.8864225
            ],
            [
              118.6194392,
              24.886431
            ],
            [
              118.61946,
              24.8863757
            ],
            [
              118.6187848,
              24.8861853
            ],
            [
              118.618819,
              24.8860849
            ],
            [
              118.6195351,
              24.8862893
            ],
            [
              118.6195311,
              24.8863015
            ],
            [
              118.6195847,
              24.8863185
            ],
            [
              118.6195619,
              24.886383
            ],
            [
              118.6195096,
              24.8863659
            ],
            [
              118.6194211,
              24.8865995
            ],
            [
              118.6194774,
              24.8866153
            ],
            [
              118.6194613,
              24.8866749
            ],
            [
              118.6194023,
              24.8866579
            ],
            [
              118.6193152,
              24.886911
            ],
            [
              118.6193742,
              24.8869256
            ],
            [
              118.6193514,
              24.8869973
            ],
            [
              118.6192991,
              24.8869815
            ],
            [
              118.6192615,
              24.8870934
            ],
            [
              118.6193085,
              24.8870642
            ],
            [
              118.6193339,
              24.8871239
            ],
            [
              118.6193286,
              24.8871859
            ],
            [
              118.6193085,
              24.8872479
            ],
            [
              118.619279,
              24.8872954
            ],
            [
              118.6192267,
              24.8873295
            ],
            [
              118.6192575,
              24.8873939
            ],
            [
              118.6193058,
              24.8873806
            ],
            [
              118.6193621,
              24.887484
            ],
            [
              118.6193064,
              24.8875132
            ]
          ]
        ]
      },
      "properties": {
        "osm_id": 655128785,
        "building": "school",
        "building:levels": "",
        "building:flats": "",
        "addr:housenumber": "",
        "area_m2": 4873.37
      }
    },
    {
      "type": "Feature",
      "geometry": {
        "type": "Polygon",
        "coordinates": [
          [
            [
              118.6191977,
              24.887947
            ],
            [
              118.6192508,
              24.8879224
            ],
            [
              118.6191153,
              24.8876821
            ],
            [
              118.6190622,
              24.8877068
            ],
            [
              118.6191977,
              24.887947
            ]
          ]
        ]
      },
      "properties": {
        "osm_id": 655128787,
        "building": "hut",
        "building:levels": "",
        "building:flats": "",
        "addr:housenumber": "",
        "area_m2": 179.7
      }
    },
    {
      "type": "Feature",
      "geometry": {
        "type": "Polygon",
        "coordinates": [
          [
            [
              118.5903998,
              24.8960791
            ],
            [
              118.5904162,
              24.8962369
            ],
            [
              118.5899197,
              24.8962792
            ],
            [
              118.5899354,
              24.8964299
            ],
            [
              118.5895781,
              24.8964604
            ],
            [
              118.5895461,
              24.896152
            ],
            [
              118.5903998,
              24.8960791
            ]
          ]
        ]
      },
      "properties": {
        "osm_id": 666232725,
        "building": "transportation",
        "building:levels": "",
        "building:flats": "",
        "addr:housenumber": "",
        "area_m2": 2122.91
      }
    },
    {
      "type": "Feature",
      "geometry": {
        "type": "Polygon",
        "coordinates": [
          [
            [
              118.6283849,
              24.9025021
            ],
            [
              118.6283473,
              24.9024096
            ],
            [
              118.6284359,
              24.9023707
            ],
            [
              118.6284868,
              24.9024607
            ],
            [
              118.6283849,
              24.9025021
            ]
          ]
        ]
      },
      "properties": {
        "osm_id": 667934126,
        "building": "yes",
        "building:levels": "",
        "building:flats": "",
        "addr:housenumber": "",
        "area_m2": 116.86
      }
    },
    {
      "type": "Feature",
      "geometry": {
        "type": "Polygon",
        "coordinates": [
          [
            [
              118.5876958,
              24.8973871
            ],
            [
              118.5882143,
              24.8973051
            ],
            [
              118.5882485,
              24.8974832
            ],
            [
              118.5877301,
              24.8975652
            ],
            [
              118.5876958,
              24.8973871
            ]
          ]
        ]
      },
      "properties": {
        "osm_id": 672851063,
        "building": "yes",
        "building:levels": "",
        "building:flats": "",
        "addr:housenumber": "",
        "area_m2": 1062.12
      }
    },
    {
      "type": "Feature",
      "geometry": {
        "type": "Polygon",
        "coordinates": [
          [
            [
              118.5883544,
              24.8972755
            ],
            [
              118.5888729,
              24.8971934
            ],
            [
              118.5889071,
              24.8973715
            ],
            [
              118.5883887,
              24.8974536
            ],
            [
              118.5883544,
              24.8972755
            ]
          ]
        ]
      },
      "properties": {
        "osm_id": 672851064,
        "building": "yes",
        "building:levels": "",
        "building:flats": "",
        "addr:housenumber": "",
        "area_m2": 1062.16
      }
    },
    {
      "type": "Feature",
      "geometry": {
        "type": "Polygon",
        "coordinates": [
          [
            [
              118.5874452,
              24.8981197
            ],
            [
              118.5879636,
              24.8980376
            ],
            [
              118.5879979,
              24.8982158
            ],
            [
              118.5874794,
              24.8982978
            ],
            [
              118.5874452,
              24.8981197
            ]
          ]
        ]
      },
      "properties": {
        "osm_id": 672851065,
        "building": "yes",
        "building:levels": "",
        "building:flats": "",
        "addr:housenumber": "",
        "area_m2": 1062.43
      }
    },
    {
      "type": "Feature",
      "geometry": {
        "type": "Polygon",
        "coordinates": [
          [
            [
              118.6735732,
              24.8708146
            ],
            [
              118.6735499,
              24.8706959
            ],
            [
              118.6739814,
              24.8699368
            ],
            [
              118.6741165,
              24.8698568
            ],
            [
              118.674279,
              24.8698763
            ],
            [
              118.6744991,
              24.8699805
            ],
            [
              118.6745566,
              24.8700563
            ],
            [
              118.6745371,
              24.8701932
            ],
            [
              118.6741826,
              24.8708084
            ],
            [
              118.6739959,
              24.8709233
            ],
            [
              118.6737935,
              24.8709328
            ],
            [
              118.6735732,
              24.8708146
            ]
          ]
        ]
      },
      "properties": {
        "osm_id": 705652319,
        "building": "yes",
        "building:levels": "",
        "building:flats": "",
        "addr:housenumber": "",
        "area_m2": 7293.58
      }
    },
    {
      "type": "Feature",
      "geometry": {
        "type": "Polygon",
        "coordinates": [
          [
            [
              118.6748054,
              24.8693982
            ],
            [
              118.6744744,
              24.8691509
            ],
            [
              118.6744952,
              24.8690287
            ],
            [
              118.6750252,
              24.8680857
            ],
            [
              118.6753238,
              24.8682579
            ],
            [
              118.6754256,
              24.8684133
            ],
            [
              118.6753969,
              24.8686413
            ],
            [
              118.6750189,
              24.8693125
            ],
            [
              118.6749411,
              24.8693703
            ],
            [
              118.6748054,
              24.8693982
            ]
          ]
        ]
      },
      "properties": {
        "osm_id": 705652320,
        "building": "yes",
        "building:levels": "",
        "building:flats": "",
        "addr:housenumber": "",
        "area_m2": 7758.85
      }
    },
    {
      "type": "Feature",
      "geometry": {
        "type": "Polygon",
        "coordinates": [
          [
            [
              118.676623,
              24.8703015
            ],
            [
              118.6762632,
              24.8701616
            ],
            [
              118.6761931,
              24.8700895
            ],
            [
              118.6761931,
              24.8699538
            ],
            [
              118.6765389,
              24.8693984
            ],
            [
              118.6766975,
              24.8693424
            ],
            [
              118.6769138,
              24.8693557
            ],
            [
              118.6772275,
              24.8695418
            ],
            [
              118.6768519,
              24.8702125
            ],
            [
              118.6767772,
              24.8702845
            ],
            [
              118.6767211,
              24.8703057
            ],
            [
              118.676623,
              24.8703015
            ]
          ]
        ]
      },
      "properties": {
        "osm_id": 705652321,
        "building": "yes",
        "building:levels": "",
        "building:flats": "",
        "addr:housenumber": "",
        "area_m2": 7104.95
      }
    },
    {
      "type": "Feature",
      "geometry": {
        "type": "Polygon",
        "coordinates": [
          [
            [
              118.6757684,
              24.8718643
            ],
            [
              118.6755117,
              24.8717389
            ],
            [
              118.6753896,
              24.8715991
            ],
            [
              118.6754132,
              24.8714022
            ],
            [
              118.6758151,
              24.8706645
            ],
            [
              118.6759366,
              24.8706475
            ],
            [
              118.6762879,
              24.8708464
            ],
            [
              118.6763312,
              24.8709577
            ],
            [
              118.6762741,
              24.8710909
            ],
            [
              118.6758523,
              24.8718338
            ],
            [
              118.6757684,
              24.8718643
            ]
          ]
        ]
      },
      "properties": {
        "osm_id": 705652322,
        "building": "yes",
        "building:levels": "",
        "building:flats": "",
        "addr:housenumber": "",
        "area_m2": 7421.48
      }
    },
    {
      "type": "Feature",
      "geometry": {
        "type": "Polygon",
        "coordinates": [
          [
            [
              118.5638118,
              24.810425
            ],
            [
              118.5639268,
              24.8103612
            ],
            [
              118.5640227,
              24.8102103
            ],
            [
              118.5640227,
              24.8101001
            ],
            [
              118.5640227,
              24.8099783
            ],
            [
              118.5639332,
              24.809868
            ],
            [
              118.5637734,
              24.8097752
            ],
            [
              118.5635881,
              24.8097578
            ],
            [
              118.5633963,
              24.8098274
            ],
            [
              118.5632685,
              24.8099899
            ],
            [
              118.5632621,
              24.8101175
            ],
            [
              118.5633068,
              24.8102974
            ],
            [
              118.5634666,
              24.8104192
            ],
            [
              118.563652,
              24.8104656
            ],
            [
              118.5638118,
              24.810425
            ]
          ]
        ]
      },
      "properties": {
        "osm_id": 754698891,
        "building": "yes",
        "building:levels": "",
        "building:flats": "",
        "addr:housenumber": "",
        "area_m2": 4711.83
      }
    },
    {
      "type": "Feature",
      "geometry": {
        "type": "Polygon",
        "coordinates": [
          [
            [
              118.5639415,
              24.8104457
            ],
            [
              118.5635578,
              24.8105109
            ],
            [
              118.563617,
              24.8107978
            ],
            [
              118.5640007,
              24.8107326
            ],
            [
              118.5639415,
              24.8104457
            ]
          ]
        ]
      },
      "properties": {
        "osm_id": 754698892,
        "building": "yes",
        "building:levels": "",
        "building:flats": "",
        "addr:housenumber": "",
        "area_m2": 1271.98
      }
    },
    {
      "type": "Feature",
      "geometry": {
        "type": "Polygon",
        "coordinates": [
          [
            [
              118.5281008,
              24.9572396
            ],
            [
              118.5281866,
              24.9571618
            ],
            [
              118.5278808,
              24.9568894
            ],
            [
              118.5277888,
              24.956977
            ],
            [
              118.5281008,
              24.9572396
            ]
          ]
        ]
      },
      "properties": {
        "osm_id": 801888368,
        "building": "dormitory",
        "building:levels": "",
        "building:flats": "",
        "addr:housenumber": "",
        "area_m2": 550.65
      }
    },
    {
      "type": "Feature",
      "geometry": {
        "type": "Polygon",
        "coordinates": [
          [
            [
              118.5277459,
              24.9569627
            ],
            [
              118.5278271,
              24.9568645
            ],
            [
              118.5274798,
              24.956615
            ],
            [
              118.527385,
              24.9567377
            ],
            [
              118.5277459,
              24.9569627
            ]
          ]
        ]
      },
      "properties": {
        "osm_id": 801888369,
        "building": "dormitory",
        "building:levels": "",
        "building:flats": "",
        "addr:housenumber": "",
        "area_m2": 669.67
      }
    },
    {
      "type": "Feature",
      "geometry": {
        "type": "Polygon",
        "coordinates": [
          [
            [
              118.5283346,
              24.956979
            ],
            [
              118.5280436,
              24.9567582
            ],
            [
              118.5281525,
              24.9566533
            ],
            [
              118.528402,
              24.9568724
            ],
            [
              118.5283346,
              24.956979
            ]
          ]
        ]
      },
      "properties": {
        "osm_id": 801888370,
        "building": "dormitory",
        "building:levels": "",
        "building:flats": "",
        "addr:housenumber": "",
        "area_m2": 535.47
      }
    },
    {
      "type": "Feature",
      "geometry": {
        "type": "Polygon",
        "coordinates": [
          [
            [
              118.5280346,
              24.9567275
            ],
            [
              118.5281229,
              24.9566265
            ],
            [
              118.5277004,
              24.9563734
            ],
            [
              118.5276399,
              24.956476
            ],
            [
              118.5280346,
              24.9567275
            ]
          ]
        ]
      },
      "properties": {
        "osm_id": 801888371,
        "building": "dormitory",
        "building:levels": "",
        "building:flats": "",
        "addr:housenumber": "",
        "area_m2": 673.89
      }
    },
    {
      "type": "Feature",
      "geometry": {
        "type": "Polygon",
        "coordinates": [
          [
            [
              118.5270919,
              24.9564395
            ],
            [
              118.5275679,
              24.9564516
            ],
            [
              118.5275802,
              24.956324
            ],
            [
              118.5270786,
              24.9562659
            ],
            [
              118.5270919,
              24.9564395
            ]
          ]
        ]
      },
      "properties": {
        "osm_id": 801888373,
        "building": "dormitory",
        "building:levels": "",
        "building:flats": "",
        "addr:housenumber": "",
        "area_m2": 821.57
      }
    },
    {
      "type": "Feature",
      "geometry": {
        "type": "Polygon",
        "coordinates": [
          [
            [
              118.5268434,
              24.9568109
            ],
            [
              118.5270122,
              24.9568058
            ],
            [
              118.5270293,
              24.9564258
            ],
            [
              118.5268093,
              24.9564395
            ],
            [
              118.5268434,
              24.9568109
            ]
          ]
        ]
      },
      "properties": {
        "osm_id": 801888374,
        "building": "yes",
        "building:levels": "",
        "building:flats": "",
        "addr:housenumber": "",
        "area_m2": 816.21
      }
    },
    {
      "type": "Feature",
      "geometry": {
        "type": "Polygon",
        "coordinates": [
          [
            [
              118.5270634,
              24.9567267
            ],
            [
              118.5273219,
              24.9567191
            ],
            [
              118.5273498,
              24.9565599
            ],
            [
              118.5270445,
              24.956553
            ],
            [
              118.5270634,
              24.9567267
            ]
          ]
        ]
      },
      "properties": {
        "osm_id": 801888375,
        "building": "dormitory",
        "building:levels": "",
        "building:flats": "",
        "addr:housenumber": "",
        "area_m2": 523.79
      }
    },
    {
      "type": "Feature",
      "geometry": {
        "type": "Polygon",
        "coordinates": [
          [
            [
              118.5270027,
              24.9568969
            ],
            [
              118.5270293,
              24.956768
            ],
            [
              118.5272436,
              24.9567834
            ],
            [
              118.5271936,
              24.9569197
            ],
            [
              118.5270027,
              24.9568969
            ]
          ]
        ]
      },
      "properties": {
        "osm_id": 801888376,
        "building": "dormitory",
        "building:levels": "",
        "building:flats": "",
        "addr:housenumber": "",
        "area_m2": 308.06
      }
    },
    {
      "type": "Feature",
      "geometry": {
        "type": "Polygon",
        "coordinates": [
          [
            [
              118.5281275,
              24.9577614
            ],
            [
              118.5282072,
              24.9576944
            ],
            [
              118.5282415,
              24.9577282
            ],
            [
              118.5284143,
              24.9578987
            ],
            [
              118.5284704,
              24.957954
            ],
            [
              118.5285941,
              24.9580761
            ],
            [
              118.5285239,
              24.95815
            ],
            [
              118.5281275,
              24.9577614
            ]
          ]
        ]
      },
      "properties": {
        "osm_id": 801888385,
        "building": "school",
        "building:levels": "",
        "building:flats": "",
        "addr:housenumber": "",
        "area_m2": 630.39
      }
    },
    {
      "type": "Feature",
      "geometry": {
        "type": "Polygon",
        "coordinates": [
          [
            [
              118.529165,
              24.9588086
            ],
            [
              118.5288027,
              24.9584458
            ],
            [
              118.5288957,
              24.9583615
            ],
            [
              118.5290713,
              24.9585497
            ],
            [
              118.5291307,
              24.9586134
            ],
            [
              118.5292598,
              24.9587519
            ],
            [
              118.529165,
              24.9588086
            ]
          ]
        ]
      },
      "properties": {
        "osm_id": 801888386,
        "building": "school",
        "building:levels": "",
        "building:flats": "",
        "addr:housenumber": "",
        "area_m2": 680.79
      }
    },
    {
      "type": "Feature",
      "geometry": {
        "type": "Polygon",
        "coordinates": [
          [
            [
              118.5288792,
              24.9591279
            ],
            [
              118.5289891,
              24.9590562
            ],
            [
              118.5285935,
              24.9586063
            ],
            [
              118.5284715,
              24.9587072
            ],
            [
              118.5288792,
              24.9591279
            ]
          ]
        ]
      },
      "properties": {
        "osm_id": 801888387,
        "building": "school",
        "building:levels": "4",
        "building:flats": "",
        "addr:housenumber": "",
        "area_m2": 950.39
      }
    },
    {
      "type": "Feature",
      "geometry": {
        "type": "Polygon",
        "coordinates": [
          [
            [
              118.5282007,
              24.9584467
            ],
            [
              118.528308,
              24.9583373
            ],
            [
              118.5279151,
              24.9579119
            ],
            [
              118.5278275,
              24.9580141
            ],
            [
              118.5282007,
              24.9584467
            ]
          ]
        ]
      },
      "properties": {
        "osm_id": 801888395,
        "building": "school",
        "building:levels": "",
        "building:flats": "",
        "addr:housenumber": "",
        "area_m2": 919.1
      }
    },
    {
      "type": "Feature",
      "geometry": {
        "type": "Polygon",
        "coordinates": [
          [
            [
              118.5279513,
              24.958668
            ],
            [
              118.5280559,
              24.958561
            ],
            [
              118.5276402,
              24.9581914
            ],
            [
              118.5275543,
              24.9582716
            ],
            [
              118.5279513,
              24.958668
            ]
          ]
        ]
      },
      "properties": {
        "osm_id": 801888396,
        "building": "school",
        "building:levels": "",
        "building:flats": "",
        "addr:housenumber": "",
        "area_m2": 831.83
      }
    },
    {
      "type": "Feature",
      "geometry": {
        "type": "Polygon",
        "coordinates": [
          [
            [
              118.5274846,
              24.9581622
            ],
            [
              118.5276455,
              24.9580236
            ],
            [
              118.5273424,
              24.9577269
            ],
            [
              118.5270233,
              24.957564
            ],
            [
              118.5269321,
              24.9576637
            ],
            [
              118.5274846,
              24.9581622
            ]
          ]
        ]
      },
      "properties": {
        "osm_id": 801888397,
        "building": "school",
        "building:levels": "",
        "building:flats": "",
        "addr:housenumber": "",
        "area_m2": 1708.18
      }
    },
    {
      "type": "Feature",
      "geometry": {
        "type": "Polygon",
        "coordinates": [
          [
            [
              118.5273666,
              24.9576467
            ],
            [
              118.5274417,
              24.9575591
            ],
            [
              118.5273612,
              24.957457
            ],
            [
              118.5272995,
              24.9573889
            ],
            [
              118.5272405,
              24.9573962
            ],
            [
              118.5271627,
              24.9573427
            ],
            [
              118.5271359,
              24.9572941
            ],
            [
              118.5270689,
              24.9572138
            ],
            [
              118.5269428,
              24.9573524
            ],
            [
              118.5273666,
              24.9576467
            ]
          ]
        ]
      },
      "properties": {
        "osm_id": 801888400,
        "building": "school",
        "building:levels": "",
        "building:flats": "",
        "addr:housenumber": "",
        "area_m2": 857.82
      }
    },
    {
      "type": "Feature",
      "geometry": {
        "type": "Polygon",
        "coordinates": [
          [
            [
              118.5291562,
              24.9591361
            ],
            [
              118.5291116,
              24.959084
            ],
            [
              118.5292583,
              24.9589423
            ],
            [
              118.5293093,
              24.9590088
            ],
            [
              118.5291562,
              24.9591361
            ]
          ]
        ]
      },
      "properties": {
        "osm_id": 801888401,
        "building": "yes",
        "building:levels": "",
        "building:flats": "",
        "addr:housenumber": "",
        "area_m2": 171.0
      }
    },
    {
      "type": "Feature",
      "geometry": {
        "type": "Polygon",
        "coordinates": [
          [
            [
              118.5281538,
              24.9588087
            ],
            [
              118.5284741,
              24.958551
            ],
            [
              118.5283523,
              24.9583874
            ],
            [
              118.528023,
              24.9586778
            ],
            [
              118.5281538,
              24.9588087
            ]
          ]
        ]
      },
      "properties": {
        "osm_id": 801888404,
        "building": "school",
        "building:levels": "",
        "building:flats": "",
        "addr:housenumber": "",
        "area_m2": 920.29
      }
    },
    {
      "type": "Feature",
      "geometry": {
        "type": "Polygon",
        "coordinates": [
          [
            [
              118.5287896,
              24.958081
            ],
            [
              118.5289023,
              24.9579886
            ],
            [
              118.5290096,
              24.9581151
            ],
            [
              118.5289157,
              24.9581953
            ],
            [
              118.5287896,
              24.958081
            ]
          ]
        ]
      },
      "properties": {
        "osm_id": 801888405,
        "building": "school",
        "building:levels": "",
        "building:flats": "",
        "addr:housenumber": "",
        "area_m2": 251.27
      }
    },
    {
      "type": "Feature",
      "geometry": {
        "type": "Polygon",
        "coordinates": [
          [
            [
              118.5282341,
              24.9592417
            ],
            [
              118.5279971,
              24.9590384
            ],
            [
              118.5282189,
              24.958829
            ],
            [
              118.5284654,
              24.9590801
            ],
            [
              118.5282341,
              24.9592417
            ]
          ]
        ]
      },
      "properties": {
        "osm_id": 801888406,
        "building": "school",
        "building:levels": "",
        "building:flats": "",
        "addr:housenumber": "",
        "area_m2": 1075.21
      }
    },
    {
      "type": "Feature",
      "geometry": {
        "type": "Polygon",
        "coordinates": [
          [
            [
              118.674828,
              24.8794188
            ],
            [
              118.6748605,
              24.8793134
            ],
            [
              118.6751818,
              24.8794144
            ],
            [
              118.6754719,
              24.879583
            ],
            [
              118.6754132,
              24.879667
            ],
            [
              118.6751244,
              24.8795216
            ],
            [
              118.674828,
              24.8794188
            ]
          ]
        ]
      },
      "properties": {
        "osm_id": 808444873,
        "building": "apartments",
        "building:levels": "",
        "building:flats": "",
        "addr:housenumber": "",
        "area_m2": 828.27
      }
    },
    {
      "type": "Feature",
      "geometry": {
        "type": "Polygon",
        "coordinates": [
          [
            [
              118.675896,
              24.8800309
            ],
            [
              118.675968,
              24.8799429
            ],
            [
              118.6760502,
              24.8799983
            ],
            [
              118.6761474,
              24.8798797
            ],
            [
              118.6762647,
              24.8799587
            ],
            [
              118.6761669,
              24.8800782
            ],
            [
              118.6762449,
              24.8801307
            ],
            [
              118.6761736,
              24.8802179
            ],
            [
              118.675896,
              24.8800309
            ]
          ]
        ]
      },
      "properties": {
        "osm_id": 808444874,
        "building": "apartments",
        "building:levels": "",
        "building:flats": "",
        "addr:housenumber": "",
        "area_m2": 662.93
      }
    },
    {
      "type": "Feature",
      "geometry": {
        "type": "Polygon",
        "coordinates": [
          [
            [
              118.6768222,
              24.8798776
            ],
            [
              118.6768371,
              24.8797689
            ],
            [
              118.6769389,
              24.8797803
            ],
            [
              118.6769587,
              24.8796337
            ],
            [
              118.6771036,
              24.87965
            ],
            [
              118.6770837,
              24.8797974
            ],
            [
              118.6771802,
              24.8798084
            ],
            [
              118.6771652,
              24.8799162
            ],
            [
              118.6768222,
              24.8798776
            ]
          ]
        ]
      },
      "properties": {
        "osm_id": 808444876,
        "building": "apartments",
        "building:levels": "",
        "building:flats": "",
        "addr:housenumber": "",
        "area_m2": 662.76
      }
    },
    {
      "type": "Feature",
      "geometry": {
        "type": "Polygon",
        "coordinates": [
          [
            [
              118.675447,
              24.8796956
            ],
            [
              118.6755189,
              24.8796235
            ],
            [
              118.6758955,
              24.8798874
            ],
            [
              118.6758063,
              24.8799827
            ],
            [
              118.675447,
              24.8796956
            ]
          ]
        ]
      },
      "properties": {
        "osm_id": 808444879,
        "building": "apartments",
        "building:levels": "",
        "building:flats": "",
        "addr:housenumber": "",
        "area_m2": 591.53
      }
    },
    {
      "type": "Feature",
      "geometry": {
        "type": "Polygon",
        "coordinates": [
          [
            [
              118.6763646,
              24.880314
            ],
            [
              118.6763985,
              24.8802085
            ],
            [
              118.6764966,
              24.8802346
            ],
            [
              118.6765424,
              24.8800927
            ],
            [
              118.6766827,
              24.8801297
            ],
            [
              118.6766369,
              24.8802727
            ],
            [
              118.6767301,
              24.8802974
            ],
            [
              118.6766966,
              24.8804016
            ],
            [
              118.6763646,
              24.880314
            ]
          ]
        ]
      },
      "properties": {
        "osm_id": 808444880,
        "building": "apartments",
        "building:levels": "",
        "building:flats": "",
        "addr:housenumber": "",
        "area_m2": 663.76
      }
    },
    {
      "type": "Feature",
      "geometry": {
        "type": "Polygon",
        "coordinates": [
          [
            [
              118.6764555,
              24.879525
            ],
            [
              118.6765985,
              24.8796088
            ],
            [
              118.6768079,
              24.8796836
            ],
            [
              118.6767409,
              24.8799036
            ],
            [
              118.6765809,
              24.8798601
            ],
            [
              118.6764132,
              24.8797814
            ],
            [
              118.6762955,
              24.879706
            ],
            [
              118.6764555,
              24.879525
            ]
          ]
        ]
      },
      "properties": {
        "osm_id": 808444881,
        "building": "apartments",
        "building:levels": "",
        "building:flats": "",
        "addr:housenumber": "",
        "area_m2": 1167.45
      }
    },
    {
      "type": "Feature",
      "geometry": {
        "type": "Polygon",
        "coordinates": [
          [
            [
              118.6768459,
              24.8803318
            ],
            [
              118.6773416,
              24.880229
            ],
            [
              118.6773795,
              24.8803794
            ],
            [
              118.6768839,
              24.8804823
            ],
            [
              118.6768459,
              24.8803318
            ]
          ]
        ]
      },
      "properties": {
        "osm_id": 808444883,
        "building": "apartments",
        "building:levels": "",
        "building:flats": "",
        "addr:housenumber": "",
        "area_m2": 876.02
      }
    },
    {
      "type": "Feature",
      "geometry": {
        "type": "Polygon",
        "coordinates": [
          [
            [
              118.6774302,
              24.8802058
            ],
            [
              118.6782885,
              24.8799671
            ],
            [
              118.6783264,
              24.8800792
            ],
            [
              118.6774681,
              24.880318
            ],
            [
              118.6774302,
              24.8802058
            ]
          ]
        ]
      },
      "properties": {
        "osm_id": 808444884,
        "building": "apartments",
        "building:levels": "",
        "building:flats": "",
        "addr:housenumber": "",
        "area_m2": 1175.57
      }
    },
    {
      "type": "Feature",
      "geometry": {
        "type": "Polygon",
        "coordinates": [
          [
            [
              118.6759298,
              24.8792651
            ],
            [
              118.6760785,
              24.8791941
            ],
            [
              118.6759481,
              24.8789825
            ],
            [
              118.6759319,
              24.8787504
            ],
            [
              118.6757698,
              24.8787472
            ],
            [
              118.6758015,
              24.8790228
            ],
            [
              118.6759298,
              24.8792651
            ]
          ]
        ]
      },
      "properties": {
        "osm_id": 808444885,
        "building": "apartments",
        "building:levels": "",
        "building:flats": "",
        "addr:housenumber": "",
        "area_m2": 896.78
      }
    },
    {
      "type": "Feature",
      "geometry": {
        "type": "Polygon",
        "coordinates": [
          [
            [
              118.6759905,
              24.8794001
            ],
            [
              118.6760777,
              24.8793242
            ],
            [
              118.6761483,
              24.8793914
            ],
            [
              118.6762663,
              24.8792895
            ],
            [
              118.6763673,
              24.8793858
            ],
            [
              118.6762487,
              24.8794881
            ],
            [
              118.6763156,
              24.8795519
            ],
            [
              118.6762288,
              24.8796268
            ],
            [
              118.6759905,
              24.8794001
            ]
          ]
        ]
      },
      "properties": {
        "osm_id": 808444886,
        "building": "apartments",
        "building:levels": "",
        "building:flats": "",
        "addr:housenumber": "",
        "area_m2": 663.42
      }
    },
    {
      "type": "Feature",
      "geometry": {
        "type": "Polygon",
        "coordinates": [
          [
            [
              118.6767269,
              24.8789379
            ],
            [
              118.675722,
              24.8784823
            ],
            [
              118.6758065,
              24.878329
            ],
            [
              118.6768114,
              24.8787845
            ],
            [
              118.6767269,
              24.8789379
            ]
          ]
        ]
      },
      "properties": {
        "osm_id": 808444887,
        "building": "apartments",
        "building:levels": "",
        "building:flats": "",
        "addr:housenumber": "",
        "area_m2": 2149.99
      }
    },
    {
      "type": "Feature",
      "geometry": {
        "type": "Polygon",
        "coordinates": [
          [
            [
              118.6752159,
              24.8792184
            ],
            [
              118.6755313,
              24.8793572
            ],
            [
              118.6756029,
              24.8792234
            ],
            [
              118.6753376,
              24.8791067
            ],
            [
              118.675497,
              24.8788085
            ],
            [
              118.6754103,
              24.8786647
            ],
            [
              118.6752426,
              24.8787479
            ],
            [
              118.6752948,
              24.8788346
            ],
            [
              118.675224,
              24.8788697
            ],
            [
              118.675266,
              24.8789394
            ],
            [
              118.6751669,
              24.8789885
            ],
            [
              118.6752007,
              24.8790445
            ],
            [
              118.6751011,
              24.8790938
            ],
            [
              118.6751595,
              24.8791907
            ],
            [
              118.6752159,
              24.8792184
            ]
          ]
        ]
      },
      "properties": {
        "osm_id": 808444888,
        "building": "apartments",
        "building:levels": "",
        "building:flats": "",
        "addr:housenumber": "",
        "area_m2": 1627.05
      }
    },
    {
      "type": "Feature",
      "geometry": {
        "type": "Polygon",
        "coordinates": [
          [
            [
              118.6785203,
              24.8804082
            ],
            [
              118.6789911,
              24.8802858
            ],
            [
              118.679034,
              24.8804219
            ],
            [
              118.6785632,
              24.8805442
            ],
            [
              118.6785203,
              24.8804082
            ]
          ]
        ]
      },
      "properties": {
        "osm_id": 808592140,
        "building": "apartments",
        "building:levels": "",
        "building:flats": "",
        "addr:housenumber": "",
        "area_m2": 773.63
      }
    },
    {
      "type": "Feature",
      "geometry": {
        "type": "Polygon",
        "coordinates": [
          [
            [
              118.6752217,
              24.8770527
            ],
            [
              118.6757473,
              24.8773061
            ],
            [
              118.6757107,
              24.8773685
            ],
            [
              118.6763043,
              24.8776548
            ],
            [
              118.676244,
              24.8777577
            ],
            [
              118.6751249,
              24.8772179
            ],
            [
              118.6752217,
              24.8770527
            ]
          ]
        ]
      },
      "properties": {
        "osm_id": 808592141,
        "building": "school",
        "building:levels": "",
        "building:flats": "",
        "addr:housenumber": "",
        "area_m2": 2117.94
      }
    },
    {
      "type": "Feature",
      "geometry": {
        "type": "Polygon",
        "coordinates": [
          [
            [
              118.6765801,
              24.8760377
            ],
            [
              118.6771488,
              24.8763003
            ],
            [
              118.6770429,
              24.876489
            ],
            [
              118.6764742,
              24.8762263
            ],
            [
              118.6765801,
              24.8760377
            ]
          ]
        ]
      },
      "properties": {
        "osm_id": 808592143,
        "building": "school",
        "building:levels": "",
        "building:flats": "",
        "addr:housenumber": "",
        "area_m2": 1508.16
      }
    },
    {
      "type": "Feature",
      "geometry": {
        "type": "Polygon",
        "coordinates": [
          [
            [
              118.6773062,
              24.8797514
            ],
            [
              118.6775621,
              24.8797012
            ],
            [
              118.677795,
              24.8795527
            ],
            [
              118.6778904,
              24.8796759
            ],
            [
              118.6776558,
              24.8798255
            ],
            [
              118.6773431,
              24.8798927
            ],
            [
              118.6773062,
              24.8797514
            ]
          ]
        ]
      },
      "properties": {
        "osm_id": 808592147,
        "building": "apartments",
        "building:levels": "",
        "building:flats": "",
        "addr:housenumber": "",
        "area_m2": 944.49
      }
    },
    {
      "type": "Feature",
      "geometry": {
        "type": "Polygon",
        "coordinates": [
          [
            [
              118.6784195,
              24.8800707
            ],
            [
              118.6786703,
              24.880025
            ],
            [
              118.6789191,
              24.8800305
            ],
            [
              118.6792163,
              24.8801146
            ],
            [
              118.6792838,
              24.8799501
            ],
            [
              118.6786471,
              24.8796576
            ],
            [
              118.6784447,
              24.8797134
            ],
            [
              118.6783631,
              24.8798276
            ],
            [
              118.6784195,
              24.8800707
            ]
          ]
        ]
      },
      "properties": {
        "osm_id": 808592148,
        "building": "apartments",
        "building:levels": "",
        "building:flats": "",
        "addr:housenumber": "",
        "area_m2": 2757.92
      }
    },
    {
      "type": "Feature",
      "geometry": {
        "type": "Polygon",
        "coordinates": [
          [
            [
              118.6772341,
              24.8754625
            ],
            [
              118.6775776,
              24.8756291
            ],
            [
              118.67748,
              24.8757946
            ],
            [
              118.6771366,
              24.875628
            ],
            [
              118.6772341,
              24.8754625
            ]
          ]
        ]
      },
      "properties": {
        "osm_id": 808592152,
        "building": "school",
        "building:levels": "",
        "building:flats": "",
        "addr:housenumber": "",
        "area_m2": 815.95
      }
    },
    {
      "type": "Feature",
      "geometry": {
        "type": "Polygon",
        "coordinates": [
          [
            [
              118.675764,
              24.8771505
            ],
            [
              118.6764502,
              24.8774742
            ],
            [
              118.676526,
              24.8773419
            ],
            [
              118.6758399,
              24.8770181
            ],
            [
              118.675764,
              24.8771505
            ]
          ]
        ]
      },
      "properties": {
        "osm_id": 808592153,
        "building": "school",
        "building:levels": "",
        "building:flats": "",
        "addr:housenumber": "",
        "area_m2": 1287.89
      }
    },
    {
      "type": "Feature",
      "geometry": {
        "type": "Polygon",
        "coordinates": [
          [
            [
              118.6748037,
              24.8768425
            ],
            [
              118.6751691,
              24.877015
            ],
            [
              118.6754913,
              24.8764532
            ],
            [
              118.6751258,
              24.8762807
            ],
            [
              118.6748037,
              24.8768425
            ]
          ]
        ]
      },
      "properties": {
        "osm_id": 808592155,
        "building": "school",
        "building:levels": "",
        "building:flats": "",
        "addr:housenumber": "",
        "area_m2": 2912.28
      }
    },
    {
      "type": "Feature",
      "geometry": {
        "type": "Polygon",
        "coordinates": [
          [
            [
              118.6756906,
              24.8761357
            ],
            [
              118.6758526,
              24.8761443
            ],
            [
              118.6760018,
              24.8761772
            ],
            [
              118.6761095,
              24.8762616
            ],
            [
              118.6761948,
              24.8763649
            ],
            [
              118.6761121,
              24.8764079
            ],
            [
              118.6761216,
              24.8764947
            ],
            [
              118.6759949,
              24.8765064
            ],
            [
              118.6758811,
              24.8764806
            ],
            [
              118.6757604,
              24.8764141
            ],
            [
              118.6756803,
              24.8763672
            ],
            [
              118.675613,
              24.8762718
            ],
            [
              118.6757121,
              24.8762343
            ],
            [
              118.6756906,
              24.8761357
            ]
          ]
        ]
      },
      "properties": {
        "osm_id": 808592156,
        "building": "school",
        "building:levels": "",
        "building:flats": "",
        "addr:housenumber": "",
        "area_m2": 1517.35
      }
    },
    {
      "type": "Feature",
      "geometry": {
        "type": "Polygon",
        "coordinates": [
          [
            [
              118.6772237,
              24.8789553
            ],
            [
              118.6782515,
              24.8794154
            ],
            [
              118.678148,
              24.8796057
            ],
            [
              118.6771202,
              24.8791457
            ],
            [
              118.6772237,
              24.8789553
            ]
          ]
        ]
      },
      "properties": {
        "osm_id": 808592157,
        "building": "apartments",
        "building:levels": "",
        "building:flats": "",
        "addr:housenumber": "",
        "area_m2": 2715.54
      }
    },
    {
      "type": "Feature",
      "geometry": {
        "type": "Polygon",
        "coordinates": [
          [
            [
              118.6767899,
              24.875675
            ],
            [
              118.6771334,
              24.8758416
            ],
            [
              118.6770358,
              24.8760071
            ],
            [
              118.6766924,
              24.8758405
            ],
            [
              118.6767899,
              24.875675
            ]
          ]
        ]
      },
      "properties": {
        "osm_id": 808592158,
        "building": "school",
        "building:levels": "",
        "building:flats": "",
        "addr:housenumber": "",
        "area_m2": 815.95
      }
    },
    {
      "type": "Feature",
      "geometry": {
        "type": "Polygon",
        "coordinates": [
          [
            [
              118.6787448,
              24.8810494
            ],
            [
              118.6788327,
              24.8810327
            ],
            [
              118.6788012,
              24.8808963
            ],
            [
              118.6789673,
              24.8808647
            ],
            [
              118.6790009,
              24.8810099
            ],
            [
              118.6791271,
              24.8810741
            ],
            [
              118.6790593,
              24.8811837
            ],
            [
              118.678946,
              24.881126
            ],
            [
              118.6787822,
              24.8811684
            ],
            [
              118.6787448,
              24.8810494
            ]
          ]
        ]
      },
      "properties": {
        "osm_id": 808592159,
        "building": "apartments",
        "building:levels": "",
        "building:flats": "",
        "addr:housenumber": "",
        "area_m2": 741.21
      }
    },
    {
      "type": "Feature",
      "geometry": {
        "type": "Polygon",
        "coordinates": [
          [
            [
              118.6776229,
              24.8807277
            ],
            [
              118.6777881,
              24.8806914
            ],
            [
              118.6778265,
              24.8808352
            ],
            [
              118.6779248,
              24.8808136
            ],
            [
              118.6779545,
              24.880925
            ],
            [
              118.6777699,
              24.8809655
            ],
            [
              118.6777271,
              24.8810503
            ],
            [
              118.6776245,
              24.8810077
            ],
            [
              118.6776855,
              24.8808869
            ],
            [
              118.6776229,
              24.8807277
            ]
          ]
        ]
      },
      "properties": {
        "osm_id": 808592160,
        "building": "apartments",
        "building:levels": "",
        "building:flats": "",
        "addr:housenumber": "",
        "area_m2": 698.52
      }
    },
    {
      "type": "Feature",
      "geometry": {
        "type": "Polygon",
        "coordinates": [
          [
            [
              118.6771337,
              24.8749949
            ],
            [
              118.6774772,
              24.8751615
            ],
            [
              118.6773796,
              24.875327
            ],
            [
              118.6770362,
              24.8751604
            ],
            [
              118.6771337,
              24.8749949
            ]
          ]
        ]
      },
      "properties": {
        "osm_id": 808592162,
        "building": "school",
        "building:levels": "",
        "building:flats": "",
        "addr:housenumber": "",
        "area_m2": 815.95
      }
    },
    {
      "type": "Feature",
      "geometry": {
        "type": "Polygon",
        "coordinates": [
          [
            [
              118.6782414,
              24.8810239
            ],
            [
              118.6784066,
              24.8809876
            ],
            [
              118.678445,
              24.8811314
            ],
            [
              118.6785433,
              24.8811098
            ],
            [
              118.678573,
              24.8812212
            ],
            [
              118.6783884,
              24.8812617
            ],
            [
              118.6783456,
              24.8813465
            ],
            [
              118.678243,
              24.8813039
            ],
            [
              118.678304,
              24.8811831
            ],
            [
              118.6782414,
              24.8810239
            ]
          ]
        ]
      },
      "properties": {
        "osm_id": 808592163,
        "building": "apartments",
        "building:levels": "",
        "building:flats": "",
        "addr:housenumber": "",
        "area_m2": 698.52
      }
    },
    {
      "type": "Feature",
      "geometry": {
        "type": "Polygon",
        "coordinates": [
          [
            [
              118.6779007,
              24.8805741
            ],
            [
              118.6783715,
              24.8804517
            ],
            [
              118.6784144,
              24.8805878
            ],
            [
              118.6779436,
              24.8807101
            ],
            [
              118.6779007,
              24.8805741
            ]
          ]
        ]
      },
      "properties": {
        "osm_id": 808592164,
        "building": "apartments",
        "building:levels": "",
        "building:flats": "",
        "addr:housenumber": "",
        "area_m2": 773.63
      }
    },
    {
      "type": "Feature",
      "geometry": {
        "type": "Polygon",
        "coordinates": [
          [
            [
              118.6761141,
              24.8767879
            ],
            [
              118.6767506,
              24.8770785
            ],
            [
              118.6766755,
              24.877214
            ],
            [
              118.6760389,
              24.8769235
            ],
            [
              118.6761141,
              24.8767879
            ]
          ]
        ]
      },
      "properties": {
        "osm_id": 808592168,
        "building": "school",
        "building:levels": "",
        "building:flats": "",
        "addr:housenumber": "",
        "area_m2": 1206.96
      }
    },
    {
      "type": "Feature",
      "geometry": {
        "type": "Polygon",
        "coordinates": [
          [
            [
              118.6791055,
              24.8804837
            ],
            [
              118.6791934,
              24.880467
            ],
            [
              118.6791619,
              24.8803306
            ],
            [
              118.679328,
              24.880299
            ],
            [
              118.6793616,
              24.8804442
            ],
            [
              118.6794878,
              24.8805084
            ],
            [
              118.67942,
              24.880618
            ],
            [
              118.6793067,
              24.8805603
            ],
            [
              118.6791429,
              24.8806027
            ],
            [
              118.6791055,
              24.8804837
            ]
          ]
        ]
      },
      "properties": {
        "osm_id": 808592169,
        "building": "apartments",
        "building:levels": "",
        "building:flats": "",
        "addr:housenumber": "",
        "area_m2": 741.21
      }
    },
    {
      "type": "Feature",
      "geometry": {
        "type": "Polygon",
        "coordinates": [
          [
            [
              118.6776759,
              24.8728729
            ],
            [
              118.6780017,
              24.8730261
            ],
            [
              118.6780599,
              24.8729256
            ],
            [
              118.6779636,
              24.8728798
            ],
            [
              118.6780271,
              24.8727701
            ],
            [
              118.6778898,
              24.8727048
            ],
            [
              118.6778192,
              24.872827
            ],
            [
              118.6777278,
              24.8727834
            ],
            [
              118.6776759,
              24.8728729
            ]
          ]
        ]
      },
      "properties": {
        "osm_id": 808625428,
        "building": "apartments",
        "building:levels": "",
        "building:flats": "",
        "addr:housenumber": "",
        "area_m2": 666.39
      }
    },
    {
      "type": "Feature",
      "geometry": {
        "type": "Polygon",
        "coordinates": [
          [
            [
              118.6785853,
              24.8728078
            ],
            [
              118.6787448,
              24.8728663
            ],
            [
              118.6788958,
              24.872975
            ],
            [
              118.6789843,
              24.8728834
            ],
            [
              118.678879,
              24.8728044
            ],
            [
              118.678942,
              24.8727162
            ],
            [
              118.6788309,
              24.8726521
            ],
            [
              118.6787672,
              24.8727445
            ],
            [
              118.6786353,
              24.8726967
            ],
            [
              118.6785853,
              24.8728078
            ]
          ]
        ]
      },
      "properties": {
        "osm_id": 808625430,
        "building": "apartments",
        "building:levels": "",
        "building:flats": "",
        "addr:housenumber": "",
        "area_m2": 677.03
      }
    },
    {
      "type": "Feature",
      "geometry": {
        "type": "Polygon",
        "coordinates": [
          [
            [
              118.6781802,
              24.8731015
            ],
            [
              118.678506,
              24.8732547
            ],
            [
              118.6785642,
              24.8731542
            ],
            [
              118.6784679,
              24.8731084
            ],
            [
              118.6785314,
              24.8729987
            ],
            [
              118.6783941,
              24.8729334
            ],
            [
              118.6783235,
              24.8730556
            ],
            [
              118.6782321,
              24.873012
            ],
            [
              118.6781802,
              24.8731015
            ]
          ]
        ]
      },
      "properties": {
        "osm_id": 808625431,
        "building": "apartments",
        "building:levels": "",
        "building:flats": "",
        "addr:housenumber": "",
        "area_m2": 666.39
      }
    },
    {
      "type": "Feature",
      "geometry": {
        "type": "Polygon",
        "coordinates": [
          [
            [
              118.6780549,
              24.8763485
            ],
            [
              118.6785394,
              24.8765433
            ],
            [
              118.6787155,
              24.8761831
            ],
            [
              118.678231,
              24.8759882
            ],
            [
              118.6780549,
              24.8763485
            ]
          ]
        ]
      },
      "properties": {
        "osm_id": 808625434,
        "building": "apartments",
        "building:levels": "",
        "building:flats": "",
        "addr:housenumber": "",
        "area_m2": 2331.5
      }
    },
    {
      "type": "Feature",
      "geometry": {
        "type": "Polygon",
        "coordinates": [
          [
            [
              118.6784935,
              24.8754533
            ],
            [
              118.6786974,
              24.8750854
            ],
            [
              118.6791096,
              24.8752734
            ],
            [
              118.6789057,
              24.8756413
            ],
            [
              118.6784935,
              24.8754533
            ]
          ]
        ]
      },
      "properties": {
        "osm_id": 808625435,
        "building": "apartments",
        "building:levels": "",
        "building:flats": "",
        "addr:housenumber": "",
        "area_m2": 2120.82
      }
    },
    {
      "type": "Feature",
      "geometry": {
        "type": "Polygon",
        "coordinates": [
          [
            [
              118.6775877,
              24.8723343
            ],
            [
              118.6777472,
              24.8723928
            ],
            [
              118.6778982,
              24.8725015
            ],
            [
              118.6779867,
              24.8724099
            ],
            [
              118.6778814,
              24.8723309
            ],
            [
              118.6779444,
              24.8722427
            ],
            [
              118.6778333,
              24.8721786
            ],
            [
              118.6777696,
              24.872271
            ],
            [
              118.6776377,
              24.8722232
            ],
            [
              118.6775877,
              24.8723343
            ]
          ]
        ]
      },
      "properties": {
        "osm_id": 808625437,
        "building": "apartments",
        "building:levels": "",
        "building:flats": "",
        "addr:housenumber": "",
        "area_m2": 677.03
      }
    },
    {
      "type": "Feature",
      "geometry": {
        "type": "Polygon",
        "coordinates": [
          [
            [
              118.6780263,
              24.8720289
            ],
            [
              118.6781858,
              24.8720874
            ],
            [
              118.6783368,
              24.8721961
            ],
            [
              118.6784253,
              24.8721045
            ],
            [
              118.67832,
              24.8720255
            ],
            [
              118.678383,
              24.8719373
            ],
            [
              118.6782719,
              24.8718732
            ],
            [
              118.6782082,
              24.8719656
            ],
            [
              118.6780763,
              24.8719178
            ],
            [
              118.6780263,
              24.8720289
            ]
          ]
        ]
      },
      "properties": {
        "osm_id": 808625438,
        "building": "apartments",
        "building:levels": "",
        "building:flats": "",
        "addr:housenumber": "",
        "area_m2": 677.03
      }
    },
    {
      "type": "Feature",
      "geometry": {
        "type": "Polygon",
        "coordinates": [
          [
            [
              118.6791449,
              24.8756959
            ],
            [
              118.6793537,
              24.8753827
            ],
            [
              118.6796925,
              24.8755687
            ],
            [
              118.6794837,
              24.8758818
            ],
            [
              118.6791449,
              24.8756959
            ]
          ]
        ]
      },
      "properties": {
        "osm_id": 808625439,
        "building": "apartments",
        "building:levels": "",
        "building:flats": "",
        "addr:housenumber": "",
        "area_m2": 1617.8
      }
    },
    {
      "type": "Feature",
      "geometry": {
        "type": "Polygon",
        "coordinates": [
          [
            [
              118.6785567,
              24.8723106
            ],
            [
              118.6787162,
              24.8723691
            ],
            [
              118.6788672,
              24.8724778
            ],
            [
              118.6789557,
              24.8723862
            ],
            [
              118.6788504,
              24.8723072
            ],
            [
              118.6789134,
              24.872219
            ],
            [
              118.6788023,
              24.8721549
            ],
            [
              118.6787386,
              24.8722473
            ],
            [
              118.6786067,
              24.8721995
            ],
            [
              118.6785567,
              24.8723106
            ]
          ]
        ]
      },
      "properties": {
        "osm_id": 808625442,
        "building": "apartments",
        "building:levels": "",
        "building:flats": "",
        "addr:housenumber": "",
        "area_m2": 677.03
      }
    },
    {
      "type": "Feature",
      "geometry": {
        "type": "Polygon",
        "coordinates": [
          [
            [
              118.6809809,
              24.8690891
            ],
            [
              118.6807467,
              24.8681708
            ],
            [
              118.681399,
              24.8679189
            ],
            [
              118.6815452,
              24.8679832
            ],
            [
              118.6817703,
              24.8688963
            ],
            [
              118.6809809,
              24.8690891
            ]
          ]
        ]
      },
      "properties": {
        "osm_id": 808631744,
        "building": "construction",
        "building:levels": "",
        "building:flats": "",
        "addr:housenumber": "",
        "area_m2": 9043.19
      }
    },
    {
      "type": "Feature",
      "geometry": {
        "type": "Polygon",
        "coordinates": [
          [
            [
              118.6742331,
              24.8642636
            ],
            [
              118.6745659,
              24.8644495
            ],
            [
              118.6744779,
              24.8645793
            ],
            [
              118.674145,
              24.8643934
            ],
            [
              118.6742331,
              24.8642636
            ]
          ]
        ]
      },
      "properties": {
        "osm_id": 808631745,
        "building": "apartments",
        "building:levels": "",
        "building:flats": "",
        "addr:housenumber": "",
        "area_m2": 665.02
      }
    },
    {
      "type": "Feature",
      "geometry": {
        "type": "Polygon",
        "coordinates": [
          [
            [
              118.678214,
              24.8713963
            ],
            [
              118.6783735,
              24.8714548
            ],
            [
              118.6785245,
              24.8715635
            ],
            [
              118.678613,
              24.8714719
            ],
            [
              118.6785077,
              24.8713929
            ],
            [
              118.6785707,
              24.8713047
            ],
            [
              118.6784596,
              24.8712406
            ],
            [
              118.6783959,
              24.871333
            ],
            [
              118.678264,
              24.8712852
            ],
            [
              118.678214,
              24.8713963
            ]
          ]
        ]
      },
      "properties": {
        "osm_id": 808631746,
        "building": "apartments",
        "building:levels": "",
        "building:flats": "",
        "addr:housenumber": "",
        "area_m2": 677.03
      }
    },
    {
      "type": "Feature",
      "geometry": {
        "type": "Polygon",
        "coordinates": [
          [
            [
              118.6740994,
              24.8654965
            ],
            [
              118.6743847,
              24.8656501
            ],
            [
              118.6743003,
              24.865779
            ],
            [
              118.6740151,
              24.8656254
            ],
            [
              118.6740994,
              24.8654965
            ]
          ]
        ]
      },
      "properties": {
        "osm_id": 808631747,
        "building": "apartments",
        "building:levels": "",
        "building:flats": "",
        "addr:housenumber": "",
        "area_m2": 555.09
      }
    },
    {
      "type": "Feature",
      "geometry": {
        "type": "Polygon",
        "coordinates": [
          [
            [
              118.6798795,
              24.8693102
            ],
            [
              118.6798048,
              24.8687875
            ],
            [
              118.6803174,
              24.8687272
            ],
            [
              118.6803922,
              24.8692498
            ],
            [
              118.6798795,
              24.8693102
            ]
          ]
        ]
      },
      "properties": {
        "osm_id": 808631748,
        "building": "construction",
        "building:levels": "",
        "building:flats": "",
        "addr:housenumber": "",
        "area_m2": 3041.41
      }
    },
    {
      "type": "Feature",
      "geometry": {
        "type": "Polygon",
        "coordinates": [
          [
            [
              118.673407,
              24.8657912
            ],
            [
              118.6736469,
              24.8659202
            ],
            [
              118.6735628,
              24.866049
            ],
            [
              118.6733229,
              24.86592
            ],
            [
              118.673407,
              24.8657912
            ]
          ]
        ]
      },
      "properties": {
        "osm_id": 808631749,
        "building": "apartments",
        "building:levels": "",
        "building:flats": "",
        "addr:housenumber": "",
        "area_m2": 466.04
      }
    },
    {
      "type": "Feature",
      "geometry": {
        "type": "Polygon",
        "coordinates": [
          [
            [
              118.6789336,
              24.871795
            ],
            [
              118.6790931,
              24.8718535
            ],
            [
              118.6792441,
              24.8719622
            ],
            [
              118.6793326,
              24.8718706
            ],
            [
              118.6792273,
              24.8717916
            ],
            [
              118.6792903,
              24.8717034
            ],
            [
              118.6791792,
              24.8716393
            ],
            [
              118.6791155,
              24.8717317
            ],
            [
              118.6789836,
              24.8716839
            ],
            [
              118.6789336,
              24.871795
            ]
          ]
        ]
      },
      "properties": {
        "osm_id": 808631750,
        "building": "apartments",
        "building:levels": "",
        "building:flats": "",
        "addr:housenumber": "",
        "area_m2": 677.03
      }
    },
    {
      "type": "Feature",
      "geometry": {
        "type": "Polygon",
        "coordinates": [
          [
            [
              118.6763384,
              24.8616787
            ],
            [
              118.6766602,
              24.8618525
            ],
            [
              118.6765478,
              24.8620239
            ],
            [
              118.676226,
              24.8618501
            ],
            [
              118.6763384,
              24.8616787
            ]
          ]
        ]
      },
      "properties": {
        "osm_id": 808631752,
        "building": "apartments",
        "building:levels": "",
        "building:flats": "",
        "addr:housenumber": "",
        "area_m2": 833.8
      }
    },
    {
      "type": "Feature",
      "geometry": {
        "type": "Polygon",
        "coordinates": [
          [
            [
              118.6756926,
              24.8617995
            ],
            [
              118.6760859,
              24.8619889
            ],
            [
              118.676019,
              24.8621033
            ],
            [
              118.6756257,
              24.8619139
            ],
            [
              118.6756926,
              24.8617995
            ]
          ]
        ]
      },
      "properties": {
        "osm_id": 808631753,
        "building": "apartments",
        "building:levels": "",
        "building:flats": "",
        "addr:housenumber": "",
        "area_m2": 643.72
      }
    },
    {
      "type": "Feature",
      "geometry": {
        "type": "Polygon",
        "coordinates": [
          [
            [
              118.6785275,
              24.8709333
            ],
            [
              118.678687,
              24.8709918
            ],
            [
              118.678838,
              24.8711005
            ],
            [
              118.6789265,
              24.8710089
            ],
            [
              118.6788212,
              24.8709299
            ],
            [
              118.6788842,
              24.8708417
            ],
            [
              118.6787731,
              24.8707776
            ],
            [
              118.6787094,
              24.87087
            ],
            [
              118.6785775,
              24.8708222
            ],
            [
              118.6785275,
              24.8709333
            ]
          ]
        ]
      },
      "properties": {
        "osm_id": 808631754,
        "building": "apartments",
        "building:levels": "",
        "building:flats": "",
        "addr:housenumber": "",
        "area_m2": 677.03
      }
    },
    {
      "type": "Feature",
      "geometry": {
        "type": "Polygon",
        "coordinates": [
          [
            [
              118.6804049,
              24.8674144
            ],
            [
              118.680913,
              24.8671928
            ],
            [
              118.6807298,
              24.8668573
            ],
            [
              118.6806252,
              24.8667669
            ],
            [
              118.6805452,
              24.8667758
            ],
            [
              118.6804147,
              24.8669445
            ],
            [
              118.6803585,
              24.8671744
            ],
            [
              118.6803642,
              24.8672712
            ],
            [
              118.6804049,
              24.8674144
            ]
          ]
        ]
      },
      "properties": {
        "osm_id": 808631755,
        "building": "yes",
        "building:levels": "",
        "building:flats": "",
        "addr:housenumber": "",
        "area_m2": 2430.77
      }
    },
    {
      "type": "Feature",
      "geometry": {
        "type": "Polygon",
        "coordinates": [
          [
            [
              118.6788902,
              24.8662032
            ],
            [
              118.6796063,
              24.8651527
            ],
            [
              118.6800514,
              24.8657461
            ],
            [
              118.679648,
              24.8663225
            ],
            [
              118.6788902,
              24.8662032
            ]
          ]
        ]
      },
      "properties": {
        "osm_id": 808631756,
        "building": "yes",
        "building:levels": "",
        "building:flats": "",
        "addr:housenumber": "",
        "area_m2": 7688.33
      }
    },
    {
      "type": "Feature",
      "geometry": {
        "type": "Polygon",
        "coordinates": [
          [
            [
              118.6747365,
              24.8655382
            ],
            [
              118.6750397,
              24.865678
            ],
            [
              118.6752126,
              24.8653694
            ],
            [
              118.6749093,
              24.8652296
            ],
            [
              118.6747365,
              24.8655382
            ]
          ]
        ]
      },
      "properties": {
        "osm_id": 808631757,
        "building": "apartments",
        "building:levels": "",
        "building:flats": "",
        "addr:housenumber": "",
        "area_m2": 1314.45
      }
    },
    {
      "type": "Feature",
      "geometry": {
        "type": "Polygon",
        "coordinates": [
          [
            [
              118.678132,
              24.8702799
            ],
            [
              118.6783146,
              24.870433
            ],
            [
              118.6785447,
              24.8705473
            ],
            [
              118.6785908,
              24.870477
            ],
            [
              118.6785371,
              24.870442
            ],
            [
              118.678595,
              24.8703633
            ],
            [
              118.6786423,
              24.8704052
            ],
            [
              118.6787013,
              24.8703375
            ],
            [
              118.678497,
              24.8701835
            ],
            [
              118.6782833,
              24.8700911
            ],
            [
              118.6782377,
              24.8701507
            ],
            [
              118.6783067,
              24.8701977
            ],
            [
              118.6782377,
              24.8702719
            ],
            [
              118.6781832,
              24.870228
            ],
            [
              118.678132,
              24.8702799
            ]
          ]
        ]
      },
      "properties": {
        "osm_id": 808631758,
        "building": "yes",
        "building:levels": "",
        "building:flats": "",
        "addr:housenumber": "",
        "area_m2": 1354.38
      }
    },
    {
      "type": "Feature",
      "geometry": {
        "type": "Polygon",
        "coordinates": [
          [
            [
              118.6747106,
              24.8645319
            ],
            [
              118.6750434,
              24.8647178
            ],
            [
              118.6749554,
              24.8648476
            ],
            [
              118.6746225,
              24.8646617
            ],
            [
              118.6747106,
              24.8645319
            ]
          ]
        ]
      },
      "properties": {
        "osm_id": 808631759,
        "building": "apartments",
        "building:levels": "",
        "building:flats": "",
        "addr:housenumber": "",
        "area_m2": 665.02
      }
    },
    {
      "type": "Feature",
      "geometry": {
        "type": "Polygon",
        "coordinates": [
          [
            [
              118.6736978,
              24.8653026
            ],
            [
              118.6739377,
              24.8654316
            ],
            [
              118.6738536,
              24.8655604
            ],
            [
              118.6736137,
              24.8654314
            ],
            [
              118.6736978,
              24.8653026
            ]
          ]
        ]
      },
      "properties": {
        "osm_id": 808631760,
        "building": "apartments",
        "building:levels": "",
        "building:flats": "",
        "addr:housenumber": "",
        "area_m2": 466.04
      }
    },
    {
      "type": "Feature",
      "geometry": {
        "type": "Polygon",
        "coordinates": [
          [
            [
              118.6739448,
              24.8648235
            ],
            [
              118.6742776,
              24.8650094
            ],
            [
              118.6741896,
              24.8651392
            ],
            [
              118.6738567,
              24.8649533
            ],
            [
              118.6739448,
              24.8648235
            ]
          ]
        ]
      },
      "properties": {
        "osm_id": 808631761,
        "building": "apartments",
        "building:levels": "",
        "building:flats": "",
        "addr:housenumber": "",
        "area_m2": 665.02
      }
    },
    {
      "type": "Feature",
      "geometry": {
        "type": "Polygon",
        "coordinates": [
          [
            [
              118.6794396,
              24.8708563
            ],
            [
              118.6795991,
              24.8709148
            ],
            [
              118.6797501,
              24.8710235
            ],
            [
              118.6798386,
              24.8709319
            ],
            [
              118.6797333,
              24.8708529
            ],
            [
              118.6797963,
              24.8707647
            ],
            [
              118.6796852,
              24.8707006
            ],
            [
              118.6796215,
              24.870793
            ],
            [
              118.6794896,
              24.8707452
            ],
            [
              118.6794396,
              24.8708563
            ]
          ]
        ]
      },
      "properties": {
        "osm_id": 808631763,
        "building": "apartments",
        "building:levels": "",
        "building:flats": "",
        "addr:housenumber": "",
        "area_m2": 677.03
      }
    },
    {
      "type": "Feature",
      "geometry": {
        "type": "Polygon",
        "coordinates": [
          [
            [
              118.6764991,
              24.8622173
            ],
            [
              118.6767785,
              24.8623701
            ],
            [
              118.6766822,
              24.862515
            ],
            [
              118.6764028,
              24.8623622
            ],
            [
              118.6764991,
              24.8622173
            ]
          ]
        ]
      },
      "properties": {
        "osm_id": 808631764,
        "building": "apartments",
        "building:levels": "",
        "building:flats": "",
        "addr:housenumber": "",
        "area_m2": 616.21
      }
    },
    {
      "type": "Feature",
      "geometry": {
        "type": "Polygon",
        "coordinates": [
          [
            [
              118.6758004,
              24.8631435
            ],
            [
              118.6762622,
              24.8634128
            ],
            [
              118.676187,
              24.8635189
            ],
            [
              118.6757253,
              24.8632495
            ],
            [
              118.6758004,
              24.8631435
            ]
          ]
        ]
      },
      "properties": {
        "osm_id": 808631765,
        "building": "apartments",
        "building:levels": "",
        "building:flats": "",
        "addr:housenumber": "",
        "area_m2": 772.61
      }
    },
    {
      "type": "Feature",
      "geometry": {
        "type": "Polygon",
        "coordinates": [
          [
            [
              118.675724,
              24.862465
            ],
            [
              118.6761858,
              24.8627343
            ],
            [
              118.6761106,
              24.8628404
            ],
            [
              118.6756489,
              24.862571
            ],
            [
              118.675724,
              24.862465
            ]
          ]
        ]
      },
      "properties": {
        "osm_id": 808631766,
        "building": "apartments",
        "building:levels": "",
        "building:flats": "",
        "addr:housenumber": "",
        "area_m2": 772.61
      }
    },
    {
      "type": "Feature",
      "geometry": {
        "type": "Polygon",
        "coordinates": [
          [
            [
              118.6743781,
              24.8661216
            ],
            [
              118.6746813,
              24.8662614
            ],
            [
              118.6748542,
              24.8659528
            ],
            [
              118.6745509,
              24.865813
            ],
            [
              118.6743781,
              24.8661216
            ]
          ]
        ]
      },
      "properties": {
        "osm_id": 808631768,
        "building": "apartments",
        "building:levels": "",
        "building:flats": "",
        "addr:housenumber": "",
        "area_m2": 1314.45
      }
    },
    {
      "type": "Feature",
      "geometry": {
        "type": "Polygon",
        "coordinates": [
          [
            [
              118.6810732,
              24.8706263
            ],
            [
              118.6808801,
              24.8703734
            ],
            [
              118.6809955,
              24.8698563
            ],
            [
              118.681994,
              24.8698634
            ],
            [
              118.68209,
              24.8705537
            ],
            [
              118.6819506,
              24.8707392
            ],
            [
              118.6818101,
              24.8707558
            ],
            [
              118.6810732,
              24.8706263
            ]
          ]
        ]
      },
      "properties": {
        "osm_id": 808631769,
        "building": "construction",
        "building:levels": "",
        "building:flats": "",
        "addr:housenumber": "",
        "area_m2": 10131.34
      }
    },
    {
      "type": "Feature",
      "geometry": {
        "type": "Polygon",
        "coordinates": [
          [
            [
              118.6789324,
              24.8706091
            ],
            [
              118.6790919,
              24.8706676
            ],
            [
              118.6792429,
              24.8707763
            ],
            [
              118.6793314,
              24.8706847
            ],
            [
              118.6792261,
              24.8706057
            ],
            [
              118.6792891,
              24.8705175
            ],
            [
              118.679178,
              24.8704534
            ],
            [
              118.6791143,
              24.8705458
            ],
            [
              118.6789824,
              24.870498
            ],
            [
              118.6789324,
              24.8706091
            ]
          ]
        ]
      },
      "properties": {
        "osm_id": 808631770,
        "building": "apartments",
        "building:levels": "",
        "building:flats": "",
        "addr:housenumber": "",
        "area_m2": 677.03
      }
    },
    {
      "type": "Feature",
      "geometry": {
        "type": "Polygon",
        "coordinates": [
          [
            [
              118.6792961,
              24.8713683
            ],
            [
              118.6794556,
              24.8714268
            ],
            [
              118.6796066,
              24.8715355
            ],
            [
              118.6796951,
              24.8714439
            ],
            [
              118.6795898,
              24.8713649
            ],
            [
              118.6796528,
              24.8712767
            ],
            [
              118.6795417,
              24.8712126
            ],
            [
              118.679478,
              24.871305
            ],
            [
              118.6793461,
              24.8712572
            ],
            [
              118.6792961,
              24.8713683
            ]
          ]
        ]
      },
      "properties": {
        "osm_id": 808631771,
        "building": "apartments",
        "building:levels": "",
        "building:flats": "",
        "addr:housenumber": "",
        "area_m2": 677.03
      }
    },
    {
      "type": "Feature",
      "geometry": {
        "type": "Polygon",
        "coordinates": [
          [
            [
              118.675126,
              24.8627849
            ],
            [
              118.6755878,
              24.8630542
            ],
            [
              118.6755126,
              24.8631603
            ],
            [
              118.6750509,
              24.8628909
            ],
            [
              118.675126,
              24.8627849
            ]
          ]
        ]
      },
      "properties": {
        "osm_id": 808631772,
        "building": "apartments",
        "building:levels": "",
        "building:flats": "",
        "addr:housenumber": "",
        "area_m2": 772.61
      }
    },
    {
      "type": "Feature",
      "geometry": {
        "type": "Polygon",
        "coordinates": [
          [
            [
              118.6744259,
              24.865069
            ],
            [
              118.6747112,
              24.8652226
            ],
            [
              118.6746268,
              24.8653515
            ],
            [
              118.6743416,
              24.8651979
            ],
            [
              118.6744259,
              24.865069
            ]
          ]
        ]
      },
      "properties": {
        "osm_id": 808631773,
        "building": "apartments",
        "building:levels": "",
        "building:flats": "",
        "addr:housenumber": "",
        "area_m2": 555.09
      }
    },
    {
      "type": "Feature",
      "geometry": {
        "type": "Polygon",
        "coordinates": [
          [
            [
              118.6796249,
              24.8698793
            ],
            [
              118.679766,
              24.8696264
            ],
            [
              118.6802938,
              24.8698687
            ],
            [
              118.6801528,
              24.8701216
            ],
            [
              118.6796249,
              24.8698793
            ]
          ]
        ]
      },
      "properties": {
        "osm_id": 808631774,
        "building": "construction",
        "building:levels": "",
        "building:flats": "",
        "addr:housenumber": "",
        "area_m2": 1871.74
      }
    },
    {
      "type": "Feature",
      "geometry": {
        "type": "Polygon",
        "coordinates": [
          [
            [
              118.6758577,
              24.8613074
            ],
            [
              118.6761371,
              24.8614602
            ],
            [
              118.6760408,
              24.8616051
            ],
            [
              118.6757614,
              24.8614523
            ],
            [
              118.6758577,
              24.8613074
            ]
          ]
        ]
      },
      "properties": {
        "osm_id": 808631775,
        "building": "apartments",
        "building:levels": "",
        "building:flats": "",
        "addr:housenumber": "",
        "area_m2": 616.21
      }
    },
    {
      "type": "Feature",
      "geometry": {
        "type": "Polygon",
        "coordinates": [
          [
            [
              118.6738036,
              24.8659958
            ],
            [
              118.6741364,
              24.8661817
            ],
            [
              118.6740484,
              24.8663115
            ],
            [
              118.6737155,
              24.8661256
            ],
            [
              118.6738036,
              24.8659958
            ]
          ]
        ]
      },
      "properties": {
        "osm_id": 808631776,
        "building": "apartments",
        "building:levels": "",
        "building:flats": "",
        "addr:housenumber": "",
        "area_m2": 665.02
      }
    },
    {
      "type": "Feature",
      "geometry": {
        "type": "Polygon",
        "coordinates": [
          [
            [
              118.6762498,
              24.8629168
            ],
            [
              118.6764894,
              24.8630552
            ],
            [
              118.6765893,
              24.8629129
            ],
            [
              118.6763498,
              24.8627744
            ],
            [
              118.6762498,
              24.8629168
            ]
          ]
        ]
      },
      "properties": {
        "osm_id": 808631777,
        "building": "apartments",
        "building:levels": "",
        "building:flats": "",
        "addr:housenumber": "",
        "area_m2": 535.14
      }
    },
    {
      "type": "Feature",
      "geometry": {
        "type": "Polygon",
        "coordinates": [
          [
            [
              118.5288978,
              24.7708712
            ],
            [
              118.5286242,
              24.7705303
            ],
            [
              118.5281092,
              24.7708371
            ],
            [
              118.5284096,
              24.7711927
            ],
            [
              118.5288978,
              24.7708712
            ]
          ]
        ]
      },
      "properties": {
        "osm_id": 890948504,
        "building": "yes",
        "building:levels": "",
        "building:flats": "",
        "addr:housenumber": "",
        "area_m2": 2956.52
      }
    },
    {
      "type": "Feature",
      "geometry": {
        "type": "Polygon",
        "coordinates": [
          [
            [
              118.5925053,
              24.9111659
            ],
            [
              118.5919536,
              24.9112974
            ],
            [
              118.5919884,
              24.9114174
            ],
            [
              118.5925401,
              24.9112859
            ],
            [
              118.5925053,
              24.9111659
            ]
          ]
        ]
      },
      "properties": {
        "osm_id": 890978651,
        "building": "yes",
        "building:levels": "",
        "building:flats": "",
        "addr:housenumber": "",
        "area_m2": 790.14
      }
    },
    {
      "type": "Feature",
      "geometry": {
        "type": "Polygon",
        "coordinates": [
          [
            [
              118.5926014,
              24.9110482
            ],
            [
              118.5925352,
              24.9108786
            ],
            [
              118.5922748,
              24.9109622
            ],
            [
              118.5923017,
              24.9110313
            ],
            [
              118.5919891,
              24.9111316
            ],
            [
              118.5919595,
              24.9110557
            ],
            [
              118.5917411,
              24.9111258
            ],
            [
              118.5917721,
              24.9112054
            ],
            [
              118.5917367,
              24.9112167
            ],
            [
              118.5917745,
              24.9113136
            ],
            [
              118.5926014,
              24.9110482
            ]
          ]
        ]
      },
      "properties": {
        "osm_id": 890978652,
        "building": "yes",
        "building:levels": "",
        "building:flats": "",
        "addr:housenumber": "",
        "area_m2": 1476.69
      }
    },
    {
      "type": "Feature",
      "geometry": {
        "type": "Polygon",
        "coordinates": [
          [
            [
              118.6676181,
              24.9830001
            ],
            [
              118.6675262,
              24.9828326
            ],
            [
              118.6672446,
              24.9829596
            ],
            [
              118.6673364,
              24.9831271
            ],
            [
              118.6676181,
              24.9830001
            ]
          ]
        ]
      },
      "properties": {
        "osm_id": 895718117,
        "building": "roof",
        "building:levels": "",
        "building:flats": "",
        "addr:housenumber": "",
        "area_m2": 656.86
      }
    },
    {
      "type": "Feature",
      "geometry": {
        "type": "Polygon",
        "coordinates": [
          [
            [
              118.6649074,
              24.9809875
            ],
            [
              118.6648155,
              24.98082
            ],
            [
              118.6645338,
              24.9809469
            ],
            [
              118.6646257,
              24.9811144
            ],
            [
              118.6649074,
              24.9809875
            ]
          ]
        ]
      },
      "properties": {
        "osm_id": 895718118,
        "building": "roof",
        "building:levels": "",
        "building:flats": "",
        "addr:housenumber": "",
        "area_m2": 656.92
      }
    },
    {
      "type": "Feature",
      "geometry": {
        "type": "Polygon",
        "coordinates": [
          [
            [
              118.6448709,
              24.9409031
            ],
            [
              118.6450612,
              24.9407772
            ],
            [
              118.6451913,
              24.9409389
            ],
            [
              118.6450009,
              24.9410648
            ],
            [
              118.6448709,
              24.9409031
            ]
          ]
        ]
      },
      "properties": {
        "osm_id": 895719941,
        "building": "roof",
        "building:levels": "",
        "building:flats": "",
        "addr:housenumber": "",
        "area_m2": 526.38
      }
    },
    {
      "type": "Feature",
      "geometry": {
        "type": "Polygon",
        "coordinates": [
          [
            [
              118.6328887,
              24.9736426
            ],
            [
              118.6330741,
              24.9735153
            ],
            [
              118.6332148,
              24.9736838
            ],
            [
              118.6330294,
              24.973811
            ],
            [
              118.6328887,
              24.9736426
            ]
          ]
        ]
      },
      "properties": {
        "osm_id": 895721840,
        "building": "roof",
        "building:levels": "",
        "building:flats": "",
        "addr:housenumber": "",
        "area_m2": 548.5
      }
    },
    {
      "type": "Feature",
      "geometry": {
        "type": "Polygon",
        "coordinates": [
          [
            [
              118.5820059,
              24.916471
            ],
            [
              118.5819963,
              24.916409
            ],
            [
              118.5819412,
              24.9163714
            ],
            [
              118.5818728,
              24.91638
            ],
            [
              118.5818313,
              24.91643
            ],
            [
              118.5818409,
              24.916492
            ],
            [
              118.581896,
              24.9165297
            ],
            [
              118.5819643,
              24.916521
            ],
            [
              118.5820059,
              24.916471
            ]
          ]
        ]
      },
      "properties": {
        "osm_id": 904695151,
        "building": "yes",
        "building:levels": "",
        "building:flats": "",
        "addr:housenumber": "",
        "area_m2": 232.86
      }
    },
    {
      "type": "Feature",
      "geometry": {
        "type": "Polygon",
        "coordinates": [
          [
            [
              118.5799421,
              24.9167633
            ],
            [
              118.5799325,
              24.9167013
            ],
            [
              118.5798774,
              24.9166636
            ],
            [
              118.579809,
              24.9166723
            ],
            [
              118.5797675,
              24.9167223
            ],
            [
              118.5797771,
              24.9167843
            ],
            [
              118.5798322,
              24.9168219
            ],
            [
              118.5799005,
              24.9168133
            ],
            [
              118.5799421,
              24.9167633
            ]
          ]
        ]
      },
      "properties": {
        "osm_id": 904695152,
        "building": "yes",
        "building:levels": "",
        "building:flats": "",
        "addr:housenumber": "",
        "area_m2": 232.86
      }
    },
    {
      "type": "Feature",
      "geometry": {
        "type": "Polygon",
        "coordinates": [
          [
            [
              118.5879286,
              24.9076554
            ],
            [
              118.587944,
              24.9076234
            ],
            [
              118.5879299,
              24.9075908
            ],
            [
              118.5878946,
              24.9075768
            ],
            [
              118.5878587,
              24.9075896
            ],
            [
              118.5878433,
              24.9076217
            ],
            [
              118.5878574,
              24.9076542
            ],
            [
              118.5878927,
              24.9076682
            ],
            [
              118.5879286,
              24.9076554
            ]
          ]
        ]
      },
      "properties": {
        "osm_id": 905026229,
        "building": "yes",
        "building:levels": "",
        "building:flats": "",
        "addr:housenumber": "",
        "area_m2": 72.66
      }
    },
    {
      "type": "Feature",
      "geometry": {
        "type": "Polygon",
        "coordinates": [
          [
            [
              118.5906081,
              24.914055
            ],
            [
              118.5906788,
              24.9143231
            ],
            [
              118.5906143,
              24.9143924
            ],
            [
              118.5901959,
              24.914482
            ],
            [
              118.5901508,
              24.9143087
            ],
            [
              118.5905107,
              24.9142316
            ],
            [
              118.5904722,
              24.9140841
            ],
            [
              118.5906081,
              24.914055
            ]
          ]
        ]
      },
      "properties": {
        "osm_id": 905026232,
        "building": "retail",
        "building:levels": "",
        "building:flats": "",
        "addr:housenumber": "",
        "area_m2": 1226.42
      }
    },
    {
      "type": "Feature",
      "geometry": {
        "type": "Polygon",
        "coordinates": [
          [
            [
              118.5863842,
              24.9087325
            ],
            [
              118.586403,
              24.9087744
            ],
            [
              118.5864456,
              24.9087588
            ],
            [
              118.5864268,
              24.9087168
            ],
            [
              118.5863842,
              24.9087325
            ]
          ]
        ]
      },
      "properties": {
        "osm_id": 905662226,
        "building": "yes",
        "building:levels": "",
        "building:flats": "",
        "addr:housenumber": "",
        "area_m2": 23.23
      }
    },
    {
      "type": "Feature",
      "geometry": {
        "type": "Polygon",
        "coordinates": [
          [
            [
              118.585785,
              24.9084959
            ],
            [
              118.5858887,
              24.9084591
            ],
            [
              118.5858505,
              24.9083706
            ],
            [
              118.5857468,
              24.9084075
            ],
            [
              118.585785,
              24.9084959
            ]
          ]
        ]
      },
      "properties": {
        "osm_id": 905662229,
        "building": "yes",
        "building:levels": "",
        "building:flats": "",
        "addr:housenumber": "",
        "area_m2": 118.11
      }
    },
    {
      "type": "Feature",
      "geometry": {
        "type": "Polygon",
        "coordinates": [
          [
            [
              118.5857346,
              24.9085139
            ],
            [
              118.585785,
              24.9084959
            ],
            [
              118.5857468,
              24.9084075
            ],
            [
              118.5857036,
              24.9083075
            ],
            [
              118.5856532,
              24.9083254
            ],
            [
              118.5856946,
              24.9084214
            ],
            [
              118.5857346,
              24.9085139
            ]
          ]
        ]
      },
      "properties": {
        "osm_id": 905662230,
        "building": "yes",
        "building:levels": "",
        "building:flats": "",
        "addr:housenumber": "",
        "area_m2": 122.39
      }
    },
    {
      "type": "Feature",
      "geometry": {
        "type": "Polygon",
        "coordinates": [
          [
            [
              118.5860192,
              24.9083742
            ],
            [
              118.5860002,
              24.9083271
            ],
            [
              118.5859086,
              24.9083574
            ],
            [
              118.5859275,
              24.9084045
            ],
            [
              118.5860192,
              24.9083742
            ]
          ]
        ]
      },
      "properties": {
        "osm_id": 905662231,
        "building": "yes",
        "building:levels": "",
        "building:flats": "",
        "addr:housenumber": "",
        "area_m2": 54.6
      }
    },
    {
      "type": "Feature",
      "geometry": {
        "type": "Polygon",
        "coordinates": [
          [
            [
              118.5860991,
              24.9082238
            ],
            [
              118.5859752,
              24.9082648
            ],
            [
              118.5860002,
              24.9083271
            ],
            [
              118.5860192,
              24.9083742
            ],
            [
              118.5861431,
              24.9083332
            ],
            [
              118.5860991,
              24.9082238
            ]
          ]
        ]
      },
      "properties": {
        "osm_id": 905662234,
        "building": "yes",
        "building:levels": "",
        "building:flats": "",
        "addr:housenumber": "",
        "area_m2": 171.49
      }
    },
    {
      "type": "Feature",
      "geometry": {
        "type": "Polygon",
        "coordinates": [
          [
            [
              118.5855709,
              24.9092792
            ],
            [
              118.5856339,
              24.9094636
            ],
            [
              118.5856437,
              24.9094884
            ],
            [
              118.5860074,
              24.9093741
            ],
            [
              118.5859116,
              24.9091652
            ],
            [
              118.5855709,
              24.9092792
            ]
          ]
        ]
      },
      "properties": {
        "osm_id": 905662235,
        "building": "yes",
        "building:levels": "",
        "building:flats": "",
        "addr:housenumber": "",
        "area_m2": 930.71
      }
    },
    {
      "type": "Feature",
      "geometry": {
        "type": "Polygon",
        "coordinates": [
          [
            [
              118.586192,
              24.90918
            ],
            [
              118.586077,
              24.9092134
            ],
            [
              118.5860619,
              24.9091705
            ],
            [
              118.5861768,
              24.9091371
            ],
            [
              118.586192,
              24.90918
            ]
          ]
        ]
      },
      "properties": {
        "osm_id": 905662238,
        "building": "yes",
        "building:levels": "",
        "building:flats": "",
        "addr:housenumber": "",
        "area_m2": 60.7
      }
    },
    {
      "type": "Feature",
      "geometry": {
        "type": "Polygon",
        "coordinates": [
          [
            [
              118.5861365,
              24.909382
            ],
            [
              118.5862515,
              24.9093486
            ],
            [
              118.5862171,
              24.9092513
            ],
            [
              118.5861022,
              24.9092846
            ],
            [
              118.5861365,
              24.909382
            ]
          ]
        ]
      },
      "properties": {
        "osm_id": 905662239,
        "building": "yes",
        "building:levels": "",
        "building:flats": "",
        "addr:housenumber": "",
        "area_m2": 137.71
      }
    },
    {
      "type": "Feature",
      "geometry": {
        "type": "Polygon",
        "coordinates": [
          [
            [
              118.5865445,
              24.9089707
            ],
            [
              118.586474,
              24.9087969
            ],
            [
              118.5864126,
              24.9088174
            ],
            [
              118.5864831,
              24.9089912
            ],
            [
              118.5865445,
              24.9089707
            ]
          ]
        ]
      },
      "properties": {
        "osm_id": 905662240,
        "building": "yes",
        "building:levels": "",
        "building:flats": "",
        "addr:housenumber": "",
        "area_m2": 135.26
      }
    },
    {
      "type": "Feature",
      "geometry": {
        "type": "Polygon",
        "coordinates": [
          [
            [
              118.5862158,
              24.9090805
            ],
            [
              118.5862781,
              24.9090597
            ],
            [
              118.5862034,
              24.9088756
            ],
            [
              118.5861411,
              24.9088964
            ],
            [
              118.5862158,
              24.9090805
            ]
          ]
        ]
      },
      "properties": {
        "osm_id": 905662241,
        "building": "yes",
        "building:levels": "",
        "building:flats": "",
        "addr:housenumber": "",
        "area_m2": 145.38
      }
    },
    {
      "type": "Feature",
      "geometry": {
        "type": "Polygon",
        "coordinates": [
          [
            [
              118.586301,
              24.9092902
            ],
            [
              118.5866297,
              24.9091805
            ],
            [
              118.5865445,
              24.9089707
            ],
            [
              118.5864831,
              24.9089912
            ],
            [
              118.5862781,
              24.9090597
            ],
            [
              118.5862158,
              24.9090805
            ],
            [
              118.586301,
              24.9092902
            ]
          ]
        ]
      },
      "properties": {
        "osm_id": 905662242,
        "building": "yes",
        "building:levels": "",
        "building:flats": "",
        "addr:housenumber": "",
        "area_m2": 874.03
      }
    },
    {
      "type": "Feature",
      "geometry": {
        "type": "Polygon",
        "coordinates": [
          [
            [
              118.5856437,
              24.9094884
            ],
            [
              118.5856584,
              24.9095253
            ],
            [
              118.5860851,
              24.9094069
            ],
            [
              118.5857346,
              24.9085139
            ],
            [
              118.5856946,
              24.9084214
            ],
            [
              118.5854414,
              24.908504
            ],
            [
              118.5852001,
              24.9085827
            ],
            [
              118.5854645,
              24.9092496
            ],
            [
              118.5855591,
              24.909488
            ],
            [
              118.5856339,
              24.9094636
            ],
            [
              118.5855709,
              24.9092792
            ],
            [
              118.5853273,
              24.9086803
            ],
            [
              118.5856679,
              24.9085663
            ],
            [
              118.5859116,
              24.9091652
            ],
            [
              118.5860074,
              24.9093741
            ],
            [
              118.5856437,
              24.9094884
            ]
          ]
        ]
      },
      "properties": {
        "osm_id": 905662243,
        "building": "yes",
        "building:levels": "",
        "building:flats": "",
        "addr:housenumber": "",
        "area_m2": 2517.9
      }
    },
    {
      "type": "Feature",
      "geometry": {
        "type": "Polygon",
        "coordinates": [
          [
            [
              118.5791684,
              24.9111723
            ],
            [
              118.5798666,
              24.9106948
            ],
            [
              118.5799804,
              24.9107833
            ],
            [
              118.5792287,
              24.9112569
            ],
            [
              118.5791684,
              24.9111723
            ]
          ]
        ]
      },
      "properties": {
        "osm_id": 905662256,
        "building": "apartments",
        "building:levels": "",
        "building:flats": "",
        "addr:housenumber": "",
        "area_m2": 1162.55
      }
    },
    {
      "type": "Feature",
      "geometry": {
        "type": "Polygon",
        "coordinates": [
          [
            [
              118.5791844,
              24.9112849
            ],
            [
              118.5785535,
              24.9117168
            ],
            [
              118.5784905,
              24.9116365
            ],
            [
              118.5791267,
              24.9112009
            ],
            [
              118.5791844,
              24.9112849
            ]
          ]
        ]
      },
      "properties": {
        "osm_id": 905662257,
        "building": "apartments",
        "building:levels": "",
        "building:flats": "",
        "addr:housenumber": "",
        "area_m2": 873.22
      }
    },
    {
      "type": "Feature",
      "geometry": {
        "type": "Polygon",
        "coordinates": [
          [
            [
              118.6073729,
              24.9127231
            ],
            [
              118.6073852,
              24.912994
            ],
            [
              118.6074361,
              24.9129798
            ],
            [
              118.6075216,
              24.912956
            ],
            [
              118.6075916,
              24.9132213
            ],
            [
              118.6075924,
              24.9132639
            ],
            [
              118.6075696,
              24.913298
            ],
            [
              118.6074035,
              24.9133356
            ],
            [
              118.6074145,
              24.9133766
            ],
            [
              118.6074369,
              24.9134597
            ],
            [
              118.6076474,
              24.9134123
            ],
            [
              118.6076407,
              24.9133892
            ],
            [
              118.6078057,
              24.913332
            ],
            [
              118.6076045,
              24.9125925
            ],
            [
              118.6074663,
              24.9126288
            ],
            [
              118.6073685,
              24.9126545
            ],
            [
              118.6073729,
              24.9127231
            ]
          ]
        ]
      },
      "properties": {
        "osm_id": 905664925,
        "building": "yes",
        "building:levels": "",
        "building:flats": "",
        "addr:housenumber": "",
        "area_m2": 2223.49
      }
    },
    {
      "type": "Feature",
      "geometry": {
        "type": "Polygon",
        "coordinates": [
          [
            [
              118.5809192,
              24.9121546
            ],
            [
              118.5812598,
              24.9120902
            ],
            [
              118.5812284,
              24.9119534
            ],
            [
              118.5808877,
              24.9120179
            ],
            [
              118.580897,
              24.9120583
            ],
            [
              118.5808959,
              24.9120585
            ],
            [
              118.5808796,
              24.9120717
            ],
            [
              118.5808739,
              24.9120908
            ],
            [
              118.5808804,
              24.9121097
            ],
            [
              118.5808971,
              24.9121224
            ],
            [
              118.5809122,
              24.9121242
            ],
            [
              118.5809192,
              24.9121546
            ]
          ]
        ]
      },
      "properties": {
        "osm_id": 905707006,
        "building": "church",
        "building:levels": "",
        "building:flats": "",
        "addr:housenumber": "",
        "area_m2": 559.14
      }
    },
    {
      "type": "Feature",
      "geometry": {
        "type": "Polygon",
        "coordinates": [
          [
            [
              118.5798738,
              24.9173677
            ],
            [
              118.5798725,
              24.9174571
            ],
            [
              118.5798711,
              24.9175489
            ],
            [
              118.5799408,
              24.9175497
            ],
            [
              118.5799422,
              24.9174595
            ],
            [
              118.5799435,
              24.9173685
            ],
            [
              118.5798738,
              24.9173677
            ]
          ]
        ]
      },
      "properties": {
        "osm_id": 905707012,
        "building": "yes",
        "building:levels": "",
        "building:flats": "",
        "addr:housenumber": "",
        "area_m2": 141.04
      }
    },
    {
      "type": "Feature",
      "geometry": {
        "type": "Polygon",
        "coordinates": [
          [
            [
              118.6235818,
              24.8462457
            ],
            [
              118.6269658,
              24.8461896
            ],
            [
              118.6270613,
              24.8429683
            ],
            [
              118.6230803,
              24.8429241
            ],
            [
              118.6236406,
              24.8445648
            ],
            [
              118.6235818,
              24.8462457
            ]
          ]
        ]
      },
      "properties": {
        "osm_id": 907046547,
        "building": "yes",
        "building:levels": "",
        "building:flats": "",
        "addr:housenumber": "",
        "area_m2": 128703.35
      }
    },
    {
      "type": "Feature",
      "geometry": {
        "type": "Polygon",
        "coordinates": [
          [
            [
              118.6227114,
              24.8856323
            ],
            [
              118.6231714,
              24.8857339
            ],
            [
              118.6232849,
              24.8853108
            ],
            [
              118.6228249,
              24.8852092
            ],
            [
              118.6227919,
              24.8853323
            ],
            [
              118.6226822,
              24.8853081
            ],
            [
              118.62263,
              24.8855026
            ],
            [
              118.6227397,
              24.8855268
            ],
            [
              118.6227114,
              24.8856323
            ]
          ]
        ]
      },
      "properties": {
        "osm_id": 925899046,
        "building": "yes",
        "building:levels": "",
        "building:flats": "",
        "addr:housenumber": "",
        "area_m2": 2553.64
      }
    },
    {
      "type": "Feature",
      "geometry": {
        "type": "Polygon",
        "coordinates": [
          [
            [
              118.6308187,
              24.9172935
            ],
            [
              118.6303102,
              24.9168119
            ],
            [
              118.6305301,
              24.916621
            ],
            [
              118.6306269,
              24.9167127
            ],
            [
              118.6305498,
              24.9167796
            ],
            [
              118.6309615,
              24.9171694
            ],
            [
              118.6308187,
              24.9172935
            ]
          ]
        ]
      },
      "properties": {
        "osm_id": 954841972,
        "building": "yes",
        "building:levels": "",
        "building:flats": "",
        "addr:housenumber": "",
        "area_m2": 1622.88
      }
    },
    {
      "type": "Feature",
      "geometry": {
        "type": "Polygon",
        "coordinates": [
          [
            [
              118.6317275,
              24.9186294
            ],
            [
              118.6313519,
              24.9182639
            ],
            [
              118.6314236,
              24.9182033
            ],
            [
              118.6317991,
              24.9185689
            ],
            [
              118.6317275,
              24.9186294
            ]
          ]
        ]
      },
      "properties": {
        "osm_id": 954841973,
        "building": "yes",
        "building:levels": "",
        "building:flats": "",
        "addr:housenumber": "",
        "area_m2": 546.23
      }
    },
    {
      "type": "Feature",
      "geometry": {
        "type": "Polygon",
        "coordinates": [
          [
            [
              118.6280037,
              24.9158582
            ],
            [
              118.6282051,
              24.9157221
            ],
            [
              118.6280366,
              24.9154996
            ],
            [
              118.6278279,
              24.9156424
            ],
            [
              118.6280037,
              24.9158582
            ]
          ]
        ]
      },
      "properties": {
        "osm_id": 954841983,
        "building": "garage",
        "building:levels": "",
        "building:flats": "",
        "addr:housenumber": "",
        "area_m2": 769.63
      }
    },
    {
      "type": "Feature",
      "geometry": {
        "type": "Polygon",
        "coordinates": [
          [
            [
              118.6277401,
              24.9146385
            ],
            [
              118.6279809,
              24.9145145
            ],
            [
              118.6278054,
              24.9142341
            ],
            [
              118.6275645,
              24.9143581
            ],
            [
              118.6277401,
              24.9146385
            ]
          ]
        ]
      },
      "properties": {
        "osm_id": 954841984,
        "building": "garage",
        "building:levels": "",
        "building:flats": "",
        "addr:housenumber": "",
        "area_m2": 996.91
      }
    },
    {
      "type": "Feature",
      "geometry": {
        "type": "Polygon",
        "coordinates": [
          [
            [
              118.6388772,
              24.9285803
            ],
            [
              118.6380021,
              24.9276552
            ],
            [
              118.6382924,
              24.9274295
            ],
            [
              118.6391672,
              24.9283547
            ],
            [
              118.6388772,
              24.9285803
            ]
          ]
        ]
      },
      "properties": {
        "osm_id": 954841987,
        "building": "warehouse",
        "building:levels": "",
        "building:flats": "",
        "addr:housenumber": "",
        "area_m2": 5200.57
      }
    },
    {
      "type": "Feature",
      "geometry": {
        "type": "Polygon",
        "coordinates": [
          [
            [
              118.63926,
              24.9282807
            ],
            [
              118.6383572,
              24.9273387
            ],
            [
              118.6386153,
              24.9271352
            ],
            [
              118.6395183,
              24.928077
            ],
            [
              118.63926,
              24.9282807
            ]
          ]
        ]
      },
      "properties": {
        "osm_id": 954841988,
        "building": "warehouse",
        "building:levels": "",
        "building:flats": "",
        "addr:housenumber": "",
        "area_m2": 4767.04
      }
    },
    {
      "type": "Feature",
      "geometry": {
        "type": "Polygon",
        "coordinates": [
          [
            [
              118.6378586,
              24.9275592
            ],
            [
              118.635422,
              24.9250623
            ],
            [
              118.6356964,
              24.924842
            ],
            [
              118.6381336,
              24.9273384
            ],
            [
              118.6378586,
              24.9275592
            ]
          ]
        ]
      },
      "properties": {
        "osm_id": 954841989,
        "building": "warehouse",
        "building:levels": "",
        "building:flats": "",
        "addr:housenumber": "",
        "area_m2": 13655.89
      }
    },
    {
      "type": "Feature",
      "geometry": {
        "type": "Polygon",
        "coordinates": [
          [
            [
              118.6382496,
              24.927309
            ],
            [
              118.6360152,
              24.92507
            ],
            [
              118.636278,
              24.9248542
            ],
            [
              118.638513,
              24.9270928
            ],
            [
              118.6382496,
              24.927309
            ]
          ]
        ]
      },
      "properties": {
        "osm_id": 954841990,
        "building": "warehouse",
        "building:levels": "",
        "building:flats": "",
        "addr:housenumber": "",
        "area_m2": 11963.94
      }
    },
    {
      "type": "Feature",
      "geometry": {
        "type": "Polygon",
        "coordinates": [
          [
            [
              118.6351101,
              24.9239909
            ],
            [
              118.6355371,
              24.9244216
            ],
            [
              118.63542,
              24.924517
            ],
            [
              118.6352804,
              24.9243761
            ],
            [
              118.6351441,
              24.9244872
            ],
            [
              118.6349878,
              24.9243293
            ],
            [
              118.6351369,
              24.9242078
            ],
            [
              118.6350061,
              24.9240757
            ],
            [
              118.6351101,
              24.9239909
            ]
          ]
        ]
      },
      "properties": {
        "osm_id": 954841991,
        "building": "yes",
        "building:levels": "",
        "building:flats": "",
        "addr:housenumber": "",
        "area_m2": 1416.67
      }
    },
    {
      "type": "Feature",
      "geometry": {
        "type": "Polygon",
        "coordinates": [
          [
            [
              118.6348619,
              24.9240179
            ],
            [
              118.6345797,
              24.9237162
            ],
            [
              118.6347784,
              24.9235632
            ],
            [
              118.6350607,
              24.9238649
            ],
            [
              118.6348619,
              24.9240179
            ]
          ]
        ]
      },
      "properties": {
        "osm_id": 954841992,
        "building": "yes",
        "building:levels": "",
        "building:flats": "",
        "addr:housenumber": "",
        "area_m2": 1151.46
      }
    },
    {
      "type": "Feature",
      "geometry": {
        "type": "Polygon",
        "coordinates": [
          [
            [
              118.5090565,
              24.8449214
            ],
            [
              118.5085013,
              24.8443299
            ],
            [
              118.5090377,
              24.8439429
            ],
            [
              118.5095795,
              24.8445392
            ],
            [
              118.5090565,
              24.8449214
            ]
          ]
        ]
      },
      "properties": {
        "osm_id": 964821534,
        "building": "yes",
        "building:levels": "",
        "building:flats": "",
        "addr:housenumber": "",
        "area_m2": 5866.77
      }
    },
    {
      "type": "Feature",
      "geometry": {
        "type": "Polygon",
        "coordinates": [
          [
            [
              118.4904792,
              24.8215794
            ],
            [
              118.4897526,
              24.8215806
            ],
            [
              118.4894164,
              24.821359
            ],
            [
              118.4893456,
              24.8209896
            ],
            [
              118.4904612,
              24.8210075
            ],
            [
              118.4904792,
              24.8215794
            ]
          ]
        ]
      },
      "properties": {
        "osm_id": 970899441,
        "building": "yes",
        "building:levels": "",
        "building:flats": "",
        "addr:housenumber": "",
        "area_m2": 6564.57
      }
    },
    {
      "type": "Feature",
      "geometry": {
        "type": "Polygon",
        "coordinates": [
          [
            [
              118.5031191,
              24.8538767
            ],
            [
              118.503111,
              24.8541505
            ],
            [
              118.5031866,
              24.8541523
            ],
            [
              118.5031947,
              24.8538785
            ],
            [
              118.5031191,
              24.8538767
            ]
          ]
        ]
      },
      "properties": {
        "osm_id": 974394800,
        "building": "yes",
        "building:levels": "",
        "building:flats": "",
        "addr:housenumber": "",
        "area_m2": 231.23
      }
    },
    {
      "type": "Feature",
      "geometry": {
        "type": "Polygon",
        "coordinates": [
          [
            [
              118.5028361,
              24.8537063
            ],
            [
              118.5028321,
              24.8539095
            ],
            [
              118.5028949,
              24.8539106
            ],
            [
              118.5028989,
              24.8537073
            ],
            [
              118.5028361,
              24.8537063
            ]
          ]
        ]
      },
      "properties": {
        "osm_id": 974394801,
        "building": "yes",
        "building:levels": "",
        "building:flats": "",
        "addr:housenumber": "",
        "area_m2": 142.54
      }
    },
    {
      "type": "Feature",
      "geometry": {
        "type": "Polygon",
        "coordinates": [
          [
            [
              118.5028173,
              24.8541261
            ],
            [
              118.5028769,
              24.85413
            ],
            [
              118.5028876,
              24.853995
            ],
            [
              118.502828,
              24.8539911
            ],
            [
              118.5028173,
              24.8541261
            ]
          ]
        ]
      },
      "properties": {
        "osm_id": 974394802,
        "building": "yes",
        "building:levels": "",
        "building:flats": "",
        "addr:housenumber": "",
        "area_m2": 90.29
      }
    },
    {
      "type": "Feature",
      "geometry": {
        "type": "Polygon",
        "coordinates": [
          [
            [
              118.5068406,
              24.8507772
            ],
            [
              118.5068178,
              24.8509098
            ],
            [
              118.5069264,
              24.8509252
            ],
            [
              118.5069492,
              24.8507926
            ],
            [
              118.5068406,
              24.8507772
            ]
          ]
        ]
      },
      "properties": {
        "osm_id": 974394803,
        "building": "yes",
        "building:levels": "",
        "building:flats": "",
        "addr:housenumber": "",
        "area_m2": 164.67
      }
    },
    {
      "type": "Feature",
      "geometry": {
        "type": "Polygon",
        "coordinates": [
          [
            [
              118.5071719,
              24.8507066
            ],
            [
              118.5071169,
              24.8509719
            ],
            [
              118.5073308,
              24.8510084
            ],
            [
              118.5073858,
              24.8507431
            ],
            [
              118.5071719,
              24.8507066
            ]
          ]
        ]
      },
      "properties": {
        "osm_id": 974394804,
        "building": "yes",
        "building:levels": "",
        "building:flats": "",
        "addr:housenumber": "",
        "area_m2": 655.9
      }
    },
    {
      "type": "Feature",
      "geometry": {
        "type": "Polygon",
        "coordinates": [
          [
            [
              118.5062626,
              24.8504864
            ],
            [
              118.506233,
              24.8503439
            ],
            [
              118.505934,
              24.8503951
            ],
            [
              118.5059635,
              24.8505375
            ],
            [
              118.5062626,
              24.8504864
            ]
          ]
        ]
      },
      "properties": {
        "osm_id": 974394805,
        "building": "yes",
        "building:levels": "",
        "building:flats": "",
        "addr:housenumber": "",
        "area_m2": 492.42
      }
    },
    {
      "type": "Feature",
      "geometry": {
        "type": "Polygon",
        "coordinates": [
          [
            [
              118.5060762,
              24.8509171
            ],
            [
              118.5064986,
              24.850832
            ],
            [
              118.5064355,
              24.8505743
            ],
            [
              118.5060131,
              24.8506594
            ],
            [
              118.5060762,
              24.8509171
            ]
          ]
        ]
      },
      "properties": {
        "osm_id": 974394806,
        "building": "yes",
        "building:levels": "",
        "building:flats": "",
        "addr:housenumber": "",
        "area_m2": 1275.09
      }
    },
    {
      "type": "Feature",
      "geometry": {
        "type": "Polygon",
        "coordinates": [
          [
            [
              118.509496,
              24.8481754
            ],
            [
              118.5096878,
              24.8482289
            ],
            [
              118.5097206,
              24.8481322
            ],
            [
              118.5095288,
              24.8480787
            ],
            [
              118.509496,
              24.8481754
            ]
          ]
        ]
      },
      "properties": {
        "osm_id": 974394807,
        "building": "yes",
        "building:levels": "",
        "building:flats": "",
        "addr:housenumber": "",
        "area_m2": 226.64
      }
    },
    {
      "type": "Feature",
      "geometry": {
        "type": "Polygon",
        "coordinates": [
          [
            [
              118.5094182,
              24.8471994
            ],
            [
              118.5097937,
              24.8473783
            ],
            [
              118.5098586,
              24.8472662
            ],
            [
              118.5094831,
              24.8470873
            ],
            [
              118.5094182,
              24.8471994
            ]
          ]
        ]
      },
      "properties": {
        "osm_id": 974394808,
        "building": "yes",
        "building:levels": "",
        "building:flats": "",
        "addr:housenumber": "",
        "area_m2": 599.51
      }
    },
    {
      "type": "Feature",
      "geometry": {
        "type": "Polygon",
        "coordinates": [
          [
            [
              118.5089555,
              24.8475766
            ],
            [
              118.5092707,
              24.847758
            ],
            [
              118.5093324,
              24.8476697
            ],
            [
              118.5090172,
              24.8474884
            ],
            [
              118.5089555,
              24.8475766
            ]
          ]
        ]
      },
      "properties": {
        "osm_id": 974394809,
        "building": "yes",
        "building:levels": "",
        "building:flats": "",
        "addr:housenumber": "",
        "area_m2": 435.43
      }
    },
    {
      "type": "Feature",
      "geometry": {
        "type": "Polygon",
        "coordinates": [
          [
            [
              118.5090199,
              24.848218
            ],
            [
              118.5091606,
              24.8480875
            ],
            [
              118.5080287,
              24.8470823
            ],
            [
              118.507888,
              24.8472128
            ],
            [
              118.5090199,
              24.848218
            ]
          ]
        ]
      },
      "properties": {
        "osm_id": 974394810,
        "building": "yes",
        "building:levels": "",
        "building:flats": "",
        "addr:housenumber": "",
        "area_m2": 3227.8
      }
    },
    {
      "type": "Feature",
      "geometry": {
        "type": "Polygon",
        "coordinates": [
          [
            [
              118.5055639,
              24.8446644
            ],
            [
              118.5055382,
              24.8447578
            ],
            [
              118.5060585,
              24.8448758
            ],
            [
              118.5060842,
              24.8447825
            ],
            [
              118.5055639,
              24.8446644
            ]
          ]
        ]
      },
      "properties": {
        "osm_id": 974394811,
        "building": "yes",
        "building:levels": "",
        "building:flats": "",
        "addr:housenumber": "",
        "area_m2": 576.07
      }
    },
    {
      "type": "Feature",
      "geometry": {
        "type": "Polygon",
        "coordinates": [
          [
            [
              118.5009183,
              24.8403538
            ],
            [
              118.5009203,
              24.8402677
            ],
            [
              118.5007258,
              24.8402641
            ],
            [
              118.5007238,
              24.8403501
            ],
            [
              118.5009183,
              24.8403538
            ]
          ]
        ]
      },
      "properties": {
        "osm_id": 974394812,
        "building": "yes",
        "building:levels": "",
        "building:flats": "",
        "addr:housenumber": "",
        "area_m2": 186.92
      }
    },
    {
      "type": "Feature",
      "geometry": {
        "type": "Polygon",
        "coordinates": [
          [
            [
              118.4994484,
              24.8311223
            ],
            [
              118.4996429,
              24.8316274
            ],
            [
              118.4998025,
              24.8315768
            ],
            [
              118.4996081,
              24.8310717
            ],
            [
              118.4994484,
              24.8311223
            ]
          ]
        ]
      },
      "properties": {
        "osm_id": 974394813,
        "building": "yes",
        "building:levels": "",
        "building:flats": "",
        "addr:housenumber": "",
        "area_m2": 1010.03
      }
    },
    {
      "type": "Feature",
      "geometry": {
        "type": "Polygon",
        "coordinates": [
          [
            [
              118.499604,
              24.8310286
            ],
            [
              118.4994977,
              24.8308105
            ],
            [
              118.4991007,
              24.8309699
            ],
            [
              118.499207,
              24.831188
            ],
            [
              118.499604,
              24.8310286
            ]
          ]
        ]
      },
      "properties": {
        "osm_id": 974394814,
        "building": "yes",
        "building:levels": "",
        "building:flats": "",
        "addr:housenumber": "",
        "area_m2": 1155.73
      }
    },
    {
      "type": "Feature",
      "geometry": {
        "type": "Polygon",
        "coordinates": [
          [
            [
              118.5015553,
              24.8270923
            ],
            [
              118.5015151,
              24.8273942
            ],
            [
              118.5017102,
              24.8274156
            ],
            [
              118.5017504,
              24.8271138
            ],
            [
              118.5015553,
              24.8270923
            ]
          ]
        ]
      },
      "properties": {
        "osm_id": 974394815,
        "building": "yes",
        "building:levels": "",
        "building:flats": "",
        "addr:housenumber": "",
        "area_m2": 667.04
      }
    },
    {
      "type": "Feature",
      "geometry": {
        "type": "Polygon",
        "coordinates": [
          [
            [
              118.5042188,
              24.8269426
            ],
            [
              118.5039371,
              24.827051
            ],
            [
              118.5040437,
              24.8272791
            ],
            [
              118.5043253,
              24.8271708
            ],
            [
              118.5042188,
              24.8269426
            ]
          ]
        ]
      },
      "properties": {
        "osm_id": 974394816,
        "building": "yes",
        "building:levels": "",
        "building:flats": "",
        "addr:housenumber": "",
        "area_m2": 846.21
      }
    },
    {
      "type": "Feature",
      "geometry": {
        "type": "Polygon",
        "coordinates": [
          [
            [
              118.5034329,
              24.8271642
            ],
            [
              118.5031714,
              24.8272688
            ],
            [
              118.5032556,
              24.8274422
            ],
            [
              118.5035171,
              24.8273375
            ],
            [
              118.5034329,
              24.8271642
            ]
          ]
        ]
      },
      "properties": {
        "osm_id": 974394817,
        "building": "yes",
        "building:levels": "",
        "building:flats": "",
        "addr:housenumber": "",
        "area_m2": 604.41
      }
    },
    {
      "type": "Feature",
      "geometry": {
        "type": "Polygon",
        "coordinates": [
          [
            [
              118.5043944,
              24.8308241
            ],
            [
              118.5049134,
              24.8307121
            ],
            [
              118.5048794,
              24.8305821
            ],
            [
              118.5043604,
              24.8306941
            ],
            [
              118.5043944,
              24.8308241
            ]
          ]
        ]
      },
      "properties": {
        "osm_id": 974394818,
        "building": "yes",
        "building:levels": "",
        "building:flats": "",
        "addr:housenumber": "",
        "area_m2": 795.7
      }
    },
    {
      "type": "Feature",
      "geometry": {
        "type": "Polygon",
        "coordinates": [
          [
            [
              118.506732,
              24.8308777
            ],
            [
              118.5065818,
              24.8309848
            ],
            [
              118.506671,
              24.8310879
            ],
            [
              118.5068212,
              24.8309808
            ],
            [
              118.506732,
              24.8308777
            ]
          ]
        ]
      },
      "properties": {
        "osm_id": 974394819,
        "building": "yes",
        "building:levels": "",
        "building:flats": "",
        "addr:housenumber": "",
        "area_m2": 279.52
      }
    },
    {
      "type": "Feature",
      "geometry": {
        "type": "Polygon",
        "coordinates": [
          [
            [
              118.5053694,
              24.8309969
            ],
            [
              118.5052818,
              24.8308398
            ],
            [
              118.5050538,
              24.8309444
            ],
            [
              118.5051414,
              24.8311016
            ],
            [
              118.5053694,
              24.8309969
            ]
          ]
        ]
      },
      "properties": {
        "osm_id": 974394820,
        "building": "yes",
        "building:levels": "",
        "building:flats": "",
        "addr:housenumber": "",
        "area_m2": 502.32
      }
    },
    {
      "type": "Feature",
      "geometry": {
        "type": "Polygon",
        "coordinates": [
          [
            [
              118.5144702,
              24.8329102
            ],
            [
              118.5134965,
              24.8329796
            ],
            [
              118.5135207,
              24.8332315
            ],
            [
              118.5144608,
              24.8330843
            ],
            [
              118.5144702,
              24.8329102
            ]
          ]
        ]
      },
      "properties": {
        "osm_id": 974394822,
        "building": "yes",
        "building:levels": "",
        "building:flats": "",
        "addr:housenumber": "",
        "area_m2": 2284.24
      }
    },
    {
      "type": "Feature",
      "geometry": {
        "type": "Polygon",
        "coordinates": [
          [
            [
              118.5118979,
              24.8331488
            ],
            [
              118.5119033,
              24.8334482
            ],
            [
              118.5134053,
              24.8332169
            ],
            [
              118.5133946,
              24.8330417
            ],
            [
              118.5118979,
              24.8331488
            ]
          ]
        ]
      },
      "properties": {
        "osm_id": 974394823,
        "building": "yes",
        "building:levels": "",
        "building:flats": "",
        "addr:housenumber": "",
        "area_m2": 3987.05
      }
    },
    {
      "type": "Feature",
      "geometry": {
        "type": "Polygon",
        "coordinates": [
          [
            [
              118.5148162,
              24.8318757
            ],
            [
              118.5149208,
              24.8320704
            ],
            [
              118.5150196,
              24.8320267
            ],
            [
              118.514915,
              24.8318319
            ],
            [
              118.5148162,
              24.8318757
            ]
          ]
        ]
      },
      "properties": {
        "osm_id": 974394824,
        "building": "yes",
        "building:levels": "",
        "building:flats": "",
        "addr:housenumber": "",
        "area_m2": 265.88
      }
    },
    {
      "type": "Feature",
      "geometry": {
        "type": "Polygon",
        "coordinates": [
          [
            [
              118.5147196,
              24.8321727
            ],
            [
              118.5147598,
              24.8328786
            ],
            [
              118.5149355,
              24.8328703
            ],
            [
              118.5148952,
              24.8321644
            ],
            [
              118.5147196,
              24.8321727
            ]
          ]
        ]
      },
      "properties": {
        "osm_id": 974394825,
        "building": "yes",
        "building:levels": "",
        "building:flats": "",
        "addr:housenumber": "",
        "area_m2": 1387.88
      }
    },
    {
      "type": "Feature",
      "geometry": {
        "type": "Polygon",
        "coordinates": [
          [
            [
              118.5119703,
              24.8329005
            ],
            [
              118.5119086,
              24.8321313
            ],
            [
              118.5116418,
              24.8321489
            ],
            [
              118.5117035,
              24.8329181
            ],
            [
              118.5119703,
              24.8329005
            ]
          ]
        ]
      },
      "properties": {
        "osm_id": 974394826,
        "building": "yes",
        "building:levels": "",
        "building:flats": "",
        "addr:housenumber": "",
        "area_m2": 2303.08
      }
    },
    {
      "type": "Feature",
      "geometry": {
        "type": "Polygon",
        "coordinates": [
          [
            [
              118.5115975,
              24.8303859
            ],
            [
              118.5114777,
              24.8303953
            ],
            [
              118.5115997,
              24.8316782
            ],
            [
              118.5117196,
              24.8316688
            ],
            [
              118.5115975,
              24.8303859
            ]
          ]
        ]
      },
      "properties": {
        "osm_id": 974394827,
        "building": "yes",
        "building:levels": "",
        "building:flats": "",
        "addr:housenumber": "",
        "area_m2": 1729.22
      }
    },
    {
      "type": "Feature",
      "geometry": {
        "type": "Polygon",
        "coordinates": [
          [
            [
              118.5121527,
              24.8316104
            ],
            [
              118.5144085,
              24.8314424
            ],
            [
              118.5143526,
              24.8308249
            ],
            [
              118.5120969,
              24.8309928
            ],
            [
              118.5121527,
              24.8316104
            ]
          ]
        ]
      },
      "properties": {
        "osm_id": 974394828,
        "building": "yes",
        "building:levels": "",
        "building:flats": "",
        "addr:housenumber": "",
        "area_m2": 15655.57
      }
    },
    {
      "type": "Feature",
      "geometry": {
        "type": "Polygon",
        "coordinates": [
          [
            [
              118.5145801,
              24.8303932
            ],
            [
              118.5146606,
              24.8313961
            ],
            [
              118.5149032,
              24.8313801
            ],
            [
              118.5148227,
              24.8303772
            ],
            [
              118.5145801,
              24.8303932
            ]
          ]
        ]
      },
      "properties": {
        "osm_id": 974394829,
        "building": "yes",
        "building:levels": "",
        "building:flats": "",
        "addr:housenumber": "",
        "area_m2": 2730.44
      }
    },
    {
      "type": "Feature",
      "geometry": {
        "type": "Polygon",
        "coordinates": [
          [
            [
              118.5114902,
              24.8301011
            ],
            [
              118.5124183,
              24.8300086
            ],
            [
              118.5123737,
              24.8296406
            ],
            [
              118.5114457,
              24.8297331
            ],
            [
              118.5114902,
              24.8301011
            ]
          ]
        ]
      },
      "properties": {
        "osm_id": 974394830,
        "building": "yes",
        "building:levels": "",
        "building:flats": "",
        "addr:housenumber": "",
        "area_m2": 3858.51
      }
    },
    {
      "type": "Feature",
      "geometry": {
        "type": "Polygon",
        "coordinates": [
          [
            [
              118.5223773,
              24.8262306
            ],
            [
              118.522498,
              24.8262768
            ],
            [
              118.5225507,
              24.8261637
            ],
            [
              118.52243,
              24.8261174
            ],
            [
              118.5223773,
              24.8262306
            ]
          ]
        ]
      },
      "properties": {
        "osm_id": 974394831,
        "building": "yes",
        "building:levels": "",
        "building:flats": "",
        "addr:housenumber": "",
        "area_m2": 179.67
      }
    },
    {
      "type": "Feature",
      "geometry": {
        "type": "Polygon",
        "coordinates": [
          [
            [
              118.5224578,
              24.8255672
            ],
            [
              118.5224926,
              24.8260249
            ],
            [
              118.5227066,
              24.8260115
            ],
            [
              118.5226717,
              24.8255538
            ],
            [
              118.5224578,
              24.8255672
            ]
          ]
        ]
      },
      "properties": {
        "osm_id": 974394833,
        "building": "yes",
        "building:levels": "",
        "building:flats": "",
        "addr:housenumber": "",
        "area_m2": 1098.38
      }
    },
    {
      "type": "Feature",
      "geometry": {
        "type": "Polygon",
        "coordinates": [
          [
            [
              118.5243528,
              24.8258788
            ],
            [
              118.5245351,
              24.825846
            ],
            [
              118.5244999,
              24.8256849
            ],
            [
              118.5243175,
              24.8257178
            ],
            [
              118.5243528,
              24.8258788
            ]
          ]
        ]
      },
      "properties": {
        "osm_id": 974394834,
        "building": "yes",
        "building:levels": "",
        "building:flats": "",
        "addr:housenumber": "",
        "area_m2": 340.76
      }
    },
    {
      "type": "Feature",
      "geometry": {
        "type": "Polygon",
        "coordinates": [
          [
            [
              118.5252084,
              24.8323577
            ],
            [
              118.5250019,
              24.8326084
            ],
            [
              118.5251114,
              24.8326827
            ],
            [
              118.525318,
              24.832432
            ],
            [
              118.5252084,
              24.8323577
            ]
          ]
        ]
      },
      "properties": {
        "osm_id": 974394836,
        "building": "yes",
        "building:levels": "",
        "building:flats": "",
        "addr:housenumber": "",
        "area_m2": 477.91
      }
    },
    {
      "type": "Feature",
      "geometry": {
        "type": "Polygon",
        "coordinates": [
          [
            [
              118.5343078,
              24.8293489
            ],
            [
              118.5343842,
              24.8294475
            ],
            [
              118.5344727,
              24.829391
            ],
            [
              118.5343963,
              24.8292924
            ],
            [
              118.5343078,
              24.8293489
            ]
          ]
        ]
      },
      "properties": {
        "osm_id": 974394838,
        "building": "yes",
        "building:levels": "",
        "building:flats": "",
        "addr:housenumber": "",
        "area_m2": 145.6
      }
    },
    {
      "type": "Feature",
      "geometry": {
        "type": "Polygon",
        "coordinates": [
          [
            [
              118.5382479,
              24.8348113
            ],
            [
              118.538268,
              24.8347355
            ],
            [
              118.5381004,
              24.834699
            ],
            [
              118.5380803,
              24.8347748
            ],
            [
              118.5382479,
              24.8348113
            ]
          ]
        ]
      },
      "properties": {
        "osm_id": 974394840,
        "building": "yes",
        "building:levels": "",
        "building:flats": "",
        "addr:housenumber": "",
        "area_m2": 150.01
      }
    },
    {
      "type": "Feature",
      "geometry": {
        "type": "Polygon",
        "coordinates": [
          [
            [
              118.5410468,
              24.8350998
            ],
            [
              118.5412091,
              24.8353115
            ],
            [
              118.5412796,
              24.8352671
            ],
            [
              118.5411173,
              24.8350553
            ],
            [
              118.5410468,
              24.8350998
            ]
          ]
        ]
      },
      "properties": {
        "osm_id": 974394841,
        "building": "yes",
        "building:levels": "",
        "building:flats": "",
        "addr:housenumber": "",
        "area_m2": 247.18
      }
    },
    {
      "type": "Feature",
      "geometry": {
        "type": "Polygon",
        "coordinates": [
          [
            [
              118.5406458,
              24.8330855
            ],
            [
              118.5407062,
              24.8331549
            ],
            [
              118.5407894,
              24.8330952
            ],
            [
              118.5407291,
              24.8330259
            ],
            [
              118.5406458,
              24.8330855
            ]
          ]
        ]
      },
      "properties": {
        "osm_id": 974394842,
        "building": "yes",
        "building:levels": "",
        "building:flats": "",
        "addr:housenumber": "",
        "area_m2": 104.64
      }
    },
    {
      "type": "Feature",
      "geometry": {
        "type": "Polygon",
        "coordinates": [
          [
            [
              118.5398814,
              24.8327836
            ],
            [
              118.5392055,
              24.8323674
            ],
            [
              118.5390905,
              24.8325212
            ],
            [
              118.5397664,
              24.8329374
            ],
            [
              118.5398814,
              24.8327836
            ]
          ]
        ]
      },
      "properties": {
        "osm_id": 974394843,
        "building": "yes",
        "building:levels": "",
        "building:flats": "",
        "addr:housenumber": "",
        "area_m2": 1694.77
      }
    },
    {
      "type": "Feature",
      "geometry": {
        "type": "Polygon",
        "coordinates": [
          [
            [
              118.5359238,
              24.8321581
            ],
            [
              118.535893,
              24.8324769
            ],
            [
              118.5360563,
              24.83249
            ],
            [
              118.5360872,
              24.8321711
            ],
            [
              118.5359238,
              24.8321581
            ]
          ]
        ]
      },
      "properties": {
        "osm_id": 974394844,
        "building": "yes",
        "building:levels": "",
        "building:flats": "",
        "addr:housenumber": "",
        "area_m2": 585.92
      }
    },
    {
      "type": "Feature",
      "geometry": {
        "type": "Polygon",
        "coordinates": [
          [
            [
              118.5380213,
              24.8244182
            ],
            [
              118.5382305,
              24.8244353
            ],
            [
              118.538246,
              24.8242785
            ],
            [
              118.5380368,
              24.8242614
            ],
            [
              118.5380213,
              24.8244182
            ]
          ]
        ]
      },
      "properties": {
        "osm_id": 974394849,
        "building": "yes",
        "building:levels": "",
        "building:flats": "",
        "addr:housenumber": "",
        "area_m2": 369.14
      }
    },
    {
      "type": "Feature",
      "geometry": {
        "type": "Polygon",
        "coordinates": [
          [
            [
              118.5430008,
              24.8198573
            ],
            [
              118.542738,
              24.8199815
            ],
            [
              118.5427954,
              24.8200816
            ],
            [
              118.5430582,
              24.8199575
            ],
            [
              118.5430008,
              24.8198573
            ]
          ]
        ]
      },
      "properties": {
        "osm_id": 974394851,
        "building": "yes",
        "building:levels": "",
        "building:flats": "",
        "addr:housenumber": "",
        "area_m2": 373.36
      }
    },
    {
      "type": "Feature",
      "geometry": {
        "type": "Polygon",
        "coordinates": [
          [
            [
              118.5379127,
              24.8249866
            ],
            [
              118.5378609,
              24.8251016
            ],
            [
              118.5381854,
              24.8252221
            ],
            [
              118.5382372,
              24.8251071
            ],
            [
              118.5379127,
              24.8249866
            ]
          ]
        ]
      },
      "properties": {
        "osm_id": 974394854,
        "building": "yes",
        "building:levels": "",
        "building:flats": "",
        "addr:housenumber": "",
        "area_m2": 486.27
      }
    },
    {
      "type": "Feature",
      "geometry": {
        "type": "Polygon",
        "coordinates": [
          [
            [
              118.5368787,
              24.8252763
            ],
            [
              118.5371469,
              24.8253518
            ],
            [
              118.5372004,
              24.8251952
            ],
            [
              118.5369322,
              24.8251197
            ],
            [
              118.5368787,
              24.8252763
            ]
          ]
        ]
      },
      "properties": {
        "osm_id": 974394855,
        "building": "yes",
        "building:levels": "",
        "building:flats": "",
        "addr:housenumber": "",
        "area_m2": 513.95
      }
    },
    {
      "type": "Feature",
      "geometry": {
        "type": "Polygon",
        "coordinates": [
          [
            [
              118.5372046,
              24.8253737
            ],
            [
              118.5376793,
              24.8255137
            ],
            [
              118.5377527,
              24.8253086
            ],
            [
              118.537278,
              24.8251686
            ],
            [
              118.5372046,
              24.8253737
            ]
          ]
        ]
      },
      "properties": {
        "osm_id": 974394856,
        "building": "yes",
        "building:levels": "",
        "building:flats": "",
        "addr:housenumber": "",
        "area_m2": 1201.58
      }
    },
    {
      "type": "Feature",
      "geometry": {
        "type": "Polygon",
        "coordinates": [
          [
            [
              118.5357307,
              24.8258801
            ],
            [
              118.5358494,
              24.8259749
            ],
            [
              118.536062,
              24.8257558
            ],
            [
              118.5359433,
              24.825661
            ],
            [
              118.5357307,
              24.8258801
            ]
          ]
        ]
      },
      "properties": {
        "osm_id": 974394857,
        "building": "yes",
        "building:levels": "",
        "building:flats": "",
        "addr:housenumber": "",
        "area_m2": 515.31
      }
    },
    {
      "type": "Feature",
      "geometry": {
        "type": "Polygon",
        "coordinates": [
          [
            [
              118.5351889,
              24.825605
            ],
            [
              118.535373,
              24.8253634
            ],
            [
              118.5346555,
              24.824913
            ],
            [
              118.5344714,
              24.8251546
            ],
            [
              118.5351889,
              24.825605
            ]
          ]
        ]
      },
      "properties": {
        "osm_id": 974394858,
        "building": "yes",
        "building:levels": "",
        "building:flats": "",
        "addr:housenumber": "",
        "area_m2": 2860.77
      }
    },
    {
      "type": "Feature",
      "geometry": {
        "type": "Polygon",
        "coordinates": [
          [
            [
              118.5354437,
              24.8253749
            ],
            [
              118.5352485,
              24.8256245
            ],
            [
              118.5355396,
              24.825812
            ],
            [
              118.5357347,
              24.8255624
            ],
            [
              118.5354437,
              24.8253749
            ]
          ]
        ]
      },
      "properties": {
        "osm_id": 974394859,
        "building": "yes",
        "building:levels": "",
        "building:flats": "",
        "addr:housenumber": "",
        "area_m2": 1219.44
      }
    },
    {
      "type": "Feature",
      "geometry": {
        "type": "Polygon",
        "coordinates": [
          [
            [
              118.5356234,
              24.8254565
            ],
            [
              118.5357575,
              24.8255417
            ],
            [
              118.5358065,
              24.8254782
            ],
            [
              118.5356724,
              24.825393
            ],
            [
              118.5356234,
              24.8254565
            ]
          ]
        ]
      },
      "properties": {
        "osm_id": 974394860,
        "building": "yes",
        "building:levels": "",
        "building:flats": "",
        "addr:housenumber": "",
        "area_m2": 141.66
      }
    },
    {
      "type": "Feature",
      "geometry": {
        "type": "Polygon",
        "coordinates": [
          [
            [
              118.5358487,
              24.8252057
            ],
            [
              118.5358596,
              24.8250016
            ],
            [
              118.5354988,
              24.8249858
            ],
            [
              118.5354879,
              24.8251899
            ],
            [
              118.5358487,
              24.8252057
            ]
          ]
        ]
      },
      "properties": {
        "osm_id": 974394861,
        "building": "yes",
        "building:levels": "",
        "building:flats": "",
        "addr:housenumber": "",
        "area_m2": 823.98
      }
    },
    {
      "type": "Feature",
      "geometry": {
        "type": "Polygon",
        "coordinates": [
          [
            [
              118.5360485,
              24.8240811
            ],
            [
              118.5360516,
              24.8239583
            ],
            [
              118.5354561,
              24.8239462
            ],
            [
              118.5354531,
              24.8240689
            ],
            [
              118.5360485,
              24.8240811
            ]
          ]
        ]
      },
      "properties": {
        "osm_id": 974394862,
        "building": "yes",
        "building:levels": "",
        "building:flats": "",
        "addr:housenumber": "",
        "area_m2": 816.35
      }
    },
    {
      "type": "Feature",
      "geometry": {
        "type": "Polygon",
        "coordinates": [
          [
            [
              118.527385,
              24.8285091
            ],
            [
              118.5275567,
              24.8288353
            ],
            [
              118.5277424,
              24.8287548
            ],
            [
              118.5275707,
              24.8284286
            ],
            [
              118.527385,
              24.8285091
            ]
          ]
        ]
      },
      "properties": {
        "osm_id": 974394868,
        "building": "yes",
        "building:levels": "",
        "building:flats": "",
        "addr:housenumber": "",
        "area_m2": 830.52
      }
    },
    {
      "type": "Feature",
      "geometry": {
        "type": "Polygon",
        "coordinates": [
          [
            [
              118.5203643,
              24.8324879
            ],
            [
              118.5204369,
              24.8323515
            ],
            [
              118.5202371,
              24.8322639
            ],
            [
              118.5201645,
              24.8324003
            ],
            [
              118.5203643,
              24.8324879
            ]
          ]
        ]
      },
      "properties": {
        "osm_id": 974394870,
        "building": "yes",
        "building:levels": "",
        "building:flats": "",
        "addr:housenumber": "",
        "area_m2": 375.23
      }
    },
    {
      "type": "Feature",
      "geometry": {
        "type": "Polygon",
        "coordinates": [
          [
            [
              118.5202342,
              24.8326522
            ],
            [
              118.5203992,
              24.8327496
            ],
            [
              118.520487,
              24.832627
            ],
            [
              118.520322,
              24.8325297
            ],
            [
              118.5202342,
              24.8326522
            ]
          ]
        ]
      },
      "properties": {
        "osm_id": 974394871,
        "building": "yes",
        "building:levels": "",
        "building:flats": "",
        "addr:housenumber": "",
        "area_m2": 321.15
      }
    },
    {
      "type": "Feature",
      "geometry": {
        "type": "Polygon",
        "coordinates": [
          [
            [
              118.5216759,
              24.8327362
            ],
            [
              118.5218704,
              24.8326486
            ],
            [
              118.521807,
              24.8325327
            ],
            [
              118.5216125,
              24.8326204
            ],
            [
              118.5216759,
              24.8327362
            ]
          ]
        ]
      },
      "properties": {
        "osm_id": 974394872,
        "building": "yes",
        "building:levels": "",
        "building:flats": "",
        "addr:housenumber": "",
        "area_m2": 313.57
      }
    },
    {
      "type": "Feature",
      "geometry": {
        "type": "Polygon",
        "coordinates": [
          [
            [
              118.5750823,
              24.78682
            ],
            [
              118.5766399,
              24.7870504
            ],
            [
              118.5768342,
              24.785862
            ],
            [
              118.5752713,
              24.785622
            ],
            [
              118.5750823,
              24.78682
            ]
          ]
        ]
      },
      "properties": {
        "osm_id": 1068054802,
        "building": "yes",
        "building:levels": "",
        "building:flats": "",
        "addr:housenumber": "",
        "area_m2": 21285.74
      }
    },
    {
      "type": "Feature",
      "geometry": {
        "type": "Polygon",
        "coordinates": [
          [
            [
              118.5195645,
              24.7803271
            ],
            [
              118.5209968,
              24.7801669
            ],
            [
              118.5209167,
              24.7795773
            ],
            [
              118.5194845,
              24.7797378
            ],
            [
              118.5195645,
              24.7803271
            ]
          ]
        ]
      },
      "properties": {
        "osm_id": 1071436258,
        "building": "yes",
        "building:levels": "",
        "building:flats": "",
        "addr:housenumber": "",
        "area_m2": 9567.77
      }
    },
    {
      "type": "Feature",
      "geometry": {
        "type": "Polygon",
        "coordinates": [
          [
            [
              118.6332091,
              24.8403723
            ],
            [
              118.6329034,
              24.8406192
            ],
            [
              118.6327228,
              24.841311
            ],
            [
              118.6327051,
              24.8417262
            ],
            [
              118.6329931,
              24.8419823
            ],
            [
              118.6334495,
              24.8421561
            ],
            [
              118.6338358,
              24.8420446
            ],
            [
              118.6341267,
              24.8417544
            ],
            [
              118.6342656,
              24.8413933
            ],
            [
              118.6342915,
              24.8409894
            ],
            [
              118.6342023,
              24.8406722
            ],
            [
              118.6340038,
              24.8404486
            ],
            [
              118.6337061,
              24.840285
            ],
            [
              118.6334319,
              24.8402392
            ],
            [
              118.6332091,
              24.8403723
            ]
          ]
        ]
      },
      "properties": {
        "osm_id": 1071438118,
        "building": "yes",
        "building:levels": "",
        "building:flats": "",
        "addr:housenumber": "",
        "area_m2": 25726.21
      }
    },
    {
      "type": "Feature",
      "geometry": {
        "type": "Polygon",
        "coordinates": [
          [
            [
              118.6331052,
              24.8426729
            ],
            [
              118.6328701,
              24.8428513
            ],
            [
              118.6328767,
              24.8432718
            ],
            [
              118.6331379,
              24.8438894
            ],
            [
              118.6333461,
              24.8440273
            ],
            [
              118.6336516,
              24.8440191
            ],
            [
              118.6339818,
              24.8438309
            ],
            [
              118.6341827,
              24.8435766
            ],
            [
              118.6342269,
              24.8433236
            ],
            [
              118.6341291,
              24.8429637
            ],
            [
              118.6338864,
              24.8426115
            ],
            [
              118.6336738,
              24.8425444
            ],
            [
              118.6334999,
              24.842534
            ],
            [
              118.6331052,
              24.8426729
            ]
          ]
        ]
      },
      "properties": {
        "osm_id": 1071438119,
        "building": "yes",
        "building:levels": "",
        "building:flats": "",
        "addr:housenumber": "",
        "area_m2": 17310.86
      }
    },
    {
      "type": "Feature",
      "geometry": {
        "type": "Polygon",
        "coordinates": [
          [
            [
              118.5701746,
              24.8767912
            ],
            [
              118.5723849,
              24.8768621
            ],
            [
              118.5724195,
              24.8759747
            ],
            [
              118.5702092,
              24.8759036
            ],
            [
              118.5701746,
              24.8767912
            ]
          ]
        ]
      },
      "properties": {
        "osm_id": 1085258777,
        "building": "industrial",
        "building:levels": "",
        "building:flats": "",
        "addr:housenumber": "",
        "area_m2": 21925.75
      }
    },
    {
      "type": "Feature",
      "geometry": {
        "type": "Polygon",
        "coordinates": [
          [
            [
              118.6364153,
              24.8183099
            ],
            [
              118.6396114,
              24.819086
            ],
            [
              118.6399995,
              24.8176735
            ],
            [
              118.6370054,
              24.8170223
            ],
            [
              118.6364153,
              24.8183099
            ]
          ]
        ]
      },
      "properties": {
        "osm_id": 1086876305,
        "building": "yes",
        "building:levels": "",
        "building:flats": "",
        "addr:housenumber": "",
        "area_m2": 50542.66
      }
    },
    {
      "type": "Feature",
      "geometry": {
        "type": "Polygon",
        "coordinates": [
          [
            [
              118.6350536,
              24.8247731
            ],
            [
              118.6383747,
              24.825528
            ],
            [
              118.6390397,
              24.8228144
            ],
            [
              118.6356703,
              24.8219582
            ],
            [
              118.6350536,
              24.8247731
            ]
          ]
        ]
      },
      "properties": {
        "osm_id": 1086876306,
        "building": "yes",
        "building:levels": "",
        "building:flats": "",
        "addr:housenumber": "",
        "area_m2": 108990.83
      }
    },
    {
      "type": "Feature",
      "geometry": {
        "type": "Polygon",
        "coordinates": [
          [
            [
              118.5778137,
              24.7737087
            ],
            [
              118.5794001,
              24.7737157
            ],
            [
              118.5793975,
              24.7727235
            ],
            [
              118.577782,
              24.7726782
            ],
            [
              118.5778137,
              24.7737087
            ]
          ]
        ]
      },
      "properties": {
        "osm_id": 1090938932,
        "building": "yes",
        "building:levels": "",
        "building:flats": "",
        "addr:housenumber": "",
        "area_m2": 18069.67
      }
    },
    {
      "type": "Feature",
      "geometry": {
        "type": "Polygon",
        "coordinates": [
          [
            [
              118.568605,
              24.8768378
            ],
            [
              118.5699825,
              24.8768491
            ],
            [
              118.5699956,
              24.8755256
            ],
            [
              118.5686183,
              24.8755143
            ],
            [
              118.568605,
              24.8768378
            ]
          ]
        ]
      },
      "properties": {
        "osm_id": 1091897767,
        "building": "yes",
        "building:levels": "",
        "building:flats": "",
        "addr:housenumber": "",
        "area_m2": 20352.18
      }
    },
    {
      "type": "Feature",
      "geometry": {
        "type": "Polygon",
        "coordinates": [
          [
            [
              118.5758149,
              24.9122828
            ],
            [
              118.5760163,
              24.9125985
            ],
            [
              118.5762792,
              24.9124593
            ],
            [
              118.5760815,
              24.9121356
            ],
            [
              118.5758149,
              24.9122828
            ]
          ]
        ]
      },
      "properties": {
        "osm_id": 1094655263,
        "building": "yes",
        "building:levels": "",
        "building:flats": "",
        "addr:housenumber": "",
        "area_m2": 1263.86
      }
    },
    {
      "type": "Feature",
      "geometry": {
        "type": "Polygon",
        "coordinates": [
          [
            [
              118.5873723,
              24.9198864
            ],
            [
              118.587372,
              24.9200613
            ],
            [
              118.5877151,
              24.9200617
            ],
            [
              118.5877154,
              24.9197997
            ],
            [
              118.5876675,
              24.9197997
            ],
            [
              118.5876673,
              24.9199956
            ],
            [
              118.5874269,
              24.9199953
            ],
            [
              118.5874271,
              24.9198864
            ],
            [
              118.5873723,
              24.9198864
            ]
          ]
        ]
      },
      "properties": {
        "osm_id": 1108941779,
        "building": "yes",
        "building:levels": "",
        "building:flats": "",
        "addr:housenumber": "",
        "area_m2": 424.31
      }
    },
    {
      "type": "Feature",
      "geometry": {
        "type": "Polygon",
        "coordinates": [
          [
            [
              118.5662987,
              24.8003616
            ],
            [
              118.5662559,
              24.8004679
            ],
            [
              118.5662405,
              24.8006155
            ],
            [
              118.5662831,
              24.800726
            ],
            [
              118.5664168,
              24.8008492
            ],
            [
              118.56657,
              24.8008983
            ],
            [
              118.5667078,
              24.8008765
            ],
            [
              118.5667865,
              24.8007152
            ],
            [
              118.5667891,
              24.8005876
            ],
            [
              118.5667397,
              24.8003977
            ],
            [
              118.5666814,
              24.800309
            ],
            [
              118.5665666,
              24.8002709
            ],
            [
              118.5663945,
              24.8002819
            ],
            [
              118.5662987,
              24.8003616
            ]
          ]
        ]
      },
      "properties": {
        "osm_id": 1110669149,
        "building": "yes",
        "building:levels": "",
        "building:flats": "",
        "addr:housenumber": "",
        "area_m2": 3032.35
      }
    },
    {
      "type": "Feature",
      "geometry": {
        "type": "Polygon",
        "coordinates": [
          [
            [
              118.6565429,
              24.8852423
            ],
            [
              118.6566318,
              24.8850566
            ],
            [
              118.6568598,
              24.8851464
            ],
            [
              118.656771,
              24.8853321
            ],
            [
              118.6565429,
              24.8852423
            ]
          ]
        ]
      },
      "properties": {
        "osm_id": 1117563440,
        "building": "roof",
        "building:levels": "",
        "building:flats": "",
        "addr:housenumber": "",
        "area_m2": 561.82
      }
    },
    {
      "type": "Feature",
      "geometry": {
        "type": "Polygon",
        "coordinates": [
          [
            [
              118.6609105,
              24.9367209
            ],
            [
              118.6630452,
              24.9366776
            ],
            [
              118.6630206,
              24.9356758
            ],
            [
              118.6608859,
              24.9357187
            ],
            [
              118.6609105,
              24.9367209
            ]
          ]
        ]
      },
      "properties": {
        "osm_id": 1124408271,
        "building": "yes",
        "building:levels": "",
        "building:flats": "",
        "addr:housenumber": "",
        "area_m2": 23889.72
      }
    },
    {
      "type": "Feature",
      "geometry": {
        "type": "Polygon",
        "coordinates": [
          [
            [
              118.5001965,
              24.8984149
            ],
            [
              118.5001035,
              24.8983337
            ],
            [
              118.5004297,
              24.8980263
            ],
            [
              118.5005227,
              24.8981075
            ],
            [
              118.5001965,
              24.8984149
            ]
          ]
        ]
      },
      "properties": {
        "osm_id": 1152003344,
        "building": "yes",
        "building:levels": "",
        "building:flats": "",
        "addr:housenumber": "",
        "area_m2": 614.82
      }
    },
    {
      "type": "Feature",
      "geometry": {
        "type": "Polygon",
        "coordinates": [
          [
            [
              118.5037259,
              24.8971053
            ],
            [
              118.5037708,
              24.8970263
            ],
            [
              118.5038191,
              24.8970489
            ],
            [
              118.5037742,
              24.8971279
            ],
            [
              118.5037259,
              24.8971053
            ]
          ]
        ]
      },
      "properties": {
        "osm_id": 1152003345,
        "building": "yes",
        "building:levels": "",
        "building:flats": "",
        "addr:housenumber": "",
        "area_m2": 53.92
      }
    },
    {
      "type": "Feature",
      "geometry": {
        "type": "Polygon",
        "coordinates": [
          [
            [
              118.5000787,
              24.8980854
            ],
            [
              118.4999354,
              24.8979795
            ],
            [
              118.5000909,
              24.8978065
            ],
            [
              118.5002342,
              24.8979125
            ],
            [
              118.5000787,
              24.8980854
            ]
          ]
        ]
      },
      "properties": {
        "osm_id": 1152003346,
        "building": "yes",
        "building:levels": "",
        "building:flats": "",
        "addr:housenumber": "",
        "area_m2": 460.58
      }
    },
    {
      "type": "Feature",
      "geometry": {
        "type": "Polygon",
        "coordinates": [
          [
            [
              118.5011434,
              24.8971803
            ],
            [
              118.5013509,
              24.896956
            ],
            [
              118.5015703,
              24.8971229
            ],
            [
              118.5013628,
              24.8973473
            ],
            [
              118.5011434,
              24.8971803
            ]
          ]
        ]
      },
      "properties": {
        "osm_id": 1152003348,
        "building": "yes",
        "building:levels": "",
        "building:flats": "",
        "addr:housenumber": "",
        "area_m2": 936.2
      }
    },
    {
      "type": "Feature",
      "geometry": {
        "type": "Polygon",
        "coordinates": [
          [
            [
              118.5610565,
              24.8912682
            ],
            [
              118.5620219,
              24.8920879
            ],
            [
              118.5623693,
              24.8917513
            ],
            [
              118.561404,
              24.8909314
            ],
            [
              118.5610565,
              24.8912682
            ]
          ]
        ]
      },
      "properties": {
        "osm_id": 1164210976,
        "building": "commercial",
        "building:levels": "",
        "building:flats": "",
        "addr:housenumber": "",
        "area_m2": 6808.17
      }
    },
    {
      "type": "Feature",
      "geometry": {
        "type": "Polygon",
        "coordinates": [
          [
            [
              118.6457077,
              24.8762532
            ],
            [
              118.6452056,
              24.8755526
            ],
            [
              118.6471797,
              24.8743379
            ],
            [
              118.6474739,
              24.8747584
            ],
            [
              118.6467233,
              24.8751834
            ],
            [
              118.6469667,
              24.8755457
            ],
            [
              118.6457077,
              24.8762532
            ]
          ]
        ]
      },
      "properties": {
        "osm_id": 1171064616,
        "building": "yes",
        "building:levels": "",
        "building:flats": "",
        "addr:housenumber": "",
        "area_m2": 19158.36
      }
    },
    {
      "type": "Feature",
      "geometry": {
        "type": "Polygon",
        "coordinates": [
          [
            [
              118.5803115,
              24.7947883
            ],
            [
              118.5802446,
              24.7946859
            ],
            [
              118.5804515,
              24.7945746
            ],
            [
              118.580467,
              24.7945984
            ],
            [
              118.580644,
              24.7945032
            ],
            [
              118.5806882,
              24.7945709
            ],
            [
              118.5805144,
              24.7946644
            ],
            [
              118.5805215,
              24.7946751
            ],
            [
              118.5803115,
              24.7947883
            ]
          ]
        ]
      },
      "properties": {
        "osm_id": 1184671488,
        "building": "yes",
        "building:levels": "",
        "building:flats": "",
        "addr:housenumber": "",
        "area_m2": 500.59
      }
    },
    {
      "type": "Feature",
      "geometry": {
        "type": "Polygon",
        "coordinates": [
          [
            [
              118.5801025,
              24.7945212
            ],
            [
              118.5800356,
              24.7944188
            ],
            [
              118.5802425,
              24.7943075
            ],
            [
              118.5802581,
              24.7943313
            ],
            [
              118.580435,
              24.7942361
            ],
            [
              118.5804792,
              24.7943038
            ],
            [
              118.5803055,
              24.7943973
            ],
            [
              118.5803126,
              24.794408
            ],
            [
              118.5801025,
              24.7945212
            ]
          ]
        ]
      },
      "properties": {
        "osm_id": 1184671489,
        "building": "yes",
        "building:levels": "",
        "building:flats": "",
        "addr:housenumber": "",
        "area_m2": 500.68
      }
    },
    {
      "type": "Feature",
      "geometry": {
        "type": "Polygon",
        "coordinates": [
          [
            [
              118.5809115,
              24.794364
            ],
            [
              118.5807697,
              24.794142
            ],
            [
              118.5810533,
              24.7939926
            ],
            [
              118.5811951,
              24.7942146
            ],
            [
              118.5809115,
              24.794364
            ]
          ]
        ]
      },
      "properties": {
        "osm_id": 1184671492,
        "building": "yes",
        "building:levels": "",
        "building:flats": "",
        "addr:housenumber": "",
        "area_m2": 939.32
      }
    },
    {
      "type": "Feature",
      "geometry": {
        "type": "Polygon",
        "coordinates": [
          [
            [
              118.580346,
              24.7952127
            ],
            [
              118.5804342,
              24.7953677
            ],
            [
              118.5805102,
              24.7953321
            ],
            [
              118.5804219,
              24.7951771
            ],
            [
              118.580346,
              24.7952127
            ]
          ]
        ]
      },
      "properties": {
        "osm_id": 1184671493,
        "building": "shed",
        "building:levels": "",
        "building:flats": "",
        "addr:housenumber": "",
        "area_m2": 166.49
      }
    },
    {
      "type": "Feature",
      "geometry": {
        "type": "Polygon",
        "coordinates": [
          [
            [
              118.5805623,
              24.7953825
            ],
            [
              118.5804308,
              24.7951542
            ],
            [
              118.5807512,
              24.795002
            ],
            [
              118.5808827,
              24.7952303
            ],
            [
              118.5805623,
              24.7953825
            ]
          ]
        ]
      },
      "properties": {
        "osm_id": 1184671494,
        "building": "yes",
        "building:levels": "",
        "building:flats": "",
        "addr:housenumber": "",
        "area_m2": 1039.99
      }
    },
    {
      "type": "Feature",
      "geometry": {
        "type": "Polygon",
        "coordinates": [
          [
            [
              118.5954687,
              24.803205
            ],
            [
              118.5954462,
              24.803206
            ],
            [
              118.5954251,
              24.8032134
            ],
            [
              118.5954076,
              24.8032263
            ],
            [
              118.5953954,
              24.8032436
            ],
            [
              118.5953898,
              24.8032634
            ],
            [
              118.5953912,
              24.8032838
            ],
            [
              118.5953996,
              24.8033029
            ],
            [
              118.5954141,
              24.8033186
            ],
            [
              118.5954352,
              24.8033301
            ],
            [
              118.5954593,
              24.8033345
            ],
            [
              118.5954837,
              24.8033311
            ],
            [
              118.5955054,
              24.8033205
            ],
            [
              118.5955218,
              24.8033038
            ],
            [
              118.595531,
              24.8032831
            ],
            [
              118.5955319,
              24.8032607
            ],
            [
              118.5955244,
              24.8032394
            ],
            [
              118.5955093,
              24.8032217
            ],
            [
              118.5954905,
              24.8032104
            ],
            [
              118.5954687,
              24.803205
            ]
          ]
        ]
      },
      "properties": {
        "osm_id": 1184671499,
        "building": "yes",
        "building:levels": "",
        "building:flats": "",
        "addr:housenumber": "",
        "area_m2": 159.98
      }
    },
    {
      "type": "Feature",
      "geometry": {
        "type": "Polygon",
        "coordinates": [
          [
            [
              118.5909142,
              24.8065451
            ],
            [
              118.5906989,
              24.806212
            ],
            [
              118.5910723,
              24.8060132
            ],
            [
              118.5912875,
              24.8063463
            ],
            [
              118.5909142,
              24.8065451
            ]
          ]
        ]
      },
      "properties": {
        "osm_id": 1184671518,
        "building": "yes",
        "building:levels": "",
        "building:flats": "",
        "addr:housenumber": "",
        "area_m2": 1865.99
      }
    },
    {
      "type": "Feature",
      "geometry": {
        "type": "Polygon",
        "coordinates": [
          [
            [
              118.5912801,
              24.8064534
            ],
            [
              118.5913917,
              24.8066427
            ],
            [
              118.5914385,
              24.80662
            ],
            [
              118.591327,
              24.8064307
            ],
            [
              118.5912801,
              24.8064534
            ]
          ]
        ]
      },
      "properties": {
        "osm_id": 1184671519,
        "building": "yes",
        "building:levels": "",
        "building:flats": "",
        "addr:housenumber": "",
        "area_m2": 127.27
      }
    },
    {
      "type": "Feature",
      "geometry": {
        "type": "Polygon",
        "coordinates": [
          [
            [
              118.5910543,
              24.8067935
            ],
            [
              118.5913546,
              24.8066414
            ],
            [
              118.5913926,
              24.8067032
            ],
            [
              118.5910923,
              24.8068554
            ],
            [
              118.5910543,
              24.8067935
            ]
          ]
        ]
      },
      "properties": {
        "osm_id": 1184671520,
        "building": "yes",
        "building:levels": "",
        "building:flats": "",
        "addr:housenumber": "",
        "area_m2": 271.88
      }
    },
    {
      "type": "Feature",
      "geometry": {
        "type": "Polygon",
        "coordinates": [
          [
            [
              118.5850462,
              24.7978244
            ],
            [
              118.5849025,
              24.7976533
            ],
            [
              118.5850333,
              24.7975627
            ],
            [
              118.585177,
              24.7977338
            ],
            [
              118.5850462,
              24.7978244
            ]
          ]
        ]
      },
      "properties": {
        "osm_id": 1184671532,
        "building": "yes",
        "building:levels": "",
        "building:flats": "",
        "addr:housenumber": "",
        "area_m2": 395.17
      }
    },
    {
      "type": "Feature",
      "geometry": {
        "type": "Polygon",
        "coordinates": [
          [
            [
              118.583557,
              24.7974595
            ],
            [
              118.583562,
              24.7973469
            ],
            [
              118.5838798,
              24.7973587
            ],
            [
              118.5838747,
              24.7974712
            ],
            [
              118.583557,
              24.7974595
            ]
          ]
        ]
      },
      "properties": {
        "osm_id": 1184671533,
        "building": "yes",
        "building:levels": "",
        "building:flats": "",
        "addr:housenumber": "",
        "area_m2": 399.89
      }
    },
    {
      "type": "Feature",
      "geometry": {
        "type": "Polygon",
        "coordinates": [
          [
            [
              118.5832504,
              24.7976938
            ],
            [
              118.5832554,
              24.7975813
            ],
            [
              118.5835732,
              24.797593
            ],
            [
              118.5835682,
              24.7977055
            ],
            [
              118.5832504,
              24.7976938
            ]
          ]
        ]
      },
      "properties": {
        "osm_id": 1184671534,
        "building": "yes",
        "building:levels": "",
        "building:flats": "",
        "addr:housenumber": "",
        "area_m2": 399.77
      }
    },
    {
      "type": "Feature",
      "geometry": {
        "type": "Polygon",
        "coordinates": [
          [
            [
              118.5830574,
              24.7974411
            ],
            [
              118.5830676,
              24.7973235
            ],
            [
              118.5833015,
              24.7973403
            ],
            [
              118.5832912,
              24.7974579
            ],
            [
              118.5830574,
              24.7974411
            ]
          ]
        ]
      },
      "properties": {
        "osm_id": 1184671535,
        "building": "yes",
        "building:levels": "",
        "building:flats": "",
        "addr:housenumber": "",
        "area_m2": 308.92
      }
    },
    {
      "type": "Feature",
      "geometry": {
        "type": "Polygon",
        "coordinates": [
          [
            [
              118.5829547,
              24.7976909
            ],
            [
              118.5829539,
              24.7976045
            ],
            [
              118.5831751,
              24.7976028
            ],
            [
              118.5831759,
              24.7976892
            ],
            [
              118.5829547,
              24.7976909
            ]
          ]
        ]
      },
      "properties": {
        "osm_id": 1184671536,
        "building": "yes",
        "building:levels": "",
        "building:flats": "",
        "addr:housenumber": "",
        "area_m2": 213.36
      }
    },
    {
      "type": "Feature",
      "geometry": {
        "type": "Polygon",
        "coordinates": [
          [
            [
              118.5831648,
              24.7980464
            ],
            [
              118.5831712,
              24.797916
            ],
            [
              118.5835209,
              24.7979301
            ],
            [
              118.5835126,
              24.7980988
            ],
            [
              118.5833796,
              24.7980935
            ],
            [
              118.5833716,
              24.7982586
            ],
            [
              118.5832457,
              24.7982536
            ],
            [
              118.5832556,
              24.7980501
            ],
            [
              118.5831648,
              24.7980464
            ]
          ]
        ]
      },
      "properties": {
        "osm_id": 1184671537,
        "building": "yes",
        "building:levels": "",
        "building:flats": "",
        "addr:housenumber": "",
        "area_m2": 853.62
      }
    },
    {
      "type": "Feature",
      "geometry": {
        "type": "Polygon",
        "coordinates": [
          [
            [
              118.5841041,
              24.7982736
            ],
            [
              118.5841411,
              24.7982755
            ],
            [
              118.5841382,
              24.798321
            ],
            [
              118.5840115,
              24.7983143
            ],
            [
              118.5840213,
              24.7981615
            ],
            [
              118.5839543,
              24.798158
            ],
            [
              118.5839613,
              24.798049
            ],
            [
              118.5841642,
              24.7980598
            ],
            [
              118.5841569,
              24.7981721
            ],
            [
              118.5841108,
              24.7981696
            ],
            [
              118.5841041,
              24.7982736
            ]
          ]
        ]
      },
      "properties": {
        "osm_id": 1184671538,
        "building": "yes",
        "building:levels": "",
        "building:flats": "",
        "addr:housenumber": "",
        "area_m2": 421.63
      }
    },
    {
      "type": "Feature",
      "geometry": {
        "type": "Polygon",
        "coordinates": [
          [
            [
              118.5861057,
              24.7994542
            ],
            [
              118.5865754,
              24.799015
            ],
            [
              118.5871708,
              24.7995395
            ],
            [
              118.586701,
              24.7999788
            ],
            [
              118.5861057,
              24.7994542
            ]
          ]
        ]
      },
      "properties": {
        "osm_id": 1184679143,
        "building": "yes",
        "building:levels": "",
        "building:flats": "",
        "addr:housenumber": "",
        "area_m2": 5669.99
      }
    },
    {
      "type": "Feature",
      "geometry": {
        "type": "Polygon",
        "coordinates": [
          [
            [
              118.5854244,
              24.7981126
            ],
            [
              118.5856995,
              24.798548
            ],
            [
              118.5858474,
              24.798471
            ],
            [
              118.5855723,
              24.7980356
            ],
            [
              118.5854244,
              24.7981126
            ]
          ]
        ]
      },
      "properties": {
        "osm_id": 1184679144,
        "building": "yes",
        "building:levels": "",
        "building:flats": "",
        "addr:housenumber": "",
        "area_m2": 955.33
      }
    },
    {
      "type": "Feature",
      "geometry": {
        "type": "Polygon",
        "coordinates": [
          [
            [
              118.5856241,
              24.7990881
            ],
            [
              118.5862445,
              24.7985146
            ],
            [
              118.5866749,
              24.7988984
            ],
            [
              118.5860544,
              24.7994718
            ],
            [
              118.5856241,
              24.7990881
            ]
          ]
        ]
      },
      "properties": {
        "osm_id": 1184679145,
        "building": "yes",
        "building:levels": "",
        "building:flats": "",
        "addr:housenumber": "",
        "area_m2": 5412.87
      }
    },
    {
      "type": "Feature",
      "geometry": {
        "type": "Polygon",
        "coordinates": [
          [
            [
              118.5776639,
              24.7949547
            ],
            [
              118.5777373,
              24.7948248
            ],
            [
              118.5783397,
              24.7951056
            ],
            [
              118.5782661,
              24.7952356
            ],
            [
              118.5776639,
              24.7949547
            ]
          ]
        ]
      },
      "properties": {
        "osm_id": 1185255130,
        "building": "yes",
        "building:levels": "",
        "building:flats": "",
        "addr:housenumber": "",
        "area_m2": 1104.17
      }
    },
    {
      "type": "Feature",
      "geometry": {
        "type": "Polygon",
        "coordinates": [
          [
            [
              118.5878933,
              24.9224901
            ],
            [
              118.5879386,
              24.9221443
            ],
            [
              118.5884532,
              24.9221997
            ],
            [
              118.5884236,
              24.9224261
            ],
            [
              118.5883039,
              24.9224132
            ],
            [
              118.588319,
              24.9222984
            ],
            [
              118.5880409,
              24.9222683
            ],
            [
              118.5880292,
              24.9223573
            ],
            [
              118.5882635,
              24.9223826
            ],
            [
              118.5882444,
              24.9225279
            ],
            [
              118.5878933,
              24.9224901
            ]
          ]
        ]
      },
      "properties": {
        "osm_id": 1186362621,
        "building": "residential",
        "building:levels": "",
        "building:flats": "",
        "addr:housenumber": "",
        "area_m2": 1500.64
      }
    },
    {
      "type": "Feature",
      "geometry": {
        "type": "Polygon",
        "coordinates": [
          [
            [
              118.588004,
              24.9219098
            ],
            [
              118.5879927,
              24.9213443
            ],
            [
              118.5885883,
              24.9213346
            ],
            [
              118.5885899,
              24.9214137
            ],
            [
              118.5881155,
              24.9214215
            ],
            [
              118.588123,
              24.9217935
            ],
            [
              118.5882973,
              24.9217906
            ],
            [
              118.5882996,
              24.921905
            ],
            [
              118.588004,
              24.9219098
            ]
          ]
        ]
      },
      "properties": {
        "osm_id": 1186362622,
        "building": "residential",
        "building:levels": "",
        "building:flats": "",
        "addr:housenumber": "",
        "area_m2": 1407.54
      }
    },
    {
      "type": "Feature",
      "geometry": {
        "type": "Polygon",
        "coordinates": [
          [
            [
              118.5881684,
              24.9216657
            ],
            [
              118.5885532,
              24.9216464
            ],
            [
              118.5885455,
              24.9215202
            ],
            [
              118.5881607,
              24.9215394
            ],
            [
              118.5881684,
              24.9216657
            ]
          ]
        ]
      },
      "properties": {
        "osm_id": 1186362623,
        "building": "residential",
        "building:levels": "",
        "building:flats": "",
        "addr:housenumber": "",
        "area_m2": 543.98
      }
    },
    {
      "type": "Feature",
      "geometry": {
        "type": "Polygon",
        "coordinates": [
          [
            [
              118.5861028,
              24.9232732
            ],
            [
              118.5861448,
              24.923161
            ],
            [
              118.5865338,
              24.9232806
            ],
            [
              118.5870874,
              24.9229542
            ],
            [
              118.5871862,
              24.9230921
            ],
            [
              118.5871284,
              24.9231262
            ],
            [
              118.5871676,
              24.9231809
            ],
            [
              118.5870529,
              24.9232485
            ],
            [
              118.5870055,
              24.9231824
            ],
            [
              118.5865951,
              24.9234246
            ],
            [
              118.5861028,
              24.9232732
            ]
          ]
        ]
      },
      "properties": {
        "osm_id": 1186362624,
        "building": "residential",
        "building:levels": "",
        "building:flats": "",
        "addr:housenumber": "",
        "area_m2": 1888.36
      }
    },
    {
      "type": "Feature",
      "geometry": {
        "type": "Polygon",
        "coordinates": [
          [
            [
              118.5936994,
              24.9109438
            ],
            [
              118.5935668,
              24.9106168
            ],
            [
              118.5937774,
              24.9105466
            ],
            [
              118.5938157,
              24.910641
            ],
            [
              118.5938823,
              24.9106188
            ],
            [
              118.5939766,
              24.9108514
            ],
            [
              118.5936994,
              24.9109438
            ]
          ]
        ]
      },
      "properties": {
        "osm_id": 1188026640,
        "building": "yes",
        "building:levels": "1",
        "building:flats": "",
        "addr:housenumber": "",
        "area_m2": 1069.02
      }
    },
    {
      "type": "Feature",
      "geometry": {
        "type": "Polygon",
        "coordinates": [
          [
            [
              118.6200435,
              24.9825887
            ],
            [
              118.6204456,
              24.9830116
            ],
            [
              118.6208132,
              24.9827245
            ],
            [
              118.6204111,
              24.9823016
            ],
            [
              118.6200435,
              24.9825887
            ]
          ]
        ]
      },
      "properties": {
        "osm_id": 1189456379,
        "building": "yes",
        "building:levels": "",
        "building:flats": "",
        "addr:housenumber": "",
        "area_m2": 3024.14
      }
    },
    {
      "type": "Feature",
      "geometry": {
        "type": "Polygon",
        "coordinates": [
          [
            [
              118.6260691,
              24.9816793
            ],
            [
              118.6258188,
              24.9814262
            ],
            [
              118.6255078,
              24.981679
            ],
            [
              118.625758,
              24.981932
            ],
            [
              118.6260691,
              24.9816793
            ]
          ]
        ]
      },
      "properties": {
        "osm_id": 1189456380,
        "building": "yes",
        "building:levels": "",
        "building:flats": "",
        "addr:housenumber": "",
        "area_m2": 1584.76
      }
    },
    {
      "type": "Feature",
      "geometry": {
        "type": "Polygon",
        "coordinates": [
          [
            [
              118.5605867,
              24.9751379
            ],
            [
              118.5606053,
              24.9749712
            ],
            [
              118.5597939,
              24.9748971
            ],
            [
              118.5597754,
              24.9750637
            ],
            [
              118.5605867,
              24.9751379
            ]
          ]
        ]
      },
      "properties": {
        "osm_id": 1189456390,
        "building": "yes",
        "building:levels": "",
        "building:flats": "",
        "addr:housenumber": "",
        "area_m2": 1524.76
      }
    },
    {
      "type": "Feature",
      "geometry": {
        "type": "Polygon",
        "coordinates": [
          [
            [
              118.5606176,
              24.9756217
            ],
            [
              118.5606267,
              24.9755361
            ],
            [
              118.5597657,
              24.9754608
            ],
            [
              118.5597566,
              24.9755464
            ],
            [
              118.5606176,
              24.9756217
            ]
          ]
        ]
      },
      "properties": {
        "osm_id": 1189456391,
        "building": "yes",
        "building:levels": "",
        "building:flats": "",
        "addr:housenumber": "",
        "area_m2": 830.4
      }
    },
    {
      "type": "Feature",
      "geometry": {
        "type": "Polygon",
        "coordinates": [
          [
            [
              118.5584379,
              24.9754609
            ],
            [
              118.5593559,
              24.9755537
            ],
            [
              118.5594056,
              24.9751496
            ],
            [
              118.5584876,
              24.9750567
            ],
            [
              118.5584379,
              24.9754609
            ]
          ]
        ]
      },
      "properties": {
        "osm_id": 1189456392,
        "building": "yes",
        "building:levels": "",
        "building:flats": "",
        "addr:housenumber": "",
        "area_m2": 4193.2
      }
    },
    {
      "type": "Feature",
      "geometry": {
        "type": "Polygon",
        "coordinates": [
          [
            [
              118.5108197,
              24.9781905
            ],
            [
              118.5114635,
              24.9782037
            ],
            [
              118.5114957,
              24.9769151
            ],
            [
              118.5108519,
              24.9769019
            ],
            [
              118.5108197,
              24.9781905
            ]
          ]
        ]
      },
      "properties": {
        "osm_id": 1189456397,
        "building": "yes",
        "building:levels": "",
        "building:flats": "",
        "addr:housenumber": "",
        "area_m2": 9265.8
      }
    },
    {
      "type": "Feature",
      "geometry": {
        "type": "Polygon",
        "coordinates": [
          [
            [
              118.6749784,
              24.9533132
            ],
            [
              118.6750605,
              24.953263
            ],
            [
              118.6751408,
              24.9533585
            ],
            [
              118.6750587,
              24.9534119
            ],
            [
              118.6749784,
              24.9533132
            ]
          ]
        ]
      },
      "properties": {
        "osm_id": 1217924377,
        "building": "yes",
        "building:levels": "",
        "building:flats": "",
        "addr:housenumber": "",
        "area_m2": 135.43
      }
    },
    {
      "type": "Feature",
      "geometry": {
        "type": "Polygon",
        "coordinates": [
          [
            [
              118.678957,
              24.9581322
            ],
            [
              118.678938,
              24.958013
            ],
            [
              118.6791108,
              24.9579904
            ],
            [
              118.6791298,
              24.9581096
            ],
            [
              118.678957,
              24.9581322
            ]
          ]
        ]
      },
      "properties": {
        "osm_id": 1217924382,
        "building": "yes",
        "building:levels": "",
        "building:flats": "",
        "addr:housenumber": "",
        "area_m2": 234.73
      }
    },
    {
      "type": "Feature",
      "geometry": {
        "type": "Polygon",
        "coordinates": [
          [
            [
              118.6716609,
              24.9498421
            ],
            [
              118.6716704,
              24.9497925
            ],
            [
              118.671809,
              24.9498143
            ],
            [
              118.6717995,
              24.9498639
            ],
            [
              118.6716609,
              24.9498421
            ]
          ]
        ]
      },
      "properties": {
        "osm_id": 1217924386,
        "building": "yes",
        "building:levels": "",
        "building:flats": "",
        "addr:housenumber": "",
        "area_m2": 79.05
      }
    },
    {
      "type": "Feature",
      "geometry": {
        "type": "Polygon",
        "coordinates": [
          [
            [
              118.6716696,
              24.9497529
            ],
            [
              118.6716871,
              24.9496312
            ],
            [
              118.6718356,
              24.9496487
            ],
            [
              118.6718181,
              24.9497704
            ],
            [
              118.6716696,
              24.9497529
            ]
          ]
        ]
      },
      "properties": {
        "osm_id": 1217924387,
        "building": "yes",
        "building:levels": "",
        "building:flats": "",
        "addr:housenumber": "",
        "area_m2": 205.17
      }
    },
    {
      "type": "Feature",
      "geometry": {
        "type": "Polygon",
        "coordinates": [
          [
            [
              118.6716958,
              24.9495555
            ],
            [
              118.6717089,
              24.9494713
            ],
            [
              118.671854,
              24.9494899
            ],
            [
              118.671841,
              24.949574
            ],
            [
              118.6716958,
              24.9495555
            ]
          ]
        ]
      },
      "properties": {
        "osm_id": 1217924388,
        "building": "yes",
        "building:levels": "",
        "building:flats": "",
        "addr:housenumber": "",
        "area_m2": 139.05
      }
    },
    {
      "type": "Feature",
      "geometry": {
        "type": "Polygon",
        "coordinates": [
          [
            [
              118.6722139,
              24.9494819
            ],
            [
              118.6722528,
              24.9493979
            ],
            [
              118.6721604,
              24.9493627
            ],
            [
              118.6721215,
              24.9494467
            ],
            [
              118.6722139,
              24.9494819
            ]
          ]
        ]
      },
      "properties": {
        "osm_id": 1217924389,
        "building": "yes",
        "building:levels": "",
        "building:flats": "",
        "addr:housenumber": "",
        "area_m2": 101.93
      }
    },
    {
      "type": "Feature",
      "geometry": {
        "type": "Polygon",
        "coordinates": [
          [
            [
              118.5728483,
              24.8203083
            ],
            [
              118.5728926,
              24.8202033
            ],
            [
              118.5730124,
              24.820245
            ],
            [
              118.5729681,
              24.8203499
            ],
            [
              118.5728483,
              24.8203083
            ]
          ]
        ]
      },
      "properties": {
        "osm_id": 1217926429,
        "building": "yes",
        "building:levels": "",
        "building:flats": "",
        "addr:housenumber": "",
        "area_m2": 160.95
      }
    },
    {
      "type": "Feature",
      "geometry": {
        "type": "Polygon",
        "coordinates": [
          [
            [
              118.5690457,
              24.8227439
            ],
            [
              118.5691984,
              24.8227612
            ],
            [
              118.5698956,
              24.8227352
            ],
            [
              118.5699815,
              24.8226572
            ],
            [
              118.5700197,
              24.8212878
            ],
            [
              118.5698669,
              24.8203257
            ],
            [
              118.5689597,
              24.8203257
            ],
            [
              118.5689502,
              24.8201177
            ],
            [
              118.569972,
              24.820109
            ],
            [
              118.5701152,
              24.8202477
            ],
            [
              118.570171,
              24.820617
            ],
            [
              118.5702775,
              24.8213224
            ],
            [
              118.5702584,
              24.8228305
            ],
            [
              118.5701152,
              24.8229519
            ],
            [
              118.5690457,
              24.8229779
            ],
            [
              118.5690457,
              24.8227439
            ]
          ]
        ]
      },
      "properties": {
        "osm_id": 1217926431,
        "building": "yes",
        "building:levels": "",
        "building:flats": "",
        "addr:housenumber": "",
        "area_m2": 12652.69
      }
    },
    {
      "type": "Feature",
      "geometry": {
        "type": "Polygon",
        "coordinates": [
          [
            [
              118.573523,
              24.820864
            ],
            [
              118.5735147,
              24.8207854
            ],
            [
              118.5735546,
              24.8207824
            ],
            [
              118.5735646,
              24.8207537
            ],
            [
              118.5736179,
              24.8207492
            ],
            [
              118.5736329,
              24.8207582
            ],
            [
              118.5736412,
              24.8207431
            ],
            [
              118.5737045,
              24.8207386
            ],
            [
              118.5737228,
              24.8207492
            ],
            [
              118.5737261,
              24.8207673
            ],
            [
              118.5737594,
              24.8207658
            ],
            [
              118.5737561,
              24.8208141
            ],
            [
              118.5737744,
              24.8208232
            ],
            [
              118.5737777,
              24.8208474
            ],
            [
              118.5737628,
              24.8208625
            ],
            [
              118.5737128,
              24.82087
            ],
            [
              118.5737111,
              24.8208852
            ],
            [
              118.5736479,
              24.8208927
            ],
            [
              118.5736429,
              24.8208716
            ],
            [
              118.5735663,
              24.8208776
            ],
            [
              118.5735646,
              24.820864
            ],
            [
              118.573523,
              24.820864
            ]
          ]
        ]
      },
      "properties": {
        "osm_id": 1217926433,
        "building": "house",
        "building:levels": "",
        "building:flats": "",
        "addr:housenumber": "",
        "area_m2": 325.78
      }
    },
    {
      "type": "Feature",
      "geometry": {
        "type": "Polygon",
        "coordinates": [
          [
            [
              118.5735269,
              24.8206173
            ],
            [
              118.5735217,
              24.8204942
            ],
            [
              118.5736924,
              24.8204883
            ],
            [
              118.5736975,
              24.8206114
            ],
            [
              118.5735269,
              24.8206173
            ]
          ]
        ]
      },
      "properties": {
        "osm_id": 1217926434,
        "building": "yes",
        "building:levels": "",
        "building:flats": "",
        "addr:housenumber": "",
        "area_m2": 234.85
      }
    },
    {
      "type": "Feature",
      "geometry": {
        "type": "Polygon",
        "coordinates": [
          [
            [
              118.5734915,
              24.8203049
            ],
            [
              118.5735852,
              24.8202158
            ],
            [
              118.573498,
              24.8201402
            ],
            [
              118.5734042,
              24.8202293
            ],
            [
              118.5734915,
              24.8203049
            ]
          ]
        ]
      },
      "properties": {
        "osm_id": 1217926435,
        "building": "yes",
        "building:levels": "",
        "building:flats": "",
        "addr:housenumber": "",
        "area_m2": 165.9
      }
    },
    {
      "type": "Feature",
      "geometry": {
        "type": "Polygon",
        "coordinates": [
          [
            [
              118.5873497,
              24.925094
            ],
            [
              118.587341,
              24.9249998
            ],
            [
              118.5873828,
              24.9249966
            ],
            [
              118.5873813,
              24.924981
            ],
            [
              118.5875268,
              24.9249699
            ],
            [
              118.5875288,
              24.9249909
            ],
            [
              118.587565,
              24.9249882
            ],
            [
              118.5875726,
              24.9250703
            ],
            [
              118.5875262,
              24.9250739
            ],
            [
              118.5875286,
              24.9250998
            ],
            [
              118.5874042,
              24.9251093
            ],
            [
              118.5874024,
              24.9250899
            ],
            [
              118.5873497,
              24.925094
            ]
          ]
        ]
      },
      "properties": {
        "osm_id": 1220475172,
        "building": "yes",
        "building:levels": "",
        "building:flats": "",
        "addr:housenumber": "",
        "area_m2": 283.57
      }
    },
    {
      "type": "Feature",
      "geometry": {
        "type": "Polygon",
        "coordinates": [
          [
            [
              118.5698091,
              24.9167155
            ],
            [
              118.5695869,
              24.9165509
            ],
            [
              118.5697015,
              24.9164237
            ],
            [
              118.5699237,
              24.9165883
            ],
            [
              118.5698091,
              24.9167155
            ]
          ]
        ]
      },
      "properties": {
        "osm_id": 1220475173,
        "building": "yes",
        "building:levels": "",
        "building:flats": "",
        "addr:housenumber": "",
        "area_m2": 526.09
      }
    },
    {
      "type": "Feature",
      "geometry": {
        "type": "Polygon",
        "coordinates": [
          [
            [
              118.531729,
              24.8730453
            ],
            [
              118.531983,
              24.8730306
            ],
            [
              118.5319769,
              24.8729438
            ],
            [
              118.5317229,
              24.8729584
            ],
            [
              118.531729,
              24.8730453
            ]
          ]
        ]
      },
      "properties": {
        "osm_id": 1220988811,
        "building": "yes",
        "building:levels": "",
        "building:flats": "",
        "addr:housenumber": "",
        "area_m2": 247.26
      }
    },
    {
      "type": "Feature",
      "geometry": {
        "type": "Polygon",
        "coordinates": [
          [
            [
              118.5330093,
              24.8729726
            ],
            [
              118.5332295,
              24.8730419
            ],
            [
              118.5332562,
              24.8729721
            ],
            [
              118.533036,
              24.8729027
            ],
            [
              118.5330093,
              24.8729726
            ]
          ]
        ]
      },
      "properties": {
        "osm_id": 1220988812,
        "building": "yes",
        "building:levels": "",
        "building:flats": "",
        "addr:housenumber": "",
        "area_m2": 192.37
      }
    },
    {
      "type": "Feature",
      "geometry": {
        "type": "Polygon",
        "coordinates": [
          [
            [
              118.5333154,
              24.8730297
            ],
            [
              118.5334637,
              24.8730774
            ],
            [
              118.5334382,
              24.8731426
            ],
            [
              118.5335199,
              24.8731689
            ],
            [
              118.5335666,
              24.8730497
            ],
            [
              118.5333366,
              24.8729756
            ],
            [
              118.5333154,
              24.8730297
            ]
          ]
        ]
      },
      "properties": {
        "osm_id": 1220988813,
        "building": "yes",
        "building:levels": "",
        "building:flats": "",
        "addr:housenumber": "",
        "area_m2": 223.26
      }
    },
    {
      "type": "Feature",
      "geometry": {
        "type": "Polygon",
        "coordinates": [
          [
            [
              118.5272238,
              24.8727637
            ],
            [
              118.5281234,
              24.87261
            ],
            [
              118.5281265,
              24.8726798
            ],
            [
              118.528108,
              24.8729063
            ],
            [
              118.5275226,
              24.8730069
            ],
            [
              118.5275195,
              24.8729789
            ],
            [
              118.5272638,
              24.8730013
            ],
            [
              118.5272238,
              24.8727637
            ]
          ]
        ]
      },
      "properties": {
        "osm_id": 1220988835,
        "building": "yes",
        "building:levels": "",
        "building:flats": "",
        "addr:housenumber": "",
        "area_m2": 2749.76
      }
    },
    {
      "type": "Feature",
      "geometry": {
        "type": "Polygon",
        "coordinates": [
          [
            [
              118.527102,
              24.8690652
            ],
            [
              118.5277995,
              24.8685338
            ],
            [
              118.5279018,
              24.8686444
            ],
            [
              118.5272041,
              24.8691757
            ],
            [
              118.527102,
              24.8690652
            ]
          ]
        ]
      },
      "properties": {
        "osm_id": 1220988839,
        "building": "yes",
        "building:levels": "",
        "building:flats": "",
        "addr:housenumber": "",
        "area_m2": 1467.12
      }
    },
    {
      "type": "Feature",
      "geometry": {
        "type": "Polygon",
        "coordinates": [
          [
            [
              118.5301176,
              24.8718036
            ],
            [
              118.5305637,
              24.8719296
            ],
            [
              118.5306071,
              24.8718031
            ],
            [
              118.530161,
              24.8716771
            ],
            [
              118.5301176,
              24.8718036
            ]
          ]
        ]
      },
      "properties": {
        "osm_id": 1220988847,
        "building": "yes",
        "building:levels": "",
        "building:flats": "",
        "addr:housenumber": "",
        "area_m2": 691.01
      }
    },
    {
      "type": "Feature",
      "geometry": {
        "type": "Polygon",
        "coordinates": [
          [
            [
              118.5306232,
              24.8721657
            ],
            [
              118.5308076,
              24.8721604
            ],
            [
              118.5308029,
              24.8720259
            ],
            [
              118.5306185,
              24.8720311
            ],
            [
              118.5306232,
              24.8721657
            ]
          ]
        ]
      },
      "properties": {
        "osm_id": 1220988848,
        "building": "yes",
        "building:levels": "",
        "building:flats": "",
        "addr:housenumber": "",
        "area_m2": 277.25
      }
    },
    {
      "type": "Feature",
      "geometry": {
        "type": "Polygon",
        "coordinates": [
          [
            [
              118.5298113,
              24.8719108
            ],
            [
              118.5299126,
              24.8719354
            ],
            [
              118.5300574,
              24.871929
            ],
            [
              118.5301364,
              24.8716606
            ],
            [
              118.529995,
              24.8716264
            ],
            [
              118.5299354,
              24.871829
            ],
            [
              118.5298421,
              24.8718064
            ],
            [
              118.5298113,
              24.8719108
            ]
          ]
        ]
      },
      "properties": {
        "osm_id": 1220988849,
        "building": "yes",
        "building:levels": "",
        "building:flats": "",
        "addr:housenumber": "",
        "area_m2": 604.87
      }
    },
    {
      "type": "Feature",
      "geometry": {
        "type": "Polygon",
        "coordinates": [
          [
            [
              118.5297289,
              24.871683
            ],
            [
              118.5299117,
              24.8717432
            ],
            [
              118.5299665,
              24.8716063
            ],
            [
              118.5297836,
              24.8715461
            ],
            [
              118.5297289,
              24.871683
            ]
          ]
        ]
      },
      "properties": {
        "osm_id": 1220988850,
        "building": "yes",
        "building:levels": "",
        "building:flats": "",
        "addr:housenumber": "",
        "area_m2": 316.23
      }
    },
    {
      "type": "Feature",
      "geometry": {
        "type": "Polygon",
        "coordinates": [
          [
            [
              118.5287106,
              24.8717664
            ],
            [
              118.528814,
              24.8714795
            ],
            [
              118.5289764,
              24.8715277
            ],
            [
              118.528873,
              24.8718146
            ],
            [
              118.5287106,
              24.8717664
            ]
          ]
        ]
      },
      "properties": {
        "osm_id": 1220988851,
        "building": "yes",
        "building:levels": "",
        "building:flats": "",
        "addr:housenumber": "",
        "area_m2": 575.76
      }
    },
    {
      "type": "Feature",
      "geometry": {
        "type": "Polygon",
        "coordinates": [
          [
            [
              118.5289451,
              24.8717341
            ],
            [
              118.5290433,
              24.8717803
            ],
            [
              118.5290939,
              24.871692
            ],
            [
              118.5290956,
              24.8716374
            ],
            [
              118.5290206,
              24.8716021
            ],
            [
              118.5289451,
              24.8717341
            ]
          ]
        ]
      },
      "properties": {
        "osm_id": 1220988852,
        "building": "yes",
        "building:levels": "",
        "building:flats": "",
        "addr:housenumber": "",
        "area_m2": 176.53
      }
    },
    {
      "type": "Feature",
      "geometry": {
        "type": "Polygon",
        "coordinates": [
          [
            [
              118.5290117,
              24.8718672
            ],
            [
              118.5291395,
              24.8719206
            ],
            [
              118.5291956,
              24.8718102
            ],
            [
              118.5290678,
              24.8717567
            ],
            [
              118.5290117,
              24.8718672
            ]
          ]
        ]
      },
      "properties": {
        "osm_id": 1220988853,
        "building": "yes",
        "building:levels": "",
        "building:flats": "",
        "addr:housenumber": "",
        "area_m2": 191.05
      }
    },
    {
      "type": "Feature",
      "geometry": {
        "type": "Polygon",
        "coordinates": [
          [
            [
              118.5291339,
              24.8719549
            ],
            [
              118.5292331,
              24.8717612
            ],
            [
              118.5293071,
              24.8717924
            ],
            [
              118.5292079,
              24.8719861
            ],
            [
              118.5291339,
              24.8719549
            ]
          ]
        ]
      },
      "properties": {
        "osm_id": 1220988854,
        "building": "yes",
        "building:levels": "",
        "building:flats": "",
        "addr:housenumber": "",
        "area_m2": 194.56
      }
    },
    {
      "type": "Feature",
      "geometry": {
        "type": "Polygon",
        "coordinates": [
          [
            [
              118.5292225,
              24.8716752
            ],
            [
              118.5293434,
              24.8717188
            ],
            [
              118.5294284,
              24.8715247
            ],
            [
              118.5293123,
              24.8714828
            ],
            [
              118.5292903,
              24.8715331
            ],
            [
              118.5292531,
              24.8715716
            ],
            [
              118.5292211,
              24.8716447
            ],
            [
              118.5292339,
              24.8716493
            ],
            [
              118.5292225,
              24.8716752
            ]
          ]
        ]
      },
      "properties": {
        "osm_id": 1220988855,
        "building": "yes",
        "building:levels": "",
        "building:flats": "",
        "addr:housenumber": "",
        "area_m2": 314.58
      }
    },
    {
      "type": "Feature",
      "geometry": {
        "type": "Polygon",
        "coordinates": [
          [
            [
              118.529453,
              24.8716327
            ],
            [
              118.5295202,
              24.8714689
            ],
            [
              118.5296723,
              24.8715203
            ],
            [
              118.5296051,
              24.8716841
            ],
            [
              118.529453,
              24.8716327
            ]
          ]
        ]
      },
      "properties": {
        "osm_id": 1220988856,
        "building": "yes",
        "building:levels": "",
        "building:flats": "",
        "addr:housenumber": "",
        "area_m2": 316.68
      }
    },
    {
      "type": "Feature",
      "geometry": {
        "type": "Polygon",
        "coordinates": [
          [
            [
              118.573019,
              24.8752071
            ],
            [
              118.5748192,
              24.875261
            ],
            [
              118.574847,
              24.8744941
            ],
            [
              118.5730469,
              24.8744405
            ],
            [
              118.573019,
              24.8752071
            ]
          ]
        ]
      },
      "properties": {
        "osm_id": 1229624899,
        "building": "yes",
        "building:levels": "",
        "building:flats": "",
        "addr:housenumber": "",
        "area_m2": 15424.98
      }
    },
    {
      "type": "Feature",
      "geometry": {
        "type": "Polygon",
        "coordinates": [
          [
            [
              118.543535,
              24.8079038
            ],
            [
              118.5435464,
              24.8077742
            ],
            [
              118.5436541,
              24.8077804
            ],
            [
              118.5438994,
              24.8079381
            ],
            [
              118.5438427,
              24.808016
            ],
            [
              118.543656,
              24.8079036
            ],
            [
              118.543535,
              24.8079038
            ]
          ]
        ]
      },
      "properties": {
        "osm_id": 1231039303,
        "building": "yes",
        "building:levels": "",
        "building:flats": "",
        "addr:housenumber": "",
        "area_m2": 445.27
      }
    },
    {
      "type": "Feature",
      "geometry": {
        "type": "Polygon",
        "coordinates": [
          [
            [
              118.6999476,
              24.9669554
            ],
            [
              118.6999253,
              24.9668606
            ],
            [
              118.6992407,
              24.966993
            ],
            [
              118.699263,
              24.9670878
            ],
            [
              118.6999476,
              24.9669554
            ]
          ]
        ]
      },
      "properties": {
        "osm_id": 1269228809,
        "building": "yes",
        "building:levels": "",
        "building:flats": "",
        "addr:housenumber": "",
        "area_m2": 757.46
      }
    },
    {
      "type": "Feature",
      "geometry": {
        "type": "Polygon",
        "coordinates": [
          [
            [
              118.6984751,
              24.9663225
            ],
            [
              118.6983973,
              24.9658776
            ],
            [
              118.698099,
              24.9659204
            ],
            [
              118.6981768,
              24.9663654
            ],
            [
              118.6984751,
              24.9663225
            ]
          ]
        ]
      },
      "properties": {
        "osm_id": 1269228810,
        "building": "yes",
        "building:levels": "",
        "building:flats": "",
        "addr:housenumber": "",
        "area_m2": 1518.9
      }
    },
    {
      "type": "Feature",
      "geometry": {
        "type": "Polygon",
        "coordinates": [
          [
            [
              118.6999932,
              24.8844462
            ],
            [
              118.6999449,
              24.8840982
            ],
            [
              118.6997115,
              24.8841249
            ],
            [
              118.6997598,
              24.8844728
            ],
            [
              118.6999932,
              24.8844462
            ]
          ]
        ]
      },
      "properties": {
        "osm_id": 1269228993,
        "building": "yes",
        "building:levels": "",
        "building:flats": "",
        "addr:housenumber": "",
        "area_m2": 920.96
      }
    },
    {
      "type": "Feature",
      "geometry": {
        "type": "Polygon",
        "coordinates": [
          [
            [
              118.6998291,
              24.8831213
            ],
            [
              118.6999015,
              24.8831249
            ],
            [
              118.6999063,
              24.8830466
            ],
            [
              118.6998338,
              24.883043
            ],
            [
              118.6998291,
              24.8831213
            ]
          ]
        ]
      },
      "properties": {
        "osm_id": 1269228994,
        "building": "yes",
        "building:levels": "",
        "building:flats": "",
        "addr:housenumber": "",
        "area_m2": 63.52
      }
    },
    {
      "type": "Feature",
      "geometry": {
        "type": "Polygon",
        "coordinates": [
          [
            [
              118.5925654,
              24.9373542
            ],
            [
              118.5926525,
              24.9374381
            ],
            [
              118.5927146,
              24.9373852
            ],
            [
              118.5926274,
              24.9373012
            ],
            [
              118.5925654,
              24.9373542
            ]
          ]
        ]
      },
      "properties": {
        "osm_id": 1284425013,
        "building": "yes",
        "building:levels": "",
        "building:flats": "",
        "addr:housenumber": "",
        "area_m2": 109.66
      }
    },
    {
      "type": "Feature",
      "geometry": {
        "type": "Polygon",
        "coordinates": [
          [
            [
              118.5921724,
              24.9373141
            ],
            [
              118.5923079,
              24.9373846
            ],
            [
              118.5923381,
              24.9373368
            ],
            [
              118.5922027,
              24.9372663
            ],
            [
              118.5921724,
              24.9373141
            ]
          ]
        ]
      },
      "properties": {
        "osm_id": 1284425014,
        "building": "yes",
        "building:levels": "",
        "building:flats": "",
        "addr:housenumber": "",
        "area_m2": 96.08
      }
    },
    {
      "type": "Feature",
      "geometry": {
        "type": "Polygon",
        "coordinates": [
          [
            [
              118.5779711,
              24.9790592
            ],
            [
              118.5781437,
              24.9792741
            ],
            [
              118.5782313,
              24.9792163
            ],
            [
              118.5780587,
              24.9790014
            ],
            [
              118.5779711,
              24.9790592
            ]
          ]
        ]
      },
      "properties": {
        "osm_id": 1284425015,
        "building": "yes",
        "building:levels": "",
        "building:flats": "",
        "addr:housenumber": "",
        "area_m2": 321.52
      }
    },
    {
      "type": "Feature",
      "geometry": {
        "type": "Polygon",
        "coordinates": [
          [
            [
              118.5622728,
              24.955387
            ],
            [
              118.5627887,
              24.9553337
            ],
            [
              118.562752,
              24.9550417
            ],
            [
              118.5622361,
              24.955095
            ],
            [
              118.5622728,
              24.955387
            ]
          ]
        ]
      },
      "properties": {
        "osm_id": 1284425016,
        "building": "yes",
        "building:levels": "",
        "building:flats": "",
        "addr:housenumber": "",
        "area_m2": 1703.5
      }
    },
    {
      "type": "Feature",
      "geometry": {
        "type": "Polygon",
        "coordinates": [
          [
            [
              118.5620832,
              24.9555555
            ],
            [
              118.5620049,
              24.9550273
            ],
            [
              118.5614966,
              24.9550892
            ],
            [
              118.5615749,
              24.9556174
            ],
            [
              118.5620832,
              24.9555555
            ]
          ]
        ]
      },
      "properties": {
        "osm_id": 1284425017,
        "building": "yes",
        "building:levels": "",
        "building:flats": "",
        "addr:housenumber": "",
        "area_m2": 3051.27
      }
    },
    {
      "type": "Feature",
      "geometry": {
        "type": "Polygon",
        "coordinates": [
          [
            [
              118.5616887,
              24.9539116
            ],
            [
              118.561604,
              24.9536396
            ],
            [
              118.5612683,
              24.9537256
            ],
            [
              118.561353,
              24.9539976
            ],
            [
              118.5616887,
              24.9539116
            ]
          ]
        ]
      },
      "properties": {
        "osm_id": 1284425018,
        "building": "yes",
        "building:levels": "",
        "building:flats": "",
        "addr:housenumber": "",
        "area_m2": 1100.64
      }
    },
    {
      "type": "Feature",
      "geometry": {
        "type": "Polygon",
        "coordinates": [
          [
            [
              118.5614554,
              24.9545255
            ],
            [
              118.561393,
              24.954276
            ],
            [
              118.5610251,
              24.9543517
            ],
            [
              118.5610875,
              24.9546011
            ],
            [
              118.5614554,
              24.9545255
            ]
          ]
        ]
      },
      "properties": {
        "osm_id": 1284425019,
        "building": "yes",
        "building:levels": "",
        "building:flats": "",
        "addr:housenumber": "",
        "area_m2": 1077.18
      }
    },
    {
      "type": "Feature",
      "geometry": {
        "type": "Polygon",
        "coordinates": [
          [
            [
              118.559137,
              24.9542054
            ],
            [
              118.559136,
              24.9540549
            ],
            [
              118.5582508,
              24.9540597
            ],
            [
              118.5582519,
              24.9542103
            ],
            [
              118.559137,
              24.9542054
            ]
          ]
        ]
      },
      "properties": {
        "osm_id": 1284425020,
        "building": "yes",
        "building:levels": "",
        "building:flats": "",
        "addr:housenumber": "",
        "area_m2": 1487.67
      }
    },
    {
      "type": "Feature",
      "geometry": {
        "type": "Polygon",
        "coordinates": [
          [
            [
              118.5587588,
              24.9532327
            ],
            [
              118.5586273,
              24.953121
            ],
            [
              118.5578736,
              24.9538505
            ],
            [
              118.5580051,
              24.9539622
            ],
            [
              118.5587588,
              24.9532327
            ]
          ]
        ]
      },
      "properties": {
        "osm_id": 1284425021,
        "building": "yes",
        "building:levels": "",
        "building:flats": "",
        "addr:housenumber": "",
        "area_m2": 2010.7
      }
    },
    {
      "type": "Feature",
      "geometry": {
        "type": "Polygon",
        "coordinates": [
          [
            [
              118.5867148,
              24.9060268
            ],
            [
              118.5868877,
              24.9059085
            ],
            [
              118.5869475,
              24.9059767
            ],
            [
              118.5868642,
              24.9060277
            ],
            [
              118.5868838,
              24.9060547
            ],
            [
              118.5867864,
              24.906115
            ],
            [
              118.5867148,
              24.9060268
            ]
          ]
        ]
      },
      "properties": {
        "osm_id": 1309514759,
        "building": "mosque",
        "building:levels": "",
        "building:flats": "",
        "addr:housenumber": "",
        "area_m2": 242.72
      }
    },
    {
      "type": "Feature",
      "geometry": {
        "type": "Polygon",
        "coordinates": [
          [
            [
              118.5868213,
              24.9056073
            ],
            [
              118.586892,
              24.9057017
            ],
            [
              118.586951,
              24.9056653
            ],
            [
              118.5868803,
              24.9055709
            ],
            [
              118.5868213,
              24.9056073
            ]
          ]
        ]
      },
      "properties": {
        "osm_id": 1309514760,
        "building": "yes",
        "building:levels": "",
        "building:flats": "",
        "addr:housenumber": "",
        "area_m2": 90.9
      }
    },
    {
      "type": "Feature",
      "geometry": {
        "type": "Polygon",
        "coordinates": [
          [
            [
              118.5886113,
              24.911373
            ],
            [
              118.5888093,
              24.9113374
            ],
            [
              118.588742,
              24.9110295
            ],
            [
              118.5885439,
              24.9110651
            ],
            [
              118.5886113,
              24.911373
            ]
          ]
        ]
      },
      "properties": {
        "osm_id": 1309620125,
        "building": "yes",
        "building:levels": "",
        "building:flats": "",
        "addr:housenumber": "",
        "area_m2": 707.5
      }
    },
    {
      "type": "Feature",
      "geometry": {
        "type": "Polygon",
        "coordinates": [
          [
            [
              118.5897018,
              24.9115579
            ],
            [
              118.5898465,
              24.9115367
            ],
            [
              118.5898409,
              24.9114953
            ],
            [
              118.5900191,
              24.9114712
            ],
            [
              118.5899931,
              24.9112922
            ],
            [
              118.5898117,
              24.9113226
            ],
            [
              118.5898033,
              24.9112555
            ],
            [
              118.5896396,
              24.9112832
            ],
            [
              118.5897018,
              24.9115579
            ]
          ]
        ]
      },
      "properties": {
        "osm_id": 1311674689,
        "building": "temple",
        "building:levels": "",
        "building:flats": "",
        "addr:housenumber": "",
        "area_m2": 852.55
      }
    },
    {
      "type": "Feature",
      "geometry": {
        "type": "Polygon",
        "coordinates": [
          [
            [
              118.5891245,
              24.9107034
            ],
            [
              118.5892113,
              24.9106786
            ],
            [
              118.5891851,
              24.9106032
            ],
            [
              118.5890983,
              24.9106279
            ],
            [
              118.5891245,
              24.9107034
            ]
          ]
        ]
      },
      "properties": {
        "osm_id": 1311674690,
        "building": "temple",
        "building:levels": "",
        "building:flats": "",
        "addr:housenumber": "",
        "area_m2": 80.35
      }
    },
    {
      "type": "Feature",
      "geometry": {
        "type": "Polygon",
        "coordinates": [
          [
            [
              118.5907003,
              24.9121633
            ],
            [
              118.5907745,
              24.9121516
            ],
            [
              118.5908065,
              24.9121075
            ],
            [
              118.5907968,
              24.9120434
            ],
            [
              118.5907553,
              24.9120061
            ],
            [
              118.5906813,
              24.9120141
            ],
            [
              118.5906452,
              24.9120631
            ],
            [
              118.5906494,
              24.9121193
            ],
            [
              118.5907003,
              24.9121633
            ]
          ]
        ]
      },
      "properties": {
        "osm_id": 1311674691,
        "building": "temple",
        "building:levels": "",
        "building:flats": "",
        "addr:housenumber": "",
        "area_m2": 217.73
      }
    },
    {
      "type": "Feature",
      "geometry": {
        "type": "Polygon",
        "coordinates": [
          [
            [
              118.5909979,
              24.9124049
            ],
            [
              118.5912381,
              24.9123491
            ],
            [
              118.5911816,
              24.9121533
            ],
            [
              118.5909491,
              24.9122075
            ],
            [
              118.5909979,
              24.9124049
            ]
          ]
        ]
      },
      "properties": {
        "osm_id": 1311674692,
        "building": "temple",
        "building:levels": "",
        "building:flats": "",
        "addr:housenumber": "",
        "area_m2": 551.04
      }
    },
    {
      "type": "Feature",
      "geometry": {
        "type": "Polygon",
        "coordinates": [
          [
            [
              118.5766561,
              24.8902609
            ],
            [
              118.576692,
              24.8898921
            ],
            [
              118.5773957,
              24.8899485
            ],
            [
              118.5773598,
              24.8903174
            ],
            [
              118.5766561,
              24.8902609
            ]
          ]
        ]
      },
      "properties": {
        "osm_id": 1311832654,
        "building": "yes",
        "building:levels": "",
        "building:flats": "",
        "addr:housenumber": "",
        "area_m2": 2920.16
      }
    },
    {
      "type": "Feature",
      "geometry": {
        "type": "Polygon",
        "coordinates": [
          [
            [
              118.5853705,
              24.9063183
            ],
            [
              118.5849362,
              24.9058503
            ],
            [
              118.5850856,
              24.9057296
            ],
            [
              118.5855199,
              24.906204
            ],
            [
              118.5853705,
              24.9063183
            ]
          ]
        ]
      },
      "properties": {
        "osm_id": 1315123271,
        "building": "yes",
        "building:levels": "",
        "building:flats": "",
        "addr:housenumber": "",
        "area_m2": 1355.53
      }
    },
    {
      "type": "Feature",
      "geometry": {
        "type": "Polygon",
        "coordinates": [
          [
            [
              118.5874825,
              24.9054288
            ],
            [
              118.5873685,
              24.9052695
            ],
            [
              118.5879092,
              24.904916
            ],
            [
              118.5880294,
              24.9050836
            ],
            [
              118.5874825,
              24.9054288
            ]
          ]
        ]
      },
      "properties": {
        "osm_id": 1315123272,
        "building": "yes",
        "building:levels": "",
        "building:flats": "",
        "addr:housenumber": "",
        "area_m2": 1448.91
      }
    },
    {
      "type": "Feature",
      "geometry": {
        "type": "Polygon",
        "coordinates": [
          [
            [
              118.5832856,
              24.9143292
            ],
            [
              118.5832748,
              24.9141867
            ],
            [
              118.5835614,
              24.9141616
            ],
            [
              118.5835845,
              24.9142999
            ],
            [
              118.5832856,
              24.9143292
            ]
          ]
        ]
      },
      "properties": {
        "osm_id": 1315123273,
        "building": "kindergarten",
        "building:levels": "",
        "building:flats": "",
        "addr:housenumber": "",
        "area_m2": 463.98
      }
    },
    {
      "type": "Feature",
      "geometry": {
        "type": "Polygon",
        "coordinates": [
          [
            [
              118.5832666,
              24.9116963
            ],
            [
              118.5831942,
              24.9115114
            ],
            [
              118.583331,
              24.9114701
            ],
            [
              118.5834061,
              24.9116525
            ],
            [
              118.5832666,
              24.9116963
            ]
          ]
        ]
      },
      "properties": {
        "osm_id": 1315123275,
        "building": "yes",
        "building:levels": "",
        "building:flats": "",
        "addr:housenumber": "",
        "area_m2": 318.26
      }
    },
    {
      "type": "Feature",
      "geometry": {
        "type": "Polygon",
        "coordinates": [
          [
            [
              118.6744555,
              24.860612
            ],
            [
              118.6746897,
              24.8607082
            ],
            [
              118.6746034,
              24.8608849
            ],
            [
              118.6743717,
              24.8607887
            ],
            [
              118.6744555,
              24.860612
            ]
          ]
        ]
      },
      "properties": {
        "osm_id": 1328742545,
        "building": "apartments",
        "building:levels": "",
        "building:flats": "",
        "addr:housenumber": "",
        "area_m2": 550.84
      }
    },
    {
      "type": "Feature",
      "geometry": {
        "type": "Polygon",
        "coordinates": [
          [
            [
              118.6748327,
              24.8607686
            ],
            [
              118.6751063,
              24.8608938
            ],
            [
              118.6750151,
              24.8610571
            ],
            [
              118.6747415,
              24.8609341
            ],
            [
              118.6748327,
              24.8607686
            ]
          ]
        ]
      },
      "properties": {
        "osm_id": 1328742546,
        "building": "apartments",
        "building:levels": "",
        "building:flats": "",
        "addr:housenumber": "",
        "area_m2": 628.47
      }
    },
    {
      "type": "Feature",
      "geometry": {
        "type": "Polygon",
        "coordinates": [
          [
            [
              118.675227,
              24.8609855
            ],
            [
              118.6754686,
              24.8610973
            ],
            [
              118.6753774,
              24.8612517
            ],
            [
              118.6751309,
              24.8611398
            ],
            [
              118.675227,
              24.8609855
            ]
          ]
        ]
      },
      "properties": {
        "osm_id": 1328742547,
        "building": "apartments",
        "building:levels": "",
        "building:flats": "",
        "addr:housenumber": "",
        "area_m2": 537.44
      }
    },
    {
      "type": "Feature",
      "geometry": {
        "type": "Polygon",
        "coordinates": [
          [
            [
              118.6742398,
              24.8609823
            ],
            [
              118.67469,
              24.8611856
            ],
            [
              118.6745835,
              24.8613551
            ],
            [
              118.6741352,
              24.8611517
            ],
            [
              118.6742398,
              24.8609823
            ]
          ]
        ]
      },
      "properties": {
        "osm_id": 1328742548,
        "building": "apartments",
        "building:levels": "",
        "building:flats": "",
        "addr:housenumber": "",
        "area_m2": 1089.41
      }
    },
    {
      "type": "Feature",
      "geometry": {
        "type": "Polygon",
        "coordinates": [
          [
            [
              118.6748371,
              24.8615814
            ],
            [
              118.6749174,
              24.8614424
            ],
            [
              118.6752257,
              24.8615831
            ],
            [
              118.6751435,
              24.8617187
            ],
            [
              118.6748371,
              24.8615814
            ]
          ]
        ]
      },
      "properties": {
        "osm_id": 1328742549,
        "building": "apartments",
        "building:levels": "",
        "building:flats": "",
        "addr:housenumber": "",
        "area_m2": 597.16
      }
    },
    {
      "type": "Feature",
      "geometry": {
        "type": "Polygon",
        "coordinates": [
          [
            [
              118.6738809,
              24.8616348
            ],
            [
              118.6739893,
              24.861429
            ],
            [
              118.6744601,
              24.8616325
            ],
            [
              118.6743418,
              24.8618361
            ],
            [
              118.6738809,
              24.8616348
            ]
          ]
        ]
      },
      "properties": {
        "osm_id": 1328742550,
        "building": "apartments",
        "building:levels": "",
        "building:flats": "",
        "addr:housenumber": "",
        "area_m2": 1320.63
      }
    },
    {
      "type": "Feature",
      "geometry": {
        "type": "Polygon",
        "coordinates": [
          [
            [
              118.6745716,
              24.862119
            ],
            [
              118.6746481,
              24.8619773
            ],
            [
              118.6749424,
              24.8621013
            ],
            [
              118.6748595,
              24.8622385
            ],
            [
              118.6745716,
              24.862119
            ]
          ]
        ]
      },
      "properties": {
        "osm_id": 1328742551,
        "building": "apartments",
        "building:levels": "",
        "building:flats": "",
        "addr:housenumber": "",
        "area_m2": 561.48
      }
    },
    {
      "type": "Feature",
      "geometry": {
        "type": "Polygon",
        "coordinates": [
          [
            [
              118.6736386,
              24.8620775
            ],
            [
              118.6737373,
              24.8618847
            ],
            [
              118.674175,
              24.8620755
            ],
            [
              118.6740656,
              24.8622605
            ],
            [
              118.6736386,
              24.8620775
            ]
          ]
        ]
      },
      "properties": {
        "osm_id": 1328742552,
        "building": "apartments",
        "building:levels": "",
        "building:flats": "",
        "addr:housenumber": "",
        "area_m2": 1128.81
      }
    },
    {
      "type": "Feature",
      "geometry": {
        "type": "Polygon",
        "coordinates": [
          [
            [
              118.6746342,
              24.8626168
            ],
            [
              118.6740999,
              24.8623909
            ],
            [
              118.6740205,
              24.862537
            ],
            [
              118.6745548,
              24.8627511
            ],
            [
              118.6746342,
              24.8626168
            ]
          ]
        ]
      },
      "properties": {
        "osm_id": 1328742553,
        "building": "apartments",
        "building:levels": "",
        "building:flats": "",
        "addr:housenumber": "",
        "area_m2": 1031.23
      }
    },
    {
      "type": "Feature",
      "geometry": {
        "type": "Polygon",
        "coordinates": [
          [
            [
              118.5534588,
              24.7946407
            ],
            [
              118.5537467,
              24.7945146
            ],
            [
              118.5541097,
              24.79514
            ],
            [
              118.5543025,
              24.7950474
            ],
            [
              118.554524,
              24.7954727
            ],
            [
              118.5540335,
              24.7956778
            ],
            [
              118.5534588,
              24.7946407
            ]
          ]
        ]
      },
      "properties": {
        "osm_id": 1336551550,
        "building": "yes",
        "building:levels": "",
        "building:flats": "",
        "addr:housenumber": "",
        "area_m2": 5384.04
      }
    },
    {
      "type": "Feature",
      "geometry": {
        "type": "Polygon",
        "coordinates": [
          [
            [
              118.5533953,
              24.7942887
            ],
            [
              118.5533905,
              24.7941314
            ],
            [
              118.5534241,
              24.7940666
            ],
            [
              118.5535443,
              24.794064
            ],
            [
              118.553574,
              24.794134
            ],
            [
              118.5535771,
              24.794294
            ],
            [
              118.5533953,
              24.7942887
            ]
          ]
        ]
      },
      "properties": {
        "osm_id": 1336551551,
        "building": "yes",
        "building:levels": "",
        "building:flats": "",
        "addr:housenumber": "",
        "area_m2": 437.56
      }
    },
    {
      "type": "Feature",
      "geometry": {
        "type": "Polygon",
        "coordinates": [
          [
            [
              118.603135,
              24.877829
            ],
            [
              118.6030749,
              24.8776572
            ],
            [
              118.6036527,
              24.8775015
            ],
            [
              118.6037102,
              24.877646
            ],
            [
              118.603688,
              24.8776997
            ],
            [
              118.6034571,
              24.8777334
            ],
            [
              118.6033262,
              24.8777503
            ],
            [
              118.6032837,
              24.8777872
            ],
            [
              118.603135,
              24.877829
            ]
          ]
        ]
      },
      "properties": {
        "osm_id": 1337937241,
        "building": "yes",
        "building:levels": "",
        "building:flats": "",
        "addr:housenumber": "",
        "area_m2": 1197.31
      }
    },
    {
      "type": "Feature",
      "geometry": {
        "type": "Polygon",
        "coordinates": [
          [
            [
              118.5793347,
              24.9448808
            ],
            [
              118.579524,
              24.9447642
            ],
            [
              118.5795784,
              24.9445858
            ],
            [
              118.5795469,
              24.9444618
            ],
            [
              118.5794233,
              24.9443205
            ],
            [
              118.5792022,
              24.9442499
            ],
            [
              118.5789999,
              24.9442986
            ],
            [
              118.578881,
              24.9444196
            ],
            [
              118.5788473,
              24.9445853
            ],
            [
              118.5788972,
              24.9447123
            ],
            [
              118.5790775,
              24.9446278
            ],
            [
              118.5791176,
              24.9446911
            ],
            [
              118.5791925,
              24.9447317
            ],
            [
              118.5792802,
              24.9447246
            ],
            [
              118.5793347,
              24.9448808
            ]
          ]
        ]
      },
      "properties": {
        "osm_id": 1339439600,
        "building": "yes",
        "building:levels": "",
        "building:flats": "",
        "addr:housenumber": "",
        "area_m2": 3236.5
      }
    },
    {
      "type": "Feature",
      "geometry": {
        "type": "Polygon",
        "coordinates": [
          [
            [
              118.5674316,
              24.9281895
            ],
            [
              118.5675476,
              24.9281979
            ],
            [
              118.5675609,
              24.9280465
            ],
            [
              118.5674449,
              24.9280382
            ],
            [
              118.5674316,
              24.9281895
            ]
          ]
        ]
      },
      "properties": {
        "osm_id": 1346845874,
        "building": "yes",
        "building:levels": "",
        "building:flats": "",
        "addr:housenumber": "",
        "area_m2": 197.23
      }
    },
    {
      "type": "Feature",
      "geometry": {
        "type": "Polygon",
        "coordinates": [
          [
            [
              118.5141388,
              24.9409059
            ],
            [
              118.5140014,
              24.9410565
            ],
            [
              118.51421,
              24.941213
            ],
            [
              118.5143475,
              24.9410624
            ],
            [
              118.5141388,
              24.9409059
            ]
          ]
        ]
      },
      "properties": {
        "osm_id": 1346845875,
        "building": "yes",
        "building:levels": "",
        "building:flats": "",
        "addr:housenumber": "",
        "area_m2": 590.91
      }
    },
    {
      "type": "Feature",
      "geometry": {
        "type": "Polygon",
        "coordinates": [
          [
            [
              118.5168882,
              24.9392282
            ],
            [
              118.5170048,
              24.9390652
            ],
            [
              118.5169065,
              24.9390073
            ],
            [
              118.5167898,
              24.9391703
            ],
            [
              118.5168882,
              24.9392282
            ]
          ]
        ]
      },
      "properties": {
        "osm_id": 1346845876,
        "building": "yes",
        "building:levels": "",
        "building:flats": "",
        "addr:housenumber": "",
        "area_m2": 254.36
      }
    },
    {
      "type": "Feature",
      "geometry": {
        "type": "Polygon",
        "coordinates": [
          [
            [
              118.5171121,
              24.9389959
            ],
            [
              118.5169396,
              24.9392429
            ],
            [
              118.5173419,
              24.939474
            ],
            [
              118.5175145,
              24.939227
            ],
            [
              118.5171121,
              24.9389959
            ]
          ]
        ]
      },
      "properties": {
        "osm_id": 1346845877,
        "building": "yes",
        "building:levels": "",
        "building:flats": "",
        "addr:housenumber": "",
        "area_m2": 1554.56
      }
    },
    {
      "type": "Feature",
      "geometry": {
        "type": "Polygon",
        "coordinates": [
          [
            [
              118.51513,
              24.9366221
            ],
            [
              118.5154867,
              24.9367535
            ],
            [
              118.5156401,
              24.9364109
            ],
            [
              118.5152834,
              24.9362795
            ],
            [
              118.51513,
              24.9366221
            ]
          ]
        ]
      },
      "properties": {
        "osm_id": 1346845878,
        "building": "yes",
        "building:levels": "",
        "building:flats": "",
        "addr:housenumber": "",
        "area_m2": 1589.23
      }
    },
    {
      "type": "Feature",
      "geometry": {
        "type": "Polygon",
        "coordinates": [
          [
            [
              118.5148725,
              24.9367729
            ],
            [
              118.5154089,
              24.9370186
            ],
            [
              118.5155023,
              24.936851
            ],
            [
              118.5149659,
              24.9366053
            ],
            [
              118.5148725,
              24.9367729
            ]
          ]
        ]
      },
      "properties": {
        "osm_id": 1346845879,
        "building": "yes",
        "building:levels": "",
        "building:flats": "",
        "addr:housenumber": "",
        "area_m2": 1259.76
      }
    },
    {
      "type": "Feature",
      "geometry": {
        "type": "Polygon",
        "coordinates": [
          [
            [
              118.5698896,
              24.9145963
            ],
            [
              118.5697068,
              24.9145893
            ],
            [
              118.5696898,
              24.9149539
            ],
            [
              118.5698726,
              24.914961
            ],
            [
              118.5698896,
              24.9145963
            ]
          ]
        ]
      },
      "properties": {
        "osm_id": 1346845884,
        "building": "yes",
        "building:levels": "",
        "building:flats": "",
        "addr:housenumber": "",
        "area_m2": 745.46
      }
    },
    {
      "type": "Feature",
      "geometry": {
        "type": "Polygon",
        "coordinates": [
          [
            [
              118.5313866,
              24.9110563
            ],
            [
              118.5313753,
              24.9108651
            ],
            [
              118.5308442,
              24.9108909
            ],
            [
              118.5308555,
              24.9110821
            ],
            [
              118.5313866,
              24.9110563
            ]
          ]
        ]
      },
      "properties": {
        "osm_id": 1346845888,
        "building": "yes",
        "building:levels": "",
        "building:flats": "",
        "addr:housenumber": "",
        "area_m2": 1136.84
      }
    },
    {
      "type": "Feature",
      "geometry": {
        "type": "Polygon",
        "coordinates": [
          [
            [
              118.5298788,
              24.9111474
            ],
            [
              118.5302505,
              24.9111337
            ],
            [
              118.5302424,
              24.9109542
            ],
            [
              118.5298707,
              24.910968
            ],
            [
              118.5298788,
              24.9111474
            ]
          ]
        ]
      },
      "properties": {
        "osm_id": 1346845889,
        "building": "yes",
        "building:levels": "",
        "building:flats": "",
        "addr:housenumber": "",
        "area_m2": 745.85
      }
    },
    {
      "type": "Feature",
      "geometry": {
        "type": "Polygon",
        "coordinates": [
          [
            [
              118.5287067,
              24.9113951
            ],
            [
              118.5297043,
              24.9113814
            ],
            [
              118.5297015,
              24.9112164
            ],
            [
              118.5287039,
              24.9112301
            ],
            [
              118.5287067,
              24.9113951
            ]
          ]
        ]
      },
      "properties": {
        "osm_id": 1346845890,
        "building": "yes",
        "building:levels": "",
        "building:flats": "",
        "addr:housenumber": "",
        "area_m2": 1837.95
      }
    },
    {
      "type": "Feature",
      "geometry": {
        "type": "Polygon",
        "coordinates": [
          [
            [
              118.5289115,
              24.9122105
            ],
            [
              118.5298902,
              24.91198
            ],
            [
              118.5297666,
              24.9115485
            ],
            [
              118.528788,
              24.911779
            ],
            [
              118.5289115,
              24.9122105
            ]
          ]
        ]
      },
      "properties": {
        "osm_id": 1346845891,
        "building": "yes",
        "building:levels": "",
        "building:flats": "",
        "addr:housenumber": "",
        "area_m2": 5032.02
      }
    },
    {
      "type": "Feature",
      "geometry": {
        "type": "Polygon",
        "coordinates": [
          [
            [
              118.5326497,
              24.9131136
            ],
            [
              118.5330563,
              24.9131165
            ],
            [
              118.5330601,
              24.9126813
            ],
            [
              118.5326535,
              24.9126784
            ],
            [
              118.5326497,
              24.9131136
            ]
          ]
        ]
      },
      "properties": {
        "osm_id": 1346845892,
        "building": "yes",
        "building:levels": "",
        "building:flats": "",
        "addr:housenumber": "",
        "area_m2": 1975.49
      }
    },
    {
      "type": "Feature",
      "geometry": {
        "type": "Polygon",
        "coordinates": [
          [
            [
              118.5237586,
              24.9040926
            ],
            [
              118.5238606,
              24.9045475
            ],
            [
              118.5241134,
              24.9045009
            ],
            [
              118.5240115,
              24.904046
            ],
            [
              118.5237586,
              24.9040926
            ]
          ]
        ]
      },
      "properties": {
        "osm_id": 1346845904,
        "building": "yes",
        "building:levels": "",
        "building:flats": "",
        "addr:housenumber": "",
        "area_m2": 1337.05
      }
    },
    {
      "type": "Feature",
      "geometry": {
        "type": "Polygon",
        "coordinates": [
          [
            [
              118.5236299,
              24.9044137
            ],
            [
              118.5235231,
              24.9041483
            ],
            [
              118.5229866,
              24.9043259
            ],
            [
              118.5230935,
              24.9045913
            ],
            [
              118.5236299,
              24.9044137
            ]
          ]
        ]
      },
      "properties": {
        "osm_id": 1346845905,
        "building": "yes",
        "building:levels": "",
        "building:flats": "",
        "addr:housenumber": "",
        "area_m2": 1801.2
      }
    },
    {
      "type": "Feature",
      "geometry": {
        "type": "Polygon",
        "coordinates": [
          [
            [
              118.5231498,
              24.9051265
            ],
            [
              118.5232149,
              24.9054162
            ],
            [
              118.5243066,
              24.9052143
            ],
            [
              118.5242414,
              24.9049246
            ],
            [
              118.5231498,
              24.9051265
            ]
          ]
        ]
      },
      "properties": {
        "osm_id": 1346845906,
        "building": "yes",
        "building:levels": "",
        "building:flats": "",
        "addr:housenumber": "",
        "area_m2": 3677.23
      }
    },
    {
      "type": "Feature",
      "geometry": {
        "type": "Polygon",
        "coordinates": [
          [
            [
              118.5233027,
              24.9058077
            ],
            [
              118.5244104,
              24.9056034
            ],
            [
              118.5243403,
              24.9052907
            ],
            [
              118.5232326,
              24.9054951
            ],
            [
              118.5233027,
              24.9058077
            ]
          ]
        ]
      },
      "properties": {
        "osm_id": 1346845907,
        "building": "yes",
        "building:levels": "",
        "building:flats": "",
        "addr:housenumber": "",
        "area_m2": 4026.0
      }
    },
    {
      "type": "Feature",
      "geometry": {
        "type": "Polygon",
        "coordinates": [
          [
            [
              118.5233805,
              24.9061678
            ],
            [
              118.5244963,
              24.9059537
            ],
            [
              118.524428,
              24.9056609
            ],
            [
              118.5233122,
              24.9058749
            ],
            [
              118.5233805,
              24.9061678
            ]
          ]
        ]
      },
      "properties": {
        "osm_id": 1346845908,
        "building": "yes",
        "building:levels": "",
        "building:flats": "",
        "addr:housenumber": "",
        "area_m2": 3810.93
      }
    },
    {
      "type": "Feature",
      "geometry": {
        "type": "Polygon",
        "coordinates": [
          [
            [
              118.5265857,
              24.906827
            ],
            [
              118.5264008,
              24.9065336
            ],
            [
              118.5252931,
              24.9071077
            ],
            [
              118.5254779,
              24.9074012
            ],
            [
              118.5265857,
              24.906827
            ]
          ]
        ]
      },
      "properties": {
        "osm_id": 1346845909,
        "building": "yes",
        "building:levels": "",
        "building:flats": "",
        "addr:housenumber": "",
        "area_m2": 4813.61
      }
    },
    {
      "type": "Feature",
      "geometry": {
        "type": "Polygon",
        "coordinates": [
          [
            [
              118.5263473,
              24.9064272
            ],
            [
              118.5261532,
              24.9061175
            ],
            [
              118.5250455,
              24.9066886
            ],
            [
              118.5252397,
              24.9069984
            ],
            [
              118.5263473,
              24.9064272
            ]
          ]
        ]
      },
      "properties": {
        "osm_id": 1346845910,
        "building": "yes",
        "building:levels": "",
        "building:flats": "",
        "addr:housenumber": "",
        "area_m2": 5067.94
      }
    },
    {
      "type": "Feature",
      "geometry": {
        "type": "Polygon",
        "coordinates": [
          [
            [
              118.5249628,
              24.906613
            ],
            [
              118.5260173,
              24.9060488
            ],
            [
              118.5258337,
              24.9057665
            ],
            [
              118.5247792,
              24.9063308
            ],
            [
              118.5249628,
              24.906613
            ]
          ]
        ]
      },
      "properties": {
        "osm_id": 1346845911,
        "building": "yes",
        "building:levels": "",
        "building:flats": "",
        "addr:housenumber": "",
        "area_m2": 4479.03
      }
    },
    {
      "type": "Feature",
      "geometry": {
        "type": "Polygon",
        "coordinates": [
          [
            [
              118.5715127,
              24.918247
            ],
            [
              118.5714966,
              24.9181096
            ],
            [
              118.5713812,
              24.9181207
            ],
            [
              118.5713973,
              24.9182581
            ],
            [
              118.5715127,
              24.918247
            ]
          ]
        ]
      },
      "properties": {
        "osm_id": 1346845920,
        "building": "yes",
        "building:levels": "",
        "building:flats": "",
        "addr:housenumber": "",
        "area_m2": 179.0
      }
    },
    {
      "type": "Feature",
      "geometry": {
        "type": "Polygon",
        "coordinates": [
          [
            [
              118.5537533,
              24.9107587
            ],
            [
              118.5543204,
              24.9109875
            ],
            [
              118.5544334,
              24.9107571
            ],
            [
              118.5538663,
              24.9105283
            ],
            [
              118.5537533,
              24.9107587
            ]
          ]
        ]
      },
      "properties": {
        "osm_id": 1346845929,
        "building": "yes",
        "building:levels": "",
        "building:flats": "",
        "addr:housenumber": "",
        "area_m2": 1747.21
      }
    },
    {
      "type": "Feature",
      "geometry": {
        "type": "Polygon",
        "coordinates": [
          [
            [
              118.5474034,
              24.9219392
            ],
            [
              118.5476424,
              24.9212856
            ],
            [
              118.5471333,
              24.9211325
            ],
            [
              118.5468944,
              24.9217861
            ],
            [
              118.5474034,
              24.9219392
            ]
          ]
        ]
      },
      "properties": {
        "osm_id": 1346845937,
        "building": "yes",
        "building:levels": "",
        "building:flats": "",
        "addr:housenumber": "",
        "area_m2": 4122.58
      }
    },
    {
      "type": "Feature",
      "geometry": {
        "type": "Polygon",
        "coordinates": [
          [
            [
              118.5862156,
              24.849124
            ],
            [
              118.5861979,
              24.84798
            ],
            [
              118.588541,
              24.8479558
            ],
            [
              118.5885723,
              24.8491283
            ],
            [
              118.5862156,
              24.849124
            ]
          ]
        ]
      },
      "properties": {
        "osm_id": 1352092086,
        "building": "yes",
        "building:levels": "",
        "building:flats": "",
        "addr:housenumber": "",
        "area_m2": 30386.59
      }
    },
    {
      "type": "Feature",
      "geometry": {
        "type": "Polygon",
        "coordinates": [
          [
            [
              118.613088,
              24.917409
            ],
            [
              118.6130623,
              24.9172941
            ],
            [
              118.6130066,
              24.9170449
            ],
            [
              118.613117,
              24.9170312
            ],
            [
              118.6132083,
              24.9173869
            ],
            [
              118.613088,
              24.917409
            ]
          ]
        ]
      },
      "properties": {
        "osm_id": 1377766512,
        "building": "yes",
        "building:levels": "",
        "building:flats": "",
        "addr:housenumber": "",
        "area_m2": 480.72
      }
    },
    {
      "type": "Feature",
      "geometry": {
        "type": "Polygon",
        "coordinates": [
          [
            [
              118.613088,
              24.917409
            ],
            [
              118.611732,
              24.9175254
            ],
            [
              118.6117178,
              24.9174237
            ],
            [
              118.6130623,
              24.9172941
            ],
            [
              118.613088,
              24.917409
            ]
          ]
        ]
      },
      "properties": {
        "osm_id": 1377766513,
        "building": "yes",
        "building:levels": "",
        "building:flats": "",
        "addr:housenumber": "",
        "area_m2": 1659.82
      }
    },
    {
      "type": "Feature",
      "geometry": {
        "type": "Polygon",
        "coordinates": [
          [
            [
              118.6118416,
              24.91719
            ],
            [
              118.6118288,
              24.9171064
            ],
            [
              118.6118224,
              24.9170646
            ],
            [
              118.6124513,
              24.9169855
            ],
            [
              118.6124705,
              24.9171111
            ],
            [
              118.6118416,
              24.91719
            ]
          ]
        ]
      },
      "properties": {
        "osm_id": 1377766515,
        "building": "yes",
        "building:levels": "",
        "building:flats": "",
        "addr:housenumber": "",
        "area_m2": 898.02
      }
    },
    {
      "type": "Feature",
      "geometry": {
        "type": "Polygon",
        "coordinates": [
          [
            [
              118.6118416,
              24.91719
            ],
            [
              118.611748,
              24.9172017
            ],
            [
              118.6117337,
              24.917115
            ],
            [
              118.6118288,
              24.9171064
            ],
            [
              118.6118416,
              24.91719
            ]
          ]
        ]
      },
      "properties": {
        "osm_id": 1377766516,
        "building": "yes",
        "building:levels": "",
        "building:flats": "",
        "addr:housenumber": "",
        "area_m2": 91.22
      }
    },
    {
      "type": "Feature",
      "geometry": {
        "type": "Polygon",
        "coordinates": [
          [
            [
              118.611748,
              24.9172017
            ],
            [
              118.6116269,
              24.9172231
            ],
            [
              118.6114564,
              24.9168226
            ],
            [
              118.6114574,
              24.9167965
            ],
            [
              118.6114717,
              24.9167823
            ],
            [
              118.6115307,
              24.9167651
            ],
            [
              118.6115415,
              24.9167952
            ],
            [
              118.611589,
              24.9167799
            ],
            [
              118.6116188,
              24.9168598
            ],
            [
              118.6115917,
              24.9168684
            ],
            [
              118.6116879,
              24.9171099
            ],
            [
              118.6117337,
              24.917115
            ],
            [
              118.611748,
              24.9172017
            ]
          ]
        ]
      },
      "properties": {
        "osm_id": 1377766517,
        "building": "yes",
        "building:levels": "",
        "building:flats": "",
        "addr:housenumber": "",
        "area_m2": 602.28
      }
    },
    {
      "type": "Feature",
      "geometry": {
        "type": "Polygon",
        "coordinates": [
          [
            [
              118.6125733,
              24.9168498
            ],
            [
              118.6125607,
              24.9167664
            ],
            [
              118.6130385,
              24.9167072
            ],
            [
              118.613051,
              24.9167905
            ],
            [
              118.6125733,
              24.9168498
            ]
          ]
        ]
      },
      "properties": {
        "osm_id": 1377766518,
        "building": "yes",
        "building:levels": "",
        "building:flats": "",
        "addr:housenumber": "",
        "area_m2": 452.83
      }
    },
    {
      "type": "Feature",
      "geometry": {
        "type": "Polygon",
        "coordinates": [
          [
            [
              118.6128595,
              24.9166296
            ],
            [
              118.6125933,
              24.9166644
            ],
            [
              118.6125834,
              24.9166017
            ],
            [
              118.6126663,
              24.9165908
            ],
            [
              118.6126628,
              24.9165689
            ],
            [
              118.6128488,
              24.9165446
            ],
            [
              118.6128545,
              24.9165873
            ],
            [
              118.6128595,
              24.9166296
            ]
          ]
        ]
      },
      "properties": {
        "osm_id": 1377766519,
        "building": "yes",
        "building:levels": "",
        "building:flats": "",
        "addr:housenumber": "",
        "area_m2": 237.5
      }
    },
    {
      "type": "Feature",
      "geometry": {
        "type": "Polygon",
        "coordinates": [
          [
            [
              118.6128545,
              24.9165873
            ],
            [
              118.6129743,
              24.9165744
            ],
            [
              118.61296,
              24.9164656
            ],
            [
              118.6128402,
              24.9164786
            ],
            [
              118.6128488,
              24.9165446
            ],
            [
              118.6128545,
              24.9165873
            ]
          ]
        ]
      },
      "properties": {
        "osm_id": 1377766520,
        "building": "yes",
        "building:levels": "",
        "building:flats": "",
        "addr:housenumber": "",
        "area_m2": 147.56
      }
    },
    {
      "type": "Feature",
      "geometry": {
        "type": "Polygon",
        "coordinates": [
          [
            [
              118.613051,
              24.9166875
            ],
            [
              118.6130401,
              24.9166385
            ],
            [
              118.6132315,
              24.9166036
            ],
            [
              118.6132424,
              24.9166526
            ],
            [
              118.613051,
              24.9166875
            ]
          ]
        ]
      },
      "properties": {
        "osm_id": 1377766521,
        "building": "yes",
        "building:levels": "",
        "building:flats": "",
        "addr:housenumber": "",
        "area_m2": 108.94
      }
    },
    {
      "type": "Feature",
      "geometry": {
        "type": "Polygon",
        "coordinates": [
          [
            [
              118.6130288,
              24.916585
            ],
            [
              118.6130048,
              24.9164798
            ],
            [
              118.6131467,
              24.9164532
            ],
            [
              118.6131707,
              24.9165585
            ],
            [
              118.6130288,
              24.916585
            ]
          ]
        ]
      },
      "properties": {
        "osm_id": 1377766522,
        "building": "yes",
        "building:levels": "",
        "building:flats": "",
        "addr:housenumber": "",
        "area_m2": 173.84
      }
    },
    {
      "type": "Feature",
      "geometry": {
        "type": "Polygon",
        "coordinates": [
          [
            [
              118.6130099,
              24.9164257
            ],
            [
              118.6130092,
              24.9163754
            ],
            [
              118.6131569,
              24.9163735
            ],
            [
              118.6131577,
              24.9164239
            ],
            [
              118.6130099,
              24.9164257
            ]
          ]
        ]
      },
      "properties": {
        "osm_id": 1377766523,
        "building": "yes",
        "building:levels": "",
        "building:flats": "",
        "addr:housenumber": "",
        "area_m2": 83.06
      }
    },
    {
      "type": "Feature",
      "geometry": {
        "type": "Polygon",
        "coordinates": [
          [
            [
              118.6125904,
              24.9170801
            ],
            [
              118.6125709,
              24.9169503
            ],
            [
              118.6130951,
              24.9168854
            ],
            [
              118.613117,
              24.9170312
            ],
            [
              118.6130066,
              24.9170449
            ],
            [
              118.6128654,
              24.9170623
            ],
            [
              118.6128862,
              24.9172011
            ],
            [
              118.6126985,
              24.9172243
            ],
            [
              118.6126753,
              24.9170696
            ],
            [
              118.6125904,
              24.9170801
            ]
          ]
        ]
      },
      "properties": {
        "osm_id": 1377766524,
        "building": "yes",
        "building:levels": "",
        "building:flats": "",
        "addr:housenumber": "",
        "area_m2": 1149.71
      }
    },
    {
      "type": "Feature",
      "geometry": {
        "type": "Polygon",
        "coordinates": [
          [
            [
              118.6137624,
              24.9172887
            ],
            [
              118.6137334,
              24.917078
            ],
            [
              118.6141418,
              24.9170317
            ],
            [
              118.6141109,
              24.9168068
            ],
            [
              118.6137028,
              24.9168531
            ],
            [
              118.6136747,
              24.916649
            ],
            [
              118.6142462,
              24.9165844
            ],
            [
              118.6143341,
              24.9172241
            ],
            [
              118.6137624,
              24.9172887
            ]
          ]
        ]
      },
      "properties": {
        "osm_id": 1377766528,
        "building": "yes",
        "building:levels": "",
        "building:flats": "",
        "addr:housenumber": "",
        "area_m2": 3104.33
      }
    },
    {
      "type": "Feature",
      "geometry": {
        "type": "Polygon",
        "coordinates": [
          [
            [
              118.6143475,
              24.9167939
            ],
            [
              118.6143172,
              24.9165778
            ],
            [
              118.6149497,
              24.9165048
            ],
            [
              118.6149792,
              24.9167143
            ],
            [
              118.6148206,
              24.9167327
            ],
            [
              118.614808,
              24.9166431
            ],
            [
              118.614744,
              24.9166505
            ],
            [
              118.6147483,
              24.9166815
            ],
            [
              118.6145706,
              24.916702
            ],
            [
              118.6145665,
              24.9166729
            ],
            [
              118.6144995,
              24.9166806
            ],
            [
              118.6145127,
              24.9167748
            ],
            [
              118.6143475,
              24.9167939
            ]
          ]
        ]
      },
      "properties": {
        "osm_id": 1377766529,
        "building": "yes",
        "building:levels": "",
        "building:flats": "",
        "addr:housenumber": "",
        "area_m2": 1266.22
      }
    },
    {
      "type": "Feature",
      "geometry": {
        "type": "Polygon",
        "coordinates": [
          [
            [
              118.614399,
              24.9171512
            ],
            [
              118.6143639,
              24.9169202
            ],
            [
              118.6145291,
              24.9168996
            ],
            [
              118.6145392,
              24.9169665
            ],
            [
              118.6146599,
              24.9169514
            ],
            [
              118.6146849,
              24.9171155
            ],
            [
              118.614399,
              24.9171512
            ]
          ]
        ]
      },
      "properties": {
        "osm_id": 1377766530,
        "building": "yes",
        "building:levels": "",
        "building:flats": "",
        "addr:housenumber": "",
        "area_m2": 659.27
      }
    },
    {
      "type": "Feature",
      "geometry": {
        "type": "Polygon",
        "coordinates": [
          [
            [
              118.614786,
              24.9171084
            ],
            [
              118.6147577,
              24.9169578
            ],
            [
              118.6148752,
              24.9169396
            ],
            [
              118.6148629,
              24.9168741
            ],
            [
              118.615021,
              24.9168496
            ],
            [
              118.615063,
              24.917064
            ],
            [
              118.614927,
              24.9170866
            ],
            [
              118.614786,
              24.9171084
            ]
          ]
        ]
      },
      "properties": {
        "osm_id": 1377766531,
        "building": "yes",
        "building:levels": "",
        "building:flats": "",
        "addr:housenumber": "",
        "area_m2": 596.82
      }
    },
    {
      "type": "Feature",
      "geometry": {
        "type": "Polygon",
        "coordinates": [
          [
            [
              118.614927,
              24.9170866
            ],
            [
              118.6149416,
              24.9171587
            ],
            [
              118.6150775,
              24.9171361
            ],
            [
              118.615063,
              24.917064
            ],
            [
              118.614927,
              24.9170866
            ]
          ]
        ]
      },
      "properties": {
        "osm_id": 1377766532,
        "building": "yes",
        "building:levels": "",
        "building:flats": "",
        "addr:housenumber": "",
        "area_m2": 113.09
      }
    },
    {
      "type": "Feature",
      "geometry": {
        "type": "Polygon",
        "coordinates": [
          [
            [
              118.6148629,
              24.9168741
            ],
            [
              118.6148422,
              24.9167597
            ],
            [
              118.6149973,
              24.9167343
            ],
            [
              118.615021,
              24.9168496
            ],
            [
              118.6148629,
              24.9168741
            ]
          ]
        ]
      },
      "properties": {
        "osm_id": 1377766533,
        "building": "yes",
        "building:levels": "",
        "building:flats": "",
        "addr:housenumber": "",
        "area_m2": 206.96
      }
    },
    {
      "type": "Feature",
      "geometry": {
        "type": "Polygon",
        "coordinates": [
          [
            [
              118.6143978,
              24.9165382
            ],
            [
              118.6143837,
              24.9164524
            ],
            [
              118.6149138,
              24.9163805
            ],
            [
              118.614928,
              24.9164662
            ],
            [
              118.6143978,
              24.9165382
            ]
          ]
        ]
      },
      "properties": {
        "osm_id": 1377766534,
        "building": "yes",
        "building:levels": "",
        "building:flats": "",
        "addr:housenumber": "",
        "area_m2": 518.85
      }
    },
    {
      "type": "Feature",
      "geometry": {
        "type": "Polygon",
        "coordinates": [
          [
            [
              118.614582,
              24.9163901
            ],
            [
              118.614559,
              24.9161897
            ],
            [
              118.6147446,
              24.9161651
            ],
            [
              118.6148151,
              24.9162327
            ],
            [
              118.6148341,
              24.9163593
            ],
            [
              118.614582,
              24.9163901
            ]
          ]
        ]
      },
      "properties": {
        "osm_id": 1377766535,
        "building": "yes",
        "building:levels": "",
        "building:flats": "",
        "addr:housenumber": "",
        "area_m2": 542.06
      }
    },
    {
      "type": "Feature",
      "geometry": {
        "type": "Polygon",
        "coordinates": [
          [
            [
              118.6151662,
              24.917085
            ],
            [
              118.6151426,
              24.916917
            ],
            [
              118.6153785,
              24.9168897
            ],
            [
              118.6153337,
              24.9165711
            ],
            [
              118.615289,
              24.9162525
            ],
            [
              118.6152865,
              24.9162352
            ],
            [
              118.6157153,
              24.9161856
            ],
            [
              118.6158311,
              24.917008
            ],
            [
              118.6151662,
              24.917085
            ]
          ]
        ]
      },
      "properties": {
        "osm_id": 1377766536,
        "building": "yes",
        "building:levels": "",
        "building:flats": "",
        "addr:housenumber": "",
        "area_m2": 4451.37
      }
    },
    {
      "type": "Feature",
      "geometry": {
        "type": "Polygon",
        "coordinates": [
          [
            [
              118.6153337,
              24.9165711
            ],
            [
              118.6151815,
              24.916588
            ],
            [
              118.6151754,
              24.9165426
            ],
            [
              118.615112,
              24.9165496
            ],
            [
              118.6151291,
              24.9166767
            ],
            [
              118.6150855,
              24.9166815
            ],
            [
              118.6150282,
              24.9162552
            ],
            [
              118.6152172,
              24.9162343
            ],
            [
              118.6152207,
              24.91626
            ],
            [
              118.615289,
              24.9162525
            ],
            [
              118.6153337,
              24.9165711
            ]
          ]
        ]
      },
      "properties": {
        "osm_id": 1377766537,
        "building": "yes",
        "building:levels": "",
        "building:flats": "",
        "addr:housenumber": "",
        "area_m2": 995.84
      }
    },
    {
      "type": "Feature",
      "geometry": {
        "type": "Polygon",
        "coordinates": [
          [
            [
              118.5762147,
              24.9463614
            ],
            [
              118.5762131,
              24.9461729
            ],
            [
              118.577494,
              24.9461747
            ],
            [
              118.5777075,
              24.9461125
            ],
            [
              118.5778569,
              24.9460067
            ],
            [
              118.5779356,
              24.9458709
            ],
            [
              118.5779802,
              24.9457095
            ],
            [
              118.5782036,
              24.9457034
            ],
            [
              118.5781616,
              24.9459344
            ],
            [
              118.5780332,
              24.9461449
            ],
            [
              118.5778134,
              24.9463198
            ],
            [
              118.5774987,
              24.9463906
            ],
            [
              118.5762147,
              24.9463614
            ]
          ]
        ]
      },
      "properties": {
        "osm_id": 1380170505,
        "building": "university",
        "building:levels": "",
        "building:flats": "",
        "addr:housenumber": "",
        "area_m2": 5147.58
      }
    },
    {
      "type": "Feature",
      "geometry": {
        "type": "Polygon",
        "coordinates": [
          [
            [
              118.5787318,
              24.9457094
            ],
            [
              118.5789619,
              24.9457099
            ],
            [
              118.5789725,
              24.9458907
            ],
            [
              118.5790573,
              24.9460189
            ],
            [
              118.5791661,
              24.9461073
            ],
            [
              118.5794115,
              24.9461841
            ],
            [
              118.5803951,
              24.9461791
            ],
            [
              118.5803965,
              24.9463986
            ],
            [
              118.5793987,
              24.9464034
            ],
            [
              118.5791182,
              24.9463248
            ],
            [
              118.578899,
              24.9461629
            ],
            [
              118.5788101,
              24.9460289
            ],
            [
              118.5787412,
              24.9458728
            ],
            [
              118.5787318,
              24.9457094
            ]
          ]
        ]
      },
      "properties": {
        "osm_id": 1380170506,
        "building": "university",
        "building:levels": "",
        "building:flats": "",
        "addr:housenumber": "",
        "area_m2": 4576.81
      }
    },
    {
      "type": "Feature",
      "geometry": {
        "type": "Polygon",
        "coordinates": [
          [
            [
              118.5767438,
              24.9505547
            ],
            [
              118.5767776,
              24.9501389
            ],
            [
              118.5773091,
              24.9502638
            ],
            [
              118.5772797,
              24.9503665
            ],
            [
              118.5772954,
              24.9505022
            ],
            [
              118.5767438,
              24.9505547
            ]
          ]
        ]
      },
      "properties": {
        "osm_id": 1380170507,
        "building": "university",
        "building:levels": "",
        "building:flats": "",
        "addr:housenumber": "",
        "area_m2": 1955.8
      }
    },
    {
      "type": "Feature",
      "geometry": {
        "type": "Polygon",
        "coordinates": [
          [
            [
              118.5768397,
              24.9499672
            ],
            [
              118.5769181,
              24.9496771
            ],
            [
              118.5774677,
              24.9497993
            ],
            [
              118.5773893,
              24.9500893
            ],
            [
              118.5768397,
              24.9499672
            ]
          ]
        ]
      },
      "properties": {
        "osm_id": 1380170508,
        "building": "university",
        "building:levels": "",
        "building:flats": "",
        "addr:housenumber": "",
        "area_m2": 1886.46
      }
    },
    {
      "type": "Feature",
      "geometry": {
        "type": "Polygon",
        "coordinates": [
          [
            [
              118.5769497,
              24.9495003
            ],
            [
              118.5770342,
              24.9492174
            ],
            [
              118.5777592,
              24.9493955
            ],
            [
              118.5776747,
              24.9496783
            ],
            [
              118.5769497,
              24.9495003
            ]
          ]
        ]
      },
      "properties": {
        "osm_id": 1380170509,
        "building": "university",
        "building:levels": "",
        "building:flats": "",
        "addr:housenumber": "",
        "area_m2": 2457.16
      }
    },
    {
      "type": "Feature",
      "geometry": {
        "type": "Polygon",
        "coordinates": [
          [
            [
              118.5753153,
              24.9510029
            ],
            [
              118.5752135,
              24.950722
            ],
            [
              118.5757537,
              24.9505611
            ],
            [
              118.5758555,
              24.9508421
            ],
            [
              118.5753153,
              24.9510029
            ]
          ]
        ]
      },
      "properties": {
        "osm_id": 1380170510,
        "building": "university",
        "building:levels": "",
        "building:flats": "",
        "addr:housenumber": "",
        "area_m2": 1877.03
      }
    },
    {
      "type": "Feature",
      "geometry": {
        "type": "Polygon",
        "coordinates": [
          [
            [
              118.5751247,
              24.9504939
            ],
            [
              118.5750444,
              24.9501981
            ],
            [
              118.5755863,
              24.950077
            ],
            [
              118.5756667,
              24.9503729
            ],
            [
              118.5751247,
              24.9504939
            ]
          ]
        ]
      },
      "properties": {
        "osm_id": 1380170511,
        "building": "university",
        "building:levels": "",
        "building:flats": "",
        "addr:housenumber": "",
        "area_m2": 1898.45
      }
    },
    {
      "type": "Feature",
      "geometry": {
        "type": "Polygon",
        "coordinates": [
          [
            [
              118.5749698,
              24.9500095
            ],
            [
              118.5749104,
              24.9497018
            ],
            [
              118.575485,
              24.9496108
            ],
            [
              118.5755443,
              24.9499184
            ],
            [
              118.5749698,
              24.9500095
            ]
          ]
        ]
      },
      "properties": {
        "osm_id": 1380170512,
        "building": "university",
        "building:levels": "",
        "building:flats": "",
        "addr:housenumber": "",
        "area_m2": 2033.55
      }
    },
    {
      "type": "Feature",
      "geometry": {
        "type": "Polygon",
        "coordinates": [
          [
            [
              118.5748522,
              24.9495266
            ],
            [
              118.5747994,
              24.9492126
            ],
            [
              118.5753912,
              24.949131
            ],
            [
              118.5754439,
              24.9494449
            ],
            [
              118.5748522,
              24.9495266
            ]
          ]
        ]
      },
      "properties": {
        "osm_id": 1380170513,
        "building": "university",
        "building:levels": "",
        "building:flats": "",
        "addr:housenumber": "",
        "area_m2": 2121.99
      }
    },
    {
      "type": "Feature",
      "geometry": {
        "type": "Polygon",
        "coordinates": [
          [
            [
              118.5803337,
              24.9457806
            ],
            [
              118.5812242,
              24.9457632
            ],
            [
              118.5812162,
              24.9454276
            ],
            [
              118.5803258,
              24.9454449
            ],
            [
              118.5803337,
              24.9457806
            ]
          ]
        ]
      },
      "properties": {
        "osm_id": 1380170514,
        "building": "university",
        "building:levels": "",
        "building:flats": "",
        "addr:housenumber": "",
        "area_m2": 3338.01
      }
    },
    {
      "type": "Feature",
      "geometry": {
        "type": "Polygon",
        "coordinates": [
          [
            [
              118.5803154,
              24.9444645
            ],
            [
              118.5811417,
              24.9444576
            ],
            [
              118.5811383,
              24.944122
            ],
            [
              118.5803121,
              24.9441288
            ],
            [
              118.5803154,
              24.9444645
            ]
          ]
        ]
      },
      "properties": {
        "osm_id": 1380170515,
        "building": "university",
        "building:levels": "",
        "building:flats": "",
        "addr:housenumber": "",
        "area_m2": 3096.17
      }
    },
    {
      "type": "Feature",
      "geometry": {
        "type": "Polygon",
        "coordinates": [
          [
            [
              118.5803069,
              24.9452116
            ],
            [
              118.5811553,
              24.9451997
            ],
            [
              118.5811495,
              24.9448562
            ],
            [
              118.5803011,
              24.9448679
            ],
            [
              118.5803069,
              24.9452116
            ]
          ]
        ]
      },
      "properties": {
        "osm_id": 1380170516,
        "building": "university",
        "building:levels": "",
        "building:flats": "",
        "addr:housenumber": "",
        "area_m2": 3254.97
      }
    },
    {
      "type": "Feature",
      "geometry": {
        "type": "Polygon",
        "coordinates": [
          [
            [
              118.5802857,
              24.9439218
            ],
            [
              118.5811243,
              24.9439023
            ],
            [
              118.5811164,
              24.9436209
            ],
            [
              118.5802777,
              24.9436403
            ],
            [
              118.5802857,
              24.9439218
            ]
          ]
        ]
      },
      "properties": {
        "osm_id": 1380170517,
        "building": "university",
        "building:levels": "",
        "building:flats": "",
        "addr:housenumber": "",
        "area_m2": 2636.68
      }
    },
    {
      "type": "Feature",
      "geometry": {
        "type": "Polygon",
        "coordinates": [
          [
            [
              118.5802918,
              24.9429944
            ],
            [
              118.5800874,
              24.9423889
            ],
            [
              118.5803841,
              24.9423065
            ],
            [
              118.5805884,
              24.9429121
            ],
            [
              118.5802918,
              24.9429944
            ]
          ]
        ]
      },
      "properties": {
        "osm_id": 1380170518,
        "building": "university",
        "building:levels": "",
        "building:flats": "",
        "addr:housenumber": "",
        "area_m2": 2193.19
      }
    },
    {
      "type": "Feature",
      "geometry": {
        "type": "Polygon",
        "coordinates": [
          [
            [
              118.5762471,
              24.9459594
            ],
            [
              118.5764474,
              24.9459588
            ],
            [
              118.5764459,
              24.9455209
            ],
            [
              118.5762458,
              24.9455214
            ],
            [
              118.5762471,
              24.9459594
            ]
          ]
        ]
      },
      "properties": {
        "osm_id": 1380170520,
        "building": "university",
        "building:levels": "",
        "building:flats": "",
        "addr:housenumber": "",
        "area_m2": 978.78
      }
    },
    {
      "type": "Feature",
      "geometry": {
        "type": "Polygon",
        "coordinates": [
          [
            [
              118.6678935,
              24.871001
            ],
            [
              118.6689286,
              24.8714936
            ],
            [
              118.6690098,
              24.8713531
            ],
            [
              118.6679747,
              24.8708606
            ],
            [
              118.6678935,
              24.871001
            ]
          ]
        ]
      },
      "properties": {
        "osm_id": 1382568126,
        "building": "yes",
        "building:levels": "",
        "building:flats": "",
        "addr:housenumber": "",
        "area_m2": 2069.39
      }
    },
    {
      "type": "Feature",
      "geometry": {
        "type": "Polygon",
        "coordinates": [
          [
            [
              118.6656852,
              24.8713864
            ],
            [
              118.665354,
              24.871264
            ],
            [
              118.6653951,
              24.8711725
            ],
            [
              118.6657263,
              24.8712948
            ],
            [
              118.6656852,
              24.8713864
            ]
          ]
        ]
      },
      "properties": {
        "osm_id": 1382568127,
        "building": "yes",
        "building:levels": "",
        "building:flats": "",
        "addr:housenumber": "",
        "area_m2": 394.62
      }
    },
    {
      "type": "Feature",
      "geometry": {
        "type": "Polygon",
        "coordinates": [
          [
            [
              118.6643163,
              24.8716489
            ],
            [
              118.663985,
              24.8715265
            ],
            [
              118.6640261,
              24.871435
            ],
            [
              118.6643574,
              24.8715573
            ],
            [
              118.6643163,
              24.8716489
            ]
          ]
        ]
      },
      "properties": {
        "osm_id": 1382568128,
        "building": "yes",
        "building:levels": "",
        "building:flats": "",
        "addr:housenumber": "",
        "area_m2": 394.72
      }
    },
    {
      "type": "Feature",
      "geometry": {
        "type": "Polygon",
        "coordinates": [
          [
            [
              118.6652557,
              24.8714987
            ],
            [
              118.6649244,
              24.8713763
            ],
            [
              118.6649655,
              24.8712847
            ],
            [
              118.6652968,
              24.8714071
            ],
            [
              118.6652557,
              24.8714987
            ]
          ]
        ]
      },
      "properties": {
        "osm_id": 1382568129,
        "building": "yes",
        "building:levels": "",
        "building:flats": "",
        "addr:housenumber": "",
        "area_m2": 394.93
      }
    },
    {
      "type": "Feature",
      "geometry": {
        "type": "Polygon",
        "coordinates": [
          [
            [
              118.6648399,
              24.8716575
            ],
            [
              118.6645086,
              24.8715352
            ],
            [
              118.6645497,
              24.8714436
            ],
            [
              118.664881,
              24.871566
            ],
            [
              118.6648399,
              24.8716575
            ]
          ]
        ]
      },
      "properties": {
        "osm_id": 1382568130,
        "building": "yes",
        "building:levels": "",
        "building:flats": "",
        "addr:housenumber": "",
        "area_m2": 394.72
      }
    },
    {
      "type": "Feature",
      "geometry": {
        "type": "Polygon",
        "coordinates": [
          [
            [
              118.6633064,
              24.8699532
            ],
            [
              118.6631427,
              24.8697354
            ],
            [
              118.6632829,
              24.8696531
            ],
            [
              118.6630848,
              24.8693877
            ],
            [
              118.6629458,
              24.8694612
            ],
            [
              118.6627825,
              24.869253
            ],
            [
              118.6631058,
              24.8690576
            ],
            [
              118.6636177,
              24.8691492
            ],
            [
              118.663644,
              24.8690403
            ],
            [
              118.663758,
              24.8690554
            ],
            [
              118.6637455,
              24.8691325
            ],
            [
              118.6638615,
              24.8692801
            ],
            [
              118.6637212,
              24.8693649
            ],
            [
              118.6636519,
              24.8692887
            ],
            [
              118.6630778,
              24.8691972
            ],
            [
              118.6633263,
              24.8695341
            ],
            [
              118.6639746,
              24.8696286
            ],
            [
              118.6640012,
              24.8695228
            ],
            [
              118.6641146,
              24.8695448
            ],
            [
              118.6641045,
              24.8696194
            ],
            [
              118.6642167,
              24.8697702
            ],
            [
              118.6640762,
              24.869856
            ],
            [
              118.6640176,
              24.8697835
            ],
            [
              118.6634405,
              24.8697041
            ],
            [
              118.6635249,
              24.8698168
            ],
            [
              118.6633064,
              24.8699532
            ]
          ]
        ]
      },
      "properties": {
        "osm_id": 1382568131,
        "building": "yes",
        "building:levels": "",
        "building:flats": "",
        "addr:housenumber": "",
        "area_m2": 4910.16
      }
    },
    {
      "type": "Feature",
      "geometry": {
        "type": "Polygon",
        "coordinates": [
          [
            [
              118.6677889,
              24.8710069
            ],
            [
              118.6679212,
              24.8707771
            ],
            [
              118.6674996,
              24.8705774
            ],
            [
              118.6673674,
              24.8708072
            ],
            [
              118.6677889,
              24.8710069
            ]
          ]
        ]
      },
      "properties": {
        "osm_id": 1382568132,
        "building": "yes",
        "building:levels": "",
        "building:flats": "",
        "addr:housenumber": "",
        "area_m2": 1376.24
      }
    },
    {
      "type": "Feature",
      "geometry": {
        "type": "Polygon",
        "coordinates": [
          [
            [
              118.6651351,
              24.8685041
            ],
            [
              118.6652354,
              24.8684528
            ],
            [
              118.6653489,
              24.8684356
            ],
            [
              118.6654621,
              24.8684548
            ],
            [
              118.6655612,
              24.8685079
            ],
            [
              118.6656343,
              24.8685885
            ],
            [
              118.6656759,
              24.86871
            ],
            [
              118.6656659,
              24.868814
            ],
            [
              118.6656173,
              24.8689087
            ],
            [
              118.6655359,
              24.8689826
            ],
            [
              118.6654316,
              24.8690267
            ],
            [
              118.6653169,
              24.8690359
            ],
            [
              118.665218,
              24.8690138
            ],
            [
              118.6651211,
              24.8689574
            ],
            [
              118.6650513,
              24.8688744
            ],
            [
              118.665017,
              24.8687747
            ],
            [
              118.6650224,
              24.8686704
            ],
            [
              118.6650667,
              24.868574
            ],
            [
              118.6651351,
              24.8685041
            ]
          ]
        ]
      },
      "properties": {
        "osm_id": 1382568134,
        "building": "yes",
        "building:levels": "",
        "building:flats": "",
        "addr:housenumber": "",
        "area_m2": 3423.6
      }
    },
    {
      "type": "Feature",
      "geometry": {
        "type": "Polygon",
        "coordinates": [
          [
            [
              118.4963286,
              24.8071092
            ],
            [
              118.4962533,
              24.8069964
            ],
            [
              118.4962951,
              24.8068951
            ],
            [
              118.4964723,
              24.8069205
            ],
            [
              118.4964751,
              24.8069622
            ],
            [
              118.4968518,
              24.8070078
            ],
            [
              118.4974768,
              24.8071332
            ],
            [
              118.4980754,
              24.8072827
            ],
            [
              118.4987786,
              24.8075233
            ],
            [
              118.4991894,
              24.8076556
            ],
            [
              118.4997172,
              24.8078915
            ],
            [
              118.5003258,
              24.8081603
            ],
            [
              118.5002589,
              24.8082882
            ],
            [
              118.5001235,
              24.8083148
            ],
            [
              118.4996366,
              24.8080932
            ],
            [
              118.4990813,
              24.8078323
            ],
            [
              118.4986767,
              24.8076778
            ],
            [
              118.4979931,
              24.8074511
            ],
            [
              118.4974071,
              24.8073004
            ],
            [
              118.4968267,
              24.8071864
            ],
            [
              118.4963286,
              24.8071092
            ]
          ]
        ]
      },
      "properties": {
        "osm_id": 1416666246,
        "building": "yes",
        "building:levels": "",
        "building:flats": "",
        "addr:housenumber": "",
        "area_m2": 9009.58
      }
    },
    {
      "type": "Feature",
      "geometry": {
        "type": "Polygon",
        "coordinates": [
          [
            [
              118.5051353,
              24.8110235
            ],
            [
              118.5053693,
              24.8107409
            ],
            [
              118.5050854,
              24.8105473
            ],
            [
              118.5048514,
              24.8108299
            ],
            [
              118.5051353,
              24.8110235
            ]
          ]
        ]
      },
      "properties": {
        "osm_id": 1416666261,
        "building": "yes",
        "building:levels": "",
        "building:flats": "",
        "addr:housenumber": "",
        "area_m2": 1401.35
      }
    },
    {
      "type": "Feature",
      "geometry": {
        "type": "Polygon",
        "coordinates": [
          [
            [
              118.5019456,
              24.809673
            ],
            [
              118.5010046,
              24.8092027
            ],
            [
              118.5002433,
              24.8105694
            ],
            [
              118.5001122,
              24.8105003
            ],
            [
              118.5008756,
              24.8091432
            ],
            [
              118.5002814,
              24.8088476
            ],
            [
              118.500182,
              24.8088783
            ],
            [
              118.4993276,
              24.8104063
            ],
            [
              118.4993572,
              24.8104927
            ],
            [
              118.5008523,
              24.8111952
            ],
            [
              118.5019456,
              24.809673
            ]
          ]
        ]
      },
      "properties": {
        "osm_id": 1416666266,
        "building": "industrial",
        "building:levels": "",
        "building:flats": "",
        "addr:housenumber": "",
        "area_m2": 35441.25
      }
    },
    {
      "type": "Feature",
      "geometry": {
        "type": "Polygon",
        "coordinates": [
          [
            [
              118.4999274,
              24.8088433
            ],
            [
              118.4992773,
              24.8085267
            ],
            [
              118.4992215,
              24.8086255
            ],
            [
              118.4986091,
              24.8097104
            ],
            [
              118.4985267,
              24.8098565
            ],
            [
              118.4983843,
              24.809783
            ],
            [
              118.4984645,
              24.8096437
            ],
            [
              118.4990844,
              24.8085658
            ],
            [
              118.4991433,
              24.8084634
            ],
            [
              118.4981974,
              24.8080658
            ],
            [
              118.4975054,
              24.8098084
            ],
            [
              118.4990289,
              24.8103403
            ],
            [
              118.4991098,
              24.8103175
            ],
            [
              118.4999274,
              24.8088433
            ]
          ]
        ]
      },
      "properties": {
        "osm_id": 1416666267,
        "building": "industrial",
        "building:levels": "",
        "building:flats": "",
        "addr:housenumber": "",
        "area_m2": 33442.98
      }
    },
    {
      "type": "Feature",
      "geometry": {
        "type": "Polygon",
        "coordinates": [
          [
            [
              118.4986091,
              24.8097104
            ],
            [
              118.4984645,
              24.8096437
            ],
            [
              118.4990844,
              24.8085658
            ],
            [
              118.4992215,
              24.8086255
            ],
            [
              118.4986091,
              24.8097104
            ]
          ]
        ]
      },
      "properties": {
        "osm_id": 1416666268,
        "building": "roof",
        "building:levels": "",
        "building:flats": "",
        "addr:housenumber": "",
        "area_m2": 2135.04
      }
    },
    {
      "type": "Feature",
      "geometry": {
        "type": "Polygon",
        "coordinates": [
          [
            [
              118.6796639,
              24.8762515
            ],
            [
              118.6799751,
              24.875877
            ],
            [
              118.6803911,
              24.8761615
            ],
            [
              118.6800799,
              24.876536
            ],
            [
              118.6796639,
              24.8762515
            ]
          ]
        ]
      },
      "properties": {
        "osm_id": 1429265301,
        "building": "hotel",
        "building:levels": "",
        "building:flats": "",
        "addr:housenumber": "",
        "area_m2": 2727.5
      }
    },
    {
      "type": "Feature",
      "geometry": {
        "type": "Polygon",
        "coordinates": [
          [
            [
              118.5979272,
              24.9060288
            ],
            [
              118.5975759,
              24.9061545
            ],
            [
              118.5973448,
              24.9060819
            ],
            [
              118.597311,
              24.9059924
            ],
            [
              118.5975744,
              24.9059114
            ],
            [
              118.5976452,
              24.9059407
            ],
            [
              118.5978933,
              24.9059072
            ],
            [
              118.5979272,
              24.9060288
            ]
          ]
        ]
      },
      "properties": {
        "osm_id": 1490426947,
        "building": "commercial",
        "building:levels": "16",
        "building:flats": "",
        "addr:housenumber": "",
        "area_m2": 1100.99
      }
    },
    {
      "type": "Feature",
      "geometry": {
        "type": "Polygon",
        "coordinates": [
          [
            [
              118.5920312,
              24.8880929
            ],
            [
              118.5919105,
              24.8879044
            ],
            [
              118.5916973,
              24.8879944
            ],
            [
              118.5915954,
              24.8878302
            ],
            [
              118.5919776,
              24.8876282
            ],
            [
              118.5922525,
              24.8880126
            ],
            [
              118.5920433,
              24.8881173
            ],
            [
              118.5920312,
              24.8880929
            ]
          ]
        ]
      },
      "properties": {
        "osm_id": 1490427748,
        "building": "commercial",
        "building:levels": "7",
        "building:flats": "",
        "addr:housenumber": "",
        "area_m2": 1650.42
      }
    },
    {
      "type": "Feature",
      "geometry": {
        "type": "Polygon",
        "coordinates": [
          [
            [
              118.5811549,
              24.8179365
            ],
            [
              118.5809161,
              24.8178756
            ],
            [
              118.5808774,
              24.817859
            ],
            [
              118.5808368,
              24.8178194
            ],
            [
              118.5808368,
              24.8177825
            ],
            [
              118.5808256,
              24.8175076
            ],
            [
              118.5810085,
              24.8175122
            ],
            [
              118.5810177,
              24.8177327
            ],
            [
              118.5812027,
              24.8177806
            ],
            [
              118.5811549,
              24.8179365
            ]
          ]
        ]
      },
      "properties": {
        "osm_id": 1490430406,
        "building": "yes",
        "building:levels": "12",
        "building:flats": "",
        "addr:housenumber": "",
        "area_m2": 1041.49
      }
    },
    {
      "type": "Feature",
      "geometry": {
        "type": "Polygon",
        "coordinates": [
          [
            [
              118.5840184,
              24.8163557
            ],
            [
              118.5843508,
              24.8156057
            ],
            [
              118.5845622,
              24.8156739
            ],
            [
              118.5842309,
              24.8164461
            ],
            [
              118.5840184,
              24.8163557
            ]
          ]
        ]
      },
      "properties": {
        "osm_id": 1490449367,
        "building": "yes",
        "building:levels": "7",
        "building:flats": "",
        "addr:housenumber": "",
        "area_m2": 2094.57
      }
    },
    {
      "type": "Feature",
      "geometry": {
        "type": "Polygon",
        "coordinates": [
          [
            [
              118.5809909,
              24.8154401
            ],
            [
              118.5807574,
              24.8153394
            ],
            [
              118.5807586,
              24.8150649
            ],
            [
              118.5809605,
              24.8150649
            ],
            [
              118.5809418,
              24.8152133
            ],
            [
              118.5810656,
              24.8152525
            ],
            [
              118.5809909,
              24.8154401
            ]
          ]
        ]
      },
      "properties": {
        "osm_id": 1490451124,
        "building": "yes",
        "building:levels": "16",
        "building:flats": "",
        "addr:housenumber": "",
        "area_m2": 862.89
      }
    },
    {
      "type": "Feature",
      "geometry": {
        "type": "Polygon",
        "coordinates": [
          [
            [
              118.5619979,
              24.8182493
            ],
            [
              118.5622819,
              24.8182123
            ],
            [
              118.5621952,
              24.8176277
            ],
            [
              118.5618953,
              24.8176638
            ],
            [
              118.5619944,
              24.8182372
            ],
            [
              118.5619979,
              24.8182493
            ]
          ]
        ]
      },
      "properties": {
        "osm_id": 1490454014,
        "building": "yes",
        "building:levels": "12",
        "building:flats": "",
        "addr:housenumber": "",
        "area_m2": 1949.87
      }
    },
    {
      "type": "Feature",
      "geometry": {
        "type": "Polygon",
        "coordinates": [
          [
            [
              118.607353,
              24.9130332
            ],
            [
              118.6065036,
              24.9130668
            ],
            [
              118.6064905,
              24.9127789
            ],
            [
              118.6073449,
              24.9127364
            ],
            [
              118.607353,
              24.9130332
            ]
          ]
        ]
      },
      "properties": {
        "osm_id": 1493331517,
        "building": "yes",
        "building:levels": "4",
        "building:flats": "",
        "addr:housenumber": "",
        "area_m2": 2784.75
      }
    },
    {
      "type": "Feature",
      "geometry": {
        "type": "Polygon",
        "coordinates": [
          [
            [
              118.6091572,
              24.9172447
            ],
            [
              118.6088384,
              24.9171622
            ],
            [
              118.6088707,
              24.9170435
            ],
            [
              118.6092081,
              24.9171078
            ],
            [
              118.6091572,
              24.9172447
            ]
          ]
        ]
      },
      "properties": {
        "osm_id": 1493331695,
        "building": "yes",
        "building:levels": "4",
        "building:flats": "",
        "addr:housenumber": "",
        "area_m2": 502.18
      }
    },
    {
      "type": "Feature",
      "geometry": {
        "type": "Polygon",
        "coordinates": [
          [
            [
              118.6071435,
              24.9080737
            ],
            [
              118.6066835,
              24.9081468
            ],
            [
              118.606645,
              24.9079859
            ],
            [
              118.6071003,
              24.9079001
            ],
            [
              118.6071435,
              24.9080737
            ]
          ]
        ]
      },
      "properties": {
        "osm_id": 1493331839,
        "building": "yes",
        "building:levels": "11",
        "building:flats": "",
        "addr:housenumber": "",
        "area_m2": 890.69
      }
    },
    {
      "type": "Feature",
      "geometry": {
        "type": "Polygon",
        "coordinates": [
          [
            [
              118.5476046,
              24.7847321
            ],
            [
              118.5468424,
              24.7851602
            ],
            [
              118.5464663,
              24.7847044
            ],
            [
              118.5472327,
              24.7842781
            ],
            [
              118.5476046,
              24.7847321
            ]
          ]
        ]
      },
      "properties": {
        "osm_id": 1493332045,
        "building": "yes",
        "building:levels": "5",
        "building:flats": "",
        "addr:housenumber": "",
        "area_m2": 5664.83
      }
    },
    {
      "type": "Feature",
      "geometry": {
        "type": "Polygon",
        "coordinates": [
          [
            [
              118.5815255,
              24.9121408
            ],
            [
              118.5817503,
              24.9120653
            ],
            [
              118.5817862,
              24.912153
            ],
            [
              118.5815613,
              24.9122285
            ],
            [
              118.5815255,
              24.9121408
            ]
          ]
        ]
      },
      "properties": {
        "osm_id": 1508872235,
        "building": "yes",
        "building:levels": "",
        "building:flats": "",
        "addr:housenumber": "",
        "area_m2": 250.35
      }
    },
    {
      "type": "Feature",
      "geometry": {
        "type": "Polygon",
        "coordinates": [
          [
            [
              118.587015,
              24.9177636
            ],
            [
              118.5873684,
              24.9176815
            ],
            [
              118.5874187,
              24.9178596
            ],
            [
              118.5870653,
              24.9179417
            ],
            [
              118.587015,
              24.9177636
            ]
          ]
        ]
      },
      "properties": {
        "osm_id": 1508872238,
        "building": "yes",
        "building:levels": "",
        "building:flats": "",
        "addr:housenumber": "",
        "area_m2": 748.72
      }
    },
    {
      "type": "Feature",
      "geometry": {
        "type": "Polygon",
        "coordinates": [
          [
            [
              118.5810757,
              24.9115439
            ],
            [
              118.5812086,
              24.9115013
            ],
            [
              118.5811294,
              24.911298
            ],
            [
              118.5809964,
              24.9113406
            ],
            [
              118.5810757,
              24.9115439
            ]
          ]
        ]
      },
      "properties": {
        "osm_id": 1508872240,
        "building": "yes",
        "building:levels": "",
        "building:flats": "",
        "addr:housenumber": "",
        "area_m2": 339.42
      }
    },
    {
      "type": "Feature",
      "geometry": {
        "type": "Polygon",
        "coordinates": [
          [
            [
              118.5807439,
              24.9115414
            ],
            [
              118.5810072,
              24.9114552
            ],
            [
              118.5810452,
              24.9115507
            ],
            [
              118.5808245,
              24.911623
            ],
            [
              118.5808683,
              24.9117329
            ],
            [
              118.5810878,
              24.9116611
            ],
            [
              118.5811234,
              24.9117506
            ],
            [
              118.5808613,
              24.9118364
            ],
            [
              118.5807439,
              24.9115414
            ]
          ]
        ]
      },
      "properties": {
        "osm_id": 1508872241,
        "building": "yes",
        "building:levels": "",
        "building:flats": "",
        "addr:housenumber": "",
        "area_m2": 672.5
      }
    },
    {
      "type": "Feature",
      "geometry": {
        "type": "Polygon",
        "coordinates": [
          [
            [
              118.6000758,
              24.9063075
            ],
            [
              118.6001739,
              24.9065067
            ],
            [
              118.6003043,
              24.906707
            ],
            [
              118.6004402,
              24.9068558
            ],
            [
              118.600583,
              24.9069797
            ],
            [
              118.6007293,
              24.9070664
            ],
            [
              118.6009301,
              24.9071472
            ],
            [
              118.601127,
              24.9071963
            ],
            [
              118.6013845,
              24.9072096
            ],
            [
              118.6016903,
              24.9071544
            ],
            [
              118.6019799,
              24.9070517
            ],
            [
              118.6023175,
              24.9076344
            ],
            [
              118.6020667,
              24.9077528
            ],
            [
              118.6016771,
              24.9078568
            ],
            [
              118.6013871,
              24.9078971
            ],
            [
              118.6011605,
              24.9078841
            ],
            [
              118.6009022,
              24.9078486
            ],
            [
              118.600973,
              24.9075079
            ],
            [
              118.6007379,
              24.9074536
            ],
            [
              118.6004962,
              24.90734
            ],
            [
              118.6002847,
              24.9072108
            ],
            [
              118.6001217,
              24.9070731
            ],
            [
              118.5999821,
              24.9069105
            ],
            [
              118.5998391,
              24.9066772
            ],
            [
              118.5997243,
              24.9063979
            ],
            [
              118.6000758,
              24.9063075
            ]
          ]
        ]
      },
      "properties": {
        "osm_id": 1509403874,
        "building": "yes",
        "building:levels": "",
        "building:flats": "",
        "addr:housenumber": "",
        "area_m2": 15541.42
      }
    },
    {
      "type": "Feature",
      "geometry": {
        "type": "Polygon",
        "coordinates": [
          [
            [
              118.5885112,
              24.9152907
            ],
            [
              118.5884702,
              24.9151066
            ],
            [
              118.5885027,
              24.9150595
            ],
            [
              118.5887499,
              24.9150085
            ],
            [
              118.5887964,
              24.9152381
            ],
            [
              118.5885112,
              24.9152907
            ]
          ]
        ]
      },
      "properties": {
        "osm_id": 1509403875,
        "building": "yes",
        "building:levels": "",
        "building:flats": "",
        "addr:housenumber": "",
        "area_m2": 744.75
      }
    },
    {
      "type": "Feature",
      "geometry": {
        "type": "Polygon",
        "coordinates": [
          [
            [
              118.588934,
              24.9152868
            ],
            [
              118.588876,
              24.9150338
            ],
            [
              118.5889069,
              24.9149787
            ],
            [
              118.5897081,
              24.9148068
            ],
            [
              118.5897334,
              24.9149049
            ],
            [
              118.5890323,
              24.9150635
            ],
            [
              118.5890883,
              24.915253
            ],
            [
              118.588934,
              24.9152868
            ]
          ]
        ]
      },
      "properties": {
        "osm_id": 1509403876,
        "building": "yes",
        "building:levels": "",
        "building:flats": "",
        "addr:housenumber": "",
        "area_m2": 1343.9
      }
    },
    {
      "type": "Feature",
      "geometry": {
        "type": "Polygon",
        "coordinates": [
          [
            [
              118.5892079,
              24.9153739
            ],
            [
              118.5891522,
              24.9151911
            ],
            [
              118.589278,
              24.9151595
            ],
            [
              118.5893338,
              24.9153423
            ],
            [
              118.5892079,
              24.9153739
            ]
          ]
        ]
      },
      "properties": {
        "osm_id": 1509403877,
        "building": "yes",
        "building:levels": "",
        "building:flats": "",
        "addr:housenumber": "",
        "area_m2": 276.48
      }
    },
    {
      "type": "Feature",
      "geometry": {
        "type": "Polygon",
        "coordinates": [
          [
            [
              118.589339,
              24.915191
            ],
            [
              118.5893032,
              24.9150927
            ],
            [
              118.5895886,
              24.9150071
            ],
            [
              118.5896244,
              24.9151055
            ],
            [
              118.589339,
              24.915191
            ]
          ]
        ]
      },
      "properties": {
        "osm_id": 1509403878,
        "building": "yes",
        "building:levels": "",
        "building:flats": "",
        "addr:housenumber": "",
        "area_m2": 347.53
      }
    },
    {
      "type": "Feature",
      "geometry": {
        "type": "Polygon",
        "coordinates": [
          [
            [
              118.5906015,
              24.9151051
            ],
            [
              118.5909883,
              24.9149953
            ],
            [
              118.5910229,
              24.9150955
            ],
            [
              118.5906361,
              24.9152053
            ],
            [
              118.5906015,
              24.9151051
            ]
          ]
        ]
      },
      "properties": {
        "osm_id": 1509403879,
        "building": "yes",
        "building:levels": "",
        "building:flats": "",
        "addr:housenumber": "",
        "area_m2": 475.07
      }
    },
    {
      "type": "Feature",
      "geometry": {
        "type": "Polygon",
        "coordinates": [
          [
            [
              118.587257,
              24.9152847
            ],
            [
              118.587849,
              24.9151614
            ],
            [
              118.587874,
              24.91526
            ],
            [
              118.587282,
              24.9153833
            ],
            [
              118.587257,
              24.9152847
            ]
          ]
        ]
      },
      "properties": {
        "osm_id": 1509403880,
        "building": "yes",
        "building:levels": "",
        "building:flats": "",
        "addr:housenumber": "",
        "area_m2": 686.02
      }
    },
    {
      "type": "Feature",
      "geometry": {
        "type": "Polygon",
        "coordinates": [
          [
            [
              118.5885887,
              24.9156692
            ],
            [
              118.5887279,
              24.9156444
            ],
            [
              118.5886519,
              24.9152937
            ],
            [
              118.5885127,
              24.9153185
            ],
            [
              118.5885887,
              24.9156692
            ]
          ]
        ]
      },
      "properties": {
        "osm_id": 1509403881,
        "building": "yes",
        "building:levels": "",
        "building:flats": "",
        "addr:housenumber": "",
        "area_m2": 566.0
      }
    },
    {
      "type": "Feature",
      "geometry": {
        "type": "Polygon",
        "coordinates": [
          [
            [
              118.5917292,
              24.9170009
            ],
            [
              118.5918944,
              24.9169725
            ],
            [
              118.5920052,
              24.917503
            ],
            [
              118.5918399,
              24.9175314
            ],
            [
              118.5917292,
              24.9170009
            ]
          ]
        ]
      },
      "properties": {
        "osm_id": 1509403882,
        "building": "yes",
        "building:levels": "",
        "building:flats": "",
        "addr:housenumber": "",
        "area_m2": 1013.74
      }
    },
    {
      "type": "Feature",
      "geometry": {
        "type": "Polygon",
        "coordinates": [
          [
            [
              118.5887519,
              24.9159513
            ],
            [
              118.5887143,
              24.9157985
            ],
            [
              118.5893048,
              24.915679
            ],
            [
              118.5893424,
              24.9158318
            ],
            [
              118.5887519,
              24.9159513
            ]
          ]
        ]
      },
      "properties": {
        "osm_id": 1509403883,
        "building": "yes",
        "building:levels": "",
        "building:flats": "",
        "addr:housenumber": "",
        "area_m2": 1057.4
      }
    },
    {
      "type": "Feature",
      "geometry": {
        "type": "Polygon",
        "coordinates": [
          [
            [
              118.5916566,
              24.9169138
            ],
            [
              118.5918039,
              24.9168924
            ],
            [
              118.5917575,
              24.9166296
            ],
            [
              118.5916102,
              24.916651
            ],
            [
              118.5916566,
              24.9169138
            ]
          ]
        ]
      },
      "properties": {
        "osm_id": 1509403884,
        "building": "yes",
        "building:levels": "",
        "building:flats": "",
        "addr:housenumber": "",
        "area_m2": 443.22
      }
    },
    {
      "type": "Feature",
      "geometry": {
        "type": "Polygon",
        "coordinates": [
          [
            [
              118.5889824,
              24.9165537
            ],
            [
              118.5890725,
              24.9165392
            ],
            [
              118.5890809,
              24.9165815
            ],
            [
              118.5894066,
              24.9165289
            ],
            [
              118.5893974,
              24.9164821
            ],
            [
              118.5895201,
              24.9164623
            ],
            [
              118.5895691,
              24.9167117
            ],
            [
              118.5890305,
              24.9167987
            ],
            [
              118.5889824,
              24.9165537
            ]
          ]
        ]
      },
      "properties": {
        "osm_id": 1509403885,
        "building": "yes",
        "building:levels": "",
        "building:flats": "",
        "addr:housenumber": "",
        "area_m2": 1366.99
      }
    },
    {
      "type": "Feature",
      "geometry": {
        "type": "Polygon",
        "coordinates": [
          [
            [
              118.5907212,
              24.915491
            ],
            [
              118.5911154,
              24.9153901
            ],
            [
              118.591066,
              24.9152313
            ],
            [
              118.5906718,
              24.9153323
            ],
            [
              118.5907212,
              24.915491
            ]
          ]
        ]
      },
      "properties": {
        "osm_id": 1509403886,
        "building": "yes",
        "building:levels": "",
        "building:flats": "",
        "addr:housenumber": "",
        "area_m2": 754.26
      }
    },
    {
      "type": "Feature",
      "geometry": {
        "type": "Polygon",
        "coordinates": [
          [
            [
              118.5894603,
              24.9158404
            ],
            [
              118.5896813,
              24.9158152
            ],
            [
              118.5897398,
              24.9162361
            ],
            [
              118.5895188,
              24.9162613
            ],
            [
              118.5894603,
              24.9158404
            ]
          ]
        ]
      },
      "properties": {
        "osm_id": 1509403887,
        "building": "yes",
        "building:levels": "",
        "building:flats": "",
        "addr:housenumber": "",
        "area_m2": 1054.85
      }
    },
    {
      "type": "Feature",
      "geometry": {
        "type": "Polygon",
        "coordinates": [
          [
            [
              118.5894811,
              24.9156717
            ],
            [
              118.5897851,
              24.9155886
            ],
            [
              118.5897542,
              24.9154958
            ],
            [
              118.5896743,
              24.9155177
            ],
            [
              118.5896533,
              24.9154546
            ],
            [
              118.5897358,
              24.9154321
            ],
            [
              118.589708,
              24.9153485
            ],
            [
              118.5896254,
              24.9153711
            ],
            [
              118.5896013,
              24.9152985
            ],
            [
              118.5896768,
              24.9152778
            ],
            [
              118.5896523,
              24.9152041
            ],
            [
              118.5893671,
              24.9152821
            ],
            [
              118.5893909,
              24.9153534
            ],
            [
              118.5894683,
              24.9153323
            ],
            [
              118.5894934,
              24.9154078
            ],
            [
              118.5894062,
              24.9154316
            ],
            [
              118.5894305,
              24.9155045
            ],
            [
              118.5895168,
              24.9154809
            ],
            [
              118.5895412,
              24.9155544
            ],
            [
              118.5894504,
              24.9155793
            ],
            [
              118.5894811,
              24.9156717
            ]
          ]
        ]
      },
      "properties": {
        "osm_id": 1509403888,
        "building": "yes",
        "building:levels": "",
        "building:flats": "",
        "addr:housenumber": "",
        "area_m2": 1112.06
      }
    },
    {
      "type": "Feature",
      "geometry": {
        "type": "Polygon",
        "coordinates": [
          [
            [
              118.5902252,
              24.9146993
            ],
            [
              118.5897421,
              24.9148054
            ],
            [
              118.5897989,
              24.9149757
            ],
            [
              118.589655,
              24.9150113
            ],
            [
              118.589861,
              24.9156415
            ],
            [
              118.5896989,
              24.9156825
            ],
            [
              118.5897505,
              24.9158272
            ],
            [
              118.5900015,
              24.9157571
            ],
            [
              118.5900543,
              24.9159764
            ],
            [
              118.5906364,
              24.9158645
            ],
            [
              118.5905645,
              24.9155716
            ],
            [
              118.5899869,
              24.9156911
            ],
            [
              118.5898234,
              24.9151533
            ],
            [
              118.5902918,
              24.9150574
            ],
            [
              118.5903491,
              24.915252
            ],
            [
              118.5904638,
              24.9152248
            ],
            [
              118.5904196,
              24.9150238
            ],
            [
              118.5903717,
              24.9148837
            ],
            [
              118.5902252,
              24.9146993
            ]
          ]
        ]
      },
      "properties": {
        "osm_id": 1509403890,
        "building": "yes",
        "building:levels": "",
        "building:flats": "",
        "addr:housenumber": "",
        "area_m2": 5817.41
      }
    },
    {
      "type": "Feature",
      "geometry": {
        "type": "Polygon",
        "coordinates": [
          [
            [
              118.5912912,
              24.9161036
            ],
            [
              118.591027,
              24.9155396
            ],
            [
              118.5911947,
              24.915475
            ],
            [
              118.5914589,
              24.916039
            ],
            [
              118.5912912,
              24.9161036
            ]
          ]
        ]
      },
      "properties": {
        "osm_id": 1509403891,
        "building": "yes",
        "building:levels": "",
        "building:flats": "",
        "addr:housenumber": "",
        "area_m2": 1246.38
      }
    },
    {
      "type": "Feature",
      "geometry": {
        "type": "Polygon",
        "coordinates": [
          [
            [
              118.5868327,
              24.9153965
            ],
            [
              118.5871651,
              24.91532
            ],
            [
              118.5872499,
              24.915623
            ],
            [
              118.5868221,
              24.9157214
            ],
            [
              118.586765,
              24.9155174
            ],
            [
              118.5868604,
              24.9154955
            ],
            [
              118.5868327,
              24.9153965
            ]
          ]
        ]
      },
      "properties": {
        "osm_id": 1509403892,
        "building": "yes",
        "building:levels": "",
        "building:flats": "",
        "addr:housenumber": "",
        "area_m2": 1427.87
      }
    },
    {
      "type": "Feature",
      "geometry": {
        "type": "Polygon",
        "coordinates": [
          [
            [
              118.5898896,
              24.9185461
            ],
            [
              118.5898625,
              24.9184062
            ],
            [
              118.5900097,
              24.9183876
            ],
            [
              118.5901086,
              24.9183925
            ],
            [
              118.5901848,
              24.9184135
            ],
            [
              118.5903805,
              24.9184749
            ],
            [
              118.5903337,
              24.9185705
            ],
            [
              118.5903393,
              24.9185969
            ],
            [
              118.5905547,
              24.9185743
            ],
            [
              118.5905727,
              24.9186822
            ],
            [
              118.5902281,
              24.9187065
            ],
            [
              118.590209,
              24.9185307
            ],
            [
              118.5900811,
              24.9184939
            ],
            [
              118.5899803,
              24.9184917
            ],
            [
              118.5899916,
              24.9185308
            ],
            [
              118.5898896,
              24.9185461
            ]
          ]
        ]
      },
      "properties": {
        "osm_id": 1509403893,
        "building": "school",
        "building:levels": "",
        "building:flats": "",
        "addr:housenumber": "",
        "area_m2": 1087.78
      }
    },
    {
      "type": "Feature",
      "geometry": {
        "type": "Polygon",
        "coordinates": [
          [
            [
              118.5886929,
              24.9161938
            ],
            [
              118.5885882,
              24.9157183
            ],
            [
              118.5886803,
              24.9157016
            ],
            [
              118.588785,
              24.9161771
            ],
            [
              118.5886929,
              24.9161938
            ]
          ]
        ]
      },
      "properties": {
        "osm_id": 1509432271,
        "building": "yes",
        "building:levels": "",
        "building:flats": "",
        "addr:housenumber": "",
        "area_m2": 508.4
      }
    },
    {
      "type": "Feature",
      "geometry": {
        "type": "Polygon",
        "coordinates": [
          [
            [
              118.5904983,
              24.9148707
            ],
            [
              118.5908609,
              24.9147919
            ],
            [
              118.5908257,
              24.9146584
            ],
            [
              118.5906716,
              24.9146918
            ],
            [
              118.5906555,
              24.914631
            ],
            [
              118.5904469,
              24.9146763
            ],
            [
              118.5904983,
              24.9148707
            ]
          ]
        ]
      },
      "properties": {
        "osm_id": 1509432272,
        "building": "yes",
        "building:levels": "",
        "building:flats": "",
        "addr:housenumber": "",
        "area_m2": 721.47
      }
    },
    {
      "type": "Feature",
      "geometry": {
        "type": "Polygon",
        "coordinates": [
          [
            [
              118.5888679,
              24.9164359
            ],
            [
              118.5887363,
              24.9164588
            ],
            [
              118.5888456,
              24.9169746
            ],
            [
              118.5889132,
              24.917031
            ],
            [
              118.5891024,
              24.916998
            ],
            [
              118.5890741,
              24.9168646
            ],
            [
              118.5889629,
              24.916884
            ],
            [
              118.5888679,
              24.9164359
            ]
          ]
        ]
      },
      "properties": {
        "osm_id": 1509432274,
        "building": "yes",
        "building:levels": "",
        "building:flats": "",
        "addr:housenumber": "",
        "area_m2": 1037.33
      }
    },
    {
      "type": "Feature",
      "geometry": {
        "type": "Polygon",
        "coordinates": [
          [
            [
              118.5905746,
              24.9150653
            ],
            [
              118.5907958,
              24.9150032
            ],
            [
              118.5907456,
              24.9148558
            ],
            [
              118.5905243,
              24.9149179
            ],
            [
              118.5905746,
              24.9150653
            ]
          ]
        ]
      },
      "properties": {
        "osm_id": 1509432275,
        "building": "yes",
        "building:levels": "",
        "building:flats": "",
        "addr:housenumber": "",
        "area_m2": 398.89
      }
    },
    {
      "type": "Feature",
      "geometry": {
        "type": "Polygon",
        "coordinates": [
          [
            [
              118.5897934,
              24.9159229
            ],
            [
              118.5899731,
              24.9158941
            ],
            [
              118.5899997,
              24.91603
            ],
            [
              118.5898199,
              24.9160588
            ],
            [
              118.5897934,
              24.9159229
            ]
          ]
        ]
      },
      "properties": {
        "osm_id": 1509432276,
        "building": "yes",
        "building:levels": "",
        "building:flats": "",
        "addr:housenumber": "",
        "area_m2": 281.23
      }
    },
    {
      "type": "Feature",
      "geometry": {
        "type": "Polygon",
        "coordinates": [
          [
            [
              118.5900873,
              24.9143774
            ],
            [
              118.5901242,
              24.914517
            ],
            [
              118.5894297,
              24.9146678
            ],
            [
              118.589366,
              24.9146591
            ],
            [
              118.5893199,
              24.9146203
            ],
            [
              118.5892835,
              24.9145027
            ],
            [
              118.5894128,
              24.9144691
            ],
            [
              118.5894323,
              24.9145196
            ],
            [
              118.5900873,
              24.9143774
            ]
          ]
        ]
      },
      "properties": {
        "osm_id": 1509432277,
        "building": "yes",
        "building:levels": "",
        "building:flats": "",
        "addr:housenumber": "",
        "area_m2": 1349.38
      }
    },
    {
      "type": "Feature",
      "geometry": {
        "type": "Polygon",
        "coordinates": [
          [
            [
              118.5868837,
              24.9151792
            ],
            [
              118.5865622,
              24.9150329
            ],
            [
              118.5864942,
              24.9148138
            ],
            [
              118.5866195,
              24.9147818
            ],
            [
              118.5866565,
              24.914901
            ],
            [
              118.5871083,
              24.9147857
            ],
            [
              118.5872049,
              24.9150973
            ],
            [
              118.5868837,
              24.9151792
            ]
          ]
        ]
      },
      "properties": {
        "osm_id": 1509435143,
        "building": "yes",
        "building:levels": "",
        "building:flats": "",
        "addr:housenumber": "",
        "area_m2": 2019.64
      }
    },
    {
      "type": "Feature",
      "geometry": {
        "type": "Polygon",
        "coordinates": [
          [
            [
              118.5882846,
              24.9158864
            ],
            [
              118.5884654,
              24.9158554
            ],
            [
              118.5883581,
              24.9153393
            ],
            [
              118.5881773,
              24.9153702
            ],
            [
              118.5882846,
              24.9158864
            ]
          ]
        ]
      },
      "properties": {
        "osm_id": 1509435144,
        "building": "yes",
        "building:levels": "",
        "building:flats": "",
        "addr:housenumber": "",
        "area_m2": 1078.83
      }
    },
    {
      "type": "Feature",
      "geometry": {
        "type": "Polygon",
        "coordinates": [
          [
            [
              118.5877655,
              24.914231
            ],
            [
              118.5877303,
              24.9141277
            ],
            [
              118.5880363,
              24.914042
            ],
            [
              118.5880715,
              24.9141453
            ],
            [
              118.5877655,
              24.914231
            ]
          ]
        ]
      },
      "properties": {
        "osm_id": 1509435145,
        "building": "yes",
        "building:levels": "",
        "building:flats": "",
        "addr:housenumber": "",
        "area_m2": 386.54
      }
    },
    {
      "type": "Feature",
      "geometry": {
        "type": "Polygon",
        "coordinates": [
          [
            [
              118.5867053,
              24.914828
            ],
            [
              118.5868845,
              24.9147761
            ],
            [
              118.5868178,
              24.9145869
            ],
            [
              118.5866386,
              24.9146388
            ],
            [
              118.5867053,
              24.914828
            ]
          ]
        ]
      },
      "properties": {
        "osm_id": 1509435146,
        "building": "yes",
        "building:levels": "",
        "building:flats": "",
        "addr:housenumber": "",
        "area_m2": 417.13
      }
    },
    {
      "type": "Feature",
      "geometry": {
        "type": "Polygon",
        "coordinates": [
          [
            [
              118.5870757,
              24.9166059
            ],
            [
              118.587363,
              24.9165465
            ],
            [
              118.5872845,
              24.9162345
            ],
            [
              118.5869972,
              24.9162939
            ],
            [
              118.5870757,
              24.9166059
            ]
          ]
        ]
      },
      "properties": {
        "osm_id": 1509435147,
        "building": "hospital",
        "building:levels": "",
        "building:flats": "",
        "addr:housenumber": "",
        "area_m2": 1052.7
      }
    },
    {
      "type": "Feature",
      "geometry": {
        "type": "Polygon",
        "coordinates": [
          [
            [
              118.586892,
              24.9147745
            ],
            [
              118.5870712,
              24.9147226
            ],
            [
              118.5870046,
              24.9145334
            ],
            [
              118.5868254,
              24.9145853
            ],
            [
              118.586892,
              24.9147745
            ]
          ]
        ]
      },
      "properties": {
        "osm_id": 1509435148,
        "building": "yes",
        "building:levels": "",
        "building:flats": "",
        "addr:housenumber": "",
        "area_m2": 417.07
      }
    },
    {
      "type": "Feature",
      "geometry": {
        "type": "Polygon",
        "coordinates": [
          [
            [
              118.5872941,
              24.9150894
            ],
            [
              118.5880336,
              24.9149335
            ],
            [
              118.5880018,
              24.9148096
            ],
            [
              118.5878483,
              24.914842
            ],
            [
              118.5878274,
              24.9147606
            ],
            [
              118.5872415,
              24.9148842
            ],
            [
              118.5872941,
              24.9150894
            ]
          ]
        ]
      },
      "properties": {
        "osm_id": 1509435149,
        "building": "yes",
        "building:levels": "",
        "building:flats": "",
        "addr:housenumber": "",
        "area_m2": 1638.84
      }
    },
    {
      "type": "Feature",
      "geometry": {
        "type": "Polygon",
        "coordinates": [
          [
            [
              118.5880355,
              24.9148854
            ],
            [
              118.5880881,
              24.9148743
            ],
            [
              118.5881291,
              24.914858
            ],
            [
              118.5881586,
              24.9148338
            ],
            [
              118.5881763,
              24.914802
            ],
            [
              118.5881778,
              24.9147613
            ],
            [
              118.5881636,
              24.9147219
            ],
            [
              118.5880521,
              24.9147403
            ],
            [
              118.5880413,
              24.9147666
            ],
            [
              118.5880068,
              24.9147781
            ],
            [
              118.5880355,
              24.9148854
            ]
          ]
        ]
      },
      "properties": {
        "osm_id": 1509435150,
        "building": "yes",
        "building:levels": "",
        "building:flats": "",
        "addr:housenumber": "",
        "area_m2": 216.96
      }
    },
    {
      "type": "Feature",
      "geometry": {
        "type": "Polygon",
        "coordinates": [
          [
            [
              118.5878278,
              24.9144043
            ],
            [
              118.5877926,
              24.914301
            ],
            [
              118.5880985,
              24.9142153
            ],
            [
              118.5881337,
              24.9143186
            ],
            [
              118.5878278,
              24.9144043
            ]
          ]
        ]
      },
      "properties": {
        "osm_id": 1509435151,
        "building": "yes",
        "building:levels": "",
        "building:flats": "",
        "addr:housenumber": "",
        "area_m2": 386.43
      }
    },
    {
      "type": "Feature",
      "geometry": {
        "type": "Polygon",
        "coordinates": [
          [
            [
              118.5917926,
              24.9149495
            ],
            [
              118.5920668,
              24.914908
            ],
            [
              118.5920831,
              24.9149966
            ],
            [
              118.5918089,
              24.9150381
            ],
            [
              118.5917926,
              24.9149495
            ]
          ]
        ]
      },
      "properties": {
        "osm_id": 1510168167,
        "building": "yes",
        "building:levels": "",
        "building:flats": "",
        "addr:housenumber": "",
        "area_m2": 278.75
      }
    },
    {
      "type": "Feature",
      "geometry": {
        "type": "Polygon",
        "coordinates": [
          [
            [
              118.5911595,
              24.913889
            ],
            [
              118.5914187,
              24.9138286
            ],
            [
              118.5914463,
              24.9139261
            ],
            [
              118.5911871,
              24.9139865
            ],
            [
              118.5911595,
              24.913889
            ]
          ]
        ]
      },
      "properties": {
        "osm_id": 1510168168,
        "building": "yes",
        "building:levels": "",
        "building:flats": "",
        "addr:housenumber": "",
        "area_m2": 300.73
      }
    },
    {
      "type": "Feature",
      "geometry": {
        "type": "Polygon",
        "coordinates": [
          [
            [
              118.5900446,
              24.9132678
            ],
            [
              118.5901761,
              24.9132086
            ],
            [
              118.5903132,
              24.913459
            ],
            [
              118.5901817,
              24.9135183
            ],
            [
              118.5900446,
              24.9132678
            ]
          ]
        ]
      },
      "properties": {
        "osm_id": 1510168169,
        "building": "yes",
        "building:levels": "",
        "building:flats": "",
        "addr:housenumber": "",
        "area_m2": 458.33
      }
    },
    {
      "type": "Feature",
      "geometry": {
        "type": "Polygon",
        "coordinates": [
          [
            [
              118.5904351,
              24.9130246
            ],
            [
              118.5907453,
              24.9129519
            ],
            [
              118.5907734,
              24.9130506
            ],
            [
              118.5904633,
              24.9131233
            ],
            [
              118.5904351,
              24.9130246
            ]
          ]
        ]
      },
      "properties": {
        "osm_id": 1510168170,
        "building": "yes",
        "building:levels": "",
        "building:flats": "",
        "addr:housenumber": "",
        "area_m2": 364.57
      }
    },
    {
      "type": "Feature",
      "geometry": {
        "type": "Polygon",
        "coordinates": [
          [
            [
              118.590928,
              24.9138469
            ],
            [
              118.5908816,
              24.9137056
            ],
            [
              118.5907495,
              24.9137412
            ],
            [
              118.5907959,
              24.9138826
            ],
            [
              118.590928,
              24.9138469
            ]
          ]
        ]
      },
      "properties": {
        "osm_id": 1510168171,
        "building": "yes",
        "building:levels": "",
        "building:flats": "",
        "addr:housenumber": "",
        "area_m2": 226.91
      }
    },
    {
      "type": "Feature",
      "geometry": {
        "type": "Polygon",
        "coordinates": [
          [
            [
              118.5915909,
              24.914045
            ],
            [
              118.5922259,
              24.9140082
            ],
            [
              118.5922225,
              24.9140798
            ],
            [
              118.5928799,
              24.9140736
            ],
            [
              118.592879,
              24.9140129
            ],
            [
              118.5931035,
              24.9140058
            ],
            [
              118.593131,
              24.9141086
            ],
            [
              118.5930982,
              24.9141888
            ],
            [
              118.5930581,
              24.9142326
            ],
            [
              118.5929777,
              24.9142686
            ],
            [
              118.592563,
              24.9142217
            ],
            [
              118.5918282,
              24.9142206
            ],
            [
              118.5916055,
              24.9142408
            ],
            [
              118.5915909,
              24.914045
            ]
          ]
        ]
      },
      "properties": {
        "osm_id": 1510168172,
        "building": "yes",
        "building:levels": "",
        "building:flats": "",
        "addr:housenumber": "",
        "area_m2": 3129.13
      }
    },
    {
      "type": "Feature",
      "geometry": {
        "type": "Polygon",
        "coordinates": [
          [
            [
              118.5910314,
              24.914093
            ],
            [
              118.5909444,
              24.9139279
            ],
            [
              118.5907906,
              24.9139886
            ],
            [
              118.5908793,
              24.9141747
            ],
            [
              118.5909399,
              24.9142551
            ],
            [
              118.5910118,
              24.9142881
            ],
            [
              118.5910933,
              24.9143089
            ],
            [
              118.5915215,
              24.9142316
            ],
            [
              118.5914792,
              24.9140398
            ],
            [
              118.5910987,
              24.9141103
            ],
            [
              118.5910314,
              24.914093
            ]
          ]
        ]
      },
      "properties": {
        "osm_id": 1510168173,
        "building": "yes",
        "building:levels": "",
        "building:flats": "",
        "addr:housenumber": "",
        "area_m2": 1609.93
      }
    },
    {
      "type": "Feature",
      "geometry": {
        "type": "Polygon",
        "coordinates": [
          [
            [
              118.5900463,
              24.914291
            ],
            [
              118.5903618,
              24.9142142
            ],
            [
              118.5903393,
              24.9141383
            ],
            [
              118.5900238,
              24.9142151
            ],
            [
              118.5900463,
              24.914291
            ]
          ]
        ]
      },
      "properties": {
        "osm_id": 1510168174,
        "building": "yes",
        "building:levels": "",
        "building:flats": "",
        "addr:housenumber": "",
        "area_m2": 286.61
      }
    },
    {
      "type": "Feature",
      "geometry": {
        "type": "Polygon",
        "coordinates": [
          [
            [
              118.5916442,
              24.9144709
            ],
            [
              118.5919265,
              24.9144396
            ],
            [
              118.5920048,
              24.9144831
            ],
            [
              118.5920199,
              24.9145948
            ],
            [
              118.5919258,
              24.9146052
            ],
            [
              118.5919206,
              24.9145667
            ],
            [
              118.591661,
              24.9145954
            ],
            [
              118.5916442,
              24.9144709
            ]
          ]
        ]
      },
      "properties": {
        "osm_id": 1510168175,
        "building": "yes",
        "building:levels": "",
        "building:flats": "",
        "addr:housenumber": "",
        "area_m2": 519.38
      }
    },
    {
      "type": "Feature",
      "geometry": {
        "type": "Polygon",
        "coordinates": [
          [
            [
              118.5906324,
              24.911296
            ],
            [
              118.5912324,
              24.9111686
            ],
            [
              118.5912648,
              24.9112941
            ],
            [
              118.5906648,
              24.9114214
            ],
            [
              118.5906324,
              24.911296
            ]
          ]
        ]
      },
      "properties": {
        "osm_id": 1510168176,
        "building": "yes",
        "building:levels": "",
        "building:flats": "",
        "addr:housenumber": "",
        "area_m2": 886.32
      }
    },
    {
      "type": "Feature",
      "geometry": {
        "type": "Polygon",
        "coordinates": [
          [
            [
              118.5911728,
              24.9148053
            ],
            [
              118.5916369,
              24.9147148
            ],
            [
              118.5916646,
              24.9148317
            ],
            [
              118.5912005,
              24.9149221
            ],
            [
              118.5911728,
              24.9148053
            ]
          ]
        ]
      },
      "properties": {
        "osm_id": 1510168177,
        "building": "yes",
        "building:levels": "",
        "building:flats": "",
        "addr:housenumber": "",
        "area_m2": 633.35
      }
    },
    {
      "type": "Feature",
      "geometry": {
        "type": "Polygon",
        "coordinates": [
          [
            [
              118.5905544,
              24.913465
            ],
            [
              118.5908646,
              24.9133923
            ],
            [
              118.5908927,
              24.913491
            ],
            [
              118.5905825,
              24.9135637
            ],
            [
              118.5905544,
              24.913465
            ]
          ]
        ]
      },
      "properties": {
        "osm_id": 1510168178,
        "building": "yes",
        "building:levels": "",
        "building:flats": "",
        "addr:housenumber": "",
        "area_m2": 364.59
      }
    },
    {
      "type": "Feature",
      "geometry": {
        "type": "Polygon",
        "coordinates": [
          [
            [
              118.5904825,
              24.913234
            ],
            [
              118.5907926,
              24.9131613
            ],
            [
              118.5908207,
              24.9132599
            ],
            [
              118.5905106,
              24.9133326
            ],
            [
              118.5904825,
              24.913234
            ]
          ]
        ]
      },
      "properties": {
        "osm_id": 1510168179,
        "building": "yes",
        "building:levels": "",
        "building:flats": "",
        "addr:housenumber": "",
        "area_m2": 364.13
      }
    },
    {
      "type": "Feature",
      "geometry": {
        "type": "Polygon",
        "coordinates": [
          [
            [
              118.5877142,
              24.9140806
            ],
            [
              118.587679,
              24.9139773
            ],
            [
              118.5879849,
              24.9138916
            ],
            [
              118.5880201,
              24.9139949
            ],
            [
              118.5877142,
              24.9140806
            ]
          ]
        ]
      },
      "properties": {
        "osm_id": 1510168180,
        "building": "yes",
        "building:levels": "",
        "building:flats": "",
        "addr:housenumber": "",
        "area_m2": 386.43
      }
    },
    {
      "type": "Feature",
      "geometry": {
        "type": "Polygon",
        "coordinates": [
          [
            [
              118.5917528,
              24.9146883
            ],
            [
              118.5920305,
              24.9146452
            ],
            [
              118.5920539,
              24.914769
            ],
            [
              118.5917761,
              24.9148121
            ],
            [
              118.5917528,
              24.9146883
            ]
          ]
        ]
      },
      "properties": {
        "osm_id": 1510168181,
        "building": "yes",
        "building:levels": "",
        "building:flats": "",
        "addr:housenumber": "",
        "area_m2": 395.09
      }
    },
    {
      "type": "Feature",
      "geometry": {
        "type": "Polygon",
        "coordinates": [
          [
            [
              118.5903054,
              24.9138357
            ],
            [
              118.5902091,
              24.913608
            ],
            [
              118.5903457,
              24.9135436
            ],
            [
              118.5904723,
              24.9137647
            ],
            [
              118.5903054,
              24.9138357
            ]
          ]
        ]
      },
      "properties": {
        "osm_id": 1510168182,
        "building": "yes",
        "building:levels": "",
        "building:flats": "",
        "addr:housenumber": "",
        "area_m2": 464.37
      }
    },
    {
      "type": "Feature",
      "geometry": {
        "type": "Polygon",
        "coordinates": [
          [
            [
              118.5899902,
              24.9132073
            ],
            [
              118.5899789,
              24.9131802
            ],
            [
              118.5898763,
              24.9132118
            ],
            [
              118.589837,
              24.9131304
            ],
            [
              118.5900012,
              24.9130661
            ],
            [
              118.590056,
              24.9130706
            ],
            [
              118.5901057,
              24.9130958
            ],
            [
              118.5901429,
              24.9131489
            ],
            [
              118.5899902,
              24.9132073
            ]
          ]
        ]
      },
      "properties": {
        "osm_id": 1510168183,
        "building": "retail",
        "building:levels": "",
        "building:flats": "",
        "addr:housenumber": "",
        "area_m2": 308.71
      }
    },
    {
      "type": "Feature",
      "geometry": {
        "type": "Polygon",
        "coordinates": [
          [
            [
              118.5908933,
              24.9136842
            ],
            [
              118.5908469,
              24.9135428
            ],
            [
              118.5907148,
              24.9135785
            ],
            [
              118.5907612,
              24.9137199
            ],
            [
              118.5908933,
              24.9136842
            ]
          ]
        ]
      },
      "properties": {
        "osm_id": 1510168184,
        "building": "yes",
        "building:levels": "",
        "building:flats": "",
        "addr:housenumber": "",
        "area_m2": 227.01
      }
    },
    {
      "type": "Feature",
      "geometry": {
        "type": "Polygon",
        "coordinates": [
          [
            [
              118.5899999,
              24.9142944
            ],
            [
              118.5899697,
              24.9141833
            ],
            [
              118.5893246,
              24.914328
            ],
            [
              118.5893549,
              24.9144391
            ],
            [
              118.5899999,
              24.9142944
            ]
          ]
        ]
      },
      "properties": {
        "osm_id": 1510168185,
        "building": "yes",
        "building:levels": "",
        "building:flats": "",
        "addr:housenumber": "",
        "area_m2": 848.88
      }
    },
    {
      "type": "Feature",
      "geometry": {
        "type": "Polygon",
        "coordinates": [
          [
            [
              118.5912903,
              24.9152567
            ],
            [
              118.5916825,
              24.915181
            ],
            [
              118.5917054,
              24.9152786
            ],
            [
              118.5913132,
              24.9153542
            ],
            [
              118.5912903,
              24.9152567
            ]
          ]
        ]
      },
      "properties": {
        "osm_id": 1510168186,
        "building": "yes",
        "building:levels": "",
        "building:flats": "",
        "addr:housenumber": "",
        "area_m2": 446.44
      }
    },
    {
      "type": "Feature",
      "geometry": {
        "type": "Polygon",
        "coordinates": [
          [
            [
              118.5899684,
              24.9121827
            ],
            [
              118.5897013,
              24.9116719
            ],
            [
              118.5896163,
              24.9117084
            ],
            [
              118.5898834,
              24.9122193
            ],
            [
              118.5899684,
              24.9121827
            ]
          ]
        ]
      },
      "properties": {
        "osm_id": 1510168187,
        "building": "yes",
        "building:levels": "",
        "building:flats": "",
        "addr:housenumber": "",
        "area_m2": 593.72
      }
    },
    {
      "type": "Feature",
      "geometry": {
        "type": "Polygon",
        "coordinates": [
          [
            [
              118.5911084,
              24.9137123
            ],
            [
              118.5913676,
              24.9136519
            ],
            [
              118.5913952,
              24.9137494
            ],
            [
              118.591136,
              24.9138098
            ],
            [
              118.5911084,
              24.9137123
            ]
          ]
        ]
      },
      "properties": {
        "osm_id": 1510168188,
        "building": "yes",
        "building:levels": "",
        "building:flats": "",
        "addr:housenumber": "",
        "area_m2": 300.73
      }
    },
    {
      "type": "Feature",
      "geometry": {
        "type": "Polygon",
        "coordinates": [
          [
            [
              118.5919081,
              24.915156
            ],
            [
              118.5921055,
              24.9151263
            ],
            [
              118.5921224,
              24.9152186
            ],
            [
              118.591925,
              24.9152483
            ],
            [
              118.5919081,
              24.915156
            ]
          ]
        ]
      },
      "properties": {
        "osm_id": 1510168189,
        "building": "yes",
        "building:levels": "",
        "building:flats": "",
        "addr:housenumber": "",
        "area_m2": 209.0
      }
    },
    {
      "type": "Feature",
      "geometry": {
        "type": "Polygon",
        "coordinates": [
          [
            [
              118.5883834,
              24.9146273
            ],
            [
              118.5885527,
              24.9145973
            ],
            [
              118.5885698,
              24.9146527
            ],
            [
              118.5889315,
              24.9145845
            ],
            [
              118.58892,
              24.914531
            ],
            [
              118.589093,
              24.9144954
            ],
            [
              118.589123,
              24.9146033
            ],
            [
              118.5891068,
              24.9146491
            ],
            [
              118.5890761,
              24.9146954
            ],
            [
              118.5890153,
              24.9147222
            ],
            [
              118.5885542,
              24.9148054
            ],
            [
              118.5884795,
              24.9147985
            ],
            [
              118.5884226,
              24.9147573
            ],
            [
              118.5883959,
              24.9146998
            ],
            [
              118.5883834,
              24.9146273
            ]
          ]
        ]
      },
      "properties": {
        "osm_id": 1510168190,
        "building": "yes",
        "building:levels": "",
        "building:flats": "",
        "addr:housenumber": "",
        "area_m2": 1351.12
      }
    },
    {
      "type": "Feature",
      "geometry": {
        "type": "Polygon",
        "coordinates": [
          [
            [
              118.5911527,
              24.9147276
            ],
            [
              118.591599,
              24.9146387
            ],
            [
              118.5915554,
              24.9144587
            ],
            [
              118.5912517,
              24.9145192
            ],
            [
              118.5911709,
              24.9145602
            ],
            [
              118.5911353,
              24.9146558
            ],
            [
              118.5911527,
              24.9147276
            ]
          ]
        ]
      },
      "properties": {
        "osm_id": 1510168191,
        "building": "yes",
        "building:levels": "",
        "building:flats": "",
        "addr:housenumber": "",
        "area_m2": 884.75
      }
    },
    {
      "type": "Feature",
      "geometry": {
        "type": "Polygon",
        "coordinates": [
          [
            [
              118.5885851,
              24.9127929
            ],
            [
              118.5885309,
              24.9126319
            ],
            [
              118.5882909,
              24.9126984
            ],
            [
              118.5882393,
              24.9125451
            ],
            [
              118.5883495,
              24.9125146
            ],
            [
              118.5882988,
              24.9123638
            ],
            [
              118.5886749,
              24.9122596
            ],
            [
              118.588682,
              24.9122807
            ],
            [
              118.5887582,
              24.9122596
            ],
            [
              118.5887888,
              24.9123505
            ],
            [
              118.5887692,
              24.9123887
            ],
            [
              118.5887701,
              24.9124368
            ],
            [
              118.5888713,
              24.9124096
            ],
            [
              118.5889039,
              24.9125096
            ],
            [
              118.5888001,
              24.9125375
            ],
            [
              118.5888332,
              24.9125648
            ],
            [
              118.5888772,
              24.9125851
            ],
            [
              118.5889044,
              24.912666
            ],
            [
              118.5888244,
              24.9126882
            ],
            [
              118.5888363,
              24.9127234
            ],
            [
              118.5885851,
              24.9127929
            ]
          ]
        ]
      },
      "properties": {
        "osm_id": 1510168192,
        "building": "hotel",
        "building:levels": "",
        "building:flats": "",
        "addr:housenumber": "",
        "area_m2": 2502.88
      }
    },
    {
      "type": "Feature",
      "geometry": {
        "type": "Polygon",
        "coordinates": [
          [
            [
              118.59125,
              24.9150416
            ],
            [
              118.591539,
              24.9149854
            ],
            [
              118.5915634,
              24.9150887
            ],
            [
              118.5912744,
              24.9151448
            ],
            [
              118.59125,
              24.9150416
            ]
          ]
        ]
      },
      "properties": {
        "osm_id": 1510168193,
        "building": "yes",
        "building:levels": "",
        "building:flats": "",
        "addr:housenumber": "",
        "area_m2": 348.4
      }
    },
    {
      "type": "Feature",
      "geometry": {
        "type": "Polygon",
        "coordinates": [
          [
            [
              118.5911662,
              24.9218111
            ],
            [
              118.5915456,
              24.9217183
            ],
            [
              118.5915684,
              24.9217949
            ],
            [
              118.591189,
              24.9218878
            ],
            [
              118.5911662,
              24.9218111
            ]
          ]
        ]
      },
      "properties": {
        "osm_id": 1510169149,
        "building": "yes",
        "building:levels": "",
        "building:flats": "",
        "addr:housenumber": "",
        "area_m2": 348.27
      }
    },
    {
      "type": "Feature",
      "geometry": {
        "type": "Polygon",
        "coordinates": [
          [
            [
              118.5911053,
              24.9216098
            ],
            [
              118.5914847,
              24.9215169
            ],
            [
              118.5915075,
              24.9215936
            ],
            [
              118.5911281,
              24.9216864
            ],
            [
              118.5911053,
              24.9216098
            ]
          ]
        ]
      },
      "properties": {
        "osm_id": 1510169150,
        "building": "yes",
        "building:levels": "",
        "building:flats": "",
        "addr:housenumber": "",
        "area_m2": 348.27
      }
    },
    {
      "type": "Feature",
      "geometry": {
        "type": "Polygon",
        "coordinates": [
          [
            [
              118.5907257,
              24.9219169
            ],
            [
              118.5911051,
              24.921824
            ],
            [
              118.5911279,
              24.9219007
            ],
            [
              118.5907485,
              24.9219935
            ],
            [
              118.5907257,
              24.9219169
            ]
          ]
        ]
      },
      "properties": {
        "osm_id": 1510169151,
        "building": "yes",
        "building:levels": "",
        "building:flats": "",
        "addr:housenumber": "",
        "area_m2": 348.27
      }
    },
    {
      "type": "Feature",
      "geometry": {
        "type": "Polygon",
        "coordinates": [
          [
            [
              118.591036,
              24.9214353
            ],
            [
              118.5914154,
              24.9213425
            ],
            [
              118.5914382,
              24.9214191
            ],
            [
              118.5910588,
              24.921512
            ],
            [
              118.591036,
              24.9214353
            ]
          ]
        ]
      },
      "properties": {
        "osm_id": 1510169152,
        "building": "yes",
        "building:levels": "",
        "building:flats": "",
        "addr:housenumber": "",
        "area_m2": 348.27
      }
    },
    {
      "type": "Feature",
      "geometry": {
        "type": "Polygon",
        "coordinates": [
          [
            [
              118.5917465,
              24.9187072
            ],
            [
              118.5919325,
              24.9187519
            ],
            [
              118.591974,
              24.9186096
            ],
            [
              118.5917881,
              24.9185649
            ],
            [
              118.5917465,
              24.9187072
            ]
          ]
        ]
      },
      "properties": {
        "osm_id": 1510169153,
        "building": "yes",
        "building:levels": "",
        "building:flats": "",
        "addr:housenumber": "",
        "area_m2": 316.12
      }
    },
    {
      "type": "Feature",
      "geometry": {
        "type": "Polygon",
        "coordinates": [
          [
            [
              118.5915395,
              24.9179231
            ],
            [
              118.5917369,
              24.9178934
            ],
            [
              118.5917538,
              24.9179857
            ],
            [
              118.5915564,
              24.9180154
            ],
            [
              118.5915395,
              24.9179231
            ]
          ]
        ]
      },
      "properties": {
        "osm_id": 1510169154,
        "building": "yes",
        "building:levels": "",
        "building:flats": "",
        "addr:housenumber": "",
        "area_m2": 209.0
      }
    },
    {
      "type": "Feature",
      "geometry": {
        "type": "Polygon",
        "coordinates": [
          [
            [
              118.5906155,
              24.9215422
            ],
            [
              118.5909949,
              24.9214493
            ],
            [
              118.5910177,
              24.921526
            ],
            [
              118.5906383,
              24.9216188
            ],
            [
              118.5906155,
              24.9215422
            ]
          ]
        ]
      },
      "properties": {
        "osm_id": 1510169155,
        "building": "yes",
        "building:levels": "",
        "building:flats": "",
        "addr:housenumber": "",
        "area_m2": 348.27
      }
    },
    {
      "type": "Feature",
      "geometry": {
        "type": "Polygon",
        "coordinates": [
          [
            [
              118.591947,
              24.9182877
            ],
            [
              118.5920821,
              24.9183345
            ],
            [
              118.5921062,
              24.9182772
            ],
            [
              118.5920604,
              24.9182613
            ],
            [
              118.5919889,
              24.9180083
            ],
            [
              118.5920652,
              24.9179906
            ],
            [
              118.5920411,
              24.9179054
            ],
            [
              118.5918514,
              24.9179495
            ],
            [
              118.591947,
              24.9182877
            ]
          ]
        ]
      },
      "properties": {
        "osm_id": 1510169156,
        "building": "yes",
        "building:levels": "",
        "building:flats": "",
        "addr:housenumber": "",
        "area_m2": 599.95
      }
    },
    {
      "type": "Feature",
      "geometry": {
        "type": "Polygon",
        "coordinates": [
          [
            [
              118.5912268,
              24.9220118
            ],
            [
              118.5916062,
              24.9219189
            ],
            [
              118.591629,
              24.9219956
            ],
            [
              118.5912497,
              24.9220884
            ],
            [
              118.5912268,
              24.9220118
            ]
          ]
        ]
      },
      "properties": {
        "osm_id": 1510169157,
        "building": "yes",
        "building:levels": "",
        "building:flats": "",
        "addr:housenumber": "",
        "area_m2": 348.28
      }
    },
    {
      "type": "Feature",
      "geometry": {
        "type": "Polygon",
        "coordinates": [
          [
            [
              118.5911234,
              24.9181735
            ],
            [
              118.5915569,
              24.9181297
            ],
            [
              118.591568,
              24.9182201
            ],
            [
              118.5911345,
              24.9182639
            ],
            [
              118.5911234,
              24.9181735
            ]
          ]
        ]
      },
      "properties": {
        "osm_id": 1510169158,
        "building": "yes",
        "building:levels": "",
        "building:flats": "",
        "addr:housenumber": "",
        "area_m2": 442.9
      }
    },
    {
      "type": "Feature",
      "geometry": {
        "type": "Polygon",
        "coordinates": [
          [
            [
              118.5918051,
              24.9185138
            ],
            [
              118.5919911,
              24.9185585
            ],
            [
              118.5920326,
              24.9184162
            ],
            [
              118.5918467,
              24.9183715
            ],
            [
              118.5918051,
              24.9185138
            ]
          ]
        ]
      },
      "properties": {
        "osm_id": 1510169159,
        "building": "yes",
        "building:levels": "",
        "building:flats": "",
        "addr:housenumber": "",
        "area_m2": 316.12
      }
    },
    {
      "type": "Feature",
      "geometry": {
        "type": "Polygon",
        "coordinates": [
          [
            [
              118.5906685,
              24.9217183
            ],
            [
              118.5910479,
              24.9216255
            ],
            [
              118.5910707,
              24.9217021
            ],
            [
              118.5906913,
              24.921795
            ],
            [
              118.5906685,
              24.9217183
            ]
          ]
        ]
      },
      "properties": {
        "osm_id": 1510169160,
        "building": "yes",
        "building:levels": "",
        "building:flats": "",
        "addr:housenumber": "",
        "area_m2": 348.27
      }
    },
    {
      "type": "Feature",
      "geometry": {
        "type": "Polygon",
        "coordinates": [
          [
            [
              118.5918191,
              24.9178215
            ],
            [
              118.5920092,
              24.9177866
            ],
            [
              118.5919702,
              24.9176124
            ],
            [
              118.5917802,
              24.9176473
            ],
            [
              118.5918191,
              24.9178215
            ]
          ]
        ]
      },
      "properties": {
        "osm_id": 1510169161,
        "building": "yes",
        "building:levels": "",
        "building:flats": "",
        "addr:housenumber": "",
        "area_m2": 384.75
      }
    },
    {
      "type": "Feature",
      "geometry": {
        "type": "Polygon",
        "coordinates": [
          [
            [
              118.5914657,
              24.9176976
            ],
            [
              118.5916631,
              24.9176679
            ],
            [
              118.59168,
              24.9177602
            ],
            [
              118.5914826,
              24.9177899
            ],
            [
              118.5914657,
              24.9176976
            ]
          ]
        ]
      },
      "properties": {
        "osm_id": 1510169162,
        "building": "yes",
        "building:levels": "",
        "building:flats": "",
        "addr:housenumber": "",
        "area_m2": 209.0
      }
    },
    {
      "type": "Feature",
      "geometry": {
        "type": "Polygon",
        "coordinates": [
          [
            [
              118.5907908,
              24.9221204
            ],
            [
              118.5911702,
              24.9220275
            ],
            [
              118.591193,
              24.9221042
            ],
            [
              118.5908136,
              24.922197
            ],
            [
              118.5907908,
              24.9221204
            ]
          ]
        ]
      },
      "properties": {
        "osm_id": 1510169163,
        "building": "yes",
        "building:levels": "",
        "building:flats": "",
        "addr:housenumber": "",
        "area_m2": 348.27
      }
    },
    {
      "type": "Feature",
      "geometry": {
        "type": "Polygon",
        "coordinates": [
          [
            [
              118.5874229,
              24.9162259
            ],
            [
              118.5878027,
              24.916146
            ],
            [
              118.5878283,
              24.9162462
            ],
            [
              118.5874485,
              24.9163261
            ],
            [
              118.5874229,
              24.9162259
            ]
          ]
        ]
      },
      "properties": {
        "osm_id": 1510172043,
        "building": "yes",
        "building:levels": "",
        "building:flats": "",
        "addr:housenumber": "",
        "area_m2": 447.66
      }
    },
    {
      "type": "Feature",
      "geometry": {
        "type": "Polygon",
        "coordinates": [
          [
            [
              118.5909367,
              24.9133085
            ],
            [
              118.5914291,
              24.9131975
            ],
            [
              118.5914584,
              24.9133044
            ],
            [
              118.590966,
              24.9134154
            ],
            [
              118.5909367,
              24.9133085
            ]
          ]
        ]
      },
      "properties": {
        "osm_id": 1510172044,
        "building": "yes",
        "building:levels": "",
        "building:flats": "",
        "addr:housenumber": "",
        "area_m2": 623.91
      }
    },
    {
      "type": "Feature",
      "geometry": {
        "type": "Polygon",
        "coordinates": [
          [
            [
              118.5893258,
              24.9185053
            ],
            [
              118.5896776,
              24.9184591
            ],
            [
              118.5896938,
              24.9185605
            ],
            [
              118.589342,
              24.9186067
            ],
            [
              118.5893258,
              24.9185053
            ]
          ]
        ]
      },
      "properties": {
        "osm_id": 1510172045,
        "building": "yes",
        "building:levels": "",
        "building:flats": "",
        "addr:housenumber": "",
        "area_m2": 406.58
      }
    },
    {
      "type": "Feature",
      "geometry": {
        "type": "Polygon",
        "coordinates": [
          [
            [
              118.5911773,
              24.9198732
            ],
            [
              118.5912926,
              24.919906
            ],
            [
              118.591256,
              24.9200122
            ],
            [
              118.5911407,
              24.9199795
            ],
            [
              118.5911773,
              24.9198732
            ]
          ]
        ]
      },
      "properties": {
        "osm_id": 1510172046,
        "building": "yes",
        "building:levels": "",
        "building:flats": "",
        "addr:housenumber": "",
        "area_m2": 150.14
      }
    },
    {
      "type": "Feature",
      "geometry": {
        "type": "Polygon",
        "coordinates": [
          [
            [
              118.5908745,
              24.9130968
            ],
            [
              118.5913669,
              24.9129858
            ],
            [
              118.5913962,
              24.9130927
            ],
            [
              118.5909038,
              24.9132037
            ],
            [
              118.5908745,
              24.9130968
            ]
          ]
        ]
      },
      "properties": {
        "osm_id": 1510172047,
        "building": "yes",
        "building:levels": "",
        "building:flats": "",
        "addr:housenumber": "",
        "area_m2": 623.91
      }
    },
    {
      "type": "Feature",
      "geometry": {
        "type": "Polygon",
        "coordinates": [
          [
            [
              118.5910354,
              24.9198452
            ],
            [
              118.5911422,
              24.9198794
            ],
            [
              118.5911039,
              24.9199779
            ],
            [
              118.5909971,
              24.9199438
            ],
            [
              118.5910354,
              24.9198452
            ]
          ]
        ]
      },
      "properties": {
        "osm_id": 1510172048,
        "building": "apartments",
        "building:levels": "",
        "building:flats": "",
        "addr:housenumber": "",
        "area_m2": 132.1
      }
    },
    {
      "type": "Feature",
      "geometry": {
        "type": "Polygon",
        "coordinates": [
          [
            [
              118.5909198,
              24.9201173
            ],
            [
              118.591074,
              24.9201652
            ],
            [
              118.5910373,
              24.9202624
            ],
            [
              118.5908831,
              24.9202145
            ],
            [
              118.5909198,
              24.9201173
            ]
          ]
        ]
      },
      "properties": {
        "osm_id": 1510172049,
        "building": "apartments",
        "building:levels": "",
        "building:flats": "",
        "addr:housenumber": "",
        "area_m2": 186.94
      }
    },
    {
      "type": "Feature",
      "geometry": {
        "type": "Polygon",
        "coordinates": [
          [
            [
              118.5807188,
              24.9172702
            ],
            [
              118.5807324,
              24.9163233
            ],
            [
              118.5808643,
              24.9163248
            ],
            [
              118.5808634,
              24.9163867
            ],
            [
              118.5807864,
              24.9163858
            ],
            [
              118.5807737,
              24.9172708
            ],
            [
              118.5807188,
              24.9172702
            ]
          ]
        ]
      },
      "properties": {
        "osm_id": 1510172050,
        "building": "yes",
        "building:levels": "",
        "building:flats": "",
        "addr:housenumber": "",
        "area_m2": 633.55
      }
    },
    {
      "type": "Feature",
      "geometry": {
        "type": "Polygon",
        "coordinates": [
          [
            [
              118.5914579,
              24.9211491
            ],
            [
              118.5918373,
              24.9210563
            ],
            [
              118.5918601,
              24.9211329
            ],
            [
              118.5914807,
              24.9212258
            ],
            [
              118.5914579,
              24.9211491
            ]
          ]
        ]
      },
      "properties": {
        "osm_id": 1510172051,
        "building": "yes",
        "building:levels": "",
        "building:flats": "",
        "addr:housenumber": "",
        "area_m2": 348.27
      }
    },
    {
      "type": "Feature",
      "geometry": {
        "type": "Polygon",
        "coordinates": [
          [
            [
              118.5876473,
              24.9166073
            ],
            [
              118.5880213,
              24.9165314
            ],
            [
              118.5880567,
              24.9166749
            ],
            [
              118.5876827,
              24.9167508
            ],
            [
              118.5876473,
              24.9166073
            ]
          ]
        ]
      },
      "properties": {
        "osm_id": 1510172052,
        "building": "yes",
        "building:levels": "",
        "building:flats": "",
        "addr:housenumber": "",
        "area_m2": 629.12
      }
    },
    {
      "type": "Feature",
      "geometry": {
        "type": "Polygon",
        "coordinates": [
          [
            [
              118.5922282,
              24.9127862
            ],
            [
              118.5925891,
              24.9127197
            ],
            [
              118.5925768,
              24.9126646
            ],
            [
              118.5926719,
              24.9126471
            ],
            [
              118.5927052,
              24.9127958
            ],
            [
              118.5922491,
              24.9128798
            ],
            [
              118.5922282,
              24.9127862
            ]
          ]
        ]
      },
      "properties": {
        "osm_id": 1510172053,
        "building": "yes",
        "building:levels": "",
        "building:flats": "",
        "addr:housenumber": "",
        "area_m2": 557.14
      }
    },
    {
      "type": "Feature",
      "geometry": {
        "type": "Polygon",
        "coordinates": [
          [
            [
              118.5884725,
              24.9136504
            ],
            [
              118.5886979,
              24.9136222
            ],
            [
              118.5887158,
              24.9137395
            ],
            [
              118.5884904,
              24.9137677
            ],
            [
              118.5884725,
              24.9136504
            ]
          ]
        ]
      },
      "properties": {
        "osm_id": 1510172054,
        "building": "temple",
        "building:levels": "",
        "building:flats": "",
        "addr:housenumber": "",
        "area_m2": 300.79
      }
    },
    {
      "type": "Feature",
      "geometry": {
        "type": "Polygon",
        "coordinates": [
          [
            [
              118.5812197,
              24.9174672
            ],
            [
              118.5812872,
              24.9174688
            ],
            [
              118.5813189,
              24.9163152
            ],
            [
              118.5811673,
              24.9163118
            ],
            [
              118.5811656,
              24.9163765
            ],
            [
              118.5812496,
              24.9163784
            ],
            [
              118.5812197,
              24.9174672
            ]
          ]
        ]
      },
      "properties": {
        "osm_id": 1510172055,
        "building": "yes",
        "building:levels": "",
        "building:flats": "",
        "addr:housenumber": "",
        "area_m2": 930.67
      }
    },
    {
      "type": "Feature",
      "geometry": {
        "type": "Polygon",
        "coordinates": [
          [
            [
              118.5832933,
              24.9162091
            ],
            [
              118.5832525,
              24.9159889
            ],
            [
              118.5835357,
              24.9159457
            ],
            [
              118.5835765,
              24.9161659
            ],
            [
              118.5832933,
              24.9162091
            ]
          ]
        ]
      },
      "properties": {
        "osm_id": 1510172056,
        "building": "yes",
        "building:levels": "",
        "building:flats": "",
        "addr:housenumber": "",
        "area_m2": 715.82
      }
    },
    {
      "type": "Feature",
      "geometry": {
        "type": "Polygon",
        "coordinates": [
          [
            [
              118.5882744,
              24.917383
            ],
            [
              118.5886927,
              24.9172622
            ],
            [
              118.5887291,
              24.9173657
            ],
            [
              118.5883107,
              24.9174865
            ],
            [
              118.5882744,
              24.917383
            ]
          ]
        ]
      },
      "properties": {
        "osm_id": 1510172057,
        "building": "yes",
        "building:levels": "",
        "building:flats": "",
        "addr:housenumber": "",
        "area_m2": 532.38
      }
    },
    {
      "type": "Feature",
      "geometry": {
        "type": "Polygon",
        "coordinates": [
          [
            [
              118.5833465,
              24.9163322
            ],
            [
              118.5835654,
              24.916299
            ],
            [
              118.5835892,
              24.9164278
            ],
            [
              118.5833703,
              24.9164611
            ],
            [
              118.5833465,
              24.9163322
            ]
          ]
        ]
      },
      "properties": {
        "osm_id": 1510172058,
        "building": "yes",
        "building:levels": "",
        "building:flats": "",
        "addr:housenumber": "",
        "area_m2": 323.7
      }
    },
    {
      "type": "Feature",
      "geometry": {
        "type": "Polygon",
        "coordinates": [
          [
            [
              118.5916784,
              24.9181359
            ],
            [
              118.5918197,
              24.9181033
            ],
            [
              118.5918516,
              24.9182165
            ],
            [
              118.5917648,
              24.9182366
            ],
            [
              118.5917342,
              24.9183399
            ],
            [
              118.5918089,
              24.9183581
            ],
            [
              118.5917806,
              24.9184534
            ],
            [
              118.5915975,
              24.9184088
            ],
            [
              118.5916784,
              24.9181359
            ]
          ]
        ]
      },
      "properties": {
        "osm_id": 1510172059,
        "building": "yes",
        "building:levels": "",
        "building:flats": "",
        "addr:housenumber": "",
        "area_m2": 544.75
      }
    },
    {
      "type": "Feature",
      "geometry": {
        "type": "Polygon",
        "coordinates": [
          [
            [
              118.5915044,
              24.9213173
            ],
            [
              118.5918838,
              24.9212245
            ],
            [
              118.5919066,
              24.9213011
            ],
            [
              118.5915273,
              24.921394
            ],
            [
              118.5915044,
              24.9213173
            ]
          ]
        ]
      },
      "properties": {
        "osm_id": 1510172060,
        "building": "yes",
        "building:levels": "",
        "building:flats": "",
        "addr:housenumber": "",
        "area_m2": 348.28
      }
    },
    {
      "type": "Feature",
      "geometry": {
        "type": "Polygon",
        "coordinates": [
          [
            [
              118.588487,
              24.9139356
            ],
            [
              118.5887549,
              24.9139126
            ],
            [
              118.5887807,
              24.9141604
            ],
            [
              118.5885128,
              24.9141834
            ],
            [
              118.588487,
              24.9139356
            ]
          ]
        ]
      },
      "properties": {
        "osm_id": 1510172061,
        "building": "temple",
        "building:levels": "",
        "building:flats": "",
        "addr:housenumber": "",
        "area_m2": 747.7
      }
    },
    {
      "type": "Feature",
      "geometry": {
        "type": "Polygon",
        "coordinates": [
          [
            [
              118.5905512,
              24.919483
            ],
            [
              118.5907862,
              24.9194644
            ],
            [
              118.5907784,
              24.9193997
            ],
            [
              118.5911091,
              24.9193759
            ],
            [
              118.5910713,
              24.9195389
            ],
            [
              118.5911976,
              24.9195631
            ],
            [
              118.5912885,
              24.9191717
            ],
            [
              118.5911621,
              24.9191476
            ],
            [
              118.5911296,
              24.9192877
            ],
            [
              118.5907593,
              24.9193129
            ],
            [
              118.5907643,
              24.9193776
            ],
            [
              118.5905438,
              24.9193953
            ],
            [
              118.5905512,
              24.919483
            ]
          ]
        ]
      },
      "properties": {
        "osm_id": 1510172062,
        "building": "school",
        "building:levels": "",
        "building:flats": "",
        "addr:housenumber": "",
        "area_m2": 1152.08
      }
    },
    {
      "type": "Feature",
      "geometry": {
        "type": "Polygon",
        "coordinates": [
          [
            [
              118.5913538,
              24.9154747
            ],
            [
              118.5914992,
              24.9154231
            ],
            [
              118.5915587,
              24.915561
            ],
            [
              118.5915184,
              24.9155752
            ],
            [
              118.5916167,
              24.9158031
            ],
            [
              118.5915815,
              24.9158155
            ],
            [
              118.5916587,
              24.9159946
            ],
            [
              118.5915887,
              24.9160195
            ],
            [
              118.5913538,
              24.9154747
            ]
          ]
        ]
      },
      "properties": {
        "osm_id": 1510172063,
        "building": "yes",
        "building:levels": "",
        "building:flats": "",
        "addr:housenumber": "",
        "area_m2": 727.94
      }
    },
    {
      "type": "Feature",
      "geometry": {
        "type": "Polygon",
        "coordinates": [
          [
            [
              118.5908192,
              24.9129073
            ],
            [
              118.5913116,
              24.9127963
            ],
            [
              118.5913409,
              24.9129032
            ],
            [
              118.5908485,
              24.9130142
            ],
            [
              118.5908192,
              24.9129073
            ]
          ]
        ]
      },
      "properties": {
        "osm_id": 1510172064,
        "building": "yes",
        "building:levels": "",
        "building:flats": "",
        "addr:housenumber": "",
        "area_m2": 623.91
      }
    },
    {
      "type": "Feature",
      "geometry": {
        "type": "Polygon",
        "coordinates": [
          [
            [
              118.5916209,
              24.9216972
            ],
            [
              118.5920003,
              24.9216043
            ],
            [
              118.5920231,
              24.921681
            ],
            [
              118.5916437,
              24.9217738
            ],
            [
              118.5916209,
              24.9216972
            ]
          ]
        ]
      },
      "properties": {
        "osm_id": 1510172065,
        "building": "yes",
        "building:levels": "",
        "building:flats": "",
        "addr:housenumber": "",
        "area_m2": 348.27
      }
    },
    {
      "type": "Feature",
      "geometry": {
        "type": "Polygon",
        "coordinates": [
          [
            [
              118.5885674,
              24.9143287
            ],
            [
              118.5887575,
              24.9143078
            ],
            [
              118.5887768,
              24.914452
            ],
            [
              118.5885867,
              24.9144729
            ],
            [
              118.5885674,
              24.9143287
            ]
          ]
        ]
      },
      "properties": {
        "osm_id": 1510172066,
        "building": "temple",
        "building:levels": "",
        "building:flats": "",
        "addr:housenumber": "",
        "area_m2": 310.52
      }
    },
    {
      "type": "Feature",
      "geometry": {
        "type": "Polygon",
        "coordinates": [
          [
            [
              118.5914908,
              24.9129311
            ],
            [
              118.592129,
              24.9127987
            ],
            [
              118.5921553,
              24.9129029
            ],
            [
              118.5915171,
              24.9130353
            ],
            [
              118.5914908,
              24.9129311
            ]
          ]
        ]
      },
      "properties": {
        "osm_id": 1510172067,
        "building": "yes",
        "building:levels": "",
        "building:flats": "",
        "addr:housenumber": "",
        "area_m2": 781.23
      }
    },
    {
      "type": "Feature",
      "geometry": {
        "type": "Polygon",
        "coordinates": [
          [
            [
              118.5896435,
              24.9188368
            ],
            [
              118.5900299,
              24.9188462
            ],
            [
              118.5900276,
              24.9189254
            ],
            [
              118.5902264,
              24.9189302
            ],
            [
              118.5902214,
              24.9190994
            ],
            [
              118.5901241,
              24.919097
            ],
            [
              118.5901162,
              24.9193647
            ],
            [
              118.5899681,
              24.9193611
            ],
            [
              118.5899731,
              24.9191951
            ],
            [
              118.5897232,
              24.919189
            ],
            [
              118.5897261,
              24.9190937
            ],
            [
              118.589636,
              24.9190915
            ],
            [
              118.5896435,
              24.9188368
            ]
          ]
        ]
      },
      "properties": {
        "osm_id": 1510172068,
        "building": "yes",
        "building:levels": "",
        "building:flats": "",
        "addr:housenumber": "",
        "area_m2": 2180.61
      }
    },
    {
      "type": "Feature",
      "geometry": {
        "type": "Polygon",
        "coordinates": [
          [
            [
              118.5915601,
              24.9214971
            ],
            [
              118.5919395,
              24.9214042
            ],
            [
              118.5919623,
              24.9214809
            ],
            [
              118.5915829,
              24.9215737
            ],
            [
              118.5915601,
              24.9214971
            ]
          ]
        ]
      },
      "properties": {
        "osm_id": 1510172069,
        "building": "yes",
        "building:levels": "",
        "building:flats": "",
        "addr:housenumber": "",
        "area_m2": 348.27
      }
    },
    {
      "type": "Feature",
      "geometry": {
        "type": "Polygon",
        "coordinates": [
          [
            [
              118.590645,
              24.918222
            ],
            [
              118.5910786,
              24.9181782
            ],
            [
              118.5910897,
              24.9182686
            ],
            [
              118.5906561,
              24.9183123
            ],
            [
              118.590645,
              24.918222
            ]
          ]
        ]
      },
      "properties": {
        "osm_id": 1510172070,
        "building": "yes",
        "building:levels": "",
        "building:flats": "",
        "addr:housenumber": "",
        "area_m2": 442.75
      }
    },
    {
      "type": "Feature",
      "geometry": {
        "type": "Polygon",
        "coordinates": [
          [
            [
              118.5859721,
              24.9155071
            ],
            [
              118.586326,
              24.9154582
            ],
            [
              118.5865152,
              24.9155629
            ],
            [
              118.5865871,
              24.9158881
            ],
            [
              118.5863261,
              24.9159355
            ],
            [
              118.5863017,
              24.9158254
            ],
            [
              118.5864152,
              24.9158048
            ],
            [
              118.5864047,
              24.9157572
            ],
            [
              118.5860524,
              24.9158212
            ],
            [
              118.5860258,
              24.915701
            ],
            [
              118.5863638,
              24.9156396
            ],
            [
              118.5863099,
              24.9156008
            ],
            [
              118.5859952,
              24.9156443
            ],
            [
              118.5859721,
              24.9155071
            ]
          ]
        ]
      },
      "properties": {
        "osm_id": 1510172071,
        "building": "yes",
        "building:levels": "",
        "building:flats": "",
        "addr:housenumber": "",
        "area_m2": 1897.12
      }
    },
    {
      "type": "Feature",
      "geometry": {
        "type": "Polygon",
        "coordinates": [
          [
            [
              118.5860631,
              24.9158809
            ],
            [
              118.5862295,
              24.9158451
            ],
            [
              118.5862556,
              24.915945
            ],
            [
              118.5860893,
              24.9159808
            ],
            [
              118.5860631,
              24.9158809
            ]
          ]
        ]
      },
      "properties": {
        "osm_id": 1510172072,
        "building": "yes",
        "building:levels": "",
        "building:flats": "",
        "addr:housenumber": "",
        "area_m2": 195.97
      }
    },
    {
      "type": "Feature",
      "geometry": {
        "type": "Polygon",
        "coordinates": [
          [
            [
              118.5909638,
              24.9199695
            ],
            [
              118.5910706,
              24.9200036
            ],
            [
              118.5910322,
              24.9201022
            ],
            [
              118.5909254,
              24.920068
            ],
            [
              118.5909638,
              24.9199695
            ]
          ]
        ]
      },
      "properties": {
        "osm_id": 1510172073,
        "building": "apartments",
        "building:levels": "",
        "building:flats": "",
        "addr:housenumber": "",
        "area_m2": 132.13
      }
    },
    {
      "type": "Feature",
      "geometry": {
        "type": "Polygon",
        "coordinates": [
          [
            [
              118.5911005,
              24.9200133
            ],
            [
              118.5912948,
              24.9200721
            ],
            [
              118.5912593,
              24.9201685
            ],
            [
              118.591065,
              24.9201098
            ],
            [
              118.5911005,
              24.9200133
            ]
          ]
        ]
      },
      "properties": {
        "osm_id": 1510172074,
        "building": "apartments",
        "building:levels": "",
        "building:flats": "",
        "addr:housenumber": "",
        "area_m2": 232.48
      }
    },
    {
      "type": "Feature",
      "geometry": {
        "type": "Polygon",
        "coordinates": [
          [
            [
              118.5877659,
              24.9170237
            ],
            [
              118.5885152,
              24.9168783
            ],
            [
              118.5885273,
              24.9169294
            ],
            [
              118.5886311,
              24.9169092
            ],
            [
              118.5885853,
              24.9167148
            ],
            [
              118.5877321,
              24.9168804
            ],
            [
              118.5877659,
              24.9170237
            ]
          ]
        ]
      },
      "properties": {
        "osm_id": 1510172075,
        "building": "yes",
        "building:levels": "",
        "building:flats": "",
        "addr:housenumber": "",
        "area_m2": 1489.42
      }
    },
    {
      "type": "Feature",
      "geometry": {
        "type": "Polygon",
        "coordinates": [
          [
            [
              118.5910406,
              24.9196622
            ],
            [
              118.5913803,
              24.9197379
            ],
            [
              118.5913629,
              24.9198021
            ],
            [
              118.5910232,
              24.9197264
            ],
            [
              118.5910406,
              24.9196622
            ]
          ]
        ]
      },
      "properties": {
        "osm_id": 1510172076,
        "building": "yes",
        "building:levels": "",
        "building:flats": "",
        "addr:housenumber": "",
        "area_m2": 258.16
      }
    },
    {
      "type": "Feature",
      "geometry": {
        "type": "Polygon",
        "coordinates": [
          [
            [
              118.5896514,
              24.9196078
            ],
            [
              118.5896524,
              24.9194862
            ],
            [
              118.5900356,
              24.9194866
            ],
            [
              118.5901492,
              24.9196075
            ],
            [
              118.5900984,
              24.9196403
            ],
            [
              118.5900653,
              24.9196086
            ],
            [
              118.5896514,
              24.9196078
            ]
          ]
        ]
      },
      "properties": {
        "osm_id": 1510178296,
        "building": "yes",
        "building:levels": "",
        "building:flats": "",
        "addr:housenumber": "",
        "area_m2": 614.17
      }
    },
    {
      "type": "Feature",
      "geometry": {
        "type": "Polygon",
        "coordinates": [
          [
            [
              118.5880824,
              24.9165209
            ],
            [
              118.5884122,
              24.9164554
            ],
            [
              118.5884457,
              24.9165943
            ],
            [
              118.5881159,
              24.9166598
            ],
            [
              118.5880824,
              24.9165209
            ]
          ]
        ]
      },
      "properties": {
        "osm_id": 1510178297,
        "building": "yes",
        "building:levels": "",
        "building:flats": "",
        "addr:housenumber": "",
        "area_m2": 535.88
      }
    },
    {
      "type": "Feature",
      "geometry": {
        "type": "Polygon",
        "coordinates": [
          [
            [
              118.5878617,
              24.9163577
            ],
            [
              118.5882942,
              24.9162671
            ],
            [
              118.5883356,
              24.9164295
            ],
            [
              118.5880567,
              24.9164879
            ],
            [
              118.5880343,
              24.9163998
            ],
            [
              118.5878806,
              24.916432
            ],
            [
              118.5878617,
              24.9163577
            ]
          ]
        ]
      },
      "properties": {
        "osm_id": 1510178298,
        "building": "yes",
        "building:levels": "",
        "building:flats": "",
        "addr:housenumber": "",
        "area_m2": 666.75
      }
    },
    {
      "type": "Feature",
      "geometry": {
        "type": "Polygon",
        "coordinates": [
          [
            [
              118.5877928,
              24.9159777
            ],
            [
              118.5880048,
              24.9159339
            ],
            [
              118.5880332,
              24.9160468
            ],
            [
              118.5878212,
              24.9160907
            ],
            [
              118.5877928,
              24.9159777
            ]
          ]
        ]
      },
      "properties": {
        "osm_id": 1510178299,
        "building": "yes",
        "building:levels": "",
        "building:flats": "",
        "addr:housenumber": "",
        "area_m2": 281.21
      }
    },
    {
      "type": "Feature",
      "geometry": {
        "type": "Polygon",
        "coordinates": [
          [
            [
              118.5864514,
              24.9173214
            ],
            [
              118.5867501,
              24.9172434
            ],
            [
              118.5868704,
              24.9176222
            ],
            [
              118.5865717,
              24.9177002
            ],
            [
              118.5864514,
              24.9173214
            ]
          ]
        ]
      },
      "properties": {
        "osm_id": 1510178300,
        "building": "stadium",
        "building:levels": "",
        "building:flats": "",
        "addr:housenumber": "",
        "area_m2": 1367.85
      }
    },
    {
      "type": "Feature",
      "geometry": {
        "type": "Polygon",
        "coordinates": [
          [
            [
              118.5881501,
              24.9220876
            ],
            [
              118.5881466,
              24.921974
            ],
            [
              118.5884094,
              24.9219673
            ],
            [
              118.5884129,
              24.9220809
            ],
            [
              118.5881501,
              24.9220876
            ]
          ]
        ]
      },
      "properties": {
        "osm_id": 1510178301,
        "building": "yes",
        "building:levels": "",
        "building:flats": "",
        "addr:housenumber": "",
        "area_m2": 333.53
      }
    },
    {
      "type": "Feature",
      "geometry": {
        "type": "Polygon",
        "coordinates": [
          [
            [
              118.5893501,
              24.9194784
            ],
            [
              118.5896283,
              24.9194782
            ],
            [
              118.5896284,
              24.9196247
            ],
            [
              118.5894682,
              24.9196249
            ],
            [
              118.5894683,
              24.9197513
            ],
            [
              118.5893503,
              24.9197514
            ],
            [
              118.5893501,
              24.9194784
            ]
          ]
        ]
      },
      "properties": {
        "osm_id": 1510178302,
        "building": "yes",
        "building:levels": "",
        "building:flats": "",
        "addr:housenumber": "",
        "area_m2": 621.66
      }
    },
    {
      "type": "Feature",
      "geometry": {
        "type": "Polygon",
        "coordinates": [
          [
            [
              118.5878292,
              24.9161563
            ],
            [
              118.5880202,
              24.9161126
            ],
            [
              118.5880545,
              24.9162356
            ],
            [
              118.5878635,
              24.9162793
            ],
            [
              118.5878292,
              24.9161563
            ]
          ]
        ]
      },
      "properties": {
        "osm_id": 1510178303,
        "building": "yes",
        "building:levels": "",
        "building:flats": "",
        "addr:housenumber": "",
        "area_m2": 278.99
      }
    },
    {
      "type": "Feature",
      "geometry": {
        "type": "Polygon",
        "coordinates": [
          [
            [
              118.5871745,
              24.9146949
            ],
            [
              118.5877665,
              24.9145716
            ],
            [
              118.5877915,
              24.9146702
            ],
            [
              118.5871995,
              24.9147935
            ],
            [
              118.5871745,
              24.9146949
            ]
          ]
        ]
      },
      "properties": {
        "osm_id": 1510178304,
        "building": "yes",
        "building:levels": "",
        "building:flats": "",
        "addr:housenumber": "",
        "area_m2": 686.02
      }
    },
    {
      "type": "Feature",
      "geometry": {
        "type": "Polygon",
        "coordinates": [
          [
            [
              118.5873532,
              24.9160399
            ],
            [
              118.587733,
              24.9159599
            ],
            [
              118.5877586,
              24.9160601
            ],
            [
              118.5873789,
              24.9161401
            ],
            [
              118.5873532,
              24.9160399
            ]
          ]
        ]
      },
      "properties": {
        "osm_id": 1510178305,
        "building": "yes",
        "building:levels": "",
        "building:flats": "",
        "addr:housenumber": "",
        "area_m2": 447.68
      }
    },
    {
      "type": "Feature",
      "geometry": {
        "type": "Polygon",
        "coordinates": [
          [
            [
              118.5877501,
              24.9158184
            ],
            [
              118.5879621,
              24.9157746
            ],
            [
              118.5879905,
              24.9158875
            ],
            [
              118.5877785,
              24.9159314
            ],
            [
              118.5877501,
              24.9158184
            ]
          ]
        ]
      },
      "properties": {
        "osm_id": 1510178307,
        "building": "yes",
        "building:levels": "",
        "building:flats": "",
        "addr:housenumber": "",
        "area_m2": 281.21
      }
    },
    {
      "type": "Feature",
      "geometry": {
        "type": "Polygon",
        "coordinates": [
          [
            [
              118.5873577,
              24.9225188
            ],
            [
              118.5873793,
              24.9224066
            ],
            [
              118.5874958,
              24.9224262
            ],
            [
              118.5875126,
              24.9223451
            ],
            [
              118.5873952,
              24.9223243
            ],
            [
              118.5874174,
              24.9222088
            ],
            [
              118.5875492,
              24.9222302
            ],
            [
              118.5875681,
              24.9221211
            ],
            [
              118.587437,
              24.9221075
            ],
            [
              118.587438,
              24.9219947
            ],
            [
              118.5875706,
              24.9219932
            ],
            [
              118.5875696,
              24.9218855
            ],
            [
              118.587439,
              24.9218834
            ],
            [
              118.5874405,
              24.9217793
            ],
            [
              118.5875709,
              24.9217815
            ],
            [
              118.5875707,
              24.9217024
            ],
            [
              118.5874417,
              24.9216989
            ],
            [
              118.5874433,
              24.9215826
            ],
            [
              118.5875777,
              24.9215835
            ],
            [
              118.5875777,
              24.9215066
            ],
            [
              118.5874444,
              24.9215052
            ],
            [
              118.587446,
              24.921394
            ],
            [
              118.5877197,
              24.9213965
            ],
            [
              118.5877319,
              24.9220883
            ],
            [
              118.5876395,
              24.9225747
            ],
            [
              118.5873577,
              24.9225188
            ]
          ]
        ]
      },
      "properties": {
        "osm_id": 1510178308,
        "building": "yes",
        "building:levels": "",
        "building:flats": "",
        "addr:housenumber": "",
        "area_m2": 3035.8
      }
    },
    {
      "type": "Feature",
      "geometry": {
        "type": "Polygon",
        "coordinates": [
          [
            [
              118.587995,
              24.9153759
            ],
            [
              118.5883379,
              24.9153152
            ],
            [
              118.5883082,
              24.9151887
            ],
            [
              118.5882801,
              24.9151429
            ],
            [
              118.5882327,
              24.9151201
            ],
            [
              118.5881788,
              24.9151044
            ],
            [
              118.5879408,
              24.9151488
            ],
            [
              118.587995,
              24.9153759
            ]
          ]
        ]
      },
      "properties": {
        "osm_id": 1510178309,
        "building": "yes",
        "building:levels": "",
        "building:flats": "",
        "addr:housenumber": "",
        "area_m2": 872.44
      }
    },
    {
      "type": "Feature",
      "geometry": {
        "type": "Polygon",
        "coordinates": [
          [
            [
              118.5877812,
              24.9145004
            ],
            [
              118.5879821,
              24.9144582
            ],
            [
              118.5880429,
              24.9144626
            ],
            [
              118.5881019,
              24.9144895
            ],
            [
              118.5881419,
              24.9145415
            ],
            [
              118.5881568,
              24.9146109
            ],
            [
              118.588045,
              24.9146317
            ],
            [
              118.5880416,
              24.9146083
            ],
            [
              118.5879945,
              24.9145808
            ],
            [
              118.5878115,
              24.9146156
            ],
            [
              118.5877812,
              24.9145004
            ]
          ]
        ]
      },
      "properties": {
        "osm_id": 1510178310,
        "building": "yes",
        "building:levels": "",
        "building:flats": "",
        "addr:housenumber": "",
        "area_m2": 495.37
      }
    },
    {
      "type": "Feature",
      "geometry": {
        "type": "Polygon",
        "coordinates": [
          [
            [
              118.5860117,
              24.9166949
            ],
            [
              118.5867225,
              24.9165449
            ],
            [
              118.5867549,
              24.9166714
            ],
            [
              118.586193,
              24.91679
            ],
            [
              118.5862802,
              24.91713
            ],
            [
              118.5861314,
              24.9171614
            ],
            [
              118.5860117,
              24.9166949
            ]
          ]
        ]
      },
      "properties": {
        "osm_id": 1510178311,
        "building": "yes",
        "building:levels": "",
        "building:flats": "",
        "addr:housenumber": "",
        "area_m2": 1653.49
      }
    },
    {
      "type": "Feature",
      "geometry": {
        "type": "Polygon",
        "coordinates": [
          [
            [
              118.5879965,
              24.9221095
            ],
            [
              118.5879934,
              24.9219594
            ],
            [
              118.588112,
              24.9219574
            ],
            [
              118.5881152,
              24.9221074
            ],
            [
              118.5879965,
              24.9221095
            ]
          ]
        ]
      },
      "properties": {
        "osm_id": 1510178312,
        "building": "yes",
        "building:levels": "",
        "building:flats": "",
        "addr:housenumber": "",
        "area_m2": 198.82
      }
    },
    {
      "type": "Feature",
      "geometry": {
        "type": "Polygon",
        "coordinates": [
          [
            [
              118.5881447,
              24.9155684
            ],
            [
              118.5881504,
              24.9156467
            ],
            [
              118.5879069,
              24.9156612
            ],
            [
              118.5879013,
              24.9155829
            ],
            [
              118.5881447,
              24.9155684
            ]
          ]
        ]
      },
      "properties": {
        "osm_id": 1512085416,
        "building": "yes",
        "building:levels": "",
        "building:flats": "",
        "addr:housenumber": "",
        "area_m2": 213.71
      }
    },
    {
      "type": "Feature",
      "geometry": {
        "type": "Polygon",
        "coordinates": [
          [
            [
              118.5876982,
              24.9153384
            ],
            [
              118.5878736,
              24.9153006
            ],
            [
              118.5878969,
              24.9153895
            ],
            [
              118.5877215,
              24.9154273
            ],
            [
              118.5876982,
              24.9153384
            ]
          ]
        ]
      },
      "properties": {
        "osm_id": 1512085417,
        "building": "yes",
        "building:levels": "",
        "building:flats": "",
        "addr:housenumber": "",
        "area_m2": 183.9
      }
    },
    {
      "type": "Feature",
      "geometry": {
        "type": "Polygon",
        "coordinates": [
          [
            [
              118.5872814,
              24.9159313
            ],
            [
              118.5870285,
              24.9159834
            ],
            [
              118.587003,
              24.9158818
            ],
            [
              118.5872559,
              24.9158296
            ],
            [
              118.5872814,
              24.9159313
            ]
          ]
        ]
      },
      "properties": {
        "osm_id": 1512085418,
        "building": "yes",
        "building:levels": "",
        "building:flats": "",
        "addr:housenumber": "",
        "area_m2": 301.82
      }
    },
    {
      "type": "Feature",
      "geometry": {
        "type": "Polygon",
        "coordinates": [
          [
            [
              118.5860678,
              24.9160872
            ],
            [
              118.5862661,
              24.9160423
            ],
            [
              118.5863051,
              24.9161841
            ],
            [
              118.5861068,
              24.916229
            ],
            [
              118.5860678,
              24.9160872
            ]
          ]
        ]
      },
      "properties": {
        "osm_id": 1512085419,
        "building": "yes",
        "building:levels": "",
        "building:flats": "",
        "addr:housenumber": "",
        "area_m2": 333.45
      }
    },
    {
      "type": "Feature",
      "geometry": {
        "type": "Polygon",
        "coordinates": [
          [
            [
              118.587121,
              24.9161541
            ],
            [
              118.5873342,
              24.9161044
            ],
            [
              118.5873524,
              24.9161685
            ],
            [
              118.5871392,
              24.9162183
            ],
            [
              118.587121,
              24.9161541
            ]
          ]
        ]
      },
      "properties": {
        "osm_id": 1512085420,
        "building": "yes",
        "building:levels": "",
        "building:flats": "",
        "addr:housenumber": "",
        "area_m2": 162.79
      }
    },
    {
      "type": "Feature",
      "geometry": {
        "type": "Polygon",
        "coordinates": [
          [
            [
              118.5828449,
              24.9149712
            ],
            [
              118.583266,
              24.9149248
            ],
            [
              118.5832768,
              24.9150058
            ],
            [
              118.5828558,
              24.9150522
            ],
            [
              118.5828449,
              24.9149712
            ]
          ]
        ]
      },
      "properties": {
        "osm_id": 1512085421,
        "building": "yes",
        "building:levels": "",
        "building:flats": "",
        "addr:housenumber": "",
        "area_m2": 386.34
      }
    },
    {
      "type": "Feature",
      "geometry": {
        "type": "Polygon",
        "coordinates": [
          [
            [
              118.5873479,
              24.9157902
            ],
            [
              118.5876856,
              24.9157175
            ],
            [
              118.5877169,
              24.9158373
            ],
            [
              118.5873792,
              24.91591
            ],
            [
              118.5873479,
              24.9157902
            ]
          ]
        ]
      },
      "properties": {
        "osm_id": 1512085422,
        "building": "yes",
        "building:levels": "",
        "building:flats": "",
        "addr:housenumber": "",
        "area_m2": 477.03
      }
    },
    {
      "type": "Feature",
      "geometry": {
        "type": "Polygon",
        "coordinates": [
          [
            [
              118.5808977,
              24.9178285
            ],
            [
              118.5811107,
              24.9178269
            ],
            [
              118.5811121,
              24.9179835
            ],
            [
              118.5808991,
              24.917985
            ],
            [
              118.5808977,
              24.9178285
            ]
          ]
        ]
      },
      "properties": {
        "osm_id": 1512085423,
        "building": "yes",
        "building:levels": "",
        "building:flats": "",
        "addr:housenumber": "",
        "area_m2": 372.27
      }
    },
    {
      "type": "Feature",
      "geometry": {
        "type": "Polygon",
        "coordinates": [
          [
            [
              118.5812465,
              24.9177456
            ],
            [
              118.5813182,
              24.9177445
            ],
            [
              118.5813244,
              24.9180929
            ],
            [
              118.5812527,
              24.918094
            ],
            [
              118.5812465,
              24.9177456
            ]
          ]
        ]
      },
      "properties": {
        "osm_id": 1512085424,
        "building": "yes",
        "building:levels": "",
        "building:flats": "",
        "addr:housenumber": "",
        "area_m2": 278.94
      }
    },
    {
      "type": "Feature",
      "geometry": {
        "type": "Polygon",
        "coordinates": [
          [
            [
              118.5872488,
              24.9155064
            ],
            [
              118.587465,
              24.9154558
            ],
            [
              118.5874876,
              24.9155352
            ],
            [
              118.5872714,
              24.9155858
            ],
            [
              118.5872488,
              24.9155064
            ]
          ]
        ]
      },
      "properties": {
        "osm_id": 1512085425,
        "building": "yes",
        "building:levels": "",
        "building:flats": "",
        "addr:housenumber": "",
        "area_m2": 204.4
      }
    },
    {
      "type": "Feature",
      "geometry": {
        "type": "Polygon",
        "coordinates": [
          [
            [
              118.5869288,
              24.9162502
            ],
            [
              118.586805,
              24.915756
            ],
            [
              118.5869432,
              24.9157275
            ],
            [
              118.5870188,
              24.9160293
            ],
            [
              118.5872668,
              24.9159782
            ],
            [
              118.5872902,
              24.9160713
            ],
            [
              118.5870791,
              24.9161147
            ],
            [
              118.587104,
              24.9162141
            ],
            [
              118.5869288,
              24.9162502
            ]
          ]
        ]
      },
      "properties": {
        "osm_id": 1512085426,
        "building": "yes",
        "building:levels": "",
        "building:flats": "",
        "addr:housenumber": "",
        "area_m2": 1115.98
      }
    },
    {
      "type": "Feature",
      "geometry": {
        "type": "Polygon",
        "coordinates": [
          [
            [
              118.588101,
              24.9160377
            ],
            [
              118.5884048,
              24.9159496
            ],
            [
              118.588457,
              24.9160975
            ],
            [
              118.588334,
              24.9161332
            ],
            [
              118.5883107,
              24.9160671
            ],
            [
              118.5881298,
              24.9161196
            ],
            [
              118.588101,
              24.9160377
            ]
          ]
        ]
      },
      "properties": {
        "osm_id": 1512085427,
        "building": "yes",
        "building:levels": "",
        "building:flats": "",
        "addr:housenumber": "",
        "area_m2": 406.05
      }
    },
    {
      "type": "Feature",
      "geometry": {
        "type": "Polygon",
        "coordinates": [
          [
            [
              118.5817231,
              24.9178456
            ],
            [
              118.5819834,
              24.917805
            ],
            [
              118.582003,
              24.9179079
            ],
            [
              118.5817427,
              24.9179486
            ],
            [
              118.5817231,
              24.9178456
            ]
          ]
        ]
      },
      "properties": {
        "osm_id": 1512085428,
        "building": "yes",
        "building:levels": "",
        "building:flats": "",
        "addr:housenumber": "",
        "area_m2": 308.05
      }
    },
    {
      "type": "Feature",
      "geometry": {
        "type": "Polygon",
        "coordinates": [
          [
            [
              118.5875109,
              24.9154386
            ],
            [
              118.5876683,
              24.9154045
            ],
            [
              118.5876939,
              24.9155018
            ],
            [
              118.5875366,
              24.9155359
            ],
            [
              118.5875109,
              24.9154386
            ]
          ]
        ]
      },
      "properties": {
        "osm_id": 1512085429,
        "building": "yes",
        "building:levels": "",
        "building:flats": "",
        "addr:housenumber": "",
        "area_m2": 180.68
      }
    },
    {
      "type": "Feature",
      "geometry": {
        "type": "Polygon",
        "coordinates": [
          [
            [
              118.5813706,
              24.9178992
            ],
            [
              118.5816309,
              24.9178585
            ],
            [
              118.5816505,
              24.9179615
            ],
            [
              118.5813902,
              24.9180022
            ],
            [
              118.5813706,
              24.9178992
            ]
          ]
        ]
      },
      "properties": {
        "osm_id": 1512085430,
        "building": "yes",
        "building:levels": "",
        "building:flats": "",
        "addr:housenumber": "",
        "area_m2": 308.2
      }
    },
    {
      "type": "Feature",
      "geometry": {
        "type": "Polygon",
        "coordinates": [
          [
            [
              118.5858672,
              24.9169685
            ],
            [
              118.5859908,
              24.9169376
            ],
            [
              118.5860828,
              24.9172404
            ],
            [
              118.5859592,
              24.9172713
            ],
            [
              118.5858672,
              24.9169685
            ]
          ]
        ]
      },
      "properties": {
        "osm_id": 1512085431,
        "building": "yes",
        "building:levels": "",
        "building:flats": "",
        "addr:housenumber": "",
        "area_m2": 449.53
      }
    },
    {
      "type": "Feature",
      "geometry": {
        "type": "Polygon",
        "coordinates": [
          [
            [
              118.5828159,
              24.914799
            ],
            [
              118.5832507,
              24.9147497
            ],
            [
              118.5832664,
              24.9148635
            ],
            [
              118.5828316,
              24.9149128
            ],
            [
              118.5828159,
              24.914799
            ]
          ]
        ]
      },
      "properties": {
        "osm_id": 1512085432,
        "building": "yes",
        "building:levels": "",
        "building:flats": "",
        "addr:housenumber": "",
        "area_m2": 561.0
      }
    },
    {
      "type": "Feature",
      "geometry": {
        "type": "Polygon",
        "coordinates": [
          [
            [
              118.5832307,
              24.9162169
            ],
            [
              118.5831834,
              24.9159189
            ],
            [
              118.583227,
              24.9159132
            ],
            [
              118.5832743,
              24.9162112
            ],
            [
              118.5832307,
              24.9162169
            ]
          ]
        ]
      },
      "properties": {
        "osm_id": 1512085433,
        "building": "yes",
        "building:levels": "",
        "building:flats": "",
        "addr:housenumber": "",
        "area_m2": 148.05
      }
    },
    {
      "type": "Feature",
      "geometry": {
        "type": "Polygon",
        "coordinates": [
          [
            [
              118.5876408,
              24.9174135
            ],
            [
              118.5882298,
              24.9173051
            ],
            [
              118.5882596,
              24.9174383
            ],
            [
              118.5877965,
              24.9175236
            ],
            [
              118.5878234,
              24.9176436
            ],
            [
              118.5876975,
              24.9176668
            ],
            [
              118.5876408,
              24.9174135
            ]
          ]
        ]
      },
      "properties": {
        "osm_id": 1512085434,
        "building": "yes",
        "building:levels": "",
        "building:flats": "",
        "addr:housenumber": "",
        "area_m2": 1087.76
      }
    },
    {
      "type": "Feature",
      "geometry": {
        "type": "Polygon",
        "coordinates": [
          [
            [
              118.5807464,
              24.9177903
            ],
            [
              118.5808674,
              24.9177885
            ],
            [
              118.5808712,
              24.9180021
            ],
            [
              118.5807503,
              24.9180039
            ],
            [
              118.5807464,
              24.9177903
            ]
          ]
        ]
      },
      "properties": {
        "osm_id": 1512085435,
        "building": "yes",
        "building:levels": "",
        "building:flats": "",
        "addr:housenumber": "",
        "area_m2": 288.48
      }
    },
    {
      "type": "Feature",
      "geometry": {
        "type": "Polygon",
        "coordinates": [
          [
            [
              118.5863506,
              24.9160253
            ],
            [
              118.5866019,
              24.9159727
            ],
            [
              118.5867248,
              24.9164563
            ],
            [
              118.586608,
              24.9164808
            ],
            [
              118.5865095,
              24.9160934
            ],
            [
              118.5863751,
              24.9161215
            ],
            [
              118.5863506,
              24.9160253
            ]
          ]
        ]
      },
      "properties": {
        "osm_id": 1512085436,
        "building": "yes",
        "building:levels": "",
        "building:flats": "",
        "addr:housenumber": "",
        "area_m2": 816.42
      }
    },
    {
      "type": "Feature",
      "geometry": {
        "type": "Polygon",
        "coordinates": [
          [
            [
              118.5871163,
              24.915797
            ],
            [
              118.5873129,
              24.9157537
            ],
            [
              118.5872882,
              24.9156616
            ],
            [
              118.5870917,
              24.9157049
            ],
            [
              118.5871163,
              24.915797
            ]
          ]
        ]
      },
      "properties": {
        "osm_id": 1512085437,
        "building": "yes",
        "building:levels": "",
        "building:flats": "",
        "addr:housenumber": "",
        "area_m2": 214.0
      }
    }
  ]
}