{
  "type": "FeatureCollection",
  "features": [
    {
      "type": "Feature",
      "geometry": {
        "type": "Polygon",
        "coordinates": [
          [
            [
              118.5612866,
              24.7834517
            ],
            [
              118.564489,
              24.7811619
            ],
            [
              118.5633631,
              24.7796317
            ],
            [
              118.5631897,
              24.7793843
            ],
            [
              118.5630772,
              24.7793123
            ],
            [
              118.5629692,
              24.7792787
            ],
            [
              118.5628378,
              24.7792841
            ],
            [
              118.5626882,
              24.7793294
            ],
            [
              118.5623154,
              24.7794877
            ],
            [
              118.5596088,
              24.7815226
            ],
            [
              118.5612866,
              24.7834517
            ]
          ]
        ]
      },
      "properties": {
        "osm_id": 129207257,
        "landuse": "retail",
        "amenity": "",
        "leisure": ""
      }
    },
    {
      "type": "Feature",
      "geometry": {
        "type": "Polygon",
        "coordinates": [
          [
            [
              118.5897833,
              24.8978789
            ],
            [
              118.5898303,
              24.8978449
            ],
            [
              118.5898634,
              24.8977995
            ],
            [
              118.5898793,
              24.8977469
            ],
            [
              118.5898765,
              24.8976925
            ],
            [
              118.5898552,
              24.8976415
            ],
            [
              118.5898176,
              24.8975991
            ],
            [
              118.5897672,
              24.8975693
            ],
            [
              118.5897092,
              24.8975551
            ],
            [
              118.5896492,
              24.897558
            ],
            [
              118.5895883,
              24.8975802
            ],
            [
              118.5895393,
              24.8976197
            ],
            [
              118.5895079,
              24.897672
            ],
            [
              118.5894978,
              24.8977308
            ],
            [
              118.5895102,
              24.8977892
            ],
            [
              118.5895436,
              24.8978405
            ],
            [
              118.5895941,
              24.8978784
            ],
            [
              118.5896558,
              24.8978987
            ],
            [
              118.5897215,
              24.8978988
            ],
            [
              118.5897833,
              24.8978789
            ]
          ]
        ]
      },
      "properties": {
        "osm_id": 229394560,
        "landuse": "",
        "amenity": "fountain",
        "leisure": ""
      }
    },
    {
      "type": "Feature",
      "geometry": {
        "type": "Polygon",
        "coordinates": [
          [
            [
              118.5801652,
              24.9187539
            ],
            [
              118.5798658,
              24.9175525
            ],
            [
              118.5798725,
              24.9174571
            ],
            [
              118.5795835,
              24.9165771
            ],
            [
              118.5796089,
              24.9164871
            ],
            [
              118.579676,
              24.9164251
            ],
            [
              118.5801749,
              24.9162791
            ],
            [
              118.5807247,
              24.9161818
            ],
            [
              118.5808755,
              24.9162286
            ],
            [
              118.5810154,
              24.916228
            ],
            [
              118.5811519,
              24.9162275
            ],
            [
              118.5812531,
              24.9161696
            ],
            [
              118.5812612,
              24.9161222
            ],
            [
              118.5821302,
              24.9160054
            ],
            [
              118.5822848,
              24.9165152
            ],
            [
              118.5824688,
              24.9164882
            ],
            [
              118.5824959,
              24.9169242
            ],
            [
              118.5825366,
              24.9171491
            ],
            [
              118.5822927,
              24.9171971
            ],
            [
              118.5824146,
              24.9178349
            ],
            [
              118.5813739,
              24.9180193
            ],
            [
              118.5813657,
              24.9184027
            ],
            [
              118.5801652,
              24.9187539
            ]
          ]
        ]
      },
      "properties": {
        "osm_id": 229531797,
        "landuse": "",
        "amenity": "place_of_worship",
        "leisure": ""
      }
    },
    {
      "type": "Feature",
      "geometry": {
        "type": "Polygon",
        "coordinates": [
          [
            [
              118.5879211,
              24.9048918
            ],
            [
              118.5882041,
              24.9051971
            ],
            [
              118.5888371,
              24.9047701
            ],
            [
              118.5886386,
              24.9044867
            ],
            [
              118.5879211,
              24.9048918
            ]
          ]
        ]
      },
      "properties": {
        "osm_id": 294648654,
        "landuse": "",
        "amenity": "place_of_worship",
        "leisure": ""
      }
    },
    {
      "type": "Feature",
      "geometry": {
        "type": "Polygon",
        "coordinates": [
          [
            [
              118.5763187,
              24.9376382
            ],
            [
              118.5787219,
              24.937287
            ],
            [
              118.5825843,
              24.9366848
            ],
            [
              118.5843009,
              24.936392
            ],
            [
              118.5856742,
              24.9357508
            ],
            [
              118.5866612,
              24.9346612
            ],
            [
              118.5875625,
              24.9332797
            ],
            [
              118.5879916,
              24.9326182
            ],
            [
              118.5881418,
              24.9321901
            ],
            [
              118.5877341,
              24.931761
            ],
            [
              118.5874552,
              24.9313145
            ],
            [
              118.5872406,
              24.930829
            ],
            [
              118.5864038,
              24.9299903
            ],
            [
              118.5856098,
              24.9295253
            ],
            [
              118.5840005,
              24.9290388
            ],
            [
              118.5833997,
              24.928747
            ],
            [
              118.5815972,
              24.9283383
            ],
            [
              118.5800094,
              24.9281243
            ],
            [
              118.5776061,
              24.9276378
            ],
            [
              118.5770268,
              24.9275405
            ],
            [
              118.5759753,
              24.9312376
            ],
            [
              118.5752458,
              24.9335327
            ],
            [
              118.5752458,
              24.9348363
            ],
            [
              118.5756535,
              24.9362373
            ],
            [
              118.5763187,
              24.9376382
            ]
          ]
        ]
      },
      "properties": {
        "osm_id": 294648663,
        "landuse": "",
        "amenity": "",
        "leisure": "park"
      }
    },
    {
      "type": "Feature",
      "geometry": {
        "type": "Polygon",
        "coordinates": [
          [
            [
              118.5990321,
              24.9149644
            ],
            [
              118.5988331,
              24.91488
            ],
            [
              118.5986674,
              24.914585
            ],
            [
              118.5979324,
              24.9130865
            ],
            [
              118.5978466,
              24.9128821
            ],
            [
              118.5980397,
              24.9128383
            ],
            [
              118.5985488,
              24.9129631
            ],
            [
              118.5987478,
              24.9128967
            ],
            [
              118.5989195,
              24.9126535
            ],
            [
              118.5989624,
              24.9124783
            ],
            [
              118.5990536,
              24.9121183
            ],
            [
              118.5991984,
              24.9115977
            ],
            [
              118.5996169,
              24.9109701
            ],
            [
              118.5999387,
              24.9104933
            ],
            [
              118.6002118,
              24.9104089
            ],
            [
              118.6005717,
              24.9105322
            ],
            [
              118.6011296,
              24.9107365
            ],
            [
              118.6015046,
              24.9108565
            ],
            [
              118.601864,
              24.9109294
            ],
            [
              118.6020791,
              24.9110625
            ],
            [
              118.6020094,
              24.9112863
            ],
            [
              118.6018908,
              24.9115425
            ],
            [
              118.6019123,
              24.9117566
            ],
            [
              118.6020571,
              24.9121701
            ],
            [
              118.6022824,
              24.9122479
            ],
            [
              118.6025029,
              24.9123664
            ],
            [
              118.6027282,
              24.9125951
            ],
            [
              118.602835,
              24.9127734
            ],
            [
              118.6028409,
              24.9132373
            ],
            [
              118.6029321,
              24.9134757
            ],
            [
              118.6029423,
              24.9137173
            ],
            [
              118.6029696,
              24.9143758
            ],
            [
              118.5992574,
              24.915018
            ],
            [
              118.5990321,
              24.9149644
            ]
          ]
        ]
      },
      "properties": {
        "osm_id": 294648664,
        "landuse": "",
        "amenity": "",
        "leisure": "park"
      }
    },
    {
      "type": "Feature",
      "geometry": {
        "type": "Polygon",
        "coordinates": [
          [
            [
              118.5821929,
              24.790805
            ],
            [
              118.5829039,
              24.7904299
            ],
            [
              118.5816475,
              24.788467
            ],
            [
              118.5813751,
              24.7880413
            ],
            [
              118.5806641,
              24.7884164
            ],
            [
              118.5821929,
              24.790805
            ]
          ]
        ]
      },
      "properties": {
        "osm_id": 294692291,
        "landuse": "military",
        "amenity": "",
        "leisure": ""
      }
    },
    {
      "type": "Feature",
      "geometry": {
        "type": "Polygon",
        "coordinates": [
          [
            [
              118.5652839,
              24.9233987
            ],
            [
              118.5650066,
              24.9229105
            ],
            [
              118.5644274,
              24.921737
            ],
            [
              118.5636268,
              24.9198632
            ],
            [
              118.5631609,
              24.9187441
            ],
            [
              118.5629608,
              24.9175904
            ],
            [
              118.5628253,
              24.9163944
            ],
            [
              118.5633059,
              24.9155002
            ],
            [
              118.5635894,
              24.9152767
            ],
            [
              118.5650683,
              24.9131977
            ],
            [
              118.5653517,
              24.9128177
            ],
            [
              118.5655612,
              24.9129854
            ],
            [
              118.5660296,
              24.9135889
            ],
            [
              118.5660542,
              24.9144049
            ],
            [
              118.5665102,
              24.9149414
            ],
            [
              118.5665348,
              24.915232
            ],
            [
              118.5673482,
              24.9153773
            ],
            [
              118.5681123,
              24.9155897
            ],
            [
              118.5681986,
              24.9157573
            ],
            [
              118.5682602,
              24.918518
            ],
            [
              118.5680487,
              24.9222722
            ],
            [
              118.5652839,
              24.9233987
            ]
          ]
        ]
      },
      "properties": {
        "osm_id": 294840490,
        "landuse": "",
        "amenity": "",
        "leisure": "park"
      }
    },
    {
      "type": "Feature",
      "geometry": {
        "type": "Polygon",
        "coordinates": [
          [
            [
              118.5857372,
              24.9166104
            ],
            [
              118.5860955,
              24.9165494
            ],
            [
              118.5859771,
              24.9159774
            ],
            [
              118.5856187,
              24.9160384
            ],
            [
              118.5857372,
              24.9166104
            ]
          ]
        ]
      },
      "properties": {
        "osm_id": 294840505,
        "landuse": "",
        "amenity": "cinema",
        "leisure": ""
      }
    },
    {
      "type": "Feature",
      "geometry": {
        "type": "Polygon",
        "coordinates": [
          [
            [
              118.5873534,
              24.9204373
            ],
            [
              118.5877721,
              24.9204219
            ],
            [
              118.5877651,
              24.9191958
            ],
            [
              118.587489,
              24.9179183
            ],
            [
              118.5870074,
              24.9180182
            ],
            [
              118.5869381,
              24.9178031
            ],
            [
              118.5863664,
              24.9179482
            ],
            [
              118.5862458,
              24.9181933
            ],
            [
              118.5857912,
              24.9183604
            ],
            [
              118.5857948,
              24.9187025
            ],
            [
              118.5855847,
              24.9188072
            ],
            [
              118.5856395,
              24.9191665
            ],
            [
              118.5855322,
              24.9191953
            ],
            [
              118.5856656,
              24.919775
            ],
            [
              118.5860277,
              24.9198515
            ],
            [
              118.5861478,
              24.9199753
            ],
            [
              118.5864076,
              24.9199441
            ],
            [
              118.5865393,
              24.9200031
            ],
            [
              118.5866516,
              24.9202828
            ],
            [
              118.5869229,
              24.920286
            ],
            [
              118.5870457,
              24.9202747
            ],
            [
              118.5870729,
              24.9203621
            ],
            [
              118.5873154,
              24.9203028
            ],
            [
              118.5873534,
              24.9204373
            ]
          ]
        ]
      },
      "properties": {
        "osm_id": 294840506,
        "landuse": "",
        "amenity": "",
        "leisure": "park"
      }
    },
    {
      "type": "Feature",
      "geometry": {
        "type": "Polygon",
        "coordinates": [
          [
            [
              118.5928253,
              24.9102907
            ],
            [
              118.5949842,
              24.9096359
            ],
            [
              118.5949346,
              24.9093983
            ],
            [
              118.5955009,
              24.9092057
            ],
            [
              118.5962158,
              24.910663
            ],
            [
              118.5957486,
              24.9109327
            ],
            [
              118.5955646,
              24.910785
            ],
            [
              118.5950833,
              24.9109904
            ],
            [
              118.594701,
              24.9115618
            ],
            [
              118.5942339,
              24.9119406
            ],
            [
              118.5940215,
              24.9118122
            ],
            [
              118.5936534,
              24.9119213
            ],
            [
              118.5936322,
              24.9115939
            ],
            [
              118.5933986,
              24.911626
            ],
            [
              118.5932146,
              24.9111188
            ],
            [
              118.5929668,
              24.9111253
            ],
            [
              118.5928253,
              24.9102907
            ]
          ]
        ]
      },
      "properties": {
        "osm_id": 294840508,
        "landuse": "",
        "amenity": "",
        "leisure": "park"
      }
    },
    {
      "type": "Feature",
      "geometry": {
        "type": "Polygon",
        "coordinates": [
          [
            [
              118.6094055,
              24.9165432
            ],
            [
              118.6096206,
              24.9165253
            ],
            [
              118.6098167,
              24.9164505
            ],
            [
              118.6099951,
              24.9163265
            ],
            [
              118.6101134,
              24.9161751
            ],
            [
              118.6102646,
              24.9158526
            ],
            [
              118.6103163,
              24.9155111
            ],
            [
              118.6102773,
              24.9151462
            ],
            [
              118.6101317,
              24.914813
            ],
            [
              118.6098226,
              24.9145688
            ],
            [
              118.60963,
              24.9144825
            ],
            [
              118.6094156,
              24.9144213
            ],
            [
              118.6092028,
              24.9144443
            ],
            [
              118.6090102,
              24.9145059
            ],
            [
              118.6088034,
              24.9146559
            ],
            [
              118.6085912,
              24.9149106
            ],
            [
              118.6084667,
              24.9151818
            ],
            [
              118.6084402,
              24.9154165
            ],
            [
              118.608469,
              24.9156223
            ],
            [
              118.6085315,
              24.9159268
            ],
            [
              118.6086972,
              24.9161938
            ],
            [
              118.6088529,
              24.9163474
            ],
            [
              118.6090385,
              24.9164655
            ],
            [
              118.609217,
              24.9165287
            ],
            [
              118.6094055,
              24.9165432
            ]
          ]
        ]
      },
      "properties": {
        "osm_id": 294846504,
        "landuse": "",
        "amenity": "",
        "leisure": "stadium"
      }
    },
    {
      "type": "Feature",
      "geometry": {
        "type": "Polygon",
        "coordinates": [
          [
            [
              118.61053,
              24.9171104
            ],
            [
              118.610775,
              24.9171133
            ],
            [
              118.6107797,
              24.9166645
            ],
            [
              118.6105398,
              24.9166683
            ],
            [
              118.61053,
              24.9171104
            ]
          ]
        ]
      },
      "properties": {
        "osm_id": 294846506,
        "landuse": "",
        "amenity": "",
        "leisure": "swimming_pool"
      }
    },
    {
      "type": "Feature",
      "geometry": {
        "type": "Polygon",
        "coordinates": [
          [
            [
              118.6085248,
              24.9171095
            ],
            [
              118.6088121,
              24.9171605
            ],
            [
              118.6089348,
              24.9166883
            ],
            [
              118.6086588,
              24.9166393
            ],
            [
              118.6085248,
              24.9171095
            ]
          ]
        ]
      },
      "properties": {
        "osm_id": 294846507,
        "landuse": "",
        "amenity": "",
        "leisure": "pitch"
      }
    },
    {
      "type": "Feature",
      "geometry": {
        "type": "Polygon",
        "coordinates": [
          [
            [
              118.5913455,
              24.9237353
            ],
            [
              118.5905283,
              24.9242054
            ],
            [
              118.5912241,
              24.9252938
            ],
            [
              118.5911027,
              24.9253658
            ],
            [
              118.5911914,
              24.9254929
            ],
            [
              118.5911167,
              24.9255352
            ],
            [
              118.5912101,
              24.9256792
            ],
            [
              118.5906964,
              24.9259248
            ],
            [
              118.5908552,
              24.9261747
            ],
            [
              118.5913876,
              24.9258825
            ],
            [
              118.591509,
              24.9260477
            ],
            [
              118.5916397,
              24.9259926
            ],
            [
              118.5918312,
              24.9262128
            ],
            [
              118.5917331,
              24.926306
            ],
            [
              118.592032,
              24.9266533
            ],
            [
              118.5923169,
              24.9264966
            ],
            [
              118.5926811,
              24.9268735
            ],
            [
              118.5931295,
              24.9265897
            ],
            [
              118.5923963,
              24.9255945
            ],
            [
              118.5924523,
              24.9255691
            ],
            [
              118.5921752,
              24.9251577
            ],
            [
              118.5922154,
              24.9251431
            ],
            [
              118.5921618,
              24.9250483
            ],
            [
              118.592253,
              24.9249996
            ],
            [
              118.592194,
              24.9248464
            ],
            [
              118.5923361,
              24.9247637
            ],
            [
              118.5919874,
              24.9242407
            ],
            [
              118.5918399,
              24.924141
            ],
            [
              118.5917916,
              24.9241507
            ],
            [
              118.5916817,
              24.9239269
            ],
            [
              118.5915261,
              24.9239902
            ],
            [
              118.5913455,
              24.9237353
            ]
          ]
        ]
      },
      "properties": {
        "osm_id": 294951077,
        "landuse": "",
        "amenity": "school",
        "leisure": ""
      }
    },
    {
      "type": "Feature",
      "geometry": {
        "type": "Polygon",
        "coordinates": [
          [
            [
              118.6009256,
              24.9153938
            ],
            [
              118.6015006,
              24.9153289
            ],
            [
              118.6014566,
              24.915008
            ],
            [
              118.6008816,
              24.9150729
            ],
            [
              118.6009256,
              24.9153938
            ]
          ]
        ]
      },
      "properties": {
        "osm_id": 294951079,
        "landuse": "",
        "amenity": "library",
        "leisure": ""
      }
    },
    {
      "type": "Feature",
      "geometry": {
        "type": "Polygon",
        "coordinates": [
          [
            [
              118.6070189,
              24.9210322
            ],
            [
              118.6084093,
              24.9215705
            ],
            [
              118.6086857,
              24.9221309
            ],
            [
              118.6086532,
              24.9228019
            ],
            [
              118.6089947,
              24.9239964
            ],
            [
              118.609824,
              24.9239743
            ],
            [
              118.6107347,
              24.9232369
            ],
            [
              118.6110925,
              24.922035
            ],
            [
              118.6101818,
              24.9212313
            ],
            [
              118.6101697,
              24.9205932
            ],
            [
              118.6088294,
              24.9205631
            ],
            [
              118.6087483,
              24.9206799
            ],
            [
              118.6072791,
              24.9202884
            ],
            [
              118.6070189,
              24.9210322
            ]
          ]
        ]
      },
      "properties": {
        "osm_id": 294951082,
        "landuse": "",
        "amenity": "place_of_worship",
        "leisure": ""
      }
    },
    {
      "type": "Feature",
      "geometry": {
        "type": "Polygon",
        "coordinates": [
          [
            [
              118.5876651,
              24.9249413
            ],
            [
              118.58769,
              24.925001
            ],
            [
              118.587691,
              24.9250649
            ],
            [
              118.5876681,
              24.9251252
            ],
            [
              118.5876238,
              24.9251749
            ],
            [
              118.5875636,
              24.925208
            ],
            [
              118.5874945,
              24.9252205
            ],
            [
              118.5874309,
              24.9252127
            ],
            [
              118.5873732,
              24.9251873
            ],
            [
              118.587327,
              24.925147
            ],
            [
              118.5872968,
              24.9250956
            ],
            [
              118.5872858,
              24.9250383
            ],
            [
              118.587295,
              24.9249807
            ],
            [
              118.5873234,
              24.9249286
            ],
            [
              118.5873683,
              24.924887
            ],
            [
              118.5874252,
              24.9248602
            ],
            [
              118.5874885,
              24.9248507
            ],
            [
              118.587558,
              24.9248614
            ],
            [
              118.5876193,
              24.9248928
            ],
            [
              118.5876651,
              24.9249413
            ]
          ]
        ]
      },
      "properties": {
        "osm_id": 294972296,
        "landuse": "",
        "amenity": "",
        "leisure": "park"
      }
    },
    {
      "type": "Feature",
      "geometry": {
        "type": "Polygon",
        "coordinates": [
          [
            [
              118.5868128,
              24.9141722
            ],
            [
              118.5871114,
              24.9140873
            ],
            [
              118.5870041,
              24.9137769
            ],
            [
              118.5867,
              24.9138634
            ],
            [
              118.5867232,
              24.9139306
            ],
            [
              118.586676,
              24.9139441
            ],
            [
              118.5866849,
              24.91397
            ],
            [
              118.5866337,
              24.9139846
            ],
            [
              118.5866426,
              24.9140104
            ],
            [
              118.5866164,
              24.9140178
            ],
            [
              118.5866491,
              24.9141124
            ],
            [
              118.5866683,
              24.914107
            ],
            [
              118.5866735,
              24.9141219
            ],
            [
              118.5867421,
              24.9141024
            ],
            [
              118.58675,
              24.9141253
            ],
            [
              118.5867924,
              24.9141132
            ],
            [
              118.5868128,
              24.9141722
            ]
          ]
        ]
      },
      "properties": {
        "osm_id": 294973995,
        "landuse": "",
        "amenity": "place_of_worship",
        "leisure": ""
      }
    },
    {
      "type": "Feature",
      "geometry": {
        "type": "Polygon",
        "coordinates": [
          [
            [
              118.5787011,
              24.9170944
            ],
            [
              118.5788896,
              24.9170082
            ],
            [
              118.5787584,
              24.9167724
            ],
            [
              118.5785699,
              24.9168586
            ],
            [
              118.5787011,
              24.9170944
            ]
          ]
        ]
      },
      "properties": {
        "osm_id": 294973996,
        "landuse": "",
        "amenity": "place_of_worship",
        "leisure": ""
      }
    },
    {
      "type": "Feature",
      "geometry": {
        "type": "Polygon",
        "coordinates": [
          [
            [
              118.5743268,
              24.9125044
            ],
            [
              118.574574,
              24.9126978
            ],
            [
              118.574763,
              24.9127726
            ],
            [
              118.5753786,
              24.9124209
            ],
            [
              118.5761348,
              24.9120296
            ],
            [
              118.5768715,
              24.91159
            ],
            [
              118.5769055,
              24.911568
            ],
            [
              118.5769491,
              24.9116252
            ],
            [
              118.5772157,
              24.9114318
            ],
            [
              118.5773466,
              24.9111592
            ],
            [
              118.5772884,
              24.9109965
            ],
            [
              118.5772884,
              24.9109086
            ],
            [
              118.5773417,
              24.9108515
            ],
            [
              118.5776955,
              24.9107767
            ],
            [
              118.5776568,
              24.9106185
            ],
            [
              118.5773223,
              24.9106668
            ],
            [
              118.5772351,
              24.910491
            ],
            [
              118.5771817,
              24.9102888
            ],
            [
              118.5767891,
              24.9104118
            ],
            [
              118.5766146,
              24.9100646
            ],
            [
              118.5761978,
              24.9094799
            ],
            [
              118.5758876,
              24.9096997
            ],
            [
              118.575558,
              24.9102184
            ],
            [
              118.5743268,
              24.9125044
            ]
          ]
        ]
      },
      "properties": {
        "osm_id": 294974001,
        "landuse": "",
        "amenity": "",
        "leisure": "park"
      }
    },
    {
      "type": "Feature",
      "geometry": {
        "type": "Polygon",
        "coordinates": [
          [
            [
              118.5925822,
              24.9266608
            ],
            [
              118.5929495,
              24.9264424
            ],
            [
              118.5925218,
              24.9258507
            ],
            [
              118.5921544,
              24.9260691
            ],
            [
              118.5925822,
              24.9266608
            ]
          ]
        ]
      },
      "properties": {
        "osm_id": 294981684,
        "landuse": "",
        "amenity": "",
        "leisure": "pitch"
      }
    },
    {
      "type": "Feature",
      "geometry": {
        "type": "Polygon",
        "coordinates": [
          [
            [
              118.5916687,
              24.9250036
            ],
            [
              118.5919645,
              24.9248936
            ],
            [
              118.5917408,
              24.9243992
            ],
            [
              118.5914451,
              24.9245092
            ],
            [
              118.5916687,
              24.9250036
            ]
          ]
        ]
      },
      "properties": {
        "osm_id": 294981685,
        "landuse": "",
        "amenity": "",
        "leisure": "pitch"
      }
    },
    {
      "type": "Feature",
      "geometry": {
        "type": "Polygon",
        "coordinates": [
          [
            [
              118.5841884,
              24.8988959
            ],
            [
              118.5847731,
              24.8987305
            ],
            [
              118.5843547,
              24.8976211
            ],
            [
              118.5838987,
              24.8977573
            ],
            [
              118.5841884,
              24.8988959
            ]
          ]
        ]
      },
      "properties": {
        "osm_id": 294981693,
        "landuse": "",
        "amenity": "place_of_worship",
        "leisure": ""
      }
    },
    {
      "type": "Feature",
      "geometry": {
        "type": "Polygon",
        "coordinates": [
          [
            [
              118.6185127,
              24.9099627
            ],
            [
              118.6176508,
              24.9107813
            ],
            [
              118.6171711,
              24.9111279
            ],
            [
              118.616732,
              24.9111869
            ],
            [
              118.6163499,
              24.9113196
            ],
            [
              118.6161222,
              24.9112827
            ],
            [
              118.6158458,
              24.9114818
            ],
            [
              118.6152929,
              24.9113196
            ],
            [
              118.6150327,
              24.9112016
            ],
            [
              118.6147725,
              24.9113122
            ],
            [
              118.6144472,
              24.9110394
            ],
            [
              118.614309,
              24.910855
            ],
            [
              118.6146505,
              24.9098742
            ],
            [
              118.6154799,
              24.9092842
            ],
            [
              118.6164881,
              24.908827
            ],
            [
              118.6165947,
              24.9087707
            ],
            [
              118.6176752,
              24.9082002
            ],
            [
              118.6185127,
              24.9099627
            ]
          ]
        ]
      },
      "properties": {
        "osm_id": 294981694,
        "landuse": "",
        "amenity": "",
        "leisure": "park"
      }
    },
    {
      "type": "Feature",
      "geometry": {
        "type": "Polygon",
        "coordinates": [
          [
            [
              118.6019893,
              24.8992014
            ],
            [
              118.6037918,
              24.8983158
            ],
            [
              118.6033412,
              24.897041
            ],
            [
              118.6013456,
              24.8978001
            ],
            [
              118.6019893,
              24.8992014
            ]
          ]
        ]
      },
      "properties": {
        "osm_id": 294981695,
        "landuse": "",
        "amenity": "",
        "leisure": "park"
      }
    },
    {
      "type": "Feature",
      "geometry": {
        "type": "Polygon",
        "coordinates": [
          [
            [
              118.5913691,
              24.9107962
            ],
            [
              118.5914118,
              24.9106826
            ],
            [
              118.5915077,
              24.9105961
            ],
            [
              118.5922924,
              24.9103326
            ],
            [
              118.5924517,
              24.9103313
            ],
            [
              118.5925815,
              24.910385
            ],
            [
              118.5926673,
              24.910506
            ],
            [
              118.592689,
              24.9106521
            ],
            [
              118.5926085,
              24.9107468
            ],
            [
              118.592496,
              24.9108218
            ],
            [
              118.5917195,
              24.9110877
            ],
            [
              118.5915957,
              24.911102
            ],
            [
              118.5914709,
              24.9110469
            ],
            [
              118.5913938,
              24.9109354
            ],
            [
              118.5913691,
              24.9107962
            ]
          ]
        ]
      },
      "properties": {
        "osm_id": 295597571,
        "landuse": "",
        "amenity": "",
        "leisure": "pitch"
      }
    },
    {
      "type": "Feature",
      "geometry": {
        "type": "Polygon",
        "coordinates": [
          [
            [
              118.5918267,
              24.9104698
            ],
            [
              118.5917346,
              24.9102533
            ],
            [
              118.591305,
              24.9104046
            ],
            [
              118.5913919,
              24.9106168
            ],
            [
              118.5918267,
              24.9104698
            ]
          ]
        ]
      },
      "properties": {
        "osm_id": 295597572,
        "landuse": "",
        "amenity": "",
        "leisure": "pitch"
      }
    },
    {
      "type": "Feature",
      "geometry": {
        "type": "Polygon",
        "coordinates": [
          [
            [
              118.5920487,
              24.9101424
            ],
            [
              118.5923556,
              24.9100444
            ],
            [
              118.5924478,
              24.9102608
            ],
            [
              118.5921419,
              24.9103722
            ],
            [
              118.5920487,
              24.9101424
            ]
          ]
        ]
      },
      "properties": {
        "osm_id": 295597573,
        "landuse": "",
        "amenity": "",
        "leisure": "pitch"
      }
    },
    {
      "type": "Feature",
      "geometry": {
        "type": "Polygon",
        "coordinates": [
          [
            [
              118.5885876,
              24.9136252
            ],
            [
              118.5887435,
              24.913602
            ],
            [
              118.5887597,
              24.9136493
            ],
            [
              118.5888773,
              24.9136337
            ],
            [
              118.5889323,
              24.9139159
            ],
            [
              118.5887898,
              24.9139411
            ],
            [
              118.5888469,
              24.9144504
            ],
            [
              118.5883825,
              24.9145009
            ],
            [
              118.5882108,
              24.9136799
            ],
            [
              118.5885876,
              24.9136252
            ]
          ]
        ]
      },
      "properties": {
        "osm_id": 295597575,
        "landuse": "",
        "amenity": "place_of_worship",
        "leisure": ""
      }
    },
    {
      "type": "Feature",
      "geometry": {
        "type": "Polygon",
        "coordinates": [
          [
            [
              118.5940576,
              24.9226351
            ],
            [
              118.5945604,
              24.9224267
            ],
            [
              118.5942588,
              24.921828
            ],
            [
              118.5937559,
              24.9220364
            ],
            [
              118.5940576,
              24.9226351
            ]
          ]
        ]
      },
      "properties": {
        "osm_id": 295690201,
        "landuse": "",
        "amenity": "",
        "leisure": "pitch"
      }
    },
    {
      "type": "Feature",
      "geometry": {
        "type": "Polygon",
        "coordinates": [
          [
            [
              118.5961108,
              24.9206881
            ],
            [
              118.5971443,
              24.9205404
            ],
            [
              118.597024,
              24.9199499
            ],
            [
              118.5971231,
              24.91986
            ],
            [
              118.5969744,
              24.9192148
            ],
            [
              118.5958489,
              24.9193946
            ],
            [
              118.5961108,
              24.9206881
            ]
          ]
        ]
      },
      "properties": {
        "osm_id": 295690202,
        "landuse": "",
        "amenity": "place_of_worship",
        "leisure": ""
      }
    },
    {
      "type": "Feature",
      "geometry": {
        "type": "Polygon",
        "coordinates": [
          [
            [
              118.5877655,
              24.9087562
            ],
            [
              118.5878889,
              24.9087963
            ],
            [
              118.5880391,
              24.90871
            ],
            [
              118.5878205,
              24.9083986
            ],
            [
              118.5875939,
              24.9085287
            ],
            [
              118.5877655,
              24.9087562
            ]
          ]
        ]
      },
      "properties": {
        "osm_id": 295690207,
        "landuse": "",
        "amenity": "place_of_worship",
        "leisure": ""
      }
    },
    {
      "type": "Feature",
      "geometry": {
        "type": "Polygon",
        "coordinates": [
          [
            [
              118.6056643,
              24.914909
            ],
            [
              118.6055628,
              24.9142581
            ],
            [
              118.6094774,
              24.9136993
            ],
            [
              118.6100501,
              24.9138965
            ],
            [
              118.611326,
              24.9174336
            ],
            [
              118.6096441,
              24.917907
            ],
            [
              118.6091222,
              24.9178873
            ],
            [
              118.6091149,
              24.9176046
            ],
            [
              118.6079621,
              24.9170612
            ],
            [
              118.6080883,
              24.9158312
            ],
            [
              118.6075039,
              24.9156777
            ],
            [
              118.607468,
              24.9152175
            ],
            [
              118.6068016,
              24.9150501
            ],
            [
              118.6056643,
              24.914909
            ]
          ]
        ]
      },
      "properties": {
        "osm_id": 297052716,
        "landuse": "",
        "amenity": "",
        "leisure": "sports_centre"
      }
    },
    {
      "type": "Feature",
      "geometry": {
        "type": "Polygon",
        "coordinates": [
          [
            [
              118.5869721,
              24.9162583
            ],
            [
              118.5880696,
              24.916064
            ],
            [
              118.5881227,
              24.9162776
            ],
            [
              118.5883306,
              24.9162333
            ],
            [
              118.5883868,
              24.9164508
            ],
            [
              118.5885199,
              24.9164225
            ],
            [
              118.5885967,
              24.9167194
            ],
            [
              118.5886851,
              24.9170615
            ],
            [
              118.5884315,
              24.9171154
            ],
            [
              118.5884173,
              24.9170605
            ],
            [
              118.5880927,
              24.9171296
            ],
            [
              118.5881261,
              24.9172587
            ],
            [
              118.5879302,
              24.9173003
            ],
            [
              118.5880066,
              24.9175959
            ],
            [
              118.5877014,
              24.9176608
            ],
            [
              118.5876391,
              24.9174198
            ],
            [
              118.5878358,
              24.9173789
            ],
            [
              118.5877457,
              24.9170426
            ],
            [
              118.5876997,
              24.9168668
            ],
            [
              118.5876451,
              24.9168797
            ],
            [
              118.587631,
              24.9168251
            ],
            [
              118.587353,
              24.9168842
            ],
            [
              118.5873266,
              24.9167823
            ],
            [
              118.5871191,
              24.9168264
            ],
            [
              118.5869721,
              24.9162583
            ]
          ]
        ]
      },
      "properties": {
        "osm_id": 297052717,
        "landuse": "",
        "amenity": "hospital",
        "leisure": ""
      }
    },
    {
      "type": "Feature",
      "geometry": {
        "type": "Polygon",
        "coordinates": [
          [
            [
              118.5868978,
              24.9333667
            ],
            [
              118.5870891,
              24.933043
            ],
            [
              118.5872794,
              24.9331355
            ],
            [
              118.587088,
              24.9334591
            ],
            [
              118.5868978,
              24.9333667
            ]
          ]
        ]
      },
      "properties": {
        "osm_id": 297539075,
        "landuse": "",
        "amenity": "",
        "leisure": "swimming_pool"
      }
    },
    {
      "type": "Feature",
      "geometry": {
        "type": "Polygon",
        "coordinates": [
          [
            [
              118.5871561,
              24.9329496
            ],
            [
              118.5873056,
              24.9330211
            ],
            [
              118.587374,
              24.932937
            ],
            [
              118.5873161,
              24.9328214
            ],
            [
              118.5872593,
              24.9328382
            ],
            [
              118.5872117,
              24.9327709
            ],
            [
              118.5871665,
              24.9327909
            ],
            [
              118.587199,
              24.9328676
            ],
            [
              118.5871561,
              24.9329496
            ]
          ]
        ]
      },
      "properties": {
        "osm_id": 297539076,
        "landuse": "",
        "amenity": "",
        "leisure": "swimming_pool"
      }
    },
    {
      "type": "Feature",
      "geometry": {
        "type": "Polygon",
        "coordinates": [
          [
            [
              118.6559331,
              24.9300776
            ],
            [
              118.6559471,
              24.9291217
            ],
            [
              118.6566096,
              24.9291298
            ],
            [
              118.6565955,
              24.9300856
            ],
            [
              118.6559331,
              24.9300776
            ]
          ]
        ]
      },
      "properties": {
        "osm_id": 303573396,
        "landuse": "",
        "amenity": "",
        "leisure": "pitch"
      }
    },
    {
      "type": "Feature",
      "geometry": {
        "type": "Polygon",
        "coordinates": [
          [
            [
              118.6561809,
              24.9282889
            ],
            [
              118.656665,
              24.9284197
            ],
            [
              118.6569936,
              24.9287045
            ],
            [
              118.6572774,
              24.9290527
            ],
            [
              118.6573608,
              24.929492
            ],
            [
              118.6573211,
              24.9299241
            ],
            [
              118.6570744,
              24.9303139
            ],
            [
              118.6567149,
              24.9306455
            ],
            [
              118.6562199,
              24.9307455
            ],
            [
              118.6557651,
              24.9306189
            ],
            [
              118.6554422,
              24.9303389
            ],
            [
              118.6551382,
              24.9299465
            ],
            [
              118.6550588,
              24.9295087
            ],
            [
              118.6551582,
              24.929051
            ],
            [
              118.6554553,
              24.9286992
            ],
            [
              118.6557351,
              24.9284265
            ],
            [
              118.6561809,
              24.9282889
            ]
          ]
        ]
      },
      "properties": {
        "osm_id": 303573400,
        "landuse": "",
        "amenity": "",
        "leisure": "stadium"
      }
    },
    {
      "type": "Feature",
      "geometry": {
        "type": "Polygon",
        "coordinates": [
          [
            [
              118.5877843,
              24.8053386
            ],
            [
              118.5876945,
              24.805173
            ],
            [
              118.5876448,
              24.8050915
            ],
            [
              118.5875443,
              24.8051475
            ],
            [
              118.5872143,
              24.8046289
            ],
            [
              118.5878487,
              24.8042697
            ],
            [
              118.5882094,
              24.8048224
            ],
            [
              118.5879774,
              24.804949
            ],
            [
              118.5881115,
              24.8051596
            ],
            [
              118.5877843,
              24.8053386
            ]
          ]
        ]
      },
      "properties": {
        "osm_id": 328901052,
        "landuse": "",
        "amenity": "parking",
        "leisure": ""
      }
    },
    {
      "type": "Feature",
      "geometry": {
        "type": "Polygon",
        "coordinates": [
          [
            [
              118.5740916,
              24.8419224
            ],
            [
              118.5729459,
              24.8420028
            ],
            [
              118.571376,
              24.8436755
            ],
            [
              118.5704013,
              24.844746
            ],
            [
              118.5697027,
              24.8452799
            ],
            [
              118.5691926,
              24.8455013
            ],
            [
              118.5691399,
              24.8457665
            ],
            [
              118.5694677,
              24.8462295
            ],
            [
              118.5698441,
              24.846617
            ],
            [
              118.5709745,
              24.8475194
            ],
            [
              118.5719724,
              24.848204
            ],
            [
              118.5729147,
              24.8488899
            ],
            [
              118.573576,
              24.8493998
            ],
            [
              118.5741234,
              24.8499867
            ],
            [
              118.5747589,
              24.8507844
            ],
            [
              118.5751462,
              24.8514544
            ],
            [
              118.5752926,
              24.8515516
            ],
            [
              118.5752832,
              24.8511915
            ],
            [
              118.5750605,
              24.8494945
            ],
            [
              118.5749066,
              24.84769
            ],
            [
              118.5746796,
              24.8460571
            ],
            [
              118.5744536,
              24.8445559
            ],
            [
              118.5742359,
              24.8430883
            ],
            [
              118.5740916,
              24.8419224
            ]
          ]
        ]
      },
      "properties": {
        "osm_id": 328903164,
        "landuse": "",
        "amenity": "",
        "leisure": "park"
      }
    },
    {
      "type": "Feature",
      "geometry": {
        "type": "Polygon",
        "coordinates": [
          [
            [
              118.5889626,
              24.9102771
            ],
            [
              118.5888611,
              24.9100405
            ],
            [
              118.5890173,
              24.9099854
            ],
            [
              118.5891188,
              24.910222
            ],
            [
              118.5889626,
              24.9102771
            ]
          ]
        ]
      },
      "properties": {
        "osm_id": 328903185,
        "landuse": "",
        "amenity": "",
        "leisure": "pitch"
      }
    },
    {
      "type": "Feature",
      "geometry": {
        "type": "Polygon",
        "coordinates": [
          [
            [
              118.58933,
              24.9188573
            ],
            [
              118.5892708,
              24.9184395
            ],
            [
              118.5902273,
              24.918319
            ],
            [
              118.5905301,
              24.9184195
            ],
            [
              118.5915767,
              24.9182768
            ],
            [
              118.5914769,
              24.9190425
            ],
            [
              118.5913304,
              24.9190589
            ],
            [
              118.5912167,
              24.919587
            ],
            [
              118.5909295,
              24.9195302
            ],
            [
              118.5905344,
              24.9195256
            ],
            [
              118.5904942,
              24.9192192
            ],
            [
              118.5901623,
              24.9192017
            ],
            [
              118.5901339,
              24.9194006
            ],
            [
              118.5899386,
              24.9193962
            ],
            [
              118.5899429,
              24.9192165
            ],
            [
              118.5896152,
              24.9191992
            ],
            [
              118.5896242,
              24.9188341
            ],
            [
              118.58933,
              24.9188573
            ]
          ]
        ]
      },
      "properties": {
        "osm_id": 328903186,
        "landuse": "",
        "amenity": "school",
        "leisure": ""
      }
    },
    {
      "type": "Feature",
      "geometry": {
        "type": "Polygon",
        "coordinates": [
          [
            [
              118.567417,
              24.7967641
            ],
            [
              118.565609,
              24.7948499
            ],
            [
              118.5663003,
              24.7943856
            ],
            [
              118.5666474,
              24.7944937
            ],
            [
              118.567364,
              24.7937999
            ],
            [
              118.5667495,
              24.7931442
            ],
            [
              118.567096,
              24.7927668
            ],
            [
              118.5675119,
              24.7928561
            ],
            [
              118.5679444,
              24.7925082
            ],
            [
              118.5683293,
              24.7929444
            ],
            [
              118.5686525,
              24.7927531
            ],
            [
              118.5690852,
              24.7931664
            ],
            [
              118.5703183,
              24.7922746
            ],
            [
              118.5706696,
              24.7929507
            ],
            [
              118.5715748,
              24.7938944
            ],
            [
              118.5724379,
              24.7947451
            ],
            [
              118.5725699,
              24.7950231
            ],
            [
              118.5725203,
              24.7952382
            ],
            [
              118.5722113,
              24.7955102
            ],
            [
              118.5713807,
              24.7956656
            ],
            [
              118.5706231,
              24.795625
            ],
            [
              118.5700652,
              24.7958757
            ],
            [
              118.569694,
              24.7954754
            ],
            [
              118.5691257,
              24.7958224
            ],
            [
              118.5683306,
              24.7959062
            ],
            [
              118.5681605,
              24.7963073
            ],
            [
              118.567417,
              24.7967641
            ]
          ]
        ]
      },
      "properties": {
        "osm_id": 328910072,
        "landuse": "",
        "amenity": "",
        "leisure": "park"
      }
    },
    {
      "type": "Feature",
      "geometry": {
        "type": "Polygon",
        "coordinates": [
          [
            [
              118.5907512,
              24.9189477
            ],
            [
              118.5907388,
              24.9186038
            ],
            [
              118.5910537,
              24.9185945
            ],
            [
              118.5910661,
              24.9189384
            ],
            [
              118.5907512,
              24.9189477
            ]
          ]
        ]
      },
      "properties": {
        "osm_id": 329078840,
        "landuse": "",
        "amenity": "",
        "leisure": "pitch"
      }
    },
    {
      "type": "Feature",
      "geometry": {
        "type": "Polygon",
        "coordinates": [
          [
            [
              118.5911865,
              24.9189817
            ],
            [
              118.5913275,
              24.9189797
            ],
            [
              118.5913239,
              24.9187306
            ],
            [
              118.591183,
              24.9187321
            ],
            [
              118.5911865,
              24.9189817
            ]
          ]
        ]
      },
      "properties": {
        "osm_id": 329078861,
        "landuse": "",
        "amenity": "",
        "leisure": "pitch"
      }
    },
    {
      "type": "Feature",
      "geometry": {
        "type": "Polygon",
        "coordinates": [
          [
            [
              118.5911831,
              24.9186795
            ],
            [
              118.5913241,
              24.9186775
            ],
            [
              118.5913205,
              24.9184284
            ],
            [
              118.5911796,
              24.9184299
            ],
            [
              118.5911831,
              24.9186795
            ]
          ]
        ]
      },
      "properties": {
        "osm_id": 329078869,
        "landuse": "",
        "amenity": "",
        "leisure": "pitch"
      }
    },
    {
      "type": "Feature",
      "geometry": {
        "type": "Polygon",
        "coordinates": [
          [
            [
              118.586341,
              24.9196783
            ],
            [
              118.5861038,
              24.9187748
            ],
            [
              118.586753,
              24.9186268
            ],
            [
              118.5869901,
              24.9195302
            ],
            [
              118.586341,
              24.9196783
            ]
          ]
        ]
      },
      "properties": {
        "osm_id": 329108294,
        "landuse": "",
        "amenity": "",
        "leisure": "pitch"
      }
    },
    {
      "type": "Feature",
      "geometry": {
        "type": "Polygon",
        "coordinates": [
          [
            [
              118.6189793,
              24.90957
            ],
            [
              118.619961,
              24.9093705
            ],
            [
              118.6199356,
              24.9088946
            ],
            [
              118.6206803,
              24.9077586
            ],
            [
              118.6217805,
              24.9078814
            ],
            [
              118.6221782,
              24.9076204
            ],
            [
              118.6220513,
              24.9067608
            ],
            [
              118.6226775,
              24.9061237
            ],
            [
              118.6227791,
              24.9058781
            ],
            [
              118.6231599,
              24.905809
            ],
            [
              118.6229907,
              24.904673
            ],
            [
              118.6221359,
              24.9045809
            ],
            [
              118.6219244,
              24.9049263
            ],
            [
              118.6213066,
              24.9054022
            ],
            [
              118.621095,
              24.9052487
            ],
            [
              118.6205957,
              24.9042892
            ],
            [
              118.6199356,
              24.9041126
            ],
            [
              118.6193009,
              24.904174
            ],
            [
              118.6193812,
              24.9039555
            ],
            [
              118.6195125,
              24.9035984
            ],
            [
              118.6192332,
              24.9026465
            ],
            [
              118.6196527,
              24.9020399
            ],
            [
              118.6215934,
              24.9024443
            ],
            [
              118.6214798,
              24.9019527
            ],
            [
              118.6219606,
              24.9009536
            ],
            [
              118.6226425,
              24.9006602
            ],
            [
              118.6224064,
              24.9001845
            ],
            [
              118.6206843,
              24.9001369
            ],
            [
              118.619644,
              24.8985906
            ],
            [
              118.6188659,
              24.8986382
            ],
            [
              118.6181403,
              24.8996611
            ],
            [
              118.6183152,
              24.9014214
            ],
            [
              118.6173258,
              24.9020042
            ],
            [
              118.6167969,
              24.9019844
            ],
            [
              118.6159052,
              24.9022699
            ],
            [
              118.6160539,
              24.9027694
            ],
            [
              118.6158933,
              24.9029832
            ],
            [
              118.6156275,
              24.9030616
            ],
            [
              118.6163693,
              24.9046652
            ],
            [
              118.6173645,
              24.906863
            ],
            [
              118.6184278,
              24.9087748
            ],
            [
              118.6189793,
              24.90957
            ]
          ]
        ]
      },
      "properties": {
        "osm_id": 329288650,
        "landuse": "",
        "amenity": "",
        "leisure": "park"
      }
    },
    {
      "type": "Feature",
      "geometry": {
        "type": "Polygon",
        "coordinates": [
          [
            [
              118.5988792,
              24.9536618
            ],
            [
              118.5992341,
              24.9537526
            ],
            [
              118.5996604,
              24.9538617
            ],
            [
              118.5995721,
              24.9541454
            ],
            [
              118.599456,
              24.9545183
            ],
            [
              118.599121,
              24.9544325
            ],
            [
              118.5986747,
              24.9543183
            ],
            [
              118.5988792,
              24.9536618
            ]
          ]
        ]
      },
      "properties": {
        "osm_id": 469636433,
        "landuse": "",
        "amenity": "place_of_worship",
        "leisure": ""
      }
    },
    {
      "type": "Feature",
      "geometry": {
        "type": "Polygon",
        "coordinates": [
          [
            [
              118.6641079,
              24.8754893
            ],
            [
              118.6648804,
              24.8745938
            ],
            [
              118.6640328,
              24.8733382
            ],
            [
              118.6634106,
              24.871771
            ],
            [
              118.6625844,
              24.8710799
            ],
            [
              118.6605667,
              24.8685082
            ],
            [
              118.6655065,
              24.8654303
            ],
            [
              118.6659962,
              24.8655607
            ],
            [
              118.6682814,
              24.8685589
            ],
            [
              118.6690003,
              24.8692475
            ],
            [
              118.6704916,
              24.8705348
            ],
            [
              118.6717469,
              24.8711773
            ],
            [
              118.6718589,
              24.871421
            ],
            [
              118.6716825,
              24.8718392
            ],
            [
              118.6682707,
              24.8764723
            ],
            [
              118.6679167,
              24.8764918
            ],
            [
              118.6671013,
              24.8760051
            ],
            [
              118.665567,
              24.8769006
            ],
            [
              118.6650843,
              24.8766086
            ],
            [
              118.6646658,
              24.8770369
            ],
            [
              118.6641294,
              24.8766573
            ],
            [
              118.6643547,
              24.8763555
            ],
            [
              118.6644727,
              24.8759662
            ],
            [
              118.6641079,
              24.8754893
            ]
          ]
        ]
      },
      "properties": {
        "osm_id": 471785157,
        "landuse": "",
        "amenity": "university",
        "leisure": ""
      }
    },
    {
      "type": "Feature",
      "geometry": {
        "type": "Polygon",
        "coordinates": [
          [
            [
              118.6511984,
              24.8820251
            ],
            [
              118.6515042,
              24.8820981
            ],
            [
              118.6537412,
              24.8823804
            ],
            [
              118.6541649,
              24.88221
            ],
            [
              118.6544814,
              24.8817331
            ],
            [
              118.6543098,
              24.8813925
            ],
            [
              118.6545244,
              24.880755
            ],
            [
              118.6549374,
              24.8804143
            ],
            [
              118.6548891,
              24.8795578
            ],
            [
              118.6556294,
              24.8792415
            ],
            [
              118.6567077,
              24.8791587
            ],
            [
              118.6573192,
              24.8788132
            ],
            [
              118.6573085,
              24.8769201
            ],
            [
              118.6564073,
              24.8767205
            ],
            [
              118.6551764,
              24.8768576
            ],
            [
              118.6551949,
              24.8776452
            ],
            [
              118.6533994,
              24.8783252
            ],
            [
              118.6521372,
              24.8787986
            ],
            [
              118.6527917,
              24.8802926
            ],
            [
              118.6521157,
              24.8805992
            ],
            [
              118.6515954,
              24.8809837
            ],
            [
              118.6510858,
              24.881991
            ],
            [
              118.6511984,
              24.8820251
            ]
          ]
        ]
      },
      "properties": {
        "osm_id": 473744086,
        "landuse": "",
        "amenity": "college",
        "leisure": ""
      }
    },
    {
      "type": "Feature",
      "geometry": {
        "type": "Polygon",
        "coordinates": [
          [
            [
              118.650836,
              24.8745117
            ],
            [
              118.6533994,
              24.8783252
            ],
            [
              118.6551949,
              24.8776452
            ],
            [
              118.6551764,
              24.8768576
            ],
            [
              118.6551574,
              24.8760489
            ],
            [
              118.6546048,
              24.8753968
            ],
            [
              118.6531189,
              24.8762095
            ],
            [
              118.651531,
              24.8740535
            ],
            [
              118.650836,
              24.8745117
            ]
          ]
        ]
      },
      "properties": {
        "osm_id": 473744092,
        "landuse": "",
        "amenity": "hospital",
        "leisure": ""
      }
    },
    {
      "type": "Feature",
      "geometry": {
        "type": "Polygon",
        "coordinates": [
          [
            [
              118.68164,
              24.8788199
            ],
            [
              118.6803942,
              24.8810104
            ],
            [
              118.6790156,
              24.8828645
            ],
            [
              118.679257,
              24.8837162
            ],
            [
              118.6807805,
              24.8835118
            ],
            [
              118.6809039,
              24.8827429
            ],
            [
              118.6836397,
              24.8830884
            ],
            [
              118.6837041,
              24.8830179
            ],
            [
              118.6837281,
              24.8829619
            ],
            [
              118.6837564,
              24.8829187
            ],
            [
              118.6837833,
              24.8828792
            ],
            [
              118.6838517,
              24.8827673
            ],
            [
              118.6839241,
              24.8826626
            ],
            [
              118.6840206,
              24.8825142
            ],
            [
              118.6841333,
              24.8823512
            ],
            [
              118.6843747,
              24.8820178
            ],
            [
              118.6844088,
              24.8819686
            ],
            [
              118.6844391,
              24.8819108
            ],
            [
              118.6850345,
              24.8810664
            ],
            [
              118.6850855,
              24.8810056
            ],
            [
              118.6851351,
              24.8809472
            ],
            [
              118.6851364,
              24.8809046
            ],
            [
              118.6851257,
              24.8808815
            ],
            [
              118.6836237,
              24.8799958
            ],
            [
              118.6835807,
              24.8799529
            ],
            [
              118.68164,
              24.8788199
            ]
          ]
        ]
      },
      "properties": {
        "osm_id": 473744110,
        "landuse": "industrial",
        "amenity": "",
        "leisure": ""
      }
    },
    {
      "type": "Feature",
      "geometry": {
        "type": "Polygon",
        "coordinates": [
          [
            [
              118.6061643,
              24.8882566
            ],
            [
              118.6063605,
              24.8884549
            ],
            [
              118.6065172,
              24.8885686
            ],
            [
              118.6066543,
              24.8886443
            ],
            [
              118.6068372,
              24.8887145
            ],
            [
              118.6070042,
              24.8887523
            ],
            [
              118.6072009,
              24.888774
            ],
            [
              118.6073768,
              24.8887766
            ],
            [
              118.6075465,
              24.8887578
            ],
            [
              118.6078059,
              24.8886847
            ],
            [
              118.607816,
              24.8886741
            ],
            [
              118.6075585,
              24.8886038
            ],
            [
              118.6075764,
              24.8885873
            ],
            [
              118.6076211,
              24.8885901
            ],
            [
              118.6076479,
              24.888574
            ],
            [
              118.6076718,
              24.8885416
            ],
            [
              118.6076747,
              24.8884766
            ],
            [
              118.6076389,
              24.8884443
            ],
            [
              118.6076062,
              24.8884388
            ],
            [
              118.6075823,
              24.8884468
            ],
            [
              118.6075496,
              24.8884551
            ],
            [
              118.607496,
              24.8884415
            ],
            [
              118.6075079,
              24.8883766
            ],
            [
              118.6066096,
              24.8881619
            ],
            [
              118.6065887,
              24.8882269
            ],
            [
              118.6065411,
              24.8882133
            ],
            [
              118.6065083,
              24.8881619
            ],
            [
              118.6064606,
              24.8881566
            ],
            [
              118.606401,
              24.8881727
            ],
            [
              118.6063694,
              24.8882332
            ],
            [
              118.6063724,
              24.8882765
            ],
            [
              118.6063902,
              24.8883062
            ],
            [
              118.6061643,
              24.8882566
            ]
          ]
        ]
      },
      "properties": {
        "osm_id": 481713045,
        "landuse": "",
        "amenity": "bus_station",
        "leisure": ""
      }
    },
    {
      "type": "Feature",
      "geometry": {
        "type": "Polygon",
        "coordinates": [
          [
            [
              118.6019933,
              24.9057542
            ],
            [
              118.6031842,
              24.9054841
            ],
            [
              118.6033505,
              24.9055158
            ],
            [
              118.6035651,
              24.9056277
            ],
            [
              118.6036804,
              24.9060777
            ],
            [
              118.6020175,
              24.9064256
            ],
            [
              118.6018404,
              24.9061094
            ],
            [
              118.6018512,
              24.9059585
            ],
            [
              118.6018941,
              24.9058637
            ],
            [
              118.6019933,
              24.9057542
            ]
          ]
        ]
      },
      "properties": {
        "osm_id": 481719839,
        "landuse": "retail",
        "amenity": "",
        "leisure": ""
      }
    },
    {
      "type": "Feature",
      "geometry": {
        "type": "Polygon",
        "coordinates": [
          [
            [
              118.6023982,
              24.9065528
            ],
            [
              118.6028142,
              24.9063341
            ],
            [
              118.6029579,
              24.906601
            ],
            [
              118.6027852,
              24.9066876
            ],
            [
              118.6027426,
              24.9066226
            ],
            [
              118.602517,
              24.9067363
            ],
            [
              118.6023982,
              24.9065528
            ]
          ]
        ]
      },
      "properties": {
        "osm_id": 481719840,
        "landuse": "",
        "amenity": "public_building",
        "leisure": ""
      }
    },
    {
      "type": "Feature",
      "geometry": {
        "type": "Polygon",
        "coordinates": [
          [
            [
              118.5759914,
              24.8535153
            ],
            [
              118.5760306,
              24.8538968
            ],
            [
              118.5760821,
              24.8542699
            ],
            [
              118.5761591,
              24.8545837
            ],
            [
              118.5773177,
              24.8545865
            ],
            [
              118.5773537,
              24.8534984
            ],
            [
              118.5759812,
              24.8534812
            ],
            [
              118.5759914,
              24.8535153
            ]
          ]
        ]
      },
      "properties": {
        "osm_id": 487927396,
        "landuse": "",
        "amenity": "school",
        "leisure": ""
      }
    },
    {
      "type": "Feature",
      "geometry": {
        "type": "Polygon",
        "coordinates": [
          [
            [
              118.5216119,
              24.9511519
            ],
            [
              118.5215413,
              24.951412
            ],
            [
              118.52094,
              24.9513112
            ],
            [
              118.5203962,
              24.9511109
            ],
            [
              118.5196485,
              24.9513728
            ],
            [
              118.5188498,
              24.9523434
            ],
            [
              118.518493,
              24.9532524
            ],
            [
              118.5186799,
              24.9539149
            ],
            [
              118.5186119,
              24.9545158
            ],
            [
              118.5182721,
              24.9546236
            ],
            [
              118.5174224,
              24.9542385
            ],
            [
              118.5166408,
              24.9538225
            ],
            [
              118.5163009,
              24.953499
            ],
            [
              118.5157911,
              24.9546082
            ],
            [
              118.5167767,
              24.9552553
            ],
            [
              118.5173371,
              24.9558676
            ],
            [
              118.5178982,
              24.9559328
            ],
            [
              118.5183731,
              24.9558415
            ],
            [
              118.5189486,
              24.9563372
            ],
            [
              118.5200709,
              24.9566764
            ],
            [
              118.5208911,
              24.9570677
            ],
            [
              118.5216969,
              24.9571851
            ],
            [
              118.5224451,
              24.9566894
            ],
            [
              118.5229001,
              24.957176
            ],
            [
              118.5218388,
              24.9581725
            ],
            [
              118.5211716,
              24.9620048
            ],
            [
              118.5245016,
              24.9677976
            ],
            [
              118.528645,
              24.9702805
            ],
            [
              118.5313517,
              24.9693755
            ],
            [
              118.5312531,
              24.9653124
            ],
            [
              118.5290294,
              24.9643414
            ],
            [
              118.5290333,
              24.9612405
            ],
            [
              118.526338,
              24.9569625
            ],
            [
              118.5256793,
              24.9559582
            ],
            [
              118.5245314,
              24.9553979
            ],
            [
              118.5247041,
              24.9545239
            ],
            [
              118.5245314,
              24.9539499
            ],
            [
              118.5240422,
              24.9532324
            ],
            [
              118.5240149,
              24.9529623
            ],
            [
              118.5233367,
              24.9525882
            ],
            [
              118.5231832,
              24.9525035
            ],
            [
              118.523302,
              24.9520729
            ],
            [
              118.5225815,
              24.9519111
            ],
            [
              118.5225706,
              24.9513407
            ],
            [
              118.5222539,
              24.9513467
            ],
            [
              118.5222258,
              24.9511452
            ],
            [
              118.5220854,
              24.9511467
            ],
            [
              118.5217922,
              24.9511499
            ],
            [
              118.5216119,
              24.9511519
            ]
          ]
        ]
      },
      "properties": {
        "osm_id": 519044439,
        "landuse": "",
        "amenity": "",
        "leisure": "park"
      }
    },
    {
      "type": "Feature",
      "geometry": {
        "type": "Polygon",
        "coordinates": [
          [
            [
              118.6580921,
              24.9298569
            ],
            [
              118.6580617,
              24.9293203
            ],
            [
              118.65879,
              24.9292378
            ],
            [
              118.659579,
              24.9289764
            ],
            [
              118.6599735,
              24.9289764
            ],
            [
              118.6603376,
              24.9293479
            ],
            [
              118.660368,
              24.9296918
            ],
            [
              118.6599735,
              24.9299533
            ],
            [
              118.6595486,
              24.9300633
            ],
            [
              118.6590328,
              24.9298707
            ],
            [
              118.6580921,
              24.9298569
            ]
          ]
        ]
      },
      "properties": {
        "osm_id": 538349873,
        "landuse": "",
        "amenity": "",
        "leisure": "sports_centre"
      }
    },
    {
      "type": "Feature",
      "geometry": {
        "type": "Polygon",
        "coordinates": [
          [
            [
              118.6925914,
              24.9507994
            ],
            [
              118.6933575,
              24.952033
            ],
            [
              118.6931198,
              24.9523803
            ],
            [
              118.6920366,
              24.9532305
            ],
            [
              118.6917196,
              24.9531228
            ],
            [
              118.6916932,
              24.9527276
            ],
            [
              118.6925914,
              24.9507994
            ]
          ]
        ]
      },
      "properties": {
        "osm_id": 538378445,
        "landuse": "",
        "amenity": "school",
        "leisure": ""
      }
    },
    {
      "type": "Feature",
      "geometry": {
        "type": "Polygon",
        "coordinates": [
          [
            [
              118.6591618,
              24.9545344
            ],
            [
              118.6590033,
              24.952762
            ],
            [
              118.6600864,
              24.9532411
            ],
            [
              118.6602581,
              24.9548697
            ],
            [
              118.6593533,
              24.95475
            ],
            [
              118.6591618,
              24.9545344
            ]
          ]
        ]
      },
      "properties": {
        "osm_id": 538390416,
        "landuse": "",
        "amenity": "school",
        "leisure": ""
      }
    },
    {
      "type": "Feature",
      "geometry": {
        "type": "Polygon",
        "coordinates": [
          [
            [
              118.6424442,
              24.9394295
            ],
            [
              118.6422953,
              24.9384632
            ],
            [
              118.6429686,
              24.9383854
            ],
            [
              118.643118,
              24.9393554
            ],
            [
              118.6424442,
              24.9394295
            ]
          ]
        ]
      },
      "properties": {
        "osm_id": 538390426,
        "landuse": "",
        "amenity": "",
        "leisure": "pitch"
      }
    },
    {
      "type": "Feature",
      "geometry": {
        "type": "Polygon",
        "coordinates": [
          [
            [
              118.6423164,
              24.9396859
            ],
            [
              118.642108,
              24.9382421
            ],
            [
              118.6422534,
              24.938221
            ],
            [
              118.6422589,
              24.9382656
            ],
            [
              118.6422997,
              24.9382284
            ],
            [
              118.6423454,
              24.9381925
            ],
            [
              118.6423935,
              24.9381593
            ],
            [
              118.6424494,
              24.9381348
            ],
            [
              118.6425035,
              24.9381193
            ],
            [
              118.6425599,
              24.9381073
            ],
            [
              118.6426216,
              24.9381014
            ],
            [
              118.6426833,
              24.9381025
            ],
            [
              118.6427502,
              24.9381117
            ],
            [
              118.6428049,
              24.9381226
            ],
            [
              118.6428545,
              24.9381389
            ],
            [
              118.6429094,
              24.9381715
            ],
            [
              118.6429605,
              24.9382085
            ],
            [
              118.6431216,
              24.9381935
            ],
            [
              118.6433167,
              24.9394979
            ],
            [
              118.6431817,
              24.9395142
            ],
            [
              118.6431597,
              24.939549
            ],
            [
              118.643098,
              24.9396052
            ],
            [
              118.6430426,
              24.9396464
            ],
            [
              118.64298,
              24.9396803
            ],
            [
              118.6429079,
              24.9397063
            ],
            [
              118.6428316,
              24.9397228
            ],
            [
              118.6427476,
              24.9397247
            ],
            [
              118.6426684,
              24.9397163
            ],
            [
              118.6425954,
              24.9396938
            ],
            [
              118.642534,
              24.939668
            ],
            [
              118.64246,
              24.9396166
            ],
            [
              118.642467,
              24.9396741
            ],
            [
              118.6423164,
              24.9396859
            ]
          ]
        ]
      },
      "properties": {
        "osm_id": 538390427,
        "landuse": "",
        "amenity": "",
        "leisure": "pitch"
      }
    },
    {
      "type": "Feature",
      "geometry": {
        "type": "Polygon",
        "coordinates": [
          [
            [
              118.6512692,
              24.9375726
            ],
            [
              118.6505823,
              24.9371534
            ],
            [
              118.6502521,
              24.9368001
            ],
            [
              118.6500011,
              24.9362192
            ],
            [
              118.6502917,
              24.9361713
            ],
            [
              118.6501597,
              24.9359557
            ],
            [
              118.6505295,
              24.935752
            ],
            [
              118.6510314,
              24.9356802
            ],
            [
              118.6520485,
              24.9358179
            ],
            [
              118.6517579,
              24.9366204
            ],
            [
              118.6516522,
              24.93683
            ],
            [
              118.6512692,
              24.9375726
            ]
          ]
        ]
      },
      "properties": {
        "osm_id": 538390434,
        "landuse": "retail",
        "amenity": "",
        "leisure": ""
      }
    },
    {
      "type": "Feature",
      "geometry": {
        "type": "Polygon",
        "coordinates": [
          [
            [
              118.6357914,
              24.9399021
            ],
            [
              118.6355245,
              24.9389864
            ],
            [
              118.6361992,
              24.9388153
            ],
            [
              118.6364563,
              24.9397471
            ],
            [
              118.6357914,
              24.9399021
            ]
          ]
        ]
      },
      "properties": {
        "osm_id": 538390547,
        "landuse": "",
        "amenity": "",
        "leisure": "pitch"
      }
    },
    {
      "type": "Feature",
      "geometry": {
        "type": "Polygon",
        "coordinates": [
          [
            [
              118.6400409,
              24.938831
            ],
            [
              118.6400082,
              24.938648
            ],
            [
              118.6404299,
              24.9385861
            ],
            [
              118.6404626,
              24.9387692
            ],
            [
              118.6400409,
              24.938831
            ]
          ]
        ]
      },
      "properties": {
        "osm_id": 538390551,
        "landuse": "",
        "amenity": "",
        "leisure": "swimming_pool"
      }
    },
    {
      "type": "Feature",
      "geometry": {
        "type": "Polygon",
        "coordinates": [
          [
            [
              118.634018,
              24.9399487
            ],
            [
              118.6338788,
              24.9394179
            ],
            [
              118.6345415,
              24.939275
            ],
            [
              118.6346807,
              24.9398058
            ],
            [
              118.634018,
              24.9399487
            ]
          ]
        ]
      },
      "properties": {
        "osm_id": 538390553,
        "landuse": "",
        "amenity": "",
        "leisure": "pitch"
      }
    },
    {
      "type": "Feature",
      "geometry": {
        "type": "Polygon",
        "coordinates": [
          [
            [
              118.6338623,
              24.9392952
            ],
            [
              118.6337208,
              24.9388101
            ],
            [
              118.634368,
              24.9386549
            ],
            [
              118.6345095,
              24.9391399
            ],
            [
              118.6338623,
              24.9392952
            ]
          ]
        ]
      },
      "properties": {
        "osm_id": 538390556,
        "landuse": "",
        "amenity": "",
        "leisure": "pitch"
      }
    },
    {
      "type": "Feature",
      "geometry": {
        "type": "Polygon",
        "coordinates": [
          [
            [
              118.6348892,
              24.9397744
            ],
            [
              118.6347237,
              24.9391465
            ],
            [
              118.6352385,
              24.9390349
            ],
            [
              118.635404,
              24.9396628
            ],
            [
              118.6348892,
              24.9397744
            ]
          ]
        ]
      },
      "properties": {
        "osm_id": 538390558,
        "landuse": "",
        "amenity": "",
        "leisure": "pitch"
      }
    },
    {
      "type": "Feature",
      "geometry": {
        "type": "Polygon",
        "coordinates": [
          [
            [
              118.6346841,
              24.9390516
            ],
            [
              118.6345866,
              24.938693
            ],
            [
              118.635064,
              24.9385863
            ],
            [
              118.6351615,
              24.9389449
            ],
            [
              118.6346841,
              24.9390516
            ]
          ]
        ]
      },
      "properties": {
        "osm_id": 538390560,
        "landuse": "",
        "amenity": "",
        "leisure": "pitch"
      }
    },
    {
      "type": "Feature",
      "geometry": {
        "type": "Polygon",
        "coordinates": [
          [
            [
              118.6350177,
              24.9402118
            ],
            [
              118.6349264,
              24.9398805
            ],
            [
              118.635374,
              24.939779
            ],
            [
              118.6354654,
              24.9401104
            ],
            [
              118.6350177,
              24.9402118
            ]
          ]
        ]
      },
      "properties": {
        "osm_id": 538390565,
        "landuse": "",
        "amenity": "",
        "leisure": "pitch"
      }
    },
    {
      "type": "Feature",
      "geometry": {
        "type": "Polygon",
        "coordinates": [
          [
            [
              118.6386662,
              24.9342751
            ],
            [
              118.638486,
              24.9348016
            ],
            [
              118.637465,
              24.9352101
            ],
            [
              118.6373649,
              24.9359272
            ],
            [
              118.6363638,
              24.9364446
            ],
            [
              118.6367042,
              24.9375611
            ],
            [
              118.636544,
              24.9382237
            ],
            [
              118.6370846,
              24.940856
            ],
            [
              118.6363038,
              24.9412644
            ],
            [
              118.6361036,
              24.941691
            ],
            [
              118.6360836,
              24.9424444
            ],
            [
              118.636564,
              24.9430162
            ],
            [
              118.6378254,
              24.9425624
            ],
            [
              118.6381457,
              24.9415277
            ],
            [
              118.6401878,
              24.9415458
            ],
            [
              118.6405081,
              24.942626
            ],
            [
              118.6397247,
              24.9431618
            ],
            [
              118.6393269,
              24.9434338
            ],
            [
              118.6396873,
              24.9438785
            ],
            [
              118.6412889,
              24.9435608
            ],
            [
              118.6419696,
              24.9436607
            ],
            [
              118.6422299,
              24.9427984
            ],
            [
              118.6416493,
              24.9414187
            ],
            [
              118.6419296,
              24.9410648
            ],
            [
              118.6425502,
              24.9409831
            ],
            [
              118.6427304,
              24.9401661
            ],
            [
              118.6435913,
              24.9399755
            ],
            [
              118.6421498,
              24.9348651
            ],
            [
              118.6416894,
              24.9339665
            ],
            [
              118.6397674,
              24.9340663
            ],
            [
              118.6386662,
              24.9342751
            ]
          ]
        ]
      },
      "properties": {
        "osm_id": 538390585,
        "landuse": "",
        "amenity": "school",
        "leisure": ""
      }
    },
    {
      "type": "Feature",
      "geometry": {
        "type": "Polygon",
        "coordinates": [
          [
            [
              118.6419096,
              24.9372706
            ],
            [
              118.6419897,
              24.9369801
            ],
            [
              118.6424702,
              24.936844
            ],
            [
              118.6426704,
              24.937089
            ],
            [
              118.6425903,
              24.9373341
            ],
            [
              118.6421098,
              24.937434
            ],
            [
              118.6419096,
              24.9372706
            ]
          ]
        ]
      },
      "properties": {
        "osm_id": 538390588,
        "landuse": "",
        "amenity": "",
        "leisure": "sports_centre"
      }
    },
    {
      "type": "Feature",
      "geometry": {
        "type": "Polygon",
        "coordinates": [
          [
            [
              118.6528437,
              24.9311419
            ],
            [
              118.6524966,
              24.9306937
            ],
            [
              118.6529535,
              24.9304027
            ],
            [
              118.6533006,
              24.9308509
            ],
            [
              118.6528437,
              24.9311419
            ]
          ]
        ]
      },
      "properties": {
        "osm_id": 538390610,
        "landuse": "",
        "amenity": "",
        "leisure": "pitch"
      }
    },
    {
      "type": "Feature",
      "geometry": {
        "type": "Polygon",
        "coordinates": [
          [
            [
              118.6535379,
              24.9307433
            ],
            [
              118.6531918,
              24.9302675
            ],
            [
              118.6546036,
              24.9294229
            ],
            [
              118.6547843,
              24.9296713
            ],
            [
              118.6538538,
              24.9302279
            ],
            [
              118.6540193,
              24.9304553
            ],
            [
              118.6535379,
              24.9307433
            ]
          ]
        ]
      },
      "properties": {
        "osm_id": 538390613,
        "landuse": "",
        "amenity": "",
        "leisure": "pitch"
      }
    },
    {
      "type": "Feature",
      "geometry": {
        "type": "Polygon",
        "coordinates": [
          [
            [
              118.6437346,
              24.9305081
            ],
            [
              118.6449939,
              24.9295863
            ],
            [
              118.6465112,
              24.9315951
            ],
            [
              118.6457112,
              24.9320778
            ],
            [
              118.6437346,
              24.9305081
            ]
          ]
        ]
      },
      "properties": {
        "osm_id": 538390633,
        "landuse": "commercial",
        "amenity": "",
        "leisure": ""
      }
    },
    {
      "type": "Feature",
      "geometry": {
        "type": "Polygon",
        "coordinates": [
          [
            [
              118.6318825,
              24.9044944
            ],
            [
              118.6331721,
              24.9016594
            ],
            [
              118.6340218,
              24.9023475
            ],
            [
              118.6335666,
              24.9047559
            ],
            [
              118.6318825,
              24.9044944
            ]
          ]
        ]
      },
      "properties": {
        "osm_id": 538390721,
        "landuse": "industrial",
        "amenity": "",
        "leisure": ""
      }
    },
    {
      "type": "Feature",
      "geometry": {
        "type": "Polygon",
        "coordinates": [
          [
            [
              118.6335599,
              24.9049492
            ],
            [
              118.6316253,
              24.9046805
            ],
            [
              118.6312157,
              24.9053128
            ],
            [
              118.6311983,
              24.9061269
            ],
            [
              118.6332985,
              24.9061111
            ],
            [
              118.6335599,
              24.9049492
            ]
          ]
        ]
      },
      "properties": {
        "osm_id": 538390727,
        "landuse": "industrial",
        "amenity": "",
        "leisure": ""
      }
    },
    {
      "type": "Feature",
      "geometry": {
        "type": "Polygon",
        "coordinates": [
          [
            [
              118.6325183,
              24.9190923
            ],
            [
              118.6322222,
              24.9196229
            ],
            [
              118.6345948,
              24.9207117
            ],
            [
              118.634891,
              24.9201809
            ],
            [
              118.6325183,
              24.9190923
            ]
          ]
        ]
      },
      "properties": {
        "osm_id": 538390757,
        "landuse": "industrial",
        "amenity": "",
        "leisure": ""
      }
    },
    {
      "type": "Feature",
      "geometry": {
        "type": "Polygon",
        "coordinates": [
          [
            [
              118.6351008,
              24.9157117
            ],
            [
              118.6352526,
              24.9148241
            ],
            [
              118.6355257,
              24.9148378
            ],
            [
              118.6360567,
              24.9151887
            ],
            [
              118.6354953,
              24.9159181
            ],
            [
              118.6351008,
              24.9157117
            ]
          ]
        ]
      },
      "properties": {
        "osm_id": 538390764,
        "landuse": "commercial",
        "amenity": "",
        "leisure": ""
      }
    },
    {
      "type": "Feature",
      "geometry": {
        "type": "Polygon",
        "coordinates": [
          [
            [
              118.6315656,
              24.9144732
            ],
            [
              118.6330525,
              24.9117347
            ],
            [
              118.6342663,
              24.9123402
            ],
            [
              118.6354802,
              24.9123609
            ],
            [
              118.6354346,
              24.9138746
            ],
            [
              118.6331739,
              24.9145764
            ],
            [
              118.6315656,
              24.9144732
            ]
          ]
        ]
      },
      "properties": {
        "osm_id": 538390766,
        "landuse": "industrial",
        "amenity": "",
        "leisure": ""
      }
    },
    {
      "type": "Feature",
      "geometry": {
        "type": "Polygon",
        "coordinates": [
          [
            [
              118.6464231,
              24.9099636
            ],
            [
              118.6464208,
              24.90908
            ],
            [
              118.6470502,
              24.9090786
            ],
            [
              118.6470525,
              24.9099623
            ],
            [
              118.6464231,
              24.9099636
            ]
          ]
        ]
      },
      "properties": {
        "osm_id": 538390768,
        "landuse": "",
        "amenity": "",
        "leisure": "pitch"
      }
    },
    {
      "type": "Feature",
      "geometry": {
        "type": "Polygon",
        "coordinates": [
          [
            [
              118.6470356,
              24.9109774
            ],
            [
              118.647014,
              24.9105519
            ],
            [
              118.647202,
              24.9105441
            ],
            [
              118.6472236,
              24.9109696
            ],
            [
              118.6470356,
              24.9109774
            ]
          ]
        ]
      },
      "properties": {
        "osm_id": 538390769,
        "landuse": "",
        "amenity": "",
        "leisure": "swimming_pool"
      }
    },
    {
      "type": "Feature",
      "geometry": {
        "type": "Polygon",
        "coordinates": [
          [
            [
              118.6463979,
              24.9109622
            ],
            [
              118.6463728,
              24.9106051
            ],
            [
              118.6468134,
              24.9105797
            ],
            [
              118.6468384,
              24.9109368
            ],
            [
              118.6463979,
              24.9109622
            ]
          ]
        ]
      },
      "properties": {
        "osm_id": 538390770,
        "landuse": "",
        "amenity": "",
        "leisure": "sports_centre"
      }
    },
    {
      "type": "Feature",
      "geometry": {
        "type": "Polygon",
        "coordinates": [
          [
            [
              118.6460529,
              24.9103801
            ],
            [
              118.646084,
              24.9087606
            ],
            [
              118.6462592,
              24.9087633
            ],
            [
              118.6462281,
              24.9103828
            ],
            [
              118.6460529,
              24.9103801
            ]
          ]
        ]
      },
      "properties": {
        "osm_id": 538390771,
        "landuse": "",
        "amenity": "",
        "leisure": "pitch"
      }
    },
    {
      "type": "Feature",
      "geometry": {
        "type": "Polygon",
        "coordinates": [
          [
            [
              118.647057,
              24.9085696
            ],
            [
              118.6472391,
              24.9087623
            ],
            [
              118.6472543,
              24.9110604
            ],
            [
              118.6460556,
              24.911432
            ],
            [
              118.6447053,
              24.9121545
            ],
            [
              118.6442956,
              24.9121407
            ],
            [
              118.6440528,
              24.9119136
            ],
            [
              118.6440832,
              24.9106201
            ],
            [
              118.6439011,
              24.9106063
            ],
            [
              118.6438707,
              24.9089274
            ],
            [
              118.6444928,
              24.9087141
            ],
            [
              118.6450997,
              24.9085834
            ],
            [
              118.6455398,
              24.9085421
            ],
            [
              118.646086,
              24.9085146
            ],
            [
              118.647057,
              24.9085696
            ]
          ]
        ]
      },
      "properties": {
        "osm_id": 538390772,
        "landuse": "",
        "amenity": "school",
        "leisure": ""
      }
    },
    {
      "type": "Feature",
      "geometry": {
        "type": "Polygon",
        "coordinates": [
          [
            [
              118.6588523,
              24.9524524
            ],
            [
              118.6607765,
              24.9533324
            ],
            [
              118.6617048,
              24.9512052
            ],
            [
              118.6624137,
              24.9493305
            ],
            [
              118.6616036,
              24.9484123
            ],
            [
              118.6611816,
              24.9484812
            ],
            [
              118.6588523,
              24.9524524
            ]
          ]
        ]
      },
      "properties": {
        "osm_id": 538390778,
        "landuse": "industrial",
        "amenity": "",
        "leisure": ""
      }
    },
    {
      "type": "Feature",
      "geometry": {
        "type": "Polygon",
        "coordinates": [
          [
            [
              118.6578186,
              24.9523227
            ],
            [
              118.6556276,
              24.9524721
            ],
            [
              118.6526418,
              24.9502044
            ],
            [
              118.653902,
              24.9478751
            ],
            [
              118.6542316,
              24.9469258
            ],
            [
              118.6573726,
              24.948297
            ],
            [
              118.6578186,
              24.9523227
            ]
          ]
        ]
      },
      "properties": {
        "osm_id": 538390795,
        "landuse": "industrial",
        "amenity": "",
        "leisure": ""
      }
    },
    {
      "type": "Feature",
      "geometry": {
        "type": "Polygon",
        "coordinates": [
          [
            [
              118.6355339,
              24.9141132
            ],
            [
              118.6355914,
              24.9124655
            ],
            [
              118.6363618,
              24.9127575
            ],
            [
              118.6366953,
              24.9130495
            ],
            [
              118.6367988,
              24.9139829
            ],
            [
              118.6370402,
              24.9146972
            ],
            [
              118.6369598,
              24.9151822
            ],
            [
              118.6355339,
              24.9141132
            ]
          ]
        ]
      },
      "properties": {
        "osm_id": 538390797,
        "landuse": "industrial",
        "amenity": "",
        "leisure": ""
      }
    },
    {
      "type": "Feature",
      "geometry": {
        "type": "Polygon",
        "coordinates": [
          [
            [
              118.6464297,
              24.9059293
            ],
            [
              118.6462162,
              24.9055179
            ],
            [
              118.6465833,
              24.9053612
            ],
            [
              118.6467968,
              24.9057727
            ],
            [
              118.6464297,
              24.9059293
            ]
          ]
        ]
      },
      "properties": {
        "osm_id": 538394068,
        "landuse": "",
        "amenity": "fuel",
        "leisure": ""
      }
    },
    {
      "type": "Feature",
      "geometry": {
        "type": "Polygon",
        "coordinates": [
          [
            [
              118.6632989,
              24.9327435
            ],
            [
              118.6633802,
              24.9325149
            ],
            [
              118.6654779,
              24.9316154
            ],
            [
              118.6658032,
              24.9316302
            ],
            [
              118.6659684,
              24.9315637
            ],
            [
              118.6660796,
              24.9315196
            ],
            [
              118.6662423,
              24.9312984
            ],
            [
              118.6674456,
              24.930797
            ],
            [
              118.6679985,
              24.9306716
            ],
            [
              118.6684376,
              24.93062
            ],
            [
              118.6704053,
              24.93062
            ],
            [
              118.6704163,
              24.9315731
            ],
            [
              118.6704378,
              24.9333407
            ],
            [
              118.66772,
              24.9333556
            ],
            [
              118.6677117,
              24.9342887
            ],
            [
              118.6676887,
              24.9343724
            ],
            [
              118.6676404,
              24.9344332
            ],
            [
              118.6675494,
              24.934446
            ],
            [
              118.6640469,
              24.9341075
            ],
            [
              118.6641119,
              24.9338937
            ],
            [
              118.6640957,
              24.933584
            ],
            [
              118.6640632,
              24.933385
            ],
            [
              118.6636729,
              24.9329057
            ],
            [
              118.6632989,
              24.9327435
            ]
          ]
        ]
      },
      "properties": {
        "osm_id": 538394091,
        "landuse": "",
        "amenity": "college",
        "leisure": ""
      }
    },
    {
      "type": "Feature",
      "geometry": {
        "type": "Polygon",
        "coordinates": [
          [
            [
              118.6720003,
              24.9485152
            ],
            [
              118.6714334,
              24.9478894
            ],
            [
              118.6728754,
              24.946867
            ],
            [
              118.6732451,
              24.9472022
            ],
            [
              118.6722838,
              24.9479034
            ],
            [
              118.6726412,
              24.948247
            ],
            [
              118.6720003,
              24.9485152
            ]
          ]
        ]
      },
      "properties": {
        "osm_id": 538394106,
        "landuse": "",
        "amenity": "school",
        "leisure": ""
      }
    },
    {
      "type": "Feature",
      "geometry": {
        "type": "Polygon",
        "coordinates": [
          [
            [
              118.6851206,
              24.9741668
            ],
            [
              118.6858931,
              24.972883
            ],
            [
              118.6878028,
              24.9731359
            ],
            [
              118.687438,
              24.9743419
            ],
            [
              118.6851206,
              24.9741668
            ]
          ]
        ]
      },
      "properties": {
        "osm_id": 538394120,
        "landuse": "industrial",
        "amenity": "",
        "leisure": ""
      }
    },
    {
      "type": "Feature",
      "geometry": {
        "type": "Polygon",
        "coordinates": [
          [
            [
              118.6818805,
              24.973097
            ],
            [
              118.6832753,
              24.9730192
            ],
            [
              118.6857,
              24.9719591
            ],
            [
              118.6854639,
              24.9710837
            ],
            [
              118.6842838,
              24.9711226
            ],
            [
              118.6837473,
              24.9720272
            ],
            [
              118.6822024,
              24.9722022
            ],
            [
              118.6818805,
              24.973097
            ]
          ]
        ]
      },
      "properties": {
        "osm_id": 538394121,
        "landuse": "industrial",
        "amenity": "",
        "leisure": ""
      }
    },
    {
      "type": "Feature",
      "geometry": {
        "type": "Polygon",
        "coordinates": [
          [
            [
              118.6818963,
              24.878346
            ],
            [
              118.681694,
              24.8784025
            ],
            [
              118.6824873,
              24.8759836
            ],
            [
              118.6824982,
              24.8759083
            ],
            [
              118.6827675,
              24.8740432
            ],
            [
              118.6826911,
              24.8720298
            ],
            [
              118.6826553,
              24.8710855
            ],
            [
              118.6826495,
              24.870931
            ],
            [
              118.6826085,
              24.8705055
            ],
            [
              118.6825191,
              24.8695773
            ],
            [
              118.6824049,
              24.8690846
            ],
            [
              118.6823283,
              24.8687543
            ],
            [
              118.6822701,
              24.8684061
            ],
            [
              118.6817588,
              24.8670946
            ],
            [
              118.6812214,
              24.8660573
            ],
            [
              118.6808808,
              24.8653998
            ],
            [
              118.6793835,
              24.8636064
            ],
            [
              118.6791325,
              24.8632082
            ],
            [
              118.6788437,
              24.8629697
            ],
            [
              118.6780932,
              24.8621863
            ],
            [
              118.6777052,
              24.8617813
            ],
            [
              118.6775213,
              24.8616343
            ],
            [
              118.6764537,
              24.8607813
            ],
            [
              118.6753365,
              24.8601181
            ],
            [
              118.6750794,
              24.8599655
            ],
            [
              118.6746977,
              24.8597389
            ],
            [
              118.6740833,
              24.8594928
            ],
            [
              118.6739866,
              24.859454
            ],
            [
              118.6732594,
              24.8591627
            ],
            [
              118.6716903,
              24.858722
            ],
            [
              118.6714707,
              24.8586836
            ],
            [
              118.6711731,
              24.8586316
            ],
            [
              118.6709895,
              24.8586099
            ],
            [
              118.6708113,
              24.8585808
            ],
            [
              118.6706891,
              24.8585503
            ],
            [
              118.6705173,
              24.8585274
            ],
            [
              118.670081,
              24.8584408
            ],
            [
              118.669886,
              24.8584068
            ],
            [
              118.6695141,
              24.8583418
            ],
            [
              118.6687337,
              24.8582054
            ],
            [
              118.6653502,
              24.8575928
            ],
            [
              118.6638459,
              24.8572004
            ],
            [
              118.6637703,
              24.8571674
            ],
            [
              118.6632892,
              24.8569573
            ],
            [
              118.662859,
              24.8568393
            ],
            [
              118.6623987,
              24.8566606
            ],
            [
              118.6611144,
              24.8561618
            ],
            [
              118.6599064,
              24.8556927
            ],
            [
              118.65942,
              24.8555067
            ],
            [
              118.6568432,
              24.8544926
            ],
            [
              118.6564473,
              24.8544261
            ],
            [
              118.6555508,
              24.8542219
            ],
            [
              118.6553943,
              24.8540389
            ],
            [
              118.6553619,
              24.854001
            ],
            [
              118.6560275,
              24.854039
            ],
            [
              118.657389,
              24.854305
            ],
            [
              118.6577994,
              24.8544267
            ],
            [
              118.6580609,
              24.8545143
            ],
            [
              118.6586738,
              24.8547115
            ],
            [
              118.6598063,
              24.8550835
            ],
            [
              118.6598992,
              24.8551249
            ],
            [
              118.6600836,
              24.8552034
            ],
            [
              118.6610569,
              24.8555511
            ],
            [
              118.6613353,
              24.855647
            ],
            [
              118.6615169,
              24.855713
            ],
            [
              118.6617623,
              24.855803
            ],
            [
              118.6627507,
              24.8561401
            ],
            [
              118.6635634,
              24.856409
            ],
            [
              118.6643922,
              24.8566633
            ],
            [
              118.6661223,
              24.8571172
            ],
            [
              118.6671415,
              24.857335
            ],
            [
              118.6672635,
              24.8573448
            ],
            [
              118.6679797,
              24.8573764
            ],
            [
              118.6683834,
              24.8574081
            ],
            [
              118.6702059,
              24.8574847
            ],
            [
              118.6710642,
              24.8575188
            ],
            [
              118.6720137,
              24.8575662
            ],
            [
              118.6733857,
              24.8576295
            ],
            [
              118.6739905,
              24.8576843
            ],
            [
              118.6743352,
              24.8577256
            ],
            [
              118.6747241,
              24.8577573
            ],
            [
              118.6747362,
              24.8577634
            ],
            [
              118.6749816,
              24.8577901
            ],
            [
              118.6750661,
              24.8578072
            ],
            [
              118.6756964,
              24.858008
            ],
            [
              118.6763361,
              24.8582209
            ],
            [
              118.6764246,
              24.8582562
            ],
            [
              118.6770281,
              24.8586103
            ],
            [
              118.6773755,
              24.8588074
            ],
            [
              118.6774519,
              24.8588622
            ],
            [
              118.677924,
              24.8592467
            ],
            [
              118.6785972,
              24.8598004
            ],
            [
              118.6786509,
              24.8598344
            ],
            [
              118.6787099,
              24.859877
            ],
            [
              118.6787648,
              24.8599348
            ],
            [
              118.6787984,
              24.8599695
            ],
            [
              118.6788433,
              24.8600316
            ],
            [
              118.6791511,
              24.8603455
            ],
            [
              118.6795092,
              24.8607008
            ],
            [
              118.679882,
              24.8610707
            ],
            [
              118.6800081,
              24.8612009
            ],
            [
              118.6802374,
              24.8614954
            ],
            [
              118.6805016,
              24.8618483
            ],
            [
              118.6808033,
              24.8622511
            ],
            [
              118.6810541,
              24.8625699
            ],
            [
              118.6812365,
              24.8628059
            ],
            [
              118.6813223,
              24.8629264
            ],
            [
              118.6816844,
              24.863508
            ],
            [
              118.6820358,
              24.8640604
            ],
            [
              118.6821578,
              24.8642649
            ],
            [
              118.6822061,
              24.8643987
            ],
            [
              118.6823362,
              24.8647917
            ],
            [
              118.6824676,
              24.8652541
            ],
            [
              118.6826205,
              24.8657639
            ],
            [
              118.6827245,
              24.8661217
            ],
            [
              118.6827338,
              24.8661369
            ],
            [
              118.6827473,
              24.8661551
            ],
            [
              118.6827908,
              24.8662859
            ],
            [
              118.6828009,
              24.8663364
            ],
            [
              118.6828029,
              24.8663541
            ],
            [
              118.6828049,
              24.8664216
            ],
            [
              118.682813,
              24.8664581
            ],
            [
              118.6829893,
              24.8670476
            ],
            [
              118.6830014,
              24.8671316
            ],
            [
              118.6830953,
              24.8676877
            ],
            [
              118.683106,
              24.8677674
            ],
            [
              118.6831144,
              24.8677972
            ],
            [
              118.6831234,
              24.8678343
            ],
            [
              118.6831362,
              24.8679012
            ],
            [
              118.6831489,
              24.8679766
            ],
            [
              118.6831643,
              24.8680892
            ],
            [
              118.6831878,
              24.8682449
            ],
            [
              118.6832321,
              24.8685382
            ],
            [
              118.6832736,
              24.8687986
            ],
            [
              118.6833192,
              24.86911
            ],
            [
              118.6833789,
              24.8699167
            ],
            [
              118.6834024,
              24.8703237
            ],
            [
              118.6834135,
              24.870502
            ],
            [
              118.6834319,
              24.8709339
            ],
            [
              118.6834332,
              24.8713069
            ],
            [
              118.6834312,
              24.8715301
            ],
            [
              118.6834252,
              24.8718781
            ],
            [
              118.6834185,
              24.8728563
            ],
            [
              118.6834212,
              24.873472
            ],
            [
              118.6834064,
              24.8737068
            ],
            [
              118.6833876,
              24.8738601
            ],
            [
              118.6833675,
              24.8740061
            ],
            [
              118.6832428,
              24.8748493
            ],
            [
              118.6832026,
              24.8750841
            ],
            [
              118.6831757,
              24.8752228
            ],
            [
              118.6831328,
              24.8753627
            ],
            [
              118.6827546,
              24.8764529
            ],
            [
              118.6826259,
              24.8767254
            ],
            [
              118.6822504,
              24.8774359
            ],
            [
              118.6821941,
              24.8775698
            ],
            [
              118.6818963,
              24.8783241
            ],
            [
              118.6818963,
              24.878346
            ]
          ]
        ]
      },
      "properties": {
        "osm_id": 538404321,
        "landuse": "",
        "amenity": "",
        "leisure": "park"
      }
    },
    {
      "type": "Feature",
      "geometry": {
        "type": "Polygon",
        "coordinates": [
          [
            [
              118.6765491,
              24.890592
            ],
            [
              118.6767767,
              24.8914453
            ],
            [
              118.6774898,
              24.8918238
            ],
            [
              118.6789312,
              24.8907709
            ],
            [
              118.6798568,
              24.8897455
            ],
            [
              118.6794471,
              24.8893326
            ],
            [
              118.6783395,
              24.8896492
            ],
            [
              118.6775657,
              24.8904544
            ],
            [
              118.6765491,
              24.890592
            ]
          ]
        ]
      },
      "properties": {
        "osm_id": 538404384,
        "landuse": "industrial",
        "amenity": "",
        "leisure": ""
      }
    },
    {
      "type": "Feature",
      "geometry": {
        "type": "Polygon",
        "coordinates": [
          [
            [
              118.6780837,
              24.8870868
            ],
            [
              118.6772037,
              24.8856141
            ],
            [
              118.6776741,
              24.8853938
            ],
            [
              118.6794796,
              24.8857104
            ],
            [
              118.67951,
              24.8872451
            ],
            [
              118.6780837,
              24.8870868
            ]
          ]
        ]
      },
      "properties": {
        "osm_id": 538404388,
        "landuse": "industrial",
        "amenity": "",
        "leisure": ""
      }
    },
    {
      "type": "Feature",
      "geometry": {
        "type": "Polygon",
        "coordinates": [
          [
            [
              118.6746378,
              24.8768736
            ],
            [
              118.6748459,
              24.8761322
            ],
            [
              118.6756755,
              24.8743635
            ],
            [
              118.6759351,
              24.8742924
            ],
            [
              118.677643,
              24.8751936
            ],
            [
              118.6778059,
              24.8754501
            ],
            [
              118.6765799,
              24.8778023
            ],
            [
              118.676241,
              24.8779219
            ],
            [
              118.6747489,
              24.8772301
            ],
            [
              118.6746519,
              24.8770552
            ],
            [
              118.6746378,
              24.8768736
            ]
          ]
        ]
      },
      "properties": {
        "osm_id": 538404392,
        "landuse": "",
        "amenity": "school",
        "leisure": ""
      }
    },
    {
      "type": "Feature",
      "geometry": {
        "type": "Polygon",
        "coordinates": [
          [
            [
              118.6770935,
              24.8780446
            ],
            [
              118.6771807,
              24.8783766
            ],
            [
              118.6781044,
              24.8788035
            ],
            [
              118.6789933,
              24.8772856
            ],
            [
              118.6777384,
              24.8767085
            ],
            [
              118.6770935,
              24.8780446
            ]
          ]
        ]
      },
      "properties": {
        "osm_id": 538404401,
        "landuse": "",
        "amenity": "school",
        "leisure": ""
      }
    },
    {
      "type": "Feature",
      "geometry": {
        "type": "Polygon",
        "coordinates": [
          [
            [
              118.670589,
              24.8681293
            ],
            [
              118.6711154,
              24.868393
            ],
            [
              118.6714188,
              24.8678944
            ],
            [
              118.6708924,
              24.8676307
            ],
            [
              118.670589,
              24.8681293
            ]
          ]
        ]
      },
      "properties": {
        "osm_id": 538404431,
        "landuse": "",
        "amenity": "fuel",
        "leisure": ""
      }
    },
    {
      "type": "Feature",
      "geometry": {
        "type": "Polygon",
        "coordinates": [
          [
            [
              118.6531157,
              24.8540092
            ],
            [
              118.652621,
              24.8525792
            ],
            [
              118.6533622,
              24.8527827
            ],
            [
              118.6533788,
              24.85332
            ],
            [
              118.6533744,
              24.8540157
            ],
            [
              118.6531157,
              24.8540092
            ]
          ]
        ]
      },
      "properties": {
        "osm_id": 538404544,
        "landuse": "commercial",
        "amenity": "",
        "leisure": ""
      }
    },
    {
      "type": "Feature",
      "geometry": {
        "type": "Polygon",
        "coordinates": [
          [
            [
              118.6533744,
              24.8540157
            ],
            [
              118.6535164,
              24.8540238
            ],
            [
              118.6536957,
              24.854034
            ],
            [
              118.654198,
              24.8540627
            ],
            [
              118.6553564,
              24.854199
            ],
            [
              118.6555508,
              24.8542219
            ],
            [
              118.6553943,
              24.8540389
            ],
            [
              118.6553619,
              24.854001
            ],
            [
              118.6551924,
              24.8538028
            ],
            [
              118.6547345,
              24.8534352
            ],
            [
              118.6541119,
              24.8530908
            ],
            [
              118.6533622,
              24.8527827
            ],
            [
              118.6533788,
              24.85332
            ],
            [
              118.6533744,
              24.8540157
            ]
          ]
        ]
      },
      "properties": {
        "osm_id": 538404545,
        "landuse": "",
        "amenity": "",
        "leisure": "yes"
      }
    },
    {
      "type": "Feature",
      "geometry": {
        "type": "Polygon",
        "coordinates": [
          [
            [
              118.6773444,
              24.8605354
            ],
            [
              118.6774826,
              24.8607973
            ],
            [
              118.6776697,
              24.8609411
            ],
            [
              118.6778404,
              24.861026
            ],
            [
              118.6780193,
              24.8611219
            ],
            [
              118.6780925,
              24.8610444
            ],
            [
              118.6784177,
              24.8610739
            ],
            [
              118.6785003,
              24.8609981
            ],
            [
              118.6784421,
              24.860919
            ],
            [
              118.678312,
              24.8607936
            ],
            [
              118.6780843,
              24.8606755
            ],
            [
              118.6779542,
              24.8606202
            ],
            [
              118.6777347,
              24.8605538
            ],
            [
              118.6775558,
              24.860539
            ],
            [
              118.6773444,
              24.8605354
            ]
          ]
        ]
      },
      "properties": {
        "osm_id": 538404590,
        "landuse": "",
        "amenity": "",
        "leisure": "playground"
      }
    },
    {
      "type": "Feature",
      "geometry": {
        "type": "Polygon",
        "coordinates": [
          [
            [
              118.6589046,
              24.8706113
            ],
            [
              118.6593641,
              24.8712156
            ],
            [
              118.6599331,
              24.8708595
            ],
            [
              118.6594736,
              24.8702552
            ],
            [
              118.6589046,
              24.8706113
            ]
          ]
        ]
      },
      "properties": {
        "osm_id": 538404622,
        "landuse": "",
        "amenity": "",
        "leisure": "park"
      }
    },
    {
      "type": "Feature",
      "geometry": {
        "type": "Polygon",
        "coordinates": [
          [
            [
              118.6380497,
              24.8963691
            ],
            [
              118.6373597,
              24.8959728
            ],
            [
              118.6377622,
              24.89542
            ],
            [
              118.6386361,
              24.8956912
            ],
            [
              118.6380497,
              24.8963691
            ]
          ]
        ]
      },
      "properties": {
        "osm_id": 538404707,
        "landuse": "",
        "amenity": "parking",
        "leisure": ""
      }
    },
    {
      "type": "Feature",
      "geometry": {
        "type": "Polygon",
        "coordinates": [
          [
            [
              118.6373942,
              24.8948098
            ],
            [
              118.6361524,
              24.8948567
            ],
            [
              118.6361524,
              24.8955452
            ],
            [
              118.6366928,
              24.895686
            ],
            [
              118.6374977,
              24.8952583
            ],
            [
              118.6373942,
              24.8948098
            ]
          ]
        ]
      },
      "properties": {
        "osm_id": 538404708,
        "landuse": "",
        "amenity": "",
        "leisure": "yes"
      }
    },
    {
      "type": "Feature",
      "geometry": {
        "type": "Polygon",
        "coordinates": [
          [
            [
              118.6282947,
              24.882046
            ],
            [
              118.6280776,
              24.8817165
            ],
            [
              118.6284518,
              24.8815213
            ],
            [
              118.6286626,
              24.8818349
            ],
            [
              118.6282947,
              24.882046
            ]
          ]
        ]
      },
      "properties": {
        "osm_id": 538404721,
        "landuse": "",
        "amenity": "",
        "leisure": "pitch"
      }
    },
    {
      "type": "Feature",
      "geometry": {
        "type": "Polygon",
        "coordinates": [
          [
            [
              118.6496438,
              24.8929738
            ],
            [
              118.6497197,
              24.8940818
            ],
            [
              118.6490217,
              24.8940955
            ],
            [
              118.6484755,
              24.8939579
            ],
            [
              118.6481417,
              24.8936001
            ],
            [
              118.6480659,
              24.8929945
            ],
            [
              118.6496438,
              24.8929738
            ]
          ]
        ]
      },
      "properties": {
        "osm_id": 538404749,
        "landuse": "",
        "amenity": "",
        "leisure": "park"
      }
    },
    {
      "type": "Feature",
      "geometry": {
        "type": "Polygon",
        "coordinates": [
          [
            [
              118.653346,
              24.8928913
            ],
            [
              118.6529628,
              24.8928979
            ],
            [
              118.6514797,
              24.8927743
            ],
            [
              118.6482783,
              24.8927399
            ],
            [
              118.6480962,
              24.8926229
            ],
            [
              118.6460934,
              24.893194
            ],
            [
              118.6456382,
              24.8927192
            ],
            [
              118.6457899,
              24.8915218
            ],
            [
              118.645702,
              24.8912268
            ],
            [
              118.6443637,
              24.8885695
            ],
            [
              118.6444244,
              24.8881635
            ],
            [
              118.644834,
              24.8879089
            ],
            [
              118.6450465,
              24.8874684
            ],
            [
              118.645623,
              24.8871174
            ],
            [
              118.6458354,
              24.8866288
            ],
            [
              118.6462148,
              24.8856103
            ],
            [
              118.6448492,
              24.8847707
            ],
            [
              118.6452892,
              24.8842132
            ],
            [
              118.6451375,
              24.8834424
            ],
            [
              118.6462451,
              24.8835044
            ],
            [
              118.6486424,
              24.8848188
            ],
            [
              118.6488245,
              24.8849634
            ],
            [
              118.6487183,
              24.8854795
            ],
            [
              118.6482328,
              24.8858649
            ],
            [
              118.6482024,
              24.8860301
            ],
            [
              118.6483541,
              24.8862365
            ],
            [
              118.6487486,
              24.8863329
            ],
            [
              118.6489459,
              24.8865118
            ],
            [
              118.6495528,
              24.8865738
            ],
            [
              118.6499321,
              24.8859475
            ],
            [
              118.6508121,
              24.8859957
            ],
            [
              118.650888,
              24.8867183
            ],
            [
              118.6522839,
              24.8869798
            ],
            [
              118.6528453,
              24.8852662
            ],
            [
              118.6537557,
              24.8853901
            ],
            [
              118.653346,
              24.8928913
            ]
          ]
        ]
      },
      "properties": {
        "osm_id": 538404756,
        "landuse": "",
        "amenity": "",
        "leisure": "nature_reserve"
      }
    },
    {
      "type": "Feature",
      "geometry": {
        "type": "Polygon",
        "coordinates": [
          [
            [
              118.6343328,
              24.8988244
            ],
            [
              118.6347678,
              24.8999139
            ],
            [
              118.6337512,
              24.9001685
            ],
            [
              118.6332966,
              24.899205
            ],
            [
              118.6343328,
              24.8988244
            ]
          ]
        ]
      },
      "properties": {
        "osm_id": 538404763,
        "landuse": "industrial",
        "amenity": "",
        "leisure": ""
      }
    },
    {
      "type": "Feature",
      "geometry": {
        "type": "Polygon",
        "coordinates": [
          [
            [
              118.6209371,
              24.8862428
            ],
            [
              118.6209046,
              24.8865659
            ],
            [
              118.6206955,
              24.8871738
            ],
            [
              118.6205265,
              24.8874865
            ],
            [
              118.6204819,
              24.8875691
            ],
            [
              118.620422,
              24.8876798
            ],
            [
              118.6196933,
              24.8882986
            ],
            [
              118.6194297,
              24.888241
            ],
            [
              118.6192521,
              24.8882457
            ],
            [
              118.6191922,
              24.8881469
            ],
            [
              118.6189132,
              24.8876861
            ],
            [
              118.6186399,
              24.8872347
            ],
            [
              118.6184865,
              24.8869813
            ],
            [
              118.6184581,
              24.8868131
            ],
            [
              118.6190023,
              24.8853402
            ],
            [
              118.6198863,
              24.8856646
            ],
            [
              118.6204239,
              24.8858619
            ],
            [
              118.6204862,
              24.8858848
            ],
            [
              118.6208677,
              24.8860866
            ],
            [
              118.6209371,
              24.8862428
            ]
          ]
        ]
      },
      "properties": {
        "osm_id": 538427081,
        "landuse": "",
        "amenity": "school",
        "leisure": ""
      }
    },
    {
      "type": "Feature",
      "geometry": {
        "type": "Polygon",
        "coordinates": [
          [
            [
              118.6214272,
              24.8860103
            ],
            [
              118.6213488,
              24.8845815
            ],
            [
              118.6221676,
              24.8844522
            ],
            [
              118.6228308,
              24.8846182
            ],
            [
              118.6243168,
              24.8851604
            ],
            [
              118.6241371,
              24.8858288
            ],
            [
              118.623298,
              24.8856376
            ],
            [
              118.6231199,
              24.8860513
            ],
            [
              118.6224252,
              24.8858575
            ],
            [
              118.6222621,
              24.8860034
            ],
            [
              118.6220306,
              24.8860786
            ],
            [
              118.6219624,
              24.8861774
            ],
            [
              118.6214272,
              24.8860103
            ]
          ]
        ]
      },
      "properties": {
        "osm_id": 538427082,
        "landuse": "",
        "amenity": "school",
        "leisure": ""
      }
    },
    {
      "type": "Feature",
      "geometry": {
        "type": "Polygon",
        "coordinates": [
          [
            [
              118.6253418,
              24.8837674
            ],
            [
              118.6280076,
              24.8845405
            ],
            [
              118.626842,
              24.8877904
            ],
            [
              118.626072,
              24.8871445
            ],
            [
              118.6246802,
              24.8858921
            ],
            [
              118.6234338,
              24.8855807
            ],
            [
              118.6230924,
              24.8859166
            ],
            [
              118.6211443,
              24.8858879
            ],
            [
              118.6207826,
              24.8837295
            ],
            [
              118.6209384,
              24.8817806
            ],
            [
              118.6233429,
              24.8810232
            ],
            [
              118.6237436,
              24.8819421
            ],
            [
              118.6264074,
              24.8814949
            ],
            [
              118.6253418,
              24.8837674
            ]
          ]
        ]
      },
      "properties": {
        "osm_id": 538427084,
        "landuse": "",
        "amenity": "college",
        "leisure": ""
      }
    },
    {
      "type": "Feature",
      "geometry": {
        "type": "Polygon",
        "coordinates": [
          [
            [
              118.6510547,
              24.8789974
            ],
            [
              118.6504407,
              24.8775335
            ],
            [
              118.6518418,
              24.8768694
            ],
            [
              118.6522983,
              24.8770908
            ],
            [
              118.6530067,
              24.8783119
            ],
            [
              118.6510547,
              24.8789974
            ]
          ]
        ]
      },
      "properties": {
        "osm_id": 538427091,
        "landuse": "",
        "amenity": "school",
        "leisure": ""
      }
    },
    {
      "type": "Feature",
      "geometry": {
        "type": "Polygon",
        "coordinates": [
          [
            [
              118.6471873,
              24.8826023
            ],
            [
              118.6487244,
              24.8811587
            ],
            [
              118.6501349,
              24.8827336
            ],
            [
              118.6489775,
              24.8838655
            ],
            [
              118.6478563,
              24.8834882
            ],
            [
              118.6471873,
              24.8826023
            ]
          ]
        ]
      },
      "properties": {
        "osm_id": 538427092,
        "landuse": "industrial",
        "amenity": "",
        "leisure": ""
      }
    },
    {
      "type": "Feature",
      "geometry": {
        "type": "Polygon",
        "coordinates": [
          [
            [
              118.6451257,
              24.8804943
            ],
            [
              118.6445832,
              24.8794115
            ],
            [
              118.6446194,
              24.8785995
            ],
            [
              118.6461927,
              24.8774183
            ],
            [
              118.6468075,
              24.8778038
            ],
            [
              118.6483084,
              24.8778448
            ],
            [
              118.6481818,
              24.8811833
            ],
            [
              118.64735,
              24.8821102
            ],
            [
              118.6463192,
              24.8805599
            ],
            [
              118.6451257,
              24.8804943
            ]
          ]
        ]
      },
      "properties": {
        "osm_id": 538427093,
        "landuse": "industrial",
        "amenity": "",
        "leisure": ""
      }
    },
    {
      "type": "Feature",
      "geometry": {
        "type": "Polygon",
        "coordinates": [
          [
            [
              118.6399012,
              24.9109488
            ],
            [
              118.6387978,
              24.9096911
            ],
            [
              118.6399708,
              24.9087355
            ],
            [
              118.6411041,
              24.9099796
            ],
            [
              118.6410444,
              24.9103313
            ],
            [
              118.6402193,
              24.9109894
            ],
            [
              118.6399012,
              24.9109488
            ]
          ]
        ]
      },
      "properties": {
        "osm_id": 538427173,
        "landuse": "industrial",
        "amenity": "",
        "leisure": ""
      }
    },
    {
      "type": "Feature",
      "geometry": {
        "type": "Polygon",
        "coordinates": [
          [
            [
              118.6758308,
              24.8924265
            ],
            [
              118.6743828,
              24.8915466
            ],
            [
              118.674439,
              24.8910811
            ],
            [
              118.6759573,
              24.8907496
            ],
            [
              118.6763791,
              24.8908771
            ],
            [
              118.6764915,
              24.8911385
            ],
            [
              118.6763931,
              24.8917953
            ],
            [
              118.6758308,
              24.8924265
            ]
          ]
        ]
      },
      "properties": {
        "osm_id": 538427230,
        "landuse": "industrial",
        "amenity": "",
        "leisure": ""
      }
    },
    {
      "type": "Feature",
      "geometry": {
        "type": "Polygon",
        "coordinates": [
          [
            [
              118.6745287,
              24.8923114
            ],
            [
              118.6740432,
              24.8919811
            ],
            [
              118.6743533,
              24.891606
            ],
            [
              118.6748388,
              24.8919364
            ],
            [
              118.6745287,
              24.8923114
            ]
          ]
        ]
      },
      "properties": {
        "osm_id": 538427231,
        "landuse": "industrial",
        "amenity": "",
        "leisure": ""
      }
    },
    {
      "type": "Feature",
      "geometry": {
        "type": "Polygon",
        "coordinates": [
          [
            [
              118.6836141,
              24.8853424
            ],
            [
              118.6836295,
              24.8855037
            ],
            [
              118.6826283,
              24.8868222
            ],
            [
              118.6799315,
              24.8895175
            ],
            [
              118.6795439,
              24.8891586
            ],
            [
              118.6799961,
              24.8884995
            ],
            [
              118.6793017,
              24.8879355
            ],
            [
              118.6799476,
              24.8872689
            ],
            [
              118.6799638,
              24.8858187
            ],
            [
              118.6786558,
              24.8839436
            ],
            [
              118.6809327,
              24.8835774
            ],
            [
              118.6817264,
              24.883674
            ],
            [
              118.6818191,
              24.8837581
            ],
            [
              118.6830565,
              24.8848802
            ],
            [
              118.6836141,
              24.8853424
            ]
          ]
        ]
      },
      "properties": {
        "osm_id": 538427254,
        "landuse": "industrial",
        "amenity": "",
        "leisure": ""
      }
    },
    {
      "type": "Feature",
      "geometry": {
        "type": "Polygon",
        "coordinates": [
          [
            [
              118.6734868,
              24.885261
            ],
            [
              118.6739714,
              24.8839567
            ],
            [
              118.6754404,
              24.8844059
            ],
            [
              118.6749558,
              24.8857102
            ],
            [
              118.6734868,
              24.885261
            ]
          ]
        ]
      },
      "properties": {
        "osm_id": 538427255,
        "landuse": "commercial",
        "amenity": "",
        "leisure": ""
      }
    },
    {
      "type": "Feature",
      "geometry": {
        "type": "Polygon",
        "coordinates": [
          [
            [
              118.6775267,
              24.8848779
            ],
            [
              118.6781726,
              24.8839111
            ],
            [
              118.6790285,
              24.8850757
            ],
            [
              118.6775267,
              24.8848779
            ]
          ]
        ]
      },
      "properties": {
        "osm_id": 538427258,
        "landuse": "commercial",
        "amenity": "",
        "leisure": ""
      }
    },
    {
      "type": "Feature",
      "geometry": {
        "type": "Polygon",
        "coordinates": [
          [
            [
              118.6997879,
              24.8790022
            ],
            [
              118.7002031,
              24.8775321
            ],
            [
              118.70051,
              24.8763165
            ],
            [
              118.7016606,
              24.8741852
            ],
            [
              118.7040585,
              24.8743716
            ],
            [
              118.7036474,
              24.8796549
            ],
            [
              118.7009526,
              24.8796963
            ],
            [
              118.7007242,
              24.8790748
            ],
            [
              118.6997879,
              24.8790022
            ]
          ]
        ]
      },
      "properties": {
        "osm_id": 538427262,
        "landuse": "industrial",
        "amenity": "",
        "leisure": ""
      }
    },
    {
      "type": "Feature",
      "geometry": {
        "type": "Polygon",
        "coordinates": [
          [
            [
              118.6397175,
              24.9434685
            ],
            [
              118.6399242,
              24.9434729
            ],
            [
              118.6399464,
              24.9431516
            ],
            [
              118.6397247,
              24.9431618
            ],
            [
              118.6397175,
              24.9434685
            ]
          ]
        ]
      },
      "properties": {
        "osm_id": 543830882,
        "landuse": "",
        "amenity": "",
        "leisure": "pitch"
      }
    },
    {
      "type": "Feature",
      "geometry": {
        "type": "Polygon",
        "coordinates": [
          [
            [
              118.5832677,
              24.9121095
            ],
            [
              118.5835661,
              24.9120462
            ],
            [
              118.5835305,
              24.9119081
            ],
            [
              118.5832321,
              24.9119714
            ],
            [
              118.5832677,
              24.9121095
            ]
          ]
        ]
      },
      "properties": {
        "osm_id": 544134803,
        "landuse": "",
        "amenity": "place_of_worship",
        "leisure": ""
      }
    },
    {
      "type": "Feature",
      "geometry": {
        "type": "Polygon",
        "coordinates": [
          [
            [
              118.5281828,
              24.9592599
            ],
            [
              118.5289017,
              24.9593183
            ],
            [
              118.5305025,
              24.9584241
            ],
            [
              118.5299867,
              24.9578609
            ],
            [
              118.5298275,
              24.957675
            ],
            [
              118.5296496,
              24.9574955
            ],
            [
              118.5295142,
              24.9573652
            ],
            [
              118.5292843,
              24.9571041
            ],
            [
              118.52898,
              24.9568531
            ],
            [
              118.5288095,
              24.9567616
            ],
            [
              118.5286978,
              24.9567017
            ],
            [
              118.5286597,
              24.9566849
            ],
            [
              118.5275927,
              24.9562154
            ],
            [
              118.526713,
              24.9561959
            ],
            [
              118.5267988,
              24.9570713
            ],
            [
              118.5267881,
              24.9575966
            ],
            [
              118.5279971,
              24.9590384
            ],
            [
              118.5281828,
              24.9592599
            ]
          ]
        ]
      },
      "properties": {
        "osm_id": 544144960,
        "landuse": "",
        "amenity": "school",
        "leisure": ""
      }
    },
    {
      "type": "Feature",
      "geometry": {
        "type": "Polygon",
        "coordinates": [
          [
            [
              118.6002884,
              24.8931766
            ],
            [
              118.6004865,
              24.8930768
            ],
            [
              118.6002499,
              24.89269
            ],
            [
              118.6000517,
              24.8927898
            ],
            [
              118.6002884,
              24.8931766
            ]
          ]
        ]
      },
      "properties": {
        "osm_id": 564539116,
        "landuse": "",
        "amenity": "parking",
        "leisure": ""
      }
    },
    {
      "type": "Feature",
      "geometry": {
        "type": "Polygon",
        "coordinates": [
          [
            [
              118.5989842,
              24.8943331
            ],
            [
              118.5992764,
              24.8941606
            ],
            [
              118.5991624,
              24.8939335
            ],
            [
              118.5988509,
              24.8940294
            ],
            [
              118.5989842,
              24.8943331
            ]
          ]
        ]
      },
      "properties": {
        "osm_id": 564540848,
        "landuse": "",
        "amenity": "police",
        "leisure": ""
      }
    },
    {
      "type": "Feature",
      "geometry": {
        "type": "Polygon",
        "coordinates": [
          [
            [
              118.5963448,
              24.8952229
            ],
            [
              118.5969811,
              24.8948162
            ],
            [
              118.5966366,
              24.8942813
            ],
            [
              118.5959721,
              24.8946334
            ],
            [
              118.5963448,
              24.8952229
            ]
          ]
        ]
      },
      "properties": {
        "osm_id": 564709031,
        "landuse": "",
        "amenity": "school",
        "leisure": ""
      }
    },
    {
      "type": "Feature",
      "geometry": {
        "type": "Polygon",
        "coordinates": [
          [
            [
              118.5976569,
              24.8937469
            ],
            [
              118.597669,
              24.8937661
            ],
            [
              118.5976735,
              24.8937879
            ],
            [
              118.5976699,
              24.8938098
            ],
            [
              118.5976586,
              24.8938294
            ],
            [
              118.5976409,
              24.8938446
            ],
            [
              118.5976186,
              24.8938536
            ],
            [
              118.5975943,
              24.8938555
            ],
            [
              118.5975712,
              24.8938503
            ],
            [
              118.5975512,
              24.8938387
            ],
            [
              118.5975363,
              24.8938218
            ],
            [
              118.5975281,
              24.8938016
            ],
            [
              118.5975276,
              24.89378
            ],
            [
              118.5975346,
              24.8937594
            ],
            [
              118.5975486,
              24.8937419
            ],
            [
              118.597568,
              24.8937294
            ],
            [
              118.5975914,
              24.8937231
            ],
            [
              118.5976158,
              24.8937242
            ],
            [
              118.5976384,
              24.8937324
            ],
            [
              118.5976569,
              24.8937469
            ]
          ]
        ]
      },
      "properties": {
        "osm_id": 564709032,
        "landuse": "",
        "amenity": "fountain",
        "leisure": ""
      }
    },
    {
      "type": "Feature",
      "geometry": {
        "type": "Polygon",
        "coordinates": [
          [
            [
              118.5994505,
              24.9063439
            ],
            [
              118.6011661,
              24.9059457
            ],
            [
              118.6013979,
              24.905978
            ],
            [
              118.6015373,
              24.9061069
            ],
            [
              118.6023613,
              24.9076566
            ],
            [
              118.6019223,
              24.9078852
            ],
            [
              118.6013368,
              24.9079737
            ],
            [
              118.6007189,
              24.9079
            ],
            [
              118.6002473,
              24.9077672
            ],
            [
              118.5998651,
              24.9075017
            ],
            [
              118.5995724,
              24.9070519
            ],
            [
              118.5993936,
              24.9066094
            ],
            [
              118.5994505,
              24.9063439
            ]
          ]
        ]
      },
      "properties": {
        "osm_id": 568606499,
        "landuse": "retail",
        "amenity": "",
        "leisure": ""
      }
    },
    {
      "type": "Feature",
      "geometry": {
        "type": "Polygon",
        "coordinates": [
          [
            [
              118.6103634,
              24.9064193
            ],
            [
              118.6118473,
              24.9059694
            ],
            [
              118.6122538,
              24.9070904
            ],
            [
              118.6108268,
              24.907743
            ],
            [
              118.6103634,
              24.9064193
            ]
          ]
        ]
      },
      "properties": {
        "osm_id": 568606500,
        "landuse": "",
        "amenity": "school",
        "leisure": ""
      }
    },
    {
      "type": "Feature",
      "geometry": {
        "type": "Polygon",
        "coordinates": [
          [
            [
              118.6005183,
              24.8999377
            ],
            [
              118.6019046,
              24.8992592
            ],
            [
              118.6012379,
              24.8977842
            ],
            [
              118.6004939,
              24.8980313
            ],
            [
              118.6006362,
              24.8984332
            ],
            [
              118.5997459,
              24.8987651
            ],
            [
              118.6001443,
              24.8994584
            ],
            [
              118.6005183,
              24.8999377
            ]
          ]
        ]
      },
      "properties": {
        "osm_id": 568606503,
        "landuse": "",
        "amenity": "school",
        "leisure": ""
      }
    },
    {
      "type": "Feature",
      "geometry": {
        "type": "Polygon",
        "coordinates": [
          [
            [
              118.5867792,
              24.8983097
            ],
            [
              118.5869622,
              24.8982729
            ],
            [
              118.5869988,
              24.8980922
            ],
            [
              118.5869724,
              24.8979963
            ],
            [
              118.5868219,
              24.8978433
            ],
            [
              118.586643,
              24.8978894
            ],
            [
              118.5866065,
              24.898083
            ],
            [
              118.5866369,
              24.8981825
            ],
            [
              118.5867792,
              24.8983097
            ]
          ]
        ]
      },
      "properties": {
        "osm_id": 581085406,
        "landuse": "",
        "amenity": "",
        "leisure": "stadium"
      }
    },
    {
      "type": "Feature",
      "geometry": {
        "type": "Polygon",
        "coordinates": [
          [
            [
              118.5850483,
              24.8988947
            ],
            [
              118.5854058,
              24.8987695
            ],
            [
              118.5850943,
              24.8981884
            ],
            [
              118.5848289,
              24.8983361
            ],
            [
              118.5850483,
              24.8988947
            ]
          ]
        ]
      },
      "properties": {
        "osm_id": 585711278,
        "landuse": "",
        "amenity": "marketplace",
        "leisure": ""
      }
    },
    {
      "type": "Feature",
      "geometry": {
        "type": "Polygon",
        "coordinates": [
          [
            [
              118.5857614,
              24.9002549
            ],
            [
              118.5857427,
              24.9001722
            ],
            [
              118.5859814,
              24.9001211
            ],
            [
              118.5861933,
              24.900182
            ],
            [
              118.5863006,
              24.9003815
            ],
            [
              118.5862442,
              24.9004788
            ],
            [
              118.5861208,
              24.9002622
            ],
            [
              118.5859626,
              24.9002063
            ],
            [
              118.5857614,
              24.9002549
            ]
          ]
        ]
      },
      "properties": {
        "osm_id": 585711279,
        "landuse": "",
        "amenity": "hospital",
        "leisure": ""
      }
    },
    {
      "type": "Feature",
      "geometry": {
        "type": "Polygon",
        "coordinates": [
          [
            [
              118.5865795,
              24.9004398
            ],
            [
              118.5863703,
              24.9001114
            ],
            [
              118.5864025,
              24.9000044
            ],
            [
              118.5870516,
              24.8997903
            ],
            [
              118.5872366,
              24.9001406
            ],
            [
              118.5865795,
              24.9004398
            ]
          ]
        ]
      },
      "properties": {
        "osm_id": 585711280,
        "landuse": "",
        "amenity": "marketplace",
        "leisure": ""
      }
    },
    {
      "type": "Feature",
      "geometry": {
        "type": "Polygon",
        "coordinates": [
          [
            [
              118.5894634,
              24.9040054
            ],
            [
              118.5894033,
              24.9039286
            ],
            [
              118.5894479,
              24.9039034
            ],
            [
              118.5895049,
              24.9038797
            ],
            [
              118.5896682,
              24.9038084
            ],
            [
              118.5897129,
              24.9038573
            ],
            [
              118.5897638,
              24.9039146
            ],
            [
              118.5895727,
              24.904011
            ],
            [
              118.5895404,
              24.9039649
            ],
            [
              118.5894634,
              24.9040054
            ]
          ]
        ]
      },
      "properties": {
        "osm_id": 585711284,
        "landuse": "",
        "amenity": "library",
        "leisure": ""
      }
    },
    {
      "type": "Feature",
      "geometry": {
        "type": "Polygon",
        "coordinates": [
          [
            [
              118.572968,
              24.893874
            ],
            [
              118.5745511,
              24.8946958
            ],
            [
              118.5764658,
              24.8954075
            ],
            [
              118.5775119,
              24.8952592
            ],
            [
              118.5761482,
              24.8940392
            ],
            [
              118.5762556,
              24.8937978
            ],
            [
              118.5751909,
              24.8926159
            ],
            [
              118.5748085,
              24.8921932
            ],
            [
              118.5740157,
              24.8927775
            ],
            [
              118.572968,
              24.893874
            ]
          ]
        ]
      },
      "properties": {
        "osm_id": 585711294,
        "landuse": "",
        "amenity": "",
        "leisure": "park"
      }
    },
    {
      "type": "Feature",
      "geometry": {
        "type": "Polygon",
        "coordinates": [
          [
            [
              118.5646545,
              24.8870453
            ],
            [
              118.5655979,
              24.8860625
            ],
            [
              118.5672604,
              24.8874774
            ],
            [
              118.5663264,
              24.888367
            ],
            [
              118.5646545,
              24.8870453
            ]
          ]
        ]
      },
      "properties": {
        "osm_id": 586824083,
        "landuse": "retail",
        "amenity": "",
        "leisure": ""
      }
    },
    {
      "type": "Feature",
      "geometry": {
        "type": "Polygon",
        "coordinates": [
          [
            [
              118.5612454,
              24.8856246
            ],
            [
              118.5605787,
              24.8851083
            ],
            [
              118.5620748,
              24.8836625
            ],
            [
              118.5627903,
              24.8841936
            ],
            [
              118.5624,
              24.8848575
            ],
            [
              118.5615706,
              24.8856393
            ],
            [
              118.5612454,
              24.8856246
            ]
          ]
        ]
      },
      "properties": {
        "osm_id": 586824085,
        "landuse": "commercial",
        "amenity": "",
        "leisure": ""
      }
    },
    {
      "type": "Feature",
      "geometry": {
        "type": "Polygon",
        "coordinates": [
          [
            [
              118.5926981,
              24.8921961
            ],
            [
              118.5911103,
              24.8923428
            ],
            [
              118.5907938,
              24.8912206
            ],
            [
              118.5907401,
              24.8911664
            ],
            [
              118.5909614,
              24.8905071
            ],
            [
              118.5913812,
              24.8904986
            ],
            [
              118.5915165,
              24.8904008
            ],
            [
              118.5919331,
              24.8909082
            ],
            [
              118.5919202,
              24.89122
            ],
            [
              118.5920814,
              24.8913468
            ],
            [
              118.5923519,
              24.8913959
            ],
            [
              118.5925187,
              24.8916033
            ],
            [
              118.5924796,
              24.8916819
            ],
            [
              118.5928121,
              24.8921193
            ],
            [
              118.5926981,
              24.8921961
            ]
          ]
        ]
      },
      "properties": {
        "osm_id": 586828981,
        "landuse": "",
        "amenity": "school",
        "leisure": ""
      }
    },
    {
      "type": "Feature",
      "geometry": {
        "type": "Polygon",
        "coordinates": [
          [
            [
              118.5825304,
              24.8858353
            ],
            [
              118.5820066,
              24.8856683
            ],
            [
              118.5812421,
              24.8850647
            ],
            [
              118.5805909,
              24.8838062
            ],
            [
              118.5804352,
              24.8828943
            ],
            [
              118.5811713,
              24.8818156
            ],
            [
              118.5824596,
              24.8802616
            ],
            [
              118.5841726,
              24.8787846
            ],
            [
              118.5858997,
              24.8775132
            ],
            [
              118.5878392,
              24.8765242
            ],
            [
              118.5887169,
              24.8763059
            ],
            [
              118.5888585,
              24.8765371
            ],
            [
              118.5875702,
              24.87777
            ],
            [
              118.5863244,
              24.8788617
            ],
            [
              118.5852485,
              24.8798378
            ],
            [
              118.5841159,
              24.8814816
            ],
            [
              118.5831533,
              24.8833053
            ],
            [
              118.5825304,
              24.8858353
            ]
          ]
        ]
      },
      "properties": {
        "osm_id": 586828983,
        "landuse": "",
        "amenity": "",
        "leisure": "park"
      }
    },
    {
      "type": "Feature",
      "geometry": {
        "type": "Polygon",
        "coordinates": [
          [
            [
              118.5777491,
              24.8949618
            ],
            [
              118.576236,
              24.8933182
            ],
            [
              118.5750218,
              24.8919457
            ],
            [
              118.5759932,
              24.8901835
            ],
            [
              118.5768898,
              24.8887092
            ],
            [
              118.5778799,
              24.8868622
            ],
            [
              118.5782348,
              24.8864555
            ],
            [
              118.5798413,
              24.8860319
            ],
            [
              118.5810181,
              24.8860488
            ],
            [
              118.5821202,
              24.8864047
            ],
            [
              118.582195,
              24.8871672
            ],
            [
              118.5817653,
              24.8885737
            ],
            [
              118.5812423,
              24.8896921
            ],
            [
              118.5797852,
              24.8925727
            ],
            [
              118.5777491,
              24.8949618
            ]
          ]
        ]
      },
      "properties": {
        "osm_id": 586828984,
        "landuse": "",
        "amenity": "",
        "leisure": "park"
      }
    },
    {
      "type": "Feature",
      "geometry": {
        "type": "Polygon",
        "coordinates": [
          [
            [
              118.5856448,
              24.898144
            ],
            [
              118.5855369,
              24.8980926
            ],
            [
              118.5854732,
              24.8980059
            ],
            [
              118.5854502,
              24.8979096
            ],
            [
              118.5854572,
              24.8977989
            ],
            [
              118.5855227,
              24.8977459
            ],
            [
              118.585682,
              24.8976897
            ],
            [
              118.5858253,
              24.8976287
            ],
            [
              118.586004,
              24.897579
            ],
            [
              118.5862058,
              24.8975051
            ],
            [
              118.5863226,
              24.8974682
            ],
            [
              118.5864588,
              24.8975115
            ],
            [
              118.586519,
              24.8975806
            ],
            [
              118.5865591,
              24.8976286
            ],
            [
              118.5865828,
              24.8977026
            ],
            [
              118.5865951,
              24.8977684
            ],
            [
              118.5865792,
              24.8978534
            ],
            [
              118.5865101,
              24.8979321
            ],
            [
              118.5864199,
              24.8979899
            ],
            [
              118.5863314,
              24.8980188
            ],
            [
              118.5860589,
              24.8980814
            ],
            [
              118.5858536,
              24.8981311
            ],
            [
              118.5857351,
              24.8981504
            ],
            [
              118.5856448,
              24.898144
            ]
          ]
        ]
      },
      "properties": {
        "osm_id": 587715460,
        "landuse": "",
        "amenity": "",
        "leisure": "pitch"
      }
    },
    {
      "type": "Feature",
      "geometry": {
        "type": "Polygon",
        "coordinates": [
          [
            [
              118.5856625,
              24.8983189
            ],
            [
              118.585613,
              24.898215
            ],
            [
              118.5856059,
              24.8982002
            ],
            [
              118.5855386,
              24.8981969
            ],
            [
              118.5853829,
              24.8978278
            ],
            [
              118.5851458,
              24.8978888
            ],
            [
              118.5850573,
              24.8978085
            ],
            [
              118.5850201,
              24.8976271
            ],
            [
              118.584891,
              24.8975501
            ],
            [
              118.5847459,
              24.8973912
            ],
            [
              118.5847547,
              24.8972483
            ],
            [
              118.5849069,
              24.8972644
            ],
            [
              118.5855015,
              24.8972884
            ],
            [
              118.5857581,
              24.8972178
            ],
            [
              118.5861509,
              24.8969979
            ],
            [
              118.5862146,
              24.8968759
            ],
            [
              118.5864818,
              24.8967941
            ],
            [
              118.5865615,
              24.8969754
            ],
            [
              118.5868021,
              24.8973799
            ],
            [
              118.5870056,
              24.8977234
            ],
            [
              118.587149,
              24.898221
            ],
            [
              118.5867862,
              24.8983735
            ],
            [
              118.5865915,
              24.8981536
            ],
            [
              118.5857439,
              24.8983992
            ],
            [
              118.5856625,
              24.8983189
            ]
          ]
        ]
      },
      "properties": {
        "osm_id": 587715462,
        "landuse": "",
        "amenity": "school",
        "leisure": ""
      }
    },
    {
      "type": "Feature",
      "geometry": {
        "type": "Polygon",
        "coordinates": [
          [
            [
              118.579959,
              24.9027427
            ],
            [
              118.5793921,
              24.9028042
            ],
            [
              118.5792442,
              24.9016249
            ],
            [
              118.5799221,
              24.9014963
            ],
            [
              118.5805691,
              24.9011498
            ],
            [
              118.580754,
              24.9012951
            ],
            [
              118.579959,
              24.9027427
            ]
          ]
        ]
      },
      "properties": {
        "osm_id": 587715464,
        "landuse": "",
        "amenity": "school",
        "leisure": ""
      }
    },
    {
      "type": "Feature",
      "geometry": {
        "type": "Polygon",
        "coordinates": [
          [
            [
              118.5770713,
              24.9101291
            ],
            [
              118.5769085,
              24.9097568
            ],
            [
              118.5774677,
              24.9094871
            ],
            [
              118.5776164,
              24.9100007
            ],
            [
              118.5770713,
              24.9101291
            ]
          ]
        ]
      },
      "properties": {
        "osm_id": 587715486,
        "landuse": "commercial",
        "amenity": "",
        "leisure": ""
      }
    },
    {
      "type": "Feature",
      "geometry": {
        "type": "Polygon",
        "coordinates": [
          [
            [
              118.5804059,
              24.9222636
            ],
            [
              118.5798132,
              24.9220034
            ],
            [
              118.5798679,
              24.92186
            ],
            [
              118.5797948,
              24.9216799
            ],
            [
              118.5794656,
              24.9215479
            ],
            [
              118.5798258,
              24.9207624
            ],
            [
              118.5801027,
              24.9202138
            ],
            [
              118.581122,
              24.9206507
            ],
            [
              118.5810977,
              24.920855
            ],
            [
              118.5812658,
              24.9208825
            ],
            [
              118.5810615,
              24.9216922
            ],
            [
              118.5807009,
              24.9215895
            ],
            [
              118.5806272,
              24.9218032
            ],
            [
              118.5804059,
              24.9222636
            ]
          ]
        ]
      },
      "properties": {
        "osm_id": 587715490,
        "landuse": "commercial",
        "amenity": "",
        "leisure": ""
      }
    },
    {
      "type": "Feature",
      "geometry": {
        "type": "Polygon",
        "coordinates": [
          [
            [
              118.5793144,
              24.9210194
            ],
            [
              118.5791911,
              24.920958
            ],
            [
              118.579222,
              24.9208015
            ],
            [
              118.5789693,
              24.920578
            ],
            [
              118.5788337,
              24.9207289
            ],
            [
              118.5781066,
              24.9202706
            ],
            [
              118.5778416,
              24.9200638
            ],
            [
              118.5779895,
              24.9198794
            ],
            [
              118.5781066,
              24.9197174
            ],
            [
              118.5780943,
              24.9195776
            ],
            [
              118.5783962,
              24.9193988
            ],
            [
              118.5786735,
              24.919287
            ],
            [
              118.5788091,
              24.9195218
            ],
            [
              118.5789632,
              24.9194659
            ],
            [
              118.579185,
              24.9194938
            ],
            [
              118.5795486,
              24.9195273
            ],
            [
              118.5795514,
              24.9189084
            ],
            [
              118.5798915,
              24.9188424
            ],
            [
              118.5799949,
              24.9194269
            ],
            [
              118.5800443,
              24.9194498
            ],
            [
              118.5803261,
              24.9194619
            ],
            [
              118.580305,
              24.9193703
            ],
            [
              118.5802872,
              24.9192115
            ],
            [
              118.5804427,
              24.9191737
            ],
            [
              118.580365,
              24.91876
            ],
            [
              118.581541,
              24.9184117
            ],
            [
              118.5815646,
              24.9185004
            ],
            [
              118.5814517,
              24.9185289
            ],
            [
              118.581546,
              24.9189971
            ],
            [
              118.5818872,
              24.9189507
            ],
            [
              118.5819155,
              24.9191053
            ],
            [
              118.5816717,
              24.9191429
            ],
            [
              118.5813689,
              24.9191764
            ],
            [
              118.5812187,
              24.9191826
            ],
            [
              118.5812243,
              24.9192902
            ],
            [
              118.581275,
              24.9192903
            ],
            [
              118.5812569,
              24.9193934
            ],
            [
              118.5812485,
              24.9196153
            ],
            [
              118.580798,
              24.9195724
            ],
            [
              118.5805795,
              24.9195399
            ],
            [
              118.5803964,
              24.9195015
            ],
            [
              118.5800793,
              24.9194875
            ],
            [
              118.5800101,
              24.9195131
            ],
            [
              118.5800354,
              24.9196559
            ],
            [
              118.5799368,
              24.9199521
            ],
            [
              118.5793144,
              24.9210194
            ]
          ]
        ]
      },
      "properties": {
        "osm_id": 587715491,
        "landuse": "",
        "amenity": "school",
        "leisure": ""
      }
    },
    {
      "type": "Feature",
      "geometry": {
        "type": "Polygon",
        "coordinates": [
          [
            [
              118.5751588,
              24.9132242
            ],
            [
              118.5748742,
              24.9128112
            ],
            [
              118.5755145,
              24.9124513
            ],
            [
              118.5757664,
              24.9128784
            ],
            [
              118.5751588,
              24.9132242
            ]
          ]
        ]
      },
      "properties": {
        "osm_id": 587715497,
        "landuse": "",
        "amenity": "theatre",
        "leisure": ""
      }
    },
    {
      "type": "Feature",
      "geometry": {
        "type": "Polygon",
        "coordinates": [
          [
            [
              118.5793676,
              24.920436
            ],
            [
              118.578505,
              24.9198007
            ],
            [
              118.5785699,
              24.919725
            ],
            [
              118.5787296,
              24.9198446
            ],
            [
              118.5787447,
              24.9197752
            ],
            [
              118.5787959,
              24.9196878
            ],
            [
              118.5788819,
              24.9196433
            ],
            [
              118.5789692,
              24.9196369
            ],
            [
              118.5790546,
              24.9196331
            ],
            [
              118.5791398,
              24.9196739
            ],
            [
              118.5795534,
              24.9200076
            ],
            [
              118.5795914,
              24.9200884
            ],
            [
              118.5795983,
              24.9201652
            ],
            [
              118.5795835,
              24.9202486
            ],
            [
              118.5794863,
              24.9203311
            ],
            [
              118.5793676,
              24.920436
            ]
          ]
        ]
      },
      "properties": {
        "osm_id": 587718981,
        "landuse": "",
        "amenity": "",
        "leisure": "pitch"
      }
    },
    {
      "type": "Feature",
      "geometry": {
        "type": "Polygon",
        "coordinates": [
          [
            [
              118.5872649,
              24.8971755
            ],
            [
              118.5880413,
              24.8970777
            ],
            [
              118.5880259,
              24.8969463
            ],
            [
              118.58875,
              24.8968597
            ],
            [
              118.5887191,
              24.8966389
            ],
            [
              118.5871986,
              24.8968094
            ],
            [
              118.5872649,
              24.8971755
            ]
          ]
        ]
      },
      "properties": {
        "osm_id": 588258278,
        "landuse": "",
        "amenity": "hospital",
        "leisure": ""
      }
    },
    {
      "type": "Feature",
      "geometry": {
        "type": "Polygon",
        "coordinates": [
          [
            [
              118.5877364,
              24.8946439
            ],
            [
              118.5880321,
              24.8945488
            ],
            [
              118.5877333,
              24.8939452
            ],
            [
              118.5868398,
              24.8943308
            ],
            [
              118.5869538,
              24.8945433
            ],
            [
              118.5875731,
              24.8943057
            ],
            [
              118.5877364,
              24.8946439
            ]
          ]
        ]
      },
      "properties": {
        "osm_id": 588258284,
        "landuse": "commercial",
        "amenity": "",
        "leisure": ""
      }
    },
    {
      "type": "Feature",
      "geometry": {
        "type": "Polygon",
        "coordinates": [
          [
            [
              118.5946749,
              24.8935774
            ],
            [
              118.5951202,
              24.8932611
            ],
            [
              118.5944711,
              24.8924534
            ],
            [
              118.5939722,
              24.8928086
            ],
            [
              118.5946749,
              24.8935774
            ]
          ]
        ]
      },
      "properties": {
        "osm_id": 588258297,
        "landuse": "",
        "amenity": "courthouse",
        "leisure": ""
      }
    },
    {
      "type": "Feature",
      "geometry": {
        "type": "Polygon",
        "coordinates": [
          [
            [
              118.5918051,
              24.9430288
            ],
            [
              118.5939569,
              24.9433818
            ],
            [
              118.5949125,
              24.9441263
            ],
            [
              118.5949762,
              24.944935
            ],
            [
              118.5960026,
              24.944935
            ],
            [
              118.5960592,
              24.9414564
            ],
            [
              118.5948771,
              24.9413922
            ],
            [
              118.594056,
              24.9411932
            ],
            [
              118.5940631,
              24.9408916
            ],
            [
              118.5932137,
              24.940776
            ],
            [
              118.5931004,
              24.9410841
            ],
            [
              118.5925271,
              24.9411547
            ],
            [
              118.5922086,
              24.9413344
            ],
            [
              118.5919042,
              24.9421816
            ],
            [
              118.5918051,
              24.9430288
            ]
          ]
        ]
      },
      "properties": {
        "osm_id": 596744871,
        "landuse": "",
        "amenity": "hospital",
        "leisure": ""
      }
    },
    {
      "type": "Feature",
      "geometry": {
        "type": "Polygon",
        "coordinates": [
          [
            [
              118.576014,
              24.9472046
            ],
            [
              118.5760354,
              24.9464791
            ],
            [
              118.5761125,
              24.9459525
            ],
            [
              118.5762624,
              24.9454714
            ],
            [
              118.5764294,
              24.9454715
            ],
            [
              118.5765412,
              24.945153
            ],
            [
              118.5765343,
              24.9444119
            ],
            [
              118.576781,
              24.9436337
            ],
            [
              118.5776769,
              24.9430354
            ],
            [
              118.5782584,
              24.9428785
            ],
            [
              118.578081,
              24.9426187
            ],
            [
              118.5803848,
              24.9420996
            ],
            [
              118.5807123,
              24.9429567
            ],
            [
              118.5804105,
              24.9430515
            ],
            [
              118.5805479,
              24.9434609
            ],
            [
              118.5811422,
              24.9434898
            ],
            [
              118.5813352,
              24.9436284
            ],
            [
              118.5813767,
              24.943977
            ],
            [
              118.5813716,
              24.945434
            ],
            [
              118.5822679,
              24.9454376
            ],
            [
              118.5829938,
              24.9464025
            ],
            [
              118.5808632,
              24.9472796
            ],
            [
              118.5793081,
              24.9475812
            ],
            [
              118.5788129,
              24.9476249
            ],
            [
              118.5782063,
              24.9476388
            ],
            [
              118.5781459,
              24.9488527
            ],
            [
              118.577404,
              24.9507937
            ],
            [
              118.5752672,
              24.9512952
            ],
            [
              118.5746415,
              24.9495332
            ],
            [
              118.5746295,
              24.9484058
            ],
            [
              118.5748958,
              24.947207
            ],
            [
              118.5757648,
              24.9472385
            ],
            [
              118.576014,
              24.9472046
            ]
          ]
        ]
      },
      "properties": {
        "osm_id": 596744917,
        "landuse": "",
        "amenity": "college",
        "leisure": ""
      }
    },
    {
      "type": "Feature",
      "geometry": {
        "type": "Polygon",
        "coordinates": [
          [
            [
              118.5854124,
              24.9433759
            ],
            [
              118.5860797,
              24.9416524
            ],
            [
              118.5855251,
              24.9416795
            ],
            [
              118.5853355,
              24.9421349
            ],
            [
              118.5848302,
              24.9419561
            ],
            [
              118.584393,
              24.9429892
            ],
            [
              118.5854124,
              24.9433759
            ]
          ]
        ]
      },
      "properties": {
        "osm_id": 596744918,
        "landuse": "",
        "amenity": "school",
        "leisure": ""
      }
    },
    {
      "type": "Feature",
      "geometry": {
        "type": "Polygon",
        "coordinates": [
          [
            [
              118.5820355,
              24.9435047
            ],
            [
              118.5831969,
              24.94305
            ],
            [
              118.5825649,
              24.9417311
            ],
            [
              118.5813828,
              24.9421547
            ],
            [
              118.5820355,
              24.9435047
            ]
          ]
        ]
      },
      "properties": {
        "osm_id": 596744919,
        "landuse": "",
        "amenity": "school",
        "leisure": ""
      }
    },
    {
      "type": "Feature",
      "geometry": {
        "type": "Polygon",
        "coordinates": [
          [
            [
              118.5540251,
              24.7743792
            ],
            [
              118.5538323,
              24.7743537
            ],
            [
              118.5529,
              24.7742074
            ],
            [
              118.553254,
              24.772667
            ],
            [
              118.5534959,
              24.7720369
            ],
            [
              118.5540497,
              24.7722438
            ],
            [
              118.5543967,
              24.7723838
            ],
            [
              118.5548523,
              24.7725429
            ],
            [
              118.555364,
              24.7726416
            ],
            [
              118.5566574,
              24.7728294
            ],
            [
              118.5566574,
              24.7737873
            ],
            [
              118.5565803,
              24.77394
            ],
            [
              118.5563805,
              24.774045
            ],
            [
              118.5562403,
              24.7740641
            ],
            [
              118.5555778,
              24.7740864
            ],
            [
              118.5555112,
              24.7743856
            ],
            [
              118.5544457,
              24.7741533
            ],
            [
              118.5543791,
              24.7744619
            ],
            [
              118.5540251,
              24.7743792
            ]
          ]
        ]
      },
      "properties": {
        "osm_id": 601304291,
        "landuse": "",
        "amenity": "school",
        "leisure": ""
      }
    },
    {
      "type": "Feature",
      "geometry": {
        "type": "Polygon",
        "coordinates": [
          [
            [
              118.5383128,
              24.7738922
            ],
            [
              118.5380263,
              24.7732761
            ],
            [
              118.5372523,
              24.7734587
            ],
            [
              118.5375287,
              24.7741751
            ],
            [
              118.5382776,
              24.7739424
            ],
            [
              118.5383128,
              24.7738922
            ]
          ]
        ]
      },
      "properties": {
        "osm_id": 601521330,
        "landuse": "",
        "amenity": "school",
        "leisure": ""
      }
    },
    {
      "type": "Feature",
      "geometry": {
        "type": "Polygon",
        "coordinates": [
          [
            [
              118.5533879,
              24.7702881
            ],
            [
              118.5523458,
              24.7700043
            ],
            [
              118.5521026,
              24.7696783
            ],
            [
              118.5525426,
              24.7690686
            ],
            [
              118.5536889,
              24.7694891
            ],
            [
              118.5536774,
              24.7697519
            ],
            [
              118.5534921,
              24.7702356
            ],
            [
              118.5533879,
              24.7702881
            ]
          ]
        ]
      },
      "properties": {
        "osm_id": 601521337,
        "landuse": "",
        "amenity": "school",
        "leisure": ""
      }
    },
    {
      "type": "Feature",
      "geometry": {
        "type": "Polygon",
        "coordinates": [
          [
            [
              118.5568201,
              24.7884611
            ],
            [
              118.5562141,
              24.787404
            ],
            [
              118.5579742,
              24.7865911
            ],
            [
              118.558604,
              24.7875864
            ],
            [
              118.5568201,
              24.7884611
            ]
          ]
        ]
      },
      "properties": {
        "osm_id": 601594422,
        "landuse": "commercial",
        "amenity": "",
        "leisure": ""
      }
    },
    {
      "type": "Feature",
      "geometry": {
        "type": "Polygon",
        "coordinates": [
          [
            [
              118.5586996,
              24.8059928
            ],
            [
              118.5573102,
              24.8034184
            ],
            [
              118.5592713,
              24.8025673
            ],
            [
              118.5604606,
              24.8045499
            ],
            [
              118.5586996,
              24.8059928
            ]
          ]
        ]
      },
      "properties": {
        "osm_id": 601594423,
        "landuse": "",
        "amenity": "school",
        "leisure": ""
      }
    },
    {
      "type": "Feature",
      "geometry": {
        "type": "Polygon",
        "coordinates": [
          [
            [
              118.5634449,
              24.8111653
            ],
            [
              118.5625063,
              24.8086805
            ],
            [
              118.5626393,
              24.8084959
            ],
            [
              118.5636169,
              24.80807
            ],
            [
              118.5658226,
              24.807715
            ],
            [
              118.5662371,
              24.8097739
            ],
            [
              118.5634449,
              24.8111653
            ]
          ]
        ]
      },
      "properties": {
        "osm_id": 601594424,
        "landuse": "",
        "amenity": "",
        "leisure": "park"
      }
    },
    {
      "type": "Feature",
      "geometry": {
        "type": "Polygon",
        "coordinates": [
          [
            [
              118.5731348,
              24.8119163
            ],
            [
              118.5726427,
              24.812765
            ],
            [
              118.5722848,
              24.8125904
            ],
            [
              118.5721238,
              24.8127406
            ],
            [
              118.5719224,
              24.8125457
            ],
            [
              118.5716585,
              24.8129071
            ],
            [
              118.5712112,
              24.8126716
            ],
            [
              118.5701017,
              24.8128097
            ],
            [
              118.5693367,
              24.8128016
            ],
            [
              118.5687417,
              24.8127691
            ],
            [
              118.5684107,
              24.8124036
            ],
            [
              118.5681289,
              24.8122331
            ],
            [
              118.5677441,
              24.8119204
            ],
            [
              118.5675026,
              24.8115915
            ],
            [
              118.5655789,
              24.812968
            ],
            [
              118.5660666,
              24.812964
            ],
            [
              118.566675,
              24.8129152
            ],
            [
              118.5671,
              24.8129721
            ],
            [
              118.5683078,
              24.8137071
            ],
            [
              118.5687775,
              24.813971
            ],
            [
              118.5688625,
              24.8136989
            ],
            [
              118.5691041,
              24.8137395
            ],
            [
              118.5690862,
              24.8139101
            ],
            [
              118.5698199,
              24.8140766
            ],
            [
              118.5706788,
              24.8140563
            ],
            [
              118.5714035,
              24.8141009
            ],
            [
              118.5719224,
              24.8140887
            ],
            [
              118.5723251,
              24.8139832
            ],
            [
              118.572504,
              24.8138938
            ],
            [
              118.5725219,
              24.8137152
            ],
            [
              118.5727232,
              24.8136461
            ],
            [
              118.5727679,
              24.8135731
            ],
            [
              118.5734658,
              24.8135284
            ],
            [
              118.574204,
              24.8124442
            ],
            [
              118.5731348,
              24.8119163
            ]
          ]
        ]
      },
      "properties": {
        "osm_id": 601594425,
        "landuse": "",
        "amenity": "",
        "leisure": "park"
      }
    },
    {
      "type": "Feature",
      "geometry": {
        "type": "Polygon",
        "coordinates": [
          [
            [
              118.6059333,
              24.8895724
            ],
            [
              118.6057617,
              24.8892074
            ],
            [
              118.6064644,
              24.8889009
            ],
            [
              118.6060353,
              24.8882293
            ],
            [
              118.6061426,
              24.8881904
            ],
            [
              118.6063142,
              24.8885018
            ],
            [
              118.6066951,
              24.8887159
            ],
            [
              118.6071189,
              24.8888084
            ],
            [
              118.6074193,
              24.8888011
            ],
            [
              118.6077975,
              24.8887062
            ],
            [
              118.607937,
              24.8888571
            ],
            [
              118.6060245,
              24.8897208
            ],
            [
              118.6059333,
              24.8895724
            ]
          ]
        ]
      },
      "properties": {
        "osm_id": 606560198,
        "landuse": "",
        "amenity": "parking",
        "leisure": ""
      }
    },
    {
      "type": "Feature",
      "geometry": {
        "type": "Polygon",
        "coordinates": [
          [
            [
              118.6067917,
              24.8909373
            ],
            [
              118.6060996,
              24.8900274
            ],
            [
              118.6065127,
              24.889823
            ],
            [
              118.6064215,
              24.8896527
            ],
            [
              118.6080308,
              24.8889665
            ],
            [
              118.6084868,
              24.8898863
            ],
            [
              118.6067917,
              24.8909373
            ]
          ]
        ]
      },
      "properties": {
        "osm_id": 606560199,
        "landuse": "",
        "amenity": "college",
        "leisure": ""
      }
    },
    {
      "type": "Feature",
      "geometry": {
        "type": "Polygon",
        "coordinates": [
          [
            [
              118.6147042,
              24.8858911
            ],
            [
              118.6142375,
              24.8852682
            ],
            [
              118.6142965,
              24.8849421
            ],
            [
              118.6152728,
              24.8844604
            ],
            [
              118.6156,
              24.8849908
            ],
            [
              118.6153318,
              24.8855699
            ],
            [
              118.6147042,
              24.8858911
            ]
          ]
        ]
      },
      "properties": {
        "osm_id": 606560202,
        "landuse": "retail",
        "amenity": "",
        "leisure": ""
      }
    },
    {
      "type": "Feature",
      "geometry": {
        "type": "Polygon",
        "coordinates": [
          [
            [
              118.6987281,
              24.9723222
            ],
            [
              118.6968467,
              24.9718683
            ],
            [
              118.6976509,
              24.9690899
            ],
            [
              118.6967708,
              24.968691
            ],
            [
              118.6958756,
              24.9672742
            ],
            [
              118.6961336,
              24.9667791
            ],
            [
              118.6986219,
              24.966724
            ],
            [
              118.7011103,
              24.966559
            ],
            [
              118.7027641,
              24.9678657
            ],
            [
              118.7026579,
              24.9681958
            ],
            [
              118.7003365,
              24.9682096
            ],
            [
              118.6994868,
              24.9710843
            ],
            [
              118.6987281,
              24.9723222
            ]
          ]
        ]
      },
      "properties": {
        "osm_id": 614226010,
        "landuse": "",
        "amenity": "college",
        "leisure": ""
      }
    },
    {
      "type": "Feature",
      "geometry": {
        "type": "Polygon",
        "coordinates": [
          [
            [
              118.5561401,
              24.9532587
            ],
            [
              118.5567454,
              24.9537222
            ],
            [
              118.5578209,
              24.9524179
            ],
            [
              118.5576143,
              24.9522622
            ],
            [
              118.5574024,
              24.9522501
            ],
            [
              118.5571879,
              24.9520725
            ],
            [
              118.5566809,
              24.9520677
            ],
            [
              118.5564556,
              24.9522112
            ],
            [
              118.5562974,
              24.9523863
            ],
            [
              118.556225,
              24.9525784
            ],
            [
              118.5562196,
              24.9528653
            ],
            [
              118.5561401,
              24.9532587
            ]
          ]
        ]
      },
      "properties": {
        "osm_id": 617747918,
        "landuse": "",
        "amenity": "school",
        "leisure": ""
      }
    },
    {
      "type": "Feature",
      "geometry": {
        "type": "Polygon",
        "coordinates": [
          [
            [
              118.6775595,
              24.7934155
            ],
            [
              118.6786358,
              24.7915541
            ],
            [
              118.6798093,
              24.7921134
            ],
            [
              118.678733,
              24.7939748
            ],
            [
              118.6775595,
              24.7934155
            ]
          ]
        ]
      },
      "properties": {
        "osm_id": 621503532,
        "landuse": "industrial",
        "amenity": "",
        "leisure": ""
      }
    },
    {
      "type": "Feature",
      "geometry": {
        "type": "Polygon",
        "coordinates": [
          [
            [
              118.573989,
              24.9172762
            ],
            [
              118.5735546,
              24.9163605
            ],
            [
              118.5733255,
              24.9163757
            ],
            [
              118.5731417,
              24.915999
            ],
            [
              118.5733947,
              24.9158215
            ],
            [
              118.5731421,
              24.9153174
            ],
            [
              118.5742743,
              24.914901
            ],
            [
              118.5743956,
              24.9151018
            ],
            [
              118.5748278,
              24.9149461
            ],
            [
              118.5750761,
              24.9150025
            ],
            [
              118.5752579,
              24.9152765
            ],
            [
              118.5755194,
              24.9152683
            ],
            [
              118.5758801,
              24.9161175
            ],
            [
              118.5756994,
              24.9162345
            ],
            [
              118.5758407,
              24.9166639
            ],
            [
              118.5756618,
              24.9169351
            ],
            [
              118.574284,
              24.9173207
            ],
            [
              118.573989,
              24.9172762
            ]
          ]
        ]
      },
      "properties": {
        "osm_id": 630414266,
        "landuse": "commercial",
        "amenity": "",
        "leisure": ""
      }
    },
    {
      "type": "Feature",
      "geometry": {
        "type": "Polygon",
        "coordinates": [
          [
            [
              118.574688,
              24.9166257
            ],
            [
              118.5745264,
              24.9162408
            ],
            [
              118.5750404,
              24.9160633
            ],
            [
              118.575202,
              24.9164481
            ],
            [
              118.574688,
              24.9166257
            ]
          ]
        ]
      },
      "properties": {
        "osm_id": 630414268,
        "landuse": "",
        "amenity": "parking",
        "leisure": ""
      }
    },
    {
      "type": "Feature",
      "geometry": {
        "type": "Polygon",
        "coordinates": [
          [
            [
              118.5728021,
              24.8218268
            ],
            [
              118.572584,
              24.819589
            ],
            [
              118.5726755,
              24.819463
            ],
            [
              118.5728184,
              24.819408
            ],
            [
              118.5737519,
              24.819452
            ],
            [
              118.5740699,
              24.8194994
            ],
            [
              118.5753621,
              24.8196919
            ],
            [
              118.5755202,
              24.8197154
            ],
            [
              118.575643,
              24.8198413
            ],
            [
              118.5757473,
              24.8201073
            ],
            [
              118.575872,
              24.8206727
            ],
            [
              118.5756824,
              24.8214216
            ],
            [
              118.5753511,
              24.8218018
            ],
            [
              118.574768,
              24.8218148
            ],
            [
              118.5745813,
              24.821819
            ],
            [
              118.5743301,
              24.8219162
            ],
            [
              118.5741336,
              24.8219923
            ],
            [
              118.5737233,
              24.8220198
            ],
            [
              118.5728021,
              24.8218268
            ]
          ]
        ]
      },
      "properties": {
        "osm_id": 630414271,
        "landuse": "",
        "amenity": "",
        "leisure": "park"
      }
    },
    {
      "type": "Feature",
      "geometry": {
        "type": "Polygon",
        "coordinates": [
          [
            [
              118.580631,
              24.9025052
            ],
            [
              118.5809112,
              24.9025137
            ],
            [
              118.5811494,
              24.9024417
            ],
            [
              118.5812522,
              24.9022765
            ],
            [
              118.5813876,
              24.9018783
            ],
            [
              118.5815464,
              24.9018444
            ],
            [
              118.5817799,
              24.9017978
            ],
            [
              118.5819573,
              24.9016623
            ],
            [
              118.582004,
              24.9015352
            ],
            [
              118.5818826,
              24.9014039
            ],
            [
              118.5817051,
              24.9013869
            ],
            [
              118.5815604,
              24.9015733
            ],
            [
              118.5814997,
              24.901531
            ],
            [
              118.5817238,
              24.9006923
            ],
            [
              118.5815144,
              24.9005957
            ],
            [
              118.580631,
              24.9025052
            ]
          ]
        ]
      },
      "properties": {
        "osm_id": 631906600,
        "landuse": "",
        "amenity": "",
        "leisure": "park"
      }
    },
    {
      "type": "Feature",
      "geometry": {
        "type": "Polygon",
        "coordinates": [
          [
            [
              118.5782933,
              24.7645877
            ],
            [
              118.578473,
              24.7642053
            ],
            [
              118.5809471,
              24.7633245
            ],
            [
              118.5854441,
              24.7617235
            ],
            [
              118.5857713,
              24.7618842
            ],
            [
              118.5886252,
              24.7680315
            ],
            [
              118.5832737,
              24.7698748
            ],
            [
              118.5813053,
              24.7701503
            ],
            [
              118.5809764,
              24.7700784
            ],
            [
              118.5782933,
              24.7645877
            ]
          ]
        ]
      },
      "properties": {
        "osm_id": 639364498,
        "landuse": "industrial",
        "amenity": "",
        "leisure": ""
      }
    },
    {
      "type": "Feature",
      "geometry": {
        "type": "Polygon",
        "coordinates": [
          [
            [
              118.6201346,
              24.887456
            ],
            [
              118.6195069,
              24.8872711
            ],
            [
              118.6195016,
              24.8872188
            ],
            [
              118.6197819,
              24.8863976
            ],
            [
              118.6198221,
              24.8863453
            ],
            [
              118.6204645,
              24.8865253
            ],
            [
              118.6204658,
              24.8865874
            ],
            [
              118.6201898,
              24.8873794
            ],
            [
              118.6201346,
              24.887456
            ]
          ]
        ]
      },
      "properties": {
        "osm_id": 655128768,
        "landuse": "",
        "amenity": "",
        "leisure": "pitch"
      }
    },
    {
      "type": "Feature",
      "geometry": {
        "type": "Polygon",
        "coordinates": [
          [
            [
              118.61888,
              24.8863763
            ],
            [
              118.6188572,
              24.886344
            ],
            [
              118.6188552,
              24.8863185
            ],
            [
              118.6188659,
              24.8862935
            ],
            [
              118.6189061,
              24.8862692
            ],
            [
              118.6189216,
              24.8862668
            ],
            [
              118.6193165,
              24.8863842
            ],
            [
              118.6193366,
              24.8864164
            ],
            [
              118.6193373,
              24.8864444
            ],
            [
              118.6193219,
              24.8864608
            ],
            [
              118.6193031,
              24.8864748
            ],
            [
              118.6192716,
              24.8864833
            ],
            [
              118.61888,
              24.8863763
            ]
          ]
        ]
      },
      "properties": {
        "osm_id": 655128781,
        "landuse": "",
        "amenity": "",
        "leisure": "pitch"
      }
    },
    {
      "type": "Feature",
      "geometry": {
        "type": "Polygon",
        "coordinates": [
          [
            [
              118.6193103,
              24.8857981
            ],
            [
              118.6191939,
              24.8861107
            ],
            [
              118.6190283,
              24.8860594
            ],
            [
              118.6191418,
              24.8857469
            ],
            [
              118.6193103,
              24.8857981
            ]
          ]
        ]
      },
      "properties": {
        "osm_id": 655128782,
        "landuse": "",
        "amenity": "",
        "leisure": "pitch"
      }
    },
    {
      "type": "Feature",
      "geometry": {
        "type": "Polygon",
        "coordinates": [
          [
            [
              118.6191418,
              24.8857469
            ],
            [
              118.6189472,
              24.8856883
            ],
            [
              118.6188339,
              24.8860018
            ],
            [
              118.6190283,
              24.8860594
            ],
            [
              118.6191418,
              24.8857469
            ]
          ]
        ]
      },
      "properties": {
        "osm_id": 655128783,
        "landuse": "",
        "amenity": "",
        "leisure": "pitch"
      }
    },
    {
      "type": "Feature",
      "geometry": {
        "type": "Polygon",
        "coordinates": [
          [
            [
              118.6193103,
              24.8857981
            ],
            [
              118.6194884,
              24.8858527
            ],
            [
              118.619372,
              24.8861652
            ],
            [
              118.6191939,
              24.8861107
            ],
            [
              118.6193103,
              24.8857981
            ]
          ]
        ]
      },
      "properties": {
        "osm_id": 655128784,
        "landuse": "",
        "amenity": "",
        "leisure": "pitch"
      }
    },
    {
      "type": "Feature",
      "geometry": {
        "type": "Polygon",
        "coordinates": [
          [
            [
              118.619372,
              24.8861652
            ],
            [
              118.6195815,
              24.8862299
            ],
            [
              118.6196827,
              24.8859566
            ],
            [
              118.6197947,
              24.8856546
            ],
            [
              118.6190443,
              24.8854257
            ],
            [
              118.6189472,
              24.8856883
            ],
            [
              118.6191418,
              24.8857469
            ],
            [
              118.6193103,
              24.8857981
            ],
            [
              118.6194884,
              24.8858527
            ],
            [
              118.619372,
              24.8861652
            ]
          ]
        ]
      },
      "properties": {
        "osm_id": 655128786,
        "landuse": "",
        "amenity": "",
        "leisure": "pitch"
      }
    },
    {
      "type": "Feature",
      "geometry": {
        "type": "Polygon",
        "coordinates": [
          [
            [
              118.5903998,
              24.8960791
            ],
            [
              118.5904162,
              24.8962369
            ],
            [
              118.5899197,
              24.8962792
            ],
            [
              118.5899354,
              24.8964299
            ],
            [
              118.5895781,
              24.8964604
            ],
            [
              118.5895461,
              24.896152
            ],
            [
              118.5903998,
              24.8960791
            ]
          ]
        ]
      },
      "properties": {
        "osm_id": 666232725,
        "landuse": "",
        "amenity": "bus_station",
        "leisure": ""
      }
    },
    {
      "type": "Feature",
      "geometry": {
        "type": "Polygon",
        "coordinates": [
          [
            [
              118.624175,
              24.9043475
            ],
            [
              118.6233882,
              24.9043219
            ],
            [
              118.6234124,
              24.9037109
            ],
            [
              118.6241991,
              24.9037364
            ],
            [
              118.624175,
              24.9043475
            ]
          ]
        ]
      },
      "properties": {
        "osm_id": 667935742,
        "landuse": "commercial",
        "amenity": "",
        "leisure": ""
      }
    },
    {
      "type": "Feature",
      "geometry": {
        "type": "Polygon",
        "coordinates": [
          [
            [
              118.6282745,
              24.8983893
            ],
            [
              118.6279849,
              24.8981849
            ],
            [
              118.6278481,
              24.8978005
            ],
            [
              118.6277596,
              24.8975646
            ],
            [
              118.6281941,
              24.8972361
            ],
            [
              118.6285857,
              24.8968517
            ],
            [
              118.6290363,
              24.8967495
            ],
            [
              118.6294708,
              24.8967495
            ],
            [
              118.6296586,
              24.8970901
            ],
            [
              118.6296049,
              24.8976886
            ],
            [
              118.6291007,
              24.8981363
            ],
            [
              118.6288754,
              24.8984866
            ],
            [
              118.6282745,
              24.8983893
            ]
          ]
        ]
      },
      "properties": {
        "osm_id": 667935743,
        "landuse": "",
        "amenity": "",
        "leisure": "park"
      }
    },
    {
      "type": "Feature",
      "geometry": {
        "type": "Polygon",
        "coordinates": [
          [
            [
              118.5874452,
              24.8981197
            ],
            [
              118.5879636,
              24.8980376
            ],
            [
              118.5879979,
              24.8982158
            ],
            [
              118.5874794,
              24.8982978
            ],
            [
              118.5874452,
              24.8981197
            ]
          ]
        ]
      },
      "properties": {
        "osm_id": 672851065,
        "landuse": "",
        "amenity": "library",
        "leisure": ""
      }
    },
    {
      "type": "Feature",
      "geometry": {
        "type": "Polygon",
        "coordinates": [
          [
            [
              118.6748054,
              24.8693982
            ],
            [
              118.6744744,
              24.8691509
            ],
            [
              118.6744952,
              24.8690287
            ],
            [
              118.6750252,
              24.8680857
            ],
            [
              118.6753238,
              24.8682579
            ],
            [
              118.6754256,
              24.8684133
            ],
            [
              118.6753969,
              24.8686413
            ],
            [
              118.6750189,
              24.8693125
            ],
            [
              118.6749411,
              24.8693703
            ],
            [
              118.6748054,
              24.8693982
            ]
          ]
        ]
      },
      "properties": {
        "osm_id": 705652320,
        "landuse": "",
        "amenity": "theatre",
        "leisure": ""
      }
    },
    {
      "type": "Feature",
      "geometry": {
        "type": "Polygon",
        "coordinates": [
          [
            [
              118.676623,
              24.8703015
            ],
            [
              118.6762632,
              24.8701616
            ],
            [
              118.6761931,
              24.8700895
            ],
            [
              118.6761931,
              24.8699538
            ],
            [
              118.6765389,
              24.8693984
            ],
            [
              118.6766975,
              24.8693424
            ],
            [
              118.6769138,
              24.8693557
            ],
            [
              118.6772275,
              24.8695418
            ],
            [
              118.6768519,
              24.8702125
            ],
            [
              118.6767772,
              24.8702845
            ],
            [
              118.6767211,
              24.8703057
            ],
            [
              118.676623,
              24.8703015
            ]
          ]
        ]
      },
      "properties": {
        "osm_id": 705652321,
        "landuse": "",
        "amenity": "library",
        "leisure": ""
      }
    },
    {
      "type": "Feature",
      "geometry": {
        "type": "Polygon",
        "coordinates": [
          [
            [
              118.6757684,
              24.8718643
            ],
            [
              118.6755117,
              24.8717389
            ],
            [
              118.6753896,
              24.8715991
            ],
            [
              118.6754132,
              24.8714022
            ],
            [
              118.6758151,
              24.8706645
            ],
            [
              118.6759366,
              24.8706475
            ],
            [
              118.6762879,
              24.8708464
            ],
            [
              118.6763312,
              24.8709577
            ],
            [
              118.6762741,
              24.8710909
            ],
            [
              118.6758523,
              24.8718338
            ],
            [
              118.6757684,
              24.8718643
            ]
          ]
        ]
      },
      "properties": {
        "osm_id": 705652322,
        "landuse": "",
        "amenity": "community_centre",
        "leisure": ""
      }
    },
    {
      "type": "Feature",
      "geometry": {
        "type": "Polygon",
        "coordinates": [
          [
            [
              118.5648982,
              24.8095723
            ],
            [
              118.5647163,
              24.8086248
            ],
            [
              118.5653927,
              24.8085157
            ],
            [
              118.5655678,
              24.8094632
            ],
            [
              118.5648982,
              24.8095723
            ]
          ]
        ]
      },
      "properties": {
        "osm_id": 754698890,
        "landuse": "",
        "amenity": "",
        "leisure": "pitch"
      }
    },
    {
      "type": "Feature",
      "geometry": {
        "type": "Polygon",
        "coordinates": [
          [
            [
              118.5036931,
              24.9157456
            ],
            [
              118.5055112,
              24.9147331
            ],
            [
              118.5044777,
              24.913385
            ],
            [
              118.5037569,
              24.9137958
            ],
            [
              118.5036931,
              24.9157456
            ]
          ]
        ]
      },
      "properties": {
        "osm_id": 779153627,
        "landuse": "commercial",
        "amenity": "",
        "leisure": ""
      }
    },
    {
      "type": "Feature",
      "geometry": {
        "type": "Polygon",
        "coordinates": [
          [
            [
              118.4919358,
              24.9095432
            ],
            [
              118.4924462,
              24.9091556
            ],
            [
              118.49473,
              24.910035
            ],
            [
              118.4946152,
              24.9103706
            ],
            [
              118.4964205,
              24.9111806
            ],
            [
              118.4982961,
              24.9121006
            ],
            [
              118.4985449,
              24.9118634
            ],
            [
              118.4988702,
              24.9121585
            ],
            [
              118.4988638,
              24.912604
            ],
            [
              118.4995528,
              24.9130726
            ],
            [
              118.4997761,
              24.9126097
            ],
            [
              118.5004459,
              24.9127891
            ],
            [
              118.5007011,
              24.9132346
            ],
            [
              118.5006246,
              24.9134429
            ],
            [
              118.501103,
              24.9136628
            ],
            [
              118.5017856,
              24.9143918
            ],
            [
              118.4993487,
              24.9157977
            ],
            [
              118.498564,
              24.9146695
            ],
            [
              118.4989085,
              24.9142934
            ],
            [
              118.4990744,
              24.9142529
            ],
            [
              118.4987363,
              24.9137727
            ],
            [
              118.4975624,
              24.9131652
            ],
            [
              118.4972562,
              24.9137033
            ],
            [
              118.4956295,
              24.9130958
            ],
            [
              118.4950936,
              24.9131652
            ],
            [
              118.4950553,
              24.9120254
            ],
            [
              118.4943409,
              24.9116204
            ],
            [
              118.4939708,
              24.9119675
            ],
            [
              118.4933967,
              24.9118692
            ],
            [
              118.4927779,
              24.9116667
            ],
            [
              118.49214,
              24.9113311
            ],
            [
              118.4922803,
              24.9105905
            ],
            [
              118.4924398,
              24.9100813
            ],
            [
              118.4919358,
              24.9095432
            ]
          ]
        ]
      },
      "properties": {
        "osm_id": 779153629,
        "landuse": "industrial",
        "amenity": "",
        "leisure": ""
      }
    },
    {
      "type": "Feature",
      "geometry": {
        "type": "Polygon",
        "coordinates": [
          [
            [
              118.6061078,
              24.9075058
            ],
            [
              118.6056298,
              24.9075401
            ],
            [
              118.6056807,
              24.9081239
            ],
            [
              118.6061588,
              24.9080896
            ],
            [
              118.6061078,
              24.9075058
            ]
          ]
        ]
      },
      "properties": {
        "osm_id": 793297440,
        "landuse": "",
        "amenity": "",
        "leisure": "pitch"
      }
    },
    {
      "type": "Feature",
      "geometry": {
        "type": "Polygon",
        "coordinates": [
          [
            [
              118.5456156,
              24.798029
            ],
            [
              118.5478031,
              24.8007824
            ],
            [
              118.5506581,
              24.801243
            ],
            [
              118.5521387,
              24.8018469
            ],
            [
              118.5557221,
              24.8021196
            ],
            [
              118.5558938,
              24.8012041
            ],
            [
              118.5578646,
              24.8011242
            ],
            [
              118.5579108,
              24.8007171
            ],
            [
              118.5563083,
              24.8002916
            ],
            [
              118.555949,
              24.7995309
            ],
            [
              118.5545587,
              24.7992312
            ],
            [
              118.5521665,
              24.7992505
            ],
            [
              118.5513874,
              24.7989986
            ],
            [
              118.5512358,
              24.7983315
            ],
            [
              118.5508439,
              24.7981824
            ],
            [
              118.5490612,
              24.7978258
            ],
            [
              118.5490107,
              24.7970107
            ],
            [
              118.5479043,
              24.796306
            ],
            [
              118.5469626,
              24.7972911
            ],
            [
              118.5467252,
              24.7971633
            ],
            [
              118.5456156,
              24.798029
            ]
          ]
        ]
      },
      "properties": {
        "osm_id": 795911497,
        "landuse": "military",
        "amenity": "",
        "leisure": ""
      }
    },
    {
      "type": "Feature",
      "geometry": {
        "type": "Polygon",
        "coordinates": [
          [
            [
              118.5286656,
              24.9569824
            ],
            [
              118.5288095,
              24.9567616
            ],
            [
              118.5286597,
              24.9566849
            ],
            [
              118.5285428,
              24.9568986
            ],
            [
              118.5286656,
              24.9569824
            ]
          ]
        ]
      },
      "properties": {
        "osm_id": 801888372,
        "landuse": "",
        "amenity": "",
        "leisure": "pitch"
      }
    },
    {
      "type": "Feature",
      "geometry": {
        "type": "Polygon",
        "coordinates": [
          [
            [
              118.5268434,
              24.9568109
            ],
            [
              118.5270122,
              24.9568058
            ],
            [
              118.5270293,
              24.9564258
            ],
            [
              118.5268093,
              24.9564395
            ],
            [
              118.5268434,
              24.9568109
            ]
          ]
        ]
      },
      "properties": {
        "osm_id": 801888374,
        "landuse": "",
        "amenity": "restaurant",
        "leisure": ""
      }
    },
    {
      "type": "Feature",
      "geometry": {
        "type": "Polygon",
        "coordinates": [
          [
            [
              118.5271211,
              24.9570262
            ],
            [
              118.5280143,
              24.9576361
            ],
            [
              118.5281677,
              24.9574397
            ],
            [
              118.5273719,
              24.9568306
            ],
            [
              118.5271211,
              24.9570262
            ]
          ]
        ]
      },
      "properties": {
        "osm_id": 801888378,
        "landuse": "",
        "amenity": "",
        "leisure": "park"
      }
    },
    {
      "type": "Feature",
      "geometry": {
        "type": "Polygon",
        "coordinates": [
          [
            [
              118.5291562,
              24.9591361
            ],
            [
              118.5291116,
              24.959084
            ],
            [
              118.5292583,
              24.9589423
            ],
            [
              118.5293093,
              24.9590088
            ],
            [
              118.5291562,
              24.9591361
            ]
          ]
        ]
      },
      "properties": {
        "osm_id": 801888401,
        "landuse": "",
        "amenity": "toilets",
        "leisure": ""
      }
    },
    {
      "type": "Feature",
      "geometry": {
        "type": "Polygon",
        "coordinates": [
          [
            [
              118.529944,
              24.9583606
            ],
            [
              118.5301609,
              24.9581235
            ],
            [
              118.5304129,
              24.9583606
            ],
            [
              118.5301386,
              24.9585341
            ],
            [
              118.529944,
              24.9583606
            ]
          ]
        ]
      },
      "properties": {
        "osm_id": 801888402,
        "landuse": "",
        "amenity": "",
        "leisure": "pitch"
      }
    },
    {
      "type": "Feature",
      "geometry": {
        "type": "Polygon",
        "coordinates": [
          [
            [
              118.5299823,
              24.9586325
            ],
            [
              118.5298069,
              24.9584676
            ],
            [
              118.529944,
              24.9583606
            ],
            [
              118.5301163,
              24.9585457
            ],
            [
              118.5299823,
              24.9586325
            ]
          ]
        ]
      },
      "properties": {
        "osm_id": 801888403,
        "landuse": "",
        "amenity": "",
        "leisure": "pitch"
      }
    },
    {
      "type": "Feature",
      "geometry": {
        "type": "Polygon",
        "coordinates": [
          [
            [
              118.6753614,
              24.875478
            ],
            [
              118.6759662,
              24.8757679
            ],
            [
              118.6764406,
              24.8749535
            ],
            [
              118.6758359,
              24.8746636
            ],
            [
              118.6753614,
              24.875478
            ]
          ]
        ]
      },
      "properties": {
        "osm_id": 808592151,
        "landuse": "",
        "amenity": "",
        "leisure": "pitch"
      }
    },
    {
      "type": "Feature",
      "geometry": {
        "type": "Polygon",
        "coordinates": [
          [
            [
              118.6754098,
              24.8696869
            ],
            [
              118.6753869,
              24.8694716
            ],
            [
              118.6754971,
              24.8692293
            ],
            [
              118.6755918,
              24.869082
            ],
            [
              118.6756289,
              24.8689636
            ],
            [
              118.6756267,
              24.8687997
            ],
            [
              118.6756951,
              24.8685916
            ],
            [
              118.6757365,
              24.8684428
            ],
            [
              118.6756821,
              24.8682844
            ],
            [
              118.6757453,
              24.8682733
            ],
            [
              118.6760218,
              24.8684526
            ],
            [
              118.6760981,
              24.8685357
            ],
            [
              118.6760545,
              24.8686441
            ],
            [
              118.6759329,
              24.8686631
            ],
            [
              118.6758631,
              24.8687113
            ],
            [
              118.6758843,
              24.8688077
            ],
            [
              118.6759698,
              24.8689426
            ],
            [
              118.676074,
              24.8689692
            ],
            [
              118.6762184,
              24.8689692
            ],
            [
              118.6763191,
              24.8689126
            ],
            [
              118.6762944,
              24.868814
            ],
            [
              118.6762661,
              24.8687226
            ],
            [
              118.6763433,
              24.8686327
            ],
            [
              118.6764536,
              24.8686342
            ],
            [
              118.6766538,
              24.8686884
            ],
            [
              118.6767689,
              24.8687358
            ],
            [
              118.6768653,
              24.8688082
            ],
            [
              118.6768448,
              24.8689194
            ],
            [
              118.6767637,
              24.8689534
            ],
            [
              118.6765465,
              24.8690068
            ],
            [
              118.6764079,
              24.8691239
            ],
            [
              118.6762972,
              24.8693221
            ],
            [
              118.6762157,
              24.8694681
            ],
            [
              118.6761136,
              24.8695563
            ],
            [
              118.676019,
              24.8696759
            ],
            [
              118.67585,
              24.8697679
            ],
            [
              118.6756843,
              24.8698207
            ],
            [
              118.6754098,
              24.8696869
            ]
          ]
        ]
      },
      "properties": {
        "osm_id": 808625429,
        "landuse": "",
        "amenity": "",
        "leisure": "park"
      }
    },
    {
      "type": "Feature",
      "geometry": {
        "type": "Polygon",
        "coordinates": [
          [
            [
              118.6744895,
              24.8711069
            ],
            [
              118.6746295,
              24.8710812
            ],
            [
              118.6747593,
              24.8710965
            ],
            [
              118.6748614,
              24.8711681
            ],
            [
              118.6749452,
              24.8713122
            ],
            [
              118.6750689,
              24.8712846
            ],
            [
              118.6753191,
              24.87087
            ],
            [
              118.6754213,
              24.8707696
            ],
            [
              118.6753198,
              24.8703932
            ],
            [
              118.6751041,
              24.8702502
            ],
            [
              118.6749331,
              24.8703121
            ],
            [
              118.6747654,
              24.8704041
            ],
            [
              118.6746025,
              24.8705441
            ],
            [
              118.6744693,
              24.8707514
            ],
            [
              118.6744348,
              24.8708851
            ],
            [
              118.6744895,
              24.8711069
            ]
          ]
        ]
      },
      "properties": {
        "osm_id": 808631751,
        "landuse": "",
        "amenity": "",
        "leisure": "park"
      }
    },
    {
      "type": "Feature",
      "geometry": {
        "type": "Polygon",
        "coordinates": [
          [
            [
              118.5899581,
              24.9160981
            ],
            [
              118.5910846,
              24.9159083
            ],
            [
              118.5911697,
              24.9162205
            ],
            [
              118.5913809,
              24.9161749
            ],
            [
              118.5916908,
              24.9175673
            ],
            [
              118.5897972,
              24.9178252
            ],
            [
              118.5896845,
              24.9168084
            ],
            [
              118.5896523,
              24.9163073
            ],
            [
              118.5899635,
              24.9163024
            ],
            [
              118.5899581,
              24.9160981
            ]
          ]
        ]
      },
      "properties": {
        "osm_id": 808920017,
        "landuse": "military",
        "amenity": "",
        "leisure": ""
      }
    },
    {
      "type": "Feature",
      "geometry": {
        "type": "Polygon",
        "coordinates": [
          [
            [
              118.5662432,
              24.9590081
            ],
            [
              118.5698559,
              24.959064
            ],
            [
              118.5699995,
              24.9544394
            ],
            [
              118.5664587,
              24.9542626
            ],
            [
              118.5662432,
              24.9590081
            ]
          ]
        ]
      },
      "properties": {
        "osm_id": 817989846,
        "landuse": "",
        "amenity": "grave_yard",
        "leisure": ""
      }
    },
    {
      "type": "Feature",
      "geometry": {
        "type": "Polygon",
        "coordinates": [
          [
            [
              118.588931,
              24.8760514
            ],
            [
              118.5891938,
              24.8763726
            ],
            [
              118.5903633,
              24.8762071
            ],
            [
              118.5904276,
              24.8757496
            ],
            [
              118.5908621,
              24.875735
            ],
            [
              118.5912538,
              24.8762266
            ],
            [
              118.5921391,
              24.8763185
            ],
            [
              118.5925573,
              24.8759005
            ],
            [
              118.5932869,
              24.8756134
            ],
            [
              118.5930508,
              24.8753798
            ],
            [
              118.5949606,
              24.8744405
            ],
            [
              118.5949284,
              24.8743918
            ],
            [
              118.5932708,
              24.8749077
            ],
            [
              118.5902721,
              24.8754382
            ],
            [
              118.588931,
              24.8760514
            ]
          ]
        ]
      },
      "properties": {
        "osm_id": 837879536,
        "landuse": "",
        "amenity": "",
        "leisure": "park"
      }
    },
    {
      "type": "Feature",
      "geometry": {
        "type": "Polygon",
        "coordinates": [
          [
            [
              118.597911,
              24.8803486
            ],
            [
              118.5946414,
              24.8814217
            ],
            [
              118.5935739,
              24.8816723
            ],
            [
              118.5922649,
              24.8820981
            ],
            [
              118.5907978,
              24.8827754
            ],
            [
              118.5880892,
              24.8843795
            ],
            [
              118.5873821,
              24.8847123
            ],
            [
              118.5864645,
              24.8850765
            ],
            [
              118.5861961,
              24.885446
            ],
            [
              118.5857929,
              24.8865461
            ],
            [
              118.5854176,
              24.8868357
            ],
            [
              118.5850157,
              24.8876923
            ],
            [
              118.5845907,
              24.8889666
            ],
            [
              118.5843655,
              24.8895092
            ],
            [
              118.584135,
              24.8895099
            ],
            [
              118.5847714,
              24.8876684
            ],
            [
              118.5852871,
              24.8863016
            ],
            [
              118.5855026,
              24.8854043
            ],
            [
              118.5857017,
              24.8850179
            ],
            [
              118.585935,
              24.8845651
            ],
            [
              118.5862789,
              24.8838977
            ],
            [
              118.5871227,
              24.8826892
            ],
            [
              118.588208,
              24.8817255
            ],
            [
              118.5901656,
              24.8805397
            ],
            [
              118.5968864,
              24.8771123
            ],
            [
              118.5986298,
              24.8767279
            ],
            [
              118.603785,
              24.8757302
            ],
            [
              118.6047399,
              24.8756085
            ],
            [
              118.6064511,
              24.8761146
            ],
            [
              118.6076635,
              24.8770247
            ],
            [
              118.6096215,
              24.8776914
            ],
            [
              118.6091226,
              24.8787426
            ],
            [
              118.6075066,
              24.878165
            ],
            [
              118.6071918,
              24.8780918
            ],
            [
              118.6071271,
              24.8780472
            ],
            [
              118.6062815,
              24.8777848
            ],
            [
              118.6061167,
              24.8778993
            ],
            [
              118.605625,
              24.8778423
            ],
            [
              118.6051747,
              24.8778547
            ],
            [
              118.604744,
              24.877887
            ],
            [
              118.6045829,
              24.8779243
            ],
            [
              118.6044198,
              24.8779625
            ],
            [
              118.6038711,
              24.8781212
            ],
            [
              118.6035306,
              24.8782171
            ],
            [
              118.6029788,
              24.8784477
            ],
            [
              118.6008118,
              24.8793881
            ],
            [
              118.597911,
              24.8803486
            ]
          ]
        ]
      },
      "properties": {
        "osm_id": 837879537,
        "landuse": "",
        "amenity": "",
        "leisure": "park"
      }
    },
    {
      "type": "Feature",
      "geometry": {
        "type": "Polygon",
        "coordinates": [
          [
            [
              118.5858142,
              24.8031571
            ],
            [
              118.5860087,
              24.8032532
            ],
            [
              118.5858665,
              24.8035442
            ],
            [
              118.5856721,
              24.8034517
            ],
            [
              118.5858142,
              24.8031571
            ]
          ]
        ]
      },
      "properties": {
        "osm_id": 844268651,
        "landuse": "",
        "amenity": "parking",
        "leisure": ""
      }
    },
    {
      "type": "Feature",
      "geometry": {
        "type": "Polygon",
        "coordinates": [
          [
            [
              118.5864043,
              24.8029197
            ],
            [
              118.5866927,
              24.8023633
            ],
            [
              118.5864674,
              24.8022635
            ],
            [
              118.5861669,
              24.8028174
            ],
            [
              118.5864043,
              24.8029197
            ]
          ]
        ]
      },
      "properties": {
        "osm_id": 844268652,
        "landuse": "",
        "amenity": "parking",
        "leisure": ""
      }
    },
    {
      "type": "Feature",
      "geometry": {
        "type": "Polygon",
        "coordinates": [
          [
            [
              118.5869662,
              24.803941
            ],
            [
              118.5874289,
              24.8036744
            ],
            [
              118.5869421,
              24.8029245
            ],
            [
              118.5868603,
              24.8029002
            ],
            [
              118.5867423,
              24.8029416
            ],
            [
              118.5868134,
              24.8030633
            ],
            [
              118.5865854,
              24.8031826
            ],
            [
              118.5865223,
              24.8033044
            ],
            [
              118.5865197,
              24.8033847
            ],
            [
              118.5865545,
              24.8034431
            ],
            [
              118.5868402,
              24.8039118
            ],
            [
              118.5868777,
              24.8039362
            ],
            [
              118.5869247,
              24.8039423
            ],
            [
              118.5869662,
              24.803941
            ]
          ]
        ]
      },
      "properties": {
        "osm_id": 844268653,
        "landuse": "",
        "amenity": "parking",
        "leisure": ""
      }
    },
    {
      "type": "Feature",
      "geometry": {
        "type": "Polygon",
        "coordinates": [
          [
            [
              118.5870883,
              24.8052564
            ],
            [
              118.5872338,
              24.8051876
            ],
            [
              118.5872562,
              24.805178
            ],
            [
              118.5872988,
              24.805159
            ],
            [
              118.5872687,
              24.8051195
            ],
            [
              118.5873558,
              24.8050683
            ],
            [
              118.5870266,
              24.8045619
            ],
            [
              118.586521,
              24.8048541
            ],
            [
              118.5865921,
              24.8049003
            ],
            [
              118.5867731,
              24.8050014
            ],
            [
              118.5869032,
              24.8050963
            ],
            [
              118.5870105,
              24.8051876
            ],
            [
              118.5870883,
              24.8052564
            ]
          ]
        ]
      },
      "properties": {
        "osm_id": 844268654,
        "landuse": "",
        "amenity": "parking",
        "leisure": ""
      }
    },
    {
      "type": "Feature",
      "geometry": {
        "type": "Polygon",
        "coordinates": [
          [
            [
              118.6234188,
              24.8849717
            ],
            [
              118.6229199,
              24.8848355
            ],
            [
              118.622818,
              24.8851956
            ],
            [
              118.6233222,
              24.8853026
            ],
            [
              118.6234188,
              24.8849717
            ]
          ]
        ]
      },
      "properties": {
        "osm_id": 890922635,
        "landuse": "",
        "amenity": "parking",
        "leisure": ""
      }
    },
    {
      "type": "Feature",
      "geometry": {
        "type": "Polygon",
        "coordinates": [
          [
            [
              118.6225449,
              24.8849016
            ],
            [
              118.6218977,
              24.8847625
            ],
            [
              118.6216667,
              24.8856471
            ],
            [
              118.6223138,
              24.8857863
            ],
            [
              118.6225449,
              24.8849016
            ]
          ]
        ]
      },
      "properties": {
        "osm_id": 890922636,
        "landuse": "",
        "amenity": "",
        "leisure": "pitch"
      }
    },
    {
      "type": "Feature",
      "geometry": {
        "type": "Polygon",
        "coordinates": [
          [
            [
              118.5297561,
              24.7774126
            ],
            [
              118.5289514,
              24.7771691
            ],
            [
              118.5259581,
              24.7770814
            ],
            [
              118.5258937,
              24.7792244
            ],
            [
              118.5295951,
              24.779127
            ],
            [
              118.5297561,
              24.7774126
            ]
          ]
        ]
      },
      "properties": {
        "osm_id": 890948499,
        "landuse": "industrial",
        "amenity": "",
        "leisure": ""
      }
    },
    {
      "type": "Feature",
      "geometry": {
        "type": "Polygon",
        "coordinates": [
          [
            [
              118.5288978,
              24.7708712
            ],
            [
              118.5286242,
              24.7705303
            ],
            [
              118.5281092,
              24.7708371
            ],
            [
              118.5284096,
              24.7711927
            ],
            [
              118.5288978,
              24.7708712
            ]
          ]
        ]
      },
      "properties": {
        "osm_id": 890948504,
        "landuse": "",
        "amenity": "place_of_worship",
        "leisure": ""
      }
    },
    {
      "type": "Feature",
      "geometry": {
        "type": "Polygon",
        "coordinates": [
          [
            [
              118.5899931,
              24.910391
            ],
            [
              118.5890482,
              24.910599
            ],
            [
              118.5891186,
              24.9107685
            ],
            [
              118.5892743,
              24.9107218
            ],
            [
              118.5897045,
              24.9115876
            ],
            [
              118.5903658,
              24.9128492
            ],
            [
              118.5909963,
              24.9126922
            ],
            [
              118.5909254,
              24.9124564
            ],
            [
              118.5914135,
              24.9123488
            ],
            [
              118.5912591,
              24.9116389
            ],
            [
              118.5913986,
              24.9115976
            ],
            [
              118.591243,
              24.910841
            ],
            [
              118.5911223,
              24.9108483
            ],
            [
              118.5910445,
              24.9105442
            ],
            [
              118.5903043,
              24.9106853
            ],
            [
              118.5902157,
              24.9103545
            ],
            [
              118.5899931,
              24.910391
            ]
          ]
        ]
      },
      "properties": {
        "osm_id": 890978653,
        "landuse": "",
        "amenity": "place_of_worship",
        "leisure": ""
      }
    },
    {
      "type": "Feature",
      "geometry": {
        "type": "Polygon",
        "coordinates": [
          [
            [
              118.6228535,
              24.8804327
            ],
            [
              118.6228887,
              24.8805624
            ],
            [
              118.6231509,
              24.8805039
            ],
            [
              118.6231157,
              24.8803742
            ],
            [
              118.6228535,
              24.8804327
            ]
          ]
        ]
      },
      "properties": {
        "osm_id": 892760668,
        "landuse": "",
        "amenity": "",
        "leisure": "pitch"
      }
    },
    {
      "type": "Feature",
      "geometry": {
        "type": "Polygon",
        "coordinates": [
          [
            [
              118.6226313,
              24.8805206
            ],
            [
              118.622656,
              24.8806143
            ],
            [
              118.6228547,
              24.8805712
            ],
            [
              118.6228301,
              24.8804776
            ],
            [
              118.6226313,
              24.8805206
            ]
          ]
        ]
      },
      "properties": {
        "osm_id": 892760669,
        "landuse": "",
        "amenity": "",
        "leisure": "pitch"
      }
    },
    {
      "type": "Feature",
      "geometry": {
        "type": "Polygon",
        "coordinates": [
          [
            [
              118.6224237,
              24.8801758
            ],
            [
              118.6224613,
              24.8804155
            ],
            [
              118.6228369,
              24.8803671
            ],
            [
              118.6227994,
              24.8801274
            ],
            [
              118.6224237,
              24.8801758
            ]
          ]
        ]
      },
      "properties": {
        "osm_id": 892760670,
        "landuse": "",
        "amenity": "",
        "leisure": "pitch"
      }
    },
    {
      "type": "Feature",
      "geometry": {
        "type": "Polygon",
        "coordinates": [
          [
            [
              118.6216646,
              24.8805311
            ],
            [
              118.6217384,
              24.8807696
            ],
            [
              118.6219217,
              24.8807229
            ],
            [
              118.6218479,
              24.8804844
            ],
            [
              118.6216646,
              24.8805311
            ]
          ]
        ]
      },
      "properties": {
        "osm_id": 892760671,
        "landuse": "",
        "amenity": "",
        "leisure": "pitch"
      }
    },
    {
      "type": "Feature",
      "geometry": {
        "type": "Polygon",
        "coordinates": [
          [
            [
              118.6676181,
              24.9830001
            ],
            [
              118.6675262,
              24.9828326
            ],
            [
              118.6672446,
              24.9829596
            ],
            [
              118.6673364,
              24.9831271
            ],
            [
              118.6676181,
              24.9830001
            ]
          ]
        ]
      },
      "properties": {
        "osm_id": 895718117,
        "landuse": "",
        "amenity": "fuel",
        "leisure": ""
      }
    },
    {
      "type": "Feature",
      "geometry": {
        "type": "Polygon",
        "coordinates": [
          [
            [
              118.6649074,
              24.9809875
            ],
            [
              118.6648155,
              24.98082
            ],
            [
              118.6645338,
              24.9809469
            ],
            [
              118.6646257,
              24.9811144
            ],
            [
              118.6649074,
              24.9809875
            ]
          ]
        ]
      },
      "properties": {
        "osm_id": 895718118,
        "landuse": "",
        "amenity": "fuel",
        "leisure": ""
      }
    },
    {
      "type": "Feature",
      "geometry": {
        "type": "Polygon",
        "coordinates": [
          [
            [
              118.66863,
              24.9786478
            ],
            [
              118.6687806,
              24.9785924
            ],
            [
              118.6688873,
              24.9788308
            ],
            [
              118.6687368,
              24.9788862
            ],
            [
              118.66863,
              24.9786478
            ]
          ]
        ]
      },
      "properties": {
        "osm_id": 895718119,
        "landuse": "",
        "amenity": "",
        "leisure": "pitch"
      }
    },
    {
      "type": "Feature",
      "geometry": {
        "type": "Polygon",
        "coordinates": [
          [
            [
              118.6652397,
              24.9535116
            ],
            [
              118.6653554,
              24.9534359
            ],
            [
              118.6655073,
              24.9536267
            ],
            [
              118.6653915,
              24.9537025
            ],
            [
              118.6652397,
              24.9535116
            ]
          ]
        ]
      },
      "properties": {
        "osm_id": 895719939,
        "landuse": "",
        "amenity": "",
        "leisure": "pitch"
      }
    },
    {
      "type": "Feature",
      "geometry": {
        "type": "Polygon",
        "coordinates": [
          [
            [
              118.6651039,
              24.9536007
            ],
            [
              118.6652196,
              24.953525
            ],
            [
              118.6653715,
              24.9537159
            ],
            [
              118.6652558,
              24.9537916
            ],
            [
              118.6651039,
              24.9536007
            ]
          ]
        ]
      },
      "properties": {
        "osm_id": 895719940,
        "landuse": "",
        "amenity": "",
        "leisure": "pitch"
      }
    },
    {
      "type": "Feature",
      "geometry": {
        "type": "Polygon",
        "coordinates": [
          [
            [
              118.6448709,
              24.9409031
            ],
            [
              118.6450612,
              24.9407772
            ],
            [
              118.6451913,
              24.9409389
            ],
            [
              118.6450009,
              24.9410648
            ],
            [
              118.6448709,
              24.9409031
            ]
          ]
        ]
      },
      "properties": {
        "osm_id": 895719941,
        "landuse": "",
        "amenity": "fuel",
        "leisure": ""
      }
    },
    {
      "type": "Feature",
      "geometry": {
        "type": "Polygon",
        "coordinates": [
          [
            [
              118.6449867,
              24.9411843
            ],
            [
              118.6446931,
              24.9407492
            ],
            [
              118.6453651,
              24.9406181
            ],
            [
              118.6453741,
              24.9410762
            ],
            [
              118.6449867,
              24.9411843
            ]
          ]
        ]
      },
      "properties": {
        "osm_id": 895719942,
        "landuse": "retail",
        "amenity": "",
        "leisure": ""
      }
    },
    {
      "type": "Feature",
      "geometry": {
        "type": "Polygon",
        "coordinates": [
          [
            [
              118.6971059,
              24.9635797
            ],
            [
              118.6970857,
              24.9634482
            ],
            [
              118.6973618,
              24.9634133
            ],
            [
              118.697382,
              24.9635448
            ],
            [
              118.6971059,
              24.9635797
            ]
          ]
        ]
      },
      "properties": {
        "osm_id": 895720427,
        "landuse": "",
        "amenity": "",
        "leisure": "pitch"
      }
    },
    {
      "type": "Feature",
      "geometry": {
        "type": "Polygon",
        "coordinates": [
          [
            [
              118.6979877,
              24.9634569
            ],
            [
              118.6979675,
              24.9633255
            ],
            [
              118.6982436,
              24.9632905
            ],
            [
              118.6982638,
              24.9634221
            ],
            [
              118.6979877,
              24.9634569
            ]
          ]
        ]
      },
      "properties": {
        "osm_id": 895720428,
        "landuse": "",
        "amenity": "",
        "leisure": "pitch"
      }
    },
    {
      "type": "Feature",
      "geometry": {
        "type": "Polygon",
        "coordinates": [
          [
            [
              118.6976896,
              24.9634969
            ],
            [
              118.6976694,
              24.9633654
            ],
            [
              118.6979454,
              24.9633305
            ],
            [
              118.6979657,
              24.963462
            ],
            [
              118.6976896,
              24.9634969
            ]
          ]
        ]
      },
      "properties": {
        "osm_id": 895720429,
        "landuse": "",
        "amenity": "",
        "leisure": "pitch"
      }
    },
    {
      "type": "Feature",
      "geometry": {
        "type": "Polygon",
        "coordinates": [
          [
            [
              118.6963411,
              24.961766
            ],
            [
              118.6963333,
              24.9616435
            ],
            [
              118.6965878,
              24.9616302
            ],
            [
              118.6965956,
              24.9617526
            ],
            [
              118.6963411,
              24.961766
            ]
          ]
        ]
      },
      "properties": {
        "osm_id": 895720430,
        "landuse": "",
        "amenity": "",
        "leisure": "pitch"
      }
    },
    {
      "type": "Feature",
      "geometry": {
        "type": "Polygon",
        "coordinates": [
          [
            [
              118.6966167,
              24.9617588
            ],
            [
              118.6966089,
              24.9616364
            ],
            [
              118.6968634,
              24.961623
            ],
            [
              118.6968712,
              24.9617454
            ],
            [
              118.6966167,
              24.9617588
            ]
          ]
        ]
      },
      "properties": {
        "osm_id": 895720431,
        "landuse": "",
        "amenity": "",
        "leisure": "pitch"
      }
    },
    {
      "type": "Feature",
      "geometry": {
        "type": "Polygon",
        "coordinates": [
          [
            [
              118.6845049,
              24.9620077
            ],
            [
              118.6843758,
              24.9619759
            ],
            [
              118.6844444,
              24.9617472
            ],
            [
              118.6845735,
              24.961779
            ],
            [
              118.6845049,
              24.9620077
            ]
          ]
        ]
      },
      "properties": {
        "osm_id": 895720432,
        "landuse": "",
        "amenity": "",
        "leisure": "pitch"
      }
    },
    {
      "type": "Feature",
      "geometry": {
        "type": "Polygon",
        "coordinates": [
          [
            [
              118.6846626,
              24.9620462
            ],
            [
              118.6845334,
              24.9620143
            ],
            [
              118.6846021,
              24.9617857
            ],
            [
              118.6847312,
              24.9618175
            ],
            [
              118.6846626,
              24.9620462
            ]
          ]
        ]
      },
      "properties": {
        "osm_id": 895720433,
        "landuse": "",
        "amenity": "",
        "leisure": "pitch"
      }
    },
    {
      "type": "Feature",
      "geometry": {
        "type": "Polygon",
        "coordinates": [
          [
            [
              118.6848338,
              24.9620885
            ],
            [
              118.6847047,
              24.9620567
            ],
            [
              118.6847733,
              24.961828
            ],
            [
              118.6849024,
              24.9618598
            ],
            [
              118.6848338,
              24.9620885
            ]
          ]
        ]
      },
      "properties": {
        "osm_id": 895720434,
        "landuse": "",
        "amenity": "",
        "leisure": "pitch"
      }
    },
    {
      "type": "Feature",
      "geometry": {
        "type": "Polygon",
        "coordinates": [
          [
            [
              118.6835448,
              24.9607861
            ],
            [
              118.6834055,
              24.9607489
            ],
            [
              118.6834837,
              24.9605084
            ],
            [
              118.683623,
              24.9605456
            ],
            [
              118.6835448,
              24.9607861
            ]
          ]
        ]
      },
      "properties": {
        "osm_id": 895720435,
        "landuse": "",
        "amenity": "",
        "leisure": "pitch"
      }
    },
    {
      "type": "Feature",
      "geometry": {
        "type": "Polygon",
        "coordinates": [
          [
            [
              118.683843,
              24.960874
            ],
            [
              118.6837037,
              24.9608368
            ],
            [
              118.683782,
              24.9605963
            ],
            [
              118.6839212,
              24.9606335
            ],
            [
              118.683843,
              24.960874
            ]
          ]
        ]
      },
      "properties": {
        "osm_id": 895720436,
        "landuse": "",
        "amenity": "",
        "leisure": "pitch"
      }
    },
    {
      "type": "Feature",
      "geometry": {
        "type": "Polygon",
        "coordinates": [
          [
            [
              118.6642454,
              24.9600379
            ],
            [
              118.6640863,
              24.9599591
            ],
            [
              118.664251,
              24.9596859
            ],
            [
              118.6644101,
              24.9597648
            ],
            [
              118.6642454,
              24.9600379
            ]
          ]
        ]
      },
      "properties": {
        "osm_id": 895721830,
        "landuse": "",
        "amenity": "",
        "leisure": "pitch"
      }
    },
    {
      "type": "Feature",
      "geometry": {
        "type": "Polygon",
        "coordinates": [
          [
            [
              118.6568752,
              24.9575476
            ],
            [
              118.657254,
              24.9575449
            ],
            [
              118.6572587,
              24.9580952
            ],
            [
              118.65688,
              24.9580979
            ],
            [
              118.6568752,
              24.9575476
            ]
          ]
        ]
      },
      "properties": {
        "osm_id": 895721831,
        "landuse": "",
        "amenity": "",
        "leisure": "pitch"
      }
    },
    {
      "type": "Feature",
      "geometry": {
        "type": "Polygon",
        "coordinates": [
          [
            [
              118.6573593,
              24.9579172
            ],
            [
              118.6573531,
              24.9576728
            ],
            [
              118.6574969,
              24.9576699
            ],
            [
              118.657503,
              24.9579142
            ],
            [
              118.6573593,
              24.9579172
            ]
          ]
        ]
      },
      "properties": {
        "osm_id": 895721832,
        "landuse": "",
        "amenity": "",
        "leisure": "pitch"
      }
    },
    {
      "type": "Feature",
      "geometry": {
        "type": "Polygon",
        "coordinates": [
          [
            [
              118.6573518,
              24.9576359
            ],
            [
              118.6573388,
              24.9573901
            ],
            [
              118.6574775,
              24.9573841
            ],
            [
              118.6574905,
              24.9576299
            ],
            [
              118.6573518,
              24.9576359
            ]
          ]
        ]
      },
      "properties": {
        "osm_id": 895721833,
        "landuse": "",
        "amenity": "",
        "leisure": "pitch"
      }
    },
    {
      "type": "Feature",
      "geometry": {
        "type": "Polygon",
        "coordinates": [
          [
            [
              118.657333,
              24.957358
            ],
            [
              118.65732,
              24.9571122
            ],
            [
              118.6574587,
              24.9571062
            ],
            [
              118.6574717,
              24.957352
            ],
            [
              118.657333,
              24.957358
            ]
          ]
        ]
      },
      "properties": {
        "osm_id": 895721834,
        "landuse": "",
        "amenity": "",
        "leisure": "pitch"
      }
    },
    {
      "type": "Feature",
      "geometry": {
        "type": "Polygon",
        "coordinates": [
          [
            [
              118.6573125,
              24.9570756
            ],
            [
              118.6572995,
              24.9568298
            ],
            [
              118.6574382,
              24.9568237
            ],
            [
              118.6574512,
              24.9570696
            ],
            [
              118.6573125,
              24.9570756
            ]
          ]
        ]
      },
      "properties": {
        "osm_id": 895721835,
        "landuse": "",
        "amenity": "",
        "leisure": "pitch"
      }
    },
    {
      "type": "Feature",
      "geometry": {
        "type": "Polygon",
        "coordinates": [
          [
            [
              118.6572902,
              24.9567994
            ],
            [
              118.6572772,
              24.9565535
            ],
            [
              118.6574159,
              24.9565475
            ],
            [
              118.657429,
              24.9567933
            ],
            [
              118.6572902,
              24.9567994
            ]
          ]
        ]
      },
      "properties": {
        "osm_id": 895721836,
        "landuse": "",
        "amenity": "",
        "leisure": "pitch"
      }
    },
    {
      "type": "Feature",
      "geometry": {
        "type": "Polygon",
        "coordinates": [
          [
            [
              118.6572671,
              24.9565179
            ],
            [
              118.6572353,
              24.9562662
            ],
            [
              118.6573769,
              24.9562515
            ],
            [
              118.6574086,
              24.9565033
            ],
            [
              118.6572671,
              24.9565179
            ]
          ]
        ]
      },
      "properties": {
        "osm_id": 895721837,
        "landuse": "",
        "amenity": "",
        "leisure": "pitch"
      }
    },
    {
      "type": "Feature",
      "geometry": {
        "type": "Polygon",
        "coordinates": [
          [
            [
              118.6555396,
              24.9558204
            ],
            [
              118.6554288,
              24.9557076
            ],
            [
              118.6552018,
              24.9558908
            ],
            [
              118.6553125,
              24.9560035
            ],
            [
              118.6555396,
              24.9558204
            ]
          ]
        ]
      },
      "properties": {
        "osm_id": 895721838,
        "landuse": "",
        "amenity": "",
        "leisure": "pitch"
      }
    },
    {
      "type": "Feature",
      "geometry": {
        "type": "Polygon",
        "coordinates": [
          [
            [
              118.6476705,
              24.9655345
            ],
            [
              118.6475821,
              24.9654289
            ],
            [
              118.6478324,
              24.9652568
            ],
            [
              118.6479207,
              24.9653623
            ],
            [
              118.6476705,
              24.9655345
            ]
          ]
        ]
      },
      "properties": {
        "osm_id": 895721839,
        "landuse": "",
        "amenity": "",
        "leisure": "pitch"
      }
    },
    {
      "type": "Feature",
      "geometry": {
        "type": "Polygon",
        "coordinates": [
          [
            [
              118.6328887,
              24.9736426
            ],
            [
              118.6330741,
              24.9735153
            ],
            [
              118.6332148,
              24.9736838
            ],
            [
              118.6330294,
              24.973811
            ],
            [
              118.6328887,
              24.9736426
            ]
          ]
        ]
      },
      "properties": {
        "osm_id": 895721840,
        "landuse": "",
        "amenity": "fuel",
        "leisure": ""
      }
    },
    {
      "type": "Feature",
      "geometry": {
        "type": "Polygon",
        "coordinates": [
          [
            [
              118.632948,
              24.9739893
            ],
            [
              118.6326275,
              24.9736007
            ],
            [
              118.6329834,
              24.9733459
            ],
            [
              118.6334652,
              24.9736435
            ],
            [
              118.632948,
              24.9739893
            ]
          ]
        ]
      },
      "properties": {
        "osm_id": 895721841,
        "landuse": "retail",
        "amenity": "",
        "leisure": ""
      }
    },
    {
      "type": "Feature",
      "geometry": {
        "type": "Polygon",
        "coordinates": [
          [
            [
              118.6530284,
              24.9402413
            ],
            [
              118.6528744,
              24.9401509
            ],
            [
              118.6526911,
              24.9404075
            ],
            [
              118.652845,
              24.9404979
            ],
            [
              118.6530284,
              24.9402413
            ]
          ]
        ]
      },
      "properties": {
        "osm_id": 895722194,
        "landuse": "",
        "amenity": "",
        "leisure": "pitch"
      }
    },
    {
      "type": "Feature",
      "geometry": {
        "type": "Polygon",
        "coordinates": [
          [
            [
              118.5736028,
              24.7918704
            ],
            [
              118.5742608,
              24.7909482
            ],
            [
              118.5764083,
              24.7905204
            ],
            [
              118.5809101,
              24.7925962
            ],
            [
              118.5815438,
              24.7922896
            ],
            [
              118.5821796,
              24.793148
            ],
            [
              118.5826503,
              24.792907
            ],
            [
              118.5834795,
              24.7943094
            ],
            [
              118.582148,
              24.7948317
            ],
            [
              118.5802294,
              24.7959373
            ],
            [
              118.579018,
              24.7950796
            ],
            [
              118.5789039,
              24.7952647
            ],
            [
              118.5786022,
              24.7950697
            ],
            [
              118.5784403,
              24.7953341
            ],
            [
              118.577465,
              24.7950633
            ],
            [
              118.5775097,
              24.794693
            ],
            [
              118.5736028,
              24.7918704
            ]
          ]
        ]
      },
      "properties": {
        "osm_id": 904139049,
        "landuse": "military",
        "amenity": "",
        "leisure": ""
      }
    },
    {
      "type": "Feature",
      "geometry": {
        "type": "Polygon",
        "coordinates": [
          [
            [
              118.5879286,
              24.9076554
            ],
            [
              118.587944,
              24.9076234
            ],
            [
              118.5879299,
              24.9075908
            ],
            [
              118.5878946,
              24.9075768
            ],
            [
              118.5878587,
              24.9075896
            ],
            [
              118.5878433,
              24.9076217
            ],
            [
              118.5878574,
              24.9076542
            ],
            [
              118.5878927,
              24.9076682
            ],
            [
              118.5879286,
              24.9076554
            ]
          ]
        ]
      },
      "properties": {
        "osm_id": 905026229,
        "landuse": "",
        "amenity": "shelter",
        "leisure": ""
      }
    },
    {
      "type": "Feature",
      "geometry": {
        "type": "Polygon",
        "coordinates": [
          [
            [
              118.6525032,
              24.8596311
            ],
            [
              118.6527425,
              24.8598127
            ],
            [
              118.6528716,
              24.8596727
            ],
            [
              118.6526323,
              24.8594911
            ],
            [
              118.6525032,
              24.8596311
            ]
          ]
        ]
      },
      "properties": {
        "osm_id": 905668244,
        "landuse": "",
        "amenity": "",
        "leisure": "pitch"
      }
    },
    {
      "type": "Feature",
      "geometry": {
        "type": "Polygon",
        "coordinates": [
          [
            [
              118.648832,
              24.8629135
            ],
            [
              118.6489249,
              24.8629674
            ],
            [
              118.6489659,
              24.8629093
            ],
            [
              118.648873,
              24.8628554
            ],
            [
              118.648832,
              24.8629135
            ]
          ]
        ]
      },
      "properties": {
        "osm_id": 905668264,
        "landuse": "",
        "amenity": "",
        "leisure": "pitch"
      }
    },
    {
      "type": "Feature",
      "geometry": {
        "type": "Polygon",
        "coordinates": [
          [
            [
              118.6487919,
              24.8632295
            ],
            [
              118.6489617,
              24.8629888
            ],
            [
              118.6489249,
              24.8629674
            ],
            [
              118.648832,
              24.8629135
            ],
            [
              118.6486622,
              24.8631542
            ],
            [
              118.6487919,
              24.8632295
            ]
          ]
        ]
      },
      "properties": {
        "osm_id": 905668265,
        "landuse": "",
        "amenity": "",
        "leisure": "pitch"
      }
    },
    {
      "type": "Feature",
      "geometry": {
        "type": "Polygon",
        "coordinates": [
          [
            [
              118.6478337,
              24.8612283
            ],
            [
              118.647923,
              24.8616112
            ],
            [
              118.6481026,
              24.8615767
            ],
            [
              118.6480321,
              24.8612744
            ],
            [
              118.647938,
              24.8612925
            ],
            [
              118.6479192,
              24.8612118
            ],
            [
              118.6478337,
              24.8612283
            ]
          ]
        ]
      },
      "properties": {
        "osm_id": 905668266,
        "landuse": "",
        "amenity": "place_of_worship",
        "leisure": ""
      }
    },
    {
      "type": "Feature",
      "geometry": {
        "type": "Polygon",
        "coordinates": [
          [
            [
              118.648079,
              24.8665463
            ],
            [
              118.648712,
              24.866118
            ],
            [
              118.6487737,
              24.8657992
            ],
            [
              118.6486208,
              24.8656021
            ],
            [
              118.6477652,
              24.8661497
            ],
            [
              118.648079,
              24.8665463
            ]
          ]
        ]
      },
      "properties": {
        "osm_id": 905668278,
        "landuse": "",
        "amenity": "",
        "leisure": "pitch"
      }
    },
    {
      "type": "Feature",
      "geometry": {
        "type": "Polygon",
        "coordinates": [
          [
            [
              118.5809192,
              24.9121546
            ],
            [
              118.5812598,
              24.9120902
            ],
            [
              118.5812284,
              24.9119534
            ],
            [
              118.5808877,
              24.9120179
            ],
            [
              118.580897,
              24.9120583
            ],
            [
              118.5808959,
              24.9120585
            ],
            [
              118.5808796,
              24.9120717
            ],
            [
              118.5808739,
              24.9120908
            ],
            [
              118.5808804,
              24.9121097
            ],
            [
              118.5808971,
              24.9121224
            ],
            [
              118.5809122,
              24.9121242
            ],
            [
              118.5809192,
              24.9121546
            ]
          ]
        ]
      },
      "properties": {
        "osm_id": 905707006,
        "landuse": "",
        "amenity": "place_of_worship",
        "leisure": ""
      }
    },
    {
      "type": "Feature",
      "geometry": {
        "type": "Polygon",
        "coordinates": [
          [
            [
              118.5792294,
              24.9150689
            ],
            [
              118.5795803,
              24.9150051
            ],
            [
              118.5796366,
              24.9149118
            ],
            [
              118.57956,
              24.9145981
            ],
            [
              118.5791838,
              24.9146043
            ],
            [
              118.5792106,
              24.9147369
            ],
            [
              118.5791449,
              24.9147454
            ],
            [
              118.5792294,
              24.9150689
            ]
          ]
        ]
      },
      "properties": {
        "osm_id": 905707007,
        "landuse": "",
        "amenity": "parking",
        "leisure": ""
      }
    },
    {
      "type": "Feature",
      "geometry": {
        "type": "Polygon",
        "coordinates": [
          [
            [
              118.6202624,
              24.9149524
            ],
            [
              118.6202714,
              24.9148159
            ],
            [
              118.6199958,
              24.914807
            ],
            [
              118.6199897,
              24.9149477
            ],
            [
              118.6202624,
              24.9149524
            ]
          ]
        ]
      },
      "properties": {
        "osm_id": 906956409,
        "landuse": "",
        "amenity": "",
        "leisure": "pitch"
      }
    },
    {
      "type": "Feature",
      "geometry": {
        "type": "Polygon",
        "coordinates": [
          [
            [
              118.5501005,
              24.7930329
            ],
            [
              118.5514062,
              24.7930256
            ],
            [
              118.5513601,
              24.792564
            ],
            [
              118.5511917,
              24.7917336
            ],
            [
              118.5510595,
              24.7915903
            ],
            [
              118.5507292,
              24.7915869
            ],
            [
              118.5506321,
              24.7910406
            ],
            [
              118.5508165,
              24.7909911
            ],
            [
              118.5504247,
              24.7903376
            ],
            [
              118.5504248,
              24.7900359
            ],
            [
              118.5506466,
              24.7897889
            ],
            [
              118.5506131,
              24.7892401
            ],
            [
              118.5496413,
              24.7882241
            ],
            [
              118.5488151,
              24.7883272
            ],
            [
              118.5486459,
              24.7885821
            ],
            [
              118.5482938,
              24.7887732
            ],
            [
              118.5468109,
              24.7892919
            ],
            [
              118.5468189,
              24.7895624
            ],
            [
              118.5472385,
              24.7909138
            ],
            [
              118.5456188,
              24.7914304
            ],
            [
              118.546247,
              24.7923504
            ],
            [
              118.5473704,
              24.7923904
            ],
            [
              118.5480146,
              24.7919934
            ],
            [
              118.5501005,
              24.7930329
            ]
          ]
        ]
      },
      "properties": {
        "osm_id": 907049868,
        "landuse": "military",
        "amenity": "",
        "leisure": ""
      }
    },
    {
      "type": "Feature",
      "geometry": {
        "type": "Polygon",
        "coordinates": [
          [
            [
              118.5169962,
              24.7731526
            ],
            [
              118.5169434,
              24.7739382
            ],
            [
              118.5179908,
              24.7740153
            ],
            [
              118.5178808,
              24.7746188
            ],
            [
              118.5190809,
              24.7746234
            ],
            [
              118.5202303,
              24.7738974
            ],
            [
              118.5203809,
              24.771976
            ],
            [
              118.5180041,
              24.7721403
            ],
            [
              118.5169962,
              24.7731526
            ]
          ]
        ]
      },
      "properties": {
        "osm_id": 907051161,
        "landuse": "military",
        "amenity": "",
        "leisure": ""
      }
    },
    {
      "type": "Feature",
      "geometry": {
        "type": "Polygon",
        "coordinates": [
          [
            [
              118.669809,
              24.8762238
            ],
            [
              118.6699897,
              24.8759643
            ],
            [
              118.6698135,
              24.8758633
            ],
            [
              118.6696328,
              24.8761228
            ],
            [
              118.669809,
              24.8762238
            ]
          ]
        ]
      },
      "properties": {
        "osm_id": 913606519,
        "landuse": "",
        "amenity": "",
        "leisure": "pitch"
      }
    },
    {
      "type": "Feature",
      "geometry": {
        "type": "Polygon",
        "coordinates": [
          [
            [
              118.6690563,
              24.9315751
            ],
            [
              118.669061,
              24.9317916
            ],
            [
              118.669167,
              24.9317897
            ],
            [
              118.6691623,
              24.9315732
            ],
            [
              118.6690563,
              24.9315751
            ]
          ]
        ]
      },
      "properties": {
        "osm_id": 914689039,
        "landuse": "",
        "amenity": "",
        "leisure": "pitch"
      }
    },
    {
      "type": "Feature",
      "geometry": {
        "type": "Polygon",
        "coordinates": [
          [
            [
              118.6690472,
              24.9318755
            ],
            [
              118.6690526,
              24.9321264
            ],
            [
              118.6691894,
              24.9321239
            ],
            [
              118.669184,
              24.9318731
            ],
            [
              118.6690472,
              24.9318755
            ]
          ]
        ]
      },
      "properties": {
        "osm_id": 914689040,
        "landuse": "",
        "amenity": "",
        "leisure": "pitch"
      }
    },
    {
      "type": "Feature",
      "geometry": {
        "type": "Polygon",
        "coordinates": [
          [
            [
              118.6688433,
              24.9318786
            ],
            [
              118.6688488,
              24.9321294
            ],
            [
              118.6689855,
              24.932127
            ],
            [
              118.6689801,
              24.9318762
            ],
            [
              118.6688433,
              24.9318786
            ]
          ]
        ]
      },
      "properties": {
        "osm_id": 914689041,
        "landuse": "",
        "amenity": "",
        "leisure": "pitch"
      }
    },
    {
      "type": "Feature",
      "geometry": {
        "type": "Polygon",
        "coordinates": [
          [
            [
              118.668838,
              24.9315624
            ],
            [
              118.6688434,
              24.9318132
            ],
            [
              118.6689802,
              24.9318108
            ],
            [
              118.6689748,
              24.93156
            ],
            [
              118.668838,
              24.9315624
            ]
          ]
        ]
      },
      "properties": {
        "osm_id": 914689042,
        "landuse": "",
        "amenity": "",
        "leisure": "pitch"
      }
    },
    {
      "type": "Feature",
      "geometry": {
        "type": "Polygon",
        "coordinates": [
          [
            [
              118.6686334,
              24.9315654
            ],
            [
              118.6686389,
              24.9318163
            ],
            [
              118.6687757,
              24.9318138
            ],
            [
              118.6687702,
              24.931563
            ],
            [
              118.6686334,
              24.9315654
            ]
          ]
        ]
      },
      "properties": {
        "osm_id": 914689043,
        "landuse": "",
        "amenity": "",
        "leisure": "pitch"
      }
    },
    {
      "type": "Feature",
      "geometry": {
        "type": "Polygon",
        "coordinates": [
          [
            [
              118.668441,
              24.9315691
            ],
            [
              118.6684464,
              24.9318199
            ],
            [
              118.6685832,
              24.9318175
            ],
            [
              118.6685778,
              24.9315667
            ],
            [
              118.668441,
              24.9315691
            ]
          ]
        ]
      },
      "properties": {
        "osm_id": 914689044,
        "landuse": "",
        "amenity": "",
        "leisure": "pitch"
      }
    },
    {
      "type": "Feature",
      "geometry": {
        "type": "Polygon",
        "coordinates": [
          [
            [
              118.6682365,
              24.9315727
            ],
            [
              118.6682419,
              24.9318236
            ],
            [
              118.6683787,
              24.9318211
            ],
            [
              118.6683733,
              24.9315703
            ],
            [
              118.6682365,
              24.9315727
            ]
          ]
        ]
      },
      "properties": {
        "osm_id": 914689045,
        "landuse": "",
        "amenity": "",
        "leisure": "pitch"
      }
    },
    {
      "type": "Feature",
      "geometry": {
        "type": "Polygon",
        "coordinates": [
          [
            [
              118.6680447,
              24.9315776
            ],
            [
              118.6680501,
              24.9318284
            ],
            [
              118.6681869,
              24.931826
            ],
            [
              118.6681815,
              24.9315752
            ],
            [
              118.6680447,
              24.9315776
            ]
          ]
        ]
      },
      "properties": {
        "osm_id": 914689046,
        "landuse": "",
        "amenity": "",
        "leisure": "pitch"
      }
    },
    {
      "type": "Feature",
      "geometry": {
        "type": "Polygon",
        "coordinates": [
          [
            [
              118.6680514,
              24.9318926
            ],
            [
              118.6680568,
              24.9321434
            ],
            [
              118.6681936,
              24.932141
            ],
            [
              118.6681882,
              24.9318901
            ],
            [
              118.6680514,
              24.9318926
            ]
          ]
        ]
      },
      "properties": {
        "osm_id": 914689047,
        "landuse": "",
        "amenity": "",
        "leisure": "pitch"
      }
    },
    {
      "type": "Feature",
      "geometry": {
        "type": "Polygon",
        "coordinates": [
          [
            [
              118.6682412,
              24.9318877
            ],
            [
              118.6682466,
              24.9321385
            ],
            [
              118.6683834,
              24.9321361
            ],
            [
              118.668378,
              24.9318853
            ],
            [
              118.6682412,
              24.9318877
            ]
          ]
        ]
      },
      "properties": {
        "osm_id": 914689048,
        "landuse": "",
        "amenity": "",
        "leisure": "pitch"
      }
    },
    {
      "type": "Feature",
      "geometry": {
        "type": "Polygon",
        "coordinates": [
          [
            [
              118.6684511,
              24.9318865
            ],
            [
              118.6684565,
              24.9321373
            ],
            [
              118.6685933,
              24.9321349
            ],
            [
              118.6685878,
              24.9318841
            ],
            [
              118.6684511,
              24.9318865
            ]
          ]
        ]
      },
      "properties": {
        "osm_id": 914689049,
        "landuse": "",
        "amenity": "",
        "leisure": "pitch"
      }
    },
    {
      "type": "Feature",
      "geometry": {
        "type": "Polygon",
        "coordinates": [
          [
            [
              118.6686476,
              24.9318854
            ],
            [
              118.668653,
              24.9321362
            ],
            [
              118.6687898,
              24.9321338
            ],
            [
              118.6687843,
              24.931883
            ],
            [
              118.6686476,
              24.9318854
            ]
          ]
        ]
      },
      "properties": {
        "osm_id": 914689050,
        "landuse": "",
        "amenity": "",
        "leisure": "pitch"
      }
    },
    {
      "type": "Feature",
      "geometry": {
        "type": "Polygon",
        "coordinates": [
          [
            [
              118.6486792,
              24.9191106
            ],
            [
              118.6489139,
              24.9192417
            ],
            [
              118.6489903,
              24.9191292
            ],
            [
              118.6487556,
              24.9189981
            ],
            [
              118.6486792,
              24.9191106
            ]
          ]
        ]
      },
      "properties": {
        "osm_id": 914689324,
        "landuse": "",
        "amenity": "",
        "leisure": "pitch"
      }
    },
    {
      "type": "Feature",
      "geometry": {
        "type": "Polygon",
        "coordinates": [
          [
            [
              118.6464339,
              24.9177101
            ],
            [
              118.6464264,
              24.9179618
            ],
            [
              118.6465766,
              24.9179654
            ],
            [
              118.6465841,
              24.9177138
            ],
            [
              118.6464339,
              24.9177101
            ]
          ]
        ]
      },
      "properties": {
        "osm_id": 914689661,
        "landuse": "",
        "amenity": "",
        "leisure": "pitch"
      }
    },
    {
      "type": "Feature",
      "geometry": {
        "type": "Polygon",
        "coordinates": [
          [
            [
              118.6352131,
              24.9143325
            ],
            [
              118.6352005,
              24.9145944
            ],
            [
              118.6353406,
              24.9145999
            ],
            [
              118.6353532,
              24.9143381
            ],
            [
              118.6352131,
              24.9143325
            ]
          ]
        ]
      },
      "properties": {
        "osm_id": 914689803,
        "landuse": "",
        "amenity": "",
        "leisure": "pitch"
      }
    },
    {
      "type": "Feature",
      "geometry": {
        "type": "Polygon",
        "coordinates": [
          [
            [
              118.6354017,
              24.91434
            ],
            [
              118.6353891,
              24.9146019
            ],
            [
              118.6355292,
              24.9146074
            ],
            [
              118.6355418,
              24.9143456
            ],
            [
              118.6354017,
              24.91434
            ]
          ]
        ]
      },
      "properties": {
        "osm_id": 914689804,
        "landuse": "",
        "amenity": "",
        "leisure": "pitch"
      }
    },
    {
      "type": "Feature",
      "geometry": {
        "type": "Polygon",
        "coordinates": [
          [
            [
              118.6255974,
              24.8992001
            ],
            [
              118.6254296,
              24.8993924
            ],
            [
              118.6255456,
              24.8994757
            ],
            [
              118.6257134,
              24.8992835
            ],
            [
              118.6255974,
              24.8992001
            ]
          ]
        ]
      },
      "properties": {
        "osm_id": 914690181,
        "landuse": "",
        "amenity": "",
        "leisure": "pitch"
      }
    },
    {
      "type": "Feature",
      "geometry": {
        "type": "Polygon",
        "coordinates": [
          [
            [
              118.6279605,
              24.881415
            ],
            [
              118.6281088,
              24.8816333
            ],
            [
              118.6282415,
              24.8815591
            ],
            [
              118.6280932,
              24.8813408
            ],
            [
              118.6279605,
              24.881415
            ]
          ]
        ]
      },
      "properties": {
        "osm_id": 914690546,
        "landuse": "",
        "amenity": "",
        "leisure": "pitch"
      }
    },
    {
      "type": "Feature",
      "geometry": {
        "type": "Polygon",
        "coordinates": [
          [
            [
              118.6287081,
              24.8814886
            ],
            [
              118.6288308,
              24.8816741
            ],
            [
              118.6289214,
              24.8816248
            ],
            [
              118.6287986,
              24.8814393
            ],
            [
              118.6287081,
              24.8814886
            ]
          ]
        ]
      },
      "properties": {
        "osm_id": 914690547,
        "landuse": "",
        "amenity": "",
        "leisure": "pitch"
      }
    },
    {
      "type": "Feature",
      "geometry": {
        "type": "Polygon",
        "coordinates": [
          [
            [
              118.6285284,
              24.8815792
            ],
            [
              118.6286511,
              24.8817648
            ],
            [
              118.6287417,
              24.8817155
            ],
            [
              118.6286189,
              24.8815299
            ],
            [
              118.6285284,
              24.8815792
            ]
          ]
        ]
      },
      "properties": {
        "osm_id": 914690548,
        "landuse": "",
        "amenity": "",
        "leisure": "pitch"
      }
    },
    {
      "type": "Feature",
      "geometry": {
        "type": "Polygon",
        "coordinates": [
          [
            [
              118.6284741,
              24.8811315
            ],
            [
              118.6285968,
              24.881317
            ],
            [
              118.6286873,
              24.8812678
            ],
            [
              118.6285646,
              24.8810822
            ],
            [
              118.6284741,
              24.8811315
            ]
          ]
        ]
      },
      "properties": {
        "osm_id": 914690549,
        "landuse": "",
        "amenity": "",
        "leisure": "pitch"
      }
    },
    {
      "type": "Feature",
      "geometry": {
        "type": "Polygon",
        "coordinates": [
          [
            [
              118.6282917,
              24.8812307
            ],
            [
              118.6284144,
              24.8814162
            ],
            [
              118.6285049,
              24.8813669
            ],
            [
              118.6283822,
              24.8811814
            ],
            [
              118.6282917,
              24.8812307
            ]
          ]
        ]
      },
      "properties": {
        "osm_id": 914690550,
        "landuse": "",
        "amenity": "",
        "leisure": "pitch"
      }
    },
    {
      "type": "Feature",
      "geometry": {
        "type": "Polygon",
        "coordinates": [
          [
            [
              118.6281355,
              24.8813116
            ],
            [
              118.6282582,
              24.8814971
            ],
            [
              118.6283487,
              24.8814478
            ],
            [
              118.628226,
              24.8812623
            ],
            [
              118.6281355,
              24.8813116
            ]
          ]
        ]
      },
      "properties": {
        "osm_id": 914690551,
        "landuse": "",
        "amenity": "",
        "leisure": "pitch"
      }
    },
    {
      "type": "Feature",
      "geometry": {
        "type": "Polygon",
        "coordinates": [
          [
            [
              118.6307242,
              24.8770071
            ],
            [
              118.6308267,
              24.8772449
            ],
            [
              118.6309622,
              24.8771969
            ],
            [
              118.6308596,
              24.876959
            ],
            [
              118.6307242,
              24.8770071
            ]
          ]
        ]
      },
      "properties": {
        "osm_id": 914690687,
        "landuse": "",
        "amenity": "",
        "leisure": "pitch"
      }
    },
    {
      "type": "Feature",
      "geometry": {
        "type": "Polygon",
        "coordinates": [
          [
            [
              118.6304492,
              24.8771093
            ],
            [
              118.6305518,
              24.8773471
            ],
            [
              118.6306872,
              24.8772991
            ],
            [
              118.6305847,
              24.8770612
            ],
            [
              118.6304492,
              24.8771093
            ]
          ]
        ]
      },
      "properties": {
        "osm_id": 914690688,
        "landuse": "",
        "amenity": "",
        "leisure": "pitch"
      }
    },
    {
      "type": "Feature",
      "geometry": {
        "type": "Polygon",
        "coordinates": [
          [
            [
              118.6299533,
              24.8773027
            ],
            [
              118.6300559,
              24.8775406
            ],
            [
              118.6301913,
              24.8774925
            ],
            [
              118.6300888,
              24.8772547
            ],
            [
              118.6299533,
              24.8773027
            ]
          ]
        ]
      },
      "properties": {
        "osm_id": 914690689,
        "landuse": "",
        "amenity": "",
        "leisure": "pitch"
      }
    },
    {
      "type": "Feature",
      "geometry": {
        "type": "Polygon",
        "coordinates": [
          [
            [
              118.6451574,
              24.8876306
            ],
            [
              118.6452406,
              24.8877346
            ],
            [
              118.6454636,
              24.8875879
            ],
            [
              118.6453804,
              24.8874839
            ],
            [
              118.6451574,
              24.8876306
            ]
          ]
        ]
      },
      "properties": {
        "osm_id": 914690894,
        "landuse": "",
        "amenity": "",
        "leisure": "pitch"
      }
    },
    {
      "type": "Feature",
      "geometry": {
        "type": "Polygon",
        "coordinates": [
          [
            [
              118.6445199,
              24.8918904
            ],
            [
              118.6446446,
              24.891895
            ],
            [
              118.6446559,
              24.8916424
            ],
            [
              118.6445313,
              24.8916378
            ],
            [
              118.6445199,
              24.8918904
            ]
          ]
        ]
      },
      "properties": {
        "osm_id": 914691075,
        "landuse": "",
        "amenity": "",
        "leisure": "pitch"
      }
    },
    {
      "type": "Feature",
      "geometry": {
        "type": "Polygon",
        "coordinates": [
          [
            [
              118.6440558,
              24.9312153
            ],
            [
              118.6442724,
              24.9313994
            ],
            [
              118.6443817,
              24.9312937
            ],
            [
              118.6441651,
              24.9311096
            ],
            [
              118.6440558,
              24.9312153
            ]
          ]
        ]
      },
      "properties": {
        "osm_id": 914691793,
        "landuse": "",
        "amenity": "",
        "leisure": "pitch"
      }
    },
    {
      "type": "Feature",
      "geometry": {
        "type": "Polygon",
        "coordinates": [
          [
            [
              118.6445077,
              24.9313622
            ],
            [
              118.6447243,
              24.9315463
            ],
            [
              118.6448336,
              24.9314406
            ],
            [
              118.644617,
              24.9312565
            ],
            [
              118.6445077,
              24.9313622
            ]
          ]
        ]
      },
      "properties": {
        "osm_id": 914691856,
        "landuse": "",
        "amenity": "",
        "leisure": "pitch"
      }
    },
    {
      "type": "Feature",
      "geometry": {
        "type": "Polygon",
        "coordinates": [
          [
            [
              118.6449643,
              24.9315081
            ],
            [
              118.6451809,
              24.9316922
            ],
            [
              118.6452902,
              24.9315865
            ],
            [
              118.6450736,
              24.9314024
            ],
            [
              118.6449643,
              24.9315081
            ]
          ]
        ]
      },
      "properties": {
        "osm_id": 914691899,
        "landuse": "",
        "amenity": "",
        "leisure": "pitch"
      }
    },
    {
      "type": "Feature",
      "geometry": {
        "type": "Polygon",
        "coordinates": [
          [
            [
              118.6458924,
              24.939078
            ],
            [
              118.6458878,
              24.9393546
            ],
            [
              118.6460655,
              24.939357
            ],
            [
              118.6460701,
              24.9390804
            ],
            [
              118.6458924,
              24.939078
            ]
          ]
        ]
      },
      "properties": {
        "osm_id": 914692028,
        "landuse": "",
        "amenity": "",
        "leisure": "pitch"
      }
    },
    {
      "type": "Feature",
      "geometry": {
        "type": "Polygon",
        "coordinates": [
          [
            [
              118.6412822,
              24.9395214
            ],
            [
              118.641274,
              24.9397854
            ],
            [
              118.6414123,
              24.9397889
            ],
            [
              118.6414205,
              24.9395249
            ],
            [
              118.6412822,
              24.9395214
            ]
          ]
        ]
      },
      "properties": {
        "osm_id": 914692419,
        "landuse": "",
        "amenity": "",
        "leisure": "pitch"
      }
    },
    {
      "type": "Feature",
      "geometry": {
        "type": "Polygon",
        "coordinates": [
          [
            [
              118.6411439,
              24.9395178
            ],
            [
              118.6411357,
              24.9397818
            ],
            [
              118.641274,
              24.9397854
            ],
            [
              118.6412822,
              24.9395214
            ],
            [
              118.6411439,
              24.9395178
            ]
          ]
        ]
      },
      "properties": {
        "osm_id": 914692420,
        "landuse": "",
        "amenity": "",
        "leisure": "pitch"
      }
    },
    {
      "type": "Feature",
      "geometry": {
        "type": "Polygon",
        "coordinates": [
          [
            [
              118.6410056,
              24.9395143
            ],
            [
              118.6409974,
              24.9397783
            ],
            [
              118.6411357,
              24.9397818
            ],
            [
              118.6411439,
              24.9395178
            ],
            [
              118.6410056,
              24.9395143
            ]
          ]
        ]
      },
      "properties": {
        "osm_id": 914692421,
        "landuse": "",
        "amenity": "",
        "leisure": "pitch"
      }
    },
    {
      "type": "Feature",
      "geometry": {
        "type": "Polygon",
        "coordinates": [
          [
            [
              118.6408673,
              24.9395108
            ],
            [
              118.6408591,
              24.9397748
            ],
            [
              118.6409974,
              24.9397783
            ],
            [
              118.6410056,
              24.9395143
            ],
            [
              118.6408673,
              24.9395108
            ]
          ]
        ]
      },
      "properties": {
        "osm_id": 914692422,
        "landuse": "",
        "amenity": "",
        "leisure": "pitch"
      }
    },
    {
      "type": "Feature",
      "geometry": {
        "type": "Polygon",
        "coordinates": [
          [
            [
              118.6382136,
              24.9398225
            ],
            [
              118.6382095,
              24.940073
            ],
            [
              118.6383456,
              24.9400749
            ],
            [
              118.6383497,
              24.9398243
            ],
            [
              118.6382136,
              24.9398225
            ]
          ]
        ]
      },
      "properties": {
        "osm_id": 914692466,
        "landuse": "",
        "amenity": "",
        "leisure": "pitch"
      }
    },
    {
      "type": "Feature",
      "geometry": {
        "type": "Polygon",
        "coordinates": [
          [
            [
              118.6380322,
              24.9398216
            ],
            [
              118.6380281,
              24.9400722
            ],
            [
              118.6381642,
              24.940074
            ],
            [
              118.6381683,
              24.9398234
            ],
            [
              118.6380322,
              24.9398216
            ]
          ]
        ]
      },
      "properties": {
        "osm_id": 914692467,
        "landuse": "",
        "amenity": "",
        "leisure": "pitch"
      }
    },
    {
      "type": "Feature",
      "geometry": {
        "type": "Polygon",
        "coordinates": [
          [
            [
              118.6363145,
              24.9358114
            ],
            [
              118.6364033,
              24.9361113
            ],
            [
              118.6365546,
              24.9360745
            ],
            [
              118.6364658,
              24.9357746
            ],
            [
              118.6363145,
              24.9358114
            ]
          ]
        ]
      },
      "properties": {
        "osm_id": 914692999,
        "landuse": "",
        "amenity": "",
        "leisure": "pitch"
      }
    },
    {
      "type": "Feature",
      "geometry": {
        "type": "Polygon",
        "coordinates": [
          [
            [
              118.6361632,
              24.9358483
            ],
            [
              118.636252,
              24.9361482
            ],
            [
              118.6364033,
              24.9361113
            ],
            [
              118.6363145,
              24.9358114
            ],
            [
              118.6361632,
              24.9358483
            ]
          ]
        ]
      },
      "properties": {
        "osm_id": 914693000,
        "landuse": "",
        "amenity": "",
        "leisure": "pitch"
      }
    },
    {
      "type": "Feature",
      "geometry": {
        "type": "Polygon",
        "coordinates": [
          [
            [
              118.6912069,
              24.9061452
            ],
            [
              118.6910931,
              24.9063749
            ],
            [
              118.6912259,
              24.906429
            ],
            [
              118.6913397,
              24.9061994
            ],
            [
              118.6912069,
              24.9061452
            ]
          ]
        ]
      },
      "properties": {
        "osm_id": 914693422,
        "landuse": "",
        "amenity": "",
        "leisure": "pitch"
      }
    },
    {
      "type": "Feature",
      "geometry": {
        "type": "Polygon",
        "coordinates": [
          [
            [
              118.6777152,
              24.8602237
            ],
            [
              118.6777103,
              24.8604649
            ],
            [
              118.6778538,
              24.8604673
            ],
            [
              118.6778587,
              24.8602261
            ],
            [
              118.6777152,
              24.8602237
            ]
          ]
        ]
      },
      "properties": {
        "osm_id": 914696629,
        "landuse": "",
        "amenity": "",
        "leisure": "pitch"
      }
    },
    {
      "type": "Feature",
      "geometry": {
        "type": "Polygon",
        "coordinates": [
          [
            [
              118.6775471,
              24.8602202
            ],
            [
              118.6775422,
              24.8604614
            ],
            [
              118.6776857,
              24.8604638
            ],
            [
              118.6776906,
              24.8602226
            ],
            [
              118.6775471,
              24.8602202
            ]
          ]
        ]
      },
      "properties": {
        "osm_id": 914696630,
        "landuse": "",
        "amenity": "",
        "leisure": "pitch"
      }
    },
    {
      "type": "Feature",
      "geometry": {
        "type": "Polygon",
        "coordinates": [
          [
            [
              118.6224842,
              24.8858516
            ],
            [
              118.6226335,
              24.8858846
            ],
            [
              118.6227094,
              24.8856019
            ],
            [
              118.6225601,
              24.8855689
            ],
            [
              118.6224842,
              24.8858516
            ]
          ]
        ]
      },
      "properties": {
        "osm_id": 925899045,
        "landuse": "",
        "amenity": "",
        "leisure": "pitch"
      }
    },
    {
      "type": "Feature",
      "geometry": {
        "type": "Polygon",
        "coordinates": [
          [
            [
              118.6067754,
              24.826101
            ],
            [
              118.6078631,
              24.8268202
            ],
            [
              118.6083015,
              24.826274
            ],
            [
              118.6072137,
              24.8255549
            ],
            [
              118.6067754,
              24.826101
            ]
          ]
        ]
      },
      "properties": {
        "osm_id": 948294180,
        "landuse": "",
        "amenity": "school",
        "leisure": ""
      }
    },
    {
      "type": "Feature",
      "geometry": {
        "type": "Polygon",
        "coordinates": [
          [
            [
              118.6379018,
              24.9335733
            ],
            [
              118.6379394,
              24.9336649
            ],
            [
              118.6381472,
              24.9335947
            ],
            [
              118.6381095,
              24.933503
            ],
            [
              118.6379018,
              24.9335733
            ]
          ]
        ]
      },
      "properties": {
        "osm_id": 953800084,
        "landuse": "",
        "amenity": "",
        "leisure": "pitch"
      }
    },
    {
      "type": "Feature",
      "geometry": {
        "type": "Polygon",
        "coordinates": [
          [
            [
              118.6296773,
              24.9170665
            ],
            [
              118.6296651,
              24.9168419
            ],
            [
              118.6298722,
              24.9166835
            ],
            [
              118.629994,
              24.9168087
            ],
            [
              118.6303066,
              24.9165068
            ],
            [
              118.6305258,
              24.9163779
            ],
            [
              118.6311998,
              24.9170039
            ],
            [
              118.6313683,
              24.9174455
            ],
            [
              118.6319137,
              24.9185292
            ],
            [
              118.6326086,
              24.9188832
            ],
            [
              118.6323204,
              24.9192131
            ],
            [
              118.631484,
              24.9187308
            ],
            [
              118.631346,
              24.918786
            ],
            [
              118.6309724,
              24.918705
            ],
            [
              118.6300711,
              24.9178103
            ],
            [
              118.6302376,
              24.9175893
            ],
            [
              118.6296773,
              24.9170665
            ]
          ]
        ]
      },
      "properties": {
        "osm_id": 954841971,
        "landuse": "industrial",
        "amenity": "",
        "leisure": ""
      }
    },
    {
      "type": "Feature",
      "geometry": {
        "type": "Polygon",
        "coordinates": [
          [
            [
              118.6349474,
              24.9215322
            ],
            [
              118.635171,
              24.9213099
            ],
            [
              118.6354722,
              24.9215147
            ],
            [
              118.635939,
              24.9211232
            ],
            [
              118.6375353,
              24.9227393
            ],
            [
              118.6370584,
              24.9231353
            ],
            [
              118.6368225,
              24.9233356
            ],
            [
              118.6364275,
              24.9229424
            ],
            [
              118.6350684,
              24.9216027
            ],
            [
              118.6349474,
              24.9215322
            ]
          ]
        ]
      },
      "properties": {
        "osm_id": 954841974,
        "landuse": "industrial",
        "amenity": "",
        "leisure": ""
      }
    },
    {
      "type": "Feature",
      "geometry": {
        "type": "Polygon",
        "coordinates": [
          [
            [
              118.5090565,
              24.8449214
            ],
            [
              118.5085013,
              24.8443299
            ],
            [
              118.5090377,
              24.8439429
            ],
            [
              118.5095795,
              24.8445392
            ],
            [
              118.5090565,
              24.8449214
            ]
          ]
        ]
      },
      "properties": {
        "osm_id": 964821534,
        "landuse": "",
        "amenity": "place_of_worship",
        "leisure": ""
      }
    },
    {
      "type": "Feature",
      "geometry": {
        "type": "Polygon",
        "coordinates": [
          [
            [
              118.5386569,
              24.7845267
            ],
            [
              118.5386168,
              24.783995
            ],
            [
              118.5388923,
              24.7838601
            ],
            [
              118.5389778,
              24.7841793
            ],
            [
              118.5388943,
              24.7846224
            ],
            [
              118.5385495,
              24.7852664
            ],
            [
              118.5389895,
              24.7862394
            ],
            [
              118.5390856,
              24.78673
            ],
            [
              118.539363,
              24.7870816
            ],
            [
              118.5390068,
              24.7872712
            ],
            [
              118.5381545,
              24.7865255
            ],
            [
              118.5378598,
              24.7858611
            ],
            [
              118.5381802,
              24.7849656
            ],
            [
              118.5386569,
              24.7845267
            ]
          ]
        ]
      },
      "properties": {
        "osm_id": 969871979,
        "landuse": "military",
        "amenity": "",
        "leisure": ""
      }
    },
    {
      "type": "Feature",
      "geometry": {
        "type": "Polygon",
        "coordinates": [
          [
            [
              118.5393745,
              24.8237037
            ],
            [
              118.5391197,
              24.8237853
            ],
            [
              118.5391672,
              24.8239077
            ],
            [
              118.539422,
              24.8238261
            ],
            [
              118.5393745,
              24.8237037
            ]
          ]
        ]
      },
      "properties": {
        "osm_id": 974394850,
        "landuse": "",
        "amenity": "",
        "leisure": "pitch"
      }
    },
    {
      "type": "Feature",
      "geometry": {
        "type": "Polygon",
        "coordinates": [
          [
            [
              118.5430891,
              24.8200868
            ],
            [
              118.5430985,
              24.8210924
            ],
            [
              118.5438137,
              24.8210997
            ],
            [
              118.5438108,
              24.8200913
            ],
            [
              118.5430891,
              24.8200868
            ]
          ]
        ]
      },
      "properties": {
        "osm_id": 974394852,
        "landuse": "",
        "amenity": "",
        "leisure": "pitch"
      }
    },
    {
      "type": "Feature",
      "geometry": {
        "type": "Polygon",
        "coordinates": [
          [
            [
              118.5344392,
              24.8235674
            ],
            [
              118.534407,
              24.8244413
            ],
            [
              118.5350336,
              24.8244604
            ],
            [
              118.5350658,
              24.8235864
            ],
            [
              118.5344392,
              24.8235674
            ]
          ]
        ]
      },
      "properties": {
        "osm_id": 974394863,
        "landuse": "",
        "amenity": "",
        "leisure": "pitch"
      }
    },
    {
      "type": "Feature",
      "geometry": {
        "type": "Polygon",
        "coordinates": [
          [
            [
              118.528824,
              24.832696
            ],
            [
              118.5289809,
              24.8324903
            ],
            [
              118.5288565,
              24.8324122
            ],
            [
              118.5286996,
              24.8326179
            ],
            [
              118.528824,
              24.832696
            ]
          ]
        ]
      },
      "properties": {
        "osm_id": 974394866,
        "landuse": "",
        "amenity": "",
        "leisure": "pitch"
      }
    },
    {
      "type": "Feature",
      "geometry": {
        "type": "Polygon",
        "coordinates": [
          [
            [
              118.5186656,
              24.7768829
            ],
            [
              118.5189318,
              24.7768241
            ],
            [
              118.519747,
              24.7768491
            ],
            [
              118.5198472,
              24.7776104
            ],
            [
              118.5208456,
              24.7795721
            ],
            [
              118.5204772,
              24.7794542
            ],
            [
              118.5203653,
              24.7790368
            ],
            [
              118.5199936,
              24.7790414
            ],
            [
              118.5199696,
              24.7788391
            ],
            [
              118.519405,
              24.7788399
            ],
            [
              118.5192226,
              24.7801025
            ],
            [
              118.5189182,
              24.7808049
            ],
            [
              118.5182997,
              24.7809707
            ],
            [
              118.5185821,
              24.7804818
            ],
            [
              118.5189075,
              24.7788098
            ],
            [
              118.5184906,
              24.7783071
            ],
            [
              118.5185827,
              24.7771432
            ],
            [
              118.5186656,
              24.7768829
            ]
          ]
        ]
      },
      "properties": {
        "osm_id": 1012864681,
        "landuse": "military",
        "amenity": "",
        "leisure": ""
      }
    },
    {
      "type": "Feature",
      "geometry": {
        "type": "Polygon",
        "coordinates": [
          [
            [
              118.5162148,
              24.7826466
            ],
            [
              118.5167013,
              24.7834632
            ],
            [
              118.5172297,
              24.7832519
            ],
            [
              118.5173336,
              24.7833558
            ],
            [
              118.5192264,
              24.7823778
            ],
            [
              118.5186113,
              24.78137
            ],
            [
              118.5162148,
              24.7826466
            ]
          ]
        ]
      },
      "properties": {
        "osm_id": 1012864683,
        "landuse": "military",
        "amenity": "",
        "leisure": ""
      }
    },
    {
      "type": "Feature",
      "geometry": {
        "type": "Polygon",
        "coordinates": [
          [
            [
              118.5781038,
              24.7805959
            ],
            [
              118.5779022,
              24.7802918
            ],
            [
              118.5782047,
              24.7801117
            ],
            [
              118.5781526,
              24.7800201
            ],
            [
              118.5782242,
              24.779964
            ],
            [
              118.5782795,
              24.7800497
            ],
            [
              118.5784388,
              24.7799758
            ],
            [
              118.5787055,
              24.780026
            ],
            [
              118.5788161,
              24.7802062
            ],
            [
              118.5785787,
              24.780339
            ],
            [
              118.5781038,
              24.7805959
            ]
          ]
        ]
      },
      "properties": {
        "osm_id": 1025992583,
        "landuse": "military",
        "amenity": "",
        "leisure": ""
      }
    },
    {
      "type": "Feature",
      "geometry": {
        "type": "Polygon",
        "coordinates": [
          [
            [
              118.6332091,
              24.8403723
            ],
            [
              118.6329034,
              24.8406192
            ],
            [
              118.6327228,
              24.841311
            ],
            [
              118.6327051,
              24.8417262
            ],
            [
              118.6329931,
              24.8419823
            ],
            [
              118.6334495,
              24.8421561
            ],
            [
              118.6338358,
              24.8420446
            ],
            [
              118.6341267,
              24.8417544
            ],
            [
              118.6342656,
              24.8413933
            ],
            [
              118.6342915,
              24.8409894
            ],
            [
              118.6342023,
              24.8406722
            ],
            [
              118.6340038,
              24.8404486
            ],
            [
              118.6337061,
              24.840285
            ],
            [
              118.6334319,
              24.8402392
            ],
            [
              118.6332091,
              24.8403723
            ]
          ]
        ]
      },
      "properties": {
        "osm_id": 1071438118,
        "landuse": "",
        "amenity": "",
        "leisure": "sports_hall"
      }
    },
    {
      "type": "Feature",
      "geometry": {
        "type": "Polygon",
        "coordinates": [
          [
            [
              118.6331052,
              24.8426729
            ],
            [
              118.6328701,
              24.8428513
            ],
            [
              118.6328767,
              24.8432718
            ],
            [
              118.6331379,
              24.8438894
            ],
            [
              118.6333461,
              24.8440273
            ],
            [
              118.6336516,
              24.8440191
            ],
            [
              118.6339818,
              24.8438309
            ],
            [
              118.6341827,
              24.8435766
            ],
            [
              118.6342269,
              24.8433236
            ],
            [
              118.6341291,
              24.8429637
            ],
            [
              118.6338864,
              24.8426115
            ],
            [
              118.6336738,
              24.8425444
            ],
            [
              118.6334999,
              24.842534
            ],
            [
              118.6331052,
              24.8426729
            ]
          ]
        ]
      },
      "properties": {
        "osm_id": 1071438119,
        "landuse": "",
        "amenity": "",
        "leisure": "sports_hall"
      }
    },
    {
      "type": "Feature",
      "geometry": {
        "type": "Polygon",
        "coordinates": [
          [
            [
              118.4893312,
              24.8071245
            ],
            [
              118.4889619,
              24.8061445
            ],
            [
              118.4897324,
              24.8059251
            ],
            [
              118.4897885,
              24.8059235
            ],
            [
              118.4898284,
              24.8059328
            ],
            [
              118.4898552,
              24.805949
            ],
            [
              118.4898766,
              24.8059782
            ],
            [
              118.4901897,
              24.806858
            ],
            [
              118.4893312,
              24.8071245
            ]
          ]
        ]
      },
      "properties": {
        "osm_id": 1080254220,
        "landuse": "",
        "amenity": "school",
        "leisure": ""
      }
    },
    {
      "type": "Feature",
      "geometry": {
        "type": "Polygon",
        "coordinates": [
          [
            [
              118.6749769,
              24.872702
            ],
            [
              118.6754516,
              24.8729064
            ],
            [
              118.6755428,
              24.8730159
            ],
            [
              118.6756125,
              24.873179
            ],
            [
              118.6754462,
              24.8736413
            ],
            [
              118.6752156,
              24.8742813
            ],
            [
              118.6746577,
              24.8755832
            ],
            [
              118.674537,
              24.8758241
            ],
            [
              118.6741427,
              24.876739
            ],
            [
              118.6738825,
              24.8768266
            ],
            [
              118.6729276,
              24.8762402
            ],
            [
              118.6705244,
              24.874802
            ],
            [
              118.6704466,
              24.8746001
            ],
            [
              118.6704976,
              24.8744638
            ],
            [
              118.6716455,
              24.8728699
            ],
            [
              118.6722732,
              24.8719866
            ],
            [
              118.6725065,
              24.8717043
            ],
            [
              118.672697,
              24.8716654
            ],
            [
              118.6729089,
              24.8716654
            ],
            [
              118.6733702,
              24.8718844
            ],
            [
              118.6749769,
              24.872702
            ]
          ]
        ]
      },
      "properties": {
        "osm_id": 1083081570,
        "landuse": "commercial",
        "amenity": "",
        "leisure": ""
      }
    },
    {
      "type": "Feature",
      "geometry": {
        "type": "Polygon",
        "coordinates": [
          [
            [
              118.5354962,
              24.7801217
            ],
            [
              118.5357321,
              24.7804781
            ],
            [
              118.5375375,
              24.780665
            ],
            [
              118.5386609,
              24.7802498
            ],
            [
              118.5414982,
              24.7805147
            ],
            [
              118.5418114,
              24.7802846
            ],
            [
              118.5419701,
              24.7793194
            ],
            [
              118.5423114,
              24.7792429
            ],
            [
              118.5428065,
              24.7793227
            ],
            [
              118.5437371,
              24.7792424
            ],
            [
              118.5440569,
              24.7791699
            ],
            [
              118.5419041,
              24.7763694
            ],
            [
              118.5354775,
              24.7800645
            ],
            [
              118.5354962,
              24.7801217
            ]
          ]
        ]
      },
      "properties": {
        "osm_id": 1084618404,
        "landuse": "",
        "amenity": "hospital",
        "leisure": ""
      }
    },
    {
      "type": "Feature",
      "geometry": {
        "type": "Polygon",
        "coordinates": [
          [
            [
              118.5358397,
              24.7808753
            ],
            [
              118.5371284,
              24.7809992
            ],
            [
              118.5371413,
              24.7818969
            ],
            [
              118.536865,
              24.7818896
            ],
            [
              118.5360532,
              24.7835634
            ],
            [
              118.5354789,
              24.7833716
            ],
            [
              118.5351142,
              24.7841358
            ],
            [
              118.5344999,
              24.783836
            ],
            [
              118.5351747,
              24.7822817
            ],
            [
              118.5352117,
              24.7819278
            ],
            [
              118.5357847,
              24.7812046
            ],
            [
              118.5358397,
              24.7808753
            ]
          ]
        ]
      },
      "properties": {
        "osm_id": 1084618405,
        "landuse": "military",
        "amenity": "",
        "leisure": ""
      }
    },
    {
      "type": "Feature",
      "geometry": {
        "type": "Polygon",
        "coordinates": [
          [
            [
              118.5758149,
              24.9122828
            ],
            [
              118.5760163,
              24.9125985
            ],
            [
              118.5762792,
              24.9124593
            ],
            [
              118.5760815,
              24.9121356
            ],
            [
              118.5758149,
              24.9122828
            ]
          ]
        ]
      },
      "properties": {
        "osm_id": 1094655263,
        "landuse": "",
        "amenity": "theatre",
        "leisure": ""
      }
    },
    {
      "type": "Feature",
      "geometry": {
        "type": "Polygon",
        "coordinates": [
          [
            [
              118.6810086,
              24.8828119
            ],
            [
              118.6808739,
              24.8835248
            ],
            [
              118.6818191,
              24.8837581
            ],
            [
              118.6838287,
              24.8854208
            ],
            [
              118.6849205,
              24.8840347
            ],
            [
              118.6839287,
              24.883411
            ],
            [
              118.6835443,
              24.8831288
            ],
            [
              118.6810086,
              24.8828119
            ]
          ]
        ]
      },
      "properties": {
        "osm_id": 1098129607,
        "landuse": "military",
        "amenity": "",
        "leisure": ""
      }
    },
    {
      "type": "Feature",
      "geometry": {
        "type": "Polygon",
        "coordinates": [
          [
            [
              118.6549302,
              24.9503278
            ],
            [
              118.6549117,
              24.9501589
            ],
            [
              118.6552777,
              24.950126
            ],
            [
              118.6552962,
              24.950295
            ],
            [
              118.6549302,
              24.9503278
            ]
          ]
        ]
      },
      "properties": {
        "osm_id": 1100912282,
        "landuse": "",
        "amenity": "",
        "leisure": "pitch"
      }
    },
    {
      "type": "Feature",
      "geometry": {
        "type": "Polygon",
        "coordinates": [
          [
            [
              118.6546419,
              24.9524151
            ],
            [
              118.6545172,
              24.9523455
            ],
            [
              118.654373,
              24.9525576
            ],
            [
              118.6544978,
              24.9526273
            ],
            [
              118.6546419,
              24.9524151
            ]
          ]
        ]
      },
      "properties": {
        "osm_id": 1100912283,
        "landuse": "",
        "amenity": "",
        "leisure": "pitch"
      }
    },
    {
      "type": "Feature",
      "geometry": {
        "type": "Polygon",
        "coordinates": [
          [
            [
              118.5924508,
              24.9147289
            ],
            [
              118.5925152,
              24.9162475
            ],
            [
              118.5928669,
              24.9163032
            ],
            [
              118.5928602,
              24.9164003
            ],
            [
              118.5929985,
              24.9164014
            ],
            [
              118.593001,
              24.916608
            ],
            [
              118.5934026,
              24.9166017
            ],
            [
              118.5934304,
              24.9163218
            ],
            [
              118.5939802,
              24.9163481
            ],
            [
              118.5942043,
              24.916109
            ],
            [
              118.5940115,
              24.9160514
            ],
            [
              118.5941469,
              24.9156037
            ],
            [
              118.5945113,
              24.9156511
            ],
            [
              118.594645,
              24.9150795
            ],
            [
              118.5942009,
              24.9150085
            ],
            [
              118.5924508,
              24.9147289
            ]
          ]
        ]
      },
      "properties": {
        "osm_id": 1100999095,
        "landuse": "",
        "amenity": "hospital",
        "leisure": ""
      }
    },
    {
      "type": "Feature",
      "geometry": {
        "type": "Polygon",
        "coordinates": [
          [
            [
              118.5254624,
              24.9538358
            ],
            [
              118.5255981,
              24.9538535
            ],
            [
              118.5255612,
              24.9540863
            ],
            [
              118.5254254,
              24.9540686
            ],
            [
              118.5254624,
              24.9538358
            ]
          ]
        ]
      },
      "properties": {
        "osm_id": 1106830401,
        "landuse": "",
        "amenity": "",
        "leisure": "pitch"
      }
    },
    {
      "type": "Feature",
      "geometry": {
        "type": "Polygon",
        "coordinates": [
          [
            [
              118.4897411,
              24.9273445
            ],
            [
              118.490872,
              24.9295418
            ],
            [
              118.491343,
              24.9304569
            ],
            [
              118.4932341,
              24.9296698
            ],
            [
              118.4916261,
              24.9265603
            ],
            [
              118.4897411,
              24.9273445
            ]
          ]
        ]
      },
      "properties": {
        "osm_id": 1108933174,
        "landuse": "",
        "amenity": "",
        "leisure": "playground"
      }
    },
    {
      "type": "Feature",
      "geometry": {
        "type": "Polygon",
        "coordinates": [
          [
            [
              118.5405525,
              24.8495511
            ],
            [
              118.5442912,
              24.8496568
            ],
            [
              118.5446274,
              24.8506801
            ],
            [
              118.5444189,
              24.8538242
            ],
            [
              118.5406877,
              24.8536585
            ],
            [
              118.5409818,
              24.8497357
            ],
            [
              118.5405346,
              24.849698
            ],
            [
              118.5405525,
              24.8495511
            ]
          ]
        ]
      },
      "properties": {
        "osm_id": 1113153958,
        "landuse": "industrial",
        "amenity": "",
        "leisure": ""
      }
    },
    {
      "type": "Feature",
      "geometry": {
        "type": "Polygon",
        "coordinates": [
          [
            [
              118.5468055,
              24.8110196
            ],
            [
              118.5468369,
              24.8121671
            ],
            [
              118.5464532,
              24.8133552
            ],
            [
              118.5469337,
              24.8140892
            ],
            [
              118.5492531,
              24.8152476
            ],
            [
              118.5512088,
              24.8149314
            ],
            [
              118.5511111,
              24.8134306
            ],
            [
              118.5510101,
              24.8124753
            ],
            [
              118.5506311,
              24.8117524
            ],
            [
              118.5505847,
              24.8112905
            ],
            [
              118.5468055,
              24.8110196
            ]
          ]
        ]
      },
      "properties": {
        "osm_id": 1113158215,
        "landuse": "military",
        "amenity": "",
        "leisure": ""
      }
    },
    {
      "type": "Feature",
      "geometry": {
        "type": "Polygon",
        "coordinates": [
          [
            [
              118.6565429,
              24.8852423
            ],
            [
              118.6566318,
              24.8850566
            ],
            [
              118.6568598,
              24.8851464
            ],
            [
              118.656771,
              24.8853321
            ],
            [
              118.6565429,
              24.8852423
            ]
          ]
        ]
      },
      "properties": {
        "osm_id": 1117563440,
        "landuse": "",
        "amenity": "fuel",
        "leisure": ""
      }
    },
    {
      "type": "Feature",
      "geometry": {
        "type": "Polygon",
        "coordinates": [
          [
            [
              118.5618443,
              24.8889536
            ],
            [
              118.5629296,
              24.8877036
            ],
            [
              118.5631373,
              24.8874639
            ],
            [
              118.5645152,
              24.8872756
            ],
            [
              118.5660158,
              24.8884656
            ],
            [
              118.5659403,
              24.8900066
            ],
            [
              118.5647417,
              24.8913251
            ],
            [
              118.5646379,
              24.8913593
            ],
            [
              118.5618443,
              24.8889536
            ]
          ]
        ]
      },
      "properties": {
        "osm_id": 1139525634,
        "landuse": "",
        "amenity": "",
        "leisure": "park"
      }
    },
    {
      "type": "Feature",
      "geometry": {
        "type": "Polygon",
        "coordinates": [
          [
            [
              118.567165,
              24.8867615
            ],
            [
              118.5690357,
              24.8848432
            ],
            [
              118.5697096,
              24.8843899
            ],
            [
              118.5702208,
              24.8842002
            ],
            [
              118.5690589,
              24.8831777
            ],
            [
              118.5684315,
              24.8838207
            ],
            [
              118.5662935,
              24.8860132
            ],
            [
              118.567165,
              24.8867615
            ]
          ]
        ]
      },
      "properties": {
        "osm_id": 1139525637,
        "landuse": "commercial",
        "amenity": "marketplace",
        "leisure": ""
      }
    },
    {
      "type": "Feature",
      "geometry": {
        "type": "Polygon",
        "coordinates": [
          [
            [
              118.5023281,
              24.8847246
            ],
            [
              118.5039854,
              24.8823487
            ],
            [
              118.5053587,
              24.8819108
            ],
            [
              118.5061258,
              24.8817356
            ],
            [
              118.5072201,
              24.8804557
            ],
            [
              118.5079873,
              24.8808353
            ],
            [
              118.5084808,
              24.8812732
            ],
            [
              118.508411,
              24.8817891
            ],
            [
              118.5079175,
              24.8822757
            ],
            [
              118.5075796,
              24.8832296
            ],
            [
              118.5077405,
              24.8838768
            ],
            [
              118.5080892,
              24.8842466
            ],
            [
              118.5075527,
              24.8850301
            ],
            [
              118.5066462,
              24.8856968
            ],
            [
              118.506512,
              24.8866019
            ],
            [
              118.5061419,
              24.8892395
            ],
            [
              118.505069,
              24.8941055
            ],
            [
              118.5055947,
              24.8973268
            ],
            [
              118.5029983,
              24.9008107
            ],
            [
              118.5005629,
              24.9018228
            ],
            [
              118.4987926,
              24.9013751
            ],
            [
              118.4966683,
              24.8996527
            ],
            [
              118.4956491,
              24.8970932
            ],
            [
              118.4958744,
              24.8940666
            ],
            [
              118.4993291,
              24.892782
            ],
            [
              118.501389,
              24.8882662
            ],
            [
              118.5023281,
              24.8847246
            ]
          ]
        ]
      },
      "properties": {
        "osm_id": 1152003342,
        "landuse": "",
        "amenity": "",
        "leisure": "park"
      }
    },
    {
      "type": "Feature",
      "geometry": {
        "type": "Polygon",
        "coordinates": [
          [
            [
              118.5001965,
              24.8984149
            ],
            [
              118.5001035,
              24.8983337
            ],
            [
              118.5004297,
              24.8980263
            ],
            [
              118.5005227,
              24.8981075
            ],
            [
              118.5001965,
              24.8984149
            ]
          ]
        ]
      },
      "properties": {
        "osm_id": 1152003344,
        "landuse": "",
        "amenity": "place_of_worship",
        "leisure": ""
      }
    },
    {
      "type": "Feature",
      "geometry": {
        "type": "Polygon",
        "coordinates": [
          [
            [
              118.5037259,
              24.8971053
            ],
            [
              118.5037708,
              24.8970263
            ],
            [
              118.5038191,
              24.8970489
            ],
            [
              118.5037742,
              24.8971279
            ],
            [
              118.5037259,
              24.8971053
            ]
          ]
        ]
      },
      "properties": {
        "osm_id": 1152003345,
        "landuse": "",
        "amenity": "place_of_worship",
        "leisure": ""
      }
    },
    {
      "type": "Feature",
      "geometry": {
        "type": "Polygon",
        "coordinates": [
          [
            [
              118.5000787,
              24.8980854
            ],
            [
              118.4999354,
              24.8979795
            ],
            [
              118.5000909,
              24.8978065
            ],
            [
              118.5002342,
              24.8979125
            ],
            [
              118.5000787,
              24.8980854
            ]
          ]
        ]
      },
      "properties": {
        "osm_id": 1152003346,
        "landuse": "",
        "amenity": "place_of_worship",
        "leisure": ""
      }
    },
    {
      "type": "Feature",
      "geometry": {
        "type": "Polygon",
        "coordinates": [
          [
            [
              118.6067598,
              24.949513
            ],
            [
              118.6069736,
              24.9497997
            ],
            [
              118.6071486,
              24.9495229
            ],
            [
              118.6073455,
              24.9493904
            ],
            [
              118.6072043,
              24.9492768
            ],
            [
              118.6070064,
              24.9494427
            ],
            [
              118.6067598,
              24.949513
            ]
          ]
        ]
      },
      "properties": {
        "osm_id": 1159615867,
        "landuse": "",
        "amenity": "parking",
        "leisure": ""
      }
    },
    {
      "type": "Feature",
      "geometry": {
        "type": "Polygon",
        "coordinates": [
          [
            [
              118.4884461,
              24.8749451
            ],
            [
              118.4919283,
              24.8749254
            ],
            [
              118.4923286,
              24.8744049
            ],
            [
              118.4945812,
              24.8751128
            ],
            [
              118.4948512,
              24.8749063
            ],
            [
              118.4932832,
              24.8737038
            ],
            [
              118.4898353,
              24.8715904
            ],
            [
              118.4886179,
              24.8713023
            ],
            [
              118.4888715,
              24.8732872
            ],
            [
              118.4884461,
              24.8749451
            ]
          ]
        ]
      },
      "properties": {
        "osm_id": 1160383047,
        "landuse": "",
        "amenity": "school",
        "leisure": ""
      }
    },
    {
      "type": "Feature",
      "geometry": {
        "type": "Polygon",
        "coordinates": [
          [
            [
              118.5797839,
              24.7940296
            ],
            [
              118.579806,
              24.7939208
            ],
            [
              118.5800995,
              24.7939699
            ],
            [
              118.5800774,
              24.7940787
            ],
            [
              118.5797839,
              24.7940296
            ]
          ]
        ]
      },
      "properties": {
        "osm_id": 1184671490,
        "landuse": "",
        "amenity": "parking",
        "leisure": ""
      }
    },
    {
      "type": "Feature",
      "geometry": {
        "type": "Polygon",
        "coordinates": [
          [
            [
              118.578947,
              24.793405
            ],
            [
              118.5791163,
              24.7931714
            ],
            [
              118.5792543,
              24.7932538
            ],
            [
              118.579085,
              24.7934874
            ],
            [
              118.578947,
              24.793405
            ]
          ]
        ]
      },
      "properties": {
        "osm_id": 1184671491,
        "landuse": "",
        "amenity": "",
        "leisure": "pitch"
      }
    },
    {
      "type": "Feature",
      "geometry": {
        "type": "Polygon",
        "coordinates": [
          [
            [
              118.5905621,
              24.8061548
            ],
            [
              118.5910352,
              24.8069201
            ],
            [
              118.5917003,
              24.8065812
            ],
            [
              118.5912271,
              24.805816
            ],
            [
              118.5905621,
              24.8061548
            ]
          ]
        ]
      },
      "properties": {
        "osm_id": 1184671517,
        "landuse": "military",
        "amenity": "",
        "leisure": ""
      }
    },
    {
      "type": "Feature",
      "geometry": {
        "type": "Polygon",
        "coordinates": [
          [
            [
              118.5835875,
              24.7980995
            ],
            [
              118.5836291,
              24.7979571
            ],
            [
              118.5838848,
              24.7980187
            ],
            [
              118.5838432,
              24.7981611
            ],
            [
              118.5835875,
              24.7980995
            ]
          ]
        ]
      },
      "properties": {
        "osm_id": 1184671530,
        "landuse": "",
        "amenity": "",
        "leisure": "pitch"
      }
    },
    {
      "type": "Feature",
      "geometry": {
        "type": "Polygon",
        "coordinates": [
          [
            [
              118.5924786,
              24.8085656
            ],
            [
              118.5925343,
              24.8083228
            ],
            [
              118.5926653,
              24.8083475
            ],
            [
              118.5926097,
              24.8085903
            ],
            [
              118.5924786,
              24.8085656
            ]
          ]
        ]
      },
      "properties": {
        "osm_id": 1184677813,
        "landuse": "",
        "amenity": "",
        "leisure": "pitch"
      }
    },
    {
      "type": "Feature",
      "geometry": {
        "type": "Polygon",
        "coordinates": [
          [
            [
              118.5906531,
              24.8084552
            ],
            [
              118.5911596,
              24.8071796
            ],
            [
              118.5912247,
              24.807184
            ],
            [
              118.5914153,
              24.807085
            ],
            [
              118.5915976,
              24.8073436
            ],
            [
              118.5919998,
              24.8074101
            ],
            [
              118.5919868,
              24.807688
            ],
            [
              118.5923141,
              24.8077472
            ],
            [
              118.592218,
              24.8080679
            ],
            [
              118.5931739,
              24.8082275
            ],
            [
              118.5934025,
              24.8085035
            ],
            [
              118.5918896,
              24.8092603
            ],
            [
              118.5906531,
              24.8084552
            ]
          ]
        ]
      },
      "properties": {
        "osm_id": 1184677814,
        "landuse": "military",
        "amenity": "",
        "leisure": ""
      }
    },
    {
      "type": "Feature",
      "geometry": {
        "type": "Polygon",
        "coordinates": [
          [
            [
              118.5894086,
              24.8133585
            ],
            [
              118.5897866,
              24.8114917
            ],
            [
              118.5911893,
              24.8117258
            ],
            [
              118.590811,
              24.8135926
            ],
            [
              118.5894086,
              24.8133585
            ]
          ]
        ]
      },
      "properties": {
        "osm_id": 1185255111,
        "landuse": "industrial",
        "amenity": "",
        "leisure": ""
      }
    },
    {
      "type": "Feature",
      "geometry": {
        "type": "Polygon",
        "coordinates": [
          [
            [
              118.5780727,
              24.794608
            ],
            [
              118.5782323,
              24.7943333
            ],
            [
              118.5786944,
              24.7945545
            ],
            [
              118.5785348,
              24.7948292
            ],
            [
              118.5780727,
              24.794608
            ]
          ]
        ]
      },
      "properties": {
        "osm_id": 1185255131,
        "landuse": "",
        "amenity": "",
        "leisure": "pitch"
      }
    },
    {
      "type": "Feature",
      "geometry": {
        "type": "Polygon",
        "coordinates": [
          [
            [
              118.5780296,
              24.7946282
            ],
            [
              118.5779876,
              24.7944582
            ],
            [
              118.5780737,
              24.7943349
            ],
            [
              118.5782241,
              24.7942882
            ],
            [
              118.578757,
              24.7945432
            ],
            [
              118.5787726,
              24.7947513
            ],
            [
              118.5786855,
              24.7948245
            ],
            [
              118.5785314,
              24.7948756
            ],
            [
              118.5780296,
              24.7946282
            ]
          ]
        ]
      },
      "properties": {
        "osm_id": 1185255132,
        "landuse": "",
        "amenity": "",
        "leisure": "track"
      }
    },
    {
      "type": "Feature",
      "geometry": {
        "type": "Polygon",
        "coordinates": [
          [
            [
              118.5794284,
              24.7953406
            ],
            [
              118.5795137,
              24.7952379
            ],
            [
              118.5797218,
              24.7953804
            ],
            [
              118.5796366,
              24.7954831
            ],
            [
              118.5794284,
              24.7953406
            ]
          ]
        ]
      },
      "properties": {
        "osm_id": 1185255137,
        "landuse": "",
        "amenity": "",
        "leisure": "pitch"
      }
    },
    {
      "type": "Feature",
      "geometry": {
        "type": "Polygon",
        "coordinates": [
          [
            [
              118.5796846,
              24.795513
            ],
            [
              118.5797698,
              24.7954103
            ],
            [
              118.579978,
              24.7955528
            ],
            [
              118.5798927,
              24.7956554
            ],
            [
              118.5796846,
              24.795513
            ]
          ]
        ]
      },
      "properties": {
        "osm_id": 1185255138,
        "landuse": "",
        "amenity": "",
        "leisure": "pitch"
      }
    },
    {
      "type": "Feature",
      "geometry": {
        "type": "Polygon",
        "coordinates": [
          [
            [
              118.5799455,
              24.7956884
            ],
            [
              118.5800307,
              24.7955857
            ],
            [
              118.5802389,
              24.7957281
            ],
            [
              118.5801536,
              24.7958308
            ],
            [
              118.5799455,
              24.7956884
            ]
          ]
        ]
      },
      "properties": {
        "osm_id": 1185255139,
        "landuse": "",
        "amenity": "",
        "leisure": "pitch"
      }
    },
    {
      "type": "Feature",
      "geometry": {
        "type": "Polygon",
        "coordinates": [
          [
            [
              118.5806337,
              24.7939465
            ],
            [
              118.5807042,
              24.794058
            ],
            [
              118.5809302,
              24.7939401
            ],
            [
              118.5808596,
              24.7938286
            ],
            [
              118.5806337,
              24.7939465
            ]
          ]
        ]
      },
      "properties": {
        "osm_id": 1185255140,
        "landuse": "",
        "amenity": "",
        "leisure": "pitch"
      }
    },
    {
      "type": "Feature",
      "geometry": {
        "type": "Polygon",
        "coordinates": [
          [
            [
              118.5805376,
              24.7937974
            ],
            [
              118.5806081,
              24.7939089
            ],
            [
              118.5808341,
              24.793791
            ],
            [
              118.5807635,
              24.7936795
            ],
            [
              118.5805376,
              24.7937974
            ]
          ]
        ]
      },
      "properties": {
        "osm_id": 1185255141,
        "landuse": "",
        "amenity": "",
        "leisure": "pitch"
      }
    },
    {
      "type": "Feature",
      "geometry": {
        "type": "Polygon",
        "coordinates": [
          [
            [
              118.5818919,
              24.7938438
            ],
            [
              118.5819625,
              24.7939552
            ],
            [
              118.5821885,
              24.7938373
            ],
            [
              118.5821179,
              24.7937259
            ],
            [
              118.5818919,
              24.7938438
            ]
          ]
        ]
      },
      "properties": {
        "osm_id": 1185255142,
        "landuse": "",
        "amenity": "",
        "leisure": "pitch"
      }
    },
    {
      "type": "Feature",
      "geometry": {
        "type": "Polygon",
        "coordinates": [
          [
            [
              118.5893104,
              24.9231431
            ],
            [
              118.5899327,
              24.9229329
            ],
            [
              118.5899799,
              24.9228161
            ],
            [
              118.5899498,
              24.9226916
            ],
            [
              118.589864,
              24.9225671
            ],
            [
              118.589761,
              24.9225204
            ],
            [
              118.5891001,
              24.9227616
            ],
            [
              118.5890701,
              24.9229601
            ],
            [
              118.5891387,
              24.923073
            ],
            [
              118.5893104,
              24.9231431
            ]
          ]
        ]
      },
      "properties": {
        "osm_id": 1186362620,
        "landuse": "",
        "amenity": "",
        "leisure": "pitch"
      }
    },
    {
      "type": "Feature",
      "geometry": {
        "type": "Polygon",
        "coordinates": [
          [
            [
              118.5740168,
              24.9203493
            ],
            [
              118.5742597,
              24.9195959
            ],
            [
              118.5740042,
              24.9195282
            ],
            [
              118.5741966,
              24.9189319
            ],
            [
              118.5746378,
              24.919049
            ],
            [
              118.5744482,
              24.9196367
            ],
            [
              118.5749077,
              24.9197586
            ],
            [
              118.5746621,
              24.9205204
            ],
            [
              118.5741544,
              24.9203858
            ],
            [
              118.5740168,
              24.9203493
            ]
          ]
        ]
      },
      "properties": {
        "osm_id": 1187562618,
        "landuse": "",
        "amenity": "parking",
        "leisure": ""
      }
    },
    {
      "type": "Feature",
      "geometry": {
        "type": "Polygon",
        "coordinates": [
          [
            [
              118.6260511,
              24.9815054
            ],
            [
              118.6261828,
              24.9816441
            ],
            [
              118.6264859,
              24.9814083
            ],
            [
              118.6264765,
              24.98126
            ],
            [
              118.6264376,
              24.9812114
            ],
            [
              118.6260511,
              24.9815054
            ]
          ]
        ]
      },
      "properties": {
        "osm_id": 1189456381,
        "landuse": "",
        "amenity": "",
        "leisure": "swimming_pool"
      }
    },
    {
      "type": "Feature",
      "geometry": {
        "type": "Polygon",
        "coordinates": [
          [
            [
              118.6227822,
              24.983285
            ],
            [
              118.6224921,
              24.9835256
            ],
            [
              118.6226562,
              24.9836883
            ],
            [
              118.6229464,
              24.9834476
            ],
            [
              118.6227822,
              24.983285
            ]
          ]
        ]
      },
      "properties": {
        "osm_id": 1189456382,
        "landuse": "",
        "amenity": "",
        "leisure": "pitch"
      }
    },
    {
      "type": "Feature",
      "geometry": {
        "type": "Polygon",
        "coordinates": [
          [
            [
              118.6247331,
              24.9821997
            ],
            [
              118.6244589,
              24.9819114
            ],
            [
              118.6238957,
              24.9823514
            ],
            [
              118.6241698,
              24.9826397
            ],
            [
              118.6247331,
              24.9821997
            ]
          ]
        ]
      },
      "properties": {
        "osm_id": 1189456383,
        "landuse": "",
        "amenity": "",
        "leisure": "pitch"
      }
    },
    {
      "type": "Feature",
      "geometry": {
        "type": "Polygon",
        "coordinates": [
          [
            [
              118.6026185,
              24.957046
            ],
            [
              118.6028864,
              24.9575521
            ],
            [
              118.6039832,
              24.9578853
            ],
            [
              118.6043841,
              24.9577166
            ],
            [
              118.6035097,
              24.9565755
            ],
            [
              118.6026185,
              24.957046
            ]
          ]
        ]
      },
      "properties": {
        "osm_id": 1208997761,
        "landuse": "military",
        "amenity": "",
        "leisure": ""
      }
    },
    {
      "type": "Feature",
      "geometry": {
        "type": "Polygon",
        "coordinates": [
          [
            [
              118.6539316,
              24.9167449
            ],
            [
              118.6552834,
              24.9156162
            ],
            [
              118.6542481,
              24.9146578
            ],
            [
              118.6541811,
              24.9146408
            ],
            [
              118.6540738,
              24.9146359
            ],
            [
              118.6539665,
              24.9146651
            ],
            [
              118.6538833,
              24.9147064
            ],
            [
              118.6529097,
              24.9155433
            ],
            [
              118.6528426,
              24.9156284
            ],
            [
              118.6528212,
              24.9157062
            ],
            [
              118.6528426,
              24.9158035
            ],
            [
              118.6528775,
              24.9158668
            ],
            [
              118.6539316,
              24.9167449
            ]
          ]
        ]
      },
      "properties": {
        "osm_id": 1220322616,
        "landuse": "commercial",
        "amenity": "",
        "leisure": ""
      }
    },
    {
      "type": "Feature",
      "geometry": {
        "type": "Polygon",
        "coordinates": [
          [
            [
              118.6535668,
              24.933132
            ],
            [
              118.6608088,
              24.9301281
            ],
            [
              118.6609858,
              24.9299919
            ],
            [
              118.6610877,
              24.9298362
            ],
            [
              118.6610985,
              24.9297341
            ],
            [
              118.6610663,
              24.9296125
            ],
            [
              118.6600417,
              24.9279828
            ],
            [
              118.6591297,
              24.9266985
            ],
            [
              118.6566836,
              24.9282139
            ],
            [
              118.6565173,
              24.9282309
            ],
            [
              118.6563429,
              24.9282212
            ],
            [
              118.6560908,
              24.928209
            ],
            [
              118.6558199,
              24.9282601
            ],
            [
              118.6555409,
              24.9283769
            ],
            [
              118.6552969,
              24.9285301
            ],
            [
              118.6550581,
              24.9287733
            ],
            [
              118.6549187,
              24.9290068
            ],
            [
              118.6547899,
              24.92934
            ],
            [
              118.6519562,
              24.9309794
            ],
            [
              118.6527193,
              24.9325677
            ],
            [
              118.6530532,
              24.9330334
            ],
            [
              118.6531645,
              24.9331113
            ],
            [
              118.6532705,
              24.9331526
            ],
            [
              118.6533657,
              24.9331648
            ],
            [
              118.6534636,
              24.9331563
            ],
            [
              118.6535668,
              24.933132
            ]
          ]
        ]
      },
      "properties": {
        "osm_id": 1220322619,
        "landuse": "",
        "amenity": "",
        "leisure": "pitch"
      }
    },
    {
      "type": "Feature",
      "geometry": {
        "type": "Polygon",
        "coordinates": [
          [
            [
              118.5694807,
              24.9176358
            ],
            [
              118.5696349,
              24.9176085
            ],
            [
              118.5698182,
              24.9175244
            ],
            [
              118.5699121,
              24.9173814
            ],
            [
              118.5700316,
              24.9169953
            ],
            [
              118.5701255,
              24.9166882
            ],
            [
              118.5701702,
              24.9164905
            ],
            [
              118.5701177,
              24.9162807
            ],
            [
              118.5700294,
              24.9161925
            ],
            [
              118.5697757,
              24.9160962
            ],
            [
              118.5695656,
              24.9161358
            ],
            [
              118.5693656,
              24.9162564
            ],
            [
              118.5691554,
              24.9167216
            ],
            [
              118.5690213,
              24.9171402
            ],
            [
              118.569018,
              24.9172649
            ],
            [
              118.5690292,
              24.9173389
            ],
            [
              118.5691208,
              24.9174848
            ],
            [
              118.5692717,
              24.9175882
            ],
            [
              118.5693734,
              24.9176196
            ],
            [
              118.5694807,
              24.9176358
            ]
          ]
        ]
      },
      "properties": {
        "osm_id": 1220475180,
        "landuse": "",
        "amenity": "",
        "leisure": "park"
      }
    },
    {
      "type": "Feature",
      "geometry": {
        "type": "Polygon",
        "coordinates": [
          [
            [
              118.615269,
              24.7706682
            ],
            [
              118.6161676,
              24.7697159
            ],
            [
              118.6163902,
              24.7696867
            ],
            [
              118.6177313,
              24.770371
            ],
            [
              118.6169695,
              24.77154
            ],
            [
              118.615269,
              24.7706682
            ]
          ]
        ]
      },
      "properties": {
        "osm_id": 1220664414,
        "landuse": "",
        "amenity": "school",
        "leisure": ""
      }
    },
    {
      "type": "Feature",
      "geometry": {
        "type": "Polygon",
        "coordinates": [
          [
            [
              118.52757,
              24.8660315
            ],
            [
              118.5285034,
              24.8666934
            ],
            [
              118.5296835,
              24.8656811
            ],
            [
              118.5291578,
              24.8647855
            ],
            [
              118.5289754,
              24.8642112
            ],
            [
              118.5289218,
              24.863267
            ],
            [
              118.5288789,
              24.8622838
            ],
            [
              118.5284819,
              24.8622546
            ],
            [
              118.5280742,
              24.8624979
            ],
            [
              118.5279455,
              24.8643767
            ],
            [
              118.527688,
              24.8656519
            ],
            [
              118.52757,
              24.8660315
            ]
          ]
        ]
      },
      "properties": {
        "osm_id": 1220988791,
        "landuse": "industrial",
        "amenity": "",
        "leisure": ""
      }
    },
    {
      "type": "Feature",
      "geometry": {
        "type": "Polygon",
        "coordinates": [
          [
            [
              118.6017934,
              24.8773371
            ],
            [
              118.6019662,
              24.8773625
            ],
            [
              118.6021694,
              24.8773688
            ],
            [
              118.6022861,
              24.8772947
            ],
            [
              118.6023422,
              24.8771951
            ],
            [
              118.6023562,
              24.8771464
            ],
            [
              118.6023188,
              24.8771125
            ],
            [
              118.6021951,
              24.8770553
            ],
            [
              118.6018962,
              24.8771083
            ],
            [
              118.6018238,
              24.8771401
            ],
            [
              118.6017257,
              24.8772629
            ],
            [
              118.6017934,
              24.8773371
            ]
          ]
        ]
      },
      "properties": {
        "osm_id": 1223719639,
        "landuse": "",
        "amenity": "",
        "leisure": "park"
      }
    },
    {
      "type": "Feature",
      "geometry": {
        "type": "Polygon",
        "coordinates": [
          [
            [
              118.6075349,
              24.878141
            ],
            [
              118.6077306,
              24.8781648
            ],
            [
              118.6077525,
              24.8780164
            ],
            [
              118.6079228,
              24.8780371
            ],
            [
              118.6079466,
              24.877876
            ],
            [
              118.6075808,
              24.8778314
            ],
            [
              118.6075349,
              24.878141
            ]
          ]
        ]
      },
      "properties": {
        "osm_id": 1223719659,
        "landuse": "",
        "amenity": "",
        "leisure": "pitch"
      }
    },
    {
      "type": "Feature",
      "geometry": {
        "type": "Polygon",
        "coordinates": [
          [
            [
              118.5097232,
              24.806672
            ],
            [
              118.5097652,
              24.8058369
            ],
            [
              118.5120395,
              24.805981
            ],
            [
              118.5119741,
              24.806795
            ],
            [
              118.5097232,
              24.806672
            ]
          ]
        ]
      },
      "properties": {
        "osm_id": 1225584640,
        "landuse": "",
        "amenity": "school",
        "leisure": ""
      }
    },
    {
      "type": "Feature",
      "geometry": {
        "type": "Polygon",
        "coordinates": [
          [
            [
              118.6560667,
              24.9352942
            ],
            [
              118.6568606,
              24.9355569
            ],
            [
              118.6580488,
              24.9337133
            ],
            [
              118.6578691,
              24.9336087
            ],
            [
              118.6574694,
              24.9338178
            ],
            [
              118.6573487,
              24.9336476
            ],
            [
              118.6556616,
              24.9346569
            ],
            [
              118.6560667,
              24.9352942
            ]
          ]
        ]
      },
      "properties": {
        "osm_id": 1234339284,
        "landuse": "",
        "amenity": "school",
        "leisure": ""
      }
    },
    {
      "type": "Feature",
      "geometry": {
        "type": "Polygon",
        "coordinates": [
          [
            [
              118.6607283,
              24.9356639
            ],
            [
              118.660782,
              24.9338154
            ],
            [
              118.660959,
              24.9335819
            ],
            [
              118.6622196,
              24.9330614
            ],
            [
              118.66252,
              24.9337133
            ],
            [
              118.6625817,
              24.9337084
            ],
            [
              118.6628312,
              24.9345426
            ],
            [
              118.6629063,
              24.9349585
            ],
            [
              118.6629653,
              24.9354061
            ],
            [
              118.6629733,
              24.935552
            ],
            [
              118.6629733,
              24.9356298
            ],
            [
              118.6607283,
              24.9356639
            ]
          ]
        ]
      },
      "properties": {
        "osm_id": 1234339286,
        "landuse": "retail",
        "amenity": "",
        "leisure": ""
      }
    },
    {
      "type": "Feature",
      "geometry": {
        "type": "Polygon",
        "coordinates": [
          [
            [
              118.6680776,
              24.9344186
            ],
            [
              118.6681634,
              24.9344672
            ],
            [
              118.6683297,
              24.9344916
            ],
            [
              118.6705828,
              24.934657
            ],
            [
              118.6705238,
              24.9334214
            ],
            [
              118.6679703,
              24.9334554
            ],
            [
              118.6680078,
              24.9343262
            ],
            [
              118.6680776,
              24.9344186
            ]
          ]
        ]
      },
      "properties": {
        "osm_id": 1234339291,
        "landuse": "",
        "amenity": "school",
        "leisure": ""
      }
    },
    {
      "type": "Feature",
      "geometry": {
        "type": "Polygon",
        "coordinates": [
          [
            [
              118.6656636,
              24.937021
            ],
            [
              118.6674714,
              24.9371524
            ],
            [
              118.667509,
              24.9370551
            ],
            [
              118.667627,
              24.9348369
            ],
            [
              118.6675358,
              24.9347056
            ],
            [
              118.666892,
              24.9346132
            ],
            [
              118.6657977,
              24.9345791
            ],
            [
              118.6656636,
              24.937021
            ]
          ]
        ]
      },
      "properties": {
        "osm_id": 1234339292,
        "landuse": "",
        "amenity": "school",
        "leisure": ""
      }
    },
    {
      "type": "Feature",
      "geometry": {
        "type": "Polygon",
        "coordinates": [
          [
            [
              118.6371973,
              24.9088924
            ],
            [
              118.6374494,
              24.9089727
            ],
            [
              118.6376426,
              24.9090651
            ],
            [
              118.6388415,
              24.9080312
            ],
            [
              118.6384687,
              24.9078463
            ],
            [
              118.6382863,
              24.9079072
            ],
            [
              118.6371973,
              24.9088924
            ]
          ]
        ]
      },
      "properties": {
        "osm_id": 1234339299,
        "landuse": "commercial",
        "amenity": "",
        "leisure": ""
      }
    },
    {
      "type": "Feature",
      "geometry": {
        "type": "Polygon",
        "coordinates": [
          [
            [
              118.6433691,
              24.9076858
            ],
            [
              118.6447209,
              24.9076079
            ],
            [
              118.6446994,
              24.908401
            ],
            [
              118.6443722,
              24.9084691
            ],
            [
              118.6441898,
              24.9085178
            ],
            [
              118.6439002,
              24.9086054
            ],
            [
              118.6437339,
              24.9085421
            ],
            [
              118.6433691,
              24.9076858
            ]
          ]
        ]
      },
      "properties": {
        "osm_id": 1234339300,
        "landuse": "",
        "amenity": "school",
        "leisure": ""
      }
    },
    {
      "type": "Feature",
      "geometry": {
        "type": "Polygon",
        "coordinates": [
          [
            [
              118.6447853,
              24.9083815
            ],
            [
              118.6447799,
              24.9066446
            ],
            [
              118.6460191,
              24.9067273
            ],
            [
              118.6460137,
              24.9082405
            ],
            [
              118.6447853,
              24.9083815
            ]
          ]
        ]
      },
      "properties": {
        "osm_id": 1234339301,
        "landuse": "",
        "amenity": "kindergarten",
        "leisure": ""
      }
    },
    {
      "type": "Feature",
      "geometry": {
        "type": "Polygon",
        "coordinates": [
          [
            [
              118.6401585,
              24.91485
            ],
            [
              118.6407137,
              24.9142443
            ],
            [
              118.6404079,
              24.9140107
            ],
            [
              118.6409605,
              24.9135485
            ],
            [
              118.6411402,
              24.9137115
            ],
            [
              118.64158,
              24.9138331
            ],
            [
              118.6415613,
              24.913894
            ],
            [
              118.6418188,
              24.9141883
            ],
            [
              118.6418188,
              24.9145313
            ],
            [
              118.6409765,
              24.9153268
            ],
            [
              118.6405393,
              24.9153024
            ],
            [
              118.6401585,
              24.91485
            ]
          ]
        ]
      },
      "properties": {
        "osm_id": 1234339307,
        "landuse": "",
        "amenity": "school",
        "leisure": ""
      }
    },
    {
      "type": "Feature",
      "geometry": {
        "type": "Polygon",
        "coordinates": [
          [
            [
              118.6568123,
              24.920547
            ],
            [
              118.6581105,
              24.9216318
            ],
            [
              118.6581641,
              24.9216489
            ],
            [
              118.6582258,
              24.9216489
            ],
            [
              118.6582661,
              24.921627
            ],
            [
              118.6583009,
              24.921571
            ],
            [
              118.6585504,
              24.9210262
            ],
            [
              118.6573891,
              24.9199752
            ],
            [
              118.6568123,
              24.920547
            ]
          ]
        ]
      },
      "properties": {
        "osm_id": 1234339312,
        "landuse": "",
        "amenity": "school",
        "leisure": ""
      }
    },
    {
      "type": "Feature",
      "geometry": {
        "type": "Polygon",
        "coordinates": [
          [
            [
              118.6559325,
              24.9186569
            ],
            [
              118.6559647,
              24.9186861
            ],
            [
              118.6573891,
              24.9199752
            ],
            [
              118.6585504,
              24.9210262
            ],
            [
              118.6596501,
              24.9195521
            ],
            [
              118.6596662,
              24.9194742
            ],
            [
              118.6596447,
              24.919411
            ],
            [
              118.6595964,
              24.9193575
            ],
            [
              118.6572146,
              24.9172363
            ],
            [
              118.6571449,
              24.9172071
            ],
            [
              118.657043,
              24.9172071
            ],
            [
              118.656925,
              24.9172363
            ],
            [
              118.6568606,
              24.9172898
            ],
            [
              118.6568016,
              24.9173531
            ],
            [
              118.6559325,
              24.9186569
            ]
          ]
        ]
      },
      "properties": {
        "osm_id": 1234339314,
        "landuse": "",
        "amenity": "",
        "leisure": "park"
      }
    },
    {
      "type": "Feature",
      "geometry": {
        "type": "Polygon",
        "coordinates": [
          [
            [
              118.6435734,
              24.9324845
            ],
            [
              118.6439162,
              24.9328182
            ],
            [
              118.6442381,
              24.9332317
            ],
            [
              118.6426878,
              24.9340392
            ],
            [
              118.6422348,
              24.9333217
            ],
            [
              118.6435734,
              24.9324845
            ]
          ]
        ]
      },
      "properties": {
        "osm_id": 1234339315,
        "landuse": "commercial",
        "amenity": "",
        "leisure": ""
      }
    },
    {
      "type": "Feature",
      "geometry": {
        "type": "Polygon",
        "coordinates": [
          [
            [
              118.6459279,
              24.93652
            ],
            [
              118.649345,
              24.9350607
            ],
            [
              118.6491305,
              24.9348856
            ],
            [
              118.648814,
              24.9347737
            ],
            [
              118.6484706,
              24.934691
            ],
            [
              118.6478323,
              24.9346715
            ],
            [
              118.6477357,
              24.9346813
            ],
            [
              118.6475855,
              24.9345256
            ],
            [
              118.6475211,
              24.934511
            ],
            [
              118.6474165,
              24.9344867
            ],
            [
              118.6472476,
              24.9343456
            ],
            [
              118.6473253,
              24.9341729
            ],
            [
              118.647387,
              24.9341267
            ],
            [
              118.6474058,
              24.9340611
            ],
            [
              118.646864,
              24.9331733
            ],
            [
              118.6467916,
              24.9331611
            ],
            [
              118.6450857,
              24.9339249
            ],
            [
              118.645075,
              24.9339686
            ],
            [
              118.6453593,
              24.9345207
            ],
            [
              118.6454666,
              24.9348904
            ],
            [
              118.6457992,
              24.9360263
            ],
            [
              118.6458018,
              24.9362403
            ],
            [
              118.6458367,
              24.9364227
            ],
            [
              118.6459279,
              24.93652
            ]
          ]
        ]
      },
      "properties": {
        "osm_id": 1234339317,
        "landuse": "",
        "amenity": "school",
        "leisure": ""
      }
    },
    {
      "type": "Feature",
      "geometry": {
        "type": "Polygon",
        "coordinates": [
          [
            [
              118.5906996,
              24.9228114
            ],
            [
              118.5905785,
              24.9225691
            ],
            [
              118.5906701,
              24.9225269
            ],
            [
              118.5905971,
              24.9224185
            ],
            [
              118.5905241,
              24.9224509
            ],
            [
              118.5904931,
              24.9224368
            ],
            [
              118.5904217,
              24.9224565
            ],
            [
              118.590372,
              24.9223636
            ],
            [
              118.5904962,
              24.9223157
            ],
            [
              118.5906421,
              24.922341
            ],
            [
              118.5912244,
              24.9221974
            ],
            [
              118.5913347,
              24.9224833
            ],
            [
              118.5914558,
              24.9225776
            ],
            [
              118.5915055,
              24.9226663
            ],
            [
              118.5910459,
              24.9229465
            ],
            [
              118.5909791,
              24.9228466
            ],
            [
              118.5908859,
              24.9228972
            ],
            [
              118.5907974,
              24.9227649
            ],
            [
              118.5906996,
              24.9228114
            ]
          ]
        ]
      },
      "properties": {
        "osm_id": 1242740281,
        "landuse": "",
        "amenity": "",
        "leisure": "park"
      }
    },
    {
      "type": "Feature",
      "geometry": {
        "type": "Polygon",
        "coordinates": [
          [
            [
              118.585592,
              24.9191495
            ],
            [
              118.585196,
              24.9192354
            ],
            [
              118.5849862,
              24.9185407
            ],
            [
              118.5848666,
              24.9181014
            ],
            [
              118.5850033,
              24.9180718
            ],
            [
              118.5849613,
              24.9179591
            ],
            [
              118.5850623,
              24.9179352
            ],
            [
              118.5849924,
              24.9177338
            ],
            [
              118.5853797,
              24.9175989
            ],
            [
              118.5857967,
              24.9174536
            ],
            [
              118.5859116,
              24.9178324
            ],
            [
              118.5860141,
              24.9177972
            ],
            [
              118.5861166,
              24.9177704
            ],
            [
              118.5861678,
              24.9179141
            ],
            [
              118.5862082,
              24.9178986
            ],
            [
              118.5862796,
              24.9180859
            ],
            [
              118.5862191,
              24.9181816
            ],
            [
              118.5857563,
              24.9183478
            ],
            [
              118.5857563,
              24.9186914
            ],
            [
              118.5855591,
              24.9187984
            ],
            [
              118.5856119,
              24.9191462
            ],
            [
              118.585592,
              24.9191495
            ]
          ]
        ]
      },
      "properties": {
        "osm_id": 1242740282,
        "landuse": "",
        "amenity": "school",
        "leisure": ""
      }
    },
    {
      "type": "Feature",
      "geometry": {
        "type": "Polygon",
        "coordinates": [
          [
            [
              118.6091798,
              24.8059705
            ],
            [
              118.6093211,
              24.8056502
            ],
            [
              118.6090755,
              24.805561
            ],
            [
              118.6089342,
              24.8058812
            ],
            [
              118.6091798,
              24.8059705
            ]
          ]
        ]
      },
      "properties": {
        "osm_id": 1278814132,
        "landuse": "",
        "amenity": "",
        "leisure": "pitch"
      }
    },
    {
      "type": "Feature",
      "geometry": {
        "type": "Polygon",
        "coordinates": [
          [
            [
              118.5828928,
              24.9457572
            ],
            [
              118.5834238,
              24.9458569
            ],
            [
              118.5834984,
              24.9455304
            ],
            [
              118.5829674,
              24.9454307
            ],
            [
              118.5828928,
              24.9457572
            ]
          ]
        ]
      },
      "properties": {
        "osm_id": 1284425002,
        "landuse": "",
        "amenity": "",
        "leisure": "pitch"
      }
    },
    {
      "type": "Feature",
      "geometry": {
        "type": "Polygon",
        "coordinates": [
          [
            [
              118.5730308,
              24.943218
            ],
            [
              118.5732615,
              24.942841
            ],
            [
              118.5729972,
              24.9427081
            ],
            [
              118.5727666,
              24.943085
            ],
            [
              118.5730308,
              24.943218
            ]
          ]
        ]
      },
      "properties": {
        "osm_id": 1284425003,
        "landuse": "",
        "amenity": "",
        "leisure": "pitch"
      }
    },
    {
      "type": "Feature",
      "geometry": {
        "type": "Polygon",
        "coordinates": [
          [
            [
              118.5906442,
              24.9377716
            ],
            [
              118.590772,
              24.937767
            ],
            [
              118.5907587,
              24.9374644
            ],
            [
              118.5906309,
              24.937469
            ],
            [
              118.5906442,
              24.9377716
            ]
          ]
        ]
      },
      "properties": {
        "osm_id": 1284425011,
        "landuse": "",
        "amenity": "",
        "leisure": "pitch"
      }
    },
    {
      "type": "Feature",
      "geometry": {
        "type": "Polygon",
        "coordinates": [
          [
            [
              118.5909855,
              24.9378042
            ],
            [
              118.5909788,
              24.9374673
            ],
            [
              118.5907988,
              24.9374703
            ],
            [
              118.5908055,
              24.9378071
            ],
            [
              118.5909855,
              24.9378042
            ]
          ]
        ]
      },
      "properties": {
        "osm_id": 1284425012,
        "landuse": "",
        "amenity": "",
        "leisure": "pitch"
      }
    },
    {
      "type": "Feature",
      "geometry": {
        "type": "Polygon",
        "coordinates": [
          [
            [
              118.5564268,
              24.9533184
            ],
            [
              118.5567078,
              24.9530096
            ],
            [
              118.5565003,
              24.9528545
            ],
            [
              118.5562194,
              24.9531634
            ],
            [
              118.5564268,
              24.9533184
            ]
          ]
        ]
      },
      "properties": {
        "osm_id": 1284425022,
        "landuse": "",
        "amenity": "",
        "leisure": "pitch"
      }
    },
    {
      "type": "Feature",
      "geometry": {
        "type": "Polygon",
        "coordinates": [
          [
            [
              118.5687725,
              24.9427409
            ],
            [
              118.5689981,
              24.9429502
            ],
            [
              118.5694173,
              24.9425787
            ],
            [
              118.5691917,
              24.9423694
            ],
            [
              118.5687725,
              24.9427409
            ]
          ]
        ]
      },
      "properties": {
        "osm_id": 1284425023,
        "landuse": "",
        "amenity": "",
        "leisure": "pitch"
      }
    },
    {
      "type": "Feature",
      "geometry": {
        "type": "Polygon",
        "coordinates": [
          [
            [
              118.5817078,
              24.9482692
            ],
            [
              118.5817024,
              24.9491933
            ],
            [
              118.5823799,
              24.9491966
            ],
            [
              118.5823853,
              24.9482724
            ],
            [
              118.5817078,
              24.9482692
            ]
          ]
        ]
      },
      "properties": {
        "osm_id": 1284425024,
        "landuse": "",
        "amenity": "",
        "leisure": "pitch"
      }
    },
    {
      "type": "Feature",
      "geometry": {
        "type": "Polygon",
        "coordinates": [
          [
            [
              118.5775369,
              24.9451685
            ],
            [
              118.5775021,
              24.9442346
            ],
            [
              118.5768049,
              24.944256
            ],
            [
              118.5768398,
              24.9451899
            ],
            [
              118.5775369,
              24.9451685
            ]
          ]
        ]
      },
      "properties": {
        "osm_id": 1284425025,
        "landuse": "",
        "amenity": "",
        "leisure": "pitch"
      }
    },
    {
      "type": "Feature",
      "geometry": {
        "type": "Polygon",
        "coordinates": [
          [
            [
              118.6550937,
              24.9308748
            ],
            [
              118.6550851,
              24.9315387
            ],
            [
              118.6552575,
              24.9315405
            ],
            [
              118.6552663,
              24.9308766
            ],
            [
              118.6550937,
              24.9308748
            ]
          ]
        ]
      },
      "properties": {
        "osm_id": 1284528061,
        "landuse": "",
        "amenity": "",
        "leisure": "pitch"
      }
    },
    {
      "type": "Feature",
      "geometry": {
        "type": "Polygon",
        "coordinates": [
          [
            [
              118.6539569,
              24.9305245
            ],
            [
              118.6539356,
              24.9314167
            ],
            [
              118.654358,
              24.9319409
            ],
            [
              118.6550587,
              24.9316092
            ],
            [
              118.6550823,
              24.9304859
            ],
            [
              118.6547614,
              24.9299831
            ],
            [
              118.6542282,
              24.930287
            ],
            [
              118.6541315,
              24.930287
            ],
            [
              118.6541008,
              24.9304538
            ],
            [
              118.6539569,
              24.9305245
            ]
          ]
        ]
      },
      "properties": {
        "osm_id": 1284528062,
        "landuse": "",
        "amenity": "",
        "leisure": "stadium"
      }
    },
    {
      "type": "Feature",
      "geometry": {
        "type": "Polygon",
        "coordinates": [
          [
            [
              118.6552839,
              24.9314581
            ],
            [
              118.6552867,
              24.9311435
            ],
            [
              118.6554932,
              24.9311451
            ],
            [
              118.6554878,
              24.9313691
            ],
            [
              118.6554904,
              24.9314596
            ],
            [
              118.6552839,
              24.9314581
            ]
          ]
        ]
      },
      "properties": {
        "osm_id": 1284528063,
        "landuse": "",
        "amenity": "",
        "leisure": "pitch"
      }
    },
    {
      "type": "Feature",
      "geometry": {
        "type": "Polygon",
        "coordinates": [
          [
            [
              118.6554878,
              24.9313691
            ],
            [
              118.6554854,
              24.9310579
            ],
            [
              118.6556677,
              24.9310567
            ],
            [
              118.6556701,
              24.931368
            ],
            [
              118.6554878,
              24.9313691
            ]
          ]
        ]
      },
      "properties": {
        "osm_id": 1284528064,
        "landuse": "",
        "amenity": "",
        "leisure": "pitch"
      }
    },
    {
      "type": "Feature",
      "geometry": {
        "type": "Polygon",
        "coordinates": [
          [
            [
              118.6556912,
              24.9312785
            ],
            [
              118.6559058,
              24.9312801
            ],
            [
              118.6558951,
              24.9309753
            ],
            [
              118.6556894,
              24.9309753
            ],
            [
              118.6556912,
              24.9312785
            ]
          ]
        ]
      },
      "properties": {
        "osm_id": 1284528065,
        "landuse": "",
        "amenity": "",
        "leisure": "pitch"
      }
    },
    {
      "type": "Feature",
      "geometry": {
        "type": "Polygon",
        "coordinates": [
          [
            [
              118.5750104,
              24.9811389
            ],
            [
              118.5749829,
              24.9808127
            ],
            [
              118.5751446,
              24.9807988
            ],
            [
              118.5751756,
              24.9811202
            ],
            [
              118.5750104,
              24.9811389
            ]
          ]
        ]
      },
      "properties": {
        "osm_id": 1289818065,
        "landuse": "",
        "amenity": "",
        "leisure": "pitch"
      }
    },
    {
      "type": "Feature",
      "geometry": {
        "type": "Polygon",
        "coordinates": [
          [
            [
              118.5751756,
              24.9811202
            ],
            [
              118.5753493,
              24.9811043
            ],
            [
              118.5753172,
              24.9807846
            ],
            [
              118.5751446,
              24.9807988
            ],
            [
              118.5751756,
              24.9811202
            ]
          ]
        ]
      },
      "properties": {
        "osm_id": 1289818066,
        "landuse": "",
        "amenity": "",
        "leisure": "pitch"
      }
    },
    {
      "type": "Feature",
      "geometry": {
        "type": "Polygon",
        "coordinates": [
          [
            [
              118.586518,
              24.9058017
            ],
            [
              118.5866415,
              24.9057225
            ],
            [
              118.5868091,
              24.9056151
            ],
            [
              118.5868213,
              24.9056073
            ],
            [
              118.5868803,
              24.9055709
            ],
            [
              118.5873134,
              24.9052961
            ],
            [
              118.5875531,
              24.9056064
            ],
            [
              118.5867805,
              24.906141
            ],
            [
              118.586518,
              24.9058017
            ]
          ]
        ]
      },
      "properties": {
        "osm_id": 1309514758,
        "landuse": "",
        "amenity": "place_of_worship",
        "leisure": ""
      }
    },
    {
      "type": "Feature",
      "geometry": {
        "type": "Polygon",
        "coordinates": [
          [
            [
              118.5886113,
              24.911373
            ],
            [
              118.5888093,
              24.9113374
            ],
            [
              118.588742,
              24.9110295
            ],
            [
              118.5885439,
              24.9110651
            ],
            [
              118.5886113,
              24.911373
            ]
          ]
        ]
      },
      "properties": {
        "osm_id": 1309620125,
        "landuse": "",
        "amenity": "place_of_worship",
        "leisure": ""
      }
    },
    {
      "type": "Feature",
      "geometry": {
        "type": "Polygon",
        "coordinates": [
          [
            [
              118.6325086,
              24.8754328
            ],
            [
              118.6333336,
              24.8770092
            ],
            [
              118.6322524,
              24.8771851
            ],
            [
              118.6320486,
              24.8771607
            ],
            [
              118.6319144,
              24.8770488
            ],
            [
              118.6315121,
              24.8761655
            ],
            [
              118.6315309,
              24.8759927
            ],
            [
              118.6316355,
              24.8758856
            ],
            [
              118.6325086,
              24.8754328
            ]
          ]
        ]
      },
      "properties": {
        "osm_id": 1311433165,
        "landuse": "commercial",
        "amenity": "",
        "leisure": ""
      }
    },
    {
      "type": "Feature",
      "geometry": {
        "type": "Polygon",
        "coordinates": [
          [
            [
              118.66892,
              24.8634309
            ],
            [
              118.6681104,
              24.8629271
            ],
            [
              118.6679895,
              24.8627278
            ],
            [
              118.6680166,
              24.8626136
            ],
            [
              118.6688435,
              24.8609922
            ],
            [
              118.6691421,
              24.8609407
            ],
            [
              118.6700603,
              24.8613752
            ],
            [
              118.6701516,
              24.8615163
            ],
            [
              118.6701565,
              24.8616058
            ],
            [
              118.6691927,
              24.8633906
            ],
            [
              118.6690878,
              24.863449
            ],
            [
              118.66892,
              24.8634309
            ]
          ]
        ]
      },
      "properties": {
        "osm_id": 1311434466,
        "landuse": "",
        "amenity": "",
        "leisure": "park"
      }
    },
    {
      "type": "Feature",
      "geometry": {
        "type": "Polygon",
        "coordinates": [
          [
            [
              118.6693699,
              24.8605078
            ],
            [
              118.6693007,
              24.8604267
            ],
            [
              118.6692764,
              24.8603308
            ],
            [
              118.6693048,
              24.8601279
            ],
            [
              118.6699024,
              24.8590803
            ],
            [
              118.6702195,
              24.8589622
            ],
            [
              118.6712196,
              24.8591282
            ],
            [
              118.6713375,
              24.8592463
            ],
            [
              118.6712603,
              24.8595893
            ],
            [
              118.6705204,
              24.8609025
            ],
            [
              118.6704066,
              24.8609652
            ],
            [
              118.6702236,
              24.8609689
            ],
            [
              118.6693699,
              24.8605078
            ]
          ]
        ]
      },
      "properties": {
        "osm_id": 1311434467,
        "landuse": "",
        "amenity": "",
        "leisure": "park"
      }
    },
    {
      "type": "Feature",
      "geometry": {
        "type": "Polygon",
        "coordinates": [
          [
            [
              118.5722584,
              24.8851043
            ],
            [
              118.5709964,
              24.8840581
            ],
            [
              118.5709803,
              24.8839072
            ],
            [
              118.5720585,
              24.8828256
            ],
            [
              118.5726057,
              24.883131
            ],
            [
              118.5734144,
              24.8839206
            ],
            [
              118.5736249,
              24.8842223
            ],
            [
              118.5737886,
              24.8843075
            ],
            [
              118.5740595,
              24.8847041
            ],
            [
              118.57462,
              24.8849973
            ],
            [
              118.5746013,
              24.8850447
            ],
            [
              118.5745516,
              24.8851092
            ],
            [
              118.5744913,
              24.8851542
            ],
            [
              118.5744242,
              24.8851846
            ],
            [
              118.5742901,
              24.8852199
            ],
            [
              118.5725909,
              24.8852747
            ],
            [
              118.5722584,
              24.8851043
            ]
          ]
        ]
      },
      "properties": {
        "osm_id": 1311832653,
        "landuse": "",
        "amenity": "school",
        "leisure": ""
      }
    },
    {
      "type": "Feature",
      "geometry": {
        "type": "Polygon",
        "coordinates": [
          [
            [
              118.5766561,
              24.8902609
            ],
            [
              118.576692,
              24.8898921
            ],
            [
              118.5773957,
              24.8899485
            ],
            [
              118.5773598,
              24.8903174
            ],
            [
              118.5766561,
              24.8902609
            ]
          ]
        ]
      },
      "properties": {
        "osm_id": 1311832654,
        "landuse": "",
        "amenity": "",
        "leisure": "sports_hall"
      }
    },
    {
      "type": "Feature",
      "geometry": {
        "type": "Polygon",
        "coordinates": [
          [
            [
              118.6357095,
              24.9401942
            ],
            [
              118.6359443,
              24.9401397
            ],
            [
              118.6359929,
              24.9401605
            ],
            [
              118.6360685,
              24.9401668
            ],
            [
              118.6361581,
              24.9401647
            ],
            [
              118.6362155,
              24.9401574
            ],
            [
              118.6362698,
              24.9401427
            ],
            [
              118.636316,
              24.9401249
            ],
            [
              118.6363632,
              24.9400985
            ],
            [
              118.6364106,
              24.9400633
            ],
            [
              118.6364552,
              24.9400211
            ],
            [
              118.6364904,
              24.9399825
            ],
            [
              118.636509,
              24.9399541
            ],
            [
              118.636537,
              24.9399077
            ],
            [
              118.6365551,
              24.9398599
            ],
            [
              118.6367348,
              24.9398164
            ],
            [
              118.6363909,
              24.9386265
            ],
            [
              118.636228,
              24.9386632
            ],
            [
              118.6361818,
              24.938627
            ],
            [
              118.6361153,
              24.9385901
            ],
            [
              118.6360467,
              24.938563
            ],
            [
              118.6359759,
              24.9385489
            ],
            [
              118.6359054,
              24.93854
            ],
            [
              118.6358344,
              24.9385487
            ],
            [
              118.6357679,
              24.9385595
            ],
            [
              118.6357085,
              24.9385789
            ],
            [
              118.6356532,
              24.9386097
            ],
            [
              118.6356046,
              24.9386407
            ],
            [
              118.6355574,
              24.9386792
            ],
            [
              118.6355209,
              24.938716
            ],
            [
              118.6354816,
              24.9387695
            ],
            [
              118.63546,
              24.9388145
            ],
            [
              118.6354462,
              24.9388587
            ],
            [
              118.6354344,
              24.9388988
            ],
            [
              118.6354226,
              24.9388587
            ],
            [
              118.6353427,
              24.9388801
            ],
            [
              118.6357095,
              24.9401942
            ]
          ]
        ]
      },
      "properties": {
        "osm_id": 1332881990,
        "landuse": "",
        "amenity": "",
        "leisure": "pitch"
      }
    },
    {
      "type": "Feature",
      "geometry": {
        "type": "Polygon",
        "coordinates": [
          [
            [
              118.6358042,
              24.9399179
            ],
            [
              118.6358258,
              24.939942
            ],
            [
              118.6358623,
              24.9399722
            ],
            [
              118.6359095,
              24.9400015
            ],
            [
              118.6359585,
              24.9400272
            ],
            [
              118.636008,
              24.940047
            ],
            [
              118.6360636,
              24.9400608
            ],
            [
              118.6361186,
              24.9400627
            ],
            [
              118.6361725,
              24.9400567
            ],
            [
              118.6362148,
              24.9400474
            ],
            [
              118.6362615,
              24.9400271
            ],
            [
              118.6363063,
              24.9400019
            ],
            [
              118.6363504,
              24.9399713
            ],
            [
              118.6363855,
              24.9399372
            ],
            [
              118.6364112,
              24.9399001
            ],
            [
              118.6364297,
              24.9398647
            ],
            [
              118.6364465,
              24.9398216
            ],
            [
              118.6364538,
              24.9397814
            ],
            [
              118.6364563,
              24.9397471
            ],
            [
              118.6364582,
              24.9397249
            ],
            [
              118.6364588,
              24.9397053
            ],
            [
              118.6362321,
              24.9388772
            ],
            [
              118.6362129,
              24.9388386
            ],
            [
              118.6361992,
              24.9388153
            ],
            [
              118.6361912,
              24.9388016
            ],
            [
              118.6361779,
              24.9387759
            ],
            [
              118.6361586,
              24.9387523
            ],
            [
              118.6361386,
              24.9387307
            ],
            [
              118.6361137,
              24.93871
            ],
            [
              118.6360814,
              24.9386921
            ],
            [
              118.6360491,
              24.9386752
            ],
            [
              118.6360132,
              24.9386618
            ],
            [
              118.6359784,
              24.9386526
            ],
            [
              118.635939,
              24.938648
            ],
            [
              118.635896,
              24.9386452
            ],
            [
              118.6358514,
              24.938648
            ],
            [
              118.6358127,
              24.9386559
            ],
            [
              118.6357708,
              24.9386692
            ],
            [
              118.6357359,
              24.9386837
            ],
            [
              118.6356961,
              24.9387026
            ],
            [
              118.6356643,
              24.9387242
            ],
            [
              118.6356335,
              24.9387489
            ],
            [
              118.6356097,
              24.9387776
            ],
            [
              118.6355821,
              24.9388162
            ],
            [
              118.63556,
              24.9388525
            ],
            [
              118.635542,
              24.9388949
            ],
            [
              118.635531,
              24.9389354
            ],
            [
              118.6355258,
              24.9389691
            ],
            [
              118.6355245,
              24.9389864
            ],
            [
              118.63553,
              24.9390338
            ],
            [
              118.6355353,
              24.9390568
            ],
            [
              118.6357615,
              24.9398505
            ],
            [
              118.6357802,
              24.9398892
            ],
            [
              118.6357914,
              24.9399021
            ],
            [
              118.6358042,
              24.9399179
            ]
          ]
        ]
      },
      "properties": {
        "osm_id": 1332881991,
        "landuse": "",
        "amenity": "",
        "leisure": "pitch"
      }
    },
    {
      "type": "Feature",
      "geometry": {
        "type": "Polygon",
        "coordinates": [
          [
            [
              118.6424534,
              24.9394401
            ],
            [
              118.642491,
              24.9394807
            ],
            [
              118.6425316,
              24.9395164
            ],
            [
              118.6425805,
              24.939549
            ],
            [
              118.6426261,
              24.9395708
            ],
            [
              118.6426906,
              24.9395889
            ],
            [
              118.6427512,
              24.9395923
            ],
            [
              118.6428068,
              24.9395915
            ],
            [
              118.6428564,
              24.9395838
            ],
            [
              118.6429133,
              24.939567
            ],
            [
              118.6429598,
              24.9395458
            ],
            [
              118.6430059,
              24.9395151
            ],
            [
              118.6430376,
              24.9394831
            ],
            [
              118.6430645,
              24.9394517
            ],
            [
              118.6430992,
              24.9393998
            ],
            [
              118.643118,
              24.9393554
            ],
            [
              118.6431244,
              24.939328
            ],
            [
              118.6431246,
              24.9393013
            ],
            [
              118.6431269,
              24.9392605
            ],
            [
              118.6431203,
              24.9392014
            ],
            [
              118.6430078,
              24.9384693
            ],
            [
              118.6429903,
              24.9384264
            ],
            [
              118.6429686,
              24.9383854
            ],
            [
              118.6429486,
              24.938363
            ],
            [
              118.6429244,
              24.9383318
            ],
            [
              118.6428963,
              24.9383063
            ],
            [
              118.6428699,
              24.9382834
            ],
            [
              118.6428319,
              24.9382614
            ],
            [
              118.6427899,
              24.9382437
            ],
            [
              118.6427395,
              24.9382298
            ],
            [
              118.6426964,
              24.9382214
            ],
            [
              118.6426397,
              24.9382188
            ],
            [
              118.6425842,
              24.9382217
            ],
            [
              118.6425343,
              24.9382326
            ],
            [
              118.6424895,
              24.9382488
            ],
            [
              118.6424488,
              24.9382695
            ],
            [
              118.6424184,
              24.9382924
            ],
            [
              118.6423935,
              24.9383174
            ],
            [
              118.6423622,
              24.9383491
            ],
            [
              118.6423368,
              24.9383876
            ],
            [
              118.6423166,
              24.9384241
            ],
            [
              118.6422953,
              24.9384632
            ],
            [
              118.6422867,
              24.938504
            ],
            [
              118.6422824,
              24.9385405
            ],
            [
              118.6423993,
              24.9393421
            ],
            [
              118.6424193,
              24.9393893
            ],
            [
              118.6424347,
              24.9394185
            ],
            [
              118.6424442,
              24.9394295
            ],
            [
              118.6424534,
              24.9394401
            ]
          ]
        ]
      },
      "properties": {
        "osm_id": 1332881992,
        "landuse": "",
        "amenity": "",
        "leisure": "pitch"
      }
    },
    {
      "type": "Feature",
      "geometry": {
        "type": "Polygon",
        "coordinates": [
          [
            [
              118.5520645,
              24.7946151
            ],
            [
              118.5515543,
              24.793792
            ],
            [
              118.5514421,
              24.7935863
            ],
            [
              118.5514732,
              24.7932716
            ],
            [
              118.5516555,
              24.7930448
            ],
            [
              118.5530893,
              24.7930161
            ],
            [
              118.5534504,
              24.7935939
            ],
            [
              118.5531103,
              24.7937605
            ],
            [
              118.5531276,
              24.7939092
            ],
            [
              118.5527214,
              24.794218
            ],
            [
              118.5520645,
              24.7946151
            ]
          ]
        ]
      },
      "properties": {
        "osm_id": 1336545823,
        "landuse": "",
        "amenity": "parking",
        "leisure": ""
      }
    },
    {
      "type": "Feature",
      "geometry": {
        "type": "Polygon",
        "coordinates": [
          [
            [
              118.5533953,
              24.7942887
            ],
            [
              118.5533905,
              24.7941314
            ],
            [
              118.5534241,
              24.7940666
            ],
            [
              118.5535443,
              24.794064
            ],
            [
              118.553574,
              24.794134
            ],
            [
              118.5535771,
              24.794294
            ],
            [
              118.5533953,
              24.7942887
            ]
          ]
        ]
      },
      "properties": {
        "osm_id": 1336551551,
        "landuse": "",
        "amenity": "place_of_worship",
        "leisure": ""
      }
    },
    {
      "type": "Feature",
      "geometry": {
        "type": "Polygon",
        "coordinates": [
          [
            [
              118.5479642,
              24.7835213
            ],
            [
              118.5467671,
              24.7815234
            ],
            [
              118.5493662,
              24.7800035
            ],
            [
              118.5501515,
              24.7805737
            ],
            [
              118.5497507,
              24.7808572
            ],
            [
              118.5498947,
              24.7810979
            ],
            [
              118.548961,
              24.7815092
            ],
            [
              118.5488938,
              24.781591
            ],
            [
              118.5491976,
              24.7819262
            ],
            [
              118.5492406,
              24.7820091
            ],
            [
              118.5491052,
              24.7822441
            ],
            [
              118.5491348,
              24.7823677
            ],
            [
              118.5493133,
              24.7827169
            ],
            [
              118.5479642,
              24.7835213
            ]
          ]
        ]
      },
      "properties": {
        "osm_id": 1336551552,
        "landuse": "",
        "amenity": "",
        "leisure": "park"
      }
    },
    {
      "type": "Feature",
      "geometry": {
        "type": "Polygon",
        "coordinates": [
          [
            [
              118.5159299,
              24.7825056
            ],
            [
              118.5157992,
              24.7825756
            ],
            [
              118.5156334,
              24.7826053
            ],
            [
              118.5154629,
              24.782548
            ],
            [
              118.5150823,
              24.7827791
            ],
            [
              118.5148441,
              24.78283
            ],
            [
              118.5141553,
              24.7818506
            ],
            [
              118.515164,
              24.7812146
            ],
            [
              118.5153602,
              24.7814817
            ],
            [
              118.5156731,
              24.7814902
            ],
            [
              118.5158575,
              24.7816704
            ],
            [
              118.5158529,
              24.782105
            ],
            [
              118.5159719,
              24.7822025
            ],
            [
              118.516098,
              24.7823827
            ],
            [
              118.5159299,
              24.7825056
            ]
          ]
        ]
      },
      "properties": {
        "osm_id": 1336759537,
        "landuse": "",
        "amenity": "parking",
        "leisure": ""
      }
    },
    {
      "type": "Feature",
      "geometry": {
        "type": "Polygon",
        "coordinates": [
          [
            [
              118.5564918,
              24.9532978
            ],
            [
              118.556844,
              24.9529047
            ],
            [
              118.5569387,
              24.9528706
            ],
            [
              118.5570263,
              24.9528782
            ],
            [
              118.5571094,
              24.9529223
            ],
            [
              118.5571652,
              24.9529701
            ],
            [
              118.5571855,
              24.9530772
            ],
            [
              118.557159,
              24.9531742
            ],
            [
              118.5568281,
              24.9535433
            ],
            [
              118.5567197,
              24.9535777
            ],
            [
              118.5566414,
              24.9535737
            ],
            [
              118.5565591,
              24.9535304
            ],
            [
              118.5564954,
              24.9534731
            ],
            [
              118.5564724,
              24.9534013
            ],
            [
              118.5564918,
              24.9532978
            ]
          ]
        ]
      },
      "properties": {
        "osm_id": 1336790937,
        "landuse": "",
        "amenity": "",
        "leisure": "pitch"
      }
    },
    {
      "type": "Feature",
      "geometry": {
        "type": "Polygon",
        "coordinates": [
          [
            [
              118.626351,
              24.9066499
            ],
            [
              118.6260603,
              24.9063555
            ],
            [
              118.6265075,
              24.9059921
            ],
            [
              118.6267982,
              24.9062866
            ],
            [
              118.626351,
              24.9066499
            ]
          ]
        ]
      },
      "properties": {
        "osm_id": 1337065060,
        "landuse": "",
        "amenity": "",
        "leisure": "pitch"
      }
    },
    {
      "type": "Feature",
      "geometry": {
        "type": "Polygon",
        "coordinates": [
          [
            [
              118.6125475,
              24.9194557
            ],
            [
              118.6123691,
              24.9188749
            ],
            [
              118.6126916,
              24.9187934
            ],
            [
              118.61287,
              24.9193742
            ],
            [
              118.6125475,
              24.9194557
            ]
          ]
        ]
      },
      "properties": {
        "osm_id": 1337068341,
        "landuse": "",
        "amenity": "",
        "leisure": "pitch"
      }
    },
    {
      "type": "Feature",
      "geometry": {
        "type": "Polygon",
        "coordinates": [
          [
            [
              118.5804686,
              24.9392026
            ],
            [
              118.580364,
              24.9386493
            ],
            [
              118.5803144,
              24.9385727
            ],
            [
              118.5802366,
              24.9385739
            ],
            [
              118.5797994,
              24.9387649
            ],
            [
              118.5791436,
              24.9390494
            ],
            [
              118.5790966,
              24.9391759
            ],
            [
              118.5791597,
              24.9393522
            ],
            [
              118.5792603,
              24.939531
            ],
            [
              118.5793354,
              24.9395407
            ],
            [
              118.579389,
              24.9394811
            ],
            [
              118.5793126,
              24.9393011
            ],
            [
              118.5792884,
              24.9391844
            ],
            [
              118.5795124,
              24.9390008
            ],
            [
              118.5799965,
              24.9387965
            ],
            [
              118.5801722,
              24.9387564
            ],
            [
              118.5802661,
              24.9388135
            ],
            [
              118.5803197,
              24.9391139
            ],
            [
              118.5802902,
              24.9392549
            ],
            [
              118.5801548,
              24.9392513
            ],
            [
              118.5800676,
              24.9390519
            ],
            [
              118.5799818,
              24.9389497
            ],
            [
              118.5796438,
              24.9390932
            ],
            [
              118.5794976,
              24.9391832
            ],
            [
              118.5795312,
              24.9393461
            ],
            [
              118.5796277,
              24.9394763
            ],
            [
              118.5797162,
              24.9394763
            ],
            [
              118.5797377,
              24.9393425
            ],
            [
              118.5797256,
              24.9392185
            ],
            [
              118.5798316,
              24.9391552
            ],
            [
              118.5799858,
              24.9391966
            ],
            [
              118.5800046,
              24.939323
            ],
            [
              118.5800301,
              24.9394531
            ],
            [
              118.5800582,
              24.9394896
            ],
            [
              118.5802406,
              24.9394556
            ],
            [
              118.5804284,
              24.9393972
            ],
            [
              118.580474,
              24.9393741
            ],
            [
              118.5804686,
              24.9392026
            ]
          ]
        ]
      },
      "properties": {
        "osm_id": 1337068996,
        "landuse": "",
        "amenity": "",
        "leisure": "track"
      }
    },
    {
      "type": "Feature",
      "geometry": {
        "type": "Polygon",
        "coordinates": [
          [
            [
              118.5421449,
              24.8612164
            ],
            [
              118.542022,
              24.8606925
            ],
            [
              118.5424023,
              24.8606191
            ],
            [
              118.5425252,
              24.8611429
            ],
            [
              118.5421449,
              24.8612164
            ]
          ]
        ]
      },
      "properties": {
        "osm_id": 1337078751,
        "landuse": "",
        "amenity": "",
        "leisure": "pitch"
      }
    },
    {
      "type": "Feature",
      "geometry": {
        "type": "Polygon",
        "coordinates": [
          [
            [
              118.5420859,
              24.8161044
            ],
            [
              118.5414,
              24.8159532
            ],
            [
              118.5416533,
              24.8150067
            ],
            [
              118.5423391,
              24.8151579
            ],
            [
              118.5420859,
              24.8161044
            ]
          ]
        ]
      },
      "properties": {
        "osm_id": 1337334700,
        "landuse": "",
        "amenity": "",
        "leisure": "pitch"
      }
    },
    {
      "type": "Feature",
      "geometry": {
        "type": "Polygon",
        "coordinates": [
          [
            [
              118.5321527,
              24.8131915
            ],
            [
              118.5322463,
              24.812236
            ],
            [
              118.5329129,
              24.8122898
            ],
            [
              118.5328193,
              24.8132453
            ],
            [
              118.5321527,
              24.8131915
            ]
          ]
        ]
      },
      "properties": {
        "osm_id": 1337334703,
        "landuse": "",
        "amenity": "",
        "leisure": "pitch"
      }
    },
    {
      "type": "Feature",
      "geometry": {
        "type": "Polygon",
        "coordinates": [
          [
            [
              118.523602,
              24.923529
            ],
            [
              118.5234052,
              24.9226173
            ],
            [
              118.5240775,
              24.9224979
            ],
            [
              118.5242744,
              24.9234096
            ],
            [
              118.523602,
              24.923529
            ]
          ]
        ]
      },
      "properties": {
        "osm_id": 1337962695,
        "landuse": "",
        "amenity": "",
        "leisure": "pitch"
      }
    },
    {
      "type": "Feature",
      "geometry": {
        "type": "Polygon",
        "coordinates": [
          [
            [
              118.5766756,
              24.9459631
            ],
            [
              118.5766776,
              24.9456754
            ],
            [
              118.5774323,
              24.9456861
            ],
            [
              118.5774335,
              24.9459673
            ],
            [
              118.5766756,
              24.9459631
            ]
          ]
        ]
      },
      "properties": {
        "osm_id": 1339439597,
        "landuse": "",
        "amenity": "",
        "leisure": "pitch"
      }
    },
    {
      "type": "Feature",
      "geometry": {
        "type": "Polygon",
        "coordinates": [
          [
            [
              118.5749092,
              24.9482563
            ],
            [
              118.575025,
              24.947682
            ],
            [
              118.5753897,
              24.9477424
            ],
            [
              118.5753228,
              24.9480771
            ],
            [
              118.5757108,
              24.9481456
            ],
            [
              118.5756639,
              24.9483819
            ],
            [
              118.5749092,
              24.9482563
            ]
          ]
        ]
      },
      "properties": {
        "osm_id": 1339439598,
        "landuse": "",
        "amenity": "",
        "leisure": "pitch"
      }
    },
    {
      "type": "Feature",
      "geometry": {
        "type": "Polygon",
        "coordinates": [
          [
            [
              118.5793347,
              24.9448808
            ],
            [
              118.579524,
              24.9447642
            ],
            [
              118.5795784,
              24.9445858
            ],
            [
              118.5795469,
              24.9444618
            ],
            [
              118.5794233,
              24.9443205
            ],
            [
              118.5792022,
              24.9442499
            ],
            [
              118.5789999,
              24.9442986
            ],
            [
              118.578881,
              24.9444196
            ],
            [
              118.5788473,
              24.9445853
            ],
            [
              118.5788972,
              24.9447123
            ],
            [
              118.5790775,
              24.9446278
            ],
            [
              118.5791176,
              24.9446911
            ],
            [
              118.5791925,
              24.9447317
            ],
            [
              118.5792802,
              24.9447246
            ],
            [
              118.5793347,
              24.9448808
            ]
          ]
        ]
      },
      "properties": {
        "osm_id": 1339439600,
        "landuse": "",
        "amenity": "library",
        "leisure": ""
      }
    },
    {
      "type": "Feature",
      "geometry": {
        "type": "Polygon",
        "coordinates": [
          [
            [
              118.5232881,
              24.9112833
            ],
            [
              118.5231013,
              24.9109273
            ],
            [
              118.5228453,
              24.9110377
            ],
            [
              118.5230321,
              24.9113938
            ],
            [
              118.5232881,
              24.9112833
            ]
          ]
        ]
      },
      "properties": {
        "osm_id": 1346845903,
        "landuse": "",
        "amenity": "",
        "leisure": "pitch"
      }
    },
    {
      "type": "Feature",
      "geometry": {
        "type": "Polygon",
        "coordinates": [
          [
            [
              118.5309175,
              24.9066774
            ],
            [
              118.5311495,
              24.9066458
            ],
            [
              118.5311284,
              24.9065187
            ],
            [
              118.5308964,
              24.9065504
            ],
            [
              118.5309175,
              24.9066774
            ]
          ]
        ]
      },
      "properties": {
        "osm_id": 1346845914,
        "landuse": "",
        "amenity": "",
        "leisure": "pitch"
      }
    },
    {
      "type": "Feature",
      "geometry": {
        "type": "Polygon",
        "coordinates": [
          [
            [
              118.5338768,
              24.9067988
            ],
            [
              118.5341879,
              24.907714
            ],
            [
              118.5348641,
              24.9075249
            ],
            [
              118.5345531,
              24.9066097
            ],
            [
              118.5338768,
              24.9067988
            ]
          ]
        ]
      },
      "properties": {
        "osm_id": 1346845915,
        "landuse": "",
        "amenity": "",
        "leisure": "pitch"
      }
    },
    {
      "type": "Feature",
      "geometry": {
        "type": "Polygon",
        "coordinates": [
          [
            [
              118.5526755,
              24.9176377
            ],
            [
              118.5525427,
              24.9175988
            ],
            [
              118.5524609,
              24.9178287
            ],
            [
              118.5525937,
              24.9178676
            ],
            [
              118.5526755,
              24.9176377
            ]
          ]
        ]
      },
      "properties": {
        "osm_id": 1346845923,
        "landuse": "",
        "amenity": "",
        "leisure": "pitch"
      }
    },
    {
      "type": "Feature",
      "geometry": {
        "type": "Polygon",
        "coordinates": [
          [
            [
              118.5524958,
              24.9181715
            ],
            [
              118.552584,
              24.9179221
            ],
            [
              118.5524209,
              24.9178746
            ],
            [
              118.5523327,
              24.918124
            ],
            [
              118.5524958,
              24.9181715
            ]
          ]
        ]
      },
      "properties": {
        "osm_id": 1346845924,
        "landuse": "",
        "amenity": "",
        "leisure": "pitch"
      }
    },
    {
      "type": "Feature",
      "geometry": {
        "type": "Polygon",
        "coordinates": [
          [
            [
              118.547906,
              24.9132443
            ],
            [
              118.5473263,
              24.9129506
            ],
            [
              118.5468294,
              24.9137573
            ],
            [
              118.5474091,
              24.914051
            ],
            [
              118.547906,
              24.9132443
            ]
          ]
        ]
      },
      "properties": {
        "osm_id": 1346845936,
        "landuse": "",
        "amenity": "",
        "leisure": "pitch"
      }
    },
    {
      "type": "Feature",
      "geometry": {
        "type": "Polygon",
        "coordinates": [
          [
            [
              118.5449293,
              24.9295249
            ],
            [
              118.5455869,
              24.9296692
            ],
            [
              118.545831,
              24.9287547
            ],
            [
              118.5451734,
              24.9286104
            ],
            [
              118.5449293,
              24.9295249
            ]
          ]
        ]
      },
      "properties": {
        "osm_id": 1346845938,
        "landuse": "",
        "amenity": "",
        "leisure": "pitch"
      }
    },
    {
      "type": "Feature",
      "geometry": {
        "type": "Polygon",
        "coordinates": [
          [
            [
              118.5500322,
              24.9349002
            ],
            [
              118.5500349,
              24.9345426
            ],
            [
              118.5497852,
              24.9345411
            ],
            [
              118.5497825,
              24.9348986
            ],
            [
              118.5500322,
              24.9349002
            ]
          ]
        ]
      },
      "properties": {
        "osm_id": 1346845941,
        "landuse": "",
        "amenity": "",
        "leisure": "pitch"
      }
    },
    {
      "type": "Feature",
      "geometry": {
        "type": "Polygon",
        "coordinates": [
          [
            [
              118.5846313,
              24.8535095
            ],
            [
              118.5852444,
              24.8534764
            ],
            [
              118.5852918,
              24.8524352
            ],
            [
              118.585524,
              24.8518081
            ],
            [
              118.5857297,
              24.8497926
            ],
            [
              118.5857088,
              24.849359
            ],
            [
              118.5855213,
              24.8491259
            ],
            [
              118.5854992,
              24.8489203
            ],
            [
              118.5856303,
              24.8487211
            ],
            [
              118.585582,
              24.8478369
            ],
            [
              118.5846825,
              24.8478417
            ],
            [
              118.5846313,
              24.8535095
            ]
          ]
        ]
      },
      "properties": {
        "osm_id": 1352092085,
        "landuse": "",
        "amenity": "",
        "leisure": "park"
      }
    },
    {
      "type": "Feature",
      "geometry": {
        "type": "Polygon",
        "coordinates": [
          [
            [
              118.6342177,
              24.8858796
            ],
            [
              118.6343939,
              24.8859024
            ],
            [
              118.634427,
              24.8856913
            ],
            [
              118.6342509,
              24.8856685
            ],
            [
              118.6342177,
              24.8858796
            ]
          ]
        ]
      },
      "properties": {
        "osm_id": 1356356865,
        "landuse": "",
        "amenity": "",
        "leisure": "pitch"
      }
    },
    {
      "type": "Feature",
      "geometry": {
        "type": "Polygon",
        "coordinates": [
          [
            [
              118.6117375,
              24.917623
            ],
            [
              118.613589,
              24.9174207
            ],
            [
              118.6136396,
              24.9172696
            ],
            [
              118.6136689,
              24.9171222
            ],
            [
              118.6136685,
              24.9170043
            ],
            [
              118.6135955,
              24.9168295
            ],
            [
              118.6132773,
              24.9164792
            ],
            [
              118.6131199,
              24.9163089
            ],
            [
              118.6130036,
              24.9163559
            ],
            [
              118.6124724,
              24.9166078
            ],
            [
              118.6123542,
              24.9166582
            ],
            [
              118.6121065,
              24.916705
            ],
            [
              118.6118022,
              24.9166978
            ],
            [
              118.6114176,
              24.9166835
            ],
            [
              118.6113818,
              24.9167403
            ],
            [
              118.6117375,
              24.917623
            ]
          ]
        ]
      },
      "properties": {
        "osm_id": 1377766511,
        "landuse": "military",
        "amenity": "",
        "leisure": ""
      }
    },
    {
      "type": "Feature",
      "geometry": {
        "type": "Polygon",
        "coordinates": [
          [
            [
              118.6122166,
              24.917349
            ],
            [
              118.6121964,
              24.9172149
            ],
            [
              118.6124716,
              24.9171808
            ],
            [
              118.6124918,
              24.9173149
            ],
            [
              118.6122166,
              24.917349
            ]
          ]
        ]
      },
      "properties": {
        "osm_id": 1377766514,
        "landuse": "",
        "amenity": "",
        "leisure": "pitch"
      }
    },
    {
      "type": "Feature",
      "geometry": {
        "type": "Polygon",
        "coordinates": [
          [
            [
              118.6626081,
              24.8708402
            ],
            [
              118.6620328,
              24.870093
            ],
            [
              118.6625712,
              24.8697517
            ],
            [
              118.6631465,
              24.8704989
            ],
            [
              118.6626081,
              24.8708402
            ]
          ]
        ]
      },
      "properties": {
        "osm_id": 1382568125,
        "landuse": "",
        "amenity": "",
        "leisure": "pitch"
      }
    },
    {
      "type": "Feature",
      "geometry": {
        "type": "Polygon",
        "coordinates": [
          [
            [
              118.6680036,
              24.8741033
            ],
            [
              118.6679725,
              24.8731923
            ],
            [
              118.6686289,
              24.8731739
            ],
            [
              118.66866,
              24.8740849
            ],
            [
              118.6680036,
              24.8741033
            ]
          ]
        ]
      },
      "properties": {
        "osm_id": 1382568133,
        "landuse": "",
        "amenity": "",
        "leisure": "pitch"
      }
    },
    {
      "type": "Feature",
      "geometry": {
        "type": "Polygon",
        "coordinates": [
          [
            [
              118.6278048,
              24.8560566
            ],
            [
              118.6311279,
              24.8557966
            ],
            [
              118.6310863,
              24.8525704
            ],
            [
              118.6275659,
              24.8525589
            ],
            [
              118.6278048,
              24.8560566
            ]
          ]
        ]
      },
      "properties": {
        "osm_id": 1445943312,
        "landuse": "",
        "amenity": "hospital",
        "leisure": ""
      }
    },
    {
      "type": "Feature",
      "geometry": {
        "type": "Polygon",
        "coordinates": [
          [
            [
              118.6065941,
              24.912205
            ],
            [
              118.6074868,
              24.9121586
            ],
            [
              118.6074656,
              24.9116771
            ],
            [
              118.6066303,
              24.9116642
            ],
            [
              118.6065941,
              24.912205
            ]
          ]
        ]
      },
      "properties": {
        "osm_id": 1447666520,
        "landuse": "",
        "amenity": "parking",
        "leisure": ""
      }
    },
    {
      "type": "Feature",
      "geometry": {
        "type": "Polygon",
        "coordinates": [
          [
            [
              118.5855882,
              24.9373997
            ],
            [
              118.5861032,
              24.9371127
            ],
            [
              118.5860764,
              24.9367965
            ],
            [
              118.5861354,
              24.9366165
            ],
            [
              118.5858779,
              24.9363052
            ],
            [
              118.5851644,
              24.936743
            ],
            [
              118.5855882,
              24.9373997
            ]
          ]
        ]
      },
      "properties": {
        "osm_id": 1447666532,
        "landuse": "",
        "amenity": "parking",
        "leisure": ""
      }
    },
    {
      "type": "Feature",
      "geometry": {
        "type": "Polygon",
        "coordinates": [
          [
            [
              118.5763115,
              24.8543957
            ],
            [
              118.5763047,
              24.8540136
            ],
            [
              118.5765529,
              24.8540099
            ],
            [
              118.5765597,
              24.854392
            ],
            [
              118.5763115,
              24.8543957
            ]
          ]
        ]
      },
      "properties": {
        "osm_id": 1453368028,
        "landuse": "",
        "amenity": "",
        "leisure": "pitch"
      }
    },
    {
      "type": "Feature",
      "geometry": {
        "type": "Polygon",
        "coordinates": [
          [
            [
              118.5762727,
              24.8546277
            ],
            [
              118.5764235,
              24.8546233
            ],
            [
              118.5764323,
              24.854874
            ],
            [
              118.5762815,
              24.8548784
            ],
            [
              118.5762727,
              24.8546277
            ]
          ]
        ]
      },
      "properties": {
        "osm_id": 1453368029,
        "landuse": "",
        "amenity": "",
        "leisure": "pitch"
      }
    },
    {
      "type": "Feature",
      "geometry": {
        "type": "Polygon",
        "coordinates": [
          [
            [
              118.6892221,
              24.7779853
            ],
            [
              118.689188,
              24.7782503
            ],
            [
              118.6914591,
              24.7800454
            ],
            [
              118.6928694,
              24.7793599
            ],
            [
              118.6950567,
              24.7782966
            ],
            [
              118.6927033,
              24.7763615
            ],
            [
              118.6923859,
              24.7763038
            ],
            [
              118.6921253,
              24.7764024
            ],
            [
              118.6921199,
              24.7766778
            ],
            [
              118.6919138,
              24.7766819
            ],
            [
              118.6916929,
              24.7766834
            ],
            [
              118.6914692,
              24.776689
            ],
            [
              118.6909222,
              24.776942
            ],
            [
              118.6901278,
              24.7774295
            ],
            [
              118.6900742,
              24.7774624
            ],
            [
              118.6892221,
              24.7779853
            ]
          ]
        ]
      },
      "properties": {
        "osm_id": 1459083155,
        "landuse": "",
        "amenity": "school",
        "leisure": ""
      }
    },
    {
      "type": "Feature",
      "geometry": {
        "type": "Polygon",
        "coordinates": [
          [
            [
              118.6929977,
              24.7788241
            ],
            [
              118.6936271,
              24.7788237
            ],
            [
              118.6939614,
              24.7786579
            ],
            [
              118.6939495,
              24.7775399
            ],
            [
              118.693845,
              24.7773729
            ],
            [
              118.6936411,
              24.777243
            ],
            [
              118.6935539,
              24.7772179
            ],
            [
              118.6930986,
              24.7772182
            ],
            [
              118.6930983,
              24.7768943
            ],
            [
              118.6929963,
              24.7768944
            ],
            [
              118.6929969,
              24.7777795
            ],
            [
              118.6929977,
              24.7788241
            ]
          ]
        ]
      },
      "properties": {
        "osm_id": 1459083163,
        "landuse": "",
        "amenity": "",
        "leisure": "pitch"
      }
    },
    {
      "type": "Feature",
      "geometry": {
        "type": "Polygon",
        "coordinates": [
          [
            [
              118.5606799,
              24.7748118
            ],
            [
              118.5597841,
              24.7733652
            ],
            [
              118.564891,
              24.7704622
            ],
            [
              118.5664628,
              24.7734139
            ],
            [
              118.5663608,
              24.7738913
            ],
            [
              118.565186,
              24.774203
            ],
            [
              118.5638127,
              24.7740715
            ],
            [
              118.5625092,
              24.7741786
            ],
            [
              118.5617689,
              24.7741007
            ],
            [
              118.5612593,
              24.7743296
            ],
            [
              118.5606799,
              24.7748118
            ]
          ]
        ]
      },
      "properties": {
        "osm_id": 1467700940,
        "landuse": "industrial",
        "amenity": "",
        "leisure": ""
      }
    },
    {
      "type": "Feature",
      "geometry": {
        "type": "Polygon",
        "coordinates": [
          [
            [
              118.676056,
              24.8760835
            ],
            [
              118.676328,
              24.8762129
            ],
            [
              118.676912,
              24.8751654
            ],
            [
              118.6766356,
              24.875036
            ],
            [
              118.676056,
              24.8760835
            ]
          ]
        ]
      },
      "properties": {
        "osm_id": 1502519660,
        "landuse": "",
        "amenity": "",
        "leisure": "pitch"
      }
    },
    {
      "type": "Feature",
      "geometry": {
        "type": "Polygon",
        "coordinates": [
          [
            [
              118.5808687,
              24.9119802
            ],
            [
              118.5806963,
              24.9115105
            ],
            [
              118.5809785,
              24.9113353
            ],
            [
              118.5811395,
              24.9112913
            ],
            [
              118.5812278,
              24.9114841
            ],
            [
              118.5816886,
              24.9113291
            ],
            [
              118.5819945,
              24.9121505
            ],
            [
              118.5814614,
              24.9123189
            ],
            [
              118.5813,
              24.9118937
            ],
            [
              118.5808687,
              24.9119802
            ]
          ]
        ]
      },
      "properties": {
        "osm_id": 1508804974,
        "landuse": "commercial",
        "amenity": "",
        "leisure": ""
      }
    },
    {
      "type": "Feature",
      "geometry": {
        "type": "Polygon",
        "coordinates": [
          [
            [
              118.6001583,
              24.9062368
            ],
            [
              118.6009279,
              24.90608
            ],
            [
              118.6009773,
              24.9062211
            ],
            [
              118.6010523,
              24.9063074
            ],
            [
              118.6011542,
              24.9063783
            ],
            [
              118.6012611,
              24.9064035
            ],
            [
              118.601391,
              24.9063983
            ],
            [
              118.6015355,
              24.906355
            ],
            [
              118.6018924,
              24.9070287
            ],
            [
              118.6016683,
              24.9071089
            ],
            [
              118.6013883,
              24.9071662
            ],
            [
              118.6011841,
              24.9071599
            ],
            [
              118.6010011,
              24.9071171
            ],
            [
              118.6008158,
              24.90706
            ],
            [
              118.6006478,
              24.9069642
            ],
            [
              118.6005053,
              24.9068471
            ],
            [
              118.6003866,
              24.9067257
            ],
            [
              118.6002758,
              24.9065577
            ],
            [
              118.6002001,
              24.9063931
            ],
            [
              118.6001583,
              24.9062368
            ]
          ]
        ]
      },
      "properties": {
        "osm_id": 1509403889,
        "landuse": "",
        "amenity": "parking",
        "leisure": ""
      }
    },
    {
      "type": "Feature",
      "geometry": {
        "type": "Polygon",
        "coordinates": [
          [
            [
              118.6142425,
              24.9236287
            ],
            [
              118.6128683,
              24.9217207
            ],
            [
              118.6122359,
              24.9224412
            ],
            [
              118.6116522,
              24.9231271
            ],
            [
              118.6118722,
              24.9235256
            ],
            [
              118.6133773,
              24.9242341
            ],
            [
              118.6135374,
              24.9251809
            ],
            [
              118.6150397,
              24.9252567
            ],
            [
              118.6150724,
              24.9241504
            ],
            [
              118.6142425,
              24.9236287
            ]
          ]
        ]
      },
      "properties": {
        "osm_id": 1510172685,
        "landuse": "",
        "amenity": "prison",
        "leisure": ""
      }
    },
    {
      "type": "Feature",
      "geometry": {
        "type": "Polygon",
        "coordinates": [
          [
            [
              118.5864514,
              24.9173214
            ],
            [
              118.5867501,
              24.9172434
            ],
            [
              118.5868704,
              24.9176222
            ],
            [
              118.5865717,
              24.9177002
            ],
            [
              118.5864514,
              24.9173214
            ]
          ]
        ]
      },
      "properties": {
        "osm_id": 1510178300,
        "landuse": "",
        "amenity": "",
        "leisure": "stadium"
      }
    }
  ]
}