{
  "type": "FeatureCollection",
  "features": [
    {
      "type": "Feature",
      "geometry": {
        "type": "Polygon",
        "coordinates": [
          [
            [
              118.6064895,
              24.9127561
            ],
            [
              118.6073729,
              24.9127231
            ],
            [
              118.6073852,
              24.912994
            ],
            [
              118.6073884,
              24.913064
            ],
            [
              118.6073118,
              24.9130669
            ],
            [
              118.6070451,
              24.9130768
            ],
            [
              118.6070494,
              24.9131715
            ],
            [
              118.6069632,
              24.9131748
            ],
            [
              118.6068888,
              24.9131775
            ],
            [
              118.6068844,
              24.9130808
            ],
            [
              118.6065049,
              24.913095
            ],
            [
              118.6065036,
              24.9130668
            ],
            [
              118.6064905,
              24.9127789
            ],
            [
              118.6064895,
              24.9127561
            ]
          ]
        ]
      },
      "properties": {
        "osm_id": 294951078,
        "building": "yes",
        "building:levels": "",
        "building:flats": "",
        "addr:housenumber": "425",
        "area_m2": 3529.22,
        "centroid_lon": 118.60694443846154,
        "centroid_lat": 24.9130174,
        "housenumber_count": 1,
        "flats": 1
      }
    },
    {
      "type": "Feature",
      "geometry": {
        "type": "Polygon",
        "coordinates": [
          [
            [
              118.6092533,
              24.8986325
            ],
            [
              118.6095871,
              24.8984615
            ],
            [
              118.6096482,
              24.8985597
            ],
            [
              118.6093145,
              24.8987308
            ],
            [
              118.6092533,
              24.8986325
            ]
          ]
        ]
      },
      "properties": {
        "osm_id": 389824544,
        "building": "house",
        "building:levels": "5",
        "building:flats": "",
        "addr:housenumber": "1号",
        "area_m2": 482.82,
        "centroid_lon": 118.609450775,
        "centroid_lat": 24.898596125,
        "housenumber_count": 1,
        "flats": 5
      }
    },
    {
      "type": "Feature",
      "geometry": {
        "type": "Polygon",
        "coordinates": [
          [
            [
              118.6001473,
              24.8913057
            ],
            [
              118.5996423,
              24.8914875
            ],
            [
              118.599696,
              24.8916102
            ],
            [
              118.600201,
              24.8914285
            ],
            [
              118.6001473,
              24.8913057
            ]
          ]
        ]
      },
      "properties": {
        "osm_id": 564537432,
        "building": "apartments",
        "building:levels": "",
        "building:flats": "",
        "addr:housenumber": "",
        "area_m2": 800.95,
        "centroid_lon": 118.59992165,
        "centroid_lat": 24.891457975,
        "housenumber_count": 0,
        "flats": 4
      }
    },
    {
      "type": "Feature",
      "geometry": {
        "type": "Polygon",
        "coordinates": [
          [
            [
              118.6001187,
              24.8910329
            ],
            [
              118.6001715,
              24.8911612
            ],
            [
              118.5995993,
              24.891355
            ],
            [
              118.5995465,
              24.8912267
            ],
            [
              118.6001187,
              24.8910329
            ]
          ]
        ]
      },
      "properties": {
        "osm_id": 564537433,
        "building": "apartments",
        "building:levels": "",
        "building:flats": "",
        "addr:housenumber": "",
        "area_m2": 933.76,
        "centroid_lon": 118.599859,
        "centroid_lat": 24.89119395,
        "housenumber_count": 0,
        "flats": 4
      }
    },
    {
      "type": "Feature",
      "geometry": {
        "type": "Polygon",
        "coordinates": [
          [
            [
              118.600599,
              24.8912727
            ],
            [
              118.6009797,
              24.8911102
            ],
            [
              118.600915,
              24.8909856
            ],
            [
              118.6005344,
              24.8911481
            ],
            [
              118.600599,
              24.8912727
            ]
          ]
        ]
      },
      "properties": {
        "osm_id": 564537434,
        "building": "apartments",
        "building:levels": "",
        "building:flats": "",
        "addr:housenumber": "",
        "area_m2": 646.74,
        "centroid_lon": 118.60075702500001,
        "centroid_lat": 24.891129149999998,
        "housenumber_count": 0,
        "flats": 4
      }
    },
    {
      "type": "Feature",
      "geometry": {
        "type": "Polygon",
        "coordinates": [
          [
            [
              118.6004363,
              24.891045
            ],
            [
              118.6008407,
              24.8908789
            ],
            [
              118.6007796,
              24.8907564
            ],
            [
              118.6003752,
              24.8909225
            ],
            [
              118.6004363,
              24.891045
            ]
          ]
        ]
      },
      "properties": {
        "osm_id": 564537435,
        "building": "apartments",
        "building:levels": "",
        "building:flats": "",
        "addr:housenumber": "",
        "area_m2": 666.31,
        "centroid_lon": 118.60060795,
        "centroid_lat": 24.8909007,
        "housenumber_count": 0,
        "flats": 4
      }
    },
    {
      "type": "Feature",
      "geometry": {
        "type": "Polygon",
        "coordinates": [
          [
            [
              118.5998556,
              24.8919169
            ],
            [
              118.601106,
              24.8914561
            ],
            [
              118.6010187,
              24.8912612
            ],
            [
              118.5997683,
              24.891722
            ],
            [
              118.5998556,
              24.8919169
            ]
          ]
        ]
      },
      "properties": {
        "osm_id": 564537436,
        "building": "apartments",
        "building:levels": "",
        "building:flats": "",
        "addr:housenumber": "",
        "area_m2": 3169.6,
        "centroid_lon": 118.60043715,
        "centroid_lat": 24.89158905,
        "housenumber_count": 0,
        "flats": 4
      }
    },
    {
      "type": "Feature",
      "geometry": {
        "type": "Polygon",
        "coordinates": [
          [
            [
              118.5994645,
              24.8911432
            ],
            [
              118.6006138,
              24.8907046
            ],
            [
              118.6005504,
              24.890568
            ],
            [
              118.5994011,
              24.8910066
            ],
            [
              118.5994645,
              24.8911432
            ]
          ]
        ]
      },
      "properties": {
        "osm_id": 564537437,
        "building": "apartments",
        "building:levels": "",
        "building:flats": "",
        "addr:housenumber": "",
        "area_m2": 2062.99,
        "centroid_lon": 118.60000744999999,
        "centroid_lat": 24.8908556,
        "housenumber_count": 0,
        "flats": 4
      }
    },
    {
      "type": "Feature",
      "geometry": {
        "type": "Polygon",
        "coordinates": [
          [
            [
              118.5987675,
              24.8944663
            ],
            [
              118.5989842,
              24.8943331
            ],
            [
              118.5988678,
              24.8940712
            ],
            [
              118.5986483,
              24.8941591
            ],
            [
              118.5987675,
              24.8944663
            ]
          ]
        ]
      },
      "properties": {
        "osm_id": 564540847,
        "building": "detached",
        "building:levels": "",
        "building:flats": "",
        "addr:housenumber": "",
        "area_m2": 838.17,
        "centroid_lon": 118.59881695,
        "centroid_lat": 24.894257425,
        "housenumber_count": 0,
        "flats": 1
      }
    },
    {
      "type": "Feature",
      "geometry": {
        "type": "Polygon",
        "coordinates": [
          [
            [
              118.5986202,
              24.8940805
            ],
            [
              118.5991572,
              24.8939038
            ],
            [
              118.5991061,
              24.893776
            ],
            [
              118.5985691,
              24.8939526
            ],
            [
              118.5986202,
              24.8940805
            ]
          ]
        ]
      },
      "properties": {
        "osm_id": 564540850,
        "building": "apartments",
        "building:levels": "",
        "building:flats": "",
        "addr:housenumber": "",
        "area_m2": 867.19,
        "centroid_lon": 118.59886315,
        "centroid_lat": 24.893928225,
        "housenumber_count": 0,
        "flats": 4
      }
    },
    {
      "type": "Feature",
      "geometry": {
        "type": "Polygon",
        "coordinates": [
          [
            [
              118.5987155,
              24.8936582
            ],
            [
              118.5987619,
              24.8937819
            ],
            [
              118.5985346,
              24.8938521
            ],
            [
              118.5984882,
              24.8937283
            ],
            [
              118.5987155,
              24.8936582
            ]
          ]
        ]
      },
      "properties": {
        "osm_id": 564540851,
        "building": "apartments",
        "building:levels": "",
        "building:flats": "",
        "addr:housenumber": "",
        "area_m2": 350.34,
        "centroid_lon": 118.59862505,
        "centroid_lat": 24.893755125,
        "housenumber_count": 0,
        "flats": 4
      }
    },
    {
      "type": "Feature",
      "geometry": {
        "type": "Polygon",
        "coordinates": [
          [
            [
              118.5988297,
              24.8937611
            ],
            [
              118.5990449,
              24.8936911
            ],
            [
              118.5989986,
              24.893574
            ],
            [
              118.5987834,
              24.8936439
            ],
            [
              118.5988297,
              24.8937611
            ]
          ]
        ]
      },
      "properties": {
        "osm_id": 564540852,
        "building": "apartments",
        "building:levels": "",
        "building:flats": "",
        "addr:housenumber": "",
        "area_m2": 317.59,
        "centroid_lon": 118.59891415,
        "centroid_lat": 24.893667525,
        "housenumber_count": 0,
        "flats": 4
      }
    },
    {
      "type": "Feature",
      "geometry": {
        "type": "Polygon",
        "coordinates": [
          [
            [
              118.5984627,
              24.8936221
            ],
            [
              118.5989219,
              24.8934668
            ],
            [
              118.5988668,
              24.8933328
            ],
            [
              118.5984076,
              24.893488
            ],
            [
              118.5984627,
              24.8936221
            ]
          ]
        ]
      },
      "properties": {
        "osm_id": 564540853,
        "building": "apartments",
        "building:levels": "",
        "building:flats": "",
        "addr:housenumber": "",
        "area_m2": 782.66,
        "centroid_lon": 118.59866475,
        "centroid_lat": 24.893477425,
        "housenumber_count": 0,
        "flats": 4
      }
    },
    {
      "type": "Feature",
      "geometry": {
        "type": "Polygon",
        "coordinates": [
          [
            [
              118.5981755,
              24.892245
            ],
            [
              118.5979674,
              24.8923324
            ],
            [
              118.5977106,
              24.8918292
            ],
            [
              118.5985106,
              24.8914933
            ],
            [
              118.5986005,
              24.8916695
            ],
            [
              118.5980087,
              24.891918
            ],
            [
              118.5981755,
              24.892245
            ]
          ]
        ]
      },
      "properties": {
        "osm_id": 564724256,
        "building": "apartments",
        "building:levels": "",
        "building:flats": "",
        "addr:housenumber": "",
        "area_m2": 2833.32,
        "centroid_lon": 118.59816221666667,
        "centroid_lat": 24.891914566666667,
        "housenumber_count": 0,
        "flats": 4
      }
    },
    {
      "type": "Feature",
      "geometry": {
        "type": "Polygon",
        "coordinates": [
          [
            [
              118.5980911,
              24.8923728
            ],
            [
              118.5988128,
              24.8920717
            ],
            [
              118.5989137,
              24.8922707
            ],
            [
              118.5981921,
              24.8925719
            ],
            [
              118.5980911,
              24.8923728
            ]
          ]
        ]
      },
      "properties": {
        "osm_id": 564724257,
        "building": "apartments",
        "building:levels": "",
        "building:flats": "",
        "addr:housenumber": "",
        "area_m2": 1942.92,
        "centroid_lon": 118.598502425,
        "centroid_lat": 24.892321775,
        "housenumber_count": 0,
        "flats": 4
      }
    },
    {
      "type": "Feature",
      "geometry": {
        "type": "Polygon",
        "coordinates": [
          [
            [
              118.5999558,
              24.8921026
            ],
            [
              118.6001099,
              24.8920378
            ],
            [
              118.6002216,
              24.8922563
            ],
            [
              118.6010937,
              24.8918894
            ],
            [
              118.6011705,
              24.8920395
            ],
            [
              118.6001442,
              24.8924712
            ],
            [
              118.5999558,
              24.8921026
            ]
          ]
        ]
      },
      "properties": {
        "osm_id": 564724258,
        "building": "apartments",
        "building:levels": "",
        "building:flats": "",
        "addr:housenumber": "",
        "area_m2": 2546.03,
        "centroid_lon": 118.60044928333333,
        "centroid_lat": 24.8921328,
        "housenumber_count": 0,
        "flats": 4
      }
    },
    {
      "type": "Feature",
      "geometry": {
        "type": "Polygon",
        "coordinates": [
          [
            [
              118.6001993,
              24.8921292
            ],
            [
              118.6001491,
              24.8920271
            ],
            [
              118.6009954,
              24.8916843
            ],
            [
              118.6010457,
              24.8917865
            ],
            [
              118.6001993,
              24.8921292
            ]
          ]
        ]
      },
      "properties": {
        "osm_id": 564724259,
        "building": "apartments",
        "building:levels": "",
        "building:flats": "",
        "addr:housenumber": "",
        "area_m2": 1157.38,
        "centroid_lon": 118.600597375,
        "centroid_lat": 24.891906775,
        "housenumber_count": 0,
        "flats": 4
      }
    },
    {
      "type": "Feature",
      "geometry": {
        "type": "Polygon",
        "coordinates": [
          [
            [
              118.6012178,
              24.8919796
            ],
            [
              118.6013464,
              24.8919356
            ],
            [
              118.6012022,
              24.8915888
            ],
            [
              118.6010736,
              24.8916328
            ],
            [
              118.6012178,
              24.8919796
            ]
          ]
        ]
      },
      "properties": {
        "osm_id": 564724260,
        "building": "apartments",
        "building:levels": "",
        "building:flats": "",
        "addr:housenumber": "",
        "area_m2": 568.69,
        "centroid_lon": 118.60121000000001,
        "centroid_lat": 24.8917842,
        "housenumber_count": 0,
        "flats": 4
      }
    },
    {
      "type": "Feature",
      "geometry": {
        "type": "Polygon",
        "coordinates": [
          [
            [
              118.5989492,
              24.8934205
            ],
            [
              118.5988791,
              24.893301
            ],
            [
              118.5992901,
              24.8931025
            ],
            [
              118.5993603,
              24.893222
            ],
            [
              118.5989492,
              24.8934205
            ]
          ]
        ]
      },
      "properties": {
        "osm_id": 564724261,
        "building": "apartments",
        "building:levels": "",
        "building:flats": "",
        "addr:housenumber": "",
        "area_m2": 703.79,
        "centroid_lon": 118.599119675,
        "centroid_lat": 24.8932615,
        "housenumber_count": 0,
        "flats": 4
      }
    },
    {
      "type": "Feature",
      "geometry": {
        "type": "Polygon",
        "coordinates": [
          [
            [
              118.5990133,
              24.8935043
            ],
            [
              118.5994277,
              24.8933139
            ],
            [
              118.599508,
              24.8934387
            ],
            [
              118.5990935,
              24.8936292
            ],
            [
              118.5990133,
              24.8935043
            ]
          ]
        ]
      },
      "properties": {
        "osm_id": 564724262,
        "building": "apartments",
        "building:levels": "",
        "building:flats": "",
        "addr:housenumber": "",
        "area_m2": 748.25,
        "centroid_lon": 118.599260625,
        "centroid_lat": 24.893471525,
        "housenumber_count": 0,
        "flats": 4
      }
    },
    {
      "type": "Feature",
      "geometry": {
        "type": "Polygon",
        "coordinates": [
          [
            [
              118.5979367,
              24.8941233
            ],
            [
              118.5983684,
              24.8939933
            ],
            [
              118.5982269,
              24.8936065
            ],
            [
              118.5977952,
              24.8937365
            ],
            [
              118.5979367,
              24.8941233
            ]
          ]
        ]
      },
      "properties": {
        "osm_id": 564724263,
        "building": "apartments",
        "building:levels": "",
        "building:flats": "",
        "addr:housenumber": "",
        "area_m2": 2069.41,
        "centroid_lon": 118.5980818,
        "centroid_lat": 24.8938649,
        "housenumber_count": 0,
        "flats": 4
      }
    },
    {
      "type": "Feature",
      "geometry": {
        "type": "Polygon",
        "coordinates": [
          [
            [
              118.5979686,
              24.8944861
            ],
            [
              118.59805,
              24.8944187
            ],
            [
              118.5980641,
              24.8943192
            ],
            [
              118.5980394,
              24.8942197
            ],
            [
              118.5984145,
              24.8940848
            ],
            [
              118.5984853,
              24.8942421
            ],
            [
              118.5985278,
              24.8943995
            ],
            [
              118.5984924,
              24.8945279
            ],
            [
              118.5984287,
              24.894621
            ],
            [
              118.5983225,
              24.8947141
            ],
            [
              118.5981951,
              24.8947815
            ],
            [
              118.5979686,
              24.8944861
            ]
          ]
        ]
      },
      "properties": {
        "osm_id": 564724264,
        "building": "apartments",
        "building:levels": "",
        "building:flats": "",
        "addr:housenumber": "",
        "area_m2": 2735.44,
        "centroid_lon": 118.59827167272728,
        "centroid_lat": 24.89443769090909,
        "housenumber_count": 0,
        "flats": 4
      }
    },
    {
      "type": "Feature",
      "geometry": {
        "type": "Polygon",
        "coordinates": [
          [
            [
              118.5974809,
              24.8948703
            ],
            [
              118.5973361,
              24.8946524
            ],
            [
              118.5974532,
              24.8945503
            ],
            [
              118.5975518,
              24.8944372
            ],
            [
              118.5975949,
              24.8943226
            ],
            [
              118.5975795,
              24.8941968
            ],
            [
              118.5975056,
              24.8940319
            ],
            [
              118.5977613,
              24.8939229
            ],
            [
              118.5978846,
              24.8943338
            ],
            [
              118.597863,
              24.8944651
            ],
            [
              118.5976935,
              24.8947306
            ],
            [
              118.5974809,
              24.8948703
            ]
          ]
        ]
      },
      "properties": {
        "osm_id": 568606477,
        "building": "apartments",
        "building:levels": "",
        "building:flats": "",
        "addr:housenumber": "",
        "area_m2": 2872.43,
        "centroid_lon": 118.5976094909091,
        "centroid_lat": 24.894410354545457,
        "housenumber_count": 0,
        "flats": 4
      }
    },
    {
      "type": "Feature",
      "geometry": {
        "type": "Polygon",
        "coordinates": [
          [
            [
              118.6002814,
              24.8926427
            ],
            [
              118.6013609,
              24.8921034
            ],
            [
              118.6015237,
              24.8925015
            ],
            [
              118.6005115,
              24.8930184
            ],
            [
              118.6002814,
              24.8926427
            ]
          ]
        ]
      },
      "properties": {
        "osm_id": 568606478,
        "building": "apartments",
        "building:levels": "",
        "building:flats": "",
        "addr:housenumber": "",
        "area_m2": 5675.23,
        "centroid_lon": 118.600919375,
        "centroid_lat": 24.8925665,
        "housenumber_count": 0,
        "flats": 4
      }
    },
    {
      "type": "Feature",
      "geometry": {
        "type": "Polygon",
        "coordinates": [
          [
            [
              118.5735712,
              24.9067112
            ],
            [
              118.5731152,
              24.9065044
            ],
            [
              118.5745818,
              24.9039279
            ],
            [
              118.5754198,
              24.9036205
            ],
            [
              118.5735712,
              24.9067112
            ]
          ]
        ]
      },
      "properties": {
        "osm_id": 587715483,
        "building": "apartments",
        "building:levels": "",
        "building:flats": "",
        "addr:housenumber": "",
        "area_m2": 19535.29,
        "centroid_lon": 118.574172,
        "centroid_lat": 24.905191,
        "housenumber_count": 0,
        "flats": 4
      }
    },
    {
      "type": "Feature",
      "geometry": {
        "type": "Polygon",
        "coordinates": [
          [
            [
              118.5777529,
              24.9116559
            ],
            [
              118.5773053,
              24.9114838
            ],
            [
              118.5769557,
              24.9117051
            ],
            [
              118.5768825,
              24.9116608
            ],
            [
              118.5761677,
              24.9121088
            ],
            [
              118.5764244,
              24.9125262
            ],
            [
              118.5777609,
              24.9117727
            ],
            [
              118.577781,
              24.9117399
            ],
            [
              118.577785,
              24.9116863
            ],
            [
              118.5777529,
              24.9116559
            ]
          ]
        ]
      },
      "properties": {
        "osm_id": 587715495,
        "building": "apartments",
        "building:levels": "",
        "building:flats": "",
        "addr:housenumber": "",
        "area_m2": 8100.32,
        "centroid_lon": 118.5772017111111,
        "centroid_lat": 24.9118155,
        "housenumber_count": 0,
        "flats": 4
      }
    },
    {
      "type": "Feature",
      "geometry": {
        "type": "Polygon",
        "coordinates": [
          [
            [
              118.5750368,
              24.9132316
            ],
            [
              118.5747766,
              24.9128776
            ],
            [
              118.5742969,
              24.9126416
            ],
            [
              118.5734269,
              24.913497
            ],
            [
              118.5730935,
              24.9138363
            ],
            [
              118.5726056,
              24.9139985
            ],
            [
              118.57176,
              24.9139985
            ],
            [
              118.5713454,
              24.9140944
            ],
            [
              118.5709632,
              24.9145073
            ],
            [
              118.5703778,
              24.914994
            ],
            [
              118.570703,
              24.915584
            ],
            [
              118.5717112,
              24.9151268
            ],
            [
              118.5726707,
              24.9147507
            ],
            [
              118.5748091,
              24.913556
            ],
            [
              118.5750368,
              24.9132316
            ]
          ]
        ]
      },
      "properties": {
        "osm_id": 587715499,
        "building": "apartments",
        "building:levels": "",
        "building:flats": "",
        "addr:housenumber": "",
        "area_m2": 45837.23,
        "centroid_lon": 118.57268405,
        "centroid_lat": 24.914049592857143,
        "housenumber_count": 0,
        "flats": 4
      }
    },
    {
      "type": "Feature",
      "geometry": {
        "type": "Polygon",
        "coordinates": [
          [
            [
              118.5706136,
              24.916196
            ],
            [
              118.5707453,
              24.915856
            ],
            [
              118.5731669,
              24.914724
            ],
            [
              118.5752208,
              24.9135556
            ],
            [
              118.5752817,
              24.9136519
            ],
            [
              118.5732155,
              24.9148392
            ],
            [
              118.5712413,
              24.9158378
            ],
            [
              118.5706136,
              24.916196
            ]
          ]
        ]
      },
      "properties": {
        "osm_id": 587715500,
        "building": "apartments",
        "building:levels": "",
        "building:flats": "",
        "addr:housenumber": "",
        "area_m2": 8507.96,
        "centroid_lon": 118.57278358571429,
        "centroid_lat": 24.9149515,
        "housenumber_count": 0,
        "flats": 4
      }
    },
    {
      "type": "Feature",
      "geometry": {
        "type": "Polygon",
        "coordinates": [
          [
            [
              118.5754271,
              24.9135339
            ],
            [
              118.575362,
              24.9134454
            ],
            [
              118.578064,
              24.9119162
            ],
            [
              118.5781015,
              24.9119089
            ],
            [
              118.5781378,
              24.9119187
            ],
            [
              118.5781726,
              24.9119892
            ],
            [
              118.5754271,
              24.9135339
            ]
          ]
        ]
      },
      "properties": {
        "osm_id": 587715502,
        "building": "apartments",
        "building:levels": "",
        "building:flats": "",
        "addr:housenumber": "",
        "area_m2": 3977.48,
        "centroid_lon": 118.57721083333333,
        "centroid_lat": 24.91245205,
        "housenumber_count": 0,
        "flats": 4
      }
    },
    {
      "type": "Feature",
      "geometry": {
        "type": "Polygon",
        "coordinates": [
          [
            [
              118.5801105,
              24.9106505
            ],
            [
              118.5800292,
              24.9105768
            ],
            [
              118.5819806,
              24.9091387
            ],
            [
              118.5821432,
              24.9092199
            ],
            [
              118.5808911,
              24.9100974
            ],
            [
              118.5801105,
              24.9106505
            ]
          ]
        ]
      },
      "properties": {
        "osm_id": 587715504,
        "building": "apartments",
        "building:levels": "",
        "building:flats": "",
        "addr:housenumber": "",
        "area_m2": 3632.79,
        "centroid_lon": 118.58103092000002,
        "centroid_lat": 24.90993666,
        "housenumber_count": 0,
        "flats": 4
      }
    },
    {
      "type": "Feature",
      "geometry": {
        "type": "Polygon",
        "coordinates": [
          [
            [
              118.5822896,
              24.9090871
            ],
            [
              118.5821839,
              24.908947
            ],
            [
              118.5839564,
              24.9077597
            ],
            [
              118.5841109,
              24.9078261
            ],
            [
              118.5837613,
              24.9080252
            ],
            [
              118.5833954,
              24.9083349
            ],
            [
              118.5822896,
              24.9090871
            ]
          ]
        ]
      },
      "properties": {
        "osm_id": 587715505,
        "building": "apartments",
        "building:levels": "",
        "building:flats": "",
        "addr:housenumber": "",
        "area_m2": 3787.67,
        "centroid_lon": 118.58328291666668,
        "centroid_lat": 24.908330000000003,
        "housenumber_count": 0,
        "flats": 4
      }
    },
    {
      "type": "Feature",
      "geometry": {
        "type": "Polygon",
        "coordinates": [
          [
            [
              118.674828,
              24.8794188
            ],
            [
              118.6748605,
              24.8793134
            ],
            [
              118.6751818,
              24.8794144
            ],
            [
              118.6754719,
              24.879583
            ],
            [
              118.6754132,
              24.879667
            ],
            [
              118.6751244,
              24.8795216
            ],
            [
              118.674828,
              24.8794188
            ]
          ]
        ]
      },
      "properties": {
        "osm_id": 808444873,
        "building": "apartments",
        "building:levels": "",
        "building:flats": "",
        "addr:housenumber": "",
        "area_m2": 828.27,
        "centroid_lon": 118.67514663333333,
        "centroid_lat": 24.87948636666667,
        "housenumber_count": 0,
        "flats": 4
      }
    },
    {
      "type": "Feature",
      "geometry": {
        "type": "Polygon",
        "coordinates": [
          [
            [
              118.675896,
              24.8800309
            ],
            [
              118.675968,
              24.8799429
            ],
            [
              118.6760502,
              24.8799983
            ],
            [
              118.6761474,
              24.8798797
            ],
            [
              118.6762647,
              24.8799587
            ],
            [
              118.6761669,
              24.8800782
            ],
            [
              118.6762449,
              24.8801307
            ],
            [
              118.6761736,
              24.8802179
            ],
            [
              118.675896,
              24.8800309
            ]
          ]
        ]
      },
      "properties": {
        "osm_id": 808444874,
        "building": "apartments",
        "building:levels": "",
        "building:flats": "",
        "addr:housenumber": "",
        "area_m2": 662.93,
        "centroid_lon": 118.6761139625,
        "centroid_lat": 24.8800296625,
        "housenumber_count": 0,
        "flats": 4
      }
    },
    {
      "type": "Feature",
      "geometry": {
        "type": "Polygon",
        "coordinates": [
          [
            [
              118.6768222,
              24.8798776
            ],
            [
              118.6768371,
              24.8797689
            ],
            [
              118.6769389,
              24.8797803
            ],
            [
              118.6769587,
              24.8796337
            ],
            [
              118.6771036,
              24.87965
            ],
            [
              118.6770837,
              24.8797974
            ],
            [
              118.6771802,
              24.8798084
            ],
            [
              118.6771652,
              24.8799162
            ],
            [
              118.6768222,
              24.8798776
            ]
          ]
        ]
      },
      "properties": {
        "osm_id": 808444876,
        "building": "apartments",
        "building:levels": "",
        "building:flats": "",
        "addr:housenumber": "",
        "area_m2": 662.76,
        "centroid_lon": 118.6770112,
        "centroid_lat": 24.8797790625,
        "housenumber_count": 0,
        "flats": 4
      }
    },
    {
      "type": "Feature",
      "geometry": {
        "type": "Polygon",
        "coordinates": [
          [
            [
              118.675447,
              24.8796956
            ],
            [
              118.6755189,
              24.8796235
            ],
            [
              118.6758955,
              24.8798874
            ],
            [
              118.6758063,
              24.8799827
            ],
            [
              118.675447,
              24.8796956
            ]
          ]
        ]
      },
      "properties": {
        "osm_id": 808444879,
        "building": "apartments",
        "building:levels": "",
        "building:flats": "",
        "addr:housenumber": "",
        "area_m2": 591.53,
        "centroid_lon": 118.675666925,
        "centroid_lat": 24.8797973,
        "housenumber_count": 0,
        "flats": 4
      }
    },
    {
      "type": "Feature",
      "geometry": {
        "type": "Polygon",
        "coordinates": [
          [
            [
              118.6763646,
              24.880314
            ],
            [
              118.6763985,
              24.8802085
            ],
            [
              118.6764966,
              24.8802346
            ],
            [
              118.6765424,
              24.8800927
            ],
            [
              118.6766827,
              24.8801297
            ],
            [
              118.6766369,
              24.8802727
            ],
            [
              118.6767301,
              24.8802974
            ],
            [
              118.6766966,
              24.8804016
            ],
            [
              118.6763646,
              24.880314
            ]
          ]
        ]
      },
      "properties": {
        "osm_id": 808444880,
        "building": "apartments",
        "building:levels": "",
        "building:flats": "",
        "addr:housenumber": "",
        "area_m2": 663.76,
        "centroid_lon": 118.67656855,
        "centroid_lat": 24.8802439,
        "housenumber_count": 0,
        "flats": 4
      }
    },
    {
      "type": "Feature",
      "geometry": {
        "type": "Polygon",
        "coordinates": [
          [
            [
              118.6764555,
              24.879525
            ],
            [
              118.6765985,
              24.8796088
            ],
            [
              118.6768079,
              24.8796836
            ],
            [
              118.6767409,
              24.8799036
            ],
            [
              118.6765809,
              24.8798601
            ],
            [
              118.6764132,
              24.8797814
            ],
            [
              118.6762955,
              24.879706
            ],
            [
              118.6764555,
              24.879525
            ]
          ]
        ]
      },
      "properties": {
        "osm_id": 808444881,
        "building": "apartments",
        "building:levels": "",
        "building:flats": "",
        "addr:housenumber": "",
        "area_m2": 1167.45,
        "centroid_lon": 118.67655605714286,
        "centroid_lat": 24.87972407142857,
        "housenumber_count": 0,
        "flats": 4
      }
    },
    {
      "type": "Feature",
      "geometry": {
        "type": "Polygon",
        "coordinates": [
          [
            [
              118.6768459,
              24.8803318
            ],
            [
              118.6773416,
              24.880229
            ],
            [
              118.6773795,
              24.8803794
            ],
            [
              118.6768839,
              24.8804823
            ],
            [
              118.6768459,
              24.8803318
            ]
          ]
        ]
      },
      "properties": {
        "osm_id": 808444883,
        "building": "apartments",
        "building:levels": "",
        "building:flats": "",
        "addr:housenumber": "",
        "area_m2": 876.02,
        "centroid_lon": 118.677112725,
        "centroid_lat": 24.880355625,
        "housenumber_count": 0,
        "flats": 4
      }
    },
    {
      "type": "Feature",
      "geometry": {
        "type": "Polygon",
        "coordinates": [
          [
            [
              118.6774302,
              24.8802058
            ],
            [
              118.6782885,
              24.8799671
            ],
            [
              118.6783264,
              24.8800792
            ],
            [
              118.6774681,
              24.880318
            ],
            [
              118.6774302,
              24.8802058
            ]
          ]
        ]
      },
      "properties": {
        "osm_id": 808444884,
        "building": "apartments",
        "building:levels": "",
        "building:flats": "",
        "addr:housenumber": "",
        "area_m2": 1175.57,
        "centroid_lon": 118.6778783,
        "centroid_lat": 24.880142525,
        "housenumber_count": 0,
        "flats": 4
      }
    },
    {
      "type": "Feature",
      "geometry": {
        "type": "Polygon",
        "coordinates": [
          [
            [
              118.6759298,
              24.8792651
            ],
            [
              118.6760785,
              24.8791941
            ],
            [
              118.6759481,
              24.8789825
            ],
            [
              118.6759319,
              24.8787504
            ],
            [
              118.6757698,
              24.8787472
            ],
            [
              118.6758015,
              24.8790228
            ],
            [
              118.6759298,
              24.8792651
            ]
          ]
        ]
      },
      "properties": {
        "osm_id": 808444885,
        "building": "apartments",
        "building:levels": "",
        "building:flats": "",
        "addr:housenumber": "",
        "area_m2": 896.78,
        "centroid_lon": 118.67590993333333,
        "centroid_lat": 24.878993683333334,
        "housenumber_count": 0,
        "flats": 4
      }
    },
    {
      "type": "Feature",
      "geometry": {
        "type": "Polygon",
        "coordinates": [
          [
            [
              118.6759905,
              24.8794001
            ],
            [
              118.6760777,
              24.8793242
            ],
            [
              118.6761483,
              24.8793914
            ],
            [
              118.6762663,
              24.8792895
            ],
            [
              118.6763673,
              24.8793858
            ],
            [
              118.6762487,
              24.8794881
            ],
            [
              118.6763156,
              24.8795519
            ],
            [
              118.6762288,
              24.8796268
            ],
            [
              118.6759905,
              24.8794001
            ]
          ]
        ]
      },
      "properties": {
        "osm_id": 808444886,
        "building": "apartments",
        "building:levels": "",
        "building:flats": "",
        "addr:housenumber": "",
        "area_m2": 663.42,
        "centroid_lon": 118.6762054,
        "centroid_lat": 24.879432225,
        "housenumber_count": 0,
        "flats": 4
      }
    },
    {
      "type": "Feature",
      "geometry": {
        "type": "Polygon",
        "coordinates": [
          [
            [
              118.6767269,
              24.8789379
            ],
            [
              118.675722,
              24.8784823
            ],
            [
              118.6758065,
              24.878329
            ],
            [
              118.6768114,
              24.8787845
            ],
            [
              118.6767269,
              24.8789379
            ]
          ]
        ]
      },
      "properties": {
        "osm_id": 808444887,
        "building": "apartments",
        "building:levels": "",
        "building:flats": "",
        "addr:housenumber": "",
        "area_m2": 2149.99,
        "centroid_lon": 118.6762667,
        "centroid_lat": 24.878633425,
        "housenumber_count": 0,
        "flats": 4
      }
    },
    {
      "type": "Feature",
      "geometry": {
        "type": "Polygon",
        "coordinates": [
          [
            [
              118.6752159,
              24.8792184
            ],
            [
              118.6755313,
              24.8793572
            ],
            [
              118.6756029,
              24.8792234
            ],
            [
              118.6753376,
              24.8791067
            ],
            [
              118.675497,
              24.8788085
            ],
            [
              118.6754103,
              24.8786647
            ],
            [
              118.6752426,
              24.8787479
            ],
            [
              118.6752948,
              24.8788346
            ],
            [
              118.675224,
              24.8788697
            ],
            [
              118.675266,
              24.8789394
            ],
            [
              118.6751669,
              24.8789885
            ],
            [
              118.6752007,
              24.8790445
            ],
            [
              118.6751011,
              24.8790938
            ],
            [
              118.6751595,
              24.8791907
            ],
            [
              118.6752159,
              24.8792184
            ]
          ]
        ]
      },
      "properties": {
        "osm_id": 808444888,
        "building": "apartments",
        "building:levels": "",
        "building:flats": "",
        "addr:housenumber": "",
        "area_m2": 1627.05,
        "centroid_lon": 118.67530361428571,
        "centroid_lat": 24.879006285714286,
        "housenumber_count": 0,
        "flats": 4
      }
    },
    {
      "type": "Feature",
      "geometry": {
        "type": "Polygon",
        "coordinates": [
          [
            [
              118.6785203,
              24.8804082
            ],
            [
              118.6789911,
              24.8802858
            ],
            [
              118.679034,
              24.8804219
            ],
            [
              118.6785632,
              24.8805442
            ],
            [
              118.6785203,
              24.8804082
            ]
          ]
        ]
      },
      "properties": {
        "osm_id": 808592140,
        "building": "apartments",
        "building:levels": "",
        "building:flats": "",
        "addr:housenumber": "",
        "area_m2": 773.63,
        "centroid_lon": 118.67877715,
        "centroid_lat": 24.880415025,
        "housenumber_count": 0,
        "flats": 4
      }
    },
    {
      "type": "Feature",
      "geometry": {
        "type": "Polygon",
        "coordinates": [
          [
            [
              118.6773062,
              24.8797514
            ],
            [
              118.6775621,
              24.8797012
            ],
            [
              118.677795,
              24.8795527
            ],
            [
              118.6778904,
              24.8796759
            ],
            [
              118.6776558,
              24.8798255
            ],
            [
              118.6773431,
              24.8798927
            ],
            [
              118.6773062,
              24.8797514
            ]
          ]
        ]
      },
      "properties": {
        "osm_id": 808592147,
        "building": "apartments",
        "building:levels": "",
        "building:flats": "",
        "addr:housenumber": "",
        "area_m2": 944.49,
        "centroid_lon": 118.67759210000001,
        "centroid_lat": 24.879733233333337,
        "housenumber_count": 0,
        "flats": 4
      }
    },
    {
      "type": "Feature",
      "geometry": {
        "type": "Polygon",
        "coordinates": [
          [
            [
              118.6784195,
              24.8800707
            ],
            [
              118.6786703,
              24.880025
            ],
            [
              118.6789191,
              24.8800305
            ],
            [
              118.6792163,
              24.8801146
            ],
            [
              118.6792838,
              24.8799501
            ],
            [
              118.6786471,
              24.8796576
            ],
            [
              118.6784447,
              24.8797134
            ],
            [
              118.6783631,
              24.8798276
            ],
            [
              118.6784195,
              24.8800707
            ]
          ]
        ]
      },
      "properties": {
        "osm_id": 808592148,
        "building": "apartments",
        "building:levels": "",
        "building:flats": "",
        "addr:housenumber": "",
        "area_m2": 2757.92,
        "centroid_lon": 118.6787454875,
        "centroid_lat": 24.8799236875,
        "housenumber_count": 0,
        "flats": 4
      }
    },
    {
      "type": "Feature",
      "geometry": {
        "type": "Polygon",
        "coordinates": [
          [
            [
              118.6772237,
              24.8789553
            ],
            [
              118.6782515,
              24.8794154
            ],
            [
              118.678148,
              24.8796057
            ],
            [
              118.6771202,
              24.8791457
            ],
            [
              118.6772237,
              24.8789553
            ]
          ]
        ]
      },
      "properties": {
        "osm_id": 808592157,
        "building": "apartments",
        "building:levels": "",
        "building:flats": "",
        "addr:housenumber": "",
        "area_m2": 2715.54,
        "centroid_lon": 118.67768585,
        "centroid_lat": 24.879280525,
        "housenumber_count": 0,
        "flats": 4
      }
    },
    {
      "type": "Feature",
      "geometry": {
        "type": "Polygon",
        "coordinates": [
          [
            [
              118.6787448,
              24.8810494
            ],
            [
              118.6788327,
              24.8810327
            ],
            [
              118.6788012,
              24.8808963
            ],
            [
              118.6789673,
              24.8808647
            ],
            [
              118.6790009,
              24.8810099
            ],
            [
              118.6791271,
              24.8810741
            ],
            [
              118.6790593,
              24.8811837
            ],
            [
              118.678946,
              24.881126
            ],
            [
              118.6787822,
              24.8811684
            ],
            [
              118.6787448,
              24.8810494
            ]
          ]
        ]
      },
      "properties": {
        "osm_id": 808592159,
        "building": "apartments",
        "building:levels": "",
        "building:flats": "",
        "addr:housenumber": "",
        "area_m2": 741.21,
        "centroid_lon": 118.67891794444444,
        "centroid_lat": 24.88104502222222,
        "housenumber_count": 0,
        "flats": 4
      }
    },
    {
      "type": "Feature",
      "geometry": {
        "type": "Polygon",
        "coordinates": [
          [
            [
              118.6776229,
              24.8807277
            ],
            [
              118.6777881,
              24.8806914
            ],
            [
              118.6778265,
              24.8808352
            ],
            [
              118.6779248,
              24.8808136
            ],
            [
              118.6779545,
              24.880925
            ],
            [
              118.6777699,
              24.8809655
            ],
            [
              118.6777271,
              24.8810503
            ],
            [
              118.6776245,
              24.8810077
            ],
            [
              118.6776855,
              24.8808869
            ],
            [
              118.6776229,
              24.8807277
            ]
          ]
        ]
      },
      "properties": {
        "osm_id": 808592160,
        "building": "apartments",
        "building:levels": "",
        "building:flats": "",
        "addr:housenumber": "",
        "area_m2": 698.52,
        "centroid_lon": 118.6777693111111,
        "centroid_lat": 24.880878144444445,
        "housenumber_count": 0,
        "flats": 4
      }
    },
    {
      "type": "Feature",
      "geometry": {
        "type": "Polygon",
        "coordinates": [
          [
            [
              118.6782414,
              24.8810239
            ],
            [
              118.6784066,
              24.8809876
            ],
            [
              118.678445,
              24.8811314
            ],
            [
              118.6785433,
              24.8811098
            ],
            [
              118.678573,
              24.8812212
            ],
            [
              118.6783884,
              24.8812617
            ],
            [
              118.6783456,
              24.8813465
            ],
            [
              118.678243,
              24.8813039
            ],
            [
              118.678304,
              24.8811831
            ],
            [
              118.6782414,
              24.8810239
            ]
          ]
        ]
      },
      "properties": {
        "osm_id": 808592163,
        "building": "apartments",
        "building:levels": "",
        "building:flats": "",
        "addr:housenumber": "",
        "area_m2": 698.52,
        "centroid_lon": 118.67838781111111,
        "centroid_lat": 24.881174344444446,
        "housenumber_count": 0,
        "flats": 4
      }
    },
    {
      "type": "Feature",
      "geometry": {
        "type": "Polygon",
        "coordinates": [
          [
            [
              118.6779007,
              24.8805741
            ],
            [
              118.6783715,
              24.8804517
            ],
            [
              118.6784144,
              24.8805878
            ],
            [
              118.6779436,
              24.8807101
            ],
            [
              118.6779007,
              24.8805741
            ]
          ]
        ]
      },
      "properties": {
        "osm_id": 808592164,
        "building": "apartments",
        "building:levels": "",
        "building:flats": "",
        "addr:housenumber": "",
        "area_m2": 773.63,
        "centroid_lon": 118.67815755,
        "centroid_lat": 24.880580925,
        "housenumber_count": 0,
        "flats": 4
      }
    },
    {
      "type": "Feature",
      "geometry": {
        "type": "Polygon",
        "coordinates": [
          [
            [
              118.6791055,
              24.8804837
            ],
            [
              118.6791934,
              24.880467
            ],
            [
              118.6791619,
              24.8803306
            ],
            [
              118.679328,
              24.880299
            ],
            [
              118.6793616,
              24.8804442
            ],
            [
              118.6794878,
              24.8805084
            ],
            [
              118.67942,
              24.880618
            ],
            [
              118.6793067,
              24.8805603
            ],
            [
              118.6791429,
              24.8806027
            ],
            [
              118.6791055,
              24.8804837
            ]
          ]
        ]
      },
      "properties": {
        "osm_id": 808592169,
        "building": "apartments",
        "building:levels": "",
        "building:flats": "",
        "addr:housenumber": "",
        "area_m2": 741.21,
        "centroid_lon": 118.67927864444444,
        "centroid_lat": 24.88047932222222,
        "housenumber_count": 0,
        "flats": 4
      }
    },
    {
      "type": "Feature",
      "geometry": {
        "type": "Polygon",
        "coordinates": [
          [
            [
              118.6776759,
              24.8728729
            ],
            [
              118.6780017,
              24.8730261
            ],
            [
              118.6780599,
              24.8729256
            ],
            [
              118.6779636,
              24.8728798
            ],
            [
              118.6780271,
              24.8727701
            ],
            [
              118.6778898,
              24.8727048
            ],
            [
              118.6778192,
              24.872827
            ],
            [
              118.6777278,
              24.8727834
            ],
            [
              118.6776759,
              24.8728729
            ]
          ]
        ]
      },
      "properties": {
        "osm_id": 808625428,
        "building": "apartments",
        "building:levels": "",
        "building:flats": "",
        "addr:housenumber": "",
        "area_m2": 666.39,
        "centroid_lon": 118.67789562499999,
        "centroid_lat": 24.8728487125,
        "housenumber_count": 0,
        "flats": 4
      }
    },
    {
      "type": "Feature",
      "geometry": {
        "type": "Polygon",
        "coordinates": [
          [
            [
              118.6785853,
              24.8728078
            ],
            [
              118.6787448,
              24.8728663
            ],
            [
              118.6788958,
              24.872975
            ],
            [
              118.6789843,
              24.8728834
            ],
            [
              118.678879,
              24.8728044
            ],
            [
              118.678942,
              24.8727162
            ],
            [
              118.6788309,
              24.8726521
            ],
            [
              118.6787672,
              24.8727445
            ],
            [
              118.6786353,
              24.8726967
            ],
            [
              118.6785853,
              24.8728078
            ]
          ]
        ]
      },
      "properties": {
        "osm_id": 808625430,
        "building": "apartments",
        "building:levels": "",
        "building:flats": "",
        "addr:housenumber": "",
        "area_m2": 677.03,
        "centroid_lon": 118.67880717777777,
        "centroid_lat": 24.872794044444444,
        "housenumber_count": 0,
        "flats": 4
      }
    },
    {
      "type": "Feature",
      "geometry": {
        "type": "Polygon",
        "coordinates": [
          [
            [
              118.6781802,
              24.8731015
            ],
            [
              118.678506,
              24.8732547
            ],
            [
              118.6785642,
              24.8731542
            ],
            [
              118.6784679,
              24.8731084
            ],
            [
              118.6785314,
              24.8729987
            ],
            [
              118.6783941,
              24.8729334
            ],
            [
              118.6783235,
              24.8730556
            ],
            [
              118.6782321,
              24.873012
            ],
            [
              118.6781802,
              24.8731015
            ]
          ]
        ]
      },
      "properties": {
        "osm_id": 808625431,
        "building": "apartments",
        "building:levels": "",
        "building:flats": "",
        "addr:housenumber": "",
        "area_m2": 666.39,
        "centroid_lon": 118.67839992500001,
        "centroid_lat": 24.8730773125,
        "housenumber_count": 0,
        "flats": 4
      }
    },
    {
      "type": "Feature",
      "geometry": {
        "type": "Polygon",
        "coordinates": [
          [
            [
              118.6780549,
              24.8763485
            ],
            [
              118.6785394,
              24.8765433
            ],
            [
              118.6787155,
              24.8761831
            ],
            [
              118.678231,
              24.8759882
            ],
            [
              118.6780549,
              24.8763485
            ]
          ]
        ]
      },
      "properties": {
        "osm_id": 808625434,
        "building": "apartments",
        "building:levels": "",
        "building:flats": "",
        "addr:housenumber": "",
        "area_m2": 2331.5,
        "centroid_lon": 118.67838520000001,
        "centroid_lat": 24.876265775,
        "housenumber_count": 0,
        "flats": 4
      }
    },
    {
      "type": "Feature",
      "geometry": {
        "type": "Polygon",
        "coordinates": [
          [
            [
              118.6784935,
              24.8754533
            ],
            [
              118.6786974,
              24.8750854
            ],
            [
              118.6791096,
              24.8752734
            ],
            [
              118.6789057,
              24.8756413
            ],
            [
              118.6784935,
              24.8754533
            ]
          ]
        ]
      },
      "properties": {
        "osm_id": 808625435,
        "building": "apartments",
        "building:levels": "",
        "building:flats": "",
        "addr:housenumber": "",
        "area_m2": 2120.82,
        "centroid_lon": 118.67880155,
        "centroid_lat": 24.87536335,
        "housenumber_count": 0,
        "flats": 4
      }
    },
    {
      "type": "Feature",
      "geometry": {
        "type": "Polygon",
        "coordinates": [
          [
            [
              118.6775877,
              24.8723343
            ],
            [
              118.6777472,
              24.8723928
            ],
            [
              118.6778982,
              24.8725015
            ],
            [
              118.6779867,
              24.8724099
            ],
            [
              118.6778814,
              24.8723309
            ],
            [
              118.6779444,
              24.8722427
            ],
            [
              118.6778333,
              24.8721786
            ],
            [
              118.6777696,
              24.872271
            ],
            [
              118.6776377,
              24.8722232
            ],
            [
              118.6775877,
              24.8723343
            ]
          ]
        ]
      },
      "properties": {
        "osm_id": 808625437,
        "building": "apartments",
        "building:levels": "",
        "building:flats": "",
        "addr:housenumber": "",
        "area_m2": 677.03,
        "centroid_lon": 118.67780957777778,
        "centroid_lat": 24.872320544444445,
        "housenumber_count": 0,
        "flats": 4
      }
    },
    {
      "type": "Feature",
      "geometry": {
        "type": "Polygon",
        "coordinates": [
          [
            [
              118.6780263,
              24.8720289
            ],
            [
              118.6781858,
              24.8720874
            ],
            [
              118.6783368,
              24.8721961
            ],
            [
              118.6784253,
              24.8721045
            ],
            [
              118.67832,
              24.8720255
            ],
            [
              118.678383,
              24.8719373
            ],
            [
              118.6782719,
              24.8718732
            ],
            [
              118.6782082,
              24.8719656
            ],
            [
              118.6780763,
              24.8719178
            ],
            [
              118.6780263,
              24.8720289
            ]
          ]
        ]
      },
      "properties": {
        "osm_id": 808625438,
        "building": "apartments",
        "building:levels": "",
        "building:flats": "",
        "addr:housenumber": "",
        "area_m2": 677.03,
        "centroid_lon": 118.67824817777779,
        "centroid_lat": 24.872015144444443,
        "housenumber_count": 0,
        "flats": 4
      }
    },
    {
      "type": "Feature",
      "geometry": {
        "type": "Polygon",
        "coordinates": [
          [
            [
              118.6791449,
              24.8756959
            ],
            [
              118.6793537,
              24.8753827
            ],
            [
              118.6796925,
              24.8755687
            ],
            [
              118.6794837,
              24.8758818
            ],
            [
              118.6791449,
              24.8756959
            ]
          ]
        ]
      },
      "properties": {
        "osm_id": 808625439,
        "building": "apartments",
        "building:levels": "",
        "building:flats": "",
        "addr:housenumber": "",
        "area_m2": 1617.8,
        "centroid_lon": 118.6794187,
        "centroid_lat": 24.875632275,
        "housenumber_count": 0,
        "flats": 4
      }
    },
    {
      "type": "Feature",
      "geometry": {
        "type": "Polygon",
        "coordinates": [
          [
            [
              118.6785567,
              24.8723106
            ],
            [
              118.6787162,
              24.8723691
            ],
            [
              118.6788672,
              24.8724778
            ],
            [
              118.6789557,
              24.8723862
            ],
            [
              118.6788504,
              24.8723072
            ],
            [
              118.6789134,
              24.872219
            ],
            [
              118.6788023,
              24.8721549
            ],
            [
              118.6787386,
              24.8722473
            ],
            [
              118.6786067,
              24.8721995
            ],
            [
              118.6785567,
              24.8723106
            ]
          ]
        ]
      },
      "properties": {
        "osm_id": 808625442,
        "building": "apartments",
        "building:levels": "",
        "building:flats": "",
        "addr:housenumber": "",
        "area_m2": 677.03,
        "centroid_lon": 118.67877857777778,
        "centroid_lat": 24.872296844444445,
        "housenumber_count": 0,
        "flats": 4
      }
    },
    {
      "type": "Feature",
      "geometry": {
        "type": "Polygon",
        "coordinates": [
          [
            [
              118.6742331,
              24.8642636
            ],
            [
              118.6745659,
              24.8644495
            ],
            [
              118.6744779,
              24.8645793
            ],
            [
              118.674145,
              24.8643934
            ],
            [
              118.6742331,
              24.8642636
            ]
          ]
        ]
      },
      "properties": {
        "osm_id": 808631745,
        "building": "apartments",
        "building:levels": "",
        "building:flats": "",
        "addr:housenumber": "",
        "area_m2": 665.02,
        "centroid_lon": 118.674355475,
        "centroid_lat": 24.864421450000002,
        "housenumber_count": 0,
        "flats": 4
      }
    },
    {
      "type": "Feature",
      "geometry": {
        "type": "Polygon",
        "coordinates": [
          [
            [
              118.678214,
              24.8713963
            ],
            [
              118.6783735,
              24.8714548
            ],
            [
              118.6785245,
              24.8715635
            ],
            [
              118.678613,
              24.8714719
            ],
            [
              118.6785077,
              24.8713929
            ],
            [
              118.6785707,
              24.8713047
            ],
            [
              118.6784596,
              24.8712406
            ],
            [
              118.6783959,
              24.871333
            ],
            [
              118.678264,
              24.8712852
            ],
            [
              118.678214,
              24.8713963
            ]
          ]
        ]
      },
      "properties": {
        "osm_id": 808631746,
        "building": "apartments",
        "building:levels": "",
        "building:flats": "",
        "addr:housenumber": "",
        "area_m2": 677.03,
        "centroid_lon": 118.67843587777777,
        "centroid_lat": 24.871382544444444,
        "housenumber_count": 0,
        "flats": 4
      }
    },
    {
      "type": "Feature",
      "geometry": {
        "type": "Polygon",
        "coordinates": [
          [
            [
              118.6740994,
              24.8654965
            ],
            [
              118.6743847,
              24.8656501
            ],
            [
              118.6743003,
              24.865779
            ],
            [
              118.6740151,
              24.8656254
            ],
            [
              118.6740994,
              24.8654965
            ]
          ]
        ]
      },
      "properties": {
        "osm_id": 808631747,
        "building": "apartments",
        "building:levels": "",
        "building:flats": "",
        "addr:housenumber": "",
        "area_m2": 555.09,
        "centroid_lon": 118.674199875,
        "centroid_lat": 24.865637749999998,
        "housenumber_count": 0,
        "flats": 4
      }
    },
    {
      "type": "Feature",
      "geometry": {
        "type": "Polygon",
        "coordinates": [
          [
            [
              118.673407,
              24.8657912
            ],
            [
              118.6736469,
              24.8659202
            ],
            [
              118.6735628,
              24.866049
            ],
            [
              118.6733229,
              24.86592
            ],
            [
              118.673407,
              24.8657912
            ]
          ]
        ]
      },
      "properties": {
        "osm_id": 808631749,
        "building": "apartments",
        "building:levels": "",
        "building:flats": "",
        "addr:housenumber": "",
        "area_m2": 466.04,
        "centroid_lon": 118.6734849,
        "centroid_lat": 24.8659201,
        "housenumber_count": 0,
        "flats": 4
      }
    },
    {
      "type": "Feature",
      "geometry": {
        "type": "Polygon",
        "coordinates": [
          [
            [
              118.6789336,
              24.871795
            ],
            [
              118.6790931,
              24.8718535
            ],
            [
              118.6792441,
              24.8719622
            ],
            [
              118.6793326,
              24.8718706
            ],
            [
              118.6792273,
              24.8717916
            ],
            [
              118.6792903,
              24.8717034
            ],
            [
              118.6791792,
              24.8716393
            ],
            [
              118.6791155,
              24.8717317
            ],
            [
              118.6789836,
              24.8716839
            ],
            [
              118.6789336,
              24.871795
            ]
          ]
        ]
      },
      "properties": {
        "osm_id": 808631750,
        "building": "apartments",
        "building:levels": "",
        "building:flats": "",
        "addr:housenumber": "",
        "area_m2": 677.03,
        "centroid_lon": 118.67915547777777,
        "centroid_lat": 24.871781244444445,
        "housenumber_count": 0,
        "flats": 4
      }
    },
    {
      "type": "Feature",
      "geometry": {
        "type": "Polygon",
        "coordinates": [
          [
            [
              118.6763384,
              24.8616787
            ],
            [
              118.6766602,
              24.8618525
            ],
            [
              118.6765478,
              24.8620239
            ],
            [
              118.676226,
              24.8618501
            ],
            [
              118.6763384,
              24.8616787
            ]
          ]
        ]
      },
      "properties": {
        "osm_id": 808631752,
        "building": "apartments",
        "building:levels": "",
        "building:flats": "",
        "addr:housenumber": "",
        "area_m2": 833.8,
        "centroid_lon": 118.6764431,
        "centroid_lat": 24.8618513,
        "housenumber_count": 0,
        "flats": 4
      }
    },
    {
      "type": "Feature",
      "geometry": {
        "type": "Polygon",
        "coordinates": [
          [
            [
              118.6756926,
              24.8617995
            ],
            [
              118.6760859,
              24.8619889
            ],
            [
              118.676019,
              24.8621033
            ],
            [
              118.6756257,
              24.8619139
            ],
            [
              118.6756926,
              24.8617995
            ]
          ]
        ]
      },
      "properties": {
        "osm_id": 808631753,
        "building": "apartments",
        "building:levels": "",
        "building:flats": "",
        "addr:housenumber": "",
        "area_m2": 643.72,
        "centroid_lon": 118.6758558,
        "centroid_lat": 24.861951400000002,
        "housenumber_count": 0,
        "flats": 4
      }
    },
    {
      "type": "Feature",
      "geometry": {
        "type": "Polygon",
        "coordinates": [
          [
            [
              118.6785275,
              24.8709333
            ],
            [
              118.678687,
              24.8709918
            ],
            [
              118.678838,
              24.8711005
            ],
            [
              118.6789265,
              24.8710089
            ],
            [
              118.6788212,
              24.8709299
            ],
            [
              118.6788842,
              24.8708417
            ],
            [
              118.6787731,
              24.8707776
            ],
            [
              118.6787094,
              24.87087
            ],
            [
              118.6785775,
              24.8708222
            ],
            [
              118.6785275,
              24.8709333
            ]
          ]
        ]
      },
      "properties": {
        "osm_id": 808631754,
        "building": "apartments",
        "building:levels": "",
        "building:flats": "",
        "addr:housenumber": "",
        "area_m2": 677.03,
        "centroid_lon": 118.67874937777778,
        "centroid_lat": 24.870919544444444,
        "housenumber_count": 0,
        "flats": 4
      }
    },
    {
      "type": "Feature",
      "geometry": {
        "type": "Polygon",
        "coordinates": [
          [
            [
              118.6747365,
              24.8655382
            ],
            [
              118.6750397,
              24.865678
            ],
            [
              118.6752126,
              24.8653694
            ],
            [
              118.6749093,
              24.8652296
            ],
            [
              118.6747365,
              24.8655382
            ]
          ]
        ]
      },
      "properties": {
        "osm_id": 808631757,
        "building": "apartments",
        "building:levels": "",
        "building:flats": "",
        "addr:housenumber": "",
        "area_m2": 1314.45,
        "centroid_lon": 118.674974525,
        "centroid_lat": 24.865453799999997,
        "housenumber_count": 0,
        "flats": 4
      }
    },
    {
      "type": "Feature",
      "geometry": {
        "type": "Polygon",
        "coordinates": [
          [
            [
              118.6747106,
              24.8645319
            ],
            [
              118.6750434,
              24.8647178
            ],
            [
              118.6749554,
              24.8648476
            ],
            [
              118.6746225,
              24.8646617
            ],
            [
              118.6747106,
              24.8645319
            ]
          ]
        ]
      },
      "properties": {
        "osm_id": 808631759,
        "building": "apartments",
        "building:levels": "",
        "building:flats": "",
        "addr:housenumber": "",
        "area_m2": 665.02,
        "centroid_lon": 118.674832975,
        "centroid_lat": 24.86468975,
        "housenumber_count": 0,
        "flats": 4
      }
    },
    {
      "type": "Feature",
      "geometry": {
        "type": "Polygon",
        "coordinates": [
          [
            [
              118.6736978,
              24.8653026
            ],
            [
              118.6739377,
              24.8654316
            ],
            [
              118.6738536,
              24.8655604
            ],
            [
              118.6736137,
              24.8654314
            ],
            [
              118.6736978,
              24.8653026
            ]
          ]
        ]
      },
      "properties": {
        "osm_id": 808631760,
        "building": "apartments",
        "building:levels": "",
        "building:flats": "",
        "addr:housenumber": "",
        "area_m2": 466.04,
        "centroid_lon": 118.6737757,
        "centroid_lat": 24.8654315,
        "housenumber_count": 0,
        "flats": 4
      }
    },
    {
      "type": "Feature",
      "geometry": {
        "type": "Polygon",
        "coordinates": [
          [
            [
              118.6739448,
              24.8648235
            ],
            [
              118.6742776,
              24.8650094
            ],
            [
              118.6741896,
              24.8651392
            ],
            [
              118.6738567,
              24.8649533
            ],
            [
              118.6739448,
              24.8648235
            ]
          ]
        ]
      },
      "properties": {
        "osm_id": 808631761,
        "building": "apartments",
        "building:levels": "",
        "building:flats": "",
        "addr:housenumber": "",
        "area_m2": 665.02,
        "centroid_lon": 118.674067175,
        "centroid_lat": 24.86498135,
        "housenumber_count": 0,
        "flats": 4
      }
    },
    {
      "type": "Feature",
      "geometry": {
        "type": "Polygon",
        "coordinates": [
          [
            [
              118.6794396,
              24.8708563
            ],
            [
              118.6795991,
              24.8709148
            ],
            [
              118.6797501,
              24.8710235
            ],
            [
              118.6798386,
              24.8709319
            ],
            [
              118.6797333,
              24.8708529
            ],
            [
              118.6797963,
              24.8707647
            ],
            [
              118.6796852,
              24.8707006
            ],
            [
              118.6796215,
              24.870793
            ],
            [
              118.6794896,
              24.8707452
            ],
            [
              118.6794396,
              24.8708563
            ]
          ]
        ]
      },
      "properties": {
        "osm_id": 808631763,
        "building": "apartments",
        "building:levels": "",
        "building:flats": "",
        "addr:housenumber": "",
        "area_m2": 677.03,
        "centroid_lon": 118.67966147777777,
        "centroid_lat": 24.870842544444443,
        "housenumber_count": 0,
        "flats": 4
      }
    },
    {
      "type": "Feature",
      "geometry": {
        "type": "Polygon",
        "coordinates": [
          [
            [
              118.6764991,
              24.8622173
            ],
            [
              118.6767785,
              24.8623701
            ],
            [
              118.6766822,
              24.862515
            ],
            [
              118.6764028,
              24.8623622
            ],
            [
              118.6764991,
              24.8622173
            ]
          ]
        ]
      },
      "properties": {
        "osm_id": 808631764,
        "building": "apartments",
        "building:levels": "",
        "building:flats": "",
        "addr:housenumber": "",
        "area_m2": 616.21,
        "centroid_lon": 118.67659065000001,
        "centroid_lat": 24.86236615,
        "housenumber_count": 0,
        "flats": 4
      }
    },
    {
      "type": "Feature",
      "geometry": {
        "type": "Polygon",
        "coordinates": [
          [
            [
              118.6758004,
              24.8631435
            ],
            [
              118.6762622,
              24.8634128
            ],
            [
              118.676187,
              24.8635189
            ],
            [
              118.6757253,
              24.8632495
            ],
            [
              118.6758004,
              24.8631435
            ]
          ]
        ]
      },
      "properties": {
        "osm_id": 808631765,
        "building": "apartments",
        "building:levels": "",
        "building:flats": "",
        "addr:housenumber": "",
        "area_m2": 772.61,
        "centroid_lon": 118.675993725,
        "centroid_lat": 24.863331175,
        "housenumber_count": 0,
        "flats": 4
      }
    },
    {
      "type": "Feature",
      "geometry": {
        "type": "Polygon",
        "coordinates": [
          [
            [
              118.675724,
              24.862465
            ],
            [
              118.6761858,
              24.8627343
            ],
            [
              118.6761106,
              24.8628404
            ],
            [
              118.6756489,
              24.862571
            ],
            [
              118.675724,
              24.862465
            ]
          ]
        ]
      },
      "properties": {
        "osm_id": 808631766,
        "building": "apartments",
        "building:levels": "",
        "building:flats": "",
        "addr:housenumber": "",
        "area_m2": 772.61,
        "centroid_lon": 118.675917325,
        "centroid_lat": 24.862652675,
        "housenumber_count": 0,
        "flats": 4
      }
    },
    {
      "type": "Feature",
      "geometry": {
        "type": "Polygon",
        "coordinates": [
          [
            [
              118.6743781,
              24.8661216
            ],
            [
              118.6746813,
              24.8662614
            ],
            [
              118.6748542,
              24.8659528
            ],
            [
              118.6745509,
              24.865813
            ],
            [
              118.6743781,
              24.8661216
            ]
          ]
        ]
      },
      "properties": {
        "osm_id": 808631768,
        "building": "apartments",
        "building:levels": "",
        "building:flats": "",
        "addr:housenumber": "",
        "area_m2": 1314.45,
        "centroid_lon": 118.674616125,
        "centroid_lat": 24.8660372,
        "housenumber_count": 0,
        "flats": 4
      }
    },
    {
      "type": "Feature",
      "geometry": {
        "type": "Polygon",
        "coordinates": [
          [
            [
              118.6789324,
              24.8706091
            ],
            [
              118.6790919,
              24.8706676
            ],
            [
              118.6792429,
              24.8707763
            ],
            [
              118.6793314,
              24.8706847
            ],
            [
              118.6792261,
              24.8706057
            ],
            [
              118.6792891,
              24.8705175
            ],
            [
              118.679178,
              24.8704534
            ],
            [
              118.6791143,
              24.8705458
            ],
            [
              118.6789824,
              24.870498
            ],
            [
              118.6789324,
              24.8706091
            ]
          ]
        ]
      },
      "properties": {
        "osm_id": 808631770,
        "building": "apartments",
        "building:levels": "",
        "building:flats": "",
        "addr:housenumber": "",
        "area_m2": 677.03,
        "centroid_lon": 118.67915427777777,
        "centroid_lat": 24.870595344444446,
        "housenumber_count": 0,
        "flats": 4
      }
    },
    {
      "type": "Feature",
      "geometry": {
        "type": "Polygon",
        "coordinates": [
          [
            [
              118.6792961,
              24.8713683
            ],
            [
              118.6794556,
              24.8714268
            ],
            [
              118.6796066,
              24.8715355
            ],
            [
              118.6796951,
              24.8714439
            ],
            [
              118.6795898,
              24.8713649
            ],
            [
              118.6796528,
              24.8712767
            ],
            [
              118.6795417,
              24.8712126
            ],
            [
              118.679478,
              24.871305
            ],
            [
              118.6793461,
              24.8712572
            ],
            [
              118.6792961,
              24.8713683
            ]
          ]
        ]
      },
      "properties": {
        "osm_id": 808631771,
        "building": "apartments",
        "building:levels": "",
        "building:flats": "",
        "addr:housenumber": "",
        "area_m2": 677.03,
        "centroid_lon": 118.67951797777778,
        "centroid_lat": 24.871354544444443,
        "housenumber_count": 0,
        "flats": 4
      }
    },
    {
      "type": "Feature",
      "geometry": {
        "type": "Polygon",
        "coordinates": [
          [
            [
              118.675126,
              24.8627849
            ],
            [
              118.6755878,
              24.8630542
            ],
            [
              118.6755126,
              24.8631603
            ],
            [
              118.6750509,
              24.8628909
            ],
            [
              118.675126,
              24.8627849
            ]
          ]
        ]
      },
      "properties": {
        "osm_id": 808631772,
        "building": "apartments",
        "building:levels": "",
        "building:flats": "",
        "addr:housenumber": "",
        "area_m2": 772.61,
        "centroid_lon": 118.675319325,
        "centroid_lat": 24.862972575,
        "housenumber_count": 0,
        "flats": 4
      }
    },
    {
      "type": "Feature",
      "geometry": {
        "type": "Polygon",
        "coordinates": [
          [
            [
              118.6744259,
              24.865069
            ],
            [
              118.6747112,
              24.8652226
            ],
            [
              118.6746268,
              24.8653515
            ],
            [
              118.6743416,
              24.8651979
            ],
            [
              118.6744259,
              24.865069
            ]
          ]
        ]
      },
      "properties": {
        "osm_id": 808631773,
        "building": "apartments",
        "building:levels": "",
        "building:flats": "",
        "addr:housenumber": "",
        "area_m2": 555.09,
        "centroid_lon": 118.674526375,
        "centroid_lat": 24.865210249999997,
        "housenumber_count": 0,
        "flats": 4
      }
    },
    {
      "type": "Feature",
      "geometry": {
        "type": "Polygon",
        "coordinates": [
          [
            [
              118.6758577,
              24.8613074
            ],
            [
              118.6761371,
              24.8614602
            ],
            [
              118.6760408,
              24.8616051
            ],
            [
              118.6757614,
              24.8614523
            ],
            [
              118.6758577,
              24.8613074
            ]
          ]
        ]
      },
      "properties": {
        "osm_id": 808631775,
        "building": "apartments",
        "building:levels": "",
        "building:flats": "",
        "addr:housenumber": "",
        "area_m2": 616.21,
        "centroid_lon": 118.67594925,
        "centroid_lat": 24.86145625,
        "housenumber_count": 0,
        "flats": 4
      }
    },
    {
      "type": "Feature",
      "geometry": {
        "type": "Polygon",
        "coordinates": [
          [
            [
              118.6738036,
              24.8659958
            ],
            [
              118.6741364,
              24.8661817
            ],
            [
              118.6740484,
              24.8663115
            ],
            [
              118.6737155,
              24.8661256
            ],
            [
              118.6738036,
              24.8659958
            ]
          ]
        ]
      },
      "properties": {
        "osm_id": 808631776,
        "building": "apartments",
        "building:levels": "",
        "building:flats": "",
        "addr:housenumber": "",
        "area_m2": 665.02,
        "centroid_lon": 118.673925975,
        "centroid_lat": 24.86615365,
        "housenumber_count": 0,
        "flats": 4
      }
    },
    {
      "type": "Feature",
      "geometry": {
        "type": "Polygon",
        "coordinates": [
          [
            [
              118.6762498,
              24.8629168
            ],
            [
              118.6764894,
              24.8630552
            ],
            [
              118.6765893,
              24.8629129
            ],
            [
              118.6763498,
              24.8627744
            ],
            [
              118.6762498,
              24.8629168
            ]
          ]
        ]
      },
      "properties": {
        "osm_id": 808631777,
        "building": "apartments",
        "building:levels": "",
        "building:flats": "",
        "addr:housenumber": "",
        "area_m2": 535.14,
        "centroid_lon": 118.676419575,
        "centroid_lat": 24.862914825,
        "housenumber_count": 0,
        "flats": 4
      }
    },
    {
      "type": "Feature",
      "geometry": {
        "type": "Polygon",
        "coordinates": [
          [
            [
              118.5791684,
              24.9111723
            ],
            [
              118.5798666,
              24.9106948
            ],
            [
              118.5799804,
              24.9107833
            ],
            [
              118.5792287,
              24.9112569
            ],
            [
              118.5791684,
              24.9111723
            ]
          ]
        ]
      },
      "properties": {
        "osm_id": 905662256,
        "building": "apartments",
        "building:levels": "",
        "building:flats": "",
        "addr:housenumber": "",
        "area_m2": 1162.55,
        "centroid_lon": 118.579561025,
        "centroid_lat": 24.910976825,
        "housenumber_count": 0,
        "flats": 4
      }
    },
    {
      "type": "Feature",
      "geometry": {
        "type": "Polygon",
        "coordinates": [
          [
            [
              118.5791844,
              24.9112849
            ],
            [
              118.5785535,
              24.9117168
            ],
            [
              118.5784905,
              24.9116365
            ],
            [
              118.5791267,
              24.9112009
            ],
            [
              118.5791844,
              24.9112849
            ]
          ]
        ]
      },
      "properties": {
        "osm_id": 905662257,
        "building": "apartments",
        "building:levels": "",
        "building:flats": "",
        "addr:housenumber": "",
        "area_m2": 873.22,
        "centroid_lon": 118.57883877500001,
        "centroid_lat": 24.911459775,
        "housenumber_count": 0,
        "flats": 4
      }
    },
    {
      "type": "Feature",
      "geometry": {
        "type": "Polygon",
        "coordinates": [
          [
            [
              118.5878933,
              24.9224901
            ],
            [
              118.5879386,
              24.9221443
            ],
            [
              118.5884532,
              24.9221997
            ],
            [
              118.5884236,
              24.9224261
            ],
            [
              118.5883039,
              24.9224132
            ],
            [
              118.588319,
              24.9222984
            ],
            [
              118.5880409,
              24.9222683
            ],
            [
              118.5880292,
              24.9223573
            ],
            [
              118.5882635,
              24.9223826
            ],
            [
              118.5882444,
              24.9225279
            ],
            [
              118.5878933,
              24.9224901
            ]
          ]
        ]
      },
      "properties": {
        "osm_id": 1186362621,
        "building": "residential",
        "building:levels": "",
        "building:flats": "",
        "addr:housenumber": "",
        "area_m2": 1500.64,
        "centroid_lon": 118.58819095999999,
        "centroid_lat": 24.92235079,
        "housenumber_count": 0,
        "flats": 4
      }
    },
    {
      "type": "Feature",
      "geometry": {
        "type": "Polygon",
        "coordinates": [
          [
            [
              118.588004,
              24.9219098
            ],
            [
              118.5879927,
              24.9213443
            ],
            [
              118.5885883,
              24.9213346
            ],
            [
              118.5885899,
              24.9214137
            ],
            [
              118.5881155,
              24.9214215
            ],
            [
              118.588123,
              24.9217935
            ],
            [
              118.5882973,
              24.9217906
            ],
            [
              118.5882996,
              24.921905
            ],
            [
              118.588004,
              24.9219098
            ]
          ]
        ]
      },
      "properties": {
        "osm_id": 1186362622,
        "building": "residential",
        "building:levels": "",
        "building:flats": "",
        "addr:housenumber": "",
        "area_m2": 1407.54,
        "centroid_lon": 118.5882512875,
        "centroid_lat": 24.921614125,
        "housenumber_count": 0,
        "flats": 4
      }
    },
    {
      "type": "Feature",
      "geometry": {
        "type": "Polygon",
        "coordinates": [
          [
            [
              118.5881684,
              24.9216657
            ],
            [
              118.5885532,
              24.9216464
            ],
            [
              118.5885455,
              24.9215202
            ],
            [
              118.5881607,
              24.9215394
            ],
            [
              118.5881684,
              24.9216657
            ]
          ]
        ]
      },
      "properties": {
        "osm_id": 1186362623,
        "building": "residential",
        "building:levels": "",
        "building:flats": "",
        "addr:housenumber": "",
        "area_m2": 543.98,
        "centroid_lon": 118.58835695,
        "centroid_lat": 24.921592925,
        "housenumber_count": 0,
        "flats": 4
      }
    },
    {
      "type": "Feature",
      "geometry": {
        "type": "Polygon",
        "coordinates": [
          [
            [
              118.5861028,
              24.9232732
            ],
            [
              118.5861448,
              24.923161
            ],
            [
              118.5865338,
              24.9232806
            ],
            [
              118.5870874,
              24.9229542
            ],
            [
              118.5871862,
              24.9230921
            ],
            [
              118.5871284,
              24.9231262
            ],
            [
              118.5871676,
              24.9231809
            ],
            [
              118.5870529,
              24.9232485
            ],
            [
              118.5870055,
              24.9231824
            ],
            [
              118.5865951,
              24.9234246
            ],
            [
              118.5861028,
              24.9232732
            ]
          ]
        ]
      },
      "properties": {
        "osm_id": 1186362624,
        "building": "residential",
        "building:levels": "",
        "building:flats": "",
        "addr:housenumber": "",
        "area_m2": 1888.36,
        "centroid_lon": 118.58680045000001,
        "centroid_lat": 24.923192370000002,
        "housenumber_count": 0,
        "flats": 4
      }
    },
    {
      "type": "Feature",
      "geometry": {
        "type": "Polygon",
        "coordinates": [
          [
            [
              118.6744555,
              24.860612
            ],
            [
              118.6746897,
              24.8607082
            ],
            [
              118.6746034,
              24.8608849
            ],
            [
              118.6743717,
              24.8607887
            ],
            [
              118.6744555,
              24.860612
            ]
          ]
        ]
      },
      "properties": {
        "osm_id": 1328742545,
        "building": "apartments",
        "building:levels": "",
        "building:flats": "",
        "addr:housenumber": "",
        "area_m2": 550.84,
        "centroid_lon": 118.67453007499999,
        "centroid_lat": 24.86074845,
        "housenumber_count": 0,
        "flats": 4
      }
    },
    {
      "type": "Feature",
      "geometry": {
        "type": "Polygon",
        "coordinates": [
          [
            [
              118.6748327,
              24.8607686
            ],
            [
              118.6751063,
              24.8608938
            ],
            [
              118.6750151,
              24.8610571
            ],
            [
              118.6747415,
              24.8609341
            ],
            [
              118.6748327,
              24.8607686
            ]
          ]
        ]
      },
      "properties": {
        "osm_id": 1328742546,
        "building": "apartments",
        "building:levels": "",
        "building:flats": "",
        "addr:housenumber": "",
        "area_m2": 628.47,
        "centroid_lon": 118.6749239,
        "centroid_lat": 24.8609134,
        "housenumber_count": 0,
        "flats": 4
      }
    },
    {
      "type": "Feature",
      "geometry": {
        "type": "Polygon",
        "coordinates": [
          [
            [
              118.675227,
              24.8609855
            ],
            [
              118.6754686,
              24.8610973
            ],
            [
              118.6753774,
              24.8612517
            ],
            [
              118.6751309,
              24.8611398
            ],
            [
              118.675227,
              24.8609855
            ]
          ]
        ]
      },
      "properties": {
        "osm_id": 1328742547,
        "building": "apartments",
        "building:levels": "",
        "building:flats": "",
        "addr:housenumber": "",
        "area_m2": 537.44,
        "centroid_lon": 118.675300975,
        "centroid_lat": 24.861118575,
        "housenumber_count": 0,
        "flats": 4
      }
    },
    {
      "type": "Feature",
      "geometry": {
        "type": "Polygon",
        "coordinates": [
          [
            [
              118.6742398,
              24.8609823
            ],
            [
              118.67469,
              24.8611856
            ],
            [
              118.6745835,
              24.8613551
            ],
            [
              118.6741352,
              24.8611517
            ],
            [
              118.6742398,
              24.8609823
            ]
          ]
        ]
      },
      "properties": {
        "osm_id": 1328742548,
        "building": "apartments",
        "building:levels": "",
        "building:flats": "",
        "addr:housenumber": "",
        "area_m2": 1089.41,
        "centroid_lon": 118.674412125,
        "centroid_lat": 24.861168675000002,
        "housenumber_count": 0,
        "flats": 4
      }
    },
    {
      "type": "Feature",
      "geometry": {
        "type": "Polygon",
        "coordinates": [
          [
            [
              118.6748371,
              24.8615814
            ],
            [
              118.6749174,
              24.8614424
            ],
            [
              118.6752257,
              24.8615831
            ],
            [
              118.6751435,
              24.8617187
            ],
            [
              118.6748371,
              24.8615814
            ]
          ]
        ]
      },
      "properties": {
        "osm_id": 1328742549,
        "building": "apartments",
        "building:levels": "",
        "building:flats": "",
        "addr:housenumber": "",
        "area_m2": 597.16,
        "centroid_lon": 118.675030925,
        "centroid_lat": 24.8615814,
        "housenumber_count": 0,
        "flats": 4
      }
    },
    {
      "type": "Feature",
      "geometry": {
        "type": "Polygon",
        "coordinates": [
          [
            [
              118.6738809,
              24.8616348
            ],
            [
              118.6739893,
              24.861429
            ],
            [
              118.6744601,
              24.8616325
            ],
            [
              118.6743418,
              24.8618361
            ],
            [
              118.6738809,
              24.8616348
            ]
          ]
        ]
      },
      "properties": {
        "osm_id": 1328742550,
        "building": "apartments",
        "building:levels": "",
        "building:flats": "",
        "addr:housenumber": "",
        "area_m2": 1320.63,
        "centroid_lon": 118.674168025,
        "centroid_lat": 24.8616331,
        "housenumber_count": 0,
        "flats": 4
      }
    },
    {
      "type": "Feature",
      "geometry": {
        "type": "Polygon",
        "coordinates": [
          [
            [
              118.6745716,
              24.862119
            ],
            [
              118.6746481,
              24.8619773
            ],
            [
              118.6749424,
              24.8621013
            ],
            [
              118.6748595,
              24.8622385
            ],
            [
              118.6745716,
              24.862119
            ]
          ]
        ]
      },
      "properties": {
        "osm_id": 1328742551,
        "building": "apartments",
        "building:levels": "",
        "building:flats": "",
        "addr:housenumber": "",
        "area_m2": 561.48,
        "centroid_lon": 118.6747554,
        "centroid_lat": 24.862109025,
        "housenumber_count": 0,
        "flats": 4
      }
    },
    {
      "type": "Feature",
      "geometry": {
        "type": "Polygon",
        "coordinates": [
          [
            [
              118.6736386,
              24.8620775
            ],
            [
              118.6737373,
              24.8618847
            ],
            [
              118.674175,
              24.8620755
            ],
            [
              118.6740656,
              24.8622605
            ],
            [
              118.6736386,
              24.8620775
            ]
          ]
        ]
      },
      "properties": {
        "osm_id": 1328742552,
        "building": "apartments",
        "building:levels": "",
        "building:flats": "",
        "addr:housenumber": "",
        "area_m2": 1128.81,
        "centroid_lon": 118.673904125,
        "centroid_lat": 24.862074550000003,
        "housenumber_count": 0,
        "flats": 4
      }
    },
    {
      "type": "Feature",
      "geometry": {
        "type": "Polygon",
        "coordinates": [
          [
            [
              118.6746342,
              24.8626168
            ],
            [
              118.6740999,
              24.8623909
            ],
            [
              118.6740205,
              24.862537
            ],
            [
              118.6745548,
              24.8627511
            ],
            [
              118.6746342,
              24.8626168
            ]
          ]
        ]
      },
      "properties": {
        "osm_id": 1328742553,
        "building": "apartments",
        "building:levels": "",
        "building:flats": "",
        "addr:housenumber": "",
        "area_m2": 1031.23,
        "centroid_lon": 118.67432735,
        "centroid_lat": 24.86257395,
        "housenumber_count": 0,
        "flats": 4
      }
    },
    {
      "type": "Feature",
      "geometry": {
        "type": "Polygon",
        "coordinates": [
          [
            [
              118.5910354,
              24.9198452
            ],
            [
              118.5911422,
              24.9198794
            ],
            [
              118.5911039,
              24.9199779
            ],
            [
              118.5909971,
              24.9199438
            ],
            [
              118.5910354,
              24.9198452
            ]
          ]
        ]
      },
      "properties": {
        "osm_id": 1510172048,
        "building": "apartments",
        "building:levels": "",
        "building:flats": "",
        "addr:housenumber": "",
        "area_m2": 132.1,
        "centroid_lon": 118.59106965,
        "centroid_lat": 24.919911575,
        "housenumber_count": 0,
        "flats": 4
      }
    },
    {
      "type": "Feature",
      "geometry": {
        "type": "Polygon",
        "coordinates": [
          [
            [
              118.5909198,
              24.9201173
            ],
            [
              118.591074,
              24.9201652
            ],
            [
              118.5910373,
              24.9202624
            ],
            [
              118.5908831,
              24.9202145
            ],
            [
              118.5909198,
              24.9201173
            ]
          ]
        ]
      },
      "properties": {
        "osm_id": 1510172049,
        "building": "apartments",
        "building:levels": "",
        "building:flats": "",
        "addr:housenumber": "",
        "area_m2": 186.94,
        "centroid_lon": 118.59097855,
        "centroid_lat": 24.92018985,
        "housenumber_count": 0,
        "flats": 4
      }
    },
    {
      "type": "Feature",
      "geometry": {
        "type": "Polygon",
        "coordinates": [
          [
            [
              118.5859721,
              24.9155071
            ],
            [
              118.586326,
              24.9154582
            ],
            [
              118.5865152,
              24.9155629
            ],
            [
              118.5865871,
              24.9158881
            ],
            [
              118.5863261,
              24.9159355
            ],
            [
              118.5863017,
              24.9158254
            ],
            [
              118.5864152,
              24.9158048
            ],
            [
              118.5864047,
              24.9157572
            ],
            [
              118.5860524,
              24.9158212
            ],
            [
              118.5860258,
              24.915701
            ],
            [
              118.5863638,
              24.9156396
            ],
            [
              118.5863099,
              24.9156008
            ],
            [
              118.5859952,
              24.9156443
            ],
            [
              118.5859721,
              24.9155071
            ]
          ]
        ]
      },
      "properties": {
        "osm_id": 1510172071,
        "building": "yes",
        "building:levels": "",
        "building:flats": "",
        "addr:housenumber": "",
        "area_m2": 1897.12,
        "centroid_lon": 118.58627655384615,
        "centroid_lat": 24.915703546153846,
        "housenumber_count": 1,
        "flats": 1
      }
    },
    {
      "type": "Feature",
      "geometry": {
        "type": "Polygon",
        "coordinates": [
          [
            [
              118.5909638,
              24.9199695
            ],
            [
              118.5910706,
              24.9200036
            ],
            [
              118.5910322,
              24.9201022
            ],
            [
              118.5909254,
              24.920068
            ],
            [
              118.5909638,
              24.9199695
            ]
          ]
        ]
      },
      "properties": {
        "osm_id": 1510172073,
        "building": "apartments",
        "building:levels": "",
        "building:flats": "",
        "addr:housenumber": "",
        "area_m2": 132.13,
        "centroid_lon": 118.590998,
        "centroid_lat": 24.920035825,
        "housenumber_count": 0,
        "flats": 4
      }
    },
    {
      "type": "Feature",
      "geometry": {
        "type": "Polygon",
        "coordinates": [
          [
            [
              118.5911005,
              24.9200133
            ],
            [
              118.5912948,
              24.9200721
            ],
            [
              118.5912593,
              24.9201685
            ],
            [
              118.591065,
              24.9201098
            ],
            [
              118.5911005,
              24.9200133
            ]
          ]
        ]
      },
      "properties": {
        "osm_id": 1510172074,
        "building": "apartments",
        "building:levels": "",
        "building:flats": "",
        "addr:housenumber": "",
        "area_m2": 232.48,
        "centroid_lon": 118.5911799,
        "centroid_lat": 24.920090925,
        "housenumber_count": 0,
        "flats": 4
      }
    }
  ]
}