{
  "type": "FeatureCollection",
  "features": [
    {
      "type": "Feature",
      "geometry": {
        "type": "LineString",
        "coordinates": [
          [
            118.60694443846154,
            24.9130174
          ],
          [
            118.63935618000001,
            24.939899246666666
          ]
        ]
      },
      "properties": {
        "purpose": "home_to_work",
        "origin_id": "O_00001",
        "destination_id": "D_00149",
        "destination_category": "education",
        "destination_name": "华侨大学",
        "origin_pop": 1173.0,
        "destination_jobs": 36219.49,
        "distance_m": 4419.93,
        "trips": 101.4963
      }
    },
    {
      "type": "Feature",
      "geometry": {
        "type": "LineString",
        "coordinates": [
          [
            118.60694443846154,
            24.9130174
          ],
          [
            118.62414069230769,
            24.88434541538462
          ]
        ]
      },
      "properties": {
        "purpose": "home_to_work",
        "origin_id": "O_00001",
        "destination_id": "D_00204",
        "destination_category": "education",
        "destination_name": "黎明职业大学",
        "origin_pop": 1173.0,
        "destination_jobs": 20180.72,
        "distance_m": 3613.87,
        "trips": 73.9833
      }
    },
    {
      "type": "Feature",
      "geometry": {
        "type": "LineString",
        "coordinates": [
          [
            118.60694443846154,
            24.9130174
          ],
          [
            118.57828776875,
            24.945803090625
          ]
        ]
      },
      "properties": {
        "purpose": "home_to_work",
        "origin_id": "O_00001",
        "destination_id": "D_00301",
        "destination_category": "education",
        "destination_name": "",
        "origin_pop": 1173.0,
        "destination_jobs": 27053.76,
        "distance_m": 4637.11,
        "trips": 70.5172
      }
    },
    {
      "type": "Feature",
      "geometry": {
        "type": "LineString",
        "coordinates": [
          [
            118.60694443846154,
            24.9130174
          ],
          [
            118.59383305000001,
            24.942276507142857
          ]
        ]
      },
      "properties": {
        "purpose": "home_to_work",
        "origin_id": "O_00001",
        "destination_id": "D_00300",
        "destination_category": "healthcare",
        "destination_name": "910医院",
        "origin_pop": 1173.0,
        "destination_jobs": 15831.81,
        "distance_m": 3494.65,
        "trips": 60.3929
      }
    },
    {
      "type": "Feature",
      "geometry": {
        "type": "LineString",
        "coordinates": [
          [
            118.60694443846154,
            24.9130174
          ],
          [
            118.57454498235293,
            24.915936364705882
          ]
        ]
      },
      "properties": {
        "purpose": "home_to_work",
        "origin_id": "O_00001",
        "destination_id": "D_00321",
        "destination_category": "commercial_office",
        "destination_name": "源和1916创意产业园",
        "origin_pop": 1173.0,
        "destination_jobs": 12593.06,
        "distance_m": 3286.93,
        "trips": 51.4822
      }
    },
    {
      "type": "Feature",
      "geometry": {
        "type": "LineString",
        "coordinates": [
          [
            118.60694443846154,
            24.9130174
          ],
          [
            118.66633520434783,
            24.872914973913044
          ]
        ]
      },
      "properties": {
        "purpose": "home_to_work",
        "origin_id": "O_00001",
        "destination_id": "D_00108",
        "destination_category": "education",
        "destination_name": "泉州师范学院",
        "origin_pop": 1173.0,
        "destination_jobs": 49778.48,
        "distance_m": 7457.66,
        "trips": 50.6749
      }
    },
    {
      "type": "Feature",
      "geometry": {
        "type": "LineString",
        "coordinates": [
          [
            118.60694443846154,
            24.9130174
          ],
          [
            118.67346315,
            24.873829045
          ]
        ]
      },
      "properties": {
        "purpose": "home_to_work",
        "origin_id": "O_00001",
        "destination_id": "D_00662",
        "destination_category": "commercial_office",
        "destination_name": "",
        "origin_pop": 1173.0,
        "destination_jobs": 41918.35,
        "distance_m": 7992.61,
        "trips": 35.7037
      }
    },
    {
      "type": "Feature",
      "geometry": {
        "type": "LineString",
        "coordinates": [
          [
            118.60694443846154,
            24.9130174
          ],
          [
            118.59354837999999,
            24.915964273333334
          ]
        ]
      },
      "properties": {
        "purpose": "home_to_work",
        "origin_id": "O_00001",
        "destination_id": "D_00674",
        "destination_category": "healthcare",
        "destination_name": "泉州市第一医院",
        "origin_pop": 1173.0,
        "destination_jobs": 4099.66,
        "distance_m": 1391.15,
        "trips": 31.5295
      }
    },
    {
      "type": "Feature",
      "geometry": {
        "type": "LineString",
        "coordinates": [
          [
            118.60694443846154,
            24.9130174
          ],
          [
            118.58039623076924,
            24.921369546153848
          ]
        ]
      },
      "properties": {
        "purpose": "home_to_work",
        "origin_id": "O_00001",
        "destination_id": "D_00272",
        "destination_category": "commercial_office",
        "destination_name": "开元盛世广场",
        "origin_pop": 1173.0,
        "destination_jobs": 5705.79,
        "distance_m": 2834.81,
        "trips": 27.1202
      }
    },
    {
      "type": "Feature",
      "geometry": {
        "type": "LineString",
        "coordinates": [
          [
            118.60694443846154,
            24.9130174
          ],
          [
            118.64526664285714,
            24.910038649999997
          ]
        ]
      },
      "properties": {
        "purpose": "home_to_work",
        "origin_id": "O_00001",
        "destination_id": "D_00169",
        "destination_category": "education",
        "destination_name": "泉州第五中学（城东校区）",
        "origin_pop": 1173.0,
        "destination_jobs": 7444.64,
        "distance_m": 3883.1,
        "trips": 24.9497
      }
    },
    {
      "type": "Feature",
      "geometry": {
        "type": "LineString",
        "coordinates": [
          [
            118.609450775,
            24.898596125
          ],
          [
            118.62414069230769,
            24.88434541538462
          ]
        ]
      },
      "properties": {
        "purpose": "home_to_work",
        "origin_id": "O_00002",
        "destination_id": "D_00204",
        "destination_category": "education",
        "destination_name": "黎明职业大学",
        "origin_pop": 6201.0,
        "destination_jobs": 20180.72,
        "distance_m": 2163.77,
        "trips": 641.8313
      }
    },
    {
      "type": "Feature",
      "geometry": {
        "type": "LineString",
        "coordinates": [
          [
            118.609450775,
            24.898596125
          ],
          [
            118.66633520434783,
            24.872914973913044
          ]
        ]
      },
      "properties": {
        "purpose": "home_to_work",
        "origin_id": "O_00002",
        "destination_id": "D_00108",
        "destination_category": "education",
        "destination_name": "泉州师范学院",
        "origin_pop": 6201.0,
        "destination_jobs": 49778.48,
        "distance_m": 6407.57,
        "trips": 384.7446
      }
    },
    {
      "type": "Feature",
      "geometry": {
        "type": "LineString",
        "coordinates": [
          [
            118.609450775,
            24.898596125
          ],
          [
            118.63935618000001,
            24.939899246666666
          ]
        ]
      },
      "properties": {
        "purpose": "home_to_work",
        "origin_id": "O_00002",
        "destination_id": "D_00149",
        "destination_category": "education",
        "destination_name": "华侨大学",
        "origin_pop": 6201.0,
        "destination_jobs": 36219.49,
        "distance_m": 5473.6,
        "trips": 382.1893
      }
    },
    {
      "type": "Feature",
      "geometry": {
        "type": "LineString",
        "coordinates": [
          [
            118.609450775,
            24.898596125
          ],
          [
            118.67346315,
            24.873829045
          ]
        ]
      },
      "properties": {
        "purpose": "home_to_work",
        "origin_id": "O_00002",
        "destination_id": "D_00662",
        "destination_category": "commercial_office",
        "destination_name": "",
        "origin_pop": 6201.0,
        "destination_jobs": 41918.35,
        "distance_m": 7020.04,
        "trips": 264.1619
      }
    },
    {
      "type": "Feature",
      "geometry": {
        "type": "LineString",
        "coordinates": [
          [
            118.609450775,
            24.898596125
          ],
          [
            118.57828776875,
            24.945803090625
          ]
        ]
      },
      "properties": {
        "purpose": "home_to_work",
        "origin_id": "O_00002",
        "destination_id": "D_00301",
        "destination_category": "education",
        "destination_name": "",
        "origin_pop": 6201.0,
        "destination_jobs": 27053.76,
        "distance_m": 6093.25,
        "trips": 232.1991
      }
    },
    {
      "type": "Feature",
      "geometry": {
        "type": "LineString",
        "coordinates": [
          [
            118.609450775,
            24.898596125
          ],
          [
            118.57454498235293,
            24.915936364705882
          ]
        ]
      },
      "properties": {
        "purpose": "home_to_work",
        "origin_id": "O_00002",
        "destination_id": "D_00321",
        "destination_category": "commercial_office",
        "destination_name": "源和1916创意产业园",
        "origin_pop": 6201.0,
        "destination_jobs": 12593.06,
        "distance_m": 4011.83,
        "trips": 216.3119
      }
    },
    {
      "type": "Feature",
      "geometry": {
        "type": "LineString",
        "coordinates": [
          [
            118.609450775,
            24.898596125
          ],
          [
            118.629396225,
            24.854245625
          ]
        ]
      },
      "properties": {
        "purpose": "home_to_work",
        "origin_id": "O_00002",
        "destination_id": "D_00962",
        "destination_category": "healthcare",
        "destination_name": "",
        "origin_pop": 6201.0,
        "destination_jobs": 17148.53,
        "distance_m": 5300.19,
        "trips": 191.7199
      }
    },
    {
      "type": "Feature",
      "geometry": {
        "type": "LineString",
        "coordinates": [
          [
            118.609450775,
            24.898596125
          ],
          [
            118.59383305000001,
            24.942276507142857
          ]
        ]
      },
      "properties": {
        "purpose": "home_to_work",
        "origin_id": "O_00002",
        "destination_id": "D_00300",
        "destination_category": "healthcare",
        "destination_name": "910医院",
        "origin_pop": 6201.0,
        "destination_jobs": 15831.81,
        "distance_m": 5079.34,
        "trips": 190.5208
      }
    },
    {
      "type": "Feature",
      "geometry": {
        "type": "LineString",
        "coordinates": [
          [
            118.609450775,
            24.898596125
          ],
          [
            118.65411906363637,
            24.87995060909091
          ]
        ]
      },
      "properties": {
        "purpose": "home_to_work",
        "origin_id": "O_00002",
        "destination_id": "D_00113",
        "destination_category": "education",
        "destination_name": "泉州幼儿师范高等专科学校",
        "origin_pop": 6201.0,
        "destination_jobs": 12051.56,
        "distance_m": 4959.23,
        "trips": 150.9534
      }
    },
    {
      "type": "Feature",
      "geometry": {
        "type": "LineString",
        "coordinates": [
          [
            118.609450775,
            24.898596125
          ],
          [
            118.64526664285714,
            24.910038649999997
          ]
        ]
      },
      "properties": {
        "purpose": "home_to_work",
        "origin_id": "O_00002",
        "destination_id": "D_00169",
        "destination_category": "education",
        "destination_name": "泉州第五中学（城东校区）",
        "origin_pop": 6201.0,
        "destination_jobs": 7444.64,
        "distance_m": 3831.1,
        "trips": 135.8178
      }
    },
    {
      "type": "Feature",
      "geometry": {
        "type": "LineString",
        "coordinates": [
          [
            118.59992165,
            24.891457975
          ],
          [
            118.62414069230769,
            24.88434541538462
          ]
        ]
      },
      "properties": {
        "purpose": "home_to_work",
        "origin_id": "O_00003",
        "destination_id": "D_00204",
        "destination_category": "education",
        "destination_name": "黎明职业大学",
        "origin_pop": 4735.0,
        "destination_jobs": 20180.72,
        "distance_m": 2568.96,
        "trips": 498.9786
      }
    },
    {
      "type": "Feature",
      "geometry": {
        "type": "LineString",
        "coordinates": [
          [
            118.59992165,
            24.891457975
          ],
          [
            118.66633520434783,
            24.872914973913044
          ]
        ]
      },
      "properties": {
        "purpose": "home_to_work",
        "origin_id": "O_00003",
        "destination_id": "D_00108",
        "destination_category": "education",
        "destination_name": "泉州师范学院",
        "origin_pop": 4735.0,
        "destination_jobs": 49778.48,
        "distance_m": 7013.11,
        "trips": 279.788
      }
    },
    {
      "type": "Feature",
      "geometry": {
        "type": "LineString",
        "coordinates": [
          [
            118.59992165,
            24.891457975
          ],
          [
            118.63935618000001,
            24.939899246666666
          ]
        ]
      },
      "properties": {
        "purpose": "home_to_work",
        "origin_id": "O_00003",
        "destination_id": "D_00149",
        "destination_category": "education",
        "destination_name": "华侨大学",
        "origin_pop": 4735.0,
        "destination_jobs": 36219.49,
        "distance_m": 6672.59,
        "trips": 228.0481
      }
    },
    {
      "type": "Feature",
      "geometry": {
        "type": "LineString",
        "coordinates": [
          [
            118.59992165,
            24.891457975
          ],
          [
            118.57454498235293,
            24.915936364705882
          ]
        ]
      },
      "properties": {
        "purpose": "home_to_work",
        "origin_id": "O_00003",
        "destination_id": "D_00321",
        "destination_category": "commercial_office",
        "destination_name": "源和1916创意产业园",
        "origin_pop": 4735.0,
        "destination_jobs": 12593.06,
        "distance_m": 3726.49,
        "trips": 211.6928
      }
    },
    {
      "type": "Feature",
      "geometry": {
        "type": "LineString",
        "coordinates": [
          [
            118.59992165,
            24.891457975
          ],
          [
            118.67346315,
            24.873829045
          ]
        ]
      },
      "properties": {
        "purpose": "home_to_work",
        "origin_id": "O_00003",
        "destination_id": "D_00662",
        "destination_category": "commercial_office",
        "destination_name": "",
        "origin_pop": 4735.0,
        "destination_jobs": 41918.35,
        "distance_m": 7678.09,
        "trips": 188.767
      }
    },
    {
      "type": "Feature",
      "geometry": {
        "type": "LineString",
        "coordinates": [
          [
            118.59992165,
            24.891457975
          ],
          [
            118.57828776875,
            24.945803090625
          ]
        ]
      },
      "properties": {
        "purpose": "home_to_work",
        "origin_id": "O_00003",
        "destination_id": "D_00301",
        "destination_category": "education",
        "destination_name": "",
        "origin_pop": 4735.0,
        "destination_jobs": 27053.76,
        "distance_m": 6392.03,
        "trips": 187.0366
      }
    },
    {
      "type": "Feature",
      "geometry": {
        "type": "LineString",
        "coordinates": [
          [
            118.59992165,
            24.891457975
          ],
          [
            118.629396225,
            24.854245625
          ]
        ]
      },
      "properties": {
        "purpose": "home_to_work",
        "origin_id": "O_00003",
        "destination_id": "D_00962",
        "destination_category": "healthcare",
        "destination_name": "",
        "origin_pop": 4735.0,
        "destination_jobs": 17148.53,
        "distance_m": 5077.56,
        "trips": 183.7446
      }
    },
    {
      "type": "Feature",
      "geometry": {
        "type": "LineString",
        "coordinates": [
          [
            118.59992165,
            24.891457975
          ],
          [
            118.59383305000001,
            24.942276507142857
          ]
        ]
      },
      "properties": {
        "purpose": "home_to_work",
        "origin_id": "O_00003",
        "destination_id": "D_00300",
        "destination_category": "healthcare",
        "destination_name": "910医院",
        "origin_pop": 4735.0,
        "destination_jobs": 15831.81,
        "distance_m": 5651.01,
        "trips": 140.1208
      }
    },
    {
      "type": "Feature",
      "geometry": {
        "type": "LineString",
        "coordinates": [
          [
            118.59992165,
            24.891457975
          ],
          [
            118.65411906363637,
            24.87995060909091
          ]
        ]
      },
      "properties": {
        "purpose": "home_to_work",
        "origin_id": "O_00003",
        "destination_id": "D_00113",
        "destination_category": "education",
        "destination_name": "泉州幼儿师范高等专科学校",
        "origin_pop": 4735.0,
        "destination_jobs": 12051.56,
        "distance_m": 5618.94,
        "trips": 107.8098
      }
    },
    {
      "type": "Feature",
      "geometry": {
        "type": "LineString",
        "coordinates": [
          [
            118.59992165,
            24.891457975
          ],
          [
            118.61982626315789,
            24.887010705263158
          ]
        ]
      },
      "properties": {
        "purpose": "home_to_work",
        "origin_id": "O_00003",
        "destination_id": "D_00202",
        "destination_category": "education",
        "destination_name": "北京师范大学泉州附属中学",
        "origin_pop": 4735.0,
        "destination_jobs": 3586.93,
        "distance_m": 2069.23,
        "trips": 104.7637
      }
    },
    {
      "type": "Feature",
      "geometry": {
        "type": "LineString",
        "coordinates": [
          [
            118.599859,
            24.89119395
          ],
          [
            118.62414069230769,
            24.88434541538462
          ]
        ]
      },
      "properties": {
        "purpose": "home_to_work",
        "origin_id": "O_00004",
        "destination_id": "D_00204",
        "destination_category": "education",
        "destination_name": "黎明职业大学",
        "origin_pop": 4768.0,
        "destination_jobs": 20180.72,
        "distance_m": 2566.22,
        "trips": 503.89
      }
    },
    {
      "type": "Feature",
      "geometry": {
        "type": "LineString",
        "coordinates": [
          [
            118.599859,
            24.89119395
          ],
          [
            118.66633520434783,
            24.872914973913044
          ]
        ]
      },
      "properties": {
        "purpose": "home_to_work",
        "origin_id": "O_00004",
        "destination_id": "D_00108",
        "destination_category": "education",
        "destination_name": "泉州师范学院",
        "origin_pop": 4768.0,
        "destination_jobs": 49778.48,
        "distance_m": 7010.7,
        "trips": 282.5113
      }
    },
    {
      "type": "Feature",
      "geometry": {
        "type": "LineString",
        "coordinates": [
          [
            118.599859,
            24.89119395
          ],
          [
            118.63935618000001,
            24.939899246666666
          ]
        ]
      },
      "properties": {
        "purpose": "home_to_work",
        "origin_id": "O_00004",
        "destination_id": "D_00149",
        "destination_category": "education",
        "destination_name": "华侨大学",
        "origin_pop": 4768.0,
        "destination_jobs": 36219.49,
        "distance_m": 6699.8,
        "trips": 228.0056
      }
    },
    {
      "type": "Feature",
      "geometry": {
        "type": "LineString",
        "coordinates": [
          [
            118.599859,
            24.89119395
          ],
          [
            118.57454498235293,
            24.915936364705882
          ]
        ]
      },
      "properties": {
        "purpose": "home_to_work",
        "origin_id": "O_00004",
        "destination_id": "D_00321",
        "destination_category": "commercial_office",
        "destination_name": "源和1916创意产业园",
        "origin_pop": 4768.0,
        "destination_jobs": 12593.06,
        "distance_m": 3743.42,
        "trips": 212.3801
      }
    },
    {
      "type": "Feature",
      "geometry": {
        "type": "LineString",
        "coordinates": [
          [
            118.599859,
            24.89119395
          ],
          [
            118.67346315,
            24.873829045
          ]
        ]
      },
      "properties": {
        "purpose": "home_to_work",
        "origin_id": "O_00004",
        "destination_id": "D_00662",
        "destination_category": "commercial_office",
        "destination_name": "",
        "origin_pop": 4768.0,
        "destination_jobs": 41918.35,
        "distance_m": 7676.87,
        "trips": 190.529
      }
    },
    {
      "type": "Feature",
      "geometry": {
        "type": "LineString",
        "coordinates": [
          [
            118.599859,
            24.89119395
          ],
          [
            118.57828776875,
            24.945803090625
          ]
        ]
      },
      "properties": {
        "purpose": "home_to_work",
        "origin_id": "O_00004",
        "destination_id": "D_00301",
        "destination_category": "education",
        "destination_name": "",
        "origin_pop": 4768.0,
        "destination_jobs": 27053.76,
        "distance_m": 6417.32,
        "trips": 187.1215
      }
    },
    {
      "type": "Feature",
      "geometry": {
        "type": "LineString",
        "coordinates": [
          [
            118.599859,
            24.89119395
          ],
          [
            118.629396225,
            24.854245625
          ]
        ]
      },
      "properties": {
        "purpose": "home_to_work",
        "origin_id": "O_00004",
        "destination_id": "D_00962",
        "destination_category": "healthcare",
        "destination_name": "",
        "origin_pop": 4768.0,
        "destination_jobs": 17148.53,
        "distance_m": 5057.68,
        "trips": 186.6169
      }
    },
    {
      "type": "Feature",
      "geometry": {
        "type": "LineString",
        "coordinates": [
          [
            118.599859,
            24.89119395
          ],
          [
            118.59383305000001,
            24.942276507142857
          ]
        ]
      },
      "properties": {
        "purpose": "home_to_work",
        "origin_id": "O_00004",
        "destination_id": "D_00300",
        "destination_category": "healthcare",
        "destination_name": "910医院",
        "origin_pop": 4768.0,
        "destination_jobs": 15831.81,
        "distance_m": 5679.34,
        "trips": 140.0422
      }
    },
    {
      "type": "Feature",
      "geometry": {
        "type": "LineString",
        "coordinates": [
          [
            118.599859,
            24.89119395
          ],
          [
            118.65411906363637,
            24.87995060909091
          ]
        ]
      },
      "properties": {
        "purpose": "home_to_work",
        "origin_id": "O_00004",
        "destination_id": "D_00113",
        "destination_category": "education",
        "destination_name": "泉州幼儿师范高等专科学校",
        "origin_pop": 4768.0,
        "destination_jobs": 12051.56,
        "distance_m": 5618.58,
        "trips": 108.7848
      }
    },
    {
      "type": "Feature",
      "geometry": {
        "type": "LineString",
        "coordinates": [
          [
            118.599859,
            24.89119395
          ],
          [
            118.61982626315789,
            24.887010705263158
          ]
        ]
      },
      "properties": {
        "purpose": "home_to_work",
        "origin_id": "O_00004",
        "destination_id": "D_00202",
        "destination_category": "education",
        "destination_name": "北京师范大学泉州附属中学",
        "origin_pop": 4768.0,
        "destination_jobs": 3586.93,
        "distance_m": 2068.66,
        "trips": 105.7186
      }
    },
    {
      "type": "Feature",
      "geometry": {
        "type": "LineString",
        "coordinates": [
          [
            118.60075702500001,
            24.891129149999998
          ],
          [
            118.62414069230769,
            24.88434541538462
          ]
        ]
      },
      "properties": {
        "purpose": "home_to_work",
        "origin_id": "O_00005",
        "destination_id": "D_00204",
        "destination_category": "education",
        "destination_name": "黎明职业大学",
        "origin_pop": 4868.0,
        "destination_jobs": 20180.72,
        "distance_m": 2477.54,
        "trips": 521.301
      }
    },
    {
      "type": "Feature",
      "geometry": {
        "type": "LineString",
        "coordinates": [
          [
            118.60075702500001,
            24.891129149999998
          ],
          [
            118.66633520434783,
            24.872914973913044
          ]
        ]
      },
      "properties": {
        "purpose": "home_to_work",
        "origin_id": "O_00005",
        "destination_id": "D_00108",
        "destination_category": "education",
        "destination_name": "泉州师范学院",
        "origin_pop": 4868.0,
        "destination_jobs": 49778.48,
        "distance_m": 6921.83,
        "trips": 292.292
      }
    },
    {
      "type": "Feature",
      "geometry": {
        "type": "LineString",
        "coordinates": [
          [
            118.60075702500001,
            24.891129149999998
          ],
          [
            118.63935618000001,
            24.939899246666666
          ]
        ]
      },
      "properties": {
        "purpose": "home_to_work",
        "origin_id": "O_00005",
        "destination_id": "D_00149",
        "destination_category": "education",
        "destination_name": "华侨大学",
        "origin_pop": 4868.0,
        "destination_jobs": 36219.49,
        "distance_m": 6652.04,
        "trips": 232.688
      }
    },
    {
      "type": "Feature",
      "geometry": {
        "type": "LineString",
        "coordinates": [
          [
            118.60075702500001,
            24.891129149999998
          ],
          [
            118.57454498235293,
            24.915936364705882
          ]
        ]
      },
      "properties": {
        "purpose": "home_to_work",
        "origin_id": "O_00005",
        "destination_id": "D_00321",
        "destination_category": "commercial_office",
        "destination_name": "源和1916创意产业园",
        "origin_pop": 4868.0,
        "destination_jobs": 12593.06,
        "distance_m": 3811.06,
        "trips": 208.5629
      }
    },
    {
      "type": "Feature",
      "geometry": {
        "type": "LineString",
        "coordinates": [
          [
            118.60075702500001,
            24.891129149999998
          ],
          [
            118.67346315,
            24.873829045
          ]
        ]
      },
      "properties": {
        "purpose": "home_to_work",
        "origin_id": "O_00005",
        "destination_id": "D_00662",
        "destination_category": "commercial_office",
        "destination_name": "",
        "origin_pop": 4868.0,
        "destination_jobs": 41918.35,
        "distance_m": 7587.29,
        "trips": 197.1714
      }
    },
    {
      "type": "Feature",
      "geometry": {
        "type": "LineString",
        "coordinates": [
          [
            118.60075702500001,
            24.891129149999998
          ],
          [
            118.629396225,
            24.854245625
          ]
        ]
      },
      "properties": {
        "purpose": "home_to_work",
        "origin_id": "O_00005",
        "destination_id": "D_00962",
        "destination_category": "healthcare",
        "destination_name": "",
        "origin_pop": 4868.0,
        "destination_jobs": 17148.53,
        "distance_m": 4998.88,
        "trips": 191.1517
      }
    },
    {
      "type": "Feature",
      "geometry": {
        "type": "LineString",
        "coordinates": [
          [
            118.60075702500001,
            24.891129149999998
          ],
          [
            118.57828776875,
            24.945803090625
          ]
        ]
      },
      "properties": {
        "purpose": "home_to_work",
        "origin_id": "O_00005",
        "destination_id": "D_00301",
        "destination_category": "education",
        "destination_name": "",
        "origin_pop": 4868.0,
        "destination_jobs": 27053.76,
        "distance_m": 6455.35,
        "trips": 185.5805
      }
    },
    {
      "type": "Feature",
      "geometry": {
        "type": "LineString",
        "coordinates": [
          [
            118.60075702500001,
            24.891129149999998
          ],
          [
            118.59383305000001,
            24.942276507142857
          ]
        ]
      },
      "properties": {
        "purpose": "home_to_work",
        "origin_id": "O_00005",
        "destination_id": "D_00300",
        "destination_category": "healthcare",
        "destination_name": "910医院",
        "origin_pop": 4868.0,
        "destination_jobs": 15831.81,
        "distance_m": 5696.88,
        "trips": 139.8413
      }
    },
    {
      "type": "Feature",
      "geometry": {
        "type": "LineString",
        "coordinates": [
          [
            118.60075702500001,
            24.891129149999998
          ],
          [
            118.65411906363637,
            24.87995060909091
          ]
        ]
      },
      "properties": {
        "purpose": "home_to_work",
        "origin_id": "O_00005",
        "destination_id": "D_00113",
        "destination_category": "education",
        "destination_name": "泉州幼儿师范高等专科学校",
        "origin_pop": 4868.0,
        "destination_jobs": 12051.56,
        "distance_m": 5528.57,
        "trips": 112.5935
      }
    },
    {
      "type": "Feature",
      "geometry": {
        "type": "LineString",
        "coordinates": [
          [
            118.60075702500001,
            24.891129149999998
          ],
          [
            118.61982626315789,
            24.887010705263158
          ]
        ]
      },
      "properties": {
        "purpose": "home_to_work",
        "origin_id": "O_00005",
        "destination_id": "D_00202",
        "destination_category": "education",
        "destination_name": "北京师范大学泉州附属中学",
        "origin_pop": 4868.0,
        "destination_jobs": 3586.93,
        "distance_m": 1978.72,
        "trips": 109.4176
      }
    },
    {
      "type": "Feature",
      "geometry": {
        "type": "LineString",
        "coordinates": [
          [
            118.60060795,
            24.8909007
          ],
          [
            118.62414069230769,
            24.88434541538462
          ]
        ]
      },
      "properties": {
        "purpose": "home_to_work",
        "origin_id": "O_00006",
        "destination_id": "D_00204",
        "destination_category": "education",
        "destination_name": "黎明职业大学",
        "origin_pop": 4778.0,
        "destination_jobs": 20180.72,
        "distance_m": 2484.41,
        "trips": 512.2139
      }
    },
    {
      "type": "Feature",
      "geometry": {
        "type": "LineString",
        "coordinates": [
          [
            118.60060795,
            24.8909007
          ],
          [
            118.66633520434783,
            24.872914973913044
          ]
        ]
      },
      "properties": {
        "purpose": "home_to_work",
        "origin_id": "O_00006",
        "destination_id": "D_00108",
        "destination_category": "education",
        "destination_name": "泉州师范学院",
        "origin_pop": 4778.0,
        "destination_jobs": 49778.48,
        "distance_m": 6928.95,
        "trips": 287.1729
      }
    },
    {
      "type": "Feature",
      "geometry": {
        "type": "LineString",
        "coordinates": [
          [
            118.60060795,
            24.8909007
          ],
          [
            118.63935618000001,
            24.939899246666666
          ]
        ]
      },
      "properties": {
        "purpose": "home_to_work",
        "origin_id": "O_00006",
        "destination_id": "D_00149",
        "destination_category": "education",
        "destination_name": "华侨大学",
        "origin_pop": 4778.0,
        "destination_jobs": 36219.49,
        "distance_m": 6681.32,
        "trips": 226.9301
      }
    },
    {
      "type": "Feature",
      "geometry": {
        "type": "LineString",
        "coordinates": [
          [
            118.60060795,
            24.8909007
          ],
          [
            118.57454498235293,
            24.915936364705882
          ]
        ]
      },
      "properties": {
        "purpose": "home_to_work",
        "origin_id": "O_00006",
        "destination_id": "D_00321",
        "destination_category": "commercial_office",
        "destination_name": "源和1916创意产业园",
        "origin_pop": 4778.0,
        "destination_jobs": 12593.06,
        "distance_m": 3818.88,
        "trips": 204.8623
      }
    },
    {
      "type": "Feature",
      "geometry": {
        "type": "LineString",
        "coordinates": [
          [
            118.60060795,
            24.8909007
          ],
          [
            118.67346315,
            24.873829045
          ]
        ]
      },
      "properties": {
        "purpose": "home_to_work",
        "origin_id": "O_00006",
        "destination_id": "D_00662",
        "destination_category": "commercial_office",
        "destination_name": "",
        "origin_pop": 4778.0,
        "destination_jobs": 41918.35,
        "distance_m": 7595.55,
        "trips": 193.6446
      }
    },
    {
      "type": "Feature",
      "geometry": {
        "type": "LineString",
        "coordinates": [
          [
            118.60060795,
            24.8909007
          ],
          [
            118.629396225,
            24.854245625
          ]
        ]
      },
      "properties": {
        "purpose": "home_to_work",
        "origin_id": "O_00006",
        "destination_id": "D_00962",
        "destination_category": "healthcare",
        "destination_name": "",
        "origin_pop": 4778.0,
        "destination_jobs": 17148.53,
        "distance_m": 4987.07,
        "trips": 188.9929
      }
    },
    {
      "type": "Feature",
      "geometry": {
        "type": "LineString",
        "coordinates": [
          [
            118.60060795,
            24.8909007
          ],
          [
            118.57828776875,
            24.945803090625
          ]
        ]
      },
      "properties": {
        "purpose": "home_to_work",
        "origin_id": "O_00006",
        "destination_id": "D_00301",
        "destination_category": "education",
        "destination_name": "",
        "origin_pop": 4778.0,
        "destination_jobs": 27053.76,
        "distance_m": 6473.75,
        "trips": 181.6465
      }
    },
    {
      "type": "Feature",
      "geometry": {
        "type": "LineString",
        "coordinates": [
          [
            118.60060795,
            24.8909007
          ],
          [
            118.59383305000001,
            24.942276507142857
          ]
        ]
      },
      "properties": {
        "purpose": "home_to_work",
        "origin_id": "O_00006",
        "destination_id": "D_00300",
        "destination_category": "healthcare",
        "destination_name": "910医院",
        "origin_pop": 4778.0,
        "destination_jobs": 15831.81,
        "distance_m": 5720.12,
        "trips": 136.6558
      }
    },
    {
      "type": "Feature",
      "geometry": {
        "type": "LineString",
        "coordinates": [
          [
            118.60060795,
            24.8909007
          ],
          [
            118.65411906363637,
            24.87995060909091
          ]
        ]
      },
      "properties": {
        "purpose": "home_to_work",
        "origin_id": "O_00006",
        "destination_id": "D_00113",
        "destination_category": "education",
        "destination_name": "泉州幼儿师范高等专科学校",
        "origin_pop": 4778.0,
        "destination_jobs": 12051.56,
        "distance_m": 5537.68,
        "trips": 110.5485
      }
    },
    {
      "type": "Feature",
      "geometry": {
        "type": "LineString",
        "coordinates": [
          [
            118.60060795,
            24.8909007
          ],
          [
            118.61982626315789,
            24.887010705263158
          ]
        ]
      },
      "properties": {
        "purpose": "home_to_work",
        "origin_id": "O_00006",
        "destination_id": "D_00202",
        "destination_category": "education",
        "destination_name": "北京师范大学泉州附属中学",
        "origin_pop": 4778.0,
        "destination_jobs": 3586.93,
        "distance_m": 1987.75,
        "trips": 107.4326
      }
    },
    {
      "type": "Feature",
      "geometry": {
        "type": "LineString",
        "coordinates": [
          [
            118.60043715,
            24.89158905
          ],
          [
            118.62414069230769,
            24.88434541538462
          ]
        ]
      },
      "properties": {
        "purpose": "home_to_work",
        "origin_id": "O_00007",
        "destination_id": "D_00204",
        "destination_category": "education",
        "destination_name": "黎明职业大学",
        "origin_pop": 4781.0,
        "destination_jobs": 20180.72,
        "distance_m": 2524.01,
        "trips": 506.4737
      }
    },
    {
      "type": "Feature",
      "geometry": {
        "type": "LineString",
        "coordinates": [
          [
            118.60043715,
            24.89158905
          ],
          [
            118.66633520434783,
            24.872914973913044
          ]
        ]
      },
      "properties": {
        "purpose": "home_to_work",
        "origin_id": "O_00007",
        "destination_id": "D_00108",
        "destination_category": "education",
        "destination_name": "泉州师范学院",
        "origin_pop": 4781.0,
        "destination_jobs": 49778.48,
        "distance_m": 6967.62,
        "trips": 284.0421
      }
    },
    {
      "type": "Feature",
      "geometry": {
        "type": "LineString",
        "coordinates": [
          [
            118.60043715,
            24.89158905
          ],
          [
            118.63935618000001,
            24.939899246666666
          ]
        ]
      },
      "properties": {
        "purpose": "home_to_work",
        "origin_id": "O_00007",
        "destination_id": "D_00149",
        "destination_category": "education",
        "destination_name": "华侨大学",
        "origin_pop": 4781.0,
        "destination_jobs": 36219.49,
        "distance_m": 6629.99,
        "trips": 231.2922
      }
    },
    {
      "type": "Feature",
      "geometry": {
        "type": "LineString",
        "coordinates": [
          [
            118.60043715,
            24.89158905
          ],
          [
            118.57454498235293,
            24.915936364705882
          ]
        ]
      },
      "properties": {
        "purpose": "home_to_work",
        "origin_id": "O_00007",
        "destination_id": "D_00321",
        "destination_category": "commercial_office",
        "destination_name": "源和1916创意产业园",
        "origin_pop": 4781.0,
        "destination_jobs": 12593.06,
        "distance_m": 3752.06,
        "trips": 209.8805
      }
    },
    {
      "type": "Feature",
      "geometry": {
        "type": "LineString",
        "coordinates": [
          [
            118.60043715,
            24.89158905
          ],
          [
            118.67346315,
            24.873829045
          ]
        ]
      },
      "properties": {
        "purpose": "home_to_work",
        "origin_id": "O_00007",
        "destination_id": "D_00662",
        "destination_category": "commercial_office",
        "destination_name": "",
        "origin_pop": 4781.0,
        "destination_jobs": 41918.35,
        "distance_m": 7631.46,
        "trips": 191.7099
      }
    },
    {
      "type": "Feature",
      "geometry": {
        "type": "LineString",
        "coordinates": [
          [
            118.60043715,
            24.89158905
          ],
          [
            118.57828776875,
            24.945803090625
          ]
        ]
      },
      "properties": {
        "purpose": "home_to_work",
        "origin_id": "O_00007",
        "destination_id": "D_00301",
        "destination_category": "education",
        "destination_name": "",
        "origin_pop": 4781.0,
        "destination_jobs": 27053.76,
        "distance_m": 6396.42,
        "trips": 186.7491
      }
    },
    {
      "type": "Feature",
      "geometry": {
        "type": "LineString",
        "coordinates": [
          [
            118.60043715,
            24.89158905
          ],
          [
            118.629396225,
            24.854245625
          ]
        ]
      },
      "properties": {
        "purpose": "home_to_work",
        "origin_id": "O_00007",
        "destination_id": "D_00962",
        "destination_category": "healthcare",
        "destination_name": "",
        "origin_pop": 4781.0,
        "destination_jobs": 17148.53,
        "distance_m": 5059.03,
        "trips": 184.8694
      }
    },
    {
      "type": "Feature",
      "geometry": {
        "type": "LineString",
        "coordinates": [
          [
            118.60043715,
            24.89158905
          ],
          [
            118.59383305000001,
            24.942276507142857
          ]
        ]
      },
      "properties": {
        "purpose": "home_to_work",
        "origin_id": "O_00007",
        "destination_id": "D_00300",
        "destination_category": "healthcare",
        "destination_name": "910医院",
        "origin_pop": 4781.0,
        "destination_jobs": 15831.81,
        "distance_m": 5642.52,
        "trips": 140.5074
      }
    },
    {
      "type": "Feature",
      "geometry": {
        "type": "LineString",
        "coordinates": [
          [
            118.60043715,
            24.89158905
          ],
          [
            118.65411906363637,
            24.87995060909091
          ]
        ]
      },
      "properties": {
        "purpose": "home_to_work",
        "origin_id": "O_00007",
        "destination_id": "D_00113",
        "destination_category": "education",
        "destination_name": "泉州幼儿师范高等专科学校",
        "origin_pop": 4781.0,
        "destination_jobs": 12051.56,
        "distance_m": 5571.57,
        "trips": 109.5175
      }
    },
    {
      "type": "Feature",
      "geometry": {
        "type": "LineString",
        "coordinates": [
          [
            118.60043715,
            24.89158905
          ],
          [
            118.61982626315789,
            24.887010705263158
          ]
        ]
      },
      "properties": {
        "purpose": "home_to_work",
        "origin_id": "O_00007",
        "destination_id": "D_00202",
        "destination_category": "education",
        "destination_name": "北京师范大学泉州附属中学",
        "origin_pop": 4781.0,
        "destination_jobs": 3586.93,
        "distance_m": 2022.28,
        "trips": 106.4082
      }
    },
    {
      "type": "Feature",
      "geometry": {
        "type": "LineString",
        "coordinates": [
          [
            118.60000744999999,
            24.8908556
          ],
          [
            118.62414069230769,
            24.88434541538462
          ]
        ]
      },
      "properties": {
        "purpose": "home_to_work",
        "origin_id": "O_00008",
        "destination_id": "D_00204",
        "destination_category": "education",
        "destination_name": "黎明职业大学",
        "origin_pop": 4898.0,
        "destination_jobs": 20180.72,
        "distance_m": 2541.06,
        "trips": 521.0994
      }
    },
    {
      "type": "Feature",
      "geometry": {
        "type": "LineString",
        "coordinates": [
          [
            118.60000744999999,
            24.8908556
          ],
          [
            118.66633520434783,
            24.872914973913044
          ]
        ]
      },
      "properties": {
        "purpose": "home_to_work",
        "origin_id": "O_00008",
        "destination_id": "D_00108",
        "destination_category": "education",
        "destination_name": "泉州师范学院",
        "origin_pop": 4898.0,
        "destination_jobs": 49778.48,
        "distance_m": 6985.65,
        "trips": 292.1496
      }
    },
    {
      "type": "Feature",
      "geometry": {
        "type": "LineString",
        "coordinates": [
          [
            118.60000744999999,
            24.8908556
          ],
          [
            118.63935618000001,
            24.939899246666666
          ]
        ]
      },
      "properties": {
        "purpose": "home_to_work",
        "origin_id": "O_00008",
        "destination_id": "D_00149",
        "destination_category": "education",
        "destination_name": "华侨大学",
        "origin_pop": 4898.0,
        "destination_jobs": 36219.49,
        "distance_m": 6721.02,
        "trips": 232.1748
      }
    },
    {
      "type": "Feature",
      "geometry": {
        "type": "LineString",
        "coordinates": [
          [
            118.60000744999999,
            24.8908556
          ],
          [
            118.57454498235293,
            24.915936364705882
          ]
        ]
      },
      "properties": {
        "purpose": "home_to_work",
        "origin_id": "O_00008",
        "destination_id": "D_00321",
        "destination_category": "commercial_office",
        "destination_name": "源和1916创意产业园",
        "origin_pop": 4898.0,
        "destination_jobs": 12593.06,
        "distance_m": 3781.01,
        "trips": 215.0871
      }
    },
    {
      "type": "Feature",
      "geometry": {
        "type": "LineString",
        "coordinates": [
          [
            118.60000744999999,
            24.8908556
          ],
          [
            118.67346315,
            24.873829045
          ]
        ]
      },
      "properties": {
        "purpose": "home_to_work",
        "origin_id": "O_00008",
        "destination_id": "D_00662",
        "destination_category": "commercial_office",
        "destination_name": "",
        "origin_pop": 4898.0,
        "destination_jobs": 41918.35,
        "distance_m": 7653.08,
        "trips": 196.946
      }
    },
    {
      "type": "Feature",
      "geometry": {
        "type": "LineString",
        "coordinates": [
          [
            118.60000744999999,
            24.8908556
          ],
          [
            118.629396225,
            24.854245625
          ]
        ]
      },
      "properties": {
        "purpose": "home_to_work",
        "origin_id": "O_00008",
        "destination_id": "D_00962",
        "destination_category": "healthcare",
        "destination_name": "",
        "origin_pop": 4898.0,
        "destination_jobs": 17148.53,
        "distance_m": 5018.64,
        "trips": 193.8849
      }
    },
    {
      "type": "Feature",
      "geometry": {
        "type": "LineString",
        "coordinates": [
          [
            118.60000744999999,
            24.8908556
          ],
          [
            118.57828776875,
            24.945803090625
          ]
        ]
      },
      "properties": {
        "purpose": "home_to_work",
        "origin_id": "O_00008",
        "destination_id": "D_00301",
        "destination_category": "education",
        "destination_name": "",
        "origin_pop": 4898.0,
        "destination_jobs": 27053.76,
        "distance_m": 6457.58,
        "trips": 189.3375
      }
    },
    {
      "type": "Feature",
      "geometry": {
        "type": "LineString",
        "coordinates": [
          [
            118.60000744999999,
            24.8908556
          ],
          [
            118.59383305000001,
            24.942276507142857
          ]
        ]
      },
      "properties": {
        "purpose": "home_to_work",
        "origin_id": "O_00008",
        "destination_id": "D_00300",
        "destination_category": "healthcare",
        "destination_name": "910医院",
        "origin_pop": 4898.0,
        "destination_jobs": 15831.81,
        "distance_m": 5718.15,
        "trips": 141.77
      }
    },
    {
      "type": "Feature",
      "geometry": {
        "type": "LineString",
        "coordinates": [
          [
            118.60000744999999,
            24.8908556
          ],
          [
            118.65411906363637,
            24.87995060909091
          ]
        ]
      },
      "properties": {
        "purpose": "home_to_work",
        "origin_id": "O_00008",
        "destination_id": "D_00113",
        "destination_category": "education",
        "destination_name": "泉州幼儿师范高等专科学校",
        "origin_pop": 4898.0,
        "destination_jobs": 12051.56,
        "distance_m": 5595.79,
        "trips": 112.4112
      }
    },
    {
      "type": "Feature",
      "geometry": {
        "type": "LineString",
        "coordinates": [
          [
            118.60000744999999,
            24.8908556
          ],
          [
            118.61982626315789,
            24.887010705263158
          ]
        ]
      },
      "properties": {
        "purpose": "home_to_work",
        "origin_id": "O_00008",
        "destination_id": "D_00202",
        "destination_category": "education",
        "destination_name": "北京师范大学泉州附属中学",
        "origin_pop": 4898.0,
        "destination_jobs": 3586.93,
        "distance_m": 2045.96,
        "trips": 109.2396
      }
    },
    {
      "type": "Feature",
      "geometry": {
        "type": "LineString",
        "coordinates": [
          [
            118.59881695,
            24.894257425
          ],
          [
            118.62414069230769,
            24.88434541538462
          ]
        ]
      },
      "properties": {
        "purpose": "home_to_work",
        "origin_id": "O_00009",
        "destination_id": "D_00204",
        "destination_category": "education",
        "destination_name": "黎明职业大学",
        "origin_pop": 1238.0,
        "destination_jobs": 20180.72,
        "distance_m": 2782.06,
        "trips": 122.3193
      }
    },
    {
      "type": "Feature",
      "geometry": {
        "type": "LineString",
        "coordinates": [
          [
            118.59881695,
            24.894257425
          ],
          [
            118.66633520434783,
            24.872914973913044
          ]
        ]
      },
      "properties": {
        "purpose": "home_to_work",
        "origin_id": "O_00009",
        "destination_id": "D_00108",
        "destination_category": "education",
        "destination_name": "泉州师范学院",
        "origin_pop": 1238.0,
        "destination_jobs": 49778.48,
        "distance_m": 7214.98,
        "trips": 68.8444
      }
    },
    {
      "type": "Feature",
      "geometry": {
        "type": "LineString",
        "coordinates": [
          [
            118.59881695,
            24.894257425
          ],
          [
            118.63935618000001,
            24.939899246666666
          ]
        ]
      },
      "properties": {
        "purpose": "home_to_work",
        "origin_id": "O_00009",
        "destination_id": "D_00149",
        "destination_category": "education",
        "destination_name": "华侨大学",
        "origin_pop": 1238.0,
        "destination_jobs": 36219.49,
        "distance_m": 6496.56,
        "trips": 63.6461
      }
    },
    {
      "type": "Feature",
      "geometry": {
        "type": "LineString",
        "coordinates": [
          [
            118.59881695,
            24.894257425
          ],
          [
            118.57454498235293,
            24.915936364705882
          ]
        ]
      },
      "properties": {
        "purpose": "home_to_work",
        "origin_id": "O_00009",
        "destination_id": "D_00321",
        "destination_category": "commercial_office",
        "destination_name": "源和1916创意产业园",
        "origin_pop": 1238.0,
        "destination_jobs": 12593.06,
        "distance_m": 3427.62,
        "trips": 61.551
      }
    },
    {
      "type": "Feature",
      "geometry": {
        "type": "LineString",
        "coordinates": [
          [
            118.59881695,
            24.894257425
          ],
          [
            118.57828776875,
            24.945803090625
          ]
        ]
      },
      "properties": {
        "purpose": "home_to_work",
        "origin_id": "O_00009",
        "destination_id": "D_00301",
        "destination_category": "education",
        "destination_name": "",
        "origin_pop": 1238.0,
        "destination_jobs": 27053.76,
        "distance_m": 6063.09,
        "trips": 54.9299
      }
    },
    {
      "type": "Feature",
      "geometry": {
        "type": "LineString",
        "coordinates": [
          [
            118.59881695,
            24.894257425
          ],
          [
            118.67346315,
            24.873829045
          ]
        ]
      },
      "properties": {
        "purpose": "home_to_work",
        "origin_id": "O_00009",
        "destination_id": "D_00662",
        "destination_category": "commercial_office",
        "destination_name": "",
        "origin_pop": 1238.0,
        "destination_jobs": 41918.35,
        "distance_m": 7869.12,
        "trips": 46.6159
      }
    },
    {
      "type": "Feature",
      "geometry": {
        "type": "LineString",
        "coordinates": [
          [
            118.59881695,
            24.894257425
          ],
          [
            118.629396225,
            24.854245625
          ]
        ]
      },
      "properties": {
        "purpose": "home_to_work",
        "origin_id": "O_00009",
        "destination_id": "D_00962",
        "destination_category": "healthcare",
        "destination_name": "",
        "origin_pop": 1238.0,
        "destination_jobs": 17148.53,
        "distance_m": 5394.41,
        "trips": 43.5119
      }
    },
    {
      "type": "Feature",
      "geometry": {
        "type": "LineString",
        "coordinates": [
          [
            118.59881695,
            24.894257425
          ],
          [
            118.59383305000001,
            24.942276507142857
          ]
        ]
      },
      "properties": {
        "purpose": "home_to_work",
        "origin_id": "O_00009",
        "destination_id": "D_00300",
        "destination_category": "healthcare",
        "destination_name": "910医院",
        "origin_pop": 1238.0,
        "destination_jobs": 15831.81,
        "distance_m": 5331.82,
        "trips": 41.0178
      }
    },
    {
      "type": "Feature",
      "geometry": {
        "type": "LineString",
        "coordinates": [
          [
            118.59881695,
            24.894257425
          ],
          [
            118.59354837999999,
            24.915964273333334
          ]
        ]
      },
      "properties": {
        "purpose": "home_to_work",
        "origin_id": "O_00009",
        "destination_id": "D_00674",
        "destination_category": "healthcare",
        "destination_name": "泉州市第一医院",
        "origin_pop": 1238.0,
        "destination_jobs": 4099.66,
        "distance_m": 2457.73,
        "trips": 27.6858
      }
    },
    {
      "type": "Feature",
      "geometry": {
        "type": "LineString",
        "coordinates": [
          [
            118.59881695,
            24.894257425
          ],
          [
            118.58039623076924,
            24.921369546153848
          ]
        ]
      },
      "properties": {
        "purpose": "home_to_work",
        "origin_id": "O_00009",
        "destination_id": "D_00272",
        "destination_category": "commercial_office",
        "destination_name": "开元盛世广场",
        "origin_pop": 1238.0,
        "destination_jobs": 5705.79,
        "distance_m": 3527.17,
        "trips": 26.9779
      }
    },
    {
      "type": "Feature",
      "geometry": {
        "type": "LineString",
        "coordinates": [
          [
            118.59886315,
            24.893928225
          ],
          [
            118.62414069230769,
            24.88434541538462
          ]
        ]
      },
      "properties": {
        "purpose": "home_to_work",
        "origin_id": "O_00010",
        "destination_id": "D_00204",
        "destination_category": "education",
        "destination_name": "黎明职业大学",
        "origin_pop": 4971.0,
        "destination_jobs": 20180.72,
        "distance_m": 2763.62,
        "trips": 495.0295
      }
    },
    {
      "type": "Feature",
      "geometry": {
        "type": "LineString",
        "coordinates": [
          [
            118.59886315,
            24.893928225
          ],
          [
            118.66633520434783,
            24.872914973913044
          ]
        ]
      },
      "properties": {
        "purpose": "home_to_work",
        "origin_id": "O_00010",
        "destination_id": "D_00108",
        "destination_category": "education",
        "destination_name": "泉州师范学院",
        "origin_pop": 4971.0,
        "destination_jobs": 49778.48,
        "distance_m": 7198.76,
        "trips": 278.4098
      }
    },
    {
      "type": "Feature",
      "geometry": {
        "type": "LineString",
        "coordinates": [
          [
            118.59886315,
            24.893928225
          ],
          [
            118.63935618000001,
            24.939899246666666
          ]
        ]
      },
      "properties": {
        "purpose": "home_to_work",
        "origin_id": "O_00010",
        "destination_id": "D_00149",
        "destination_category": "education",
        "destination_name": "华侨大学",
        "origin_pop": 4971.0,
        "destination_jobs": 36219.49,
        "distance_m": 6521.94,
        "trips": 253.8429
      }
    },
    {
      "type": "Feature",
      "geometry": {
        "type": "LineString",
        "coordinates": [
          [
            118.59886315,
            24.893928225
          ],
          [
            118.57454498235293,
            24.915936364705882
          ]
        ]
      },
      "properties": {
        "purpose": "home_to_work",
        "origin_id": "O_00010",
        "destination_id": "D_00321",
        "destination_category": "commercial_office",
        "destination_name": "源和1916创意产业园",
        "origin_pop": 4971.0,
        "destination_jobs": 12593.06,
        "distance_m": 3456.47,
        "trips": 245.2027
      }
    },
    {
      "type": "Feature",
      "geometry": {
        "type": "LineString",
        "coordinates": [
          [
            118.59886315,
            24.893928225
          ],
          [
            118.57828776875,
            24.945803090625
          ]
        ]
      },
      "properties": {
        "purpose": "home_to_work",
        "origin_id": "O_00010",
        "destination_id": "D_00301",
        "destination_category": "education",
        "destination_name": "",
        "origin_pop": 4971.0,
        "destination_jobs": 27053.76,
        "distance_m": 6098.88,
        "trips": 218.3199
      }
    },
    {
      "type": "Feature",
      "geometry": {
        "type": "LineString",
        "coordinates": [
          [
            118.59886315,
            24.893928225
          ],
          [
            118.67346315,
            24.873829045
          ]
        ]
      },
      "properties": {
        "purpose": "home_to_work",
        "origin_id": "O_00010",
        "destination_id": "D_00662",
        "destination_category": "commercial_office",
        "destination_name": "",
        "origin_pop": 4971.0,
        "destination_jobs": 41918.35,
        "distance_m": 7854.29,
        "trips": 188.4292
      }
    },
    {
      "type": "Feature",
      "geometry": {
        "type": "LineString",
        "coordinates": [
          [
            118.59886315,
            24.893928225
          ],
          [
            118.629396225,
            24.854245625
          ]
        ]
      },
      "properties": {
        "purpose": "home_to_work",
        "origin_id": "O_00010",
        "destination_id": "D_00962",
        "destination_category": "healthcare",
        "destination_name": "",
        "origin_pop": 4971.0,
        "destination_jobs": 17148.53,
        "distance_m": 5361.93,
        "trips": 176.9202
      }
    },
    {
      "type": "Feature",
      "geometry": {
        "type": "LineString",
        "coordinates": [
          [
            118.59886315,
            24.893928225
          ],
          [
            118.59383305000001,
            24.942276507142857
          ]
        ]
      },
      "properties": {
        "purpose": "home_to_work",
        "origin_id": "O_00010",
        "destination_id": "D_00300",
        "destination_category": "healthcare",
        "destination_name": "910医院",
        "origin_pop": 4971.0,
        "destination_jobs": 15831.81,
        "distance_m": 5368.49,
        "trips": 162.9789
      }
    },
    {
      "type": "Feature",
      "geometry": {
        "type": "LineString",
        "coordinates": [
          [
            118.59886315,
            24.893928225
          ],
          [
            118.59354837999999,
            24.915964273333334
          ]
        ]
      },
      "properties": {
        "purpose": "home_to_work",
        "origin_id": "O_00010",
        "destination_id": "D_00674",
        "destination_category": "healthcare",
        "destination_name": "泉州市第一医院",
        "origin_pop": 4971.0,
        "destination_jobs": 4099.66,
        "distance_m": 2494.27,
        "trips": 110.0106
      }
    },
    {
      "type": "Feature",
      "geometry": {
        "type": "LineString",
        "coordinates": [
          [
            118.59886315,
            24.893928225
          ],
          [
            118.65411906363637,
            24.87995060909091
          ]
        ]
      },
      "properties": {
        "purpose": "home_to_work",
        "origin_id": "O_00010",
        "destination_id": "D_00113",
        "destination_category": "education",
        "destination_name": "泉州幼儿师范高等专科学校",
        "origin_pop": 4971.0,
        "destination_jobs": 12051.56,
        "distance_m": 5789.87,
        "trips": 107.8062
      }
    },
    {
      "type": "Feature",
      "geometry": {
        "type": "LineString",
        "coordinates": [
          [
            118.59862505,
            24.893755125
          ],
          [
            118.62414069230769,
            24.88434541538462
          ]
        ]
      },
      "properties": {
        "purpose": "home_to_work",
        "origin_id": "O_00011",
        "destination_id": "D_00204",
        "destination_category": "education",
        "destination_name": "黎明职业大学",
        "origin_pop": 4816.0,
        "destination_jobs": 20180.72,
        "distance_m": 2778.63,
        "trips": 479.3482
      }
    },
    {
      "type": "Feature",
      "geometry": {
        "type": "LineString",
        "coordinates": [
          [
            118.59862505,
            24.893755125
          ],
          [
            118.66633520434783,
            24.872914973913044
          ]
        ]
      },
      "properties": {
        "purpose": "home_to_work",
        "origin_id": "O_00011",
        "destination_id": "D_00108",
        "destination_category": "education",
        "destination_name": "泉州师范学院",
        "origin_pop": 4816.0,
        "destination_jobs": 49778.48,
        "distance_m": 7215.39,
        "trips": 269.444
      }
    },
    {
      "type": "Feature",
      "geometry": {
        "type": "LineString",
        "coordinates": [
          [
            118.59862505,
            24.893755125
          ],
          [
            118.63935618000001,
            24.939899246666666
          ]
        ]
      },
      "properties": {
        "purpose": "home_to_work",
        "origin_id": "O_00011",
        "destination_id": "D_00149",
        "destination_category": "education",
        "destination_name": "华侨大学",
        "origin_pop": 4816.0,
        "destination_jobs": 36219.49,
        "distance_m": 6551.92,
        "trips": 244.5777
      }
    },
    {
      "type": "Feature",
      "geometry": {
        "type": "LineString",
        "coordinates": [
          [
            118.59862505,
            24.893755125
          ],
          [
            118.57454498235293,
            24.915936364705882
          ]
        ]
      },
      "properties": {
        "purpose": "home_to_work",
        "origin_id": "O_00011",
        "destination_id": "D_00321",
        "destination_category": "commercial_office",
        "destination_name": "源和1916创意产业园",
        "origin_pop": 4816.0,
        "destination_jobs": 12593.06,
        "distance_m": 3453.0,
        "trips": 238.9023
      }
    },
    {
      "type": "Feature",
      "geometry": {
        "type": "LineString",
        "coordinates": [
          [
            118.59862505,
            24.893755125
          ],
          [
            118.57828776875,
            24.945803090625
          ]
        ]
      },
      "properties": {
        "purpose": "home_to_work",
        "origin_id": "O_00011",
        "destination_id": "D_00301",
        "destination_category": "education",
        "destination_name": "",
        "origin_pop": 4816.0,
        "destination_jobs": 27053.76,
        "distance_m": 6108.76,
        "trips": 211.766
      }
    },
    {
      "type": "Feature",
      "geometry": {
        "type": "LineString",
        "coordinates": [
          [
            118.59862505,
            24.893755125
          ],
          [
            118.67346315,
            24.873829045
          ]
        ]
      },
      "properties": {
        "purpose": "home_to_work",
        "origin_id": "O_00011",
        "destination_id": "D_00662",
        "destination_category": "commercial_office",
        "destination_name": "",
        "origin_pop": 4816.0,
        "destination_jobs": 41918.35,
        "distance_m": 7871.99,
        "trips": 182.2967
      }
    },
    {
      "type": "Feature",
      "geometry": {
        "type": "LineString",
        "coordinates": [
          [
            118.59862505,
            24.893755125
          ],
          [
            118.629396225,
            24.854245625
          ]
        ]
      },
      "properties": {
        "purpose": "home_to_work",
        "origin_id": "O_00011",
        "destination_id": "D_00962",
        "destination_category": "healthcare",
        "destination_name": "",
        "origin_pop": 4816.0,
        "destination_jobs": 17148.53,
        "distance_m": 5360.2,
        "trips": 172.2744
      }
    },
    {
      "type": "Feature",
      "geometry": {
        "type": "LineString",
        "coordinates": [
          [
            118.59862505,
            24.893755125
          ],
          [
            118.59383305000001,
            24.942276507142857
          ]
        ]
      },
      "properties": {
        "purpose": "home_to_work",
        "origin_id": "O_00011",
        "destination_id": "D_00300",
        "destination_category": "healthcare",
        "destination_name": "910医院",
        "origin_pop": 4816.0,
        "destination_jobs": 15831.81,
        "distance_m": 5385.33,
        "trips": 157.7198
      }
    },
    {
      "type": "Feature",
      "geometry": {
        "type": "LineString",
        "coordinates": [
          [
            118.59862505,
            24.893755125
          ],
          [
            118.59354837999999,
            24.915964273333334
          ]
        ]
      },
      "properties": {
        "purpose": "home_to_work",
        "origin_id": "O_00011",
        "destination_id": "D_00674",
        "destination_category": "healthcare",
        "destination_name": "泉州市第一医院",
        "origin_pop": 4816.0,
        "destination_jobs": 4099.66,
        "distance_m": 2507.94,
        "trips": 106.5733
      }
    },
    {
      "type": "Feature",
      "geometry": {
        "type": "LineString",
        "coordinates": [
          [
            118.59862505,
            24.893755125
          ],
          [
            118.58039623076924,
            24.921369546153848
          ]
        ]
      },
      "properties": {
        "purpose": "home_to_work",
        "origin_id": "O_00011",
        "destination_id": "D_00272",
        "destination_category": "commercial_office",
        "destination_name": "开元盛世广场",
        "origin_pop": 4816.0,
        "destination_jobs": 5705.79,
        "distance_m": 3564.43,
        "trips": 104.2975
      }
    },
    {
      "type": "Feature",
      "geometry": {
        "type": "LineString",
        "coordinates": [
          [
            118.59891415,
            24.893667525
          ],
          [
            118.62414069230769,
            24.88434541538462
          ]
        ]
      },
      "properties": {
        "purpose": "home_to_work",
        "origin_id": "O_00012",
        "destination_id": "D_00204",
        "destination_category": "education",
        "destination_name": "黎明职业大学",
        "origin_pop": 4914.0,
        "destination_jobs": 20180.72,
        "distance_m": 2747.93,
        "trips": 492.2619
      }
    },
    {
      "type": "Feature",
      "geometry": {
        "type": "LineString",
        "coordinates": [
          [
            118.59891415,
            24.893667525
          ],
          [
            118.66633520434783,
            24.872914973913044
          ]
        ]
      },
      "properties": {
        "purpose": "home_to_work",
        "origin_id": "O_00012",
        "destination_id": "D_00108",
        "destination_category": "education",
        "destination_name": "泉州师范学院",
        "origin_pop": 4914.0,
        "destination_jobs": 49778.48,
        "distance_m": 7184.64,
        "trips": 276.7085
      }
    },
    {
      "type": "Feature",
      "geometry": {
        "type": "LineString",
        "coordinates": [
          [
            118.59891415,
            24.893667525
          ],
          [
            118.63935618000001,
            24.939899246666666
          ]
        ]
      },
      "properties": {
        "purpose": "home_to_work",
        "origin_id": "O_00012",
        "destination_id": "D_00149",
        "destination_category": "education",
        "destination_name": "华侨大学",
        "origin_pop": 4914.0,
        "destination_jobs": 36219.49,
        "distance_m": 6541.2,
        "trips": 249.4996
      }
    },
    {
      "type": "Feature",
      "geometry": {
        "type": "LineString",
        "coordinates": [
          [
            118.59891415,
            24.893667525
          ],
          [
            118.57454498235293,
            24.915936364705882
          ]
        ]
      },
      "properties": {
        "purpose": "home_to_work",
        "origin_id": "O_00012",
        "destination_id": "D_00321",
        "destination_category": "commercial_office",
        "destination_name": "源和1916创意产业园",
        "origin_pop": 4914.0,
        "destination_jobs": 12593.06,
        "distance_m": 3480.46,
        "trips": 240.6285
      }
    },
    {
      "type": "Feature",
      "geometry": {
        "type": "LineString",
        "coordinates": [
          [
            118.59891415,
            24.893667525
          ],
          [
            118.57828776875,
            24.945803090625
          ]
        ]
      },
      "properties": {
        "purpose": "home_to_work",
        "origin_id": "O_00012",
        "destination_id": "D_00301",
        "destination_category": "education",
        "destination_name": "",
        "origin_pop": 4914.0,
        "destination_jobs": 27053.76,
        "distance_m": 6127.73,
        "trips": 213.8999
      }
    },
    {
      "type": "Feature",
      "geometry": {
        "type": "LineString",
        "coordinates": [
          [
            118.59891415,
            24.893667525
          ],
          [
            118.67346315,
            24.873829045
          ]
        ]
      },
      "properties": {
        "purpose": "home_to_work",
        "origin_id": "O_00012",
        "destination_id": "D_00662",
        "destination_category": "commercial_office",
        "destination_name": "",
        "origin_pop": 4914.0,
        "destination_jobs": 41918.35,
        "distance_m": 7841.25,
        "trips": 187.2104
      }
    },
    {
      "type": "Feature",
      "geometry": {
        "type": "LineString",
        "coordinates": [
          [
            118.59891415,
            24.893667525
          ],
          [
            118.629396225,
            24.854245625
          ]
        ]
      },
      "properties": {
        "purpose": "home_to_work",
        "origin_id": "O_00012",
        "destination_id": "D_00962",
        "destination_category": "healthcare",
        "destination_name": "",
        "origin_pop": 4914.0,
        "destination_jobs": 17148.53,
        "distance_m": 5335.41,
        "trips": 176.5674
      }
    },
    {
      "type": "Feature",
      "geometry": {
        "type": "LineString",
        "coordinates": [
          [
            118.59891415,
            24.893667525
          ],
          [
            118.59383305000001,
            24.942276507142857
          ]
        ]
      },
      "properties": {
        "purpose": "home_to_work",
        "origin_id": "O_00012",
        "destination_id": "D_00300",
        "destination_category": "healthcare",
        "destination_name": "910医院",
        "origin_pop": 4914.0,
        "destination_jobs": 15831.81,
        "distance_m": 5397.67,
        "trips": 159.662
      }
    },
    {
      "type": "Feature",
      "geometry": {
        "type": "LineString",
        "coordinates": [
          [
            118.59891415,
            24.893667525
          ],
          [
            118.59354837999999,
            24.915964273333334
          ]
        ]
      },
      "properties": {
        "purpose": "home_to_work",
        "origin_id": "O_00012",
        "destination_id": "D_00674",
        "destination_category": "healthcare",
        "destination_name": "泉州市第一医院",
        "origin_pop": 4914.0,
        "destination_jobs": 4099.66,
        "distance_m": 2523.52,
        "trips": 107.769
      }
    },
    {
      "type": "Feature",
      "geometry": {
        "type": "LineString",
        "coordinates": [
          [
            118.59891415,
            24.893667525
          ],
          [
            118.65411906363637,
            24.87995060909091
          ]
        ]
      },
      "properties": {
        "purpose": "home_to_work",
        "origin_id": "O_00012",
        "destination_id": "D_00113",
        "destination_category": "education",
        "destination_name": "泉州幼儿师范高等专科学校",
        "origin_pop": 4914.0,
        "destination_jobs": 12051.56,
        "distance_m": 5777.28,
        "trips": 107.0927
      }
    },
    {
      "type": "Feature",
      "geometry": {
        "type": "LineString",
        "coordinates": [
          [
            118.59866475,
            24.893477425
          ],
          [
            118.62414069230769,
            24.88434541538462
          ]
        ]
      },
      "properties": {
        "purpose": "home_to_work",
        "origin_id": "O_00013",
        "destination_id": "D_00204",
        "destination_category": "education",
        "destination_name": "黎明职业大学",
        "origin_pop": 4852.0,
        "destination_jobs": 20180.72,
        "distance_m": 2763.55,
        "trips": 485.8507
      }
    },
    {
      "type": "Feature",
      "geometry": {
        "type": "LineString",
        "coordinates": [
          [
            118.59866475,
            24.893477425
          ],
          [
            118.66633520434783,
            24.872914973913044
          ]
        ]
      },
      "properties": {
        "purpose": "home_to_work",
        "origin_id": "O_00013",
        "destination_id": "D_00108",
        "destination_category": "education",
        "destination_name": "泉州师范学院",
        "origin_pop": 4852.0,
        "destination_jobs": 49778.48,
        "distance_m": 7201.85,
        "trips": 272.9593
      }
    },
    {
      "type": "Feature",
      "geometry": {
        "type": "LineString",
        "coordinates": [
          [
            118.59866475,
            24.893477425
          ],
          [
            118.63935618000001,
            24.939899246666666
          ]
        ]
      },
      "properties": {
        "purpose": "home_to_work",
        "origin_id": "O_00013",
        "destination_id": "D_00149",
        "destination_category": "education",
        "destination_name": "华侨大学",
        "origin_pop": 4852.0,
        "destination_jobs": 36219.49,
        "distance_m": 6573.34,
        "trips": 244.8979
      }
    },
    {
      "type": "Feature",
      "geometry": {
        "type": "LineString",
        "coordinates": [
          [
            118.59866475,
            24.893477425
          ],
          [
            118.57454498235293,
            24.915936364705882
          ]
        ]
      },
      "properties": {
        "purpose": "home_to_work",
        "origin_id": "O_00013",
        "destination_id": "D_00321",
        "destination_category": "commercial_office",
        "destination_name": "源和1916创意产业园",
        "origin_pop": 4852.0,
        "destination_jobs": 12593.06,
        "distance_m": 3477.67,
        "trips": 238.9561
      }
    },
    {
      "type": "Feature",
      "geometry": {
        "type": "LineString",
        "coordinates": [
          [
            118.59866475,
            24.893477425
          ],
          [
            118.57828776875,
            24.945803090625
          ]
        ]
      },
      "properties": {
        "purpose": "home_to_work",
        "origin_id": "O_00013",
        "destination_id": "D_00301",
        "destination_category": "education",
        "destination_name": "",
        "origin_pop": 4852.0,
        "destination_jobs": 27053.76,
        "distance_m": 6139.02,
        "trips": 211.4194
      }
    },
    {
      "type": "Feature",
      "geometry": {
        "type": "LineString",
        "coordinates": [
          [
            118.59866475,
            24.893477425
          ],
          [
            118.67346315,
            24.873829045
          ]
        ]
      },
      "properties": {
        "purpose": "home_to_work",
        "origin_id": "O_00013",
        "destination_id": "D_00662",
        "destination_category": "commercial_office",
        "destination_name": "",
        "origin_pop": 4852.0,
        "destination_jobs": 41918.35,
        "distance_m": 7859.61,
        "trips": 184.6037
      }
    },
    {
      "type": "Feature",
      "geometry": {
        "type": "LineString",
        "coordinates": [
          [
            118.59866475,
            24.893477425
          ],
          [
            118.629396225,
            24.854245625
          ]
        ]
      },
      "properties": {
        "purpose": "home_to_work",
        "origin_id": "O_00013",
        "destination_id": "D_00962",
        "destination_category": "healthcare",
        "destination_name": "",
        "origin_pop": 4852.0,
        "destination_jobs": 17148.53,
        "distance_m": 5332.88,
        "trips": 175.3252
      }
    },
    {
      "type": "Feature",
      "geometry": {
        "type": "LineString",
        "coordinates": [
          [
            118.59866475,
            24.893477425
          ],
          [
            118.59383305000001,
            24.942276507142857
          ]
        ]
      },
      "properties": {
        "purpose": "home_to_work",
        "origin_id": "O_00013",
        "destination_id": "D_00300",
        "destination_category": "healthcare",
        "destination_name": "910医院",
        "origin_pop": 4852.0,
        "destination_jobs": 15831.81,
        "distance_m": 5416.26,
        "trips": 157.4265
      }
    },
    {
      "type": "Feature",
      "geometry": {
        "type": "LineString",
        "coordinates": [
          [
            118.59866475,
            24.893477425
          ],
          [
            118.59354837999999,
            24.915964273333334
          ]
        ]
      },
      "properties": {
        "purpose": "home_to_work",
        "origin_id": "O_00013",
        "destination_id": "D_00674",
        "destination_category": "healthcare",
        "destination_name": "泉州市第一医院",
        "origin_pop": 4852.0,
        "destination_jobs": 4099.66,
        "distance_m": 2538.81,
        "trips": 106.3773
      }
    },
    {
      "type": "Feature",
      "geometry": {
        "type": "LineString",
        "coordinates": [
          [
            118.59866475,
            24.893477425
          ],
          [
            118.65411906363637,
            24.87995060909091
          ]
        ]
      },
      "properties": {
        "purpose": "home_to_work",
        "origin_id": "O_00013",
        "destination_id": "D_00113",
        "destination_category": "education",
        "destination_name": "泉州幼儿师范高等专科学校",
        "origin_pop": 4852.0,
        "destination_jobs": 12051.56,
        "distance_m": 5796.13,
        "trips": 105.5841
      }
    },
    {
      "type": "Feature",
      "geometry": {
        "type": "LineString",
        "coordinates": [
          [
            118.59816221666667,
            24.891914566666667
          ],
          [
            118.62414069230769,
            24.88434541538462
          ]
        ]
      },
      "properties": {
        "purpose": "home_to_work",
        "origin_id": "O_00014",
        "destination_id": "D_00204",
        "destination_category": "education",
        "destination_name": "黎明职业大学",
        "origin_pop": 4780.0,
        "destination_jobs": 20180.72,
        "distance_m": 2753.55,
        "trips": 488.0781
      }
    },
    {
      "type": "Feature",
      "geometry": {
        "type": "LineString",
        "coordinates": [
          [
            118.59816221666667,
            24.891914566666667
          ],
          [
            118.66633520434783,
            24.872914973913044
          ]
        ]
      },
      "properties": {
        "purpose": "home_to_work",
        "origin_id": "O_00014",
        "destination_id": "D_00108",
        "destination_category": "education",
        "destination_name": "泉州师范学院",
        "origin_pop": 4780.0,
        "destination_jobs": 49778.48,
        "distance_m": 7197.78,
        "trips": 273.6698
      }
    },
    {
      "type": "Feature",
      "geometry": {
        "type": "LineString",
        "coordinates": [
          [
            118.59816221666667,
            24.891914566666667
          ],
          [
            118.57454498235293,
            24.915936364705882
          ]
        ]
      },
      "properties": {
        "purpose": "home_to_work",
        "origin_id": "O_00014",
        "destination_id": "D_00321",
        "destination_category": "commercial_office",
        "destination_name": "源和1916创意产业园",
        "origin_pop": 4780.0,
        "destination_jobs": 12593.06,
        "distance_m": 3568.94,
        "trips": 232.0835
      }
    },
    {
      "type": "Feature",
      "geometry": {
        "type": "LineString",
        "coordinates": [
          [
            118.59816221666667,
            24.891914566666667
          ],
          [
            118.63935618000001,
            24.939899246666666
          ]
        ]
      },
      "properties": {
        "purpose": "home_to_work",
        "origin_id": "O_00014",
        "destination_id": "D_00149",
        "destination_category": "education",
        "destination_name": "华侨大学",
        "origin_pop": 4780.0,
        "destination_jobs": 36219.49,
        "distance_m": 6740.28,
        "trips": 231.9303
      }
    },
    {
      "type": "Feature",
      "geometry": {
        "type": "LineString",
        "coordinates": [
          [
            118.59816221666667,
            24.891914566666667
          ],
          [
            118.57828776875,
            24.945803090625
          ]
        ]
      },
      "properties": {
        "purpose": "home_to_work",
        "origin_id": "O_00014",
        "destination_id": "D_00301",
        "destination_category": "education",
        "destination_name": "",
        "origin_pop": 4780.0,
        "destination_jobs": 27053.76,
        "distance_m": 6285.68,
        "trips": 201.5821
      }
    },
    {
      "type": "Feature",
      "geometry": {
        "type": "LineString",
        "coordinates": [
          [
            118.59816221666667,
            24.891914566666667
          ],
          [
            118.67346315,
            24.873829045
          ]
        ]
      },
      "properties": {
        "purpose": "home_to_work",
        "origin_id": "O_00014",
        "destination_id": "D_00662",
        "destination_category": "commercial_office",
        "destination_name": "",
        "origin_pop": 4780.0,
        "destination_jobs": 41918.35,
        "distance_m": 7862.75,
        "trips": 184.6394
      }
    },
    {
      "type": "Feature",
      "geometry": {
        "type": "LineString",
        "coordinates": [
          [
            118.59816221666667,
            24.891914566666667
          ],
          [
            118.629396225,
            24.854245625
          ]
        ]
      },
      "properties": {
        "purpose": "home_to_work",
        "origin_id": "O_00014",
        "destination_id": "D_00962",
        "destination_category": "healthcare",
        "destination_name": "",
        "origin_pop": 4780.0,
        "destination_jobs": 17148.53,
        "distance_m": 5223.87,
        "trips": 182.0389
      }
    },
    {
      "type": "Feature",
      "geometry": {
        "type": "LineString",
        "coordinates": [
          [
            118.59816221666667,
            24.891914566666667
          ],
          [
            118.59383305000001,
            24.942276507142857
          ]
        ]
      },
      "properties": {
        "purpose": "home_to_work",
        "origin_id": "O_00014",
        "destination_id": "D_00300",
        "destination_category": "healthcare",
        "destination_name": "910医院",
        "origin_pop": 4780.0,
        "destination_jobs": 15831.81,
        "distance_m": 5584.14,
        "trips": 149.0437
      }
    },
    {
      "type": "Feature",
      "geometry": {
        "type": "LineString",
        "coordinates": [
          [
            118.59816221666667,
            24.891914566666667
          ],
          [
            118.65411906363637,
            24.87995060909091
          ]
        ]
      },
      "properties": {
        "purpose": "home_to_work",
        "origin_id": "O_00014",
        "destination_id": "D_00113",
        "destination_category": "education",
        "destination_name": "泉州幼儿师范高等专科学校",
        "origin_pop": 4780.0,
        "destination_jobs": 12051.56,
        "distance_m": 5803.42,
        "trips": 105.4586
      }
    },
    {
      "type": "Feature",
      "geometry": {
        "type": "LineString",
        "coordinates": [
          [
            118.59816221666667,
            24.891914566666667
          ],
          [
            118.61982626315789,
            24.887010705263158
          ]
        ]
      },
      "properties": {
        "purpose": "home_to_work",
        "origin_id": "O_00014",
        "destination_id": "D_00202",
        "destination_category": "education",
        "destination_name": "北京师范大学泉州附属中学",
        "origin_pop": 4780.0,
        "destination_jobs": 3586.93,
        "distance_m": 2253.81,
        "trips": 102.4756
      }
    },
    {
      "type": "Feature",
      "geometry": {
        "type": "LineString",
        "coordinates": [
          [
            118.598502425,
            24.892321775
          ],
          [
            118.62414069230769,
            24.88434541538462
          ]
        ]
      },
      "properties": {
        "purpose": "home_to_work",
        "origin_id": "O_00015",
        "destination_id": "D_00204",
        "destination_category": "education",
        "destination_name": "黎明职业大学",
        "origin_pop": 5079.0,
        "destination_jobs": 20180.72,
        "distance_m": 2735.01,
        "trips": 517.919
      }
    },
    {
      "type": "Feature",
      "geometry": {
        "type": "LineString",
        "coordinates": [
          [
            118.598502425,
            24.892321775
          ],
          [
            118.66633520434783,
            24.872914973913044
          ]
        ]
      },
      "properties": {
        "purpose": "home_to_work",
        "origin_id": "O_00015",
        "destination_id": "D_00108",
        "destination_category": "education",
        "destination_name": "泉州师范学院",
        "origin_pop": 5079.0,
        "destination_jobs": 49778.48,
        "distance_m": 7178.23,
        "trips": 290.4992
      }
    },
    {
      "type": "Feature",
      "geometry": {
        "type": "LineString",
        "coordinates": [
          [
            118.598502425,
            24.892321775
          ],
          [
            118.63935618000001,
            24.939899246666666
          ]
        ]
      },
      "properties": {
        "purpose": "home_to_work",
        "origin_id": "O_00015",
        "destination_id": "D_00149",
        "destination_category": "education",
        "destination_name": "华侨大学",
        "origin_pop": 5079.0,
        "destination_jobs": 36219.49,
        "distance_m": 6683.66,
        "trips": 249.2545
      }
    },
    {
      "type": "Feature",
      "geometry": {
        "type": "LineString",
        "coordinates": [
          [
            118.598502425,
            24.892321775
          ],
          [
            118.57454498235293,
            24.915936364705882
          ]
        ]
      },
      "properties": {
        "purpose": "home_to_work",
        "origin_id": "O_00015",
        "destination_id": "D_00321",
        "destination_category": "commercial_office",
        "destination_name": "源和1916创意产业园",
        "origin_pop": 5079.0,
        "destination_jobs": 12593.06,
        "distance_m": 3558.83,
        "trips": 245.5819
      }
    },
    {
      "type": "Feature",
      "geometry": {
        "type": "LineString",
        "coordinates": [
          [
            118.598502425,
            24.892321775
          ],
          [
            118.57828776875,
            24.945803090625
          ]
        ]
      },
      "properties": {
        "purpose": "home_to_work",
        "origin_id": "O_00015",
        "destination_id": "D_00301",
        "destination_category": "education",
        "destination_name": "",
        "origin_pop": 5079.0,
        "destination_jobs": 27053.76,
        "distance_m": 6254.16,
        "trips": 214.8345
      }
    },
    {
      "type": "Feature",
      "geometry": {
        "type": "LineString",
        "coordinates": [
          [
            118.598502425,
            24.892321775
          ],
          [
            118.67346315,
            24.873829045
          ]
        ]
      },
      "properties": {
        "purpose": "home_to_work",
        "origin_id": "O_00015",
        "destination_id": "D_00662",
        "destination_category": "commercial_office",
        "destination_name": "",
        "origin_pop": 5079.0,
        "destination_jobs": 41918.35,
        "distance_m": 7841.13,
        "trips": 196.1297
      }
    },
    {
      "type": "Feature",
      "geometry": {
        "type": "LineString",
        "coordinates": [
          [
            118.598502425,
            24.892321775
          ],
          [
            118.629396225,
            24.854245625
          ]
        ]
      },
      "properties": {
        "purpose": "home_to_work",
        "origin_id": "O_00015",
        "destination_id": "D_00962",
        "destination_category": "healthcare",
        "destination_name": "",
        "origin_pop": 5079.0,
        "destination_jobs": 17148.53,
        "distance_m": 5239.28,
        "trips": 190.995
      }
    },
    {
      "type": "Feature",
      "geometry": {
        "type": "LineString",
        "coordinates": [
          [
            118.598502425,
            24.892321775
          ],
          [
            118.59383305000001,
            24.942276507142857
          ]
        ]
      },
      "properties": {
        "purpose": "home_to_work",
        "origin_id": "O_00015",
        "destination_id": "D_00300",
        "destination_category": "healthcare",
        "destination_name": "910医院",
        "origin_pop": 5079.0,
        "destination_jobs": 15831.81,
        "distance_m": 5542.08,
        "trips": 159.401
      }
    },
    {
      "type": "Feature",
      "geometry": {
        "type": "LineString",
        "coordinates": [
          [
            118.598502425,
            24.892321775
          ],
          [
            118.65411906363637,
            24.87995060909091
          ]
        ]
      },
      "properties": {
        "purpose": "home_to_work",
        "origin_id": "O_00015",
        "destination_id": "D_00113",
        "destination_category": "education",
        "destination_name": "泉州幼儿师范高等专科学校",
        "origin_pop": 5079.0,
        "destination_jobs": 12051.56,
        "distance_m": 5780.45,
        "trips": 112.0718
      }
    },
    {
      "type": "Feature",
      "geometry": {
        "type": "LineString",
        "coordinates": [
          [
            118.598502425,
            24.892321775
          ],
          [
            118.61982626315789,
            24.887010705263158
          ]
        ]
      },
      "properties": {
        "purpose": "home_to_work",
        "origin_id": "O_00015",
        "destination_id": "D_00202",
        "destination_category": "education",
        "destination_name": "北京师范大学泉州附属中学",
        "origin_pop": 5079.0,
        "destination_jobs": 3586.93,
        "distance_m": 2231.89,
        "trips": 108.8635
      }
    },
    {
      "type": "Feature",
      "geometry": {
        "type": "LineString",
        "coordinates": [
          [
            118.60044928333333,
            24.8921328
          ],
          [
            118.62414069230769,
            24.88434541538462
          ]
        ]
      },
      "properties": {
        "purpose": "home_to_work",
        "origin_id": "O_00016",
        "destination_id": "D_00204",
        "destination_category": "education",
        "destination_name": "黎明职业大学",
        "origin_pop": 4939.0,
        "destination_jobs": 20180.72,
        "distance_m": 2542.55,
        "trips": 519.1403
      }
    },
    {
      "type": "Feature",
      "geometry": {
        "type": "LineString",
        "coordinates": [
          [
            118.60044928333333,
            24.8921328
          ],
          [
            118.66633520434783,
            24.872914973913044
          ]
        ]
      },
      "properties": {
        "purpose": "home_to_work",
        "origin_id": "O_00016",
        "destination_id": "D_00108",
        "destination_category": "education",
        "destination_name": "泉州师范学院",
        "origin_pop": 4939.0,
        "destination_jobs": 49778.48,
        "distance_m": 6984.48,
        "trips": 291.3096
      }
    },
    {
      "type": "Feature",
      "geometry": {
        "type": "LineString",
        "coordinates": [
          [
            118.60044928333333,
            24.8921328
          ],
          [
            118.63935618000001,
            24.939899246666666
          ]
        ]
      },
      "properties": {
        "purpose": "home_to_work",
        "origin_id": "O_00016",
        "destination_id": "D_00149",
        "destination_category": "education",
        "destination_name": "华侨大学",
        "origin_pop": 4939.0,
        "destination_jobs": 36219.49,
        "distance_m": 6580.93,
        "trips": 242.4796
      }
    },
    {
      "type": "Feature",
      "geometry": {
        "type": "LineString",
        "coordinates": [
          [
            118.60044928333333,
            24.8921328
          ],
          [
            118.57454498235293,
            24.915936364705882
          ]
        ]
      },
      "properties": {
        "purpose": "home_to_work",
        "origin_id": "O_00016",
        "destination_id": "D_00321",
        "destination_category": "commercial_office",
        "destination_name": "源和1916创意产业园",
        "origin_pop": 4939.0,
        "destination_jobs": 12593.06,
        "distance_m": 3710.05,
        "trips": 219.5168
      }
    },
    {
      "type": "Feature",
      "geometry": {
        "type": "LineString",
        "coordinates": [
          [
            118.60044928333333,
            24.8921328
          ],
          [
            118.67346315,
            24.873829045
          ]
        ]
      },
      "properties": {
        "purpose": "home_to_work",
        "origin_id": "O_00016",
        "destination_id": "D_00662",
        "destination_category": "commercial_office",
        "destination_name": "",
        "origin_pop": 4939.0,
        "destination_jobs": 41918.35,
        "distance_m": 7645.95,
        "trips": 196.7708
      }
    },
    {
      "type": "Feature",
      "geometry": {
        "type": "LineString",
        "coordinates": [
          [
            118.60044928333333,
            24.8921328
          ],
          [
            118.57828776875,
            24.945803090625
          ]
        ]
      },
      "properties": {
        "purpose": "home_to_work",
        "origin_id": "O_00016",
        "destination_id": "D_00301",
        "destination_category": "education",
        "destination_name": "",
        "origin_pop": 4939.0,
        "destination_jobs": 27053.76,
        "distance_m": 6340.57,
        "trips": 196.226
      }
    },
    {
      "type": "Feature",
      "geometry": {
        "type": "LineString",
        "coordinates": [
          [
            118.60044928333333,
            24.8921328
          ],
          [
            118.629396225,
            24.854245625
          ]
        ]
      },
      "properties": {
        "purpose": "home_to_work",
        "origin_id": "O_00016",
        "destination_id": "D_00962",
        "destination_category": "healthcare",
        "destination_name": "",
        "origin_pop": 4939.0,
        "destination_jobs": 17148.53,
        "distance_m": 5107.49,
        "trips": 187.6131
      }
    },
    {
      "type": "Feature",
      "geometry": {
        "type": "LineString",
        "coordinates": [
          [
            118.60044928333333,
            24.8921328
          ],
          [
            118.59383305000001,
            24.942276507142857
          ]
        ]
      },
      "properties": {
        "purpose": "home_to_work",
        "origin_id": "O_00016",
        "destination_id": "D_00300",
        "destination_category": "healthcare",
        "destination_name": "910医院",
        "origin_pop": 4939.0,
        "destination_jobs": 15831.81,
        "distance_m": 5582.99,
        "trips": 147.8192
      }
    },
    {
      "type": "Feature",
      "geometry": {
        "type": "LineString",
        "coordinates": [
          [
            118.60044928333333,
            24.8921328
          ],
          [
            118.65411906363637,
            24.87995060909091
          ]
        ]
      },
      "properties": {
        "purpose": "home_to_work",
        "origin_id": "O_00016",
        "destination_id": "D_00113",
        "destination_category": "education",
        "destination_name": "泉州幼儿师范高等专科学校",
        "origin_pop": 4939.0,
        "destination_jobs": 12051.56,
        "distance_m": 5584.55,
        "trips": 112.4648
      }
    },
    {
      "type": "Feature",
      "geometry": {
        "type": "LineString",
        "coordinates": [
          [
            118.60044928333333,
            24.8921328
          ],
          [
            118.61982626315789,
            24.887010705263158
          ]
        ]
      },
      "properties": {
        "purpose": "home_to_work",
        "origin_id": "O_00016",
        "destination_id": "D_00202",
        "destination_category": "education",
        "destination_name": "北京师范大学泉州附属中学",
        "origin_pop": 4939.0,
        "destination_jobs": 3586.93,
        "distance_m": 2036.97,
        "trips": 109.2098
      }
    },
    {
      "type": "Feature",
      "geometry": {
        "type": "LineString",
        "coordinates": [
          [
            118.600597375,
            24.891906775
          ],
          [
            118.62414069230769,
            24.88434541538462
          ]
        ]
      },
      "properties": {
        "purpose": "home_to_work",
        "origin_id": "O_00017",
        "destination_id": "D_00204",
        "destination_category": "education",
        "destination_name": "黎明职业大学",
        "origin_pop": 4885.0,
        "destination_jobs": 20180.72,
        "distance_m": 2520.09,
        "trips": 516.2431
      }
    },
    {
      "type": "Feature",
      "geometry": {
        "type": "LineString",
        "coordinates": [
          [
            118.600597375,
            24.891906775
          ],
          [
            118.66633520434783,
            24.872914973913044
          ]
        ]
      },
      "properties": {
        "purpose": "home_to_work",
        "origin_id": "O_00017",
        "destination_id": "D_00108",
        "destination_category": "education",
        "destination_name": "泉州师范学院",
        "origin_pop": 4885.0,
        "destination_jobs": 49778.48,
        "distance_m": 6962.67,
        "trips": 289.6214
      }
    },
    {
      "type": "Feature",
      "geometry": {
        "type": "LineString",
        "coordinates": [
          [
            118.600597375,
            24.891906775
          ],
          [
            118.63935618000001,
            24.939899246666666
          ]
        ]
      },
      "properties": {
        "purpose": "home_to_work",
        "origin_id": "O_00017",
        "destination_id": "D_00149",
        "destination_category": "education",
        "destination_name": "华侨大学",
        "origin_pop": 4885.0,
        "destination_jobs": 36219.49,
        "distance_m": 6592.11,
        "trips": 238.4376
      }
    },
    {
      "type": "Feature",
      "geometry": {
        "type": "LineString",
        "coordinates": [
          [
            118.600597375,
            24.891906775
          ],
          [
            118.57454498235293,
            24.915936364705882
          ]
        ]
      },
      "properties": {
        "purpose": "home_to_work",
        "origin_id": "O_00017",
        "destination_id": "D_00321",
        "destination_category": "commercial_office",
        "destination_name": "源和1916创意产业园",
        "origin_pop": 4885.0,
        "destination_jobs": 12593.06,
        "distance_m": 3738.32,
        "trips": 214.6315
      }
    },
    {
      "type": "Feature",
      "geometry": {
        "type": "LineString",
        "coordinates": [
          [
            118.600597375,
            24.891906775
          ],
          [
            118.67346315,
            24.873829045
          ]
        ]
      },
      "properties": {
        "purpose": "home_to_work",
        "origin_id": "O_00017",
        "destination_id": "D_00662",
        "destination_category": "commercial_office",
        "destination_name": "",
        "origin_pop": 4885.0,
        "destination_jobs": 41918.35,
        "distance_m": 7624.95,
        "trips": 195.5774
      }
    },
    {
      "type": "Feature",
      "geometry": {
        "type": "LineString",
        "coordinates": [
          [
            118.600597375,
            24.891906775
          ],
          [
            118.57828776875,
            24.945803090625
          ]
        ]
      },
      "properties": {
        "purpose": "home_to_work",
        "origin_id": "O_00017",
        "destination_id": "D_00301",
        "destination_category": "education",
        "destination_name": "",
        "origin_pop": 4885.0,
        "destination_jobs": 27053.76,
        "distance_m": 6369.23,
        "trips": 191.8343
      }
    },
    {
      "type": "Feature",
      "geometry": {
        "type": "LineString",
        "coordinates": [
          [
            118.600597375,
            24.891906775
          ],
          [
            118.629396225,
            24.854245625
          ]
        ]
      },
      "properties": {
        "purpose": "home_to_work",
        "origin_id": "O_00017",
        "destination_id": "D_00962",
        "destination_category": "healthcare",
        "destination_name": "",
        "origin_pop": 4885.0,
        "destination_jobs": 17148.53,
        "distance_m": 5078.44,
        "trips": 186.9761
      }
    },
    {
      "type": "Feature",
      "geometry": {
        "type": "LineString",
        "coordinates": [
          [
            118.600597375,
            24.891906775
          ],
          [
            118.59383305000001,
            24.942276507142857
          ]
        ]
      },
      "properties": {
        "purpose": "home_to_work",
        "origin_id": "O_00017",
        "destination_id": "D_00300",
        "destination_category": "healthcare",
        "destination_name": "910医院",
        "origin_pop": 4885.0,
        "destination_jobs": 15831.81,
        "distance_m": 5609.59,
        "trips": 144.6096
      }
    },
    {
      "type": "Feature",
      "geometry": {
        "type": "LineString",
        "coordinates": [
          [
            118.600597375,
            24.891906775
          ],
          [
            118.65411906363637,
            24.87995060909091
          ]
        ]
      },
      "properties": {
        "purpose": "home_to_work",
        "origin_id": "O_00017",
        "destination_id": "D_00113",
        "destination_category": "education",
        "destination_name": "泉州幼儿师范高等专科学校",
        "origin_pop": 4885.0,
        "destination_jobs": 12051.56,
        "distance_m": 5564.06,
        "trips": 111.764
      }
    },
    {
      "type": "Feature",
      "geometry": {
        "type": "LineString",
        "coordinates": [
          [
            118.600597375,
            24.891906775
          ],
          [
            118.61982626315789,
            24.887010705263158
          ]
        ]
      },
      "properties": {
        "purpose": "home_to_work",
        "origin_id": "O_00017",
        "destination_id": "D_00202",
        "destination_category": "education",
        "destination_name": "北京师范大学泉州附属中学",
        "origin_pop": 4885.0,
        "destination_jobs": 3586.93,
        "distance_m": 2015.76,
        "trips": 108.555
      }
    },
    {
      "type": "Feature",
      "geometry": {
        "type": "LineString",
        "coordinates": [
          [
            118.60121000000001,
            24.8917842
          ],
          [
            118.62414069230769,
            24.88434541538462
          ]
        ]
      },
      "properties": {
        "purpose": "home_to_work",
        "origin_id": "O_00018",
        "destination_id": "D_00204",
        "destination_category": "education",
        "destination_name": "黎明职业大学",
        "origin_pop": 4750.0,
        "destination_jobs": 20180.72,
        "distance_m": 2457.25,
        "trips": 507.0934
      }
    },
    {
      "type": "Feature",
      "geometry": {
        "type": "LineString",
        "coordinates": [
          [
            118.60121000000001,
            24.8917842
          ],
          [
            118.66633520434783,
            24.872914973913044
          ]
        ]
      },
      "properties": {
        "purpose": "home_to_work",
        "origin_id": "O_00018",
        "destination_id": "D_00108",
        "destination_category": "education",
        "destination_name": "泉州师范学院",
        "origin_pop": 4750.0,
        "destination_jobs": 49778.48,
        "distance_m": 6899.6,
        "trips": 284.5095
      }
    },
    {
      "type": "Feature",
      "geometry": {
        "type": "LineString",
        "coordinates": [
          [
            118.60121000000001,
            24.8917842
          ],
          [
            118.63935618000001,
            24.939899246666666
          ]
        ]
      },
      "properties": {
        "purpose": "home_to_work",
        "origin_id": "O_00018",
        "destination_id": "D_00149",
        "destination_category": "education",
        "destination_name": "华侨大学",
        "origin_pop": 4750.0,
        "destination_jobs": 36219.49,
        "distance_m": 6566.56,
        "trips": 231.3185
      }
    },
    {
      "type": "Feature",
      "geometry": {
        "type": "LineString",
        "coordinates": [
          [
            118.60121000000001,
            24.8917842
          ],
          [
            118.57454498235293,
            24.915936364705882
          ]
        ]
      },
      "properties": {
        "purpose": "home_to_work",
        "origin_id": "O_00018",
        "destination_id": "D_00321",
        "destination_category": "commercial_office",
        "destination_name": "源和1916创意产业园",
        "origin_pop": 4750.0,
        "destination_jobs": 12593.06,
        "distance_m": 3791.62,
        "trips": 202.8207
      }
    },
    {
      "type": "Feature",
      "geometry": {
        "type": "LineString",
        "coordinates": [
          [
            118.60121000000001,
            24.8917842
          ],
          [
            118.67346315,
            24.873829045
          ]
        ]
      },
      "properties": {
        "purpose": "home_to_work",
        "origin_id": "O_00018",
        "destination_id": "D_00662",
        "destination_category": "commercial_office",
        "destination_name": "",
        "origin_pop": 4750.0,
        "destination_jobs": 41918.35,
        "distance_m": 7561.7,
        "trips": 192.1372
      }
    },
    {
      "type": "Feature",
      "geometry": {
        "type": "LineString",
        "coordinates": [
          [
            118.60121000000001,
            24.8917842
          ],
          [
            118.629396225,
            24.854245625
          ]
        ]
      },
      "properties": {
        "purpose": "home_to_work",
        "origin_id": "O_00018",
        "destination_id": "D_00962",
        "destination_category": "healthcare",
        "destination_name": "",
        "origin_pop": 4750.0,
        "destination_jobs": 17148.53,
        "distance_m": 5032.08,
        "trips": 182.6557
      }
    },
    {
      "type": "Feature",
      "geometry": {
        "type": "LineString",
        "coordinates": [
          [
            118.60121000000001,
            24.8917842
          ],
          [
            118.57828776875,
            24.945803090625
          ]
        ]
      },
      "properties": {
        "purpose": "home_to_work",
        "origin_id": "O_00018",
        "destination_id": "D_00301",
        "destination_category": "education",
        "destination_name": "",
        "origin_pop": 4750.0,
        "destination_jobs": 27053.76,
        "distance_m": 6403.99,
        "trips": 182.402
      }
    },
    {
      "type": "Feature",
      "geometry": {
        "type": "LineString",
        "coordinates": [
          [
            118.60121000000001,
            24.8917842
          ],
          [
            118.59383305000001,
            24.942276507142857
          ]
        ]
      },
      "properties": {
        "purpose": "home_to_work",
        "origin_id": "O_00018",
        "destination_id": "D_00300",
        "destination_category": "healthcare",
        "destination_name": "910医院",
        "origin_pop": 4750.0,
        "destination_jobs": 15831.81,
        "distance_m": 5630.89,
        "trips": 138.1181
      }
    },
    {
      "type": "Feature",
      "geometry": {
        "type": "LineString",
        "coordinates": [
          [
            118.60121000000001,
            24.8917842
          ],
          [
            118.65411906363637,
            24.87995060909091
          ]
        ]
      },
      "properties": {
        "purpose": "home_to_work",
        "origin_id": "O_00018",
        "destination_id": "D_00113",
        "destination_category": "education",
        "destination_name": "泉州幼儿师范高等专科学校",
        "origin_pop": 4750.0,
        "destination_jobs": 12051.56,
        "distance_m": 5500.75,
        "trips": 109.8002
      }
    },
    {
      "type": "Feature",
      "geometry": {
        "type": "LineString",
        "coordinates": [
          [
            118.60121000000001,
            24.8917842
          ],
          [
            118.61982626315789,
            24.887010705263158
          ]
        ]
      },
      "properties": {
        "purpose": "home_to_work",
        "origin_id": "O_00018",
        "destination_id": "D_00202",
        "destination_category": "education",
        "destination_name": "北京师范大学泉州附属中学",
        "origin_pop": 4750.0,
        "destination_jobs": 3586.93,
        "distance_m": 1952.54,
        "trips": 106.6447
      }
    },
    {
      "type": "Feature",
      "geometry": {
        "type": "LineString",
        "coordinates": [
          [
            118.599119675,
            24.8932615
          ],
          [
            118.62414069230769,
            24.88434541538462
          ]
        ]
      },
      "properties": {
        "purpose": "home_to_work",
        "origin_id": "O_00019",
        "destination_id": "D_00204",
        "destination_category": "education",
        "destination_name": "黎明职业大学",
        "origin_pop": 4879.0,
        "destination_jobs": 20180.72,
        "distance_m": 2712.08,
        "trips": 494.207
      }
    },
    {
      "type": "Feature",
      "geometry": {
        "type": "LineString",
        "coordinates": [
          [
            118.599119675,
            24.8932615
          ],
          [
            118.66633520434783,
            24.872914973913044
          ]
        ]
      },
      "properties": {
        "purpose": "home_to_work",
        "origin_id": "O_00019",
        "destination_id": "D_00108",
        "destination_category": "education",
        "destination_name": "泉州师范学院",
        "origin_pop": 4879.0,
        "destination_jobs": 49778.48,
        "distance_m": 7150.74,
        "trips": 277.6207
      }
    },
    {
      "type": "Feature",
      "geometry": {
        "type": "LineString",
        "coordinates": [
          [
            118.599119675,
            24.8932615
          ],
          [
            118.63935618000001,
            24.939899246666666
          ]
        ]
      },
      "properties": {
        "purpose": "home_to_work",
        "origin_id": "O_00019",
        "destination_id": "D_00149",
        "destination_category": "education",
        "destination_name": "华侨大学",
        "origin_pop": 4879.0,
        "destination_jobs": 36219.49,
        "distance_m": 6563.47,
        "trips": 245.6792
      }
    },
    {
      "type": "Feature",
      "geometry": {
        "type": "LineString",
        "coordinates": [
          [
            118.599119675,
            24.8932615
          ],
          [
            118.57454498235293,
            24.915936364705882
          ]
        ]
      },
      "properties": {
        "purpose": "home_to_work",
        "origin_id": "O_00019",
        "destination_id": "D_00321",
        "destination_category": "commercial_office",
        "destination_name": "源和1916创意产业园",
        "origin_pop": 4879.0,
        "destination_jobs": 12593.06,
        "distance_m": 3526.91,
        "trips": 235.0411
      }
    },
    {
      "type": "Feature",
      "geometry": {
        "type": "LineString",
        "coordinates": [
          [
            118.599119675,
            24.8932615
          ],
          [
            118.57828776875,
            24.945803090625
          ]
        ]
      },
      "properties": {
        "purpose": "home_to_work",
        "origin_id": "O_00019",
        "destination_id": "D_00301",
        "destination_category": "education",
        "destination_name": "",
        "origin_pop": 4879.0,
        "destination_jobs": 27053.76,
        "distance_m": 6177.0,
        "trips": 208.7377
      }
    },
    {
      "type": "Feature",
      "geometry": {
        "type": "LineString",
        "coordinates": [
          [
            118.599119675,
            24.8932615
          ],
          [
            118.67346315,
            24.873829045
          ]
        ]
      },
      "properties": {
        "purpose": "home_to_work",
        "origin_id": "O_00019",
        "destination_id": "D_00662",
        "destination_category": "commercial_office",
        "destination_name": "",
        "origin_pop": 4879.0,
        "destination_jobs": 41918.35,
        "distance_m": 7808.88,
        "trips": 187.7324
      }
    },
    {
      "type": "Feature",
      "geometry": {
        "type": "LineString",
        "coordinates": [
          [
            118.599119675,
            24.8932615
          ],
          [
            118.629396225,
            24.854245625
          ]
        ]
      },
      "properties": {
        "purpose": "home_to_work",
        "origin_id": "O_00019",
        "destination_id": "D_00962",
        "destination_category": "healthcare",
        "destination_name": "",
        "origin_pop": 4879.0,
        "destination_jobs": 17148.53,
        "distance_m": 5286.79,
        "trips": 178.0211
      }
    },
    {
      "type": "Feature",
      "geometry": {
        "type": "LineString",
        "coordinates": [
          [
            118.599119675,
            24.8932615
          ],
          [
            118.59383305000001,
            24.942276507142857
          ]
        ]
      },
      "properties": {
        "purpose": "home_to_work",
        "origin_id": "O_00019",
        "destination_id": "D_00300",
        "destination_category": "healthcare",
        "destination_name": "910医院",
        "origin_pop": 4879.0,
        "destination_jobs": 15831.81,
        "distance_m": 5444.34,
        "trips": 155.9433
      }
    },
    {
      "type": "Feature",
      "geometry": {
        "type": "LineString",
        "coordinates": [
          [
            118.599119675,
            24.8932615
          ],
          [
            118.65411906363637,
            24.87995060909091
          ]
        ]
      },
      "properties": {
        "purpose": "home_to_work",
        "origin_id": "O_00019",
        "destination_id": "D_00113",
        "destination_category": "education",
        "destination_name": "泉州幼儿师范高等专科学校",
        "origin_pop": 4879.0,
        "destination_jobs": 12051.56,
        "distance_m": 5745.61,
        "trips": 107.3661
      }
    },
    {
      "type": "Feature",
      "geometry": {
        "type": "LineString",
        "coordinates": [
          [
            118.599119675,
            24.8932615
          ],
          [
            118.59354837999999,
            24.915964273333334
          ]
        ]
      },
      "properties": {
        "purpose": "home_to_work",
        "origin_id": "O_00019",
        "destination_id": "D_00674",
        "destination_category": "healthcare",
        "destination_name": "泉州市第一医院",
        "origin_pop": 4879.0,
        "destination_jobs": 4099.66,
        "distance_m": 2571.84,
        "trips": 105.2015
      }
    },
    {
      "type": "Feature",
      "geometry": {
        "type": "LineString",
        "coordinates": [
          [
            118.599260625,
            24.893471525
          ],
          [
            118.62414069230769,
            24.88434541538462
          ]
        ]
      },
      "properties": {
        "purpose": "home_to_work",
        "origin_id": "O_00020",
        "destination_id": "D_00204",
        "destination_category": "education",
        "destination_name": "黎明职业大学",
        "origin_pop": 5025.0,
        "destination_jobs": 20180.72,
        "distance_m": 2707.38,
        "trips": 508.1343
      }
    },
    {
      "type": "Feature",
      "geometry": {
        "type": "LineString",
        "coordinates": [
          [
            118.599260625,
            24.893471525
          ],
          [
            118.66633520434783,
            24.872914973913044
          ]
        ]
      },
      "properties": {
        "purpose": "home_to_work",
        "origin_id": "O_00020",
        "destination_id": "D_00108",
        "destination_category": "education",
        "destination_name": "泉州师范学院",
        "origin_pop": 5025.0,
        "destination_jobs": 49778.48,
        "distance_m": 7144.57,
        "trips": 285.5846
      }
    },
    {
      "type": "Feature",
      "geometry": {
        "type": "LineString",
        "coordinates": [
          [
            118.599260625,
            24.893471525
          ],
          [
            118.63935618000001,
            24.939899246666666
          ]
        ]
      },
      "properties": {
        "purpose": "home_to_work",
        "origin_id": "O_00020",
        "destination_id": "D_00149",
        "destination_category": "education",
        "destination_name": "华侨大学",
        "origin_pop": 5025.0,
        "destination_jobs": 36219.49,
        "distance_m": 6536.43,
        "trips": 254.4918
      }
    },
    {
      "type": "Feature",
      "geometry": {
        "type": "LineString",
        "coordinates": [
          [
            118.599260625,
            24.893471525
          ],
          [
            118.57454498235293,
            24.915936364705882
          ]
        ]
      },
      "properties": {
        "purpose": "home_to_work",
        "origin_id": "O_00020",
        "destination_id": "D_00321",
        "destination_category": "commercial_office",
        "destination_name": "源和1916创意产业园",
        "origin_pop": 5025.0,
        "destination_jobs": 12593.06,
        "distance_m": 3520.53,
        "trips": 241.8015
      }
    },
    {
      "type": "Feature",
      "geometry": {
        "type": "LineString",
        "coordinates": [
          [
            118.599260625,
            24.893471525
          ],
          [
            118.57828776875,
            24.945803090625
          ]
        ]
      },
      "properties": {
        "purpose": "home_to_work",
        "origin_id": "O_00020",
        "destination_id": "D_00301",
        "destination_category": "education",
        "destination_name": "",
        "origin_pop": 5025.0,
        "destination_jobs": 27053.76,
        "distance_m": 6160.05,
        "trips": 215.4987
      }
    },
    {
      "type": "Feature",
      "geometry": {
        "type": "LineString",
        "coordinates": [
          [
            118.599260625,
            24.893471525
          ],
          [
            118.67346315,
            24.873829045
          ]
        ]
      },
      "properties": {
        "purpose": "home_to_work",
        "origin_id": "O_00020",
        "destination_id": "D_00662",
        "destination_category": "commercial_office",
        "destination_name": "",
        "origin_pop": 5025.0,
        "destination_jobs": 41918.35,
        "distance_m": 7801.62,
        "trips": 193.1882
      }
    },
    {
      "type": "Feature",
      "geometry": {
        "type": "LineString",
        "coordinates": [
          [
            118.599260625,
            24.893471525
          ],
          [
            118.629396225,
            24.854245625
          ]
        ]
      },
      "properties": {
        "purpose": "home_to_work",
        "origin_id": "O_00020",
        "destination_id": "D_00962",
        "destination_category": "healthcare",
        "destination_name": "",
        "origin_pop": 5025.0,
        "destination_jobs": 17148.53,
        "distance_m": 5297.55,
        "trips": 182.0974
      }
    },
    {
      "type": "Feature",
      "geometry": {
        "type": "LineString",
        "coordinates": [
          [
            118.599260625,
            24.893471525
          ],
          [
            118.59383305000001,
            24.942276507142857
          ]
        ]
      },
      "properties": {
        "purpose": "home_to_work",
        "origin_id": "O_00020",
        "destination_id": "D_00300",
        "destination_category": "healthcare",
        "destination_name": "910医院",
        "origin_pop": 5025.0,
        "destination_jobs": 15831.81,
        "distance_m": 5422.66,
        "trips": 161.2487
      }
    },
    {
      "type": "Feature",
      "geometry": {
        "type": "LineString",
        "coordinates": [
          [
            118.599260625,
            24.893471525
          ],
          [
            118.65411906363637,
            24.87995060909091
          ]
        ]
      },
      "properties": {
        "purpose": "home_to_work",
        "origin_id": "O_00020",
        "destination_id": "D_00113",
        "destination_category": "education",
        "destination_name": "泉州幼儿师范高等专科学校",
        "origin_pop": 5025.0,
        "destination_jobs": 12051.56,
        "distance_m": 5737.85,
        "trips": 110.5046
      }
    },
    {
      "type": "Feature",
      "geometry": {
        "type": "LineString",
        "coordinates": [
          [
            118.599260625,
            24.893471525
          ],
          [
            118.59354837999999,
            24.915964273333334
          ]
        ]
      },
      "properties": {
        "purpose": "home_to_work",
        "origin_id": "O_00020",
        "destination_id": "D_00674",
        "destination_category": "healthcare",
        "destination_name": "泉州市第一医院",
        "origin_pop": 5025.0,
        "destination_jobs": 4099.66,
        "distance_m": 2552.37,
        "trips": 108.7003
      }
    },
    {
      "type": "Feature",
      "geometry": {
        "type": "LineString",
        "coordinates": [
          [
            118.5980818,
            24.8938649
          ],
          [
            118.62414069230769,
            24.88434541538462
          ]
        ]
      },
      "properties": {
        "purpose": "home_to_work",
        "origin_id": "O_00021",
        "destination_id": "D_00204",
        "destination_category": "education",
        "destination_name": "黎明职业大学",
        "origin_pop": 4816.0,
        "destination_jobs": 20180.72,
        "distance_m": 2834.05,
        "trips": 473.3318
      }
    },
    {
      "type": "Feature",
      "geometry": {
        "type": "LineString",
        "coordinates": [
          [
            118.5980818,
            24.8938649
          ],
          [
            118.66633520434783,
            24.872914973913044
          ]
        ]
      },
      "properties": {
        "purpose": "home_to_work",
        "origin_id": "O_00021",
        "destination_id": "D_00108",
        "destination_category": "education",
        "destination_name": "泉州师范学院",
        "origin_pop": 4816.0,
        "destination_jobs": 49778.48,
        "distance_m": 7271.26,
        "trips": 266.0233
      }
    },
    {
      "type": "Feature",
      "geometry": {
        "type": "LineString",
        "coordinates": [
          [
            118.5980818,
            24.8938649
          ],
          [
            118.57454498235293,
            24.915936364705882
          ]
        ]
      },
      "properties": {
        "purpose": "home_to_work",
        "origin_id": "O_00021",
        "destination_id": "D_00321",
        "destination_category": "commercial_office",
        "destination_name": "源和1916创意产业园",
        "origin_pop": 4816.0,
        "destination_jobs": 12593.06,
        "distance_m": 3405.9,
        "trips": 244.1055
      }
    },
    {
      "type": "Feature",
      "geometry": {
        "type": "LineString",
        "coordinates": [
          [
            118.5980818,
            24.8938649
          ],
          [
            118.63935618000001,
            24.939899246666666
          ]
        ]
      },
      "properties": {
        "purpose": "home_to_work",
        "origin_id": "O_00021",
        "destination_id": "D_00149",
        "destination_category": "education",
        "destination_name": "华侨大学",
        "origin_pop": 4816.0,
        "destination_jobs": 36219.49,
        "distance_m": 6577.09,
        "trips": 243.9562
      }
    },
    {
      "type": "Feature",
      "geometry": {
        "type": "LineString",
        "coordinates": [
          [
            118.5980818,
            24.8938649
          ],
          [
            118.57828776875,
            24.945803090625
          ]
        ]
      },
      "properties": {
        "purpose": "home_to_work",
        "origin_id": "O_00021",
        "destination_id": "D_00301",
        "destination_category": "education",
        "destination_name": "",
        "origin_pop": 4816.0,
        "destination_jobs": 27053.76,
        "distance_m": 6079.08,
        "trips": 215.1249
      }
    },
    {
      "type": "Feature",
      "geometry": {
        "type": "LineString",
        "coordinates": [
          [
            118.5980818,
            24.8938649
          ],
          [
            118.67346315,
            24.873829045
          ]
        ]
      },
      "properties": {
        "purpose": "home_to_work",
        "origin_id": "O_00021",
        "destination_id": "D_00662",
        "destination_category": "commercial_office",
        "destination_name": "",
        "origin_pop": 4816.0,
        "destination_jobs": 41918.35,
        "distance_m": 7928.05,
        "trips": 179.9705
      }
    },
    {
      "type": "Feature",
      "geometry": {
        "type": "LineString",
        "coordinates": [
          [
            118.5980818,
            24.8938649
          ],
          [
            118.629396225,
            24.854245625
          ]
        ]
      },
      "properties": {
        "purpose": "home_to_work",
        "origin_id": "O_00021",
        "destination_id": "D_00962",
        "destination_category": "healthcare",
        "destination_name": "",
        "origin_pop": 4816.0,
        "destination_jobs": 17148.53,
        "distance_m": 5402.02,
        "trips": 170.8851
      }
    },
    {
      "type": "Feature",
      "geometry": {
        "type": "LineString",
        "coordinates": [
          [
            118.5980818,
            24.8938649
          ],
          [
            118.59383305000001,
            24.942276507142857
          ]
        ]
      },
      "properties": {
        "purpose": "home_to_work",
        "origin_id": "O_00021",
        "destination_id": "D_00300",
        "destination_category": "healthcare",
        "destination_name": "910医院",
        "origin_pop": 4816.0,
        "destination_jobs": 15831.81,
        "distance_m": 5368.58,
        "trips": 159.5324
      }
    },
    {
      "type": "Feature",
      "geometry": {
        "type": "LineString",
        "coordinates": [
          [
            118.5980818,
            24.8938649
          ],
          [
            118.59354837999999,
            24.915964273333334
          ]
        ]
      },
      "properties": {
        "purpose": "home_to_work",
        "origin_id": "O_00021",
        "destination_id": "D_00674",
        "destination_category": "healthcare",
        "destination_name": "泉州市第一医院",
        "origin_pop": 4816.0,
        "destination_jobs": 4099.66,
        "distance_m": 2485.38,
        "trips": 108.0072
      }
    },
    {
      "type": "Feature",
      "geometry": {
        "type": "LineString",
        "coordinates": [
          [
            118.5980818,
            24.8938649
          ],
          [
            118.58039623076924,
            24.921369546153848
          ]
        ]
      },
      "properties": {
        "purpose": "home_to_work",
        "origin_id": "O_00021",
        "destination_id": "D_00272",
        "destination_category": "commercial_office",
        "destination_name": "开元盛世广场",
        "origin_pop": 4816.0,
        "destination_jobs": 5705.79,
        "distance_m": 3525.95,
        "trips": 106.2631
      }
    },
    {
      "type": "Feature",
      "geometry": {
        "type": "LineString",
        "coordinates": [
          [
            118.59827167272728,
            24.89443769090909
          ],
          [
            118.62414069230769,
            24.88434541538462
          ]
        ]
      },
      "properties": {
        "purpose": "home_to_work",
        "origin_id": "O_00022",
        "destination_id": "D_00204",
        "destination_category": "education",
        "destination_name": "黎明职业大学",
        "origin_pop": 4798.0,
        "destination_jobs": 20180.72,
        "distance_m": 2840.52,
        "trips": 467.3126
      }
    },
    {
      "type": "Feature",
      "geometry": {
        "type": "LineString",
        "coordinates": [
          [
            118.59827167272728,
            24.89443769090909
          ],
          [
            118.66633520434783,
            24.872914973913044
          ]
        ]
      },
      "properties": {
        "purpose": "home_to_work",
        "origin_id": "O_00022",
        "destination_id": "D_00108",
        "destination_category": "education",
        "destination_name": "泉州师范学院",
        "origin_pop": 4798.0,
        "destination_jobs": 49778.48,
        "distance_m": 7273.53,
        "trips": 263.0075
      }
    },
    {
      "type": "Feature",
      "geometry": {
        "type": "LineString",
        "coordinates": [
          [
            118.59827167272728,
            24.89443769090909
          ],
          [
            118.63935618000001,
            24.939899246666666
          ]
        ]
      },
      "properties": {
        "purpose": "home_to_work",
        "origin_id": "O_00022",
        "destination_id": "D_00149",
        "destination_category": "education",
        "destination_name": "华侨大学",
        "origin_pop": 4798.0,
        "destination_jobs": 36219.49,
        "distance_m": 6516.0,
        "trips": 246.3391
      }
    },
    {
      "type": "Feature",
      "geometry": {
        "type": "LineString",
        "coordinates": [
          [
            118.59827167272728,
            24.89443769090909
          ],
          [
            118.57454498235293,
            24.915936364705882
          ]
        ]
      },
      "properties": {
        "purpose": "home_to_work",
        "origin_id": "O_00022",
        "destination_id": "D_00321",
        "destination_category": "commercial_office",
        "destination_name": "源和1916创意产业园",
        "origin_pop": 4798.0,
        "destination_jobs": 12593.06,
        "distance_m": 3374.41,
        "trips": 244.0695
      }
    },
    {
      "type": "Feature",
      "geometry": {
        "type": "LineString",
        "coordinates": [
          [
            118.59827167272728,
            24.89443769090909
          ],
          [
            118.57828776875,
            24.945803090625
          ]
        ]
      },
      "properties": {
        "purpose": "home_to_work",
        "origin_id": "O_00022",
        "destination_id": "D_00301",
        "destination_category": "education",
        "destination_name": "",
        "origin_pop": 4798.0,
        "destination_jobs": 27053.76,
        "distance_m": 6025.71,
        "trips": 216.668
      }
    },
    {
      "type": "Feature",
      "geometry": {
        "type": "LineString",
        "coordinates": [
          [
            118.59827167272728,
            24.89443769090909
          ],
          [
            118.67346315,
            24.873829045
          ]
        ]
      },
      "properties": {
        "purpose": "home_to_work",
        "origin_id": "O_00022",
        "destination_id": "D_00662",
        "destination_category": "commercial_office",
        "destination_name": "",
        "origin_pop": 4798.0,
        "destination_jobs": 41918.35,
        "distance_m": 7927.59,
        "trips": 178.0928
      }
    },
    {
      "type": "Feature",
      "geometry": {
        "type": "LineString",
        "coordinates": [
          [
            118.59827167272728,
            24.89443769090909
          ],
          [
            118.629396225,
            24.854245625
          ]
        ]
      },
      "properties": {
        "purpose": "home_to_work",
        "origin_id": "O_00022",
        "destination_id": "D_00962",
        "destination_category": "healthcare",
        "destination_name": "",
        "origin_pop": 4798.0,
        "destination_jobs": 17148.53,
        "distance_m": 5442.38,
        "trips": 166.8168
      }
    },
    {
      "type": "Feature",
      "geometry": {
        "type": "LineString",
        "coordinates": [
          [
            118.59827167272728,
            24.89443769090909
          ],
          [
            118.59383305000001,
            24.942276507142857
          ]
        ]
      },
      "properties": {
        "purpose": "home_to_work",
        "origin_id": "O_00022",
        "destination_id": "D_00300",
        "destination_category": "healthcare",
        "destination_name": "910医院",
        "origin_pop": 4798.0,
        "destination_jobs": 15831.81,
        "distance_m": 5307.06,
        "trips": 161.1141
      }
    },
    {
      "type": "Feature",
      "geometry": {
        "type": "LineString",
        "coordinates": [
          [
            118.59827167272728,
            24.89443769090909
          ],
          [
            118.59354837999999,
            24.915964273333334
          ]
        ]
      },
      "properties": {
        "purpose": "home_to_work",
        "origin_id": "O_00022",
        "destination_id": "D_00674",
        "destination_category": "healthcare",
        "destination_name": "泉州市第一医院",
        "origin_pop": 4798.0,
        "destination_jobs": 4099.66,
        "distance_m": 2426.87,
        "trips": 108.9685
      }
    },
    {
      "type": "Feature",
      "geometry": {
        "type": "LineString",
        "coordinates": [
          [
            118.59827167272728,
            24.89443769090909
          ],
          [
            118.58039623076924,
            24.921369546153848
          ]
        ]
      },
      "properties": {
        "purpose": "home_to_work",
        "origin_id": "O_00022",
        "destination_id": "D_00272",
        "destination_category": "commercial_office",
        "destination_name": "开元盛世广场",
        "origin_pop": 4798.0,
        "destination_jobs": 5705.79,
        "distance_m": 3481.4,
        "trips": 106.7111
      }
    },
    {
      "type": "Feature",
      "geometry": {
        "type": "LineString",
        "coordinates": [
          [
            118.5976094909091,
            24.894410354545457
          ],
          [
            118.62414069230769,
            24.88434541538462
          ]
        ]
      },
      "properties": {
        "purpose": "home_to_work",
        "origin_id": "O_00023",
        "destination_id": "D_00204",
        "destination_category": "education",
        "destination_name": "黎明职业大学",
        "origin_pop": 4790.0,
        "destination_jobs": 20180.72,
        "distance_m": 2900.97,
        "trips": 460.9545
      }
    },
    {
      "type": "Feature",
      "geometry": {
        "type": "LineString",
        "coordinates": [
          [
            118.5976094909091,
            24.894410354545457
          ],
          [
            118.66633520434783,
            24.872914973913044
          ]
        ]
      },
      "properties": {
        "purpose": "home_to_work",
        "origin_id": "O_00023",
        "destination_id": "D_00108",
        "destination_category": "education",
        "destination_name": "泉州师范学院",
        "origin_pop": 4790.0,
        "destination_jobs": 49778.48,
        "distance_m": 7335.78,
        "trips": 259.2741
      }
    },
    {
      "type": "Feature",
      "geometry": {
        "type": "LineString",
        "coordinates": [
          [
            118.5976094909091,
            24.894410354545457
          ],
          [
            118.57454498235293,
            24.915936364705882
          ]
        ]
      },
      "properties": {
        "purpose": "home_to_work",
        "origin_id": "O_00023",
        "destination_id": "D_00321",
        "destination_category": "commercial_office",
        "destination_name": "源和1916创意产业园",
        "origin_pop": 4790.0,
        "destination_jobs": 12593.06,
        "distance_m": 3329.44,
        "trips": 249.3596
      }
    },
    {
      "type": "Feature",
      "geometry": {
        "type": "LineString",
        "coordinates": [
          [
            118.5976094909091,
            24.894410354545457
          ],
          [
            118.63935618000001,
            24.939899246666666
          ]
        ]
      },
      "properties": {
        "purpose": "home_to_work",
        "origin_id": "O_00023",
        "destination_id": "D_00149",
        "destination_category": "education",
        "destination_name": "华侨大学",
        "origin_pop": 4790.0,
        "destination_jobs": 36219.49,
        "distance_m": 6561.07,
        "trips": 244.2363
      }
    },
    {
      "type": "Feature",
      "geometry": {
        "type": "LineString",
        "coordinates": [
          [
            118.5976094909091,
            24.894410354545457
          ],
          [
            118.57828776875,
            24.945803090625
          ]
        ]
      },
      "properties": {
        "purpose": "home_to_work",
        "origin_id": "O_00023",
        "destination_id": "D_00301",
        "destination_category": "education",
        "destination_name": "",
        "origin_pop": 4790.0,
        "destination_jobs": 27053.76,
        "distance_m": 6006.51,
        "trips": 219.4702
      }
    },
    {
      "type": "Feature",
      "geometry": {
        "type": "LineString",
        "coordinates": [
          [
            118.5976094909091,
            24.894410354545457
          ],
          [
            118.67346315,
            24.873829045
          ]
        ]
      },
      "properties": {
        "purpose": "home_to_work",
        "origin_id": "O_00023",
        "destination_id": "D_00662",
        "destination_category": "commercial_office",
        "destination_name": "",
        "origin_pop": 4790.0,
        "destination_jobs": 41918.35,
        "distance_m": 7990.8,
        "trips": 175.5082
      }
    },
    {
      "type": "Feature",
      "geometry": {
        "type": "LineString",
        "coordinates": [
          [
            118.5976094909091,
            24.894410354545457
          ],
          [
            118.629396225,
            24.854245625
          ]
        ]
      },
      "properties": {
        "purpose": "home_to_work",
        "origin_id": "O_00023",
        "destination_id": "D_00962",
        "destination_category": "healthcare",
        "destination_name": "",
        "origin_pop": 4790.0,
        "destination_jobs": 17148.53,
        "distance_m": 5478.83,
        "trips": 165.8691
      }
    },
    {
      "type": "Feature",
      "geometry": {
        "type": "LineString",
        "coordinates": [
          [
            118.5976094909091,
            24.894410354545457
          ],
          [
            118.59383305000001,
            24.942276507142857
          ]
        ]
      },
      "properties": {
        "purpose": "home_to_work",
        "origin_id": "O_00023",
        "destination_id": "D_00300",
        "destination_category": "healthcare",
        "destination_name": "910医院",
        "origin_pop": 4790.0,
        "destination_jobs": 15831.81,
        "distance_m": 5304.84,
        "trips": 162.2766
      }
    },
    {
      "type": "Feature",
      "geometry": {
        "type": "LineString",
        "coordinates": [
          [
            118.5976094909091,
            24.894410354545457
          ],
          [
            118.59354837999999,
            24.915964273333334
          ]
        ]
      },
      "properties": {
        "purpose": "home_to_work",
        "origin_id": "O_00023",
        "destination_id": "D_00674",
        "destination_category": "healthcare",
        "destination_name": "泉州市第一医院",
        "origin_pop": 4790.0,
        "destination_jobs": 4099.66,
        "distance_m": 2417.6,
        "trips": 110.0132
      }
    },
    {
      "type": "Feature",
      "geometry": {
        "type": "LineString",
        "coordinates": [
          [
            118.5976094909091,
            24.894410354545457
          ],
          [
            118.58039623076924,
            24.921369546153848
          ]
        ]
      },
      "properties": {
        "purpose": "home_to_work",
        "origin_id": "O_00023",
        "destination_id": "D_00272",
        "destination_category": "commercial_office",
        "destination_name": "开元盛世广场",
        "origin_pop": 4790.0,
        "destination_jobs": 5705.79,
        "distance_m": 3449.82,
        "trips": 108.5382
      }
    },
    {
      "type": "Feature",
      "geometry": {
        "type": "LineString",
        "coordinates": [
          [
            118.600919375,
            24.8925665
          ],
          [
            118.62414069230769,
            24.88434541538462
          ]
        ]
      },
      "properties": {
        "purpose": "home_to_work",
        "origin_id": "O_00024",
        "destination_id": "D_00204",
        "destination_category": "education",
        "destination_name": "黎明职业大学",
        "origin_pop": 4910.0,
        "destination_jobs": 20180.72,
        "distance_m": 2514.86,
        "trips": 516.0138
      }
    },
    {
      "type": "Feature",
      "geometry": {
        "type": "LineString",
        "coordinates": [
          [
            118.600919375,
            24.8925665
          ],
          [
            118.66633520434783,
            24.872914973913044
          ]
        ]
      },
      "properties": {
        "purpose": "home_to_work",
        "origin_id": "O_00024",
        "destination_id": "D_00108",
        "destination_category": "education",
        "destination_name": "泉州师范学院",
        "origin_pop": 4910.0,
        "destination_jobs": 49778.48,
        "distance_m": 6954.09,
        "trips": 289.8157
      }
    },
    {
      "type": "Feature",
      "geometry": {
        "type": "LineString",
        "coordinates": [
          [
            118.600919375,
            24.8925665
          ],
          [
            118.63935618000001,
            24.939899246666666
          ]
        ]
      },
      "properties": {
        "purpose": "home_to_work",
        "origin_id": "O_00024",
        "destination_id": "D_00149",
        "destination_category": "education",
        "destination_name": "华侨大学",
        "origin_pop": 4910.0,
        "destination_jobs": 36219.49,
        "distance_m": 6514.14,
        "trips": 244.1806
      }
    },
    {
      "type": "Feature",
      "geometry": {
        "type": "LineString",
        "coordinates": [
          [
            118.600919375,
            24.8925665
          ],
          [
            118.57454498235293,
            24.915936364705882
          ]
        ]
      },
      "properties": {
        "purpose": "home_to_work",
        "origin_id": "O_00024",
        "destination_id": "D_00321",
        "destination_category": "commercial_office",
        "destination_name": "源和1916创意产业园",
        "origin_pop": 4910.0,
        "destination_jobs": 12593.06,
        "distance_m": 3710.12,
        "trips": 216.1846
      }
    },
    {
      "type": "Feature",
      "geometry": {
        "type": "LineString",
        "coordinates": [
          [
            118.600919375,
            24.8925665
          ],
          [
            118.67346315,
            24.873829045
          ]
        ]
      },
      "properties": {
        "purpose": "home_to_work",
        "origin_id": "O_00024",
        "destination_id": "D_00662",
        "destination_category": "commercial_office",
        "destination_name": "",
        "origin_pop": 4910.0,
        "destination_jobs": 41918.35,
        "distance_m": 7613.07,
        "trips": 195.924
      }
    },
    {
      "type": "Feature",
      "geometry": {
        "type": "LineString",
        "coordinates": [
          [
            118.600919375,
            24.8925665
          ],
          [
            118.57828776875,
            24.945803090625
          ]
        ]
      },
      "properties": {
        "purpose": "home_to_work",
        "origin_id": "O_00024",
        "destination_id": "D_00301",
        "destination_category": "education",
        "destination_name": "",
        "origin_pop": 4910.0,
        "destination_jobs": 27053.76,
        "distance_m": 6312.76,
        "trips": 195.052
      }
    },
    {
      "type": "Feature",
      "geometry": {
        "type": "LineString",
        "coordinates": [
          [
            118.600919375,
            24.8925665
          ],
          [
            118.629396225,
            24.854245625
          ]
        ]
      },
      "properties": {
        "purpose": "home_to_work",
        "origin_id": "O_00024",
        "destination_id": "D_00962",
        "destination_category": "healthcare",
        "destination_name": "",
        "origin_pop": 4910.0,
        "destination_jobs": 17148.53,
        "distance_m": 5120.05,
        "trips": 183.9974
      }
    },
    {
      "type": "Feature",
      "geometry": {
        "type": "LineString",
        "coordinates": [
          [
            118.600919375,
            24.8925665
          ],
          [
            118.59383305000001,
            24.942276507142857
          ]
        ]
      },
      "properties": {
        "purpose": "home_to_work",
        "origin_id": "O_00024",
        "destination_id": "D_00300",
        "destination_category": "healthcare",
        "destination_name": "910医院",
        "origin_pop": 4910.0,
        "destination_jobs": 15831.81,
        "distance_m": 5541.32,
        "trips": 147.6148
      }
    },
    {
      "type": "Feature",
      "geometry": {
        "type": "LineString",
        "coordinates": [
          [
            118.600919375,
            24.8925665
          ],
          [
            118.65411906363637,
            24.87995060909091
          ]
        ]
      },
      "properties": {
        "purpose": "home_to_work",
        "origin_id": "O_00024",
        "destination_id": "D_00113",
        "destination_category": "education",
        "destination_name": "泉州幼儿师范高等专科学校",
        "origin_pop": 4910.0,
        "destination_jobs": 12051.56,
        "distance_m": 5550.34,
        "trips": 112.0308
      }
    },
    {
      "type": "Feature",
      "geometry": {
        "type": "LineString",
        "coordinates": [
          [
            118.600919375,
            24.8925665
          ],
          [
            118.61982626315789,
            24.887010705263158
          ]
        ]
      },
      "properties": {
        "purpose": "home_to_work",
        "origin_id": "O_00024",
        "destination_id": "D_00202",
        "destination_category": "education",
        "destination_name": "北京师范大学泉州附属中学",
        "origin_pop": 4910.0,
        "destination_jobs": 3586.93,
        "distance_m": 2005.57,
        "trips": 108.6862
      }
    },
    {
      "type": "Feature",
      "geometry": {
        "type": "LineString",
        "coordinates": [
          [
            118.574172,
            24.905191
          ],
          [
            118.57454498235293,
            24.915936364705882
          ]
        ]
      },
      "properties": {
        "purpose": "home_to_work",
        "origin_id": "O_00025",
        "destination_id": "D_00321",
        "destination_category": "commercial_office",
        "destination_name": "源和1916创意产业园",
        "origin_pop": 4868.0,
        "destination_jobs": 12593.06,
        "distance_m": 1188.39,
        "trips": 533.7571
      }
    },
    {
      "type": "Feature",
      "geometry": {
        "type": "LineString",
        "coordinates": [
          [
            118.574172,
            24.905191
          ],
          [
            118.57828776875,
            24.945803090625
          ]
        ]
      },
      "properties": {
        "purpose": "home_to_work",
        "origin_id": "O_00025",
        "destination_id": "D_00301",
        "destination_category": "education",
        "destination_name": "",
        "origin_pop": 4868.0,
        "destination_jobs": 27053.76,
        "distance_m": 4508.45,
        "trips": 379.1511
      }
    },
    {
      "type": "Feature",
      "geometry": {
        "type": "LineString",
        "coordinates": [
          [
            118.574172,
            24.905191
          ],
          [
            118.59383305000001,
            24.942276507142857
          ]
        ]
      },
      "properties": {
        "purpose": "home_to_work",
        "origin_id": "O_00025",
        "destination_id": "D_00300",
        "destination_category": "healthcare",
        "destination_name": "910医院",
        "origin_pop": 4868.0,
        "destination_jobs": 15831.81,
        "distance_m": 4554.66,
        "trips": 218.4869
      }
    },
    {
      "type": "Feature",
      "geometry": {
        "type": "LineString",
        "coordinates": [
          [
            118.574172,
            24.905191
          ],
          [
            118.62414069230769,
            24.88434541538462
          ]
        ]
      },
      "properties": {
        "purpose": "home_to_work",
        "origin_id": "O_00025",
        "destination_id": "D_00204",
        "destination_category": "education",
        "destination_name": "黎明职业大学",
        "origin_pop": 4868.0,
        "destination_jobs": 20180.72,
        "distance_m": 5546.92,
        "trips": 200.0722
      }
    },
    {
      "type": "Feature",
      "geometry": {
        "type": "LineString",
        "coordinates": [
          [
            118.574172,
            24.905191
          ],
          [
            118.58039623076924,
            24.921369546153848
          ]
        ]
      },
      "properties": {
        "purpose": "home_to_work",
        "origin_id": "O_00025",
        "destination_id": "D_00272",
        "destination_category": "commercial_office",
        "destination_name": "开元盛世广场",
        "origin_pop": 4868.0,
        "destination_jobs": 5705.79,
        "distance_m": 1895.57,
        "trips": 191.0527
      }
    },
    {
      "type": "Feature",
      "geometry": {
        "type": "LineString",
        "coordinates": [
          [
            118.574172,
            24.905191
          ],
          [
            118.63935618000001,
            24.939899246666666
          ]
        ]
      },
      "properties": {
        "purpose": "home_to_work",
        "origin_id": "O_00025",
        "destination_id": "D_00149",
        "destination_category": "education",
        "destination_name": "华侨大学",
        "origin_pop": 4868.0,
        "destination_jobs": 36219.49,
        "distance_m": 7617.35,
        "trips": 180.081
      }
    },
    {
      "type": "Feature",
      "geometry": {
        "type": "LineString",
        "coordinates": [
          [
            118.574172,
            24.905191
          ],
          [
            118.56177663333334,
            24.884847633333333
          ]
        ]
      },
      "properties": {
        "purpose": "home_to_work",
        "origin_id": "O_00025",
        "destination_id": "D_00262",
        "destination_category": "commercial_office",
        "destination_name": "新加坡城",
        "origin_pop": 4868.0,
        "destination_jobs": 5779.4,
        "distance_m": 2573.62,
        "trips": 154.3702
      }
    },
    {
      "type": "Feature",
      "geometry": {
        "type": "LineString",
        "coordinates": [
          [
            118.574172,
            24.905191
          ],
          [
            118.59354837999999,
            24.915964273333334
          ]
        ]
      },
      "properties": {
        "purpose": "home_to_work",
        "origin_id": "O_00025",
        "destination_id": "D_00674",
        "destination_category": "healthcare",
        "destination_name": "泉州市第一医院",
        "origin_pop": 4868.0,
        "destination_jobs": 4099.66,
        "distance_m": 2290.27,
        "trips": 120.3503
      }
    },
    {
      "type": "Feature",
      "geometry": {
        "type": "LineString",
        "coordinates": [
          [
            118.574172,
            24.905191
          ],
          [
            118.66633520434783,
            24.872914973913044
          ]
        ]
      },
      "properties": {
        "purpose": "home_to_work",
        "origin_id": "O_00025",
        "destination_id": "D_00108",
        "destination_category": "education",
        "destination_name": "泉州师范学院",
        "origin_pop": 4868.0,
        "destination_jobs": 49778.48,
        "distance_m": 9967.17,
        "trips": 113.0823
      }
    },
    {
      "type": "Feature",
      "geometry": {
        "type": "LineString",
        "coordinates": [
          [
            118.574172,
            24.905191
          ],
          [
            118.57333475625,
            24.88451033125
          ]
        ]
      },
      "properties": {
        "purpose": "home_to_work",
        "origin_id": "O_00025",
        "destination_id": "D_00838",
        "destination_category": "education",
        "destination_name": "泉州第五中学桥南校区",
        "origin_pop": 4868.0,
        "destination_jobs": 3410.1,
        "distance_m": 2287.6,
        "trips": 100.1964
      }
    },
    {
      "type": "Feature",
      "geometry": {
        "type": "LineString",
        "coordinates": [
          [
            118.5772017111111,
            24.9118155
          ],
          [
            118.57454498235293,
            24.915936364705882
          ]
        ]
      },
      "properties": {
        "purpose": "home_to_work",
        "origin_id": "O_00026",
        "destination_id": "D_00321",
        "destination_category": "commercial_office",
        "destination_name": "源和1916创意产业园",
        "origin_pop": 4957.0,
        "destination_jobs": 12593.06,
        "distance_m": 528.62,
        "trips": 571.018
      }
    },
    {
      "type": "Feature",
      "geometry": {
        "type": "LineString",
        "coordinates": [
          [
            118.5772017111111,
            24.9118155
          ],
          [
            118.57828776875,
            24.945803090625
          ]
        ]
      },
      "properties": {
        "purpose": "home_to_work",
        "origin_id": "O_00026",
        "destination_id": "D_00301",
        "destination_category": "education",
        "destination_name": "",
        "origin_pop": 4957.0,
        "destination_jobs": 27053.76,
        "distance_m": 3758.59,
        "trips": 417.9852
      }
    },
    {
      "type": "Feature",
      "geometry": {
        "type": "LineString",
        "coordinates": [
          [
            118.5772017111111,
            24.9118155
          ],
          [
            118.59383305000001,
            24.942276507142857
          ]
        ]
      },
      "properties": {
        "purpose": "home_to_work",
        "origin_id": "O_00026",
        "destination_id": "D_00300",
        "destination_category": "healthcare",
        "destination_name": "910医院",
        "origin_pop": 4957.0,
        "destination_jobs": 15831.81,
        "distance_m": 3762.52,
        "trips": 244.2835
      }
    },
    {
      "type": "Feature",
      "geometry": {
        "type": "LineString",
        "coordinates": [
          [
            118.5772017111111,
            24.9118155
          ],
          [
            118.58039623076924,
            24.921369546153848
          ]
        ]
      },
      "properties": {
        "purpose": "home_to_work",
        "origin_id": "O_00026",
        "destination_id": "D_00272",
        "destination_category": "commercial_office",
        "destination_name": "开元盛世广场",
        "origin_pop": 4957.0,
        "destination_jobs": 5705.79,
        "distance_m": 1104.25,
        "trips": 213.552
      }
    },
    {
      "type": "Feature",
      "geometry": {
        "type": "LineString",
        "coordinates": [
          [
            118.5772017111111,
            24.9118155
          ],
          [
            118.63935618000001,
            24.939899246666666
          ]
        ]
      },
      "properties": {
        "purpose": "home_to_work",
        "origin_id": "O_00026",
        "destination_id": "D_00149",
        "destination_category": "education",
        "destination_name": "华侨大学",
        "origin_pop": 4957.0,
        "destination_jobs": 36219.49,
        "distance_m": 7000.51,
        "trips": 189.9148
      }
    },
    {
      "type": "Feature",
      "geometry": {
        "type": "LineString",
        "coordinates": [
          [
            118.5772017111111,
            24.9118155
          ],
          [
            118.62414069230769,
            24.88434541538462
          ]
        ]
      },
      "properties": {
        "purpose": "home_to_work",
        "origin_id": "O_00026",
        "destination_id": "D_00204",
        "destination_category": "education",
        "destination_name": "黎明职业大学",
        "origin_pop": 4957.0,
        "destination_jobs": 20180.72,
        "distance_m": 5628.89,
        "trips": 167.1536
      }
    },
    {
      "type": "Feature",
      "geometry": {
        "type": "LineString",
        "coordinates": [
          [
            118.5772017111111,
            24.9118155
          ],
          [
            118.59354837999999,
            24.915964273333334
          ]
        ]
      },
      "properties": {
        "purpose": "home_to_work",
        "origin_id": "O_00026",
        "destination_id": "D_00674",
        "destination_category": "healthcare",
        "destination_name": "泉州市第一医院",
        "origin_pop": 4957.0,
        "destination_jobs": 4099.66,
        "distance_m": 1712.91,
        "trips": 125.2633
      }
    },
    {
      "type": "Feature",
      "geometry": {
        "type": "LineString",
        "coordinates": [
          [
            118.5772017111111,
            24.9118155
          ],
          [
            118.58003240666666,
            24.919504482222223
          ]
        ]
      },
      "properties": {
        "purpose": "home_to_work",
        "origin_id": "O_00026",
        "destination_id": "D_00273",
        "destination_category": "education",
        "destination_name": "泉州市培元中学",
        "origin_pop": 4957.0,
        "destination_jobs": 2562.4,
        "distance_m": 896.7,
        "trips": 102.7736
      }
    },
    {
      "type": "Feature",
      "geometry": {
        "type": "LineString",
        "coordinates": [
          [
            118.5772017111111,
            24.9118155
          ],
          [
            118.56177663333334,
            24.884847633333333
          ]
        ]
      },
      "properties": {
        "purpose": "home_to_work",
        "origin_id": "O_00026",
        "destination_id": "D_00262",
        "destination_category": "commercial_office",
        "destination_name": "新加坡城",
        "origin_pop": 4957.0,
        "destination_jobs": 5779.4,
        "distance_m": 3363.39,
        "trips": 101.8654
      }
    },
    {
      "type": "Feature",
      "geometry": {
        "type": "LineString",
        "coordinates": [
          [
            118.5772017111111,
            24.9118155
          ],
          [
            118.66633520434783,
            24.872914973913044
          ]
        ]
      },
      "properties": {
        "purpose": "home_to_work",
        "origin_id": "O_00026",
        "destination_id": "D_00108",
        "destination_category": "education",
        "destination_name": "泉州师范学院",
        "origin_pop": 4957.0,
        "destination_jobs": 49778.48,
        "distance_m": 9975.0,
        "trips": 96.8406
      }
    },
    {
      "type": "Feature",
      "geometry": {
        "type": "LineString",
        "coordinates": [
          [
            118.57268405,
            24.914049592857143
          ],
          [
            118.57454498235293,
            24.915936364705882
          ]
        ]
      },
      "properties": {
        "purpose": "home_to_work",
        "origin_id": "O_00027",
        "destination_id": "D_00321",
        "destination_category": "commercial_office",
        "destination_name": "源和1916创意产业园",
        "origin_pop": 4770.0,
        "destination_jobs": 12593.06,
        "distance_m": 280.71,
        "trips": 597.9573
      }
    },
    {
      "type": "Feature",
      "geometry": {
        "type": "LineString",
        "coordinates": [
          [
            118.57268405,
            24.914049592857143
          ],
          [
            118.57828776875,
            24.945803090625
          ]
        ]
      },
      "properties": {
        "purpose": "home_to_work",
        "origin_id": "O_00027",
        "destination_id": "D_00301",
        "destination_category": "education",
        "destination_name": "",
        "origin_pop": 4770.0,
        "destination_jobs": 27053.76,
        "distance_m": 3555.32,
        "trips": 431.2385
      }
    },
    {
      "type": "Feature",
      "geometry": {
        "type": "LineString",
        "coordinates": [
          [
            118.57268405,
            24.914049592857143
          ],
          [
            118.59383305000001,
            24.942276507142857
          ]
        ]
      },
      "properties": {
        "purpose": "home_to_work",
        "origin_id": "O_00027",
        "destination_id": "D_00300",
        "destination_category": "healthcare",
        "destination_name": "910医院",
        "origin_pop": 4770.0,
        "destination_jobs": 15831.81,
        "distance_m": 3780.71,
        "trips": 234.095
      }
    },
    {
      "type": "Feature",
      "geometry": {
        "type": "LineString",
        "coordinates": [
          [
            118.57268405,
            24.914049592857143
          ],
          [
            118.58039623076924,
            24.921369546153848
          ]
        ]
      },
      "properties": {
        "purpose": "home_to_work",
        "origin_id": "O_00027",
        "destination_id": "D_00272",
        "destination_category": "commercial_office",
        "destination_name": "开元盛世广场",
        "origin_pop": 4770.0,
        "destination_jobs": 5705.79,
        "distance_m": 1122.92,
        "trips": 204.6126
      }
    },
    {
      "type": "Feature",
      "geometry": {
        "type": "LineString",
        "coordinates": [
          [
            118.57268405,
            24.914049592857143
          ],
          [
            118.63935618000001,
            24.939899246666666
          ]
        ]
      },
      "properties": {
        "purpose": "home_to_work",
        "origin_id": "O_00027",
        "destination_id": "D_00149",
        "destination_category": "education",
        "destination_name": "华侨大学",
        "origin_pop": 4770.0,
        "destination_jobs": 36219.49,
        "distance_m": 7311.99,
        "trips": 165.0436
      }
    },
    {
      "type": "Feature",
      "geometry": {
        "type": "LineString",
        "coordinates": [
          [
            118.57268405,
            24.914049592857143
          ],
          [
            118.62414069230769,
            24.88434541538462
          ]
        ]
      },
      "properties": {
        "purpose": "home_to_work",
        "origin_id": "O_00027",
        "destination_id": "D_00204",
        "destination_category": "education",
        "destination_name": "黎明职业大学",
        "origin_pop": 4770.0,
        "destination_jobs": 20180.72,
        "distance_m": 6146.29,
        "trips": 135.6268
      }
    },
    {
      "type": "Feature",
      "geometry": {
        "type": "LineString",
        "coordinates": [
          [
            118.57268405,
            24.914049592857143
          ],
          [
            118.59354837999999,
            24.915964273333334
          ]
        ]
      },
      "properties": {
        "purpose": "home_to_work",
        "origin_id": "O_00027",
        "destination_id": "D_00674",
        "destination_category": "healthcare",
        "destination_name": "泉州市第一医院",
        "origin_pop": 4770.0,
        "destination_jobs": 4099.66,
        "distance_m": 2117.07,
        "trips": 105.5472
      }
    },
    {
      "type": "Feature",
      "geometry": {
        "type": "LineString",
        "coordinates": [
          [
            118.57268405,
            24.914049592857143
          ],
          [
            118.58003240666666,
            24.919504482222223
          ]
        ]
      },
      "properties": {
        "purpose": "home_to_work",
        "origin_id": "O_00027",
        "destination_id": "D_00273",
        "destination_category": "education",
        "destination_name": "泉州市培元中学",
        "origin_pop": 4770.0,
        "destination_jobs": 2562.4,
        "distance_m": 956.02,
        "trips": 97.146
      }
    },
    {
      "type": "Feature",
      "geometry": {
        "type": "LineString",
        "coordinates": [
          [
            118.57268405,
            24.914049592857143
          ],
          [
            118.56177663333334,
            24.884847633333333
          ]
        ]
      },
      "properties": {
        "purpose": "home_to_work",
        "origin_id": "O_00027",
        "destination_id": "D_00262",
        "destination_category": "commercial_office",
        "destination_name": "新加坡城",
        "origin_pop": 4770.0,
        "destination_jobs": 5779.4,
        "distance_m": 3410.7,
        "trips": 96.674
      }
    },
    {
      "type": "Feature",
      "geometry": {
        "type": "LineString",
        "coordinates": [
          [
            118.57268405,
            24.914049592857143
          ],
          [
            118.66633520434783,
            24.872914973913044
          ]
        ]
      },
      "properties": {
        "purpose": "home_to_work",
        "origin_id": "O_00027",
        "destination_id": "D_00108",
        "destination_category": "education",
        "destination_name": "泉州师范学院",
        "origin_pop": 4770.0,
        "destination_jobs": 49778.48,
        "distance_m": 10493.03,
        "trips": 78.5588
      }
    },
    {
      "type": "Feature",
      "geometry": {
        "type": "LineString",
        "coordinates": [
          [
            118.57278358571429,
            24.9149515
          ],
          [
            118.57454498235293,
            24.915936364705882
          ]
        ]
      },
      "properties": {
        "purpose": "home_to_work",
        "origin_id": "O_00028",
        "destination_id": "D_00321",
        "destination_category": "commercial_office",
        "destination_name": "源和1916创意产业园",
        "origin_pop": 4795.0,
        "destination_jobs": 12593.06,
        "distance_m": 208.51,
        "trips": 604.2199
      }
    },
    {
      "type": "Feature",
      "geometry": {
        "type": "LineString",
        "coordinates": [
          [
            118.57278358571429,
            24.9149515
          ],
          [
            118.57828776875,
            24.945803090625
          ]
        ]
      },
      "properties": {
        "purpose": "home_to_work",
        "origin_id": "O_00028",
        "destination_id": "D_00301",
        "destination_category": "education",
        "destination_name": "",
        "origin_pop": 4795.0,
        "destination_jobs": 27053.76,
        "distance_m": 3455.3,
        "trips": 439.8146
      }
    },
    {
      "type": "Feature",
      "geometry": {
        "type": "LineString",
        "coordinates": [
          [
            118.57278358571429,
            24.9149515
          ],
          [
            118.59383305000001,
            24.942276507142857
          ]
        ]
      },
      "properties": {
        "purpose": "home_to_work",
        "origin_id": "O_00028",
        "destination_id": "D_00300",
        "destination_category": "healthcare",
        "destination_name": "910医院",
        "origin_pop": 4795.0,
        "destination_jobs": 15831.81,
        "distance_m": 3693.06,
        "trips": 237.7677
      }
    },
    {
      "type": "Feature",
      "geometry": {
        "type": "LineString",
        "coordinates": [
          [
            118.57278358571429,
            24.9149515
          ],
          [
            118.58039623076924,
            24.921369546153848
          ]
        ]
      },
      "properties": {
        "purpose": "home_to_work",
        "origin_id": "O_00028",
        "destination_id": "D_00272",
        "destination_category": "commercial_office",
        "destination_name": "开元盛世广场",
        "origin_pop": 4795.0,
        "destination_jobs": 5705.79,
        "distance_m": 1045.94,
        "trips": 207.085
      }
    },
    {
      "type": "Feature",
      "geometry": {
        "type": "LineString",
        "coordinates": [
          [
            118.57278358571429,
            24.9149515
          ],
          [
            118.63935618000001,
            24.939899246666666
          ]
        ]
      },
      "properties": {
        "purpose": "home_to_work",
        "origin_id": "O_00028",
        "destination_id": "D_00149",
        "destination_category": "education",
        "destination_name": "华侨大学",
        "origin_pop": 4795.0,
        "destination_jobs": 36219.49,
        "distance_m": 7264.29,
        "trips": 165.4157
      }
    },
    {
      "type": "Feature",
      "geometry": {
        "type": "LineString",
        "coordinates": [
          [
            118.57278358571429,
            24.9149515
          ],
          [
            118.62414069230769,
            24.88434541538462
          ]
        ]
      },
      "properties": {
        "purpose": "home_to_work",
        "origin_id": "O_00028",
        "destination_id": "D_00204",
        "destination_category": "education",
        "destination_name": "黎明职业大学",
        "origin_pop": 4795.0,
        "destination_jobs": 20180.72,
        "distance_m": 6191.69,
        "trips": 131.779
      }
    },
    {
      "type": "Feature",
      "geometry": {
        "type": "LineString",
        "coordinates": [
          [
            118.57278358571429,
            24.9149515
          ],
          [
            118.59354837999999,
            24.915964273333334
          ]
        ]
      },
      "properties": {
        "purpose": "home_to_work",
        "origin_id": "O_00028",
        "destination_id": "D_00674",
        "destination_category": "healthcare",
        "destination_name": "泉州市第一医院",
        "origin_pop": 4795.0,
        "destination_jobs": 4099.66,
        "distance_m": 2099.39,
        "trips": 104.7317
      }
    },
    {
      "type": "Feature",
      "geometry": {
        "type": "LineString",
        "coordinates": [
          [
            118.57278358571429,
            24.9149515
          ],
          [
            118.58003240666666,
            24.919504482222223
          ]
        ]
      },
      "properties": {
        "purpose": "home_to_work",
        "origin_id": "O_00028",
        "destination_id": "D_00273",
        "destination_category": "education",
        "destination_name": "泉州市培元中学",
        "origin_pop": 4795.0,
        "destination_jobs": 2562.4,
        "distance_m": 888.18,
        "trips": 98.0208
      }
    },
    {
      "type": "Feature",
      "geometry": {
        "type": "LineString",
        "coordinates": [
          [
            118.57278358571429,
            24.9149515
          ],
          [
            118.56177663333334,
            24.884847633333333
          ]
        ]
      },
      "properties": {
        "purpose": "home_to_work",
        "origin_id": "O_00028",
        "destination_id": "D_00262",
        "destination_category": "commercial_office",
        "destination_name": "新加坡城",
        "origin_pop": 4795.0,
        "destination_jobs": 5779.4,
        "distance_m": 3508.37,
        "trips": 92.3087
      }
    },
    {
      "type": "Feature",
      "geometry": {
        "type": "LineString",
        "coordinates": [
          [
            118.57278358571429,
            24.9149515
          ],
          [
            118.66633520434783,
            24.872914973913044
          ]
        ]
      },
      "properties": {
        "purpose": "home_to_work",
        "origin_id": "O_00028",
        "destination_id": "D_00108",
        "destination_category": "education",
        "destination_name": "泉州师范学院",
        "origin_pop": 4795.0,
        "destination_jobs": 49778.48,
        "distance_m": 10527.57,
        "trips": 76.607
      }
    },
    {
      "type": "Feature",
      "geometry": {
        "type": "LineString",
        "coordinates": [
          [
            118.57721083333333,
            24.91245205
          ],
          [
            118.57454498235293,
            24.915936364705882
          ]
        ]
      },
      "properties": {
        "purpose": "home_to_work",
        "origin_id": "O_00029",
        "destination_id": "D_00321",
        "destination_category": "commercial_office",
        "destination_name": "源和1916创意产业园",
        "origin_pop": 4736.0,
        "destination_jobs": 12593.06,
        "distance_m": 469.88,
        "trips": 548.6682
      }
    },
    {
      "type": "Feature",
      "geometry": {
        "type": "LineString",
        "coordinates": [
          [
            118.57721083333333,
            24.91245205
          ],
          [
            118.57828776875,
            24.945803090625
          ]
        ]
      },
      "properties": {
        "purpose": "home_to_work",
        "origin_id": "O_00029",
        "destination_id": "D_00301",
        "destination_category": "education",
        "destination_name": "",
        "origin_pop": 4736.0,
        "destination_jobs": 27053.76,
        "distance_m": 3688.23,
        "trips": 403.183
      }
    },
    {
      "type": "Feature",
      "geometry": {
        "type": "LineString",
        "coordinates": [
          [
            118.57721083333333,
            24.91245205
          ],
          [
            118.59383305000001,
            24.942276507142857
          ]
        ]
      },
      "properties": {
        "purpose": "home_to_work",
        "origin_id": "O_00029",
        "destination_id": "D_00300",
        "destination_category": "healthcare",
        "destination_name": "910医院",
        "origin_pop": 4736.0,
        "destination_jobs": 15831.81,
        "distance_m": 3699.27,
        "trips": 235.0753
      }
    },
    {
      "type": "Feature",
      "geometry": {
        "type": "LineString",
        "coordinates": [
          [
            118.57721083333333,
            24.91245205
          ],
          [
            118.58039623076924,
            24.921369546153848
          ]
        ]
      },
      "properties": {
        "purpose": "home_to_work",
        "origin_id": "O_00029",
        "destination_id": "D_00272",
        "destination_category": "commercial_office",
        "destination_name": "开元盛世广场",
        "origin_pop": 4736.0,
        "destination_jobs": 5705.79,
        "distance_m": 1036.87,
        "trips": 205.7848
      }
    },
    {
      "type": "Feature",
      "geometry": {
        "type": "LineString",
        "coordinates": [
          [
            118.57721083333333,
            24.91245205
          ],
          [
            118.63935618000001,
            24.939899246666666
          ]
        ]
      },
      "properties": {
        "purpose": "home_to_work",
        "origin_id": "O_00029",
        "destination_id": "D_00149",
        "destination_category": "education",
        "destination_name": "华侨大学",
        "origin_pop": 4736.0,
        "destination_jobs": 36219.49,
        "distance_m": 6968.75,
        "trips": 180.8474
      }
    },
    {
      "type": "Feature",
      "geometry": {
        "type": "LineString",
        "coordinates": [
          [
            118.57721083333333,
            24.91245205
          ],
          [
            118.62414069230769,
            24.88434541538462
          ]
        ]
      },
      "properties": {
        "purpose": "home_to_work",
        "origin_id": "O_00029",
        "destination_id": "D_00204",
        "destination_category": "education",
        "destination_name": "黎明职业大学",
        "origin_pop": 4736.0,
        "destination_jobs": 20180.72,
        "distance_m": 5666.38,
        "trips": 155.5408
      }
    },
    {
      "type": "Feature",
      "geometry": {
        "type": "LineString",
        "coordinates": [
          [
            118.57721083333333,
            24.91245205
          ],
          [
            118.59354837999999,
            24.915964273333334
          ]
        ]
      },
      "properties": {
        "purpose": "home_to_work",
        "origin_id": "O_00029",
        "destination_id": "D_00674",
        "destination_category": "healthcare",
        "destination_name": "泉州市第一医院",
        "origin_pop": 4736.0,
        "destination_jobs": 4099.66,
        "distance_m": 1694.52,
        "trips": 118.752
      }
    },
    {
      "type": "Feature",
      "geometry": {
        "type": "LineString",
        "coordinates": [
          [
            118.57721083333333,
            24.91245205
          ],
          [
            118.58003240666666,
            24.919504482222223
          ]
        ]
      },
      "properties": {
        "purpose": "home_to_work",
        "origin_id": "O_00029",
        "destination_id": "D_00273",
        "destination_category": "education",
        "destination_name": "泉州市培元中学",
        "origin_pop": 4736.0,
        "destination_jobs": 2562.4,
        "distance_m": 829.99,
        "trips": 99.0134
      }
    },
    {
      "type": "Feature",
      "geometry": {
        "type": "LineString",
        "coordinates": [
          [
            118.57721083333333,
            24.91245205
          ],
          [
            118.56177663333334,
            24.884847633333333
          ]
        ]
      },
      "properties": {
        "purpose": "home_to_work",
        "origin_id": "O_00029",
        "destination_id": "D_00262",
        "destination_category": "commercial_office",
        "destination_name": "新加坡城",
        "origin_pop": 4736.0,
        "destination_jobs": 5779.4,
        "distance_m": 3426.33,
        "trips": 93.9878
      }
    },
    {
      "type": "Feature",
      "geometry": {
        "type": "LineString",
        "coordinates": [
          [
            118.57721083333333,
            24.91245205
          ],
          [
            118.66633520434783,
            24.872914973913044
          ]
        ]
      },
      "properties": {
        "purpose": "home_to_work",
        "origin_id": "O_00029",
        "destination_id": "D_00108",
        "destination_category": "education",
        "destination_name": "泉州师范学院",
        "origin_pop": 4736.0,
        "destination_jobs": 49778.48,
        "distance_m": 10004.68,
        "trips": 90.3474
      }
    },
    {
      "type": "Feature",
      "geometry": {
        "type": "LineString",
        "coordinates": [
          [
            118.58103092000002,
            24.90993666
          ],
          [
            118.57454498235293,
            24.915936364705882
          ]
        ]
      },
      "properties": {
        "purpose": "home_to_work",
        "origin_id": "O_00030",
        "destination_id": "D_00321",
        "destination_category": "commercial_office",
        "destination_name": "源和1916创意产业园",
        "origin_pop": 4853.0,
        "destination_jobs": 12593.06,
        "distance_m": 932.01,
        "trips": 499.1357
      }
    },
    {
      "type": "Feature",
      "geometry": {
        "type": "LineString",
        "coordinates": [
          [
            118.58103092000002,
            24.90993666
          ],
          [
            118.57828776875,
            24.945803090625
          ]
        ]
      },
      "properties": {
        "purpose": "home_to_work",
        "origin_id": "O_00030",
        "destination_id": "D_00301",
        "destination_category": "education",
        "destination_name": "",
        "origin_pop": 4853.0,
        "destination_jobs": 27053.76,
        "distance_m": 3974.33,
        "trips": 388.9498
      }
    },
    {
      "type": "Feature",
      "geometry": {
        "type": "LineString",
        "coordinates": [
          [
            118.58103092000002,
            24.90993666
          ],
          [
            118.59383305000001,
            24.942276507142857
          ]
        ]
      },
      "properties": {
        "purpose": "home_to_work",
        "origin_id": "O_00030",
        "destination_id": "D_00300",
        "destination_category": "healthcare",
        "destination_name": "910医院",
        "origin_pop": 4853.0,
        "destination_jobs": 15831.81,
        "distance_m": 3801.29,
        "trips": 241.128
      }
    },
    {
      "type": "Feature",
      "geometry": {
        "type": "LineString",
        "coordinates": [
          [
            118.58103092000002,
            24.90993666
          ],
          [
            118.63935618000001,
            24.939899246666666
          ]
        ]
      },
      "properties": {
        "purpose": "home_to_work",
        "origin_id": "O_00030",
        "destination_id": "D_00149",
        "destination_category": "education",
        "destination_name": "华侨大学",
        "origin_pop": 4853.0,
        "destination_jobs": 36219.49,
        "distance_m": 6755.65,
        "trips": 206.0499
      }
    },
    {
      "type": "Feature",
      "geometry": {
        "type": "LineString",
        "coordinates": [
          [
            118.58103092000002,
            24.90993666
          ],
          [
            118.58039623076924,
            24.921369546153848
          ]
        ]
      },
      "properties": {
        "purpose": "home_to_work",
        "origin_id": "O_00030",
        "destination_id": "D_00272",
        "destination_category": "commercial_office",
        "destination_name": "开元盛世广场",
        "origin_pop": 4853.0,
        "destination_jobs": 5705.79,
        "distance_m": 1265.41,
        "trips": 202.3663
      }
    },
    {
      "type": "Feature",
      "geometry": {
        "type": "LineString",
        "coordinates": [
          [
            118.58103092000002,
            24.90993666
          ],
          [
            118.62414069230769,
            24.88434541538462
          ]
        ]
      },
      "properties": {
        "purpose": "home_to_work",
        "origin_id": "O_00030",
        "destination_id": "D_00204",
        "destination_category": "education",
        "destination_name": "黎明职业大学",
        "origin_pop": 4853.0,
        "destination_jobs": 20180.72,
        "distance_m": 5191.43,
        "trips": 193.3795
      }
    },
    {
      "type": "Feature",
      "geometry": {
        "type": "LineString",
        "coordinates": [
          [
            118.58103092000002,
            24.90993666
          ],
          [
            118.59354837999999,
            24.915964273333334
          ]
        ]
      },
      "properties": {
        "purpose": "home_to_work",
        "origin_id": "O_00030",
        "destination_id": "D_00674",
        "destination_category": "healthcare",
        "destination_name": "泉州市第一医院",
        "origin_pop": 4853.0,
        "destination_jobs": 4099.66,
        "distance_m": 1428.67,
        "trips": 137.701
      }
    },
    {
      "type": "Feature",
      "geometry": {
        "type": "LineString",
        "coordinates": [
          [
            118.58103092000002,
            24.90993666
          ],
          [
            118.66633520434783,
            24.872914973913044
          ]
        ]
      },
      "properties": {
        "purpose": "home_to_work",
        "origin_id": "O_00030",
        "destination_id": "D_00108",
        "destination_category": "education",
        "destination_name": "泉州师范学院",
        "origin_pop": 4853.0,
        "destination_jobs": 49778.48,
        "distance_m": 9536.65,
        "trips": 112.0674
      }
    },
    {
      "type": "Feature",
      "geometry": {
        "type": "LineString",
        "coordinates": [
          [
            118.58103092000002,
            24.90993666
          ],
          [
            118.58126169999998,
            24.91169928888889
          ]
        ]
      },
      "properties": {
        "purpose": "home_to_work",
        "origin_id": "O_00030",
        "destination_id": "D_00981",
        "destination_category": "commercial_office",
        "destination_name": "泉州工艺美术合作社",
        "origin_pop": 4853.0,
        "destination_jobs": 2013.93,
        "distance_m": 196.23,
        "trips": 102.0112
      }
    },
    {
      "type": "Feature",
      "geometry": {
        "type": "LineString",
        "coordinates": [
          [
            118.58103092000002,
            24.90993666
          ],
          [
            118.56177663333334,
            24.884847633333333
          ]
        ]
      },
      "properties": {
        "purpose": "home_to_work",
        "origin_id": "O_00030",
        "destination_id": "D_00262",
        "destination_category": "commercial_office",
        "destination_name": "新加坡城",
        "origin_pop": 4853.0,
        "destination_jobs": 5779.4,
        "distance_m": 3386.93,
        "trips": 101.0613
      }
    },
    {
      "type": "Feature",
      "geometry": {
        "type": "LineString",
        "coordinates": [
          [
            118.58328291666668,
            24.908330000000003
          ],
          [
            118.57454498235293,
            24.915936364705882
          ]
        ]
      },
      "properties": {
        "purpose": "home_to_work",
        "origin_id": "O_00031",
        "destination_id": "D_00321",
        "destination_category": "commercial_office",
        "destination_name": "源和1916创意产业园",
        "origin_pop": 4787.0,
        "destination_jobs": 12593.06,
        "distance_m": 1218.7,
        "trips": 459.441
      }
    },
    {
      "type": "Feature",
      "geometry": {
        "type": "LineString",
        "coordinates": [
          [
            118.58328291666668,
            24.908330000000003
          ],
          [
            118.57828776875,
            24.945803090625
          ]
        ]
      },
      "properties": {
        "purpose": "home_to_work",
        "origin_id": "O_00031",
        "destination_id": "D_00301",
        "destination_category": "education",
        "destination_name": "",
        "origin_pop": 4787.0,
        "destination_jobs": 27053.76,
        "distance_m": 4172.86,
        "trips": 368.6961
      }
    },
    {
      "type": "Feature",
      "geometry": {
        "type": "LineString",
        "coordinates": [
          [
            118.58328291666668,
            24.908330000000003
          ],
          [
            118.59383305000001,
            24.942276507142857
          ]
        ]
      },
      "properties": {
        "purpose": "home_to_work",
        "origin_id": "O_00031",
        "destination_id": "D_00300",
        "destination_category": "healthcare",
        "destination_name": "910医院",
        "origin_pop": 4787.0,
        "destination_jobs": 15831.81,
        "distance_m": 3900.67,
        "trips": 236.2518
      }
    },
    {
      "type": "Feature",
      "geometry": {
        "type": "LineString",
        "coordinates": [
          [
            118.58328291666668,
            24.908330000000003
          ],
          [
            118.63935618000001,
            24.939899246666666
          ]
        ]
      },
      "properties": {
        "purpose": "home_to_work",
        "origin_id": "O_00031",
        "destination_id": "D_00149",
        "destination_category": "education",
        "destination_name": "华侨大学",
        "origin_pop": 4787.0,
        "destination_jobs": 36219.49,
        "distance_m": 6649.93,
        "trips": 216.167
      }
    },
    {
      "type": "Feature",
      "geometry": {
        "type": "LineString",
        "coordinates": [
          [
            118.58328291666668,
            24.908330000000003
          ],
          [
            118.62414069230769,
            24.88434541538462
          ]
        ]
      },
      "properties": {
        "purpose": "home_to_work",
        "origin_id": "O_00031",
        "destination_id": "D_00204",
        "destination_category": "education",
        "destination_name": "黎明职业大学",
        "origin_pop": 4787.0,
        "destination_jobs": 20180.72,
        "distance_m": 4904.07,
        "trips": 215.5379
      }
    },
    {
      "type": "Feature",
      "geometry": {
        "type": "LineString",
        "coordinates": [
          [
            118.58328291666668,
            24.908330000000003
          ],
          [
            118.58039623076924,
            24.921369546153848
          ]
        ]
      },
      "properties": {
        "purpose": "home_to_work",
        "origin_id": "O_00031",
        "destination_id": "D_00272",
        "destination_category": "commercial_office",
        "destination_name": "开元盛世广场",
        "origin_pop": 4787.0,
        "destination_jobs": 5705.79,
        "distance_m": 1470.56,
        "trips": 191.4054
      }
    },
    {
      "type": "Feature",
      "geometry": {
        "type": "LineString",
        "coordinates": [
          [
            118.58328291666668,
            24.908330000000003
          ],
          [
            118.59354837999999,
            24.915964273333334
          ]
        ]
      },
      "properties": {
        "purpose": "home_to_work",
        "origin_id": "O_00031",
        "destination_id": "D_00674",
        "destination_category": "healthcare",
        "destination_name": "泉州市第一医院",
        "origin_pop": 4787.0,
        "destination_jobs": 4099.66,
        "distance_m": 1336.54,
        "trips": 143.8097
      }
    },
    {
      "type": "Feature",
      "geometry": {
        "type": "LineString",
        "coordinates": [
          [
            118.58328291666668,
            24.908330000000003
          ],
          [
            118.66633520434783,
            24.872914973913044
          ]
        ]
      },
      "properties": {
        "purpose": "home_to_work",
        "origin_id": "O_00031",
        "destination_id": "D_00108",
        "destination_category": "education",
        "destination_name": "泉州师范学院",
        "origin_pop": 4787.0,
        "destination_jobs": 49778.48,
        "distance_m": 9255.3,
        "trips": 124.6589
      }
    },
    {
      "type": "Feature",
      "geometry": {
        "type": "LineString",
        "coordinates": [
          [
            118.58328291666668,
            24.908330000000003
          ],
          [
            118.56177663333334,
            24.884847633333333
          ]
        ]
      },
      "properties": {
        "purpose": "home_to_work",
        "origin_id": "O_00031",
        "destination_id": "D_00262",
        "destination_category": "commercial_office",
        "destination_name": "新加坡城",
        "origin_pop": 4787.0,
        "destination_jobs": 5779.4,
        "distance_m": 3384.33,
        "trips": 102.4412
      }
    },
    {
      "type": "Feature",
      "geometry": {
        "type": "LineString",
        "coordinates": [
          [
            118.58328291666668,
            24.908330000000003
          ],
          [
            118.58690815,
            24.9085583
          ]
        ]
      },
      "properties": {
        "purpose": "home_to_work",
        "origin_id": "O_00031",
        "destination_id": "D_00046",
        "destination_category": "hotel_tourism",
        "destination_name": "华侨大厦",
        "origin_pop": 4787.0,
        "destination_jobs": 1975.55,
        "distance_m": 366.89,
        "trips": 95.741
      }
    },
    {
      "type": "Feature",
      "geometry": {
        "type": "LineString",
        "coordinates": [
          [
            118.67514663333333,
            24.87948636666667
          ],
          [
            118.66633520434783,
            24.872914973913044
          ]
        ]
      },
      "properties": {
        "purpose": "home_to_work",
        "origin_id": "O_00032",
        "destination_id": "D_00108",
        "destination_category": "education",
        "destination_name": "泉州师范学院",
        "origin_pop": 4814.0,
        "destination_jobs": 49778.48,
        "distance_m": 1148.72,
        "trips": 714.6845
      }
    },
    {
      "type": "Feature",
      "geometry": {
        "type": "LineString",
        "coordinates": [
          [
            118.67514663333333,
            24.87948636666667
          ],
          [
            118.67346315,
            24.873829045
          ]
        ]
      },
      "properties": {
        "purpose": "home_to_work",
        "origin_id": "O_00032",
        "destination_id": "D_00662",
        "destination_category": "commercial_office",
        "destination_name": "",
        "origin_pop": 4814.0,
        "destination_jobs": 41918.35,
        "distance_m": 648.06,
        "trips": 711.1385
      }
    },
    {
      "type": "Feature",
      "geometry": {
        "type": "LineString",
        "coordinates": [
          [
            118.67514663333333,
            24.87948636666667
          ],
          [
            118.65411906363637,
            24.87995060909091
          ]
        ]
      },
      "properties": {
        "purpose": "home_to_work",
        "origin_id": "O_00032",
        "destination_id": "D_00113",
        "destination_category": "education",
        "destination_name": "泉州幼儿师范高等专科学校",
        "origin_pop": 4814.0,
        "destination_jobs": 12051.56,
        "distance_m": 2124.17,
        "trips": 124.9985
      }
    },
    {
      "type": "Feature",
      "geometry": {
        "type": "LineString",
        "coordinates": [
          [
            118.67514663333333,
            24.87948636666667
          ],
          [
            118.65362735,
            24.87613105
          ]
        ]
      },
      "properties": {
        "purpose": "home_to_work",
        "origin_id": "O_00032",
        "destination_id": "D_00114",
        "destination_category": "healthcare",
        "destination_name": "福建医科大学附属第二医院东海分院",
        "origin_pop": 4814.0,
        "destination_jobs": 11347.32,
        "distance_m": 2204.66,
        "trips": 114.5783
      }
    },
    {
      "type": "Feature",
      "geometry": {
        "type": "LineString",
        "coordinates": [
          [
            118.67514663333333,
            24.87948636666667
          ],
          [
            118.6744636,
            24.88483345
          ]
        ]
      },
      "properties": {
        "purpose": "home_to_work",
        "origin_id": "O_00032",
        "destination_id": "D_00214",
        "destination_category": "commercial_office",
        "destination_name": "",
        "origin_pop": 4814.0,
        "destination_jobs": 5716.57,
        "distance_m": 595.08,
        "trips": 98.7088
      }
    },
    {
      "type": "Feature",
      "geometry": {
        "type": "LineString",
        "coordinates": [
          [
            118.67514663333333,
            24.87948636666667
          ],
          [
            118.67587649,
            24.876231490000002
          ]
        ]
      },
      "properties": {
        "purpose": "home_to_work",
        "origin_id": "O_00032",
        "destination_id": "D_00185",
        "destination_category": "education",
        "destination_name": "福建省泉州第一中学（东海校区）",
        "origin_pop": 4814.0,
        "destination_jobs": 5273.13,
        "distance_m": 367.27,
        "trips": 98.2353
      }
    },
    {
      "type": "Feature",
      "geometry": {
        "type": "LineString",
        "coordinates": [
          [
            118.67514663333333,
            24.87948636666667
          ],
          [
            118.683299068,
            24.881939132000003
          ]
        ]
      },
      "properties": {
        "purpose": "home_to_work",
        "origin_id": "O_00032",
        "destination_id": "D_00115",
        "destination_category": "industry",
        "destination_name": "后渚港",
        "origin_pop": 4814.0,
        "destination_jobs": 4977.88,
        "distance_m": 866.79,
        "trips": 78.5109
      }
    },
    {
      "type": "Feature",
      "geometry": {
        "type": "LineString",
        "coordinates": [
          [
            118.67514663333333,
            24.87948636666667
          ],
          [
            118.671360425,
            24.876997175
          ]
        ]
      },
      "properties": {
        "purpose": "home_to_work",
        "origin_id": "O_00032",
        "destination_id": "D_00056",
        "destination_category": "commercial_office",
        "destination_name": "泉州市人民政府",
        "origin_pop": 4814.0,
        "destination_jobs": 4284.56,
        "distance_m": 471.08,
        "trips": 77.1039
      }
    },
    {
      "type": "Feature",
      "geometry": {
        "type": "LineString",
        "coordinates": [
          [
            118.67514663333333,
            24.87948636666667
          ],
          [
            118.62414069230769,
            24.88434541538462
          ]
        ]
      },
      "properties": {
        "purpose": "home_to_work",
        "origin_id": "O_00032",
        "destination_id": "D_00204",
        "destination_category": "education",
        "destination_name": "黎明职业大学",
        "origin_pop": 4814.0,
        "destination_jobs": 20180.72,
        "distance_m": 5178.86,
        "trips": 75.6112
      }
    },
    {
      "type": "Feature",
      "geometry": {
        "type": "LineString",
        "coordinates": [
          [
            118.67514663333333,
            24.87948636666667
          ],
          [
            118.68105335714286,
            24.886121449999997
          ]
        ]
      },
      "properties": {
        "purpose": "home_to_work",
        "origin_id": "O_00032",
        "destination_id": "D_00213",
        "destination_category": "industry",
        "destination_name": "后渚港",
        "origin_pop": 4814.0,
        "destination_jobs": 4733.76,
        "distance_m": 945.38,
        "trips": 72.7301
      }
    },
    {
      "type": "Feature",
      "geometry": {
        "type": "LineString",
        "coordinates": [
          [
            118.6761139625,
            24.8800296625
          ],
          [
            118.67346315,
            24.873829045
          ]
        ]
      },
      "properties": {
        "purpose": "home_to_work",
        "origin_id": "O_00033",
        "destination_id": "D_00662",
        "destination_category": "commercial_office",
        "destination_name": "",
        "origin_pop": 4847.0,
        "destination_jobs": 41918.35,
        "distance_m": 735.84,
        "trips": 713.5072
      }
    },
    {
      "type": "Feature",
      "geometry": {
        "type": "LineString",
        "coordinates": [
          [
            118.6761139625,
            24.8800296625
          ],
          [
            118.66633520434783,
            24.872914973913044
          ]
        ]
      },
      "properties": {
        "purpose": "home_to_work",
        "origin_id": "O_00033",
        "destination_id": "D_00108",
        "destination_category": "education",
        "destination_name": "泉州师范学院",
        "origin_pop": 4847.0,
        "destination_jobs": 49778.48,
        "distance_m": 1262.46,
        "trips": 710.8856
      }
    },
    {
      "type": "Feature",
      "geometry": {
        "type": "LineString",
        "coordinates": [
          [
            118.6761139625,
            24.8800296625
          ],
          [
            118.65411906363637,
            24.87995060909091
          ]
        ]
      },
      "properties": {
        "purpose": "home_to_work",
        "origin_id": "O_00033",
        "destination_id": "D_00113",
        "destination_category": "education",
        "destination_name": "泉州幼儿师范高等专科学校",
        "origin_pop": 4847.0,
        "destination_jobs": 12051.56,
        "distance_m": 2221.25,
        "trips": 125.0267
      }
    },
    {
      "type": "Feature",
      "geometry": {
        "type": "LineString",
        "coordinates": [
          [
            118.6761139625,
            24.8800296625
          ],
          [
            118.65362735,
            24.87613105
          ]
        ]
      },
      "properties": {
        "purpose": "home_to_work",
        "origin_id": "O_00033",
        "destination_id": "D_00114",
        "destination_category": "healthcare",
        "destination_name": "福建医科大学附属第二医院东海分院",
        "origin_pop": 4847.0,
        "destination_jobs": 11347.32,
        "distance_m": 2311.45,
        "trips": 114.2337
      }
    },
    {
      "type": "Feature",
      "geometry": {
        "type": "LineString",
        "coordinates": [
          [
            118.6761139625,
            24.8800296625
          ],
          [
            118.6744636,
            24.88483345
          ]
        ]
      },
      "properties": {
        "purpose": "home_to_work",
        "origin_id": "O_00033",
        "destination_id": "D_00214",
        "destination_category": "commercial_office",
        "destination_name": "",
        "origin_pop": 4847.0,
        "destination_jobs": 5716.57,
        "distance_m": 556.55,
        "trips": 103.2963
      }
    },
    {
      "type": "Feature",
      "geometry": {
        "type": "LineString",
        "coordinates": [
          [
            118.6761139625,
            24.8800296625
          ],
          [
            118.67587649,
            24.876231490000002
          ]
        ]
      },
      "properties": {
        "purpose": "home_to_work",
        "origin_id": "O_00033",
        "destination_id": "D_00185",
        "destination_category": "education",
        "destination_name": "福建省泉州第一中学（东海校区）",
        "origin_pop": 4847.0,
        "destination_jobs": 5273.13,
        "distance_m": 420.53,
        "trips": 99.703
      }
    },
    {
      "type": "Feature",
      "geometry": {
        "type": "LineString",
        "coordinates": [
          [
            118.6761139625,
            24.8800296625
          ],
          [
            118.683299068,
            24.881939132000003
          ]
        ]
      },
      "properties": {
        "purpose": "home_to_work",
        "origin_id": "O_00033",
        "destination_id": "D_00115",
        "destination_category": "industry",
        "destination_name": "后渚港",
        "origin_pop": 4847.0,
        "destination_jobs": 4977.88,
        "distance_m": 755.68,
        "trips": 84.1718
      }
    },
    {
      "type": "Feature",
      "geometry": {
        "type": "LineString",
        "coordinates": [
          [
            118.6761139625,
            24.8800296625
          ],
          [
            118.68105335714286,
            24.886121449999997
          ]
        ]
      },
      "properties": {
        "purpose": "home_to_work",
        "origin_id": "O_00033",
        "destination_id": "D_00213",
        "destination_category": "industry",
        "destination_name": "后渚港",
        "origin_pop": 4847.0,
        "destination_jobs": 4733.76,
        "distance_m": 838.01,
        "trips": 77.8771
      }
    },
    {
      "type": "Feature",
      "geometry": {
        "type": "LineString",
        "coordinates": [
          [
            118.6761139625,
            24.8800296625
          ],
          [
            118.671360425,
            24.876997175
          ]
        ]
      },
      "properties": {
        "purpose": "home_to_work",
        "origin_id": "O_00033",
        "destination_id": "D_00056",
        "destination_category": "commercial_office",
        "destination_name": "泉州市人民政府",
        "origin_pop": 4847.0,
        "destination_jobs": 4284.56,
        "distance_m": 585.51,
        "trips": 76.6766
      }
    },
    {
      "type": "Feature",
      "geometry": {
        "type": "LineString",
        "coordinates": [
          [
            118.6761139625,
            24.8800296625
          ],
          [
            118.62414069230769,
            24.88434541538462
          ]
        ]
      },
      "properties": {
        "purpose": "home_to_work",
        "origin_id": "O_00033",
        "destination_id": "D_00204",
        "destination_category": "education",
        "destination_name": "黎明职业大学",
        "origin_pop": 4847.0,
        "destination_jobs": 20180.72,
        "distance_m": 5270.25,
        "trips": 75.772
      }
    },
    {
      "type": "Feature",
      "geometry": {
        "type": "LineString",
        "coordinates": [
          [
            118.6770112,
            24.8797790625
          ],
          [
            118.67346315,
            24.873829045
          ]
        ]
      },
      "properties": {
        "purpose": "home_to_work",
        "origin_id": "O_00034",
        "destination_id": "D_00662",
        "destination_category": "commercial_office",
        "destination_name": "",
        "origin_pop": 4864.0,
        "destination_jobs": 41918.35,
        "distance_m": 748.99,
        "trips": 721.3915
      }
    },
    {
      "type": "Feature",
      "geometry": {
        "type": "LineString",
        "coordinates": [
          [
            118.6770112,
            24.8797790625
          ],
          [
            118.66633520434783,
            24.872914973913044
          ]
        ]
      },
      "properties": {
        "purpose": "home_to_work",
        "origin_id": "O_00034",
        "destination_id": "D_00108",
        "destination_category": "education",
        "destination_name": "泉州师范学院",
        "origin_pop": 4864.0,
        "destination_jobs": 49778.48,
        "distance_m": 1318.41,
        "trips": 708.5604
      }
    },
    {
      "type": "Feature",
      "geometry": {
        "type": "LineString",
        "coordinates": [
          [
            118.6770112,
            24.8797790625
          ],
          [
            118.65411906363637,
            24.87995060909091
          ]
        ]
      },
      "properties": {
        "purpose": "home_to_work",
        "origin_id": "O_00034",
        "destination_id": "D_00113",
        "destination_category": "education",
        "destination_name": "泉州幼儿师范高等专科学校",
        "origin_pop": 4864.0,
        "destination_jobs": 12051.56,
        "distance_m": 2311.92,
        "trips": 123.1834
      }
    },
    {
      "type": "Feature",
      "geometry": {
        "type": "LineString",
        "coordinates": [
          [
            118.6770112,
            24.8797790625
          ],
          [
            118.65362735,
            24.87613105
          ]
        ]
      },
      "properties": {
        "purpose": "home_to_work",
        "origin_id": "O_00034",
        "destination_id": "D_00114",
        "destination_category": "healthcare",
        "destination_name": "福建医科大学附属第二医院东海分院",
        "origin_pop": 4864.0,
        "destination_jobs": 11347.32,
        "distance_m": 2395.72,
        "trips": 112.7902
      }
    },
    {
      "type": "Feature",
      "geometry": {
        "type": "LineString",
        "coordinates": [
          [
            118.6770112,
            24.8797790625
          ],
          [
            118.6744636,
            24.88483345
          ]
        ]
      },
      "properties": {
        "purpose": "home_to_work",
        "origin_id": "O_00034",
        "destination_id": "D_00214",
        "destination_category": "commercial_office",
        "destination_name": "",
        "origin_pop": 4864.0,
        "destination_jobs": 5716.57,
        "distance_m": 615.1,
        "trips": 102.8691
      }
    },
    {
      "type": "Feature",
      "geometry": {
        "type": "LineString",
        "coordinates": [
          [
            118.6770112,
            24.8797790625
          ],
          [
            118.67587649,
            24.876231490000002
          ]
        ]
      },
      "properties": {
        "purpose": "home_to_work",
        "origin_id": "O_00034",
        "destination_id": "D_00185",
        "destination_category": "education",
        "destination_name": "福建省泉州第一中学（东海校区）",
        "origin_pop": 4864.0,
        "destination_jobs": 5273.13,
        "distance_m": 408.55,
        "trips": 101.6527
      }
    },
    {
      "type": "Feature",
      "geometry": {
        "type": "LineString",
        "coordinates": [
          [
            118.6770112,
            24.8797790625
          ],
          [
            118.683299068,
            24.881939132000003
          ]
        ]
      },
      "properties": {
        "purpose": "home_to_work",
        "origin_id": "O_00034",
        "destination_id": "D_00115",
        "destination_category": "industry",
        "destination_name": "后渚港",
        "origin_pop": 4864.0,
        "destination_jobs": 4977.88,
        "distance_m": 678.41,
        "trips": 87.706
      }
    },
    {
      "type": "Feature",
      "geometry": {
        "type": "LineString",
        "coordinates": [
          [
            118.6770112,
            24.8797790625
          ],
          [
            118.68105335714286,
            24.886121449999997
          ]
        ]
      },
      "properties": {
        "purpose": "home_to_work",
        "origin_id": "O_00034",
        "destination_id": "D_00213",
        "destination_category": "industry",
        "destination_name": "后渚港",
        "origin_pop": 4864.0,
        "destination_jobs": 4733.76,
        "distance_m": 811.27,
        "trips": 79.7916
      }
    },
    {
      "type": "Feature",
      "geometry": {
        "type": "LineString",
        "coordinates": [
          [
            118.6770112,
            24.8797790625
          ],
          [
            118.671360425,
            24.876997175
          ]
        ]
      },
      "properties": {
        "purpose": "home_to_work",
        "origin_id": "O_00034",
        "destination_id": "D_00056",
        "destination_category": "commercial_office",
        "destination_name": "泉州市人民政府",
        "origin_pop": 4864.0,
        "destination_jobs": 4284.56,
        "distance_m": 648.25,
        "trips": 76.2529
      }
    },
    {
      "type": "Feature",
      "geometry": {
        "type": "LineString",
        "coordinates": [
          [
            118.6770112,
            24.8797790625
          ],
          [
            118.62414069230769,
            24.88434541538462
          ]
        ]
      },
      "properties": {
        "purpose": "home_to_work",
        "origin_id": "O_00034",
        "destination_id": "D_00204",
        "destination_category": "education",
        "destination_name": "黎明职业大学",
        "origin_pop": 4864.0,
        "destination_jobs": 20180.72,
        "distance_m": 5363.03,
        "trips": 74.6023
      }
    },
    {
      "type": "Feature",
      "geometry": {
        "type": "LineString",
        "coordinates": [
          [
            118.675666925,
            24.8797973
          ],
          [
            118.66633520434783,
            24.872914973913044
          ]
        ]
      },
      "properties": {
        "purpose": "home_to_work",
        "origin_id": "O_00035",
        "destination_id": "D_00108",
        "destination_category": "education",
        "destination_name": "泉州师范学院",
        "origin_pop": 4870.0,
        "destination_jobs": 49778.48,
        "distance_m": 1211.17,
        "trips": 718.1156
      }
    },
    {
      "type": "Feature",
      "geometry": {
        "type": "LineString",
        "coordinates": [
          [
            118.675666925,
            24.8797973
          ],
          [
            118.67346315,
            24.873829045
          ]
        ]
      },
      "properties": {
        "purpose": "home_to_work",
        "origin_id": "O_00035",
        "destination_id": "D_00662",
        "destination_category": "commercial_office",
        "destination_name": "",
        "origin_pop": 4870.0,
        "destination_jobs": 41918.35,
        "distance_m": 696.26,
        "trips": 717.9563
      }
    },
    {
      "type": "Feature",
      "geometry": {
        "type": "LineString",
        "coordinates": [
          [
            118.675666925,
            24.8797973
          ],
          [
            118.65411906363637,
            24.87995060909091
          ]
        ]
      },
      "properties": {
        "purpose": "home_to_work",
        "origin_id": "O_00035",
        "destination_id": "D_00113",
        "destination_category": "education",
        "destination_name": "泉州幼儿师范高等专科学校",
        "origin_pop": 4870.0,
        "destination_jobs": 12051.56,
        "distance_m": 2176.15,
        "trips": 126.0377
      }
    },
    {
      "type": "Feature",
      "geometry": {
        "type": "LineString",
        "coordinates": [
          [
            118.675666925,
            24.8797973
          ],
          [
            118.65362735,
            24.87613105
          ]
        ]
      },
      "properties": {
        "purpose": "home_to_work",
        "origin_id": "O_00035",
        "destination_id": "D_00114",
        "destination_category": "healthcare",
        "destination_name": "福建医科大学附属第二医院东海分院",
        "origin_pop": 4870.0,
        "destination_jobs": 11347.32,
        "distance_m": 2262.37,
        "trips": 115.3105
      }
    },
    {
      "type": "Feature",
      "geometry": {
        "type": "LineString",
        "coordinates": [
          [
            118.675666925,
            24.8797973
          ],
          [
            118.6744636,
            24.88483345
          ]
        ]
      },
      "properties": {
        "purpose": "home_to_work",
        "origin_id": "O_00035",
        "destination_id": "D_00214",
        "destination_category": "commercial_office",
        "destination_name": "",
        "origin_pop": 4870.0,
        "destination_jobs": 5716.57,
        "distance_m": 569.8,
        "trips": 102.1259
      }
    },
    {
      "type": "Feature",
      "geometry": {
        "type": "LineString",
        "coordinates": [
          [
            118.675666925,
            24.8797973
          ],
          [
            118.67587649,
            24.876231490000002
          ]
        ]
      },
      "properties": {
        "purpose": "home_to_work",
        "origin_id": "O_00035",
        "destination_id": "D_00185",
        "destination_category": "education",
        "destination_name": "福建省泉州第一中学（东海校区）",
        "origin_pop": 4870.0,
        "destination_jobs": 5273.13,
        "distance_m": 394.73,
        "trips": 99.8649
      }
    },
    {
      "type": "Feature",
      "geometry": {
        "type": "LineString",
        "coordinates": [
          [
            118.675666925,
            24.8797973
          ],
          [
            118.683299068,
            24.881939132000003
          ]
        ]
      },
      "properties": {
        "purpose": "home_to_work",
        "origin_id": "O_00035",
        "destination_id": "D_00115",
        "destination_category": "industry",
        "destination_name": "后渚港",
        "origin_pop": 4870.0,
        "destination_jobs": 4977.88,
        "distance_m": 806.3,
        "trips": 82.1881
      }
    },
    {
      "type": "Feature",
      "geometry": {
        "type": "LineString",
        "coordinates": [
          [
            118.675666925,
            24.8797973
          ],
          [
            118.671360425,
            24.876997175
          ]
        ]
      },
      "properties": {
        "purpose": "home_to_work",
        "origin_id": "O_00035",
        "destination_id": "D_00056",
        "destination_category": "commercial_office",
        "destination_name": "泉州市人民政府",
        "origin_pop": 4870.0,
        "destination_jobs": 4284.56,
        "distance_m": 533.81,
        "trips": 77.467
      }
    },
    {
      "type": "Feature",
      "geometry": {
        "type": "LineString",
        "coordinates": [
          [
            118.675666925,
            24.8797973
          ],
          [
            118.62414069230769,
            24.88434541538462
          ]
        ]
      },
      "properties": {
        "purpose": "home_to_work",
        "origin_id": "O_00035",
        "destination_id": "D_00204",
        "destination_category": "education",
        "destination_name": "黎明职业大学",
        "origin_pop": 4870.0,
        "destination_jobs": 20180.72,
        "distance_m": 5227.7,
        "trips": 76.3198
      }
    },
    {
      "type": "Feature",
      "geometry": {
        "type": "LineString",
        "coordinates": [
          [
            118.675666925,
            24.8797973
          ],
          [
            118.68105335714286,
            24.886121449999997
          ]
        ]
      },
      "properties": {
        "purpose": "home_to_work",
        "origin_id": "O_00035",
        "destination_id": "D_00213",
        "destination_category": "industry",
        "destination_name": "后渚港",
        "origin_pop": 4870.0,
        "destination_jobs": 4733.76,
        "distance_m": 885.77,
        "trips": 76.1142
      }
    },
    {
      "type": "Feature",
      "geometry": {
        "type": "LineString",
        "coordinates": [
          [
            118.67656855,
            24.8802439
          ],
          [
            118.67346315,
            24.873829045
          ]
        ]
      },
      "properties": {
        "purpose": "home_to_work",
        "origin_id": "O_00036",
        "destination_id": "D_00662",
        "destination_category": "commercial_office",
        "destination_name": "",
        "origin_pop": 4845.0,
        "destination_jobs": 41918.35,
        "distance_m": 775.36,
        "trips": 712.2081
      }
    },
    {
      "type": "Feature",
      "geometry": {
        "type": "LineString",
        "coordinates": [
          [
            118.67656855,
            24.8802439
          ],
          [
            118.66633520434783,
            24.872914973913044
          ]
        ]
      },
      "properties": {
        "purpose": "home_to_work",
        "origin_id": "O_00036",
        "destination_id": "D_00108",
        "destination_category": "education",
        "destination_name": "泉州师范学院",
        "origin_pop": 4845.0,
        "destination_jobs": 49778.48,
        "distance_m": 1313.17,
        "trips": 706.9494
      }
    },
    {
      "type": "Feature",
      "geometry": {
        "type": "LineString",
        "coordinates": [
          [
            118.67656855,
            24.8802439
          ],
          [
            118.65411906363637,
            24.87995060909091
          ]
        ]
      },
      "properties": {
        "purpose": "home_to_work",
        "origin_id": "O_00036",
        "destination_id": "D_00113",
        "destination_category": "education",
        "destination_name": "泉州幼儿师范高等专科学校",
        "origin_pop": 4845.0,
        "destination_jobs": 12051.56,
        "distance_m": 2267.37,
        "trips": 124.5245
      }
    },
    {
      "type": "Feature",
      "geometry": {
        "type": "LineString",
        "coordinates": [
          [
            118.67656855,
            24.8802439
          ],
          [
            118.65362735,
            24.87613105
          ]
        ]
      },
      "properties": {
        "purpose": "home_to_work",
        "origin_id": "O_00036",
        "destination_id": "D_00114",
        "destination_category": "healthcare",
        "destination_name": "福建医科大学附属第二医院东海分院",
        "origin_pop": 4845.0,
        "destination_jobs": 11347.32,
        "distance_m": 2361.02,
        "trips": 113.6444
      }
    },
    {
      "type": "Feature",
      "geometry": {
        "type": "LineString",
        "coordinates": [
          [
            118.67656855,
            24.8802439
          ],
          [
            118.6744636,
            24.88483345
          ]
        ]
      },
      "properties": {
        "purpose": "home_to_work",
        "origin_id": "O_00036",
        "destination_id": "D_00214",
        "destination_category": "commercial_office",
        "destination_name": "",
        "origin_pop": 4845.0,
        "destination_jobs": 5716.57,
        "distance_m": 550.06,
        "trips": 104.7015
      }
    },
    {
      "type": "Feature",
      "geometry": {
        "type": "LineString",
        "coordinates": [
          [
            118.67656855,
            24.8802439
          ],
          [
            118.67587649,
            24.876231490000002
          ]
        ]
      },
      "properties": {
        "purpose": "home_to_work",
        "origin_id": "O_00036",
        "destination_id": "D_00185",
        "destination_category": "education",
        "destination_name": "福建省泉州第一中学（东海校区）",
        "origin_pop": 4845.0,
        "destination_jobs": 5273.13,
        "distance_m": 449.0,
        "trips": 99.8885
      }
    },
    {
      "type": "Feature",
      "geometry": {
        "type": "LineString",
        "coordinates": [
          [
            118.67656855,
            24.8802439
          ],
          [
            118.683299068,
            24.881939132000003
          ]
        ]
      },
      "properties": {
        "purpose": "home_to_work",
        "origin_id": "O_00036",
        "destination_id": "D_00115",
        "destination_category": "industry",
        "destination_name": "后渚港",
        "origin_pop": 4845.0,
        "destination_jobs": 4977.88,
        "distance_m": 705.06,
        "trips": 86.5813
      }
    },
    {
      "type": "Feature",
      "geometry": {
        "type": "LineString",
        "coordinates": [
          [
            118.67656855,
            24.8802439
          ],
          [
            118.68105335714286,
            24.886121449999997
          ]
        ]
      },
      "properties": {
        "purpose": "home_to_work",
        "origin_id": "O_00036",
        "destination_id": "D_00213",
        "destination_category": "industry",
        "destination_name": "后渚港",
        "origin_pop": 4845.0,
        "destination_jobs": 4733.76,
        "distance_m": 791.98,
        "trips": 79.9837
      }
    },
    {
      "type": "Feature",
      "geometry": {
        "type": "LineString",
        "coordinates": [
          [
            118.67656855,
            24.8802439
          ],
          [
            118.671360425,
            24.876997175
          ]
        ]
      },
      "properties": {
        "purpose": "home_to_work",
        "origin_id": "O_00036",
        "destination_id": "D_00056",
        "destination_category": "commercial_office",
        "destination_name": "泉州市人民政府",
        "origin_pop": 4845.0,
        "destination_jobs": 4284.56,
        "distance_m": 636.75,
        "trips": 76.2385
      }
    },
    {
      "type": "Feature",
      "geometry": {
        "type": "LineString",
        "coordinates": [
          [
            118.67656855,
            24.8802439
          ],
          [
            118.62414069230769,
            24.88434541538462
          ]
        ]
      },
      "properties": {
        "purpose": "home_to_work",
        "origin_id": "O_00036",
        "destination_id": "D_00204",
        "destination_category": "education",
        "destination_name": "黎明职业大学",
        "origin_pop": 4845.0,
        "destination_jobs": 20180.72,
        "distance_m": 5313.89,
        "trips": 75.53
      }
    },
    {
      "type": "Feature",
      "geometry": {
        "type": "LineString",
        "coordinates": [
          [
            118.67655605714286,
            24.87972407142857
          ],
          [
            118.67346315,
            24.873829045
          ]
        ]
      },
      "properties": {
        "purpose": "home_to_work",
        "origin_id": "O_00037",
        "destination_id": "D_00662",
        "destination_category": "commercial_office",
        "destination_name": "",
        "origin_pop": 4770.0,
        "destination_jobs": 41918.35,
        "distance_m": 722.63,
        "trips": 706.9513
      }
    },
    {
      "type": "Feature",
      "geometry": {
        "type": "LineString",
        "coordinates": [
          [
            118.67655605714286,
            24.87972407142857
          ],
          [
            118.66633520434783,
            24.872914973913044
          ]
        ]
      },
      "properties": {
        "purpose": "home_to_work",
        "origin_id": "O_00037",
        "destination_id": "D_00108",
        "destination_category": "education",
        "destination_name": "泉州师范学院",
        "origin_pop": 4770.0,
        "destination_jobs": 49778.48,
        "distance_m": 1277.5,
        "trips": 697.7532
      }
    },
    {
      "type": "Feature",
      "geometry": {
        "type": "LineString",
        "coordinates": [
          [
            118.67655605714286,
            24.87972407142857
          ],
          [
            118.65411906363637,
            24.87995060909091
          ]
        ]
      },
      "properties": {
        "purpose": "home_to_work",
        "origin_id": "O_00037",
        "destination_id": "D_00113",
        "destination_category": "education",
        "destination_name": "泉州幼儿师范高等专科学校",
        "origin_pop": 4770.0,
        "destination_jobs": 12051.56,
        "distance_m": 2266.02,
        "trips": 121.5067
      }
    },
    {
      "type": "Feature",
      "geometry": {
        "type": "LineString",
        "coordinates": [
          [
            118.67655605714286,
            24.87972407142857
          ],
          [
            118.65362735,
            24.87613105
          ]
        ]
      },
      "properties": {
        "purpose": "home_to_work",
        "origin_id": "O_00037",
        "destination_id": "D_00114",
        "destination_category": "healthcare",
        "destination_name": "福建医科大学附属第二医院东海分院",
        "origin_pop": 4770.0,
        "destination_jobs": 11347.32,
        "distance_m": 2349.39,
        "trips": 111.2708
      }
    },
    {
      "type": "Feature",
      "geometry": {
        "type": "LineString",
        "coordinates": [
          [
            118.67655605714286,
            24.87972407142857
          ],
          [
            118.6744636,
            24.88483345
          ]
        ]
      },
      "properties": {
        "purpose": "home_to_work",
        "origin_id": "O_00037",
        "destination_id": "D_00214",
        "destination_category": "commercial_office",
        "destination_name": "",
        "origin_pop": 4770.0,
        "destination_jobs": 5716.57,
        "distance_m": 603.03,
        "trips": 100.3311
      }
    },
    {
      "type": "Feature",
      "geometry": {
        "type": "LineString",
        "coordinates": [
          [
            118.67655605714286,
            24.87972407142857
          ],
          [
            118.67587649,
            24.876231490000002
          ]
        ]
      },
      "properties": {
        "purpose": "home_to_work",
        "origin_id": "O_00037",
        "destination_id": "D_00185",
        "destination_category": "education",
        "destination_name": "福建省泉州第一中学（东海校区）",
        "origin_pop": 4770.0,
        "destination_jobs": 5273.13,
        "distance_m": 392.12,
        "trips": 99.2887
      }
    },
    {
      "type": "Feature",
      "geometry": {
        "type": "LineString",
        "coordinates": [
          [
            118.67655605714286,
            24.87972407142857
          ],
          [
            118.683299068,
            24.881939132000003
          ]
        ]
      },
      "properties": {
        "purpose": "home_to_work",
        "origin_id": "O_00037",
        "destination_id": "D_00115",
        "destination_category": "industry",
        "destination_name": "后渚港",
        "origin_pop": 4770.0,
        "destination_jobs": 4977.88,
        "distance_m": 723.64,
        "trips": 83.9234
      }
    },
    {
      "type": "Feature",
      "geometry": {
        "type": "LineString",
        "coordinates": [
          [
            118.67655605714286,
            24.87972407142857
          ],
          [
            118.68105335714286,
            24.886121449999997
          ]
        ]
      },
      "properties": {
        "purpose": "home_to_work",
        "origin_id": "O_00037",
        "destination_id": "D_00213",
        "destination_category": "industry",
        "destination_name": "后渚港",
        "origin_pop": 4770.0,
        "destination_jobs": 4733.76,
        "distance_m": 840.45,
        "trips": 76.7602
      }
    },
    {
      "type": "Feature",
      "geometry": {
        "type": "LineString",
        "coordinates": [
          [
            118.67655605714286,
            24.87972407142857
          ],
          [
            118.671360425,
            24.876997175
          ]
        ]
      },
      "properties": {
        "purpose": "home_to_work",
        "origin_id": "O_00037",
        "destination_id": "D_00056",
        "destination_category": "commercial_office",
        "destination_name": "泉州市人民政府",
        "origin_pop": 4770.0,
        "destination_jobs": 4284.56,
        "distance_m": 605.13,
        "trips": 75.1453
      }
    },
    {
      "type": "Feature",
      "geometry": {
        "type": "LineString",
        "coordinates": [
          [
            118.67655605714286,
            24.87972407142857
          ],
          [
            118.62414069230769,
            24.88434541538462
          ]
        ]
      },
      "properties": {
        "purpose": "home_to_work",
        "origin_id": "O_00037",
        "destination_id": "D_00204",
        "destination_category": "education",
        "destination_name": "黎明职业大学",
        "origin_pop": 4770.0,
        "destination_jobs": 20180.72,
        "distance_m": 5317.85,
        "trips": 73.5691
      }
    },
    {
      "type": "Feature",
      "geometry": {
        "type": "LineString",
        "coordinates": [
          [
            118.677112725,
            24.880355625
          ],
          [
            118.67346315,
            24.873829045
          ]
        ]
      },
      "properties": {
        "purpose": "home_to_work",
        "origin_id": "O_00038",
        "destination_id": "D_00662",
        "destination_category": "commercial_office",
        "destination_name": "",
        "origin_pop": 4986.0,
        "destination_jobs": 41918.35,
        "distance_m": 810.14,
        "trips": 733.1234
      }
    },
    {
      "type": "Feature",
      "geometry": {
        "type": "LineString",
        "coordinates": [
          [
            118.677112725,
            24.880355625
          ],
          [
            118.66633520434783,
            24.872914973913044
          ]
        ]
      },
      "properties": {
        "purpose": "home_to_work",
        "origin_id": "O_00038",
        "destination_id": "D_00108",
        "destination_category": "education",
        "destination_name": "泉州师范学院",
        "origin_pop": 4986.0,
        "destination_jobs": 49778.48,
        "distance_m": 1364.25,
        "trips": 723.7681
      }
    },
    {
      "type": "Feature",
      "geometry": {
        "type": "LineString",
        "coordinates": [
          [
            118.677112725,
            24.880355625
          ],
          [
            118.65411906363637,
            24.87995060909091
          ]
        ]
      },
      "properties": {
        "purpose": "home_to_work",
        "origin_id": "O_00038",
        "destination_id": "D_00113",
        "destination_category": "education",
        "destination_name": "泉州幼儿师范高等专科学校",
        "origin_pop": 4986.0,
        "destination_jobs": 12051.56,
        "distance_m": 2322.52,
        "trips": 127.3142
      }
    },
    {
      "type": "Feature",
      "geometry": {
        "type": "LineString",
        "coordinates": [
          [
            118.677112725,
            24.880355625
          ],
          [
            118.65362735,
            24.87613105
          ]
        ]
      },
      "properties": {
        "purpose": "home_to_work",
        "origin_id": "O_00038",
        "destination_id": "D_00114",
        "destination_category": "healthcare",
        "destination_name": "福建医科大学附属第二医院东海分院",
        "origin_pop": 4986.0,
        "destination_jobs": 11347.32,
        "distance_m": 2417.32,
        "trips": 116.1458
      }
    },
    {
      "type": "Feature",
      "geometry": {
        "type": "LineString",
        "coordinates": [
          [
            118.677112725,
            24.880355625
          ],
          [
            118.6744636,
            24.88483345
          ]
        ]
      },
      "properties": {
        "purpose": "home_to_work",
        "origin_id": "O_00038",
        "destination_id": "D_00214",
        "destination_category": "commercial_office",
        "destination_name": "",
        "origin_pop": 4986.0,
        "destination_jobs": 5716.57,
        "distance_m": 562.65,
        "trips": 108.5769
      }
    },
    {
      "type": "Feature",
      "geometry": {
        "type": "LineString",
        "coordinates": [
          [
            118.677112725,
            24.880355625
          ],
          [
            118.67587649,
            24.876231490000002
          ]
        ]
      },
      "properties": {
        "purpose": "home_to_work",
        "origin_id": "O_00038",
        "destination_id": "D_00185",
        "destination_category": "education",
        "destination_name": "福建省泉州第一中学（东海校区）",
        "origin_pop": 4986.0,
        "destination_jobs": 5273.13,
        "distance_m": 472.67,
        "trips": 103.2039
      }
    },
    {
      "type": "Feature",
      "geometry": {
        "type": "LineString",
        "coordinates": [
          [
            118.677112725,
            24.880355625
          ],
          [
            118.683299068,
            24.881939132000003
          ]
        ]
      },
      "properties": {
        "purpose": "home_to_work",
        "origin_id": "O_00038",
        "destination_id": "D_00115",
        "destination_category": "industry",
        "destination_name": "后渚港",
        "origin_pop": 4986.0,
        "destination_jobs": 4977.88,
        "distance_m": 648.8,
        "trips": 91.8701
      }
    },
    {
      "type": "Feature",
      "geometry": {
        "type": "LineString",
        "coordinates": [
          [
            118.677112725,
            24.880355625
          ],
          [
            118.68105335714286,
            24.886121449999997
          ]
        ]
      },
      "properties": {
        "purpose": "home_to_work",
        "origin_id": "O_00038",
        "destination_id": "D_00213",
        "destination_category": "industry",
        "destination_name": "后渚港",
        "origin_pop": 4986.0,
        "destination_jobs": 4733.76,
        "distance_m": 751.39,
        "trips": 84.4277
      }
    },
    {
      "type": "Feature",
      "geometry": {
        "type": "LineString",
        "coordinates": [
          [
            118.677112725,
            24.880355625
          ],
          [
            118.671360425,
            24.876997175
          ]
        ]
      },
      "properties": {
        "purpose": "home_to_work",
        "origin_id": "O_00038",
        "destination_id": "D_00056",
        "destination_category": "commercial_office",
        "destination_name": "泉州市人民政府",
        "origin_pop": 4986.0,
        "destination_jobs": 4284.56,
        "distance_m": 689.41,
        "trips": 78.0111
      }
    },
    {
      "type": "Feature",
      "geometry": {
        "type": "LineString",
        "coordinates": [
          [
            118.677112725,
            24.880355625
          ],
          [
            118.62414069230769,
            24.88434541538462
          ]
        ]
      },
      "properties": {
        "purpose": "home_to_work",
        "origin_id": "O_00038",
        "destination_id": "D_00204",
        "destination_category": "education",
        "destination_name": "黎明职业大学",
        "origin_pop": 4986.0,
        "destination_jobs": 20180.72,
        "distance_m": 5367.61,
        "trips": 77.2589
      }
    },
    {
      "type": "Feature",
      "geometry": {
        "type": "LineString",
        "coordinates": [
          [
            118.6778783,
            24.880142525
          ],
          [
            118.67346315,
            24.873829045
          ]
        ]
      },
      "properties": {
        "purpose": "home_to_work",
        "origin_id": "O_00039",
        "destination_id": "D_00662",
        "destination_category": "commercial_office",
        "destination_name": "",
        "origin_pop": 4855.0,
        "destination_jobs": 41918.35,
        "distance_m": 828.17,
        "trips": 717.6725
      }
    },
    {
      "type": "Feature",
      "geometry": {
        "type": "LineString",
        "coordinates": [
          [
            118.6778783,
            24.880142525
          ],
          [
            118.66633520434783,
            24.872914973913044
          ]
        ]
      },
      "properties": {
        "purpose": "home_to_work",
        "origin_id": "O_00039",
        "destination_id": "D_00108",
        "destination_category": "education",
        "destination_name": "泉州师范学院",
        "origin_pop": 4855.0,
        "destination_jobs": 49778.48,
        "distance_m": 1413.25,
        "trips": 701.2379
      }
    },
    {
      "type": "Feature",
      "geometry": {
        "type": "LineString",
        "coordinates": [
          [
            118.6778783,
            24.880142525
          ],
          [
            118.65411906363637,
            24.87995060909091
          ]
        ]
      },
      "properties": {
        "purpose": "home_to_work",
        "origin_id": "O_00039",
        "destination_id": "D_00113",
        "destination_category": "education",
        "destination_name": "泉州幼儿师范高等专科学校",
        "origin_pop": 4855.0,
        "destination_jobs": 12051.56,
        "distance_m": 2399.5,
        "trips": 122.2059
      }
    },
    {
      "type": "Feature",
      "geometry": {
        "type": "LineString",
        "coordinates": [
          [
            118.6778783,
            24.880142525
          ],
          [
            118.65362735,
            24.87613105
          ]
        ]
      },
      "properties": {
        "purpose": "home_to_work",
        "origin_id": "O_00039",
        "destination_id": "D_00114",
        "destination_category": "healthcare",
        "destination_name": "福建医科大学附属第二医院东海分院",
        "origin_pop": 4855.0,
        "destination_jobs": 11347.32,
        "distance_m": 2488.92,
        "trips": 111.6857
      }
    },
    {
      "type": "Feature",
      "geometry": {
        "type": "LineString",
        "coordinates": [
          [
            118.6778783,
            24.880142525
          ],
          [
            118.6744636,
            24.88483345
          ]
        ]
      },
      "properties": {
        "purpose": "home_to_work",
        "origin_id": "O_00039",
        "destination_id": "D_00214",
        "destination_category": "commercial_office",
        "destination_name": "",
        "origin_pop": 4855.0,
        "destination_jobs": 5716.57,
        "distance_m": 622.73,
        "trips": 104.8091
      }
    },
    {
      "type": "Feature",
      "geometry": {
        "type": "LineString",
        "coordinates": [
          [
            118.6778783,
            24.880142525
          ],
          [
            118.67587649,
            24.876231490000002
          ]
        ]
      },
      "properties": {
        "purpose": "home_to_work",
        "origin_id": "O_00039",
        "destination_id": "D_00185",
        "destination_category": "education",
        "destination_name": "福建省泉州第一中学（东海校区）",
        "origin_pop": 4855.0,
        "destination_jobs": 5273.13,
        "distance_m": 477.26,
        "trips": 101.4825
      }
    },
    {
      "type": "Feature",
      "geometry": {
        "type": "LineString",
        "coordinates": [
          [
            118.6778783,
            24.880142525
          ],
          [
            118.683299068,
            24.881939132000003
          ]
        ]
      },
      "properties": {
        "purpose": "home_to_work",
        "origin_id": "O_00039",
        "destination_id": "D_00115",
        "destination_category": "industry",
        "destination_name": "后渚港",
        "origin_pop": 4855.0,
        "destination_jobs": 4977.88,
        "distance_m": 582.34,
        "trips": 92.5028
      }
    },
    {
      "type": "Feature",
      "geometry": {
        "type": "LineString",
        "coordinates": [
          [
            118.6778783,
            24.880142525
          ],
          [
            118.68105335714286,
            24.886121449999997
          ]
        ]
      },
      "properties": {
        "purpose": "home_to_work",
        "origin_id": "O_00039",
        "destination_id": "D_00213",
        "destination_category": "industry",
        "destination_name": "后渚港",
        "origin_pop": 4855.0,
        "destination_jobs": 4733.76,
        "distance_m": 734.58,
        "trips": 83.6136
      }
    },
    {
      "type": "Feature",
      "geometry": {
        "type": "LineString",
        "coordinates": [
          [
            118.6778783,
            24.880142525
          ],
          [
            118.671360425,
            24.876997175
          ]
        ]
      },
      "properties": {
        "purpose": "home_to_work",
        "origin_id": "O_00039",
        "destination_id": "D_00056",
        "destination_category": "commercial_office",
        "destination_name": "泉州市人民政府",
        "origin_pop": 4855.0,
        "destination_jobs": 4284.56,
        "distance_m": 744.42,
        "trips": 75.4315
      }
    },
    {
      "type": "Feature",
      "geometry": {
        "type": "LineString",
        "coordinates": [
          [
            118.6778783,
            24.880142525
          ],
          [
            118.62414069230769,
            24.88434541538462
          ]
        ]
      },
      "properties": {
        "purpose": "home_to_work",
        "origin_id": "O_00039",
        "destination_id": "D_00204",
        "destination_category": "education",
        "destination_name": "黎明职业大学",
        "origin_pop": 4855.0,
        "destination_jobs": 20180.72,
        "distance_m": 5446.63,
        "trips": 74.1086
      }
    },
    {
      "type": "Feature",
      "geometry": {
        "type": "LineString",
        "coordinates": [
          [
            118.67590993333333,
            24.878993683333334
          ],
          [
            118.67346315,
            24.873829045
          ]
        ]
      },
      "properties": {
        "purpose": "home_to_work",
        "origin_id": "O_00040",
        "destination_id": "D_00662",
        "destination_category": "commercial_office",
        "destination_name": "",
        "origin_pop": 4899.0,
        "destination_jobs": 41918.35,
        "distance_m": 622.08,
        "trips": 732.7572
      }
    },
    {
      "type": "Feature",
      "geometry": {
        "type": "LineString",
        "coordinates": [
          [
            118.67590993333333,
            24.878993683333334
          ],
          [
            118.66633520434783,
            24.872914973913044
          ]
        ]
      },
      "properties": {
        "purpose": "home_to_work",
        "origin_id": "O_00040",
        "destination_id": "D_00108",
        "destination_category": "education",
        "destination_name": "泉州师范学院",
        "origin_pop": 4899.0,
        "destination_jobs": 49778.48,
        "distance_m": 1177.51,
        "trips": 723.0876
      }
    },
    {
      "type": "Feature",
      "geometry": {
        "type": "LineString",
        "coordinates": [
          [
            118.67590993333333,
            24.878993683333334
          ],
          [
            118.65411906363637,
            24.87995060909091
          ]
        ]
      },
      "properties": {
        "purpose": "home_to_work",
        "origin_id": "O_00040",
        "destination_id": "D_00113",
        "destination_category": "education",
        "destination_name": "泉州幼儿师范高等专科学校",
        "origin_pop": 4899.0,
        "destination_jobs": 12051.56,
        "distance_m": 2203.18,
        "trips": 124.369
      }
    },
    {
      "type": "Feature",
      "geometry": {
        "type": "LineString",
        "coordinates": [
          [
            118.67590993333333,
            24.878993683333334
          ],
          [
            118.65362735,
            24.87613105
          ]
        ]
      },
      "properties": {
        "purpose": "home_to_work",
        "origin_id": "O_00040",
        "destination_id": "D_00114",
        "destination_category": "healthcare",
        "destination_name": "福建医科大学附属第二医院东海分院",
        "origin_pop": 4899.0,
        "destination_jobs": 11347.32,
        "distance_m": 2272.47,
        "trips": 114.4278
      }
    },
    {
      "type": "Feature",
      "geometry": {
        "type": "LineString",
        "coordinates": [
          [
            118.67590993333333,
            24.878993683333334
          ],
          [
            118.67587649,
            24.876231490000002
          ]
        ]
      },
      "properties": {
        "purpose": "home_to_work",
        "origin_id": "O_00040",
        "destination_id": "D_00185",
        "destination_category": "education",
        "destination_name": "福建省泉州第一中学（东海校区）",
        "origin_pop": 4899.0,
        "destination_jobs": 5273.13,
        "distance_m": 305.35,
        "trips": 102.4415
      }
    },
    {
      "type": "Feature",
      "geometry": {
        "type": "LineString",
        "coordinates": [
          [
            118.67590993333333,
            24.878993683333334
          ],
          [
            118.6744636,
            24.88483345
          ]
        ]
      },
      "properties": {
        "purpose": "home_to_work",
        "origin_id": "O_00040",
        "destination_id": "D_00214",
        "destination_category": "commercial_office",
        "destination_name": "",
        "origin_pop": 4899.0,
        "destination_jobs": 5716.57,
        "distance_m": 661.85,
        "trips": 98.6133
      }
    },
    {
      "type": "Feature",
      "geometry": {
        "type": "LineString",
        "coordinates": [
          [
            118.67590993333333,
            24.878993683333334
          ],
          [
            118.683299068,
            24.881939132000003
          ]
        ]
      },
      "properties": {
        "purpose": "home_to_work",
        "origin_id": "O_00040",
        "destination_id": "D_00115",
        "destination_category": "industry",
        "destination_name": "后渚港",
        "origin_pop": 4899.0,
        "destination_jobs": 4977.88,
        "distance_m": 814.15,
        "trips": 81.6198
      }
    },
    {
      "type": "Feature",
      "geometry": {
        "type": "LineString",
        "coordinates": [
          [
            118.67590993333333,
            24.878993683333334
          ],
          [
            118.671360425,
            24.876997175
          ]
        ]
      },
      "properties": {
        "purpose": "home_to_work",
        "origin_id": "O_00040",
        "destination_id": "D_00056",
        "destination_category": "commercial_office",
        "destination_name": "泉州市人民政府",
        "origin_pop": 4899.0,
        "destination_jobs": 4284.56,
        "distance_m": 509.71,
        "trips": 77.7552
      }
    },
    {
      "type": "Feature",
      "geometry": {
        "type": "LineString",
        "coordinates": [
          [
            118.67590993333333,
            24.878993683333334
          ],
          [
            118.62414069230769,
            24.88434541538462
          ]
        ]
      },
      "properties": {
        "purpose": "home_to_work",
        "origin_id": "O_00040",
        "destination_id": "D_00204",
        "destination_category": "education",
        "destination_name": "黎明职业大学",
        "origin_pop": 4899.0,
        "destination_jobs": 20180.72,
        "distance_m": 5261.39,
        "trips": 75.1422
      }
    },
    {
      "type": "Feature",
      "geometry": {
        "type": "LineString",
        "coordinates": [
          [
            118.67590993333333,
            24.878993683333334
          ],
          [
            118.68105335714286,
            24.886121449999997
          ]
        ]
      },
      "properties": {
        "purpose": "home_to_work",
        "origin_id": "O_00040",
        "destination_id": "D_00213",
        "destination_category": "industry",
        "destination_name": "后渚港",
        "origin_pop": 4899.0,
        "destination_jobs": 4733.76,
        "distance_m": 943.71,
        "trips": 74.3364
      }
    },
    {
      "type": "Feature",
      "geometry": {
        "type": "LineString",
        "coordinates": [
          [
            118.6762054,
            24.879432225
          ],
          [
            118.67346315,
            24.873829045
          ]
        ]
      },
      "properties": {
        "purpose": "home_to_work",
        "origin_id": "O_00041",
        "destination_id": "D_00662",
        "destination_category": "commercial_office",
        "destination_name": "",
        "origin_pop": 4909.0,
        "destination_jobs": 41918.35,
        "distance_m": 678.47,
        "trips": 729.9421
      }
    },
    {
      "type": "Feature",
      "geometry": {
        "type": "LineString",
        "coordinates": [
          [
            118.6762054,
            24.879432225
          ],
          [
            118.66633520434783,
            24.872914973913044
          ]
        ]
      },
      "properties": {
        "purpose": "home_to_work",
        "origin_id": "O_00041",
        "destination_id": "D_00108",
        "destination_category": "education",
        "destination_name": "泉州师范学院",
        "origin_pop": 4909.0,
        "destination_jobs": 49778.48,
        "distance_m": 1229.89,
        "trips": 721.2738
      }
    },
    {
      "type": "Feature",
      "geometry": {
        "type": "LineString",
        "coordinates": [
          [
            118.6762054,
            24.879432225
          ],
          [
            118.65411906363637,
            24.87995060909091
          ]
        ]
      },
      "properties": {
        "purpose": "home_to_work",
        "origin_id": "O_00041",
        "destination_id": "D_00113",
        "destination_category": "education",
        "destination_name": "泉州幼儿师范高等专科学校",
        "origin_pop": 4909.0,
        "destination_jobs": 12051.56,
        "distance_m": 2231.21,
        "trips": 125.0679
      }
    },
    {
      "type": "Feature",
      "geometry": {
        "type": "LineString",
        "coordinates": [
          [
            118.6762054,
            24.879432225
          ],
          [
            118.65362735,
            24.87613105
          ]
        ]
      },
      "properties": {
        "purpose": "home_to_work",
        "origin_id": "O_00041",
        "destination_id": "D_00114",
        "destination_category": "healthcare",
        "destination_name": "福建医科大学附属第二医院东海分院",
        "origin_pop": 4909.0,
        "destination_jobs": 11347.32,
        "distance_m": 2309.18,
        "trips": 114.7383
      }
    },
    {
      "type": "Feature",
      "geometry": {
        "type": "LineString",
        "coordinates": [
          [
            118.6762054,
            24.879432225
          ],
          [
            118.67587649,
            24.876231490000002
          ]
        ]
      },
      "properties": {
        "purpose": "home_to_work",
        "origin_id": "O_00041",
        "destination_id": "D_00185",
        "destination_category": "education",
        "destination_name": "福建省泉州第一中学（东海校区）",
        "origin_pop": 4909.0,
        "destination_jobs": 5273.13,
        "distance_m": 355.37,
        "trips": 102.2651
      }
    },
    {
      "type": "Feature",
      "geometry": {
        "type": "LineString",
        "coordinates": [
          [
            118.6762054,
            24.879432225
          ],
          [
            118.6744636,
            24.88483345
          ]
        ]
      },
      "properties": {
        "purpose": "home_to_work",
        "origin_id": "O_00041",
        "destination_id": "D_00214",
        "destination_category": "commercial_office",
        "destination_name": "",
        "origin_pop": 4909.0,
        "destination_jobs": 5716.57,
        "distance_m": 622.42,
        "trips": 101.4224
      }
    },
    {
      "type": "Feature",
      "geometry": {
        "type": "LineString",
        "coordinates": [
          [
            118.6762054,
            24.879432225
          ],
          [
            118.683299068,
            24.881939132000003
          ]
        ]
      },
      "properties": {
        "purpose": "home_to_work",
        "origin_id": "O_00041",
        "destination_id": "D_00115",
        "destination_category": "industry",
        "destination_name": "后渚港",
        "origin_pop": 4909.0,
        "destination_jobs": 4977.88,
        "distance_m": 768.1,
        "trips": 84.1304
      }
    },
    {
      "type": "Feature",
      "geometry": {
        "type": "LineString",
        "coordinates": [
          [
            118.6762054,
            24.879432225
          ],
          [
            118.671360425,
            24.876997175
          ]
        ]
      },
      "properties": {
        "purpose": "home_to_work",
        "origin_id": "O_00041",
        "destination_id": "D_00056",
        "destination_category": "commercial_office",
        "destination_name": "泉州市人民政府",
        "origin_pop": 4909.0,
        "destination_jobs": 4284.56,
        "distance_m": 558.45,
        "trips": 77.6544
      }
    },
    {
      "type": "Feature",
      "geometry": {
        "type": "LineString",
        "coordinates": [
          [
            118.6762054,
            24.879432225
          ],
          [
            118.68105335714286,
            24.886121449999997
          ]
        ]
      },
      "properties": {
        "purpose": "home_to_work",
        "origin_id": "O_00041",
        "destination_id": "D_00213",
        "destination_category": "industry",
        "destination_name": "后渚港",
        "origin_pop": 4909.0,
        "destination_jobs": 4733.76,
        "distance_m": 886.81,
        "trips": 76.9006
      }
    },
    {
      "type": "Feature",
      "geometry": {
        "type": "LineString",
        "coordinates": [
          [
            118.6762054,
            24.879432225
          ],
          [
            118.62414069230769,
            24.88434541538462
          ]
        ]
      },
      "properties": {
        "purpose": "home_to_work",
        "origin_id": "O_00041",
        "destination_id": "D_00204",
        "destination_category": "education",
        "destination_name": "黎明职业大学",
        "origin_pop": 4909.0,
        "destination_jobs": 20180.72,
        "distance_m": 5285.83,
        "trips": 75.6549
      }
    },
    {
      "type": "Feature",
      "geometry": {
        "type": "LineString",
        "coordinates": [
          [
            118.6762667,
            24.878633425
          ],
          [
            118.67346315,
            24.873829045
          ]
        ]
      },
      "properties": {
        "purpose": "home_to_work",
        "origin_id": "O_00042",
        "destination_id": "D_00662",
        "destination_category": "commercial_office",
        "destination_name": "",
        "origin_pop": 4802.0,
        "destination_jobs": 41918.35,
        "distance_m": 601.84,
        "trips": 723.57
      }
    },
    {
      "type": "Feature",
      "geometry": {
        "type": "LineString",
        "coordinates": [
          [
            118.6762667,
            24.878633425
          ],
          [
            118.66633520434783,
            24.872914973913044
          ]
        ]
      },
      "properties": {
        "purpose": "home_to_work",
        "origin_id": "O_00042",
        "destination_id": "D_00108",
        "destination_category": "education",
        "destination_name": "泉州师范学院",
        "origin_pop": 4802.0,
        "destination_jobs": 49778.48,
        "distance_m": 1185.57,
        "trips": 707.316
      }
    },
    {
      "type": "Feature",
      "geometry": {
        "type": "LineString",
        "coordinates": [
          [
            118.6762667,
            24.878633425
          ],
          [
            118.65411906363637,
            24.87995060909091
          ]
        ]
      },
      "properties": {
        "purpose": "home_to_work",
        "origin_id": "O_00042",
        "destination_id": "D_00113",
        "destination_category": "education",
        "destination_name": "泉州幼儿师范高等专科学校",
        "origin_pop": 4802.0,
        "destination_jobs": 12051.56,
        "distance_m": 2241.4,
        "trips": 120.4392
      }
    },
    {
      "type": "Feature",
      "geometry": {
        "type": "LineString",
        "coordinates": [
          [
            118.6762667,
            24.878633425
          ],
          [
            118.65362735,
            24.87613105
          ]
        ]
      },
      "properties": {
        "purpose": "home_to_work",
        "origin_id": "O_00042",
        "destination_id": "D_00114",
        "destination_category": "healthcare",
        "destination_name": "福建医科大学附属第二医院东海分院",
        "origin_pop": 4802.0,
        "destination_jobs": 11347.32,
        "distance_m": 2303.03,
        "trips": 111.0954
      }
    },
    {
      "type": "Feature",
      "geometry": {
        "type": "LineString",
        "coordinates": [
          [
            118.6762667,
            24.878633425
          ],
          [
            118.67587649,
            24.876231490000002
          ]
        ]
      },
      "properties": {
        "purpose": "home_to_work",
        "origin_id": "O_00042",
        "destination_id": "D_00185",
        "destination_category": "education",
        "destination_name": "福建省泉州第一中学（东海校区）",
        "origin_pop": 4802.0,
        "destination_jobs": 5273.13,
        "distance_m": 268.42,
        "trips": 101.7214
      }
    },
    {
      "type": "Feature",
      "geometry": {
        "type": "LineString",
        "coordinates": [
          [
            118.6762667,
            24.878633425
          ],
          [
            118.6744636,
            24.88483345
          ]
        ]
      },
      "properties": {
        "purpose": "home_to_work",
        "origin_id": "O_00042",
        "destination_id": "D_00214",
        "destination_category": "commercial_office",
        "destination_name": "",
        "origin_pop": 4802.0,
        "destination_jobs": 5716.57,
        "distance_m": 709.13,
        "trips": 95.2095
      }
    },
    {
      "type": "Feature",
      "geometry": {
        "type": "LineString",
        "coordinates": [
          [
            118.6762667,
            24.878633425
          ],
          [
            118.683299068,
            24.881939132000003
          ]
        ]
      },
      "properties": {
        "purpose": "home_to_work",
        "origin_id": "O_00042",
        "destination_id": "D_00115",
        "destination_category": "industry",
        "destination_name": "后渚港",
        "origin_pop": 4802.0,
        "destination_jobs": 4977.88,
        "distance_m": 798.68,
        "trips": 80.4683
      }
    },
    {
      "type": "Feature",
      "geometry": {
        "type": "LineString",
        "coordinates": [
          [
            118.6762667,
            24.878633425
          ],
          [
            118.671360425,
            24.876997175
          ]
        ]
      },
      "properties": {
        "purpose": "home_to_work",
        "origin_id": "O_00042",
        "destination_id": "D_00056",
        "destination_category": "commercial_office",
        "destination_name": "泉州市人民政府",
        "origin_pop": 4802.0,
        "destination_jobs": 4284.56,
        "distance_m": 527.47,
        "trips": 75.8139
      }
    },
    {
      "type": "Feature",
      "geometry": {
        "type": "LineString",
        "coordinates": [
          [
            118.6762667,
            24.878633425
          ],
          [
            118.62414069230769,
            24.88434541538462
          ]
        ]
      },
      "properties": {
        "purpose": "home_to_work",
        "origin_id": "O_00042",
        "destination_id": "D_00204",
        "destination_category": "education",
        "destination_name": "黎明职业大学",
        "origin_pop": 4802.0,
        "destination_jobs": 20180.72,
        "distance_m": 5301.8,
        "trips": 72.7151
      }
    },
    {
      "type": "Feature",
      "geometry": {
        "type": "LineString",
        "coordinates": [
          [
            118.6762667,
            24.878633425
          ],
          [
            118.68105335714286,
            24.886121449999997
          ]
        ]
      },
      "properties": {
        "purpose": "home_to_work",
        "origin_id": "O_00042",
        "destination_id": "D_00213",
        "destination_category": "industry",
        "destination_name": "后渚港",
        "origin_pop": 4802.0,
        "destination_jobs": 4733.76,
        "distance_m": 958.54,
        "trips": 72.5512
      }
    },
    {
      "type": "Feature",
      "geometry": {
        "type": "LineString",
        "coordinates": [
          [
            118.67530361428571,
            24.879006285714286
          ],
          [
            118.67346315,
            24.873829045
          ]
        ]
      },
      "properties": {
        "purpose": "home_to_work",
        "origin_id": "O_00043",
        "destination_id": "D_00662",
        "destination_category": "commercial_office",
        "destination_name": "",
        "origin_pop": 4731.0,
        "destination_jobs": 41918.35,
        "distance_m": 601.72,
        "trips": 705.2369
      }
    },
    {
      "type": "Feature",
      "geometry": {
        "type": "LineString",
        "coordinates": [
          [
            118.67530361428571,
            24.879006285714286
          ],
          [
            118.66633520434783,
            24.872914973913044
          ]
        ]
      },
      "properties": {
        "purpose": "home_to_work",
        "origin_id": "O_00043",
        "destination_id": "D_00108",
        "destination_category": "education",
        "destination_name": "泉州师范学院",
        "origin_pop": 4731.0,
        "destination_jobs": 49778.48,
        "distance_m": 1128.6,
        "trips": 702.585
      }
    },
    {
      "type": "Feature",
      "geometry": {
        "type": "LineString",
        "coordinates": [
          [
            118.67530361428571,
            24.879006285714286
          ],
          [
            118.65411906363637,
            24.87995060909091
          ]
        ]
      },
      "properties": {
        "purpose": "home_to_work",
        "origin_id": "O_00043",
        "destination_id": "D_00113",
        "destination_category": "education",
        "destination_name": "泉州幼儿师范高等专科学校",
        "origin_pop": 4731.0,
        "destination_jobs": 12051.56,
        "distance_m": 2141.95,
        "trips": 121.3397
      }
    },
    {
      "type": "Feature",
      "geometry": {
        "type": "LineString",
        "coordinates": [
          [
            118.67530361428571,
            24.879006285714286
          ],
          [
            118.65362735,
            24.87613105
          ]
        ]
      },
      "properties": {
        "purpose": "home_to_work",
        "origin_id": "O_00043",
        "destination_id": "D_00114",
        "destination_category": "healthcare",
        "destination_name": "福建医科大学附属第二医院东海分院",
        "origin_pop": 4731.0,
        "destination_jobs": 11347.32,
        "distance_m": 2212.05,
        "trips": 111.6106
      }
    },
    {
      "type": "Feature",
      "geometry": {
        "type": "LineString",
        "coordinates": [
          [
            118.67530361428571,
            24.879006285714286
          ],
          [
            118.67587649,
            24.876231490000002
          ]
        ]
      },
      "properties": {
        "purpose": "home_to_work",
        "origin_id": "O_00043",
        "destination_id": "D_00185",
        "destination_category": "education",
        "destination_name": "福建省泉州第一中学（东海校区）",
        "origin_pop": 4731.0,
        "destination_jobs": 5273.13,
        "distance_m": 312.13,
        "trips": 97.706
      }
    },
    {
      "type": "Feature",
      "geometry": {
        "type": "LineString",
        "coordinates": [
          [
            118.67530361428571,
            24.879006285714286
          ],
          [
            118.6744636,
            24.88483345
          ]
        ]
      },
      "properties": {
        "purpose": "home_to_work",
        "origin_id": "O_00043",
        "destination_id": "D_00214",
        "destination_category": "commercial_office",
        "destination_name": "",
        "origin_pop": 4731.0,
        "destination_jobs": 5716.57,
        "distance_m": 649.7,
        "trips": 94.6501
      }
    },
    {
      "type": "Feature",
      "geometry": {
        "type": "LineString",
        "coordinates": [
          [
            118.67530361428571,
            24.879006285714286
          ],
          [
            118.683299068,
            24.881939132000003
          ]
        ]
      },
      "properties": {
        "purpose": "home_to_work",
        "origin_id": "O_00043",
        "destination_id": "D_00115",
        "destination_category": "industry",
        "destination_name": "后渚港",
        "origin_pop": 4731.0,
        "destination_jobs": 4977.88,
        "distance_m": 870.1,
        "trips": 76.5815
      }
    },
    {
      "type": "Feature",
      "geometry": {
        "type": "LineString",
        "coordinates": [
          [
            118.67530361428571,
            24.879006285714286
          ],
          [
            118.671360425,
            24.876997175
          ]
        ]
      },
      "properties": {
        "purpose": "home_to_work",
        "origin_id": "O_00043",
        "destination_id": "D_00056",
        "destination_category": "commercial_office",
        "destination_name": "泉州市人民政府",
        "origin_pop": 4731.0,
        "destination_jobs": 4284.56,
        "distance_m": 455.97,
        "trips": 75.6723
      }
    },
    {
      "type": "Feature",
      "geometry": {
        "type": "LineString",
        "coordinates": [
          [
            118.67530361428571,
            24.879006285714286
          ],
          [
            118.62414069230769,
            24.88434541538462
          ]
        ]
      },
      "properties": {
        "purpose": "home_to_work",
        "origin_id": "O_00043",
        "destination_id": "D_00204",
        "destination_category": "education",
        "destination_name": "黎明职业大学",
        "origin_pop": 4731.0,
        "destination_jobs": 20180.72,
        "distance_m": 5200.39,
        "trips": 73.3063
      }
    },
    {
      "type": "Feature",
      "geometry": {
        "type": "LineString",
        "coordinates": [
          [
            118.67530361428571,
            24.879006285714286
          ],
          [
            118.68105335714286,
            24.886121449999997
          ]
        ]
      },
      "properties": {
        "purpose": "home_to_work",
        "origin_id": "O_00043",
        "destination_id": "D_00213",
        "destination_category": "industry",
        "destination_name": "后渚港",
        "origin_pop": 4731.0,
        "destination_jobs": 4733.76,
        "distance_m": 977.62,
        "trips": 70.2618
      }
    },
    {
      "type": "Feature",
      "geometry": {
        "type": "LineString",
        "coordinates": [
          [
            118.67877715,
            24.880415025
          ],
          [
            118.67346315,
            24.873829045
          ]
        ]
      },
      "properties": {
        "purpose": "home_to_work",
        "origin_id": "O_00044",
        "destination_id": "D_00662",
        "destination_category": "commercial_office",
        "destination_name": "",
        "origin_pop": 4854.0,
        "destination_jobs": 41918.35,
        "distance_m": 904.44,
        "trips": 715.7325
      }
    },
    {
      "type": "Feature",
      "geometry": {
        "type": "LineString",
        "coordinates": [
          [
            118.67877715,
            24.880415025
          ],
          [
            118.66633520434783,
            24.872914973913044
          ]
        ]
      },
      "properties": {
        "purpose": "home_to_work",
        "origin_id": "O_00044",
        "destination_id": "D_00108",
        "destination_category": "education",
        "destination_name": "泉州师范学院",
        "origin_pop": 4854.0,
        "destination_jobs": 49778.48,
        "distance_m": 1505.39,
        "trips": 695.6524
      }
    },
    {
      "type": "Feature",
      "geometry": {
        "type": "LineString",
        "coordinates": [
          [
            118.67877715,
            24.880415025
          ],
          [
            118.65411906363637,
            24.87995060909091
          ]
        ]
      },
      "properties": {
        "purpose": "home_to_work",
        "origin_id": "O_00044",
        "destination_id": "D_00113",
        "destination_category": "education",
        "destination_name": "泉州幼儿师范高等专科学校",
        "origin_pop": 4854.0,
        "destination_jobs": 12051.56,
        "distance_m": 2490.71,
        "trips": 121.2702
      }
    },
    {
      "type": "Feature",
      "geometry": {
        "type": "LineString",
        "coordinates": [
          [
            118.67877715,
            24.880415025
          ],
          [
            118.65362735,
            24.87613105
          ]
        ]
      },
      "properties": {
        "purpose": "home_to_work",
        "origin_id": "O_00044",
        "destination_id": "D_00114",
        "destination_category": "healthcare",
        "destination_name": "福建医科大学附属第二医院东海分院",
        "origin_pop": 4854.0,
        "destination_jobs": 11347.32,
        "distance_m": 2583.64,
        "trips": 110.7007
      }
    },
    {
      "type": "Feature",
      "geometry": {
        "type": "LineString",
        "coordinates": [
          [
            118.67877715,
            24.880415025
          ],
          [
            118.6744636,
            24.88483345
          ]
        ]
      },
      "properties": {
        "purpose": "home_to_work",
        "origin_id": "O_00044",
        "destination_id": "D_00214",
        "destination_category": "commercial_office",
        "destination_name": "",
        "origin_pop": 4854.0,
        "destination_jobs": 5716.57,
        "distance_m": 654.45,
        "trips": 106.0895
      }
    },
    {
      "type": "Feature",
      "geometry": {
        "type": "LineString",
        "coordinates": [
          [
            118.67877715,
            24.880415025
          ],
          [
            118.67587649,
            24.876231490000002
          ]
        ]
      },
      "properties": {
        "purpose": "home_to_work",
        "origin_id": "O_00044",
        "destination_id": "D_00185",
        "destination_category": "education",
        "destination_name": "福建省泉州第一中学（东海校区）",
        "origin_pop": 4854.0,
        "destination_jobs": 5273.13,
        "distance_m": 547.42,
        "trips": 101.4143
      }
    },
    {
      "type": "Feature",
      "geometry": {
        "type": "LineString",
        "coordinates": [
          [
            118.67877715,
            24.880415025
          ],
          [
            118.683299068,
            24.881939132000003
          ]
        ]
      },
      "properties": {
        "purpose": "home_to_work",
        "origin_id": "O_00044",
        "destination_id": "D_00115",
        "destination_category": "industry",
        "destination_name": "后渚港",
        "origin_pop": 4854.0,
        "destination_jobs": 4977.88,
        "distance_m": 486.74,
        "trips": 97.692
      }
    },
    {
      "type": "Feature",
      "geometry": {
        "type": "LineString",
        "coordinates": [
          [
            118.67877715,
            24.880415025
          ],
          [
            118.68105335714286,
            24.886121449999997
          ]
        ]
      },
      "properties": {
        "purpose": "home_to_work",
        "origin_id": "O_00044",
        "destination_id": "D_00213",
        "destination_category": "industry",
        "destination_name": "后渚港",
        "origin_pop": 4854.0,
        "destination_jobs": 4733.76,
        "distance_m": 671.37,
        "trips": 87.3562
      }
    },
    {
      "type": "Feature",
      "geometry": {
        "type": "LineString",
        "coordinates": [
          [
            118.67877715,
            24.880415025
          ],
          [
            118.671360425,
            24.876997175
          ]
        ]
      },
      "properties": {
        "purpose": "home_to_work",
        "origin_id": "O_00044",
        "destination_id": "D_00056",
        "destination_category": "commercial_office",
        "destination_name": "泉州市人民政府",
        "origin_pop": 4854.0,
        "destination_jobs": 4284.56,
        "distance_m": 838.9,
        "trips": 74.7722
      }
    },
    {
      "type": "Feature",
      "geometry": {
        "type": "LineString",
        "coordinates": [
          [
            118.67877715,
            24.880415025
          ],
          [
            118.62414069230769,
            24.88434541538462
          ]
        ]
      },
      "properties": {
        "purpose": "home_to_work",
        "origin_id": "O_00044",
        "destination_id": "D_00204",
        "destination_category": "education",
        "destination_name": "黎明职业大学",
        "origin_pop": 4854.0,
        "destination_jobs": 20180.72,
        "distance_m": 5534.63,
        "trips": 73.6199
      }
    },
    {
      "type": "Feature",
      "geometry": {
        "type": "LineString",
        "coordinates": [
          [
            118.67759210000001,
            24.879733233333337
          ],
          [
            118.67346315,
            24.873829045
          ]
        ]
      },
      "properties": {
        "purpose": "home_to_work",
        "origin_id": "O_00045",
        "destination_id": "D_00662",
        "destination_category": "commercial_office",
        "destination_name": "",
        "origin_pop": 4809.0,
        "destination_jobs": 41918.35,
        "distance_m": 774.49,
        "trips": 714.8486
      }
    },
    {
      "type": "Feature",
      "geometry": {
        "type": "LineString",
        "coordinates": [
          [
            118.67759210000001,
            24.879733233333337
          ],
          [
            118.66633520434783,
            24.872914973913044
          ]
        ]
      },
      "properties": {
        "purpose": "home_to_work",
        "origin_id": "O_00045",
        "destination_id": "D_00108",
        "destination_category": "education",
        "destination_name": "泉州师范学院",
        "origin_pop": 4809.0,
        "destination_jobs": 49778.48,
        "distance_m": 1363.99,
        "trips": 697.4476
      }
    },
    {
      "type": "Feature",
      "geometry": {
        "type": "LineString",
        "coordinates": [
          [
            118.67759210000001,
            24.879733233333337
          ],
          [
            118.65411906363637,
            24.87995060909091
          ]
        ]
      },
      "properties": {
        "purpose": "home_to_work",
        "origin_id": "O_00045",
        "destination_id": "D_00113",
        "destination_category": "education",
        "destination_name": "泉州幼儿师范高等专科学校",
        "origin_pop": 4809.0,
        "destination_jobs": 12051.56,
        "distance_m": 2370.63,
        "trips": 120.7223
      }
    },
    {
      "type": "Feature",
      "geometry": {
        "type": "LineString",
        "coordinates": [
          [
            118.67759210000001,
            24.879733233333337
          ],
          [
            118.65362735,
            24.87613105
          ]
        ]
      },
      "properties": {
        "purpose": "home_to_work",
        "origin_id": "O_00045",
        "destination_id": "D_00114",
        "destination_category": "healthcare",
        "destination_name": "福建医科大学附属第二医院东海分院",
        "origin_pop": 4809.0,
        "destination_jobs": 11347.32,
        "distance_m": 2452.74,
        "trips": 110.5989
      }
    },
    {
      "type": "Feature",
      "geometry": {
        "type": "LineString",
        "coordinates": [
          [
            118.67759210000001,
            24.879733233333337
          ],
          [
            118.6744636,
            24.88483345
          ]
        ]
      },
      "properties": {
        "purpose": "home_to_work",
        "origin_id": "O_00045",
        "destination_id": "D_00214",
        "destination_category": "commercial_office",
        "destination_name": "",
        "origin_pop": 4809.0,
        "destination_jobs": 5716.57,
        "distance_m": 646.27,
        "trips": 101.7436
      }
    },
    {
      "type": "Feature",
      "geometry": {
        "type": "LineString",
        "coordinates": [
          [
            118.67759210000001,
            24.879733233333337
          ],
          [
            118.67587649,
            24.876231490000002
          ]
        ]
      },
      "properties": {
        "purpose": "home_to_work",
        "origin_id": "O_00045",
        "destination_id": "D_00185",
        "destination_category": "education",
        "destination_name": "福建省泉州第一中学（东海校区）",
        "origin_pop": 4809.0,
        "destination_jobs": 5273.13,
        "distance_m": 424.09,
        "trips": 101.0657
      }
    },
    {
      "type": "Feature",
      "geometry": {
        "type": "LineString",
        "coordinates": [
          [
            118.67759210000001,
            24.879733233333337
          ],
          [
            118.683299068,
            24.881939132000003
          ]
        ]
      },
      "properties": {
        "purpose": "home_to_work",
        "origin_id": "O_00045",
        "destination_id": "D_00115",
        "destination_category": "industry",
        "destination_name": "后渚港",
        "origin_pop": 4809.0,
        "destination_jobs": 4977.88,
        "distance_m": 625.79,
        "trips": 89.2031
      }
    },
    {
      "type": "Feature",
      "geometry": {
        "type": "LineString",
        "coordinates": [
          [
            118.67759210000001,
            24.879733233333337
          ],
          [
            118.68105335714286,
            24.886121449999997
          ]
        ]
      },
      "properties": {
        "purpose": "home_to_work",
        "origin_id": "O_00045",
        "destination_id": "D_00213",
        "destination_category": "industry",
        "destination_name": "后渚港",
        "origin_pop": 4809.0,
        "destination_jobs": 4733.76,
        "distance_m": 787.93,
        "trips": 80.3656
      }
    },
    {
      "type": "Feature",
      "geometry": {
        "type": "LineString",
        "coordinates": [
          [
            118.67759210000001,
            24.879733233333337
          ],
          [
            118.671360425,
            24.876997175
          ]
        ]
      },
      "properties": {
        "purpose": "home_to_work",
        "origin_id": "O_00045",
        "destination_id": "D_00056",
        "destination_category": "commercial_office",
        "destination_name": "泉州市人民政府",
        "origin_pop": 4809.0,
        "destination_jobs": 4284.56,
        "distance_m": 698.24,
        "trips": 74.947
      }
    },
    {
      "type": "Feature",
      "geometry": {
        "type": "LineString",
        "coordinates": [
          [
            118.67759210000001,
            24.879733233333337
          ],
          [
            118.62414069230769,
            24.88434541538462
          ]
        ]
      },
      "properties": {
        "purpose": "home_to_work",
        "origin_id": "O_00045",
        "destination_id": "D_00204",
        "destination_category": "education",
        "destination_name": "黎明职业大学",
        "origin_pop": 4809.0,
        "destination_jobs": 20180.72,
        "distance_m": 5421.91,
        "trips": 73.1077
      }
    },
    {
      "type": "Feature",
      "geometry": {
        "type": "LineString",
        "coordinates": [
          [
            118.6787454875,
            24.8799236875
          ],
          [
            118.67346315,
            24.873829045
          ]
        ]
      },
      "properties": {
        "purpose": "home_to_work",
        "origin_id": "O_00046",
        "destination_id": "D_00662",
        "destination_category": "commercial_office",
        "destination_name": "",
        "origin_pop": 4853.0,
        "destination_jobs": 41918.35,
        "distance_m": 859.34,
        "trips": 720.673
      }
    },
    {
      "type": "Feature",
      "geometry": {
        "type": "LineString",
        "coordinates": [
          [
            118.6787454875,
            24.8799236875
          ],
          [
            118.66633520434783,
            24.872914973913044
          ]
        ]
      },
      "properties": {
        "purpose": "home_to_work",
        "origin_id": "O_00046",
        "destination_id": "D_00108",
        "destination_category": "education",
        "destination_name": "泉州师范学院",
        "origin_pop": 4853.0,
        "destination_jobs": 49778.48,
        "distance_m": 1473.45,
        "trips": 697.3862
      }
    },
    {
      "type": "Feature",
      "geometry": {
        "type": "LineString",
        "coordinates": [
          [
            118.6787454875,
            24.8799236875
          ],
          [
            118.65411906363637,
            24.87995060909091
          ]
        ]
      },
      "properties": {
        "purpose": "home_to_work",
        "origin_id": "O_00046",
        "destination_id": "D_00113",
        "destination_category": "education",
        "destination_name": "泉州幼儿师范高等专科学校",
        "origin_pop": 4853.0,
        "destination_jobs": 12051.56,
        "distance_m": 2486.99,
        "trips": 120.4345
      }
    },
    {
      "type": "Feature",
      "geometry": {
        "type": "LineString",
        "coordinates": [
          [
            118.6787454875,
            24.8799236875
          ],
          [
            118.65362735,
            24.87613105
          ]
        ]
      },
      "properties": {
        "purpose": "home_to_work",
        "origin_id": "O_00046",
        "destination_id": "D_00114",
        "destination_category": "healthcare",
        "destination_name": "福建医科大学附属第二医院东海分院",
        "origin_pop": 4853.0,
        "destination_jobs": 11347.32,
        "distance_m": 2571.09,
        "trips": 110.2619
      }
    },
    {
      "type": "Feature",
      "geometry": {
        "type": "LineString",
        "coordinates": [
          [
            118.6787454875,
            24.8799236875
          ],
          [
            118.6744636,
            24.88483345
          ]
        ]
      },
      "properties": {
        "purpose": "home_to_work",
        "origin_id": "O_00046",
        "destination_id": "D_00214",
        "destination_category": "commercial_office",
        "destination_name": "",
        "origin_pop": 4853.0,
        "destination_jobs": 5716.57,
        "distance_m": 693.92,
        "trips": 103.8523
      }
    },
    {
      "type": "Feature",
      "geometry": {
        "type": "LineString",
        "coordinates": [
          [
            118.6787454875,
            24.8799236875
          ],
          [
            118.67587649,
            24.876231490000002
          ]
        ]
      },
      "properties": {
        "purpose": "home_to_work",
        "origin_id": "O_00046",
        "destination_id": "D_00185",
        "destination_category": "education",
        "destination_name": "福建省泉州第一中学（东海校区）",
        "origin_pop": 4853.0,
        "destination_jobs": 5273.13,
        "distance_m": 500.52,
        "trips": 102.1754
      }
    },
    {
      "type": "Feature",
      "geometry": {
        "type": "LineString",
        "coordinates": [
          [
            118.6787454875,
            24.8799236875
          ],
          [
            118.683299068,
            24.881939132000003
          ]
        ]
      },
      "properties": {
        "purpose": "home_to_work",
        "origin_id": "O_00046",
        "destination_id": "D_00115",
        "destination_category": "industry",
        "destination_name": "后渚港",
        "origin_pop": 4853.0,
        "destination_jobs": 4977.88,
        "distance_m": 510.98,
        "trips": 96.1189
      }
    },
    {
      "type": "Feature",
      "geometry": {
        "type": "LineString",
        "coordinates": [
          [
            118.6787454875,
            24.8799236875
          ],
          [
            118.68105335714286,
            24.886121449999997
          ]
        ]
      },
      "properties": {
        "purpose": "home_to_work",
        "origin_id": "O_00046",
        "destination_id": "D_00213",
        "destination_category": "industry",
        "destination_name": "后渚港",
        "origin_pop": 4853.0,
        "destination_jobs": 4733.76,
        "distance_m": 723.66,
        "trips": 85.1494
      }
    },
    {
      "type": "Feature",
      "geometry": {
        "type": "LineString",
        "coordinates": [
          [
            118.6787454875,
            24.8799236875
          ],
          [
            118.671360425,
            24.876997175
          ]
        ]
      },
      "properties": {
        "purpose": "home_to_work",
        "origin_id": "O_00046",
        "destination_id": "D_00056",
        "destination_category": "commercial_office",
        "destination_name": "泉州市人民政府",
        "origin_pop": 4853.0,
        "destination_jobs": 4284.56,
        "distance_m": 812.95,
        "trips": 74.8092
      }
    },
    {
      "type": "Feature",
      "geometry": {
        "type": "LineString",
        "coordinates": [
          [
            118.6787454875,
            24.8799236875
          ],
          [
            118.62414069230769,
            24.88434541538462
          ]
        ]
      },
      "properties": {
        "purpose": "home_to_work",
        "origin_id": "O_00046",
        "destination_id": "D_00204",
        "destination_category": "education",
        "destination_name": "黎明职业大学",
        "origin_pop": 4853.0,
        "destination_jobs": 20180.72,
        "distance_m": 5535.98,
        "trips": 72.989
      }
    },
    {
      "type": "Feature",
      "geometry": {
        "type": "LineString",
        "coordinates": [
          [
            118.67768585,
            24.879280525
          ],
          [
            118.67346315,
            24.873829045
          ]
        ]
      },
      "properties": {
        "purpose": "home_to_work",
        "origin_id": "O_00047",
        "destination_id": "D_00662",
        "destination_category": "commercial_office",
        "destination_name": "",
        "origin_pop": 4813.0,
        "destination_jobs": 41918.35,
        "distance_m": 738.24,
        "trips": 720.5333
      }
    },
    {
      "type": "Feature",
      "geometry": {
        "type": "LineString",
        "coordinates": [
          [
            118.67768585,
            24.879280525
          ],
          [
            118.66633520434783,
            24.872914973913044
          ]
        ]
      },
      "properties": {
        "purpose": "home_to_work",
        "origin_id": "O_00047",
        "destination_id": "D_00108",
        "destination_category": "education",
        "destination_name": "泉州师范学院",
        "origin_pop": 4813.0,
        "destination_jobs": 49778.48,
        "distance_m": 1345.05,
        "trips": 698.9502
      }
    },
    {
      "type": "Feature",
      "geometry": {
        "type": "LineString",
        "coordinates": [
          [
            118.67768585,
            24.879280525
          ],
          [
            118.65411906363637,
            24.87995060909091
          ]
        ]
      },
      "properties": {
        "purpose": "home_to_work",
        "origin_id": "O_00047",
        "destination_id": "D_00113",
        "destination_category": "education",
        "destination_name": "泉州幼儿师范高等专科学校",
        "origin_pop": 4813.0,
        "destination_jobs": 12051.56,
        "distance_m": 2381.13,
        "trips": 119.8008
      }
    },
    {
      "type": "Feature",
      "geometry": {
        "type": "LineString",
        "coordinates": [
          [
            118.67768585,
            24.879280525
          ],
          [
            118.65362735,
            24.87613105
          ]
        ]
      },
      "properties": {
        "purpose": "home_to_work",
        "origin_id": "O_00047",
        "destination_id": "D_00114",
        "destination_category": "healthcare",
        "destination_name": "福建医科大学附属第二医院东海分院",
        "origin_pop": 4813.0,
        "destination_jobs": 11347.32,
        "distance_m": 2454.49,
        "trips": 110.0754
      }
    },
    {
      "type": "Feature",
      "geometry": {
        "type": "LineString",
        "coordinates": [
          [
            118.67768585,
            24.879280525
          ],
          [
            118.67587649,
            24.876231490000002
          ]
        ]
      },
      "properties": {
        "purpose": "home_to_work",
        "origin_id": "O_00047",
        "destination_id": "D_00185",
        "destination_category": "education",
        "destination_name": "福建省泉州第一中学（东海校区）",
        "origin_pop": 4813.0,
        "destination_jobs": 5273.13,
        "distance_m": 383.39,
        "trips": 102.0208
      }
    },
    {
      "type": "Feature",
      "geometry": {
        "type": "LineString",
        "coordinates": [
          [
            118.67768585,
            24.879280525
          ],
          [
            118.6744636,
            24.88483345
          ]
        ]
      },
      "properties": {
        "purpose": "home_to_work",
        "origin_id": "O_00047",
        "destination_id": "D_00214",
        "destination_category": "commercial_office",
        "destination_name": "",
        "origin_pop": 4813.0,
        "destination_jobs": 5716.57,
        "distance_m": 694.74,
        "trips": 99.6972
      }
    },
    {
      "type": "Feature",
      "geometry": {
        "type": "LineString",
        "coordinates": [
          [
            118.67768585,
            24.879280525
          ],
          [
            118.683299068,
            24.881939132000003
          ]
        ]
      },
      "properties": {
        "purpose": "home_to_work",
        "origin_id": "O_00047",
        "destination_id": "D_00115",
        "destination_category": "industry",
        "destination_name": "后渚港",
        "origin_pop": 4813.0,
        "destination_jobs": 4977.88,
        "distance_m": 638.52,
        "trips": 88.4567
      }
    },
    {
      "type": "Feature",
      "geometry": {
        "type": "LineString",
        "coordinates": [
          [
            118.67768585,
            24.879280525
          ],
          [
            118.68105335714286,
            24.886121449999997
          ]
        ]
      },
      "properties": {
        "purpose": "home_to_work",
        "origin_id": "O_00047",
        "destination_id": "D_00213",
        "destination_category": "industry",
        "destination_name": "后渚港",
        "origin_pop": 4813.0,
        "destination_jobs": 4733.76,
        "distance_m": 829.14,
        "trips": 78.9398
      }
    },
    {
      "type": "Feature",
      "geometry": {
        "type": "LineString",
        "coordinates": [
          [
            118.67768585,
            24.879280525
          ],
          [
            118.671360425,
            24.876997175
          ]
        ]
      },
      "properties": {
        "purpose": "home_to_work",
        "origin_id": "O_00047",
        "destination_id": "D_00056",
        "destination_category": "commercial_office",
        "destination_name": "泉州市人民政府",
        "origin_pop": 4813.0,
        "destination_jobs": 4284.56,
        "distance_m": 686.86,
        "trips": 74.9193
      }
    },
    {
      "type": "Feature",
      "geometry": {
        "type": "LineString",
        "coordinates": [
          [
            118.67768585,
            24.879280525
          ],
          [
            118.62414069230769,
            24.88434541538462
          ]
        ]
      },
      "properties": {
        "purpose": "home_to_work",
        "origin_id": "O_00047",
        "destination_id": "D_00204",
        "destination_category": "education",
        "destination_name": "黎明职业大学",
        "origin_pop": 4813.0,
        "destination_jobs": 20180.72,
        "distance_m": 5436.27,
        "trips": 72.4564
      }
    },
    {
      "type": "Feature",
      "geometry": {
        "type": "LineString",
        "coordinates": [
          [
            118.67891794444444,
            24.88104502222222
          ],
          [
            118.67346315,
            24.873829045
          ]
        ]
      },
      "properties": {
        "purpose": "home_to_work",
        "origin_id": "O_00048",
        "destination_id": "D_00662",
        "destination_category": "commercial_office",
        "destination_name": "",
        "origin_pop": 4961.0,
        "destination_jobs": 41918.35,
        "distance_m": 969.39,
        "trips": 725.0567
      }
    },
    {
      "type": "Feature",
      "geometry": {
        "type": "LineString",
        "coordinates": [
          [
            118.67891794444444,
            24.88104502222222
          ],
          [
            118.66633520434783,
            24.872914973913044
          ]
        ]
      },
      "properties": {
        "purpose": "home_to_work",
        "origin_id": "O_00048",
        "destination_id": "D_00108",
        "destination_category": "education",
        "destination_name": "泉州师范学院",
        "origin_pop": 4961.0,
        "destination_jobs": 49778.48,
        "distance_m": 1556.42,
        "trips": 707.9927
      }
    },
    {
      "type": "Feature",
      "geometry": {
        "type": "LineString",
        "coordinates": [
          [
            118.67891794444444,
            24.88104502222222
          ],
          [
            118.65411906363637,
            24.87995060909091
          ]
        ]
      },
      "properties": {
        "purpose": "home_to_work",
        "origin_id": "O_00048",
        "destination_id": "D_00113",
        "destination_category": "education",
        "destination_name": "泉州幼儿师范高等专科学校",
        "origin_pop": 4961.0,
        "destination_jobs": 12051.56,
        "distance_m": 2507.31,
        "trips": 124.846
      }
    },
    {
      "type": "Feature",
      "geometry": {
        "type": "LineString",
        "coordinates": [
          [
            118.67891794444444,
            24.88104502222222
          ],
          [
            118.65362735,
            24.87613105
          ]
        ]
      },
      "properties": {
        "purpose": "home_to_work",
        "origin_id": "O_00048",
        "destination_id": "D_00114",
        "destination_category": "healthcare",
        "destination_name": "福建医科大学附属第二医院东海分院",
        "origin_pop": 4961.0,
        "destination_jobs": 11347.32,
        "distance_m": 2611.21,
        "trips": 113.5491
      }
    },
    {
      "type": "Feature",
      "geometry": {
        "type": "LineString",
        "coordinates": [
          [
            118.67891794444444,
            24.88104502222222
          ],
          [
            118.6744636,
            24.88483345
          ]
        ]
      },
      "properties": {
        "purpose": "home_to_work",
        "origin_id": "O_00048",
        "destination_id": "D_00214",
        "destination_category": "commercial_office",
        "destination_name": "",
        "origin_pop": 4961.0,
        "destination_jobs": 5716.57,
        "distance_m": 614.59,
        "trips": 111.2929
      }
    },
    {
      "type": "Feature",
      "geometry": {
        "type": "LineString",
        "coordinates": [
          [
            118.67891794444444,
            24.88104502222222
          ],
          [
            118.67587649,
            24.876231490000002
          ]
        ]
      },
      "properties": {
        "purpose": "home_to_work",
        "origin_id": "O_00048",
        "destination_id": "D_00185",
        "destination_category": "education",
        "destination_name": "福建省泉州第一中学（东海校区）",
        "origin_pop": 4961.0,
        "destination_jobs": 5273.13,
        "distance_m": 614.38,
        "trips": 102.6668
      }
    },
    {
      "type": "Feature",
      "geometry": {
        "type": "LineString",
        "coordinates": [
          [
            118.67891794444444,
            24.88104502222222
          ],
          [
            118.683299068,
            24.881939132000003
          ]
        ]
      },
      "properties": {
        "purpose": "home_to_work",
        "origin_id": "O_00048",
        "destination_id": "D_00115",
        "destination_category": "industry",
        "destination_name": "后渚港",
        "origin_pop": 4961.0,
        "destination_jobs": 4977.88,
        "distance_m": 453.34,
        "trips": 102.263
      }
    },
    {
      "type": "Feature",
      "geometry": {
        "type": "LineString",
        "coordinates": [
          [
            118.67891794444444,
            24.88104502222222
          ],
          [
            118.68105335714286,
            24.886121449999997
          ]
        ]
      },
      "properties": {
        "purpose": "home_to_work",
        "origin_id": "O_00048",
        "destination_id": "D_00213",
        "destination_category": "industry",
        "destination_name": "后渚港",
        "origin_pop": 4961.0,
        "destination_jobs": 4733.76,
        "distance_m": 601.16,
        "trips": 92.5724
      }
    },
    {
      "type": "Feature",
      "geometry": {
        "type": "LineString",
        "coordinates": [
          [
            118.67891794444444,
            24.88104502222222
          ],
          [
            118.671360425,
            24.876997175
          ]
        ]
      },
      "properties": {
        "purpose": "home_to_work",
        "origin_id": "O_00048",
        "destination_id": "D_00056",
        "destination_category": "commercial_office",
        "destination_name": "泉州市人民政府",
        "origin_pop": 4961.0,
        "destination_jobs": 4284.56,
        "distance_m": 884.72,
        "trips": 76.231
      }
    },
    {
      "type": "Feature",
      "geometry": {
        "type": "LineString",
        "coordinates": [
          [
            118.67891794444444,
            24.88104502222222
          ],
          [
            118.62414069230769,
            24.88434541538462
          ]
        ]
      },
      "properties": {
        "purpose": "home_to_work",
        "origin_id": "O_00048",
        "destination_id": "D_00204",
        "destination_category": "education",
        "destination_name": "黎明职业大学",
        "origin_pop": 4961.0,
        "destination_jobs": 20180.72,
        "distance_m": 5543.77,
        "trips": 75.9794
      }
    },
    {
      "type": "Feature",
      "geometry": {
        "type": "LineString",
        "coordinates": [
          [
            118.6777693111111,
            24.880878144444445
          ],
          [
            118.67346315,
            24.873829045
          ]
        ]
      },
      "properties": {
        "purpose": "home_to_work",
        "origin_id": "O_00049",
        "destination_id": "D_00662",
        "destination_category": "commercial_office",
        "destination_name": "",
        "origin_pop": 4825.0,
        "destination_jobs": 41918.35,
        "distance_m": 892.35,
        "trips": 705.2228
      }
    },
    {
      "type": "Feature",
      "geometry": {
        "type": "LineString",
        "coordinates": [
          [
            118.6777693111111,
            24.880878144444445
          ],
          [
            118.66633520434783,
            24.872914973913044
          ]
        ]
      },
      "properties": {
        "purpose": "home_to_work",
        "origin_id": "O_00049",
        "destination_id": "D_00108",
        "destination_category": "education",
        "destination_name": "泉州师范学院",
        "origin_pop": 4825.0,
        "destination_jobs": 49778.48,
        "distance_m": 1451.99,
        "trips": 694.9409
      }
    },
    {
      "type": "Feature",
      "geometry": {
        "type": "LineString",
        "coordinates": [
          [
            118.6777693111111,
            24.880878144444445
          ],
          [
            118.65411906363637,
            24.87995060909091
          ]
        ]
      },
      "properties": {
        "purpose": "home_to_work",
        "origin_id": "O_00049",
        "destination_id": "D_00113",
        "destination_category": "education",
        "destination_name": "泉州幼儿师范高等专科学校",
        "origin_pop": 4825.0,
        "destination_jobs": 12051.56,
        "distance_m": 2390.59,
        "trips": 123.0473
      }
    },
    {
      "type": "Feature",
      "geometry": {
        "type": "LineString",
        "coordinates": [
          [
            118.6777693111111,
            24.880878144444445
          ],
          [
            118.65362735,
            24.87613105
          ]
        ]
      },
      "properties": {
        "purpose": "home_to_work",
        "origin_id": "O_00049",
        "destination_id": "D_00114",
        "destination_category": "healthcare",
        "destination_name": "福建医科大学附属第二医院东海分院",
        "origin_pop": 4825.0,
        "destination_jobs": 11347.32,
        "distance_m": 2493.92,
        "trips": 111.9346
      }
    },
    {
      "type": "Feature",
      "geometry": {
        "type": "LineString",
        "coordinates": [
          [
            118.6777693111111,
            24.880878144444445
          ],
          [
            118.6744636,
            24.88483345
          ]
        ]
      },
      "properties": {
        "purpose": "home_to_work",
        "origin_id": "O_00049",
        "destination_id": "D_00214",
        "destination_category": "commercial_office",
        "destination_name": "",
        "origin_pop": 4825.0,
        "destination_jobs": 5716.57,
        "distance_m": 550.09,
        "trips": 107.7964
      }
    },
    {
      "type": "Feature",
      "geometry": {
        "type": "LineString",
        "coordinates": [
          [
            118.6777693111111,
            24.880878144444445
          ],
          [
            118.67587649,
            24.876231490000002
          ]
        ]
      },
      "properties": {
        "purpose": "home_to_work",
        "origin_id": "O_00049",
        "destination_id": "D_00185",
        "destination_category": "education",
        "destination_name": "福建省泉州第一中学（东海校区）",
        "origin_pop": 4825.0,
        "destination_jobs": 5273.13,
        "distance_m": 548.06,
        "trips": 99.502
      }
    },
    {
      "type": "Feature",
      "geometry": {
        "type": "LineString",
        "coordinates": [
          [
            118.6777693111111,
            24.880878144444445
          ],
          [
            118.683299068,
            24.881939132000003
          ]
        ]
      },
      "properties": {
        "purpose": "home_to_work",
        "origin_id": "O_00049",
        "destination_id": "D_00115",
        "destination_category": "industry",
        "destination_name": "后渚港",
        "origin_pop": 4825.0,
        "destination_jobs": 4977.88,
        "distance_m": 570.62,
        "trips": 93.2271
      }
    },
    {
      "type": "Feature",
      "geometry": {
        "type": "LineString",
        "coordinates": [
          [
            118.6777693111111,
            24.880878144444445
          ],
          [
            118.68105335714286,
            24.886121449999997
          ]
        ]
      },
      "properties": {
        "purpose": "home_to_work",
        "origin_id": "O_00049",
        "destination_id": "D_00213",
        "destination_category": "industry",
        "destination_name": "后渚港",
        "origin_pop": 4825.0,
        "destination_jobs": 4733.76,
        "distance_m": 667.77,
        "trips": 85.83
      }
    },
    {
      "type": "Feature",
      "geometry": {
        "type": "LineString",
        "coordinates": [
          [
            118.6777693111111,
            24.880878144444445
          ],
          [
            118.671360425,
            24.876997175
          ]
        ]
      },
      "properties": {
        "purpose": "home_to_work",
        "origin_id": "O_00049",
        "destination_id": "D_00056",
        "destination_category": "commercial_office",
        "destination_name": "泉州市人民政府",
        "origin_pop": 4825.0,
        "destination_jobs": 4284.56,
        "distance_m": 776.5,
        "trips": 74.9203
      }
    },
    {
      "type": "Feature",
      "geometry": {
        "type": "LineString",
        "coordinates": [
          [
            118.6777693111111,
            24.880878144444445
          ],
          [
            118.62414069230769,
            24.88434541538462
          ]
        ]
      },
      "properties": {
        "purpose": "home_to_work",
        "origin_id": "O_00049",
        "destination_id": "D_00204",
        "destination_category": "education",
        "destination_name": "黎明职业大学",
        "origin_pop": 4825.0,
        "destination_jobs": 20180.72,
        "distance_m": 5429.3,
        "trips": 74.8286
      }
    },
    {
      "type": "Feature",
      "geometry": {
        "type": "LineString",
        "coordinates": [
          [
            118.67838781111111,
            24.881174344444446
          ],
          [
            118.67346315,
            24.873829045
          ]
        ]
      },
      "properties": {
        "purpose": "home_to_work",
        "origin_id": "O_00050",
        "destination_id": "D_00662",
        "destination_category": "commercial_office",
        "destination_name": "",
        "origin_pop": 4853.0,
        "destination_jobs": 41918.35,
        "distance_m": 952.16,
        "trips": 707.2795
      }
    },
    {
      "type": "Feature",
      "geometry": {
        "type": "LineString",
        "coordinates": [
          [
            118.67838781111111,
            24.881174344444446
          ],
          [
            118.66633520434783,
            24.872914973913044
          ]
        ]
      },
      "properties": {
        "purpose": "home_to_work",
        "origin_id": "O_00050",
        "destination_id": "D_00108",
        "destination_category": "education",
        "destination_name": "泉州师范学院",
        "origin_pop": 4853.0,
        "destination_jobs": 49778.48,
        "distance_m": 1521.56,
        "trips": 694.7046
      }
    },
    {
      "type": "Feature",
      "geometry": {
        "type": "LineString",
        "coordinates": [
          [
            118.67838781111111,
            24.881174344444446
          ],
          [
            118.65411906363637,
            24.87995060909091
          ]
        ]
      },
      "properties": {
        "purpose": "home_to_work",
        "origin_id": "O_00050",
        "destination_id": "D_00113",
        "destination_category": "education",
        "destination_name": "泉州幼儿师范高等专科学校",
        "origin_pop": 4853.0,
        "destination_jobs": 12051.56,
        "distance_m": 2454.58,
        "trips": 123.2345
      }
    },
    {
      "type": "Feature",
      "geometry": {
        "type": "LineString",
        "coordinates": [
          [
            118.67838781111111,
            24.881174344444446
          ],
          [
            118.65362735,
            24.87613105
          ]
        ]
      },
      "properties": {
        "purpose": "home_to_work",
        "origin_id": "O_00050",
        "destination_id": "D_00114",
        "destination_category": "healthcare",
        "destination_name": "福建医科大学附属第二医院东海分院",
        "origin_pop": 4853.0,
        "destination_jobs": 11347.32,
        "distance_m": 2561.94,
        "trips": 111.9544
      }
    },
    {
      "type": "Feature",
      "geometry": {
        "type": "LineString",
        "coordinates": [
          [
            118.67838781111111,
            24.881174344444446
          ],
          [
            118.6744636,
            24.88483345
          ]
        ]
      },
      "properties": {
        "purpose": "home_to_work",
        "origin_id": "O_00050",
        "destination_id": "D_00214",
        "destination_category": "commercial_office",
        "destination_name": "",
        "origin_pop": 4853.0,
        "destination_jobs": 5716.57,
        "distance_m": 566.26,
        "trips": 109.6953
      }
    },
    {
      "type": "Feature",
      "geometry": {
        "type": "LineString",
        "coordinates": [
          [
            118.67838781111111,
            24.881174344444446
          ],
          [
            118.67587649,
            24.876231490000002
          ]
        ]
      },
      "properties": {
        "purpose": "home_to_work",
        "origin_id": "O_00050",
        "destination_id": "D_00185",
        "destination_category": "education",
        "destination_name": "福建省泉州第一中学（东海校区）",
        "origin_pop": 4853.0,
        "destination_jobs": 5273.13,
        "distance_m": 602.38,
        "trips": 99.9752
      }
    },
    {
      "type": "Feature",
      "geometry": {
        "type": "LineString",
        "coordinates": [
          [
            118.67838781111111,
            24.881174344444446
          ],
          [
            118.683299068,
            24.881939132000003
          ]
        ]
      },
      "properties": {
        "purpose": "home_to_work",
        "origin_id": "O_00050",
        "destination_id": "D_00115",
        "destination_category": "industry",
        "destination_name": "后渚港",
        "origin_pop": 4853.0,
        "destination_jobs": 4977.88,
        "distance_m": 503.13,
        "trips": 97.552
      }
    },
    {
      "type": "Feature",
      "geometry": {
        "type": "LineString",
        "coordinates": [
          [
            118.67838781111111,
            24.881174344444446
          ],
          [
            118.68105335714286,
            24.886121449999997
          ]
        ]
      },
      "properties": {
        "purpose": "home_to_work",
        "origin_id": "O_00050",
        "destination_id": "D_00213",
        "destination_category": "industry",
        "destination_name": "后渚港",
        "origin_pop": 4853.0,
        "destination_jobs": 4733.76,
        "distance_m": 609.51,
        "trips": 89.5357
      }
    },
    {
      "type": "Feature",
      "geometry": {
        "type": "LineString",
        "coordinates": [
          [
            118.67838781111111,
            24.881174344444446
          ],
          [
            118.62414069230769,
            24.88434541538462
          ]
        ]
      },
      "properties": {
        "purpose": "home_to_work",
        "origin_id": "O_00050",
        "destination_id": "D_00204",
        "destination_category": "education",
        "destination_name": "黎明职业大学",
        "origin_pop": 4853.0,
        "destination_jobs": 20180.72,
        "distance_m": 5489.42,
        "trips": 75.0393
      }
    },
    {
      "type": "Feature",
      "geometry": {
        "type": "LineString",
        "coordinates": [
          [
            118.67838781111111,
            24.881174344444446
          ],
          [
            118.671360425,
            24.876997175
          ]
        ]
      },
      "properties": {
        "purpose": "home_to_work",
        "origin_id": "O_00050",
        "destination_id": "D_00056",
        "destination_category": "commercial_office",
        "destination_name": "泉州市人民政府",
        "origin_pop": 4853.0,
        "destination_jobs": 4284.56,
        "distance_m": 846.68,
        "trips": 74.8795
      }
    },
    {
      "type": "Feature",
      "geometry": {
        "type": "LineString",
        "coordinates": [
          [
            118.67815755,
            24.880580925
          ],
          [
            118.67346315,
            24.873829045
          ]
        ]
      },
      "properties": {
        "purpose": "home_to_work",
        "origin_id": "O_00051",
        "destination_id": "D_00662",
        "destination_category": "commercial_office",
        "destination_name": "",
        "origin_pop": 4835.0,
        "destination_jobs": 41918.35,
        "distance_m": 884.2,
        "trips": 710.4705
      }
    },
    {
      "type": "Feature",
      "geometry": {
        "type": "LineString",
        "coordinates": [
          [
            118.67815755,
            24.880580925
          ],
          [
            118.66633520434783,
            24.872914973913044
          ]
        ]
      },
      "properties": {
        "purpose": "home_to_work",
        "origin_id": "O_00051",
        "destination_id": "D_00108",
        "destination_category": "education",
        "destination_name": "泉州师范学院",
        "origin_pop": 4835.0,
        "destination_jobs": 49778.48,
        "distance_m": 1464.1,
        "trips": 695.3981
      }
    },
    {
      "type": "Feature",
      "geometry": {
        "type": "LineString",
        "coordinates": [
          [
            118.67815755,
            24.880580925
          ],
          [
            118.65411906363637,
            24.87995060909091
          ]
        ]
      },
      "properties": {
        "purpose": "home_to_work",
        "origin_id": "O_00051",
        "destination_id": "D_00113",
        "destination_category": "education",
        "destination_name": "泉州幼儿师范高等专科学校",
        "origin_pop": 4835.0,
        "destination_jobs": 12051.56,
        "distance_m": 2428.6,
        "trips": 122.0701
      }
    },
    {
      "type": "Feature",
      "geometry": {
        "type": "LineString",
        "coordinates": [
          [
            118.67815755,
            24.880580925
          ],
          [
            118.65362735,
            24.87613105
          ]
        ]
      },
      "properties": {
        "purpose": "home_to_work",
        "origin_id": "O_00051",
        "destination_id": "D_00114",
        "destination_category": "healthcare",
        "destination_name": "福建医科大学附属第二医院东海分院",
        "origin_pop": 4835.0,
        "destination_jobs": 11347.32,
        "distance_m": 2525.66,
        "trips": 111.2779
      }
    },
    {
      "type": "Feature",
      "geometry": {
        "type": "LineString",
        "coordinates": [
          [
            118.67815755,
            24.880580925
          ],
          [
            118.6744636,
            24.88483345
          ]
        ]
      },
      "properties": {
        "purpose": "home_to_work",
        "origin_id": "O_00051",
        "destination_id": "D_00214",
        "destination_category": "commercial_office",
        "destination_name": "",
        "origin_pop": 4835.0,
        "destination_jobs": 5716.57,
        "distance_m": 600.11,
        "trips": 106.5134
      }
    },
    {
      "type": "Feature",
      "geometry": {
        "type": "LineString",
        "coordinates": [
          [
            118.67815755,
            24.880580925
          ],
          [
            118.67587649,
            24.876231490000002
          ]
        ]
      },
      "properties": {
        "purpose": "home_to_work",
        "origin_id": "O_00051",
        "destination_id": "D_00185",
        "destination_category": "education",
        "destination_name": "福建省泉州第一中学（东海校区）",
        "origin_pop": 4835.0,
        "destination_jobs": 5273.13,
        "distance_m": 533.13,
        "trips": 100.4693
      }
    },
    {
      "type": "Feature",
      "geometry": {
        "type": "LineString",
        "coordinates": [
          [
            118.67815755,
            24.880580925
          ],
          [
            118.683299068,
            24.881939132000003
          ]
        ]
      },
      "properties": {
        "purpose": "home_to_work",
        "origin_id": "O_00051",
        "destination_id": "D_00115",
        "destination_category": "industry",
        "destination_name": "后渚港",
        "origin_pop": 4835.0,
        "destination_jobs": 4977.88,
        "distance_m": 540.5,
        "trips": 94.6111
      }
    },
    {
      "type": "Feature",
      "geometry": {
        "type": "LineString",
        "coordinates": [
          [
            118.67815755,
            24.880580925
          ],
          [
            118.68105335714286,
            24.886121449999997
          ]
        ]
      },
      "properties": {
        "purpose": "home_to_work",
        "origin_id": "O_00051",
        "destination_id": "D_00213",
        "destination_category": "industry",
        "destination_name": "后渚港",
        "origin_pop": 4835.0,
        "destination_jobs": 4733.76,
        "distance_m": 678.68,
        "trips": 85.9209
      }
    },
    {
      "type": "Feature",
      "geometry": {
        "type": "LineString",
        "coordinates": [
          [
            118.67815755,
            24.880580925
          ],
          [
            118.671360425,
            24.876997175
          ]
        ]
      },
      "properties": {
        "purpose": "home_to_work",
        "origin_id": "O_00051",
        "destination_id": "D_00056",
        "destination_category": "commercial_office",
        "destination_name": "泉州市人民政府",
        "origin_pop": 4835.0,
        "destination_jobs": 4284.56,
        "distance_m": 792.55,
        "trips": 74.8713
      }
    },
    {
      "type": "Feature",
      "geometry": {
        "type": "LineString",
        "coordinates": [
          [
            118.67815755,
            24.880580925
          ],
          [
            118.62414069230769,
            24.88434541538462
          ]
        ]
      },
      "properties": {
        "purpose": "home_to_work",
        "origin_id": "O_00051",
        "destination_id": "D_00204",
        "destination_category": "education",
        "destination_name": "黎明职业大学",
        "origin_pop": 4835.0,
        "destination_jobs": 20180.72,
        "distance_m": 5470.82,
        "trips": 74.1475
      }
    },
    {
      "type": "Feature",
      "geometry": {
        "type": "LineString",
        "coordinates": [
          [
            118.67927864444444,
            24.88047932222222
          ],
          [
            118.67346315,
            24.873829045
          ]
        ]
      },
      "properties": {
        "purpose": "home_to_work",
        "origin_id": "O_00052",
        "destination_id": "D_00662",
        "destination_category": "commercial_office",
        "destination_name": "",
        "origin_pop": 4757.0,
        "destination_jobs": 41918.35,
        "distance_m": 940.92,
        "trips": 701.1516
      }
    },
    {
      "type": "Feature",
      "geometry": {
        "type": "LineString",
        "coordinates": [
          [
            118.67927864444444,
            24.88047932222222
          ],
          [
            118.66633520434783,
            24.872914973913044
          ]
        ]
      },
      "properties": {
        "purpose": "home_to_work",
        "origin_id": "O_00052",
        "destination_id": "D_00108",
        "destination_category": "education",
        "destination_name": "泉州师范学院",
        "origin_pop": 4757.0,
        "destination_jobs": 49778.48,
        "distance_m": 1551.73,
        "trips": 679.2443
      }
    },
    {
      "type": "Feature",
      "geometry": {
        "type": "LineString",
        "coordinates": [
          [
            118.67927864444444,
            24.88047932222222
          ],
          [
            118.65411906363637,
            24.87995060909091
          ]
        ]
      },
      "properties": {
        "purpose": "home_to_work",
        "origin_id": "O_00052",
        "destination_id": "D_00113",
        "destination_category": "education",
        "destination_name": "泉州幼儿师范高等专科学校",
        "origin_pop": 4757.0,
        "destination_jobs": 12051.56,
        "distance_m": 2541.5,
        "trips": 118.2346
      }
    },
    {
      "type": "Feature",
      "geometry": {
        "type": "LineString",
        "coordinates": [
          [
            118.67927864444444,
            24.88047932222222
          ],
          [
            118.65362735,
            24.87613105
          ]
        ]
      },
      "properties": {
        "purpose": "home_to_work",
        "origin_id": "O_00052",
        "destination_id": "D_00114",
        "destination_category": "healthcare",
        "destination_name": "福建医科大学附属第二医院东海分院",
        "origin_pop": 4757.0,
        "destination_jobs": 11347.32,
        "distance_m": 2634.74,
        "trips": 107.9187
      }
    },
    {
      "type": "Feature",
      "geometry": {
        "type": "LineString",
        "coordinates": [
          [
            118.67927864444444,
            24.88047932222222
          ],
          [
            118.6744636,
            24.88483345
          ]
        ]
      },
      "properties": {
        "purpose": "home_to_work",
        "origin_id": "O_00052",
        "destination_id": "D_00214",
        "destination_category": "commercial_office",
        "destination_name": "",
        "origin_pop": 4757.0,
        "destination_jobs": 5716.57,
        "distance_m": 684.18,
        "trips": 104.1626
      }
    },
    {
      "type": "Feature",
      "geometry": {
        "type": "LineString",
        "coordinates": [
          [
            118.67927864444444,
            24.88047932222222
          ],
          [
            118.67587649,
            24.876231490000002
          ]
        ]
      },
      "properties": {
        "purpose": "home_to_work",
        "origin_id": "O_00052",
        "destination_id": "D_00185",
        "destination_category": "education",
        "destination_name": "福建省泉州第一中学（东海校区）",
        "origin_pop": 4757.0,
        "destination_jobs": 5273.13,
        "distance_m": 581.83,
        "trips": 99.4168
      }
    },
    {
      "type": "Feature",
      "geometry": {
        "type": "LineString",
        "coordinates": [
          [
            118.67927864444444,
            24.88047932222222
          ],
          [
            118.683299068,
            24.881939132000003
          ]
        ]
      },
      "properties": {
        "purpose": "home_to_work",
        "origin_id": "O_00052",
        "destination_id": "D_00115",
        "destination_category": "industry",
        "destination_name": "后渚港",
        "origin_pop": 4757.0,
        "destination_jobs": 4977.88,
        "distance_m": 436.9,
        "trips": 98.4956
      }
    },
    {
      "type": "Feature",
      "geometry": {
        "type": "LineString",
        "coordinates": [
          [
            118.67927864444444,
            24.88047932222222
          ],
          [
            118.68105335714286,
            24.886121449999997
          ]
        ]
      },
      "properties": {
        "purpose": "home_to_work",
        "origin_id": "O_00052",
        "destination_id": "D_00213",
        "destination_category": "industry",
        "destination_name": "后渚港",
        "origin_pop": 4757.0,
        "destination_jobs": 4733.76,
        "distance_m": 648.92,
        "trips": 87.2741
      }
    },
    {
      "type": "Feature",
      "geometry": {
        "type": "LineString",
        "coordinates": [
          [
            118.67927864444444,
            24.88047932222222
          ],
          [
            118.671360425,
            24.876997175
          ]
        ]
      },
      "properties": {
        "purpose": "home_to_work",
        "origin_id": "O_00052",
        "destination_id": "D_00056",
        "destination_category": "commercial_office",
        "destination_name": "泉州市人民政府",
        "origin_pop": 4757.0,
        "destination_jobs": 4284.56,
        "distance_m": 887.48,
        "trips": 72.9544
      }
    },
    {
      "type": "Feature",
      "geometry": {
        "type": "LineString",
        "coordinates": [
          [
            118.67927864444444,
            24.88047932222222
          ],
          [
            118.62414069230769,
            24.88434541538462
          ]
        ]
      },
      "properties": {
        "purpose": "home_to_work",
        "origin_id": "O_00052",
        "destination_id": "D_00204",
        "destination_category": "education",
        "destination_name": "黎明职业大学",
        "origin_pop": 4757.0,
        "destination_jobs": 20180.72,
        "distance_m": 5584.57,
        "trips": 71.7974
      }
    },
    {
      "type": "Feature",
      "geometry": {
        "type": "LineString",
        "coordinates": [
          [
            118.67789562499999,
            24.8728487125
          ],
          [
            118.67346315,
            24.873829045
          ]
        ]
      },
      "properties": {
        "purpose": "home_to_work",
        "origin_id": "O_00053",
        "destination_id": "D_00662",
        "destination_category": "commercial_office",
        "destination_name": "",
        "origin_pop": 4858.0,
        "destination_jobs": 41918.35,
        "distance_m": 460.58,
        "trips": 779.8542
      }
    },
    {
      "type": "Feature",
      "geometry": {
        "type": "LineString",
        "coordinates": [
          [
            118.67789562499999,
            24.8728487125
          ],
          [
            118.66633520434783,
            24.872914973913044
          ]
        ]
      },
      "properties": {
        "purpose": "home_to_work",
        "origin_id": "O_00053",
        "destination_id": "D_00108",
        "destination_category": "education",
        "destination_name": "泉州师范学院",
        "origin_pop": 4858.0,
        "destination_jobs": 49778.48,
        "distance_m": 1167.56,
        "trips": 731.6535
      }
    },
    {
      "type": "Feature",
      "geometry": {
        "type": "LineString",
        "coordinates": [
          [
            118.67789562499999,
            24.8728487125
          ],
          [
            118.65411906363637,
            24.87995060909091
          ]
        ]
      },
      "properties": {
        "purpose": "home_to_work",
        "origin_id": "O_00053",
        "destination_id": "D_00113",
        "destination_category": "education",
        "destination_name": "泉州幼儿师范高等专科学校",
        "origin_pop": 4858.0,
        "destination_jobs": 12051.56,
        "distance_m": 2526.3,
        "trips": 112.6183
      }
    },
    {
      "type": "Feature",
      "geometry": {
        "type": "LineString",
        "coordinates": [
          [
            118.67789562499999,
            24.8728487125
          ],
          [
            118.65362735,
            24.87613105
          ]
        ]
      },
      "properties": {
        "purpose": "home_to_work",
        "origin_id": "O_00053",
        "destination_id": "D_00114",
        "destination_category": "healthcare",
        "destination_name": "福建医科大学附属第二医院东海分院",
        "origin_pop": 4858.0,
        "destination_jobs": 11347.32,
        "distance_m": 2477.64,
        "trips": 107.7716
      }
    },
    {
      "type": "Feature",
      "geometry": {
        "type": "LineString",
        "coordinates": [
          [
            118.67789562499999,
            24.8728487125
          ],
          [
            118.67587649,
            24.876231490000002
          ]
        ]
      },
      "properties": {
        "purpose": "home_to_work",
        "origin_id": "O_00053",
        "destination_id": "D_00185",
        "destination_category": "education",
        "destination_name": "福建省泉州第一中学（东海校区）",
        "origin_pop": 4858.0,
        "destination_jobs": 5273.13,
        "distance_m": 425.92,
        "trips": 99.2421
      }
    },
    {
      "type": "Feature",
      "geometry": {
        "type": "LineString",
        "coordinates": [
          [
            118.67789562499999,
            24.8728487125
          ],
          [
            118.6744636,
            24.88483345
          ]
        ]
      },
      "properties": {
        "purpose": "home_to_work",
        "origin_id": "O_00053",
        "destination_id": "D_00214",
        "destination_category": "commercial_office",
        "destination_name": "",
        "origin_pop": 4858.0,
        "destination_jobs": 5716.57,
        "distance_m": 1369.38,
        "trips": 78.5566
      }
    },
    {
      "type": "Feature",
      "geometry": {
        "type": "LineString",
        "coordinates": [
          [
            118.67789562499999,
            24.8728487125
          ],
          [
            118.683299068,
            24.881939132000003
          ]
        ]
      },
      "properties": {
        "purpose": "home_to_work",
        "origin_id": "O_00053",
        "destination_id": "D_00115",
        "destination_category": "industry",
        "destination_name": "后渚港",
        "origin_pop": 4858.0,
        "destination_jobs": 4977.88,
        "distance_m": 1143.47,
        "trips": 73.7558
      }
    },
    {
      "type": "Feature",
      "geometry": {
        "type": "LineString",
        "coordinates": [
          [
            118.67789562499999,
            24.8728487125
          ],
          [
            118.671360425,
            24.876997175
          ]
        ]
      },
      "properties": {
        "purpose": "home_to_work",
        "origin_id": "O_00053",
        "destination_id": "D_00056",
        "destination_category": "commercial_office",
        "destination_name": "泉州市人民政府",
        "origin_pop": 4858.0,
        "destination_jobs": 4284.56,
        "distance_m": 803.68,
        "trips": 71.0963
      }
    },
    {
      "type": "Feature",
      "geometry": {
        "type": "LineString",
        "coordinates": [
          [
            118.67789562499999,
            24.8728487125
          ],
          [
            118.62414069230769,
            24.88434541538462
          ]
        ]
      },
      "properties": {
        "purpose": "home_to_work",
        "origin_id": "O_00053",
        "destination_id": "D_00204",
        "destination_category": "education",
        "destination_name": "黎明职业大学",
        "origin_pop": 4858.0,
        "destination_jobs": 20180.72,
        "distance_m": 5575.46,
        "trips": 68.2483
      }
    },
    {
      "type": "Feature",
      "geometry": {
        "type": "LineString",
        "coordinates": [
          [
            118.67789562499999,
            24.8728487125
          ],
          [
            118.629396225,
            24.854245625
          ]
        ]
      },
      "properties": {
        "purpose": "home_to_work",
        "origin_id": "O_00053",
        "destination_id": "D_00962",
        "destination_category": "healthcare",
        "destination_name": "",
        "origin_pop": 4858.0,
        "destination_jobs": 17148.53,
        "distance_m": 5312.66,
        "trips": 63.3033
      }
    },
    {
      "type": "Feature",
      "geometry": {
        "type": "LineString",
        "coordinates": [
          [
            118.67880717777777,
            24.872794044444444
          ],
          [
            118.67346315,
            24.873829045
          ]
        ]
      },
      "properties": {
        "purpose": "home_to_work",
        "origin_id": "O_00054",
        "destination_id": "D_00662",
        "destination_category": "commercial_office",
        "destination_name": "",
        "origin_pop": 4880.0,
        "destination_jobs": 41918.35,
        "distance_m": 551.71,
        "trips": 780.8599
      }
    },
    {
      "type": "Feature",
      "geometry": {
        "type": "LineString",
        "coordinates": [
          [
            118.67880717777777,
            24.872794044444444
          ],
          [
            118.66633520434783,
            24.872914973913044
          ]
        ]
      },
      "properties": {
        "purpose": "home_to_work",
        "origin_id": "O_00054",
        "destination_id": "D_00108",
        "destination_category": "education",
        "destination_name": "泉州师范学院",
        "origin_pop": 4880.0,
        "destination_jobs": 49778.48,
        "distance_m": 1259.67,
        "trips": 732.3565
      }
    },
    {
      "type": "Feature",
      "geometry": {
        "type": "LineString",
        "coordinates": [
          [
            118.67880717777777,
            24.872794044444444
          ],
          [
            118.65411906363637,
            24.87995060909091
          ]
        ]
      },
      "properties": {
        "purpose": "home_to_work",
        "origin_id": "O_00054",
        "destination_id": "D_00113",
        "destination_category": "education",
        "destination_name": "泉州幼儿师范高等专科学校",
        "origin_pop": 4880.0,
        "destination_jobs": 12051.56,
        "distance_m": 2615.78,
        "trips": 112.8254
      }
    },
    {
      "type": "Feature",
      "geometry": {
        "type": "LineString",
        "coordinates": [
          [
            118.67880717777777,
            24.872794044444444
          ],
          [
            118.65362735,
            24.87613105
          ]
        ]
      },
      "properties": {
        "purpose": "home_to_work",
        "origin_id": "O_00054",
        "destination_id": "D_00114",
        "destination_category": "healthcare",
        "destination_name": "福建医科大学附属第二医院东海分院",
        "origin_pop": 4880.0,
        "destination_jobs": 11347.32,
        "distance_m": 2569.6,
        "trips": 107.8803
      }
    },
    {
      "type": "Feature",
      "geometry": {
        "type": "LineString",
        "coordinates": [
          [
            118.67880717777777,
            24.872794044444444
          ],
          [
            118.67587649,
            24.876231490000002
          ]
        ]
      },
      "properties": {
        "purpose": "home_to_work",
        "origin_id": "O_00054",
        "destination_id": "D_00185",
        "destination_category": "education",
        "destination_name": "福建省泉州第一中学（东海校区）",
        "origin_pop": 4880.0,
        "destination_jobs": 5273.13,
        "distance_m": 481.65,
        "trips": 100.5495
      }
    },
    {
      "type": "Feature",
      "geometry": {
        "type": "LineString",
        "coordinates": [
          [
            118.67880717777777,
            24.872794044444444
          ],
          [
            118.6744636,
            24.88483345
          ]
        ]
      },
      "properties": {
        "purpose": "home_to_work",
        "origin_id": "O_00054",
        "destination_id": "D_00214",
        "destination_category": "commercial_office",
        "destination_name": "",
        "origin_pop": 4880.0,
        "destination_jobs": 5716.57,
        "distance_m": 1401.26,
        "trips": 80.2267
      }
    },
    {
      "type": "Feature",
      "geometry": {
        "type": "LineString",
        "coordinates": [
          [
            118.67880717777777,
            24.872794044444444
          ],
          [
            118.683299068,
            24.881939132000003
          ]
        ]
      },
      "properties": {
        "purpose": "home_to_work",
        "origin_id": "O_00054",
        "destination_id": "D_00115",
        "destination_category": "industry",
        "destination_name": "后渚港",
        "origin_pop": 4880.0,
        "destination_jobs": 4977.88,
        "distance_m": 1108.02,
        "trips": 77.0335
      }
    },
    {
      "type": "Feature",
      "geometry": {
        "type": "LineString",
        "coordinates": [
          [
            118.67880717777777,
            24.872794044444444
          ],
          [
            118.671360425,
            24.876997175
          ]
        ]
      },
      "properties": {
        "purpose": "home_to_work",
        "origin_id": "O_00054",
        "destination_id": "D_00056",
        "destination_category": "commercial_office",
        "destination_name": "泉州市人民政府",
        "origin_pop": 4880.0,
        "destination_jobs": 4284.56,
        "distance_m": 884.01,
        "trips": 71.4446
      }
    },
    {
      "type": "Feature",
      "geometry": {
        "type": "LineString",
        "coordinates": [
          [
            118.67880717777777,
            24.872794044444444
          ],
          [
            118.62414069230769,
            24.88434541538462
          ]
        ]
      },
      "properties": {
        "purpose": "home_to_work",
        "origin_id": "O_00054",
        "destination_id": "D_00204",
        "destination_category": "education",
        "destination_name": "黎明职业大学",
        "origin_pop": 4880.0,
        "destination_jobs": 20180.72,
        "distance_m": 5666.49,
        "trips": 68.3384
      }
    },
    {
      "type": "Feature",
      "geometry": {
        "type": "LineString",
        "coordinates": [
          [
            118.67880717777777,
            24.872794044444444
          ],
          [
            118.68105335714286,
            24.886121449999997
          ]
        ]
      },
      "properties": {
        "purpose": "home_to_work",
        "origin_id": "O_00054",
        "destination_id": "D_00213",
        "destination_category": "industry",
        "destination_name": "后渚港",
        "origin_pop": 4880.0,
        "destination_jobs": 4733.76,
        "distance_m": 1490.57,
        "trips": 64.4852
      }
    },
    {
      "type": "Feature",
      "geometry": {
        "type": "LineString",
        "coordinates": [
          [
            118.67839992500001,
            24.8730773125
          ],
          [
            118.67346315,
            24.873829045
          ]
        ]
      },
      "properties": {
        "purpose": "home_to_work",
        "origin_id": "O_00055",
        "destination_id": "D_00662",
        "destination_category": "commercial_office",
        "destination_name": "",
        "origin_pop": 4839.0,
        "destination_jobs": 41918.35,
        "distance_m": 505.46,
        "trips": 775.1631
      }
    },
    {
      "type": "Feature",
      "geometry": {
        "type": "LineString",
        "coordinates": [
          [
            118.67839992500001,
            24.8730773125
          ],
          [
            118.66633520434783,
            24.872914973913044
          ]
        ]
      },
      "properties": {
        "purpose": "home_to_work",
        "origin_id": "O_00055",
        "destination_id": "D_00108",
        "destination_category": "education",
        "destination_name": "泉州师范学院",
        "origin_pop": 4839.0,
        "destination_jobs": 49778.48,
        "distance_m": 1218.6,
        "trips": 725.7604
      }
    },
    {
      "type": "Feature",
      "geometry": {
        "type": "LineString",
        "coordinates": [
          [
            118.67839992500001,
            24.8730773125
          ],
          [
            118.65411906363637,
            24.87995060909091
          ]
        ]
      },
      "properties": {
        "purpose": "home_to_work",
        "origin_id": "O_00055",
        "destination_id": "D_00113",
        "destination_category": "education",
        "destination_name": "泉州幼儿师范高等专科学校",
        "origin_pop": 4839.0,
        "destination_jobs": 12051.56,
        "distance_m": 2567.16,
        "trips": 112.0908
      }
    },
    {
      "type": "Feature",
      "geometry": {
        "type": "LineString",
        "coordinates": [
          [
            118.67839992500001,
            24.8730773125
          ],
          [
            118.65362735,
            24.87613105
          ]
        ]
      },
      "properties": {
        "purpose": "home_to_work",
        "origin_id": "O_00055",
        "destination_id": "D_00114",
        "destination_category": "healthcare",
        "destination_name": "福建医科大学附属第二医院东海分院",
        "origin_pop": 4839.0,
        "destination_jobs": 11347.32,
        "distance_m": 2524.52,
        "trips": 107.0516
      }
    },
    {
      "type": "Feature",
      "geometry": {
        "type": "LineString",
        "coordinates": [
          [
            118.67839992500001,
            24.8730773125
          ],
          [
            118.67587649,
            24.876231490000002
          ]
        ]
      },
      "properties": {
        "purpose": "home_to_work",
        "origin_id": "O_00055",
        "destination_id": "D_00185",
        "destination_category": "education",
        "destination_name": "福建省泉州第一中学（东海校区）",
        "origin_pop": 4839.0,
        "destination_jobs": 5273.13,
        "distance_m": 431.87,
        "trips": 99.9334
      }
    },
    {
      "type": "Feature",
      "geometry": {
        "type": "LineString",
        "coordinates": [
          [
            118.67839992500001,
            24.8730773125
          ],
          [
            118.6744636,
            24.88483345
          ]
        ]
      },
      "properties": {
        "purpose": "home_to_work",
        "origin_id": "O_00055",
        "destination_id": "D_00214",
        "destination_category": "commercial_office",
        "destination_name": "",
        "origin_pop": 4839.0,
        "destination_jobs": 5716.57,
        "distance_m": 1358.97,
        "trips": 79.5366
      }
    },
    {
      "type": "Feature",
      "geometry": {
        "type": "LineString",
        "coordinates": [
          [
            118.67839992500001,
            24.8730773125
          ],
          [
            118.683299068,
            24.881939132000003
          ]
        ]
      },
      "properties": {
        "purpose": "home_to_work",
        "origin_id": "O_00055",
        "destination_id": "D_00115",
        "destination_category": "industry",
        "destination_name": "后渚港",
        "origin_pop": 4839.0,
        "destination_jobs": 4977.88,
        "distance_m": 1097.44,
        "trips": 75.5676
      }
    },
    {
      "type": "Feature",
      "geometry": {
        "type": "LineString",
        "coordinates": [
          [
            118.67839992500001,
            24.8730773125
          ],
          [
            118.671360425,
            24.876997175
          ]
        ]
      },
      "properties": {
        "purpose": "home_to_work",
        "origin_id": "O_00055",
        "destination_id": "D_00056",
        "destination_category": "commercial_office",
        "destination_name": "泉州市人民政府",
        "origin_pop": 4839.0,
        "destination_jobs": 4284.56,
        "distance_m": 832.58,
        "trips": 71.0461
      }
    },
    {
      "type": "Feature",
      "geometry": {
        "type": "LineString",
        "coordinates": [
          [
            118.67839992500001,
            24.8730773125
          ],
          [
            118.62414069230769,
            24.88434541538462
          ]
        ]
      },
      "properties": {
        "purpose": "home_to_work",
        "origin_id": "O_00055",
        "destination_id": "D_00204",
        "destination_category": "education",
        "destination_name": "黎明职业大学",
        "origin_pop": 4839.0,
        "destination_jobs": 20180.72,
        "distance_m": 5619.4,
        "trips": 67.859
      }
    },
    {
      "type": "Feature",
      "geometry": {
        "type": "LineString",
        "coordinates": [
          [
            118.67839992500001,
            24.8730773125
          ],
          [
            118.68105335714286,
            24.886121449999997
          ]
        ]
      },
      "properties": {
        "purpose": "home_to_work",
        "origin_id": "O_00055",
        "destination_id": "D_00213",
        "destination_category": "industry",
        "destination_name": "后渚港",
        "origin_pop": 4839.0,
        "destination_jobs": 4733.76,
        "distance_m": 1466.59,
        "trips": 63.5415
      }
    },
    {
      "type": "Feature",
      "geometry": {
        "type": "LineString",
        "coordinates": [
          [
            118.67838520000001,
            24.876265775
          ],
          [
            118.67346315,
            24.873829045
          ]
        ]
      },
      "properties": {
        "purpose": "home_to_work",
        "origin_id": "O_00056",
        "destination_id": "D_00662",
        "destination_category": "commercial_office",
        "destination_name": "",
        "origin_pop": 4824.0,
        "destination_jobs": 41918.35,
        "distance_m": 565.38,
        "trips": 753.5505
      }
    },
    {
      "type": "Feature",
      "geometry": {
        "type": "LineString",
        "coordinates": [
          [
            118.67838520000001,
            24.876265775
          ],
          [
            118.66633520434783,
            24.872914973913044
          ]
        ]
      },
      "properties": {
        "purpose": "home_to_work",
        "origin_id": "O_00056",
        "destination_id": "D_00108",
        "destination_category": "education",
        "destination_name": "泉州师范学院",
        "origin_pop": 4824.0,
        "destination_jobs": 49778.48,
        "distance_m": 1272.08,
        "trips": 707.0395
      }
    },
    {
      "type": "Feature",
      "geometry": {
        "type": "LineString",
        "coordinates": [
          [
            118.67838520000001,
            24.876265775
          ],
          [
            118.65411906363637,
            24.87995060909091
          ]
        ]
      },
      "properties": {
        "purpose": "home_to_work",
        "origin_id": "O_00056",
        "destination_id": "D_00113",
        "destination_category": "education",
        "destination_name": "泉州幼儿师范高等专科学校",
        "origin_pop": 4824.0,
        "destination_jobs": 12051.56,
        "distance_m": 2484.26,
        "trips": 114.2786
      }
    },
    {
      "type": "Feature",
      "geometry": {
        "type": "LineString",
        "coordinates": [
          [
            118.67838520000001,
            24.876265775
          ],
          [
            118.65362735,
            24.87613105
          ]
        ]
      },
      "properties": {
        "purpose": "home_to_work",
        "origin_id": "O_00056",
        "destination_id": "D_00114",
        "destination_category": "healthcare",
        "destination_name": "福建医科大学附属第二医院东海分院",
        "origin_pop": 4824.0,
        "destination_jobs": 11347.32,
        "distance_m": 2500.38,
        "trips": 107.024
      }
    },
    {
      "type": "Feature",
      "geometry": {
        "type": "LineString",
        "coordinates": [
          [
            118.67838520000001,
            24.876265775
          ],
          [
            118.67587649,
            24.876231490000002
          ]
        ]
      },
      "properties": {
        "purpose": "home_to_work",
        "origin_id": "O_00056",
        "destination_id": "D_00185",
        "destination_category": "education",
        "destination_name": "福建省泉州第一中学（东海校区）",
        "origin_pop": 4824.0,
        "destination_jobs": 5273.13,
        "distance_m": 253.39,
        "trips": 105.1822
      }
    },
    {
      "type": "Feature",
      "geometry": {
        "type": "LineString",
        "coordinates": [
          [
            118.67838520000001,
            24.876265775
          ],
          [
            118.6744636,
            24.88483345
          ]
        ]
      },
      "properties": {
        "purpose": "home_to_work",
        "origin_id": "O_00056",
        "destination_id": "D_00214",
        "destination_category": "commercial_office",
        "destination_name": "",
        "origin_pop": 4824.0,
        "destination_jobs": 5716.57,
        "distance_m": 1026.54,
        "trips": 88.1219
      }
    },
    {
      "type": "Feature",
      "geometry": {
        "type": "LineString",
        "coordinates": [
          [
            118.67838520000001,
            24.876265775
          ],
          [
            118.683299068,
            24.881939132000003
          ]
        ]
      },
      "properties": {
        "purpose": "home_to_work",
        "origin_id": "O_00056",
        "destination_id": "D_00115",
        "destination_category": "industry",
        "destination_name": "后渚港",
        "origin_pop": 4824.0,
        "destination_jobs": 4977.88,
        "distance_m": 799.72,
        "trips": 82.7614
      }
    },
    {
      "type": "Feature",
      "geometry": {
        "type": "LineString",
        "coordinates": [
          [
            118.67838520000001,
            24.876265775
          ],
          [
            118.671360425,
            24.876997175
          ]
        ]
      },
      "properties": {
        "purpose": "home_to_work",
        "origin_id": "O_00056",
        "destination_id": "D_00056",
        "destination_category": "commercial_office",
        "destination_name": "泉州市人民政府",
        "origin_pop": 4824.0,
        "destination_jobs": 4284.56,
        "distance_m": 714.03,
        "trips": 73.2983
      }
    },
    {
      "type": "Feature",
      "geometry": {
        "type": "LineString",
        "coordinates": [
          [
            118.67838520000001,
            24.876265775
          ],
          [
            118.68105335714286,
            24.886121449999997
          ]
        ]
      },
      "properties": {
        "purpose": "home_to_work",
        "origin_id": "O_00056",
        "destination_id": "D_00213",
        "destination_category": "industry",
        "destination_name": "后渚港",
        "origin_pop": 4824.0,
        "destination_jobs": 4733.76,
        "distance_m": 1122.27,
        "trips": 70.6798
      }
    },
    {
      "type": "Feature",
      "geometry": {
        "type": "LineString",
        "coordinates": [
          [
            118.67838520000001,
            24.876265775
          ],
          [
            118.62414069230769,
            24.88434541538462
          ]
        ]
      },
      "properties": {
        "purpose": "home_to_work",
        "origin_id": "O_00056",
        "destination_id": "D_00204",
        "destination_category": "education",
        "destination_name": "黎明职业大学",
        "origin_pop": 4824.0,
        "destination_jobs": 20180.72,
        "distance_m": 5550.39,
        "trips": 68.8638
      }
    },
    {
      "type": "Feature",
      "geometry": {
        "type": "LineString",
        "coordinates": [
          [
            118.67880155,
            24.87536335
          ],
          [
            118.67346315,
            24.873829045
          ]
        ]
      },
      "properties": {
        "purpose": "home_to_work",
        "origin_id": "O_00057",
        "destination_id": "D_00662",
        "destination_category": "commercial_office",
        "destination_name": "",
        "origin_pop": 4971.0,
        "destination_jobs": 41918.35,
        "distance_m": 565.19,
        "trips": 783.3849
      }
    },
    {
      "type": "Feature",
      "geometry": {
        "type": "LineString",
        "coordinates": [
          [
            118.67880155,
            24.87536335
          ],
          [
            118.66633520434783,
            24.872914973913044
          ]
        ]
      },
      "properties": {
        "purpose": "home_to_work",
        "origin_id": "O_00057",
        "destination_id": "D_00108",
        "destination_category": "education",
        "destination_name": "泉州师范学院",
        "origin_pop": 4971.0,
        "destination_jobs": 49778.48,
        "distance_m": 1287.78,
        "trips": 731.151
      }
    },
    {
      "type": "Feature",
      "geometry": {
        "type": "LineString",
        "coordinates": [
          [
            118.67880155,
            24.87536335
          ],
          [
            118.65411906363637,
            24.87995060909091
          ]
        ]
      },
      "properties": {
        "purpose": "home_to_work",
        "origin_id": "O_00057",
        "destination_id": "D_00113",
        "destination_category": "education",
        "destination_name": "泉州幼儿师范高等专科学校",
        "origin_pop": 4971.0,
        "destination_jobs": 12051.56,
        "distance_m": 2543.75,
        "trips": 116.4631
      }
    },
    {
      "type": "Feature",
      "geometry": {
        "type": "LineString",
        "coordinates": [
          [
            118.67880155,
            24.87536335
          ],
          [
            118.65362735,
            24.87613105
          ]
        ]
      },
      "properties": {
        "purpose": "home_to_work",
        "origin_id": "O_00057",
        "destination_id": "D_00114",
        "destination_category": "healthcare",
        "destination_name": "福建医科大学附属第二医院东海分院",
        "origin_pop": 4971.0,
        "destination_jobs": 11347.32,
        "distance_m": 2543.81,
        "trips": 109.6554
      }
    },
    {
      "type": "Feature",
      "geometry": {
        "type": "LineString",
        "coordinates": [
          [
            118.67880155,
            24.87536335
          ],
          [
            118.67587649,
            24.876231490000002
          ]
        ]
      },
      "properties": {
        "purpose": "home_to_work",
        "origin_id": "O_00057",
        "destination_id": "D_00185",
        "destination_category": "education",
        "destination_name": "福建省泉州第一中学（东海校区）",
        "origin_pop": 4971.0,
        "destination_jobs": 5273.13,
        "distance_m": 310.6,
        "trips": 107.274
      }
    },
    {
      "type": "Feature",
      "geometry": {
        "type": "LineString",
        "coordinates": [
          [
            118.67880155,
            24.87536335
          ],
          [
            118.6744636,
            24.88483345
          ]
        ]
      },
      "properties": {
        "purpose": "home_to_work",
        "origin_id": "O_00057",
        "destination_id": "D_00214",
        "destination_category": "commercial_office",
        "destination_name": "",
        "origin_pop": 4971.0,
        "destination_jobs": 5716.57,
        "distance_m": 1134.79,
        "trips": 88.3584
      }
    },
    {
      "type": "Feature",
      "geometry": {
        "type": "LineString",
        "coordinates": [
          [
            118.67880155,
            24.87536335
          ],
          [
            118.683299068,
            24.881939132000003
          ]
        ]
      },
      "properties": {
        "purpose": "home_to_work",
        "origin_id": "O_00057",
        "destination_id": "D_00115",
        "destination_category": "industry",
        "destination_name": "后渚港",
        "origin_pop": 4971.0,
        "destination_jobs": 4977.88,
        "distance_m": 857.13,
        "trips": 84.4021
      }
    },
    {
      "type": "Feature",
      "geometry": {
        "type": "LineString",
        "coordinates": [
          [
            118.67880155,
            24.87536335
          ],
          [
            118.671360425,
            24.876997175
          ]
        ]
      },
      "properties": {
        "purpose": "home_to_work",
        "origin_id": "O_00057",
        "destination_id": "D_00056",
        "destination_category": "commercial_office",
        "destination_name": "泉州市人民政府",
        "origin_pop": 4971.0,
        "destination_jobs": 4284.56,
        "distance_m": 772.89,
        "trips": 74.7153
      }
    },
    {
      "type": "Feature",
      "geometry": {
        "type": "LineString",
        "coordinates": [
          [
            118.67880155,
            24.87536335
          ],
          [
            118.68105335714286,
            24.886121449999997
          ]
        ]
      },
      "properties": {
        "purpose": "home_to_work",
        "origin_id": "O_00057",
        "destination_id": "D_00213",
        "destination_category": "industry",
        "destination_name": "后渚港",
        "origin_pop": 4971.0,
        "destination_jobs": 4733.76,
        "distance_m": 1210.75,
        "trips": 71.3383
      }
    },
    {
      "type": "Feature",
      "geometry": {
        "type": "LineString",
        "coordinates": [
          [
            118.67880155,
            24.87536335
          ],
          [
            118.62414069230769,
            24.88434541538462
          ]
        ]
      },
      "properties": {
        "purpose": "home_to_work",
        "origin_id": "O_00057",
        "destination_id": "D_00204",
        "destination_category": "education",
        "destination_name": "黎明职业大学",
        "origin_pop": 4971.0,
        "destination_jobs": 20180.72,
        "distance_m": 5608.71,
        "trips": 70.2075
      }
    },
    {
      "type": "Feature",
      "geometry": {
        "type": "LineString",
        "coordinates": [
          [
            118.67780957777778,
            24.872320544444445
          ],
          [
            118.67346315,
            24.873829045
          ]
        ]
      },
      "properties": {
        "purpose": "home_to_work",
        "origin_id": "O_00058",
        "destination_id": "D_00662",
        "destination_category": "commercial_office",
        "destination_name": "",
        "origin_pop": 4848.0,
        "destination_jobs": 41918.35,
        "distance_m": 469.57,
        "trips": 777.9026
      }
    },
    {
      "type": "Feature",
      "geometry": {
        "type": "LineString",
        "coordinates": [
          [
            118.67780957777778,
            24.872320544444445
          ],
          [
            118.66633520434783,
            24.872914973913044
          ]
        ]
      },
      "properties": {
        "purpose": "home_to_work",
        "origin_id": "O_00058",
        "destination_id": "D_00108",
        "destination_category": "education",
        "destination_name": "泉州师范学院",
        "origin_pop": 4848.0,
        "destination_jobs": 49778.48,
        "distance_m": 1160.71,
        "trips": 733.685
      }
    },
    {
      "type": "Feature",
      "geometry": {
        "type": "LineString",
        "coordinates": [
          [
            118.67780957777778,
            24.872320544444445
          ],
          [
            118.65411906363637,
            24.87995060909091
          ]
        ]
      },
      "properties": {
        "purpose": "home_to_work",
        "origin_id": "O_00058",
        "destination_id": "D_00113",
        "destination_category": "education",
        "destination_name": "泉州幼儿师范高等专科学校",
        "origin_pop": 4848.0,
        "destination_jobs": 12051.56,
        "distance_m": 2536.86,
        "trips": 112.2778
      }
    },
    {
      "type": "Feature",
      "geometry": {
        "type": "LineString",
        "coordinates": [
          [
            118.67780957777778,
            24.872320544444445
          ],
          [
            118.65362735,
            24.87613105
          ]
        ]
      },
      "properties": {
        "purpose": "home_to_work",
        "origin_id": "O_00058",
        "destination_id": "D_00114",
        "destination_category": "healthcare",
        "destination_name": "福建医科大学附属第二医院东海分院",
        "origin_pop": 4848.0,
        "destination_jobs": 11347.32,
        "distance_m": 2478.3,
        "trips": 107.8006
      }
    },
    {
      "type": "Feature",
      "geometry": {
        "type": "LineString",
        "coordinates": [
          [
            118.67780957777778,
            24.872320544444445
          ],
          [
            118.67587649,
            24.876231490000002
          ]
        ]
      },
      "properties": {
        "purpose": "home_to_work",
        "origin_id": "O_00058",
        "destination_id": "D_00185",
        "destination_category": "education",
        "destination_name": "福建省泉州第一中学（东海校区）",
        "origin_pop": 4848.0,
        "destination_jobs": 5273.13,
        "distance_m": 474.35,
        "trips": 97.7005
      }
    },
    {
      "type": "Feature",
      "geometry": {
        "type": "LineString",
        "coordinates": [
          [
            118.67780957777778,
            24.872320544444445
          ],
          [
            118.6744636,
            24.88483345
          ]
        ]
      },
      "properties": {
        "purpose": "home_to_work",
        "origin_id": "O_00058",
        "destination_id": "D_00214",
        "destination_category": "commercial_office",
        "destination_name": "",
        "origin_pop": 4848.0,
        "destination_jobs": 5716.57,
        "distance_m": 1423.85,
        "trips": 77.1809
      }
    },
    {
      "type": "Feature",
      "geometry": {
        "type": "LineString",
        "coordinates": [
          [
            118.67780957777778,
            24.872320544444445
          ],
          [
            118.683299068,
            24.881939132000003
          ]
        ]
      },
      "properties": {
        "purpose": "home_to_work",
        "origin_id": "O_00058",
        "destination_id": "D_00115",
        "destination_category": "industry",
        "destination_name": "后渚港",
        "origin_pop": 4848.0,
        "destination_jobs": 4977.88,
        "distance_m": 1199.09,
        "trips": 72.4363
      }
    },
    {
      "type": "Feature",
      "geometry": {
        "type": "LineString",
        "coordinates": [
          [
            118.67780957777778,
            24.872320544444445
          ],
          [
            118.671360425,
            24.876997175
          ]
        ]
      },
      "properties": {
        "purpose": "home_to_work",
        "origin_id": "O_00058",
        "destination_id": "D_00056",
        "destination_category": "commercial_office",
        "destination_name": "泉州市人民政府",
        "origin_pop": 4848.0,
        "destination_jobs": 4284.56,
        "distance_m": 831.54,
        "trips": 70.4736
      }
    },
    {
      "type": "Feature",
      "geometry": {
        "type": "LineString",
        "coordinates": [
          [
            118.67780957777778,
            24.872320544444445
          ],
          [
            118.62414069230769,
            24.88434541538462
          ]
        ]
      },
      "properties": {
        "purpose": "home_to_work",
        "origin_id": "O_00058",
        "destination_id": "D_00204",
        "destination_category": "education",
        "destination_name": "黎明职业大学",
        "origin_pop": 4848.0,
        "destination_jobs": 20180.72,
        "distance_m": 5580.63,
        "trips": 68.1642
      }
    },
    {
      "type": "Feature",
      "geometry": {
        "type": "LineString",
        "coordinates": [
          [
            118.67780957777778,
            24.872320544444445
          ],
          [
            118.629396225,
            24.854245625
          ]
        ]
      },
      "properties": {
        "purpose": "home_to_work",
        "origin_id": "O_00058",
        "destination_id": "D_00962",
        "destination_category": "healthcare",
        "destination_name": "",
        "origin_pop": 4848.0,
        "destination_jobs": 17148.53,
        "distance_m": 5282.3,
        "trips": 63.9785
      }
    },
    {
      "type": "Feature",
      "geometry": {
        "type": "LineString",
        "coordinates": [
          [
            118.67824817777779,
            24.872015144444443
          ],
          [
            118.67346315,
            24.873829045
          ]
        ]
      },
      "properties": {
        "purpose": "home_to_work",
        "origin_id": "O_00059",
        "destination_id": "D_00662",
        "destination_category": "commercial_office",
        "destination_name": "",
        "origin_pop": 4738.0,
        "destination_jobs": 41918.35,
        "distance_m": 523.21,
        "trips": 758.9008
      }
    },
    {
      "type": "Feature",
      "geometry": {
        "type": "LineString",
        "coordinates": [
          [
            118.67824817777779,
            24.872015144444443
          ],
          [
            118.66633520434783,
            24.872914973913044
          ]
        ]
      },
      "properties": {
        "purpose": "home_to_work",
        "origin_id": "O_00059",
        "destination_id": "D_00108",
        "destination_category": "education",
        "destination_name": "泉州师范学院",
        "origin_pop": 4738.0,
        "destination_jobs": 49778.48,
        "distance_m": 1207.25,
        "trips": 717.4585
      }
    },
    {
      "type": "Feature",
      "geometry": {
        "type": "LineString",
        "coordinates": [
          [
            118.67824817777779,
            24.872015144444443
          ],
          [
            118.65411906363637,
            24.87995060909091
          ]
        ]
      },
      "properties": {
        "purpose": "home_to_work",
        "origin_id": "O_00059",
        "destination_id": "D_00113",
        "destination_category": "education",
        "destination_name": "泉州幼儿师范高等专科学校",
        "origin_pop": 4738.0,
        "destination_jobs": 12051.56,
        "distance_m": 2589.91,
        "trips": 109.5563
      }
    },
    {
      "type": "Feature",
      "geometry": {
        "type": "LineString",
        "coordinates": [
          [
            118.67824817777779,
            24.872015144444443
          ],
          [
            118.65362735,
            24.87613105
          ]
        ]
      },
      "properties": {
        "purpose": "home_to_work",
        "origin_id": "O_00059",
        "destination_id": "D_00114",
        "destination_category": "healthcare",
        "destination_name": "福建医科大学附属第二医院东海分院",
        "origin_pop": 4738.0,
        "destination_jobs": 11347.32,
        "distance_m": 2527.82,
        "trips": 105.3117
      }
    },
    {
      "type": "Feature",
      "geometry": {
        "type": "LineString",
        "coordinates": [
          [
            118.67824817777779,
            24.872015144444443
          ],
          [
            118.67587649,
            24.876231490000002
          ]
        ]
      },
      "properties": {
        "purpose": "home_to_work",
        "origin_id": "O_00059",
        "destination_id": "D_00185",
        "destination_category": "education",
        "destination_name": "福建省泉州第一中学（东海校区）",
        "origin_pop": 4738.0,
        "destination_jobs": 5273.13,
        "distance_m": 524.02,
        "trips": 95.4402
      }
    },
    {
      "type": "Feature",
      "geometry": {
        "type": "LineString",
        "coordinates": [
          [
            118.67824817777779,
            24.872015144444443
          ],
          [
            118.6744636,
            24.88483345
          ]
        ]
      },
      "properties": {
        "purpose": "home_to_work",
        "origin_id": "O_00059",
        "destination_id": "D_00214",
        "destination_category": "commercial_office",
        "destination_name": "",
        "origin_pop": 4738.0,
        "destination_jobs": 5716.57,
        "distance_m": 1467.58,
        "trips": 75.5448
      }
    },
    {
      "type": "Feature",
      "geometry": {
        "type": "LineString",
        "coordinates": [
          [
            118.67824817777779,
            24.872015144444443
          ],
          [
            118.683299068,
            24.881939132000003
          ]
        ]
      },
      "properties": {
        "purpose": "home_to_work",
        "origin_id": "O_00059",
        "destination_id": "D_00115",
        "destination_category": "industry",
        "destination_name": "后渚港",
        "origin_pop": 4738.0,
        "destination_jobs": 4977.88,
        "distance_m": 1209.79,
        "trips": 71.6856
      }
    },
    {
      "type": "Feature",
      "geometry": {
        "type": "LineString",
        "coordinates": [
          [
            118.67824817777779,
            24.872015144444443
          ],
          [
            118.671360425,
            24.876997175
          ]
        ]
      },
      "properties": {
        "purpose": "home_to_work",
        "origin_id": "O_00059",
        "destination_id": "D_00056",
        "destination_category": "commercial_office",
        "destination_name": "泉州市人民政府",
        "origin_pop": 4738.0,
        "destination_jobs": 4284.56,
        "distance_m": 887.22,
        "trips": 68.7052
      }
    },
    {
      "type": "Feature",
      "geometry": {
        "type": "LineString",
        "coordinates": [
          [
            118.67824817777779,
            24.872015144444443
          ],
          [
            118.62414069230769,
            24.88434541538462
          ]
        ]
      },
      "properties": {
        "purpose": "home_to_work",
        "origin_id": "O_00059",
        "destination_id": "D_00204",
        "destination_category": "education",
        "destination_name": "黎明职业大学",
        "origin_pop": 4738.0,
        "destination_jobs": 20180.72,
        "distance_m": 5631.74,
        "trips": 66.5552
      }
    },
    {
      "type": "Feature",
      "geometry": {
        "type": "LineString",
        "coordinates": [
          [
            118.67824817777779,
            24.872015144444443
          ],
          [
            118.629396225,
            24.854245625
          ]
        ]
      },
      "properties": {
        "purpose": "home_to_work",
        "origin_id": "O_00059",
        "destination_id": "D_00962",
        "destination_category": "healthcare",
        "destination_name": "",
        "origin_pop": 4738.0,
        "destination_jobs": 17148.53,
        "distance_m": 5310.76,
        "trips": 62.9417
      }
    },
    {
      "type": "Feature",
      "geometry": {
        "type": "LineString",
        "coordinates": [
          [
            118.6794187,
            24.875632275
          ],
          [
            118.67346315,
            24.873829045
          ]
        ]
      },
      "properties": {
        "purpose": "home_to_work",
        "origin_id": "O_00060",
        "destination_id": "D_00662",
        "destination_category": "commercial_office",
        "destination_name": "",
        "origin_pop": 4843.0,
        "destination_jobs": 41918.35,
        "distance_m": 633.64,
        "trips": 759.6384
      }
    },
    {
      "type": "Feature",
      "geometry": {
        "type": "LineString",
        "coordinates": [
          [
            118.6794187,
            24.875632275
          ],
          [
            118.66633520434783,
            24.872914973913044
          ]
        ]
      },
      "properties": {
        "purpose": "home_to_work",
        "origin_id": "O_00060",
        "destination_id": "D_00108",
        "destination_category": "education",
        "destination_name": "泉州师范学院",
        "origin_pop": 4843.0,
        "destination_jobs": 49778.48,
        "distance_m": 1355.05,
        "trips": 709.265
      }
    },
    {
      "type": "Feature",
      "geometry": {
        "type": "LineString",
        "coordinates": [
          [
            118.6794187,
            24.875632275
          ],
          [
            118.65411906363637,
            24.87995060909091
          ]
        ]
      },
      "properties": {
        "purpose": "home_to_work",
        "origin_id": "O_00060",
        "destination_id": "D_00113",
        "destination_category": "education",
        "destination_name": "泉州幼儿师范高等专科学校",
        "origin_pop": 4843.0,
        "destination_jobs": 12051.56,
        "distance_m": 2599.23,
        "trips": 113.4221
      }
    },
    {
      "type": "Feature",
      "geometry": {
        "type": "LineString",
        "coordinates": [
          [
            118.6794187,
            24.875632275
          ],
          [
            118.65362735,
            24.87613105
          ]
        ]
      },
      "properties": {
        "purpose": "home_to_work",
        "origin_id": "O_00060",
        "destination_id": "D_00114",
        "destination_category": "healthcare",
        "destination_name": "福建医科大学附属第二医院东海分院",
        "origin_pop": 4843.0,
        "destination_jobs": 11347.32,
        "distance_m": 2605.3,
        "trips": 106.5783
      }
    },
    {
      "type": "Feature",
      "geometry": {
        "type": "LineString",
        "coordinates": [
          [
            118.6794187,
            24.875632275
          ],
          [
            118.67587649,
            24.876231490000002
          ]
        ]
      },
      "properties": {
        "purpose": "home_to_work",
        "origin_id": "O_00060",
        "destination_id": "D_00185",
        "destination_category": "education",
        "destination_name": "福建省泉州第一中学（东海校区）",
        "origin_pop": 4843.0,
        "destination_jobs": 5273.13,
        "distance_m": 363.81,
        "trips": 104.5519
      }
    },
    {
      "type": "Feature",
      "geometry": {
        "type": "LineString",
        "coordinates": [
          [
            118.6794187,
            24.875632275
          ],
          [
            118.6744636,
            24.88483345
          ]
        ]
      },
      "properties": {
        "purpose": "home_to_work",
        "origin_id": "O_00060",
        "destination_id": "D_00214",
        "destination_category": "commercial_office",
        "destination_name": "",
        "origin_pop": 4843.0,
        "destination_jobs": 5716.57,
        "distance_m": 1133.53,
        "trips": 87.6943
      }
    },
    {
      "type": "Feature",
      "geometry": {
        "type": "LineString",
        "coordinates": [
          [
            118.6794187,
            24.875632275
          ],
          [
            118.683299068,
            24.881939132000003
          ]
        ]
      },
      "properties": {
        "purpose": "home_to_work",
        "origin_id": "O_00060",
        "destination_id": "D_00115",
        "destination_category": "industry",
        "destination_name": "后渚港",
        "origin_pop": 4843.0,
        "destination_jobs": 4977.88,
        "distance_m": 799.75,
        "trips": 85.3493
      }
    },
    {
      "type": "Feature",
      "geometry": {
        "type": "LineString",
        "coordinates": [
          [
            118.6794187,
            24.875632275
          ],
          [
            118.671360425,
            24.876997175
          ]
        ]
      },
      "properties": {
        "purpose": "home_to_work",
        "origin_id": "O_00060",
        "destination_id": "D_00056",
        "destination_category": "commercial_office",
        "destination_name": "泉州市人民政府",
        "origin_pop": 4843.0,
        "destination_jobs": 4284.56,
        "distance_m": 827.68,
        "trips": 72.7809
      }
    },
    {
      "type": "Feature",
      "geometry": {
        "type": "LineString",
        "coordinates": [
          [
            118.6794187,
            24.875632275
          ],
          [
            118.68105335714286,
            24.886121449999997
          ]
        ]
      },
      "properties": {
        "purpose": "home_to_work",
        "origin_id": "O_00060",
        "destination_id": "D_00213",
        "destination_category": "industry",
        "destination_name": "后渚港",
        "origin_pop": 4843.0,
        "destination_jobs": 4733.76,
        "distance_m": 1171.17,
        "trips": 71.7122
      }
    },
    {
      "type": "Feature",
      "geometry": {
        "type": "LineString",
        "coordinates": [
          [
            118.6794187,
            24.875632275
          ],
          [
            118.62414069230769,
            24.88434541538462
          ]
        ]
      },
      "properties": {
        "purpose": "home_to_work",
        "origin_id": "O_00060",
        "destination_id": "D_00204",
        "destination_category": "education",
        "destination_name": "黎明职业大学",
        "origin_pop": 4843.0,
        "destination_jobs": 20180.72,
        "distance_m": 5664.92,
        "trips": 68.3575
      }
    },
    {
      "type": "Feature",
      "geometry": {
        "type": "LineString",
        "coordinates": [
          [
            118.67877857777778,
            24.872296844444445
          ],
          [
            118.67346315,
            24.873829045
          ]
        ]
      },
      "properties": {
        "purpose": "home_to_work",
        "origin_id": "O_00061",
        "destination_id": "D_00662",
        "destination_category": "commercial_office",
        "destination_name": "",
        "origin_pop": 4728.0,
        "destination_jobs": 41918.35,
        "distance_m": 562.91,
        "trips": 756.7474
      }
    },
    {
      "type": "Feature",
      "geometry": {
        "type": "LineString",
        "coordinates": [
          [
            118.67877857777778,
            24.872296844444445
          ],
          [
            118.66633520434783,
            24.872914973913044
          ]
        ]
      },
      "properties": {
        "purpose": "home_to_work",
        "origin_id": "O_00061",
        "destination_id": "D_00108",
        "destination_category": "education",
        "destination_name": "泉州师范学院",
        "origin_pop": 4728.0,
        "destination_jobs": 49778.48,
        "distance_m": 1258.57,
        "trips": 712.6589
      }
    },
    {
      "type": "Feature",
      "geometry": {
        "type": "LineString",
        "coordinates": [
          [
            118.67877857777778,
            24.872296844444445
          ],
          [
            118.65411906363637,
            24.87995060909091
          ]
        ]
      },
      "properties": {
        "purpose": "home_to_work",
        "origin_id": "O_00061",
        "destination_id": "D_00113",
        "destination_category": "education",
        "destination_name": "泉州幼儿师范高等专科学校",
        "origin_pop": 4728.0,
        "destination_jobs": 12051.56,
        "distance_m": 2630.19,
        "trips": 109.2246
      }
    },
    {
      "type": "Feature",
      "geometry": {
        "type": "LineString",
        "coordinates": [
          [
            118.67877857777778,
            24.872296844444445
          ],
          [
            118.65362735,
            24.87613105
          ]
        ]
      },
      "properties": {
        "purpose": "home_to_work",
        "origin_id": "O_00061",
        "destination_id": "D_00114",
        "destination_category": "healthcare",
        "destination_name": "福建医科大学附属第二医院东海分院",
        "origin_pop": 4728.0,
        "destination_jobs": 11347.32,
        "distance_m": 2575.22,
        "trips": 104.7439
      }
    },
    {
      "type": "Feature",
      "geometry": {
        "type": "LineString",
        "coordinates": [
          [
            118.67877857777778,
            24.872296844444445
          ],
          [
            118.67587649,
            24.876231490000002
          ]
        ]
      },
      "properties": {
        "purpose": "home_to_work",
        "origin_id": "O_00061",
        "destination_id": "D_00185",
        "destination_category": "education",
        "destination_name": "福建省泉州第一中学（东海校区）",
        "origin_pop": 4728.0,
        "destination_jobs": 5273.13,
        "distance_m": 524.47,
        "trips": 96.4229
      }
    },
    {
      "type": "Feature",
      "geometry": {
        "type": "LineString",
        "coordinates": [
          [
            118.67877857777778,
            24.872296844444445
          ],
          [
            118.6744636,
            24.88483345
          ]
        ]
      },
      "properties": {
        "purpose": "home_to_work",
        "origin_id": "O_00061",
        "destination_id": "D_00214",
        "destination_category": "commercial_office",
        "destination_name": "",
        "origin_pop": 4728.0,
        "destination_jobs": 5716.57,
        "distance_m": 1452.7,
        "trips": 76.7137
      }
    },
    {
      "type": "Feature",
      "geometry": {
        "type": "LineString",
        "coordinates": [
          [
            118.67877857777778,
            24.872296844444445
          ],
          [
            118.683299068,
            24.881939132000003
          ]
        ]
      },
      "properties": {
        "purpose": "home_to_work",
        "origin_id": "O_00061",
        "destination_id": "D_00115",
        "destination_category": "industry",
        "destination_name": "后渚港",
        "origin_pop": 4728.0,
        "destination_jobs": 4977.88,
        "distance_m": 1159.51,
        "trips": 73.6588
      }
    },
    {
      "type": "Feature",
      "geometry": {
        "type": "LineString",
        "coordinates": [
          [
            118.67877857777778,
            24.872296844444445
          ],
          [
            118.671360425,
            24.876997175
          ]
        ]
      },
      "properties": {
        "purpose": "home_to_work",
        "origin_id": "O_00061",
        "destination_id": "D_00056",
        "destination_category": "commercial_office",
        "destination_name": "泉州市人民政府",
        "origin_pop": 4728.0,
        "destination_jobs": 4284.56,
        "distance_m": 911.72,
        "trips": 68.8586
      }
    },
    {
      "type": "Feature",
      "geometry": {
        "type": "LineString",
        "coordinates": [
          [
            118.67877857777778,
            24.872296844444445
          ],
          [
            118.62414069230769,
            24.88434541538462
          ]
        ]
      },
      "properties": {
        "purpose": "home_to_work",
        "origin_id": "O_00061",
        "destination_id": "D_00204",
        "destination_category": "education",
        "destination_name": "黎明职业大学",
        "origin_pop": 4728.0,
        "destination_jobs": 20180.72,
        "distance_m": 5676.33,
        "trips": 66.2583
      }
    },
    {
      "type": "Feature",
      "geometry": {
        "type": "LineString",
        "coordinates": [
          [
            118.67877857777778,
            24.872296844444445
          ],
          [
            118.629396225,
            24.854245625
          ]
        ]
      },
      "properties": {
        "purpose": "home_to_work",
        "origin_id": "O_00061",
        "destination_id": "D_00962",
        "destination_category": "healthcare",
        "destination_name": "",
        "origin_pop": 4728.0,
        "destination_jobs": 17148.53,
        "distance_m": 5372.05,
        "trips": 62.3131
      }
    },
    {
      "type": "Feature",
      "geometry": {
        "type": "LineString",
        "coordinates": [
          [
            118.674355475,
            24.864421450000002
          ],
          [
            118.66633520434783,
            24.872914973913044
          ]
        ]
      },
      "properties": {
        "purpose": "home_to_work",
        "origin_id": "O_00062",
        "destination_id": "D_00108",
        "destination_category": "education",
        "destination_name": "泉州师范学院",
        "origin_pop": 4942.0,
        "destination_jobs": 49778.48,
        "distance_m": 1240.01,
        "trips": 809.2857
      }
    },
    {
      "type": "Feature",
      "geometry": {
        "type": "LineString",
        "coordinates": [
          [
            118.674355475,
            24.864421450000002
          ],
          [
            118.67346315,
            24.873829045
          ]
        ]
      },
      "properties": {
        "purpose": "home_to_work",
        "origin_id": "O_00062",
        "destination_id": "D_00662",
        "destination_category": "commercial_office",
        "destination_name": "",
        "origin_pop": 4942.0,
        "destination_jobs": 41918.35,
        "distance_m": 1043.81,
        "trips": 727.5573
      }
    },
    {
      "type": "Feature",
      "geometry": {
        "type": "LineString",
        "coordinates": [
          [
            118.674355475,
            24.864421450000002
          ],
          [
            118.65362735,
            24.87613105
          ]
        ]
      },
      "properties": {
        "purpose": "home_to_work",
        "origin_id": "O_00062",
        "destination_id": "D_00114",
        "destination_category": "healthcare",
        "destination_name": "福建医科大学附属第二医院东海分院",
        "origin_pop": 4942.0,
        "destination_jobs": 11347.32,
        "distance_m": 2461.3,
        "trips": 122.7873
      }
    },
    {
      "type": "Feature",
      "geometry": {
        "type": "LineString",
        "coordinates": [
          [
            118.674355475,
            24.864421450000002
          ],
          [
            118.65411906363637,
            24.87995060909091
          ]
        ]
      },
      "properties": {
        "purpose": "home_to_work",
        "origin_id": "O_00062",
        "destination_id": "D_00113",
        "destination_category": "education",
        "destination_name": "泉州幼儿师范高等专科学校",
        "origin_pop": 4942.0,
        "destination_jobs": 12051.56,
        "distance_m": 2669.03,
        "trips": 121.6837
      }
    },
    {
      "type": "Feature",
      "geometry": {
        "type": "LineString",
        "coordinates": [
          [
            118.674355475,
            24.864421450000002
          ],
          [
            118.629396225,
            24.854245625
          ]
        ]
      },
      "properties": {
        "purpose": "home_to_work",
        "origin_id": "O_00062",
        "destination_id": "D_00962",
        "destination_category": "healthcare",
        "destination_name": "",
        "origin_pop": 4942.0,
        "destination_jobs": 17148.53,
        "distance_m": 4678.36,
        "trips": 88.6207
      }
    },
    {
      "type": "Feature",
      "geometry": {
        "type": "LineString",
        "coordinates": [
          [
            118.674355475,
            24.864421450000002
          ],
          [
            118.67587649,
            24.876231490000002
          ]
        ]
      },
      "properties": {
        "purpose": "home_to_work",
        "origin_id": "O_00062",
        "destination_id": "D_00185",
        "destination_category": "education",
        "destination_name": "福建省泉州第一中学（东海校区）",
        "origin_pop": 4942.0,
        "destination_jobs": 5273.13,
        "distance_m": 1314.49,
        "trips": 83.6272
      }
    },
    {
      "type": "Feature",
      "geometry": {
        "type": "LineString",
        "coordinates": [
          [
            118.674355475,
            24.864421450000002
          ],
          [
            118.62414069230769,
            24.88434541538462
          ]
        ]
      },
      "properties": {
        "purpose": "home_to_work",
        "origin_id": "O_00062",
        "destination_id": "D_00204",
        "destination_category": "education",
        "destination_name": "黎明职业大学",
        "origin_pop": 4942.0,
        "destination_jobs": 20180.72,
        "distance_m": 5528.93,
        "trips": 78.5439
      }
    },
    {
      "type": "Feature",
      "geometry": {
        "type": "LineString",
        "coordinates": [
          [
            118.674355475,
            24.864421450000002
          ],
          [
            118.6744636,
            24.88483345
          ]
        ]
      },
      "properties": {
        "purpose": "home_to_work",
        "origin_id": "O_00062",
        "destination_id": "D_00214",
        "destination_category": "commercial_office",
        "destination_name": "",
        "origin_pop": 4942.0,
        "destination_jobs": 5716.57,
        "distance_m": 2256.37,
        "trips": 66.2313
      }
    },
    {
      "type": "Feature",
      "geometry": {
        "type": "LineString",
        "coordinates": [
          [
            118.674355475,
            24.864421450000002
          ],
          [
            118.671360425,
            24.876997175
          ]
        ]
      },
      "properties": {
        "purpose": "home_to_work",
        "origin_id": "O_00062",
        "destination_id": "D_00056",
        "destination_category": "commercial_office",
        "destination_name": "泉州市人民政府",
        "origin_pop": 4942.0,
        "destination_jobs": 4284.56,
        "distance_m": 1422.65,
        "trips": 65.5431
      }
    },
    {
      "type": "Feature",
      "geometry": {
        "type": "LineString",
        "coordinates": [
          [
            118.674355475,
            24.864421450000002
          ],
          [
            118.683299068,
            24.881939132000003
          ]
        ]
      },
      "properties": {
        "purpose": "home_to_work",
        "origin_id": "O_00062",
        "destination_id": "D_00115",
        "destination_category": "industry",
        "destination_name": "后渚港",
        "origin_pop": 4942.0,
        "destination_jobs": 4977.88,
        "distance_m": 2136.71,
        "trips": 60.0199
      }
    },
    {
      "type": "Feature",
      "geometry": {
        "type": "LineString",
        "coordinates": [
          [
            118.67843587777777,
            24.871382544444444
          ],
          [
            118.67346315,
            24.873829045
          ]
        ]
      },
      "properties": {
        "purpose": "home_to_work",
        "origin_id": "O_00063",
        "destination_id": "D_00662",
        "destination_category": "commercial_office",
        "destination_name": "",
        "origin_pop": 4819.0,
        "destination_jobs": 41918.35,
        "distance_m": 570.4,
        "trips": 769.9931
      }
    },
    {
      "type": "Feature",
      "geometry": {
        "type": "LineString",
        "coordinates": [
          [
            118.67843587777777,
            24.871382544444444
          ],
          [
            118.66633520434783,
            24.872914973913044
          ]
        ]
      },
      "properties": {
        "purpose": "home_to_work",
        "origin_id": "O_00063",
        "destination_id": "D_00108",
        "destination_category": "education",
        "destination_name": "泉州师范学院",
        "origin_pop": 4819.0,
        "destination_jobs": 49778.48,
        "distance_m": 1233.79,
        "trips": 732.9749
      }
    },
    {
      "type": "Feature",
      "geometry": {
        "type": "LineString",
        "coordinates": [
          [
            118.67843587777777,
            24.871382544444444
          ],
          [
            118.65411906363637,
            24.87995060909091
          ]
        ]
      },
      "properties": {
        "purpose": "home_to_work",
        "origin_id": "O_00063",
        "destination_id": "D_00113",
        "destination_category": "education",
        "destination_name": "泉州幼儿师范高等专科学校",
        "origin_pop": 4819.0,
        "destination_jobs": 12051.56,
        "distance_m": 2632.11,
        "trips": 111.3431
      }
    },
    {
      "type": "Feature",
      "geometry": {
        "type": "LineString",
        "coordinates": [
          [
            118.67843587777777,
            24.871382544444444
          ],
          [
            118.65362735,
            24.87613105
          ]
        ]
      },
      "properties": {
        "purpose": "home_to_work",
        "origin_id": "O_00063",
        "destination_id": "D_00114",
        "destination_category": "healthcare",
        "destination_name": "福建医科大学附属第二医院东海分院",
        "origin_pop": 4819.0,
        "destination_jobs": 11347.32,
        "distance_m": 2559.89,
        "trips": 107.3909
      }
    },
    {
      "type": "Feature",
      "geometry": {
        "type": "LineString",
        "coordinates": [
          [
            118.67843587777777,
            24.871382544444444
          ],
          [
            118.67587649,
            24.876231490000002
          ]
        ]
      },
      "properties": {
        "purpose": "home_to_work",
        "origin_id": "O_00063",
        "destination_id": "D_00185",
        "destination_category": "education",
        "destination_name": "福建省泉州第一中学（东海校区）",
        "origin_pop": 4819.0,
        "destination_jobs": 5273.13,
        "distance_m": 595.07,
        "trips": 96.0683
      }
    },
    {
      "type": "Feature",
      "geometry": {
        "type": "LineString",
        "coordinates": [
          [
            118.67843587777777,
            24.871382544444444
          ],
          [
            118.6744636,
            24.88483345
          ]
        ]
      },
      "properties": {
        "purpose": "home_to_work",
        "origin_id": "O_00063",
        "destination_id": "D_00214",
        "destination_category": "commercial_office",
        "destination_name": "",
        "origin_pop": 4819.0,
        "destination_jobs": 5716.57,
        "distance_m": 1540.03,
        "trips": 76.0065
      }
    },
    {
      "type": "Feature",
      "geometry": {
        "type": "LineString",
        "coordinates": [
          [
            118.67843587777777,
            24.871382544444444
          ],
          [
            118.683299068,
            24.881939132000003
          ]
        ]
      },
      "properties": {
        "purpose": "home_to_work",
        "origin_id": "O_00063",
        "destination_id": "D_00115",
        "destination_category": "industry",
        "destination_name": "后渚港",
        "origin_pop": 4819.0,
        "destination_jobs": 4977.88,
        "distance_m": 1266.07,
        "trips": 72.5136
      }
    },
    {
      "type": "Feature",
      "geometry": {
        "type": "LineString",
        "coordinates": [
          [
            118.67843587777777,
            24.871382544444444
          ],
          [
            118.671360425,
            24.876997175
          ]
        ]
      },
      "properties": {
        "purpose": "home_to_work",
        "origin_id": "O_00063",
        "destination_id": "D_00056",
        "destination_category": "commercial_office",
        "destination_name": "泉州市人民政府",
        "origin_pop": 4819.0,
        "destination_jobs": 4284.56,
        "distance_m": 946.47,
        "trips": 69.43
      }
    },
    {
      "type": "Feature",
      "geometry": {
        "type": "LineString",
        "coordinates": [
          [
            118.67843587777777,
            24.871382544444444
          ],
          [
            118.62414069230769,
            24.88434541538462
          ]
        ]
      },
      "properties": {
        "purpose": "home_to_work",
        "origin_id": "O_00063",
        "destination_id": "D_00204",
        "destination_category": "education",
        "destination_name": "黎明职业大学",
        "origin_pop": 4819.0,
        "destination_jobs": 20180.72,
        "distance_m": 5667.42,
        "trips": 67.7876
      }
    },
    {
      "type": "Feature",
      "geometry": {
        "type": "LineString",
        "coordinates": [
          [
            118.67843587777777,
            24.871382544444444
          ],
          [
            118.629396225,
            24.854245625
          ]
        ]
      },
      "properties": {
        "purpose": "home_to_work",
        "origin_id": "O_00063",
        "destination_id": "D_00962",
        "destination_category": "healthcare",
        "destination_name": "",
        "origin_pop": 4819.0,
        "destination_jobs": 17148.53,
        "distance_m": 5303.01,
        "trips": 65.0421
      }
    },
    {
      "type": "Feature",
      "geometry": {
        "type": "LineString",
        "coordinates": [
          [
            118.674199875,
            24.865637749999998
          ],
          [
            118.66633520434783,
            24.872914973913044
          ]
        ]
      },
      "properties": {
        "purpose": "home_to_work",
        "origin_id": "O_00064",
        "destination_id": "D_00108",
        "destination_category": "education",
        "destination_name": "泉州师范学院",
        "origin_pop": 4858.0,
        "destination_jobs": 49778.48,
        "distance_m": 1130.5,
        "trips": 794.9563
      }
    },
    {
      "type": "Feature",
      "geometry": {
        "type": "LineString",
        "coordinates": [
          [
            118.674199875,
            24.865637749999998
          ],
          [
            118.67346315,
            24.873829045
          ]
        ]
      },
      "properties": {
        "purpose": "home_to_work",
        "origin_id": "O_00064",
        "destination_id": "D_00662",
        "destination_category": "commercial_office",
        "destination_name": "",
        "origin_pop": 4858.0,
        "destination_jobs": 41918.35,
        "distance_m": 908.52,
        "trips": 720.8432
      }
    },
    {
      "type": "Feature",
      "geometry": {
        "type": "LineString",
        "coordinates": [
          [
            118.674199875,
            24.865637749999998
          ],
          [
            118.65362735,
            24.87613105
          ]
        ]
      },
      "properties": {
        "purpose": "home_to_work",
        "origin_id": "O_00064",
        "destination_id": "D_00114",
        "destination_category": "healthcare",
        "destination_name": "福建医科大学附属第二医院东海分院",
        "origin_pop": 4858.0,
        "destination_jobs": 11347.32,
        "distance_m": 2379.59,
        "trips": 119.5007
      }
    },
    {
      "type": "Feature",
      "geometry": {
        "type": "LineString",
        "coordinates": [
          [
            118.674199875,
            24.865637749999998
          ],
          [
            118.65411906363637,
            24.87995060909091
          ]
        ]
      },
      "properties": {
        "purpose": "home_to_work",
        "origin_id": "O_00064",
        "destination_id": "D_00113",
        "destination_category": "education",
        "destination_name": "泉州幼儿师范高等专科学校",
        "origin_pop": 4858.0,
        "destination_jobs": 12051.56,
        "distance_m": 2572.19,
        "trips": 119.0251
      }
    },
    {
      "type": "Feature",
      "geometry": {
        "type": "LineString",
        "coordinates": [
          [
            118.674199875,
            24.865637749999998
          ],
          [
            118.629396225,
            24.854245625
          ]
        ]
      },
      "properties": {
        "purpose": "home_to_work",
        "origin_id": "O_00064",
        "destination_id": "D_00962",
        "destination_category": "healthcare",
        "destination_name": "",
        "origin_pop": 4858.0,
        "destination_jobs": 17148.53,
        "distance_m": 4697.33,
        "trips": 83.402
      }
    },
    {
      "type": "Feature",
      "geometry": {
        "type": "LineString",
        "coordinates": [
          [
            118.674199875,
            24.865637749999998
          ],
          [
            118.67587649,
            24.876231490000002
          ]
        ]
      },
      "properties": {
        "purpose": "home_to_work",
        "origin_id": "O_00064",
        "destination_id": "D_00185",
        "destination_category": "education",
        "destination_name": "福建省泉州第一中学（东海校区）",
        "origin_pop": 4858.0,
        "destination_jobs": 5273.13,
        "distance_m": 1183.21,
        "trips": 82.7445
      }
    },
    {
      "type": "Feature",
      "geometry": {
        "type": "LineString",
        "coordinates": [
          [
            118.674199875,
            24.865637749999998
          ],
          [
            118.62414069230769,
            24.88434541538462
          ]
        ]
      },
      "properties": {
        "purpose": "home_to_work",
        "origin_id": "O_00064",
        "destination_id": "D_00204",
        "destination_category": "education",
        "destination_name": "黎明职业大学",
        "origin_pop": 4858.0,
        "destination_jobs": 20180.72,
        "distance_m": 5462.19,
        "trips": 76.0609
      }
    },
    {
      "type": "Feature",
      "geometry": {
        "type": "LineString",
        "coordinates": [
          [
            118.674199875,
            24.865637749999998
          ],
          [
            118.6744636,
            24.88483345
          ]
        ]
      },
      "properties": {
        "purpose": "home_to_work",
        "origin_id": "O_00064",
        "destination_id": "D_00214",
        "destination_category": "commercial_office",
        "destination_name": "",
        "origin_pop": 4858.0,
        "destination_jobs": 5716.57,
        "distance_m": 2122.06,
        "trips": 65.5985
      }
    },
    {
      "type": "Feature",
      "geometry": {
        "type": "LineString",
        "coordinates": [
          [
            118.674199875,
            24.865637749999998
          ],
          [
            118.671360425,
            24.876997175
          ]
        ]
      },
      "properties": {
        "purpose": "home_to_work",
        "origin_id": "O_00064",
        "destination_id": "D_00056",
        "destination_category": "commercial_office",
        "destination_name": "泉州市人民政府",
        "origin_pop": 4858.0,
        "destination_jobs": 4284.56,
        "distance_m": 1288.0,
        "trips": 64.9242
      }
    },
    {
      "type": "Feature",
      "geometry": {
        "type": "LineString",
        "coordinates": [
          [
            118.674199875,
            24.865637749999998
          ],
          [
            118.683299068,
            24.881939132000003
          ]
        ]
      },
      "properties": {
        "purpose": "home_to_work",
        "origin_id": "O_00064",
        "destination_id": "D_00115",
        "destination_category": "industry",
        "destination_name": "后渚港",
        "origin_pop": 4858.0,
        "destination_jobs": 4977.88,
        "distance_m": 2022.75,
        "trips": 59.0445
      }
    },
    {
      "type": "Feature",
      "geometry": {
        "type": "LineString",
        "coordinates": [
          [
            118.6734849,
            24.8659201
          ],
          [
            118.66633520434783,
            24.872914973913044
          ]
        ]
      },
      "properties": {
        "purpose": "home_to_work",
        "origin_id": "O_00065",
        "destination_id": "D_00108",
        "destination_category": "education",
        "destination_name": "泉州师范学院",
        "origin_pop": 4945.0,
        "destination_jobs": 49778.48,
        "distance_m": 1057.96,
        "trips": 814.2214
      }
    },
    {
      "type": "Feature",
      "geometry": {
        "type": "LineString",
        "coordinates": [
          [
            118.6734849,
            24.8659201
          ],
          [
            118.67346315,
            24.873829045
          ]
        ]
      },
      "properties": {
        "purpose": "home_to_work",
        "origin_id": "O_00065",
        "destination_id": "D_00662",
        "destination_category": "commercial_office",
        "destination_name": "",
        "origin_pop": 4945.0,
        "destination_jobs": 41918.35,
        "distance_m": 874.26,
        "trips": 728.9523
      }
    },
    {
      "type": "Feature",
      "geometry": {
        "type": "LineString",
        "coordinates": [
          [
            118.6734849,
            24.8659201
          ],
          [
            118.65362735,
            24.87613105
          ]
        ]
      },
      "properties": {
        "purpose": "home_to_work",
        "origin_id": "O_00065",
        "destination_id": "D_00114",
        "destination_category": "healthcare",
        "destination_name": "福建医科大学附属第二医院东海分院",
        "origin_pop": 4945.0,
        "destination_jobs": 11347.32,
        "distance_m": 2301.34,
        "trips": 122.6302
      }
    },
    {
      "type": "Feature",
      "geometry": {
        "type": "LineString",
        "coordinates": [
          [
            118.6734849,
            24.8659201
          ],
          [
            118.65411906363637,
            24.87995060909091
          ]
        ]
      },
      "properties": {
        "purpose": "home_to_work",
        "origin_id": "O_00065",
        "destination_id": "D_00113",
        "destination_category": "education",
        "destination_name": "泉州幼儿师范高等专科学校",
        "origin_pop": 4945.0,
        "destination_jobs": 12051.56,
        "distance_m": 2496.14,
        "trips": 122.0526
      }
    },
    {
      "type": "Feature",
      "geometry": {
        "type": "LineString",
        "coordinates": [
          [
            118.6734849,
            24.8659201
          ],
          [
            118.629396225,
            24.854245625
          ]
        ]
      },
      "properties": {
        "purpose": "home_to_work",
        "origin_id": "O_00065",
        "destination_id": "D_00962",
        "destination_category": "healthcare",
        "destination_name": "",
        "origin_pop": 4945.0,
        "destination_jobs": 17148.53,
        "distance_m": 4636.39,
        "trips": 85.0938
      }
    },
    {
      "type": "Feature",
      "geometry": {
        "type": "LineString",
        "coordinates": [
          [
            118.6734849,
            24.8659201
          ],
          [
            118.67587649,
            24.876231490000002
          ]
        ]
      },
      "properties": {
        "purpose": "home_to_work",
        "origin_id": "O_00065",
        "destination_id": "D_00185",
        "destination_category": "education",
        "destination_name": "福建省泉州第一中学（东海校区）",
        "origin_pop": 4945.0,
        "destination_jobs": 5273.13,
        "distance_m": 1165.13,
        "trips": 83.2252
      }
    },
    {
      "type": "Feature",
      "geometry": {
        "type": "LineString",
        "coordinates": [
          [
            118.6734849,
            24.8659201
          ],
          [
            118.62414069230769,
            24.88434541538462
          ]
        ]
      },
      "properties": {
        "purpose": "home_to_work",
        "origin_id": "O_00065",
        "destination_id": "D_00204",
        "destination_category": "education",
        "destination_name": "黎明职业大学",
        "origin_pop": 4945.0,
        "destination_jobs": 20180.72,
        "distance_m": 5383.54,
        "trips": 78.0632
      }
    },
    {
      "type": "Feature",
      "geometry": {
        "type": "LineString",
        "coordinates": [
          [
            118.6734849,
            24.8659201
          ],
          [
            118.6744636,
            24.88483345
          ]
        ]
      },
      "properties": {
        "purpose": "home_to_work",
        "origin_id": "O_00065",
        "destination_id": "D_00214",
        "destination_category": "commercial_office",
        "destination_name": "",
        "origin_pop": 4945.0,
        "destination_jobs": 5716.57,
        "distance_m": 2093.02,
        "trips": 66.2212
      }
    },
    {
      "type": "Feature",
      "geometry": {
        "type": "LineString",
        "coordinates": [
          [
            118.6734849,
            24.8659201
          ],
          [
            118.671360425,
            24.876997175
          ]
        ]
      },
      "properties": {
        "purpose": "home_to_work",
        "origin_id": "O_00065",
        "destination_id": "D_00056",
        "destination_category": "commercial_office",
        "destination_name": "泉州市人民政府",
        "origin_pop": 4945.0,
        "destination_jobs": 4284.56,
        "distance_m": 1243.12,
        "trips": 65.8875
      }
    },
    {
      "type": "Feature",
      "geometry": {
        "type": "LineString",
        "coordinates": [
          [
            118.6734849,
            24.8659201
          ],
          [
            118.683299068,
            24.881939132000003
          ]
        ]
      },
      "properties": {
        "purpose": "home_to_work",
        "origin_id": "O_00065",
        "destination_id": "D_00115",
        "destination_category": "industry",
        "destination_name": "后渚港",
        "origin_pop": 4945.0,
        "destination_jobs": 4977.88,
        "distance_m": 2029.27,
        "trips": 58.9026
      }
    },
    {
      "type": "Feature",
      "geometry": {
        "type": "LineString",
        "coordinates": [
          [
            118.67915547777777,
            24.871781244444445
          ],
          [
            118.67346315,
            24.873829045
          ]
        ]
      },
      "properties": {
        "purpose": "home_to_work",
        "origin_id": "O_00066",
        "destination_id": "D_00662",
        "destination_category": "commercial_office",
        "destination_name": "",
        "origin_pop": 4922.0,
        "destination_jobs": 41918.35,
        "distance_m": 617.85,
        "trips": 786.4296
      }
    },
    {
      "type": "Feature",
      "geometry": {
        "type": "LineString",
        "coordinates": [
          [
            118.67915547777777,
            24.871781244444445
          ],
          [
            118.66633520434783,
            24.872914973913044
          ]
        ]
      },
      "properties": {
        "purpose": "home_to_work",
        "origin_id": "O_00066",
        "destination_id": "D_00108",
        "destination_category": "education",
        "destination_name": "泉州师范学院",
        "origin_pop": 4922.0,
        "destination_jobs": 49778.48,
        "distance_m": 1300.83,
        "trips": 743.7486
      }
    },
    {
      "type": "Feature",
      "geometry": {
        "type": "LineString",
        "coordinates": [
          [
            118.67915547777777,
            24.871781244444445
          ],
          [
            118.65411906363637,
            24.87995060909091
          ]
        ]
      },
      "properties": {
        "purpose": "home_to_work",
        "origin_id": "O_00066",
        "destination_id": "D_00113",
        "destination_category": "education",
        "destination_name": "泉州幼儿师范高等专科学校",
        "origin_pop": 4922.0,
        "destination_jobs": 12051.56,
        "distance_m": 2684.9,
        "trips": 113.5177
      }
    },
    {
      "type": "Feature",
      "geometry": {
        "type": "LineString",
        "coordinates": [
          [
            118.67915547777777,
            24.871781244444445
          ],
          [
            118.65362735,
            24.87613105
          ]
        ]
      },
      "properties": {
        "purpose": "home_to_work",
        "origin_id": "O_00066",
        "destination_id": "D_00114",
        "destination_category": "healthcare",
        "destination_name": "福建医科大学附属第二医院东海分院",
        "origin_pop": 4922.0,
        "destination_jobs": 11347.32,
        "distance_m": 2622.63,
        "trips": 109.126
      }
    },
    {
      "type": "Feature",
      "geometry": {
        "type": "LineString",
        "coordinates": [
          [
            118.67915547777777,
            24.871781244444445
          ],
          [
            118.67587649,
            24.876231490000002
          ]
        ]
      },
      "properties": {
        "purpose": "home_to_work",
        "origin_id": "O_00066",
        "destination_id": "D_00185",
        "destination_category": "education",
        "destination_name": "福建省泉州第一中学（东海校区）",
        "origin_pop": 4922.0,
        "destination_jobs": 5273.13,
        "distance_m": 593.01,
        "trips": 99.7518
      }
    },
    {
      "type": "Feature",
      "geometry": {
        "type": "LineString",
        "coordinates": [
          [
            118.67915547777777,
            24.871781244444445
          ],
          [
            118.6744636,
            24.88483345
          ]
        ]
      },
      "properties": {
        "purpose": "home_to_work",
        "origin_id": "O_00066",
        "destination_id": "D_00214",
        "destination_category": "commercial_office",
        "destination_name": "",
        "origin_pop": 4922.0,
        "destination_jobs": 5716.57,
        "distance_m": 1518.61,
        "trips": 79.4318
      }
    },
    {
      "type": "Feature",
      "geometry": {
        "type": "LineString",
        "coordinates": [
          [
            118.67915547777777,
            24.871781244444445
          ],
          [
            118.683299068,
            24.881939132000003
          ]
        ]
      },
      "properties": {
        "purpose": "home_to_work",
        "origin_id": "O_00066",
        "destination_id": "D_00115",
        "destination_category": "industry",
        "destination_name": "后渚港",
        "origin_pop": 4922.0,
        "destination_jobs": 4977.88,
        "distance_m": 1198.3,
        "trips": 76.9614
      }
    },
    {
      "type": "Feature",
      "geometry": {
        "type": "LineString",
        "coordinates": [
          [
            118.67915547777777,
            24.871781244444445
          ],
          [
            118.671360425,
            24.876997175
          ]
        ]
      },
      "properties": {
        "purpose": "home_to_work",
        "origin_id": "O_00066",
        "destination_id": "D_00056",
        "destination_category": "commercial_office",
        "destination_name": "泉州市人民政府",
        "origin_pop": 4922.0,
        "destination_jobs": 4284.56,
        "distance_m": 975.8,
        "trips": 71.3417
      }
    },
    {
      "type": "Feature",
      "geometry": {
        "type": "LineString",
        "coordinates": [
          [
            118.67915547777777,
            24.871781244444445
          ],
          [
            118.62414069230769,
            24.88434541538462
          ]
        ]
      },
      "properties": {
        "purpose": "home_to_work",
        "origin_id": "O_00066",
        "destination_id": "D_00204",
        "destination_category": "education",
        "destination_name": "黎明职业大学",
        "origin_pop": 4922.0,
        "destination_jobs": 20180.72,
        "distance_m": 5726.9,
        "trips": 68.9575
      }
    },
    {
      "type": "Feature",
      "geometry": {
        "type": "LineString",
        "coordinates": [
          [
            118.67915547777777,
            24.871781244444445
          ],
          [
            118.629396225,
            24.854245625
          ]
        ]
      },
      "properties": {
        "purpose": "home_to_work",
        "origin_id": "O_00066",
        "destination_id": "D_00962",
        "destination_category": "healthcare",
        "destination_name": "",
        "origin_pop": 4922.0,
        "destination_jobs": 17148.53,
        "distance_m": 5386.65,
        "trips": 65.6339
      }
    },
    {
      "type": "Feature",
      "geometry": {
        "type": "LineString",
        "coordinates": [
          [
            118.6764431,
            24.8618513
          ],
          [
            118.66633520434783,
            24.872914973913044
          ]
        ]
      },
      "properties": {
        "purpose": "home_to_work",
        "origin_id": "O_00067",
        "destination_id": "D_00108",
        "destination_category": "education",
        "destination_name": "泉州师范学院",
        "origin_pop": 4965.0,
        "destination_jobs": 49778.48,
        "distance_m": 1593.07,
        "trips": 803.7958
      }
    },
    {
      "type": "Feature",
      "geometry": {
        "type": "LineString",
        "coordinates": [
          [
            118.6764431,
            24.8618513
          ],
          [
            118.67346315,
            24.873829045
          ]
        ]
      },
      "properties": {
        "purpose": "home_to_work",
        "origin_id": "O_00067",
        "destination_id": "D_00662",
        "destination_category": "commercial_office",
        "destination_name": "",
        "origin_pop": 4965.0,
        "destination_jobs": 41918.35,
        "distance_m": 1357.8,
        "trips": 732.0961
      }
    },
    {
      "type": "Feature",
      "geometry": {
        "type": "LineString",
        "coordinates": [
          [
            118.6764431,
            24.8618513
          ],
          [
            118.65362735,
            24.87613105
          ]
        ]
      },
      "properties": {
        "purpose": "home_to_work",
        "origin_id": "O_00067",
        "destination_id": "D_00114",
        "destination_category": "healthcare",
        "destination_name": "福建医科大学附属第二医院东海分院",
        "origin_pop": 4965.0,
        "destination_jobs": 11347.32,
        "distance_m": 2793.13,
        "trips": 122.8208
      }
    },
    {
      "type": "Feature",
      "geometry": {
        "type": "LineString",
        "coordinates": [
          [
            118.6764431,
            24.8618513
          ],
          [
            118.65411906363637,
            24.87995060909091
          ]
        ]
      },
      "properties": {
        "purpose": "home_to_work",
        "origin_id": "O_00067",
        "destination_id": "D_00113",
        "destination_category": "education",
        "destination_name": "泉州幼儿师范高等专科学校",
        "origin_pop": 4965.0,
        "destination_jobs": 12051.56,
        "distance_m": 3014.33,
        "trips": 121.1712
      }
    },
    {
      "type": "Feature",
      "geometry": {
        "type": "LineString",
        "coordinates": [
          [
            118.6764431,
            24.8618513
          ],
          [
            118.629396225,
            24.854245625
          ]
        ]
      },
      "properties": {
        "purpose": "home_to_work",
        "origin_id": "O_00067",
        "destination_id": "D_00962",
        "destination_category": "healthcare",
        "destination_name": "",
        "origin_pop": 4965.0,
        "destination_jobs": 17148.53,
        "distance_m": 4825.84,
        "trips": 94.2629
      }
    },
    {
      "type": "Feature",
      "geometry": {
        "type": "LineString",
        "coordinates": [
          [
            118.6764431,
            24.8618513
          ],
          [
            118.67587649,
            24.876231490000002
          ]
        ]
      },
      "properties": {
        "purpose": "home_to_work",
        "origin_id": "O_00067",
        "destination_id": "D_00185",
        "destination_category": "education",
        "destination_name": "福建省泉州第一中学（东海校区）",
        "origin_pop": 4965.0,
        "destination_jobs": 5273.13,
        "distance_m": 1590.62,
        "trips": 85.2174
      }
    },
    {
      "type": "Feature",
      "geometry": {
        "type": "LineString",
        "coordinates": [
          [
            118.6764431,
            24.8618513
          ],
          [
            118.62414069230769,
            24.88434541538462
          ]
        ]
      },
      "properties": {
        "purpose": "home_to_work",
        "origin_id": "O_00067",
        "destination_id": "D_00204",
        "destination_category": "education",
        "destination_name": "黎明职业大学",
        "origin_pop": 4965.0,
        "destination_jobs": 20180.72,
        "distance_m": 5838.21,
        "trips": 79.1579
      }
    },
    {
      "type": "Feature",
      "geometry": {
        "type": "LineString",
        "coordinates": [
          [
            118.6764431,
            24.8618513
          ],
          [
            118.6744636,
            24.88483345
          ]
        ]
      },
      "properties": {
        "purpose": "home_to_work",
        "origin_id": "O_00067",
        "destination_id": "D_00214",
        "destination_category": "commercial_office",
        "destination_name": "",
        "origin_pop": 4965.0,
        "destination_jobs": 5716.57,
        "distance_m": 2548.3,
        "trips": 67.1362
      }
    },
    {
      "type": "Feature",
      "geometry": {
        "type": "LineString",
        "coordinates": [
          [
            118.6764431,
            24.8618513
          ],
          [
            118.671360425,
            24.876997175
          ]
        ]
      },
      "properties": {
        "purpose": "home_to_work",
        "origin_id": "O_00067",
        "destination_id": "D_00056",
        "destination_category": "commercial_office",
        "destination_name": "泉州市人民政府",
        "origin_pop": 4965.0,
        "destination_jobs": 4284.56,
        "distance_m": 1751.15,
        "trips": 65.6335
      }
    },
    {
      "type": "Feature",
      "geometry": {
        "type": "LineString",
        "coordinates": [
          [
            118.6764431,
            24.8618513
          ],
          [
            118.683299068,
            24.881939132000003
          ]
        ]
      },
      "properties": {
        "purpose": "home_to_work",
        "origin_id": "O_00067",
        "destination_id": "D_00115",
        "destination_category": "industry",
        "destination_name": "后渚港",
        "origin_pop": 4965.0,
        "destination_jobs": 4977.88,
        "distance_m": 2325.96,
        "trips": 62.9582
      }
    },
    {
      "type": "Feature",
      "geometry": {
        "type": "LineString",
        "coordinates": [
          [
            118.6758558,
            24.861951400000002
          ],
          [
            118.66633520434783,
            24.872914973913044
          ]
        ]
      },
      "properties": {
        "purpose": "home_to_work",
        "origin_id": "O_00068",
        "destination_id": "D_00108",
        "destination_category": "education",
        "destination_name": "泉州师范学院",
        "origin_pop": 4788.0,
        "destination_jobs": 49778.48,
        "distance_m": 1547.04,
        "trips": 777.7807
      }
    },
    {
      "type": "Feature",
      "geometry": {
        "type": "LineString",
        "coordinates": [
          [
            118.6758558,
            24.861951400000002
          ],
          [
            118.67346315,
            24.873829045
          ]
        ]
      },
      "properties": {
        "purpose": "home_to_work",
        "origin_id": "O_00068",
        "destination_id": "D_00662",
        "destination_category": "commercial_office",
        "destination_name": "",
        "origin_pop": 4788.0,
        "destination_jobs": 41918.35,
        "distance_m": 1335.01,
        "trips": 702.935
      }
    },
    {
      "type": "Feature",
      "geometry": {
        "type": "LineString",
        "coordinates": [
          [
            118.6758558,
            24.861951400000002
          ],
          [
            118.65362735,
            24.87613105
          ]
        ]
      },
      "properties": {
        "purpose": "home_to_work",
        "origin_id": "O_00068",
        "destination_id": "D_00114",
        "destination_category": "healthcare",
        "destination_name": "福建医科大学附属第二医院东海分院",
        "origin_pop": 4788.0,
        "destination_jobs": 11347.32,
        "distance_m": 2738.05,
        "trips": 119.2048
      }
    },
    {
      "type": "Feature",
      "geometry": {
        "type": "LineString",
        "coordinates": [
          [
            118.6758558,
            24.861951400000002
          ],
          [
            118.65411906363637,
            24.87995060909091
          ]
        ]
      },
      "properties": {
        "purpose": "home_to_work",
        "origin_id": "O_00068",
        "destination_id": "D_00113",
        "destination_category": "education",
        "destination_name": "泉州幼儿师范高等专科学校",
        "origin_pop": 4788.0,
        "destination_jobs": 12051.56,
        "distance_m": 2962.78,
        "trips": 117.4654
      }
    },
    {
      "type": "Feature",
      "geometry": {
        "type": "LineString",
        "coordinates": [
          [
            118.6758558,
            24.861951400000002
          ],
          [
            118.629396225,
            24.854245625
          ]
        ]
      },
      "properties": {
        "purpose": "home_to_work",
        "origin_id": "O_00068",
        "destination_id": "D_00962",
        "destination_category": "healthcare",
        "destination_name": "",
        "origin_pop": 4788.0,
        "destination_jobs": 17148.53,
        "distance_m": 4769.39,
        "trips": 91.5292
      }
    },
    {
      "type": "Feature",
      "geometry": {
        "type": "LineString",
        "coordinates": [
          [
            118.6758558,
            24.861951400000002
          ],
          [
            118.67587649,
            24.876231490000002
          ]
        ]
      },
      "properties": {
        "purpose": "home_to_work",
        "origin_id": "O_00068",
        "destination_id": "D_00185",
        "destination_category": "education",
        "destination_name": "福建省泉州第一中学（东海校区）",
        "origin_pop": 4788.0,
        "destination_jobs": 5273.13,
        "distance_m": 1578.52,
        "trips": 81.5318
      }
    },
    {
      "type": "Feature",
      "geometry": {
        "type": "LineString",
        "coordinates": [
          [
            118.6758558,
            24.861951400000002
          ],
          [
            118.62414069230769,
            24.88434541538462
          ]
        ]
      },
      "properties": {
        "purpose": "home_to_work",
        "origin_id": "O_00068",
        "destination_id": "D_00204",
        "destination_category": "education",
        "destination_name": "黎明职业大学",
        "origin_pop": 4788.0,
        "destination_jobs": 20180.72,
        "distance_m": 5779.85,
        "trips": 76.9114
      }
    },
    {
      "type": "Feature",
      "geometry": {
        "type": "LineString",
        "coordinates": [
          [
            118.6758558,
            24.861951400000002
          ],
          [
            118.6744636,
            24.88483345
          ]
        ]
      },
      "properties": {
        "purpose": "home_to_work",
        "origin_id": "O_00068",
        "destination_id": "D_00214",
        "destination_category": "commercial_office",
        "destination_name": "",
        "origin_pop": 4788.0,
        "destination_jobs": 5716.57,
        "distance_m": 2533.29,
        "trips": 64.2951
      }
    },
    {
      "type": "Feature",
      "geometry": {
        "type": "LineString",
        "coordinates": [
          [
            118.6758558,
            24.861951400000002
          ],
          [
            118.671360425,
            24.876997175
          ]
        ]
      },
      "properties": {
        "purpose": "home_to_work",
        "origin_id": "O_00068",
        "destination_id": "D_00056",
        "destination_category": "commercial_office",
        "destination_name": "泉州市人民政府",
        "origin_pop": 4788.0,
        "destination_jobs": 4284.56,
        "distance_m": 1724.02,
        "trips": 63.1106
      }
    },
    {
      "type": "Feature",
      "geometry": {
        "type": "LineString",
        "coordinates": [
          [
            118.6758558,
            24.861951400000002
          ],
          [
            118.683299068,
            24.881939132000003
          ]
        ]
      },
      "properties": {
        "purpose": "home_to_work",
        "origin_id": "O_00068",
        "destination_id": "D_00115",
        "destination_category": "industry",
        "destination_name": "后渚港",
        "origin_pop": 4788.0,
        "destination_jobs": 4977.88,
        "distance_m": 2333.83,
        "trips": 59.8359
      }
    },
    {
      "type": "Feature",
      "geometry": {
        "type": "LineString",
        "coordinates": [
          [
            118.67874937777778,
            24.870919544444444
          ],
          [
            118.67346315,
            24.873829045
          ]
        ]
      },
      "properties": {
        "purpose": "home_to_work",
        "origin_id": "O_00069",
        "destination_id": "D_00662",
        "destination_category": "commercial_office",
        "destination_name": "",
        "origin_pop": 4920.0,
        "destination_jobs": 41918.35,
        "distance_m": 623.27,
        "trips": 784.3341
      }
    },
    {
      "type": "Feature",
      "geometry": {
        "type": "LineString",
        "coordinates": [
          [
            118.67874937777778,
            24.870919544444444
          ],
          [
            118.66633520434783,
            24.872914973913044
          ]
        ]
      },
      "properties": {
        "purpose": "home_to_work",
        "origin_id": "O_00069",
        "destination_id": "D_00108",
        "destination_category": "education",
        "destination_name": "泉州师范学院",
        "origin_pop": 4920.0,
        "destination_jobs": 49778.48,
        "distance_m": 1273.03,
        "trips": 750.0269
      }
    },
    {
      "type": "Feature",
      "geometry": {
        "type": "LineString",
        "coordinates": [
          [
            118.67874937777778,
            24.870919544444444
          ],
          [
            118.65411906363637,
            24.87995060909091
          ]
        ]
      },
      "properties": {
        "purpose": "home_to_work",
        "origin_id": "O_00069",
        "destination_id": "D_00113",
        "destination_category": "education",
        "destination_name": "泉州幼儿师范高等专科学校",
        "origin_pop": 4920.0,
        "destination_jobs": 12051.56,
        "distance_m": 2680.32,
        "trips": 113.5931
      }
    },
    {
      "type": "Feature",
      "geometry": {
        "type": "LineString",
        "coordinates": [
          [
            118.67874937777778,
            24.870919544444444
          ],
          [
            118.65362735,
            24.87613105
          ]
        ]
      },
      "properties": {
        "purpose": "home_to_work",
        "origin_id": "O_00069",
        "destination_id": "D_00114",
        "destination_category": "healthcare",
        "destination_name": "福建医科大学附属第二医院东海分院",
        "origin_pop": 4920.0,
        "destination_jobs": 11347.32,
        "distance_m": 2601.75,
        "trips": 109.7934
      }
    },
    {
      "type": "Feature",
      "geometry": {
        "type": "LineString",
        "coordinates": [
          [
            118.67874937777778,
            24.870919544444444
          ],
          [
            118.67587649,
            24.876231490000002
          ]
        ]
      },
      "properties": {
        "purpose": "home_to_work",
        "origin_id": "O_00069",
        "destination_id": "D_00185",
        "destination_category": "education",
        "destination_name": "福建省泉州第一中学（东海校区）",
        "origin_pop": 4920.0,
        "destination_jobs": 5273.13,
        "distance_m": 654.96,
        "trips": 97.629
      }
    },
    {
      "type": "Feature",
      "geometry": {
        "type": "LineString",
        "coordinates": [
          [
            118.67874937777778,
            24.870919544444444
          ],
          [
            118.6744636,
            24.88483345
          ]
        ]
      },
      "properties": {
        "purpose": "home_to_work",
        "origin_id": "O_00069",
        "destination_id": "D_00214",
        "destination_category": "commercial_office",
        "destination_name": "",
        "origin_pop": 4920.0,
        "destination_jobs": 5716.57,
        "distance_m": 1597.78,
        "trips": 77.2961
      }
    },
    {
      "type": "Feature",
      "geometry": {
        "type": "LineString",
        "coordinates": [
          [
            118.67874937777778,
            24.870919544444444
          ],
          [
            118.683299068,
            24.881939132000003
          ]
        ]
      },
      "properties": {
        "purpose": "home_to_work",
        "origin_id": "O_00069",
        "destination_id": "D_00115",
        "destination_category": "industry",
        "destination_name": "后渚港",
        "origin_pop": 4920.0,
        "destination_jobs": 4977.88,
        "distance_m": 1301.88,
        "trips": 74.2852
      }
    },
    {
      "type": "Feature",
      "geometry": {
        "type": "LineString",
        "coordinates": [
          [
            118.67874937777778,
            24.870919544444444
          ],
          [
            118.671360425,
            24.876997175
          ]
        ]
      },
      "properties": {
        "purpose": "home_to_work",
        "origin_id": "O_00069",
        "destination_id": "D_00056",
        "destination_category": "commercial_office",
        "destination_name": "泉州市人民政府",
        "origin_pop": 4920.0,
        "destination_jobs": 4284.56,
        "distance_m": 1004.1,
        "trips": 70.611
      }
    },
    {
      "type": "Feature",
      "geometry": {
        "type": "LineString",
        "coordinates": [
          [
            118.67874937777778,
            24.870919544444444
          ],
          [
            118.62414069230769,
            24.88434541538462
          ]
        ]
      },
      "properties": {
        "purpose": "home_to_work",
        "origin_id": "O_00069",
        "destination_id": "D_00204",
        "destination_category": "education",
        "destination_name": "黎明职业大学",
        "origin_pop": 4920.0,
        "destination_jobs": 20180.72,
        "distance_m": 5711.15,
        "trips": 69.2608
      }
    },
    {
      "type": "Feature",
      "geometry": {
        "type": "LineString",
        "coordinates": [
          [
            118.67874937777778,
            24.870919544444444
          ],
          [
            118.629396225,
            24.854245625
          ]
        ]
      },
      "properties": {
        "purpose": "home_to_work",
        "origin_id": "O_00069",
        "destination_id": "D_00962",
        "destination_category": "healthcare",
        "destination_name": "",
        "origin_pop": 4920.0,
        "destination_jobs": 17148.53,
        "distance_m": 5314.64,
        "trips": 67.1705
      }
    },
    {
      "type": "Feature",
      "geometry": {
        "type": "LineString",
        "coordinates": [
          [
            118.674974525,
            24.865453799999997
          ],
          [
            118.66633520434783,
            24.872914973913044
          ]
        ]
      },
      "properties": {
        "purpose": "home_to_work",
        "origin_id": "O_00070",
        "destination_id": "D_00108",
        "destination_category": "education",
        "destination_name": "泉州师范学院",
        "origin_pop": 4815.0,
        "destination_jobs": 49778.48,
        "distance_m": 1200.65,
        "trips": 782.8587
      }
    },
    {
      "type": "Feature",
      "geometry": {
        "type": "LineString",
        "coordinates": [
          [
            118.674974525,
            24.865453799999997
          ],
          [
            118.67346315,
            24.873829045
          ]
        ]
      },
      "properties": {
        "purpose": "home_to_work",
        "origin_id": "O_00070",
        "destination_id": "D_00662",
        "destination_category": "commercial_office",
        "destination_name": "",
        "origin_pop": 4815.0,
        "destination_jobs": 41918.35,
        "distance_m": 938.3,
        "trips": 719.4912
      }
    },
    {
      "type": "Feature",
      "geometry": {
        "type": "LineString",
        "coordinates": [
          [
            118.674974525,
            24.865453799999997
          ],
          [
            118.65362735,
            24.87613105
          ]
        ]
      },
      "properties": {
        "purpose": "home_to_work",
        "origin_id": "O_00070",
        "destination_id": "D_00114",
        "destination_category": "healthcare",
        "destination_name": "福建医科大学附属第二医院东海分院",
        "origin_pop": 4815.0,
        "destination_jobs": 11347.32,
        "distance_m": 2457.9,
        "trips": 117.3627
      }
    },
    {
      "type": "Feature",
      "geometry": {
        "type": "LineString",
        "coordinates": [
          [
            118.674974525,
            24.865453799999997
          ],
          [
            118.65411906363637,
            24.87995060909091
          ]
        ]
      },
      "properties": {
        "purpose": "home_to_work",
        "origin_id": "O_00070",
        "destination_id": "D_00113",
        "destination_category": "education",
        "destination_name": "泉州幼儿师范高等专科学校",
        "origin_pop": 4815.0,
        "destination_jobs": 12051.56,
        "distance_m": 2646.58,
        "trips": 117.0485
      }
    },
    {
      "type": "Feature",
      "geometry": {
        "type": "LineString",
        "coordinates": [
          [
            118.674974525,
            24.865453799999997
          ],
          [
            118.67587649,
            24.876231490000002
          ]
        ]
      },
      "properties": {
        "purpose": "home_to_work",
        "origin_id": "O_00070",
        "destination_id": "D_00185",
        "destination_category": "education",
        "destination_name": "福建省泉州第一中学（东海校区）",
        "origin_pop": 4815.0,
        "destination_jobs": 5273.13,
        "distance_m": 1194.84,
        "trips": 83.0905
      }
    },
    {
      "type": "Feature",
      "geometry": {
        "type": "LineString",
        "coordinates": [
          [
            118.674974525,
            24.865453799999997
          ],
          [
            118.629396225,
            24.854245625
          ]
        ]
      },
      "properties": {
        "purpose": "home_to_work",
        "origin_id": "O_00070",
        "destination_id": "D_00962",
        "destination_category": "healthcare",
        "destination_name": "",
        "origin_pop": 4815.0,
        "destination_jobs": 17148.53,
        "distance_m": 4767.44,
        "trips": 82.1342
      }
    },
    {
      "type": "Feature",
      "geometry": {
        "type": "LineString",
        "coordinates": [
          [
            118.674974525,
            24.865453799999997
          ],
          [
            118.62414069230769,
            24.88434541538462
          ]
        ]
      },
      "properties": {
        "purpose": "home_to_work",
        "origin_id": "O_00070",
        "destination_id": "D_00204",
        "destination_category": "education",
        "destination_name": "黎明职业大学",
        "origin_pop": 4815.0,
        "destination_jobs": 20180.72,
        "distance_m": 5542.32,
        "trips": 74.6549
      }
    },
    {
      "type": "Feature",
      "geometry": {
        "type": "LineString",
        "coordinates": [
          [
            118.674974525,
            24.865453799999997
          ],
          [
            118.6744636,
            24.88483345
          ]
        ]
      },
      "properties": {
        "purpose": "home_to_work",
        "origin_id": "O_00070",
        "destination_id": "D_00214",
        "destination_category": "commercial_office",
        "destination_name": "",
        "origin_pop": 4815.0,
        "destination_jobs": 5716.57,
        "distance_m": 2142.85,
        "trips": 65.6721
      }
    },
    {
      "type": "Feature",
      "geometry": {
        "type": "LineString",
        "coordinates": [
          [
            118.674974525,
            24.865453799999997
          ],
          [
            118.671360425,
            24.876997175
          ]
        ]
      },
      "properties": {
        "purpose": "home_to_work",
        "origin_id": "O_00070",
        "destination_id": "D_00056",
        "destination_category": "commercial_office",
        "destination_name": "泉州市人民政府",
        "origin_pop": 4815.0,
        "destination_jobs": 4284.56,
        "distance_m": 1327.18,
        "trips": 64.5997
      }
    },
    {
      "type": "Feature",
      "geometry": {
        "type": "LineString",
        "coordinates": [
          [
            118.674974525,
            24.865453799999997
          ],
          [
            118.683299068,
            24.881939132000003
          ]
        ]
      },
      "properties": {
        "purpose": "home_to_work",
        "origin_id": "O_00070",
        "destination_id": "D_00115",
        "destination_category": "industry",
        "destination_name": "后渚港",
        "origin_pop": 4815.0,
        "destination_jobs": 4977.88,
        "distance_m": 2006.88,
        "trips": 59.8375
      }
    },
    {
      "type": "Feature",
      "geometry": {
        "type": "LineString",
        "coordinates": [
          [
            118.674832975,
            24.86468975
          ],
          [
            118.66633520434783,
            24.872914973913044
          ]
        ]
      },
      "properties": {
        "purpose": "home_to_work",
        "origin_id": "O_00071",
        "destination_id": "D_00108",
        "destination_category": "education",
        "destination_name": "泉州师范学院",
        "origin_pop": 4849.0,
        "destination_jobs": 49778.48,
        "distance_m": 1250.31,
        "trips": 790.6876
      }
    },
    {
      "type": "Feature",
      "geometry": {
        "type": "LineString",
        "coordinates": [
          [
            118.674832975,
            24.86468975
          ],
          [
            118.67346315,
            24.873829045
          ]
        ]
      },
      "properties": {
        "purpose": "home_to_work",
        "origin_id": "O_00071",
        "destination_id": "D_00662",
        "destination_category": "commercial_office",
        "destination_name": "",
        "origin_pop": 4849.0,
        "destination_jobs": 41918.35,
        "distance_m": 1019.69,
        "trips": 719.041
      }
    },
    {
      "type": "Feature",
      "geometry": {
        "type": "LineString",
        "coordinates": [
          [
            118.674832975,
            24.86468975
          ],
          [
            118.65362735,
            24.87613105
          ]
        ]
      },
      "properties": {
        "purpose": "home_to_work",
        "origin_id": "O_00071",
        "destination_id": "D_00114",
        "destination_category": "healthcare",
        "destination_name": "福建医科大学附属第二医院东海分院",
        "origin_pop": 4849.0,
        "destination_jobs": 11347.32,
        "distance_m": 2487.24,
        "trips": 119.3419
      }
    },
    {
      "type": "Feature",
      "geometry": {
        "type": "LineString",
        "coordinates": [
          [
            118.674832975,
            24.86468975
          ],
          [
            118.65411906363637,
            24.87995060909091
          ]
        ]
      },
      "properties": {
        "purpose": "home_to_work",
        "origin_id": "O_00071",
        "destination_id": "D_00113",
        "destination_category": "education",
        "destination_name": "泉州幼儿师范高等专科学校",
        "origin_pop": 4849.0,
        "destination_jobs": 12051.56,
        "distance_m": 2687.42,
        "trips": 118.5671
      }
    },
    {
      "type": "Feature",
      "geometry": {
        "type": "LineString",
        "coordinates": [
          [
            118.674832975,
            24.86468975
          ],
          [
            118.629396225,
            24.854245625
          ]
        ]
      },
      "properties": {
        "purpose": "home_to_work",
        "origin_id": "O_00071",
        "destination_id": "D_00962",
        "destination_category": "healthcare",
        "destination_name": "",
        "origin_pop": 4849.0,
        "destination_jobs": 17148.53,
        "distance_m": 4732.34,
        "trips": 85.3327
      }
    },
    {
      "type": "Feature",
      "geometry": {
        "type": "LineString",
        "coordinates": [
          [
            118.674832975,
            24.86468975
          ],
          [
            118.67587649,
            24.876231490000002
          ]
        ]
      },
      "properties": {
        "purpose": "home_to_work",
        "origin_id": "O_00071",
        "destination_id": "D_00185",
        "destination_category": "education",
        "destination_name": "福建省泉州第一中学（东海校区）",
        "origin_pop": 4849.0,
        "destination_jobs": 5273.13,
        "distance_m": 1280.17,
        "trips": 82.9295
      }
    },
    {
      "type": "Feature",
      "geometry": {
        "type": "LineString",
        "coordinates": [
          [
            118.674832975,
            24.86468975
          ],
          [
            118.62414069230769,
            24.88434541538462
          ]
        ]
      },
      "properties": {
        "purpose": "home_to_work",
        "origin_id": "O_00071",
        "destination_id": "D_00204",
        "destination_category": "education",
        "destination_name": "黎明职业大学",
        "origin_pop": 4849.0,
        "destination_jobs": 20180.72,
        "distance_m": 5561.54,
        "trips": 76.1703
      }
    },
    {
      "type": "Feature",
      "geometry": {
        "type": "LineString",
        "coordinates": [
          [
            118.674832975,
            24.86468975
          ],
          [
            118.6744636,
            24.88483345
          ]
        ]
      },
      "properties": {
        "purpose": "home_to_work",
        "origin_id": "O_00071",
        "destination_id": "D_00214",
        "destination_category": "commercial_office",
        "destination_name": "",
        "origin_pop": 4849.0,
        "destination_jobs": 5716.57,
        "distance_m": 2227.0,
        "trips": 65.5706
      }
    },
    {
      "type": "Feature",
      "geometry": {
        "type": "LineString",
        "coordinates": [
          [
            118.674832975,
            24.86468975
          ],
          [
            118.671360425,
            24.876997175
          ]
        ]
      },
      "properties": {
        "purpose": "home_to_work",
        "origin_id": "O_00071",
        "destination_id": "D_00056",
        "destination_category": "commercial_office",
        "destination_name": "泉州市人民政府",
        "origin_pop": 4849.0,
        "destination_jobs": 4284.56,
        "distance_m": 1404.94,
        "trips": 64.6374
      }
    },
    {
      "type": "Feature",
      "geometry": {
        "type": "LineString",
        "coordinates": [
          [
            118.674832975,
            24.86468975
          ],
          [
            118.683299068,
            24.881939132000003
          ]
        ]
      },
      "properties": {
        "purpose": "home_to_work",
        "origin_id": "O_00071",
        "destination_id": "D_00115",
        "destination_category": "industry",
        "destination_name": "后渚港",
        "origin_pop": 4849.0,
        "destination_jobs": 4977.88,
        "distance_m": 2089.68,
        "trips": 59.7719
      }
    },
    {
      "type": "Feature",
      "geometry": {
        "type": "LineString",
        "coordinates": [
          [
            118.6737757,
            24.8654315
          ],
          [
            118.66633520434783,
            24.872914973913044
          ]
        ]
      },
      "properties": {
        "purpose": "home_to_work",
        "origin_id": "O_00072",
        "destination_id": "D_00108",
        "destination_category": "education",
        "destination_name": "泉州师范学院",
        "origin_pop": 4827.0,
        "destination_jobs": 49778.48,
        "distance_m": 1117.59,
        "trips": 793.2542
      }
    },
    {
      "type": "Feature",
      "geometry": {
        "type": "LineString",
        "coordinates": [
          [
            118.6737757,
            24.8654315
          ],
          [
            118.67346315,
            24.873829045
          ]
        ]
      },
      "properties": {
        "purpose": "home_to_work",
        "origin_id": "O_00072",
        "destination_id": "D_00662",
        "destination_category": "commercial_office",
        "destination_name": "",
        "origin_pop": 4827.0,
        "destination_jobs": 41918.35,
        "distance_m": 928.8,
        "trips": 711.3851
      }
    },
    {
      "type": "Feature",
      "geometry": {
        "type": "LineString",
        "coordinates": [
          [
            118.6737757,
            24.8654315
          ],
          [
            118.65362735,
            24.87613105
          ]
        ]
      },
      "properties": {
        "purpose": "home_to_work",
        "origin_id": "O_00072",
        "destination_id": "D_00114",
        "destination_category": "healthcare",
        "destination_name": "福建医科大学附属第二医院东海分院",
        "origin_pop": 4827.0,
        "destination_jobs": 11347.32,
        "distance_m": 2353.65,
        "trips": 119.7638
      }
    },
    {
      "type": "Feature",
      "geometry": {
        "type": "LineString",
        "coordinates": [
          [
            118.6737757,
            24.8654315
          ],
          [
            118.65411906363637,
            24.87995060909091
          ]
        ]
      },
      "properties": {
        "purpose": "home_to_work",
        "origin_id": "O_00072",
        "destination_id": "D_00113",
        "destination_category": "education",
        "destination_name": "泉州幼儿师范高等专科学校",
        "origin_pop": 4827.0,
        "destination_jobs": 12051.56,
        "distance_m": 2552.82,
        "trips": 119.0262
      }
    },
    {
      "type": "Feature",
      "geometry": {
        "type": "LineString",
        "coordinates": [
          [
            118.6737757,
            24.8654315
          ],
          [
            118.629396225,
            24.854245625
          ]
        ]
      },
      "properties": {
        "purpose": "home_to_work",
        "origin_id": "O_00072",
        "destination_id": "D_00962",
        "destination_category": "healthcare",
        "destination_name": "",
        "origin_pop": 4827.0,
        "destination_jobs": 17148.53,
        "distance_m": 4649.96,
        "trips": 84.185
      }
    },
    {
      "type": "Feature",
      "geometry": {
        "type": "LineString",
        "coordinates": [
          [
            118.6737757,
            24.8654315
          ],
          [
            118.67587649,
            24.876231490000002
          ]
        ]
      },
      "properties": {
        "purpose": "home_to_work",
        "origin_id": "O_00072",
        "destination_id": "D_00185",
        "destination_category": "education",
        "destination_name": "福建省泉州第一中学（东海校区）",
        "origin_pop": 4827.0,
        "destination_jobs": 5273.13,
        "distance_m": 1212.54,
        "trips": 81.4131
      }
    },
    {
      "type": "Feature",
      "geometry": {
        "type": "LineString",
        "coordinates": [
          [
            118.6737757,
            24.8654315
          ],
          [
            118.62414069230769,
            24.88434541538462
          ]
        ]
      },
      "properties": {
        "purpose": "home_to_work",
        "origin_id": "O_00072",
        "destination_id": "D_00204",
        "destination_category": "education",
        "destination_name": "黎明职业大学",
        "origin_pop": 4827.0,
        "destination_jobs": 20180.72,
        "distance_m": 5431.31,
        "trips": 76.3542
      }
    },
    {
      "type": "Feature",
      "geometry": {
        "type": "LineString",
        "coordinates": [
          [
            118.6737757,
            24.8654315
          ],
          [
            118.6744636,
            24.88483345
          ]
        ]
      },
      "properties": {
        "purpose": "home_to_work",
        "origin_id": "O_00072",
        "destination_id": "D_00214",
        "destination_category": "commercial_office",
        "destination_name": "",
        "origin_pop": 4827.0,
        "destination_jobs": 5716.57,
        "distance_m": 2145.82,
        "trips": 64.6629
      }
    },
    {
      "type": "Feature",
      "geometry": {
        "type": "LineString",
        "coordinates": [
          [
            118.6737757,
            24.8654315
          ],
          [
            118.671360425,
            24.876997175
          ]
        ]
      },
      "properties": {
        "purpose": "home_to_work",
        "origin_id": "O_00072",
        "destination_id": "D_00056",
        "destination_category": "commercial_office",
        "destination_name": "泉州市人民政府",
        "origin_pop": 4827.0,
        "destination_jobs": 4284.56,
        "distance_m": 1301.53,
        "trips": 64.2167
      }
    },
    {
      "type": "Feature",
      "geometry": {
        "type": "LineString",
        "coordinates": [
          [
            118.6737757,
            24.8654315
          ],
          [
            118.683299068,
            24.881939132000003
          ]
        ]
      },
      "properties": {
        "purpose": "home_to_work",
        "origin_id": "O_00072",
        "destination_id": "D_00115",
        "destination_category": "industry",
        "destination_name": "后渚港",
        "origin_pop": 4827.0,
        "destination_jobs": 4977.88,
        "distance_m": 2062.71,
        "trips": 57.8888
      }
    },
    {
      "type": "Feature",
      "geometry": {
        "type": "LineString",
        "coordinates": [
          [
            118.674067175,
            24.86498135
          ],
          [
            118.66633520434783,
            24.872914973913044
          ]
        ]
      },
      "properties": {
        "purpose": "home_to_work",
        "origin_id": "O_00073",
        "destination_id": "D_00108",
        "destination_category": "education",
        "destination_name": "泉州师范学院",
        "origin_pop": 4824.0,
        "destination_jobs": 49778.48,
        "distance_m": 1174.27,
        "trips": 791.2569
      }
    },
    {
      "type": "Feature",
      "geometry": {
        "type": "LineString",
        "coordinates": [
          [
            118.674067175,
            24.86498135
          ],
          [
            118.67346315,
            24.873829045
          ]
        ]
      },
      "properties": {
        "purpose": "home_to_work",
        "origin_id": "O_00073",
        "destination_id": "D_00662",
        "destination_category": "commercial_office",
        "destination_name": "",
        "origin_pop": 4824.0,
        "destination_jobs": 41918.35,
        "distance_m": 979.92,
        "trips": 710.9105
      }
    },
    {
      "type": "Feature",
      "geometry": {
        "type": "LineString",
        "coordinates": [
          [
            118.674067175,
            24.86498135
          ],
          [
            118.65362735,
            24.87613105
          ]
        ]
      },
      "properties": {
        "purpose": "home_to_work",
        "origin_id": "O_00073",
        "destination_id": "D_00114",
        "destination_category": "healthcare",
        "destination_name": "福建医科大学附属第二医院东海分院",
        "origin_pop": 4824.0,
        "destination_jobs": 11347.32,
        "distance_m": 2404.28,
        "trips": 119.7038
      }
    },
    {
      "type": "Feature",
      "geometry": {
        "type": "LineString",
        "coordinates": [
          [
            118.674067175,
            24.86498135
          ],
          [
            118.65411906363637,
            24.87995060909091
          ]
        ]
      },
      "properties": {
        "purpose": "home_to_work",
        "origin_id": "O_00073",
        "destination_id": "D_00113",
        "destination_category": "education",
        "destination_name": "泉州幼儿师范高等专科学校",
        "origin_pop": 4824.0,
        "destination_jobs": 12051.56,
        "distance_m": 2607.08,
        "trips": 118.8226
      }
    },
    {
      "type": "Feature",
      "geometry": {
        "type": "LineString",
        "coordinates": [
          [
            118.674067175,
            24.86498135
          ],
          [
            118.629396225,
            24.854245625
          ]
        ]
      },
      "properties": {
        "purpose": "home_to_work",
        "origin_id": "O_00073",
        "destination_id": "D_00962",
        "destination_category": "healthcare",
        "destination_name": "",
        "origin_pop": 4824.0,
        "destination_jobs": 17148.53,
        "distance_m": 4665.45,
        "trips": 85.1341
      }
    },
    {
      "type": "Feature",
      "geometry": {
        "type": "LineString",
        "coordinates": [
          [
            118.674067175,
            24.86498135
          ],
          [
            118.67587649,
            24.876231490000002
          ]
        ]
      },
      "properties": {
        "purpose": "home_to_work",
        "origin_id": "O_00073",
        "destination_id": "D_00185",
        "destination_category": "education",
        "destination_name": "福建省泉州第一中学（东海校区）",
        "origin_pop": 4824.0,
        "destination_jobs": 5273.13,
        "distance_m": 1256.94,
        "trips": 81.5411
      }
    },
    {
      "type": "Feature",
      "geometry": {
        "type": "LineString",
        "coordinates": [
          [
            118.674067175,
            24.86498135
          ],
          [
            118.62414069230769,
            24.88434541538462
          ]
        ]
      },
      "properties": {
        "purpose": "home_to_work",
        "origin_id": "O_00073",
        "destination_id": "D_00204",
        "destination_category": "education",
        "destination_name": "黎明职业大学",
        "origin_pop": 4824.0,
        "destination_jobs": 20180.72,
        "distance_m": 5477.75,
        "trips": 76.4224
      }
    },
    {
      "type": "Feature",
      "geometry": {
        "type": "LineString",
        "coordinates": [
          [
            118.674067175,
            24.86498135
          ],
          [
            118.6744636,
            24.88483345
          ]
        ]
      },
      "properties": {
        "purpose": "home_to_work",
        "origin_id": "O_00073",
        "destination_id": "D_00214",
        "destination_category": "commercial_office",
        "destination_name": "",
        "origin_pop": 4824.0,
        "destination_jobs": 5716.57,
        "distance_m": 2194.82,
        "trips": 64.6656
      }
    },
    {
      "type": "Feature",
      "geometry": {
        "type": "LineString",
        "coordinates": [
          [
            118.674067175,
            24.86498135
          ],
          [
            118.671360425,
            24.876997175
          ]
        ]
      },
      "properties": {
        "purpose": "home_to_work",
        "origin_id": "O_00073",
        "destination_id": "D_00056",
        "destination_category": "commercial_office",
        "destination_name": "泉州市人民政府",
        "origin_pop": 4824.0,
        "destination_jobs": 4284.56,
        "distance_m": 1356.07,
        "trips": 64.1009
      }
    },
    {
      "type": "Feature",
      "geometry": {
        "type": "LineString",
        "coordinates": [
          [
            118.674067175,
            24.86498135
          ],
          [
            118.683299068,
            24.881939132000003
          ]
        ]
      },
      "properties": {
        "purpose": "home_to_work",
        "origin_id": "O_00073",
        "destination_id": "D_00115",
        "destination_category": "industry",
        "destination_name": "后渚港",
        "origin_pop": 4824.0,
        "destination_jobs": 4977.88,
        "distance_m": 2093.59,
        "trips": 58.242
      }
    },
    {
      "type": "Feature",
      "geometry": {
        "type": "LineString",
        "coordinates": [
          [
            118.67966147777777,
            24.870842544444443
          ],
          [
            118.67346315,
            24.873829045
          ]
        ]
      },
      "properties": {
        "purpose": "home_to_work",
        "origin_id": "O_00074",
        "destination_id": "D_00662",
        "destination_category": "commercial_office",
        "destination_name": "",
        "origin_pop": 4850.0,
        "destination_jobs": 41918.35,
        "distance_m": 707.71,
        "trips": 772.2417
      }
    },
    {
      "type": "Feature",
      "geometry": {
        "type": "LineString",
        "coordinates": [
          [
            118.67966147777777,
            24.870842544444443
          ],
          [
            118.66633520434783,
            24.872914973913044
          ]
        ]
      },
      "properties": {
        "purpose": "home_to_work",
        "origin_id": "O_00074",
        "destination_id": "D_00108",
        "destination_category": "education",
        "destination_name": "泉州师范学院",
        "origin_pop": 4850.0,
        "destination_jobs": 49778.48,
        "distance_m": 1365.25,
        "trips": 736.5516
      }
    },
    {
      "type": "Feature",
      "geometry": {
        "type": "LineString",
        "coordinates": [
          [
            118.67966147777777,
            24.870842544444443
          ],
          [
            118.65411906363637,
            24.87995060909091
          ]
        ]
      },
      "properties": {
        "purpose": "home_to_work",
        "origin_id": "O_00074",
        "destination_id": "D_00113",
        "destination_category": "education",
        "destination_name": "泉州幼儿师范高等专科学校",
        "origin_pop": 4850.0,
        "destination_jobs": 12051.56,
        "distance_m": 2769.1,
        "trips": 111.6801
      }
    },
    {
      "type": "Feature",
      "geometry": {
        "type": "LineString",
        "coordinates": [
          [
            118.67966147777777,
            24.870842544444443
          ],
          [
            118.65362735,
            24.87613105
          ]
        ]
      },
      "properties": {
        "purpose": "home_to_work",
        "origin_id": "O_00074",
        "destination_id": "D_00114",
        "destination_category": "healthcare",
        "destination_name": "福建医科大学附属第二医院东海分院",
        "origin_pop": 4850.0,
        "destination_jobs": 11347.32,
        "distance_m": 2693.49,
        "trips": 107.838
      }
    },
    {
      "type": "Feature",
      "geometry": {
        "type": "LineString",
        "coordinates": [
          [
            118.67966147777777,
            24.870842544444443
          ],
          [
            118.67587649,
            24.876231490000002
          ]
        ]
      },
      "properties": {
        "purpose": "home_to_work",
        "origin_id": "O_00074",
        "destination_id": "D_00185",
        "destination_category": "education",
        "destination_name": "福建省泉州第一中学（东海校区）",
        "origin_pop": 4850.0,
        "destination_jobs": 5273.13,
        "distance_m": 707.8,
        "trips": 97.1417
      }
    },
    {
      "type": "Feature",
      "geometry": {
        "type": "LineString",
        "coordinates": [
          [
            118.67966147777777,
            24.870842544444443
          ],
          [
            118.6744636,
            24.88483345
          ]
        ]
      },
      "properties": {
        "purpose": "home_to_work",
        "origin_id": "O_00074",
        "destination_id": "D_00214",
        "destination_category": "commercial_office",
        "destination_name": "",
        "origin_pop": 4850.0,
        "destination_jobs": 5716.57,
        "distance_m": 1633.21,
        "trips": 77.358
      }
    },
    {
      "type": "Feature",
      "geometry": {
        "type": "LineString",
        "coordinates": [
          [
            118.67966147777777,
            24.870842544444443
          ],
          [
            118.683299068,
            24.881939132000003
          ]
        ]
      },
      "properties": {
        "purpose": "home_to_work",
        "origin_id": "O_00074",
        "destination_id": "D_00115",
        "destination_category": "industry",
        "destination_name": "后渚港",
        "origin_pop": 4850.0,
        "destination_jobs": 4977.88,
        "distance_m": 1280.45,
        "trips": 75.7673
      }
    },
    {
      "type": "Feature",
      "geometry": {
        "type": "LineString",
        "coordinates": [
          [
            118.67966147777777,
            24.870842544444443
          ],
          [
            118.671360425,
            24.876997175
          ]
        ]
      },
      "properties": {
        "purpose": "home_to_work",
        "origin_id": "O_00074",
        "destination_id": "D_00056",
        "destination_category": "commercial_office",
        "destination_name": "泉州市人民政府",
        "origin_pop": 4850.0,
        "destination_jobs": 4284.56,
        "distance_m": 1079.67,
        "trips": 69.7283
      }
    },
    {
      "type": "Feature",
      "geometry": {
        "type": "LineString",
        "coordinates": [
          [
            118.67966147777777,
            24.870842544444443
          ],
          [
            118.62414069230769,
            24.88434541538462
          ]
        ]
      },
      "properties": {
        "purpose": "home_to_work",
        "origin_id": "O_00074",
        "destination_id": "D_00204",
        "destination_category": "education",
        "destination_name": "黎明职业大学",
        "origin_pop": 4850.0,
        "destination_jobs": 20180.72,
        "distance_m": 5802.34,
        "trips": 68.0399
      }
    },
    {
      "type": "Feature",
      "geometry": {
        "type": "LineString",
        "coordinates": [
          [
            118.67966147777777,
            24.870842544444443
          ],
          [
            118.629396225,
            24.854245625
          ]
        ]
      },
      "properties": {
        "purpose": "home_to_work",
        "origin_id": "O_00074",
        "destination_id": "D_00962",
        "destination_category": "healthcare",
        "destination_name": "",
        "origin_pop": 4850.0,
        "destination_jobs": 17148.53,
        "distance_m": 5398.25,
        "trips": 66.1534
      }
    },
    {
      "type": "Feature",
      "geometry": {
        "type": "LineString",
        "coordinates": [
          [
            118.67659065000001,
            24.86236615
          ],
          [
            118.66633520434783,
            24.872914973913044
          ]
        ]
      },
      "properties": {
        "purpose": "home_to_work",
        "origin_id": "O_00075",
        "destination_id": "D_00108",
        "destination_category": "education",
        "destination_name": "泉州师范学院",
        "origin_pop": 4853.0,
        "destination_jobs": 49778.48,
        "distance_m": 1559.67,
        "trips": 784.5097
      }
    },
    {
      "type": "Feature",
      "geometry": {
        "type": "LineString",
        "coordinates": [
          [
            118.67659065000001,
            24.86236615
          ],
          [
            118.67346315,
            24.873829045
          ]
        ]
      },
      "properties": {
        "purpose": "home_to_work",
        "origin_id": "O_00075",
        "destination_id": "D_00662",
        "destination_category": "commercial_office",
        "destination_name": "",
        "origin_pop": 4853.0,
        "destination_jobs": 41918.35,
        "distance_m": 1305.89,
        "trips": 718.9514
      }
    },
    {
      "type": "Feature",
      "geometry": {
        "type": "LineString",
        "coordinates": [
          [
            118.67659065000001,
            24.86236615
          ],
          [
            118.65362735,
            24.87613105
          ]
        ]
      },
      "properties": {
        "purpose": "home_to_work",
        "origin_id": "O_00075",
        "destination_id": "D_00114",
        "destination_category": "healthcare",
        "destination_name": "福建医科大学附属第二医院东海分院",
        "origin_pop": 4853.0,
        "destination_jobs": 11347.32,
        "distance_m": 2773.81,
        "trips": 119.3123
      }
    },
    {
      "type": "Feature",
      "geometry": {
        "type": "LineString",
        "coordinates": [
          [
            118.67659065000001,
            24.86236615
          ],
          [
            118.65411906363637,
            24.87995060909091
          ]
        ]
      },
      "properties": {
        "purpose": "home_to_work",
        "origin_id": "O_00075",
        "destination_id": "D_00113",
        "destination_category": "education",
        "destination_name": "泉州幼儿师范高等专科学校",
        "origin_pop": 4853.0,
        "destination_jobs": 12051.56,
        "distance_m": 2988.16,
        "trips": 117.979
      }
    },
    {
      "type": "Feature",
      "geometry": {
        "type": "LineString",
        "coordinates": [
          [
            118.67659065000001,
            24.86236615
          ],
          [
            118.629396225,
            24.854245625
          ]
        ]
      },
      "properties": {
        "purpose": "home_to_work",
        "origin_id": "O_00075",
        "destination_id": "D_00962",
        "destination_category": "healthcare",
        "destination_name": "",
        "origin_pop": 4853.0,
        "destination_jobs": 17148.53,
        "distance_m": 4850.71,
        "trips": 90.2312
      }
    },
    {
      "type": "Feature",
      "geometry": {
        "type": "LineString",
        "coordinates": [
          [
            118.67659065000001,
            24.86236615
          ],
          [
            118.67587649,
            24.876231490000002
          ]
        ]
      },
      "properties": {
        "purpose": "home_to_work",
        "origin_id": "O_00075",
        "destination_id": "D_00185",
        "destination_category": "education",
        "destination_name": "福建省泉州第一中学（东海校区）",
        "origin_pop": 4853.0,
        "destination_jobs": 5273.13,
        "distance_m": 1534.37,
        "trips": 83.8084
      }
    },
    {
      "type": "Feature",
      "geometry": {
        "type": "LineString",
        "coordinates": [
          [
            118.67659065000001,
            24.86236615
          ],
          [
            118.62414069230769,
            24.88434541538462
          ]
        ]
      },
      "properties": {
        "purpose": "home_to_work",
        "origin_id": "O_00075",
        "destination_id": "D_00204",
        "destination_category": "education",
        "destination_name": "黎明职业大学",
        "origin_pop": 4853.0,
        "destination_jobs": 20180.72,
        "distance_m": 5827.73,
        "trips": 76.6704
      }
    },
    {
      "type": "Feature",
      "geometry": {
        "type": "LineString",
        "coordinates": [
          [
            118.67659065000001,
            24.86236615
          ],
          [
            118.6744636,
            24.88483345
          ]
        ]
      },
      "properties": {
        "purpose": "home_to_work",
        "origin_id": "O_00075",
        "destination_id": "D_00214",
        "destination_category": "commercial_office",
        "destination_name": "",
        "origin_pop": 4853.0,
        "destination_jobs": 5716.57,
        "distance_m": 2492.81,
        "trips": 66.0095
      }
    },
    {
      "type": "Feature",
      "geometry": {
        "type": "LineString",
        "coordinates": [
          [
            118.67659065000001,
            24.86236615
          ],
          [
            118.671360425,
            24.876997175
          ]
        ]
      },
      "properties": {
        "purpose": "home_to_work",
        "origin_id": "O_00075",
        "destination_id": "D_00056",
        "destination_category": "commercial_office",
        "destination_name": "泉州市人民政府",
        "origin_pop": 4853.0,
        "destination_jobs": 4284.56,
        "distance_m": 1701.39,
        "trips": 64.4089
      }
    },
    {
      "type": "Feature",
      "geometry": {
        "type": "LineString",
        "coordinates": [
          [
            118.67659065000001,
            24.86236615
          ],
          [
            118.683299068,
            24.881939132000003
          ]
        ]
      },
      "properties": {
        "purpose": "home_to_work",
        "origin_id": "O_00075",
        "destination_id": "D_00115",
        "destination_category": "industry",
        "destination_name": "后渚港",
        "origin_pop": 4853.0,
        "destination_jobs": 4977.88,
        "distance_m": 2267.2,
        "trips": 61.9692
      }
    },
    {
      "type": "Feature",
      "geometry": {
        "type": "LineString",
        "coordinates": [
          [
            118.675993725,
            24.863331175
          ],
          [
            118.66633520434783,
            24.872914973913044
          ]
        ]
      },
      "properties": {
        "purpose": "home_to_work",
        "origin_id": "O_00076",
        "destination_id": "D_00108",
        "destination_category": "education",
        "destination_name": "泉州师范学院",
        "origin_pop": 4816.0,
        "destination_jobs": 49778.48,
        "distance_m": 1440.1,
        "trips": 780.4232
      }
    },
    {
      "type": "Feature",
      "geometry": {
        "type": "LineString",
        "coordinates": [
          [
            118.675993725,
            24.863331175
          ],
          [
            118.67346315,
            24.873829045
          ]
        ]
      },
      "properties": {
        "purpose": "home_to_work",
        "origin_id": "O_00076",
        "destination_id": "D_00662",
        "destination_category": "commercial_office",
        "destination_name": "",
        "origin_pop": 4816.0,
        "destination_jobs": 41918.35,
        "distance_m": 1188.25,
        "trips": 714.7477
      }
    },
    {
      "type": "Feature",
      "geometry": {
        "type": "LineString",
        "coordinates": [
          [
            118.675993725,
            24.863331175
          ],
          [
            118.65362735,
            24.87613105
          ]
        ]
      },
      "properties": {
        "purpose": "home_to_work",
        "origin_id": "O_00076",
        "destination_id": "D_00114",
        "destination_category": "healthcare",
        "destination_name": "福建医科大学附属第二医院东海分院",
        "origin_pop": 4816.0,
        "destination_jobs": 11347.32,
        "distance_m": 2665.47,
        "trips": 118.2476
      }
    },
    {
      "type": "Feature",
      "geometry": {
        "type": "LineString",
        "coordinates": [
          [
            118.675993725,
            24.863331175
          ],
          [
            118.65411906363637,
            24.87995060909091
          ]
        ]
      },
      "properties": {
        "purpose": "home_to_work",
        "origin_id": "O_00076",
        "destination_id": "D_00113",
        "destination_category": "education",
        "destination_name": "泉州幼儿师范高等专科学校",
        "origin_pop": 4816.0,
        "destination_jobs": 12051.56,
        "distance_m": 2873.28,
        "trips": 117.1814
      }
    },
    {
      "type": "Feature",
      "geometry": {
        "type": "LineString",
        "coordinates": [
          [
            118.675993725,
            24.863331175
          ],
          [
            118.629396225,
            24.854245625
          ]
        ]
      },
      "properties": {
        "purpose": "home_to_work",
        "origin_id": "O_00076",
        "destination_id": "D_00962",
        "destination_category": "healthcare",
        "destination_name": "",
        "origin_pop": 4816.0,
        "destination_jobs": 17148.53,
        "distance_m": 4812.58,
        "trips": 87.3574
      }
    },
    {
      "type": "Feature",
      "geometry": {
        "type": "LineString",
        "coordinates": [
          [
            118.675993725,
            24.863331175
          ],
          [
            118.67587649,
            24.876231490000002
          ]
        ]
      },
      "properties": {
        "purpose": "home_to_work",
        "origin_id": "O_00076",
        "destination_id": "D_00185",
        "destination_category": "education",
        "destination_name": "福建省泉州第一中学（东海校区）",
        "origin_pop": 4816.0,
        "destination_jobs": 5273.13,
        "distance_m": 1426.05,
        "trips": 83.06
      }
    },
    {
      "type": "Feature",
      "geometry": {
        "type": "LineString",
        "coordinates": [
          [
            118.675993725,
            24.863331175
          ],
          [
            118.62414069230769,
            24.88434541538462
          ]
        ]
      },
      "properties": {
        "purpose": "home_to_work",
        "origin_id": "O_00076",
        "destination_id": "D_00204",
        "destination_category": "education",
        "destination_name": "黎明职业大学",
        "origin_pop": 4816.0,
        "destination_jobs": 20180.72,
        "distance_m": 5728.89,
        "trips": 75.7459
      }
    },
    {
      "type": "Feature",
      "geometry": {
        "type": "LineString",
        "coordinates": [
          [
            118.675993725,
            24.863331175
          ],
          [
            118.6744636,
            24.88483345
          ]
        ]
      },
      "properties": {
        "purpose": "home_to_work",
        "origin_id": "O_00076",
        "destination_id": "D_00214",
        "destination_category": "commercial_office",
        "destination_name": "",
        "origin_pop": 4816.0,
        "destination_jobs": 5716.57,
        "distance_m": 2381.88,
        "trips": 65.4769
      }
    },
    {
      "type": "Feature",
      "geometry": {
        "type": "LineString",
        "coordinates": [
          [
            118.675993725,
            24.863331175
          ],
          [
            118.671360425,
            24.876997175
          ]
        ]
      },
      "properties": {
        "purpose": "home_to_work",
        "origin_id": "O_00076",
        "destination_id": "D_00056",
        "destination_category": "commercial_office",
        "destination_name": "泉州市人民政府",
        "origin_pop": 4816.0,
        "destination_jobs": 4284.56,
        "distance_m": 1581.46,
        "trips": 64.0813
      }
    },
    {
      "type": "Feature",
      "geometry": {
        "type": "LineString",
        "coordinates": [
          [
            118.675993725,
            24.863331175
          ],
          [
            118.683299068,
            24.881939132000003
          ]
        ]
      },
      "properties": {
        "purpose": "home_to_work",
        "origin_id": "O_00076",
        "destination_id": "D_00115",
        "destination_category": "industry",
        "destination_name": "后渚港",
        "origin_pop": 4816.0,
        "destination_jobs": 4977.88,
        "distance_m": 2185.24,
        "trips": 60.8784
      }
    },
    {
      "type": "Feature",
      "geometry": {
        "type": "LineString",
        "coordinates": [
          [
            118.675917325,
            24.862652675
          ],
          [
            118.66633520434783,
            24.872914973913044
          ]
        ]
      },
      "properties": {
        "purpose": "home_to_work",
        "origin_id": "O_00077",
        "destination_id": "D_00108",
        "destination_category": "education",
        "destination_name": "泉州师范学院",
        "origin_pop": 4790.0,
        "destination_jobs": 49778.48,
        "distance_m": 1491.12,
        "trips": 777.3202
      }
    },
    {
      "type": "Feature",
      "geometry": {
        "type": "LineString",
        "coordinates": [
          [
            118.675917325,
            24.862652675
          ],
          [
            118.67346315,
            24.873829045
          ]
        ]
      },
      "properties": {
        "purpose": "home_to_work",
        "origin_id": "O_00077",
        "destination_id": "D_00662",
        "destination_category": "commercial_office",
        "destination_name": "",
        "origin_pop": 4790.0,
        "destination_jobs": 41918.35,
        "distance_m": 1260.06,
        "trips": 706.9894
      }
    },
    {
      "type": "Feature",
      "geometry": {
        "type": "LineString",
        "coordinates": [
          [
            118.675917325,
            24.862652675
          ],
          [
            118.65362735,
            24.87613105
          ]
        ]
      },
      "properties": {
        "purpose": "home_to_work",
        "origin_id": "O_00077",
        "destination_id": "D_00114",
        "destination_category": "healthcare",
        "destination_name": "福建医科大学附属第二医院东海分院",
        "origin_pop": 4790.0,
        "destination_jobs": 11347.32,
        "distance_m": 2699.59,
        "trips": 118.4425
      }
    },
    {
      "type": "Feature",
      "geometry": {
        "type": "LineString",
        "coordinates": [
          [
            118.675917325,
            24.862652675
          ],
          [
            118.65411906363637,
            24.87995060909091
          ]
        ]
      },
      "properties": {
        "purpose": "home_to_work",
        "origin_id": "O_00077",
        "destination_id": "D_00113",
        "destination_category": "education",
        "destination_name": "泉州幼儿师范高等专科学校",
        "origin_pop": 4790.0,
        "destination_jobs": 12051.56,
        "distance_m": 2915.97,
        "trips": 117.0397
      }
    },
    {
      "type": "Feature",
      "geometry": {
        "type": "LineString",
        "coordinates": [
          [
            118.675917325,
            24.862652675
          ],
          [
            118.629396225,
            24.854245625
          ]
        ]
      },
      "properties": {
        "purpose": "home_to_work",
        "origin_id": "O_00077",
        "destination_id": "D_00962",
        "destination_category": "healthcare",
        "destination_name": "",
        "origin_pop": 4790.0,
        "destination_jobs": 17148.53,
        "distance_m": 4789.93,
        "trips": 89.1732
      }
    },
    {
      "type": "Feature",
      "geometry": {
        "type": "LineString",
        "coordinates": [
          [
            118.675917325,
            24.862652675
          ],
          [
            118.67587649,
            24.876231490000002
          ]
        ]
      },
      "properties": {
        "purpose": "home_to_work",
        "origin_id": "O_00077",
        "destination_id": "D_00185",
        "destination_category": "education",
        "destination_name": "福建省泉州第一中学（东海校区）",
        "origin_pop": 4790.0,
        "destination_jobs": 5273.13,
        "distance_m": 1501.01,
        "trips": 82.0722
      }
    },
    {
      "type": "Feature",
      "geometry": {
        "type": "LineString",
        "coordinates": [
          [
            118.675917325,
            24.862652675
          ],
          [
            118.62414069230769,
            24.88434541538462
          ]
        ]
      },
      "properties": {
        "purpose": "home_to_work",
        "origin_id": "O_00077",
        "destination_id": "D_00204",
        "destination_category": "education",
        "destination_name": "黎明职业大学",
        "origin_pop": 4790.0,
        "destination_jobs": 20180.72,
        "distance_m": 5752.71,
        "trips": 76.1319
      }
    },
    {
      "type": "Feature",
      "geometry": {
        "type": "LineString",
        "coordinates": [
          [
            118.675917325,
            24.862652675
          ],
          [
            118.6744636,
            24.88483345
          ]
        ]
      },
      "properties": {
        "purpose": "home_to_work",
        "origin_id": "O_00077",
        "destination_id": "D_00214",
        "destination_category": "commercial_office",
        "destination_name": "",
        "origin_pop": 4790.0,
        "destination_jobs": 5716.57,
        "distance_m": 2456.25,
        "trips": 64.7108
      }
    },
    {
      "type": "Feature",
      "geometry": {
        "type": "LineString",
        "coordinates": [
          [
            118.675917325,
            24.862652675
          ],
          [
            118.671360425,
            24.876997175
          ]
        ]
      },
      "properties": {
        "purpose": "home_to_work",
        "origin_id": "O_00077",
        "destination_id": "D_00056",
        "destination_category": "commercial_office",
        "destination_name": "泉州市人民政府",
        "origin_pop": 4790.0,
        "destination_jobs": 4284.56,
        "distance_m": 1651.08,
        "trips": 63.4319
      }
    },
    {
      "type": "Feature",
      "geometry": {
        "type": "LineString",
        "coordinates": [
          [
            118.675917325,
            24.862652675
          ],
          [
            118.683299068,
            24.881939132000003
          ]
        ]
      },
      "properties": {
        "purpose": "home_to_work",
        "origin_id": "O_00077",
        "destination_id": "D_00115",
        "destination_category": "industry",
        "destination_name": "后渚港",
        "origin_pop": 4790.0,
        "destination_jobs": 4977.88,
        "distance_m": 2258.52,
        "trips": 60.1882
      }
    },
    {
      "type": "Feature",
      "geometry": {
        "type": "LineString",
        "coordinates": [
          [
            118.674616125,
            24.8660372
          ],
          [
            118.66633520434783,
            24.872914973913044
          ]
        ]
      },
      "properties": {
        "purpose": "home_to_work",
        "origin_id": "O_00078",
        "destination_id": "D_00108",
        "destination_category": "education",
        "destination_name": "泉州师范学院",
        "origin_pop": 4834.0,
        "destination_jobs": 49778.48,
        "distance_m": 1130.26,
        "trips": 787.1712
      }
    },
    {
      "type": "Feature",
      "geometry": {
        "type": "LineString",
        "coordinates": [
          [
            118.674616125,
            24.8660372
          ],
          [
            118.67346315,
            24.873829045
          ]
        ]
      },
      "properties": {
        "purpose": "home_to_work",
        "origin_id": "O_00078",
        "destination_id": "D_00662",
        "destination_category": "commercial_office",
        "destination_name": "",
        "origin_pop": 4834.0,
        "destination_jobs": 41918.35,
        "distance_m": 869.15,
        "trips": 723.1557
      }
    },
    {
      "type": "Feature",
      "geometry": {
        "type": "LineString",
        "coordinates": [
          [
            118.674616125,
            24.8660372
          ],
          [
            118.65362735,
            24.87613105
          ]
        ]
      },
      "properties": {
        "purpose": "home_to_work",
        "origin_id": "O_00078",
        "destination_id": "D_00114",
        "destination_category": "healthcare",
        "destination_name": "福建医科大学附属第二医院东海分院",
        "origin_pop": 4834.0,
        "destination_jobs": 11347.32,
        "distance_m": 2395.5,
        "trips": 117.6953
      }
    },
    {
      "type": "Feature",
      "geometry": {
        "type": "LineString",
        "coordinates": [
          [
            118.674616125,
            24.8660372
          ],
          [
            118.65411906363637,
            24.87995060909091
          ]
        ]
      },
      "properties": {
        "purpose": "home_to_work",
        "origin_id": "O_00078",
        "destination_id": "D_00113",
        "destination_category": "education",
        "destination_name": "泉州幼儿师范高等专科学校",
        "origin_pop": 4834.0,
        "destination_jobs": 12051.56,
        "distance_m": 2578.89,
        "trips": 117.5873
      }
    },
    {
      "type": "Feature",
      "geometry": {
        "type": "LineString",
        "coordinates": [
          [
            118.674616125,
            24.8660372
          ],
          [
            118.67587649,
            24.876231490000002
          ]
        ]
      },
      "properties": {
        "purpose": "home_to_work",
        "origin_id": "O_00078",
        "destination_id": "D_00185",
        "destination_category": "education",
        "destination_name": "福建省泉州第一中学（东海校区）",
        "origin_pop": 4834.0,
        "destination_jobs": 5273.13,
        "distance_m": 1134.04,
        "trips": 83.2815
      }
    },
    {
      "type": "Feature",
      "geometry": {
        "type": "LineString",
        "coordinates": [
          [
            118.674616125,
            24.8660372
          ],
          [
            118.629396225,
            24.854245625
          ]
        ]
      },
      "properties": {
        "purpose": "home_to_work",
        "origin_id": "O_00078",
        "destination_id": "D_00962",
        "destination_category": "healthcare",
        "destination_name": "",
        "origin_pop": 4834.0,
        "destination_jobs": 17148.53,
        "distance_m": 4749.77,
        "trips": 81.1478
      }
    },
    {
      "type": "Feature",
      "geometry": {
        "type": "LineString",
        "coordinates": [
          [
            118.674616125,
            24.8660372
          ],
          [
            118.62414069230769,
            24.88434541538462
          ]
        ]
      },
      "properties": {
        "purpose": "home_to_work",
        "origin_id": "O_00078",
        "destination_id": "D_00204",
        "destination_category": "education",
        "destination_name": "黎明职业大学",
        "origin_pop": 4834.0,
        "destination_jobs": 20180.72,
        "distance_m": 5484.67,
        "trips": 74.7478
      }
    },
    {
      "type": "Feature",
      "geometry": {
        "type": "LineString",
        "coordinates": [
          [
            118.674616125,
            24.8660372
          ],
          [
            118.6744636,
            24.88483345
          ]
        ]
      },
      "properties": {
        "purpose": "home_to_work",
        "origin_id": "O_00078",
        "destination_id": "D_00214",
        "destination_category": "commercial_office",
        "destination_name": "",
        "origin_pop": 4834.0,
        "destination_jobs": 5716.57,
        "distance_m": 2077.79,
        "trips": 65.9164
      }
    },
    {
      "type": "Feature",
      "geometry": {
        "type": "LineString",
        "coordinates": [
          [
            118.674616125,
            24.8660372
          ],
          [
            118.671360425,
            24.876997175
          ]
        ]
      },
      "properties": {
        "purpose": "home_to_work",
        "origin_id": "O_00078",
        "destination_id": "D_00056",
        "destination_category": "commercial_office",
        "destination_name": "泉州市人民政府",
        "origin_pop": 4834.0,
        "destination_jobs": 4284.56,
        "distance_m": 1255.34,
        "trips": 64.9869
      }
    },
    {
      "type": "Feature",
      "geometry": {
        "type": "LineString",
        "coordinates": [
          [
            118.674616125,
            24.8660372
          ],
          [
            118.683299068,
            24.881939132000003
          ]
        ]
      },
      "properties": {
        "purpose": "home_to_work",
        "origin_id": "O_00078",
        "destination_id": "D_00115",
        "destination_category": "industry",
        "destination_name": "后渚港",
        "origin_pop": 4834.0,
        "destination_jobs": 4977.88,
        "distance_m": 1964.4,
        "trips": 59.61
      }
    },
    {
      "type": "Feature",
      "geometry": {
        "type": "LineString",
        "coordinates": [
          [
            118.67915427777777,
            24.870595344444446
          ],
          [
            118.67346315,
            24.873829045
          ]
        ]
      },
      "properties": {
        "purpose": "home_to_work",
        "origin_id": "O_00079",
        "destination_id": "D_00662",
        "destination_category": "commercial_office",
        "destination_name": "",
        "origin_pop": 4915.0,
        "destination_jobs": 41918.35,
        "distance_m": 676.86,
        "trips": 782.182
      }
    },
    {
      "type": "Feature",
      "geometry": {
        "type": "LineString",
        "coordinates": [
          [
            118.67915427777777,
            24.870595344444446
          ],
          [
            118.66633520434783,
            24.872914973913044
          ]
        ]
      },
      "properties": {
        "purpose": "home_to_work",
        "origin_id": "O_00079",
        "destination_id": "D_00108",
        "destination_category": "education",
        "destination_name": "泉州师范学院",
        "origin_pop": 4915.0,
        "destination_jobs": 49778.48,
        "distance_m": 1319.81,
        "trips": 749.6668
      }
    },
    {
      "type": "Feature",
      "geometry": {
        "type": "LineString",
        "coordinates": [
          [
            118.67915427777777,
            24.870595344444446
          ],
          [
            118.65411906363637,
            24.87995060909091
          ]
        ]
      },
      "properties": {
        "purpose": "home_to_work",
        "origin_id": "O_00079",
        "destination_id": "D_00113",
        "destination_category": "education",
        "destination_name": "泉州幼儿师范高等专科学校",
        "origin_pop": 4915.0,
        "destination_jobs": 12051.56,
        "distance_m": 2731.68,
        "trips": 113.3657
      }
    },
    {
      "type": "Feature",
      "geometry": {
        "type": "LineString",
        "coordinates": [
          [
            118.67915427777777,
            24.870595344444446
          ],
          [
            118.65362735,
            24.87613105
          ]
        ]
      },
      "properties": {
        "purpose": "home_to_work",
        "origin_id": "O_00079",
        "destination_id": "D_00114",
        "destination_category": "healthcare",
        "destination_name": "福建医科大学附属第二医院东海分院",
        "origin_pop": 4915.0,
        "destination_jobs": 11347.32,
        "distance_m": 2649.69,
        "trips": 109.6985
      }
    },
    {
      "type": "Feature",
      "geometry": {
        "type": "LineString",
        "coordinates": [
          [
            118.67915427777777,
            24.870595344444446
          ],
          [
            118.67587649,
            24.876231490000002
          ]
        ]
      },
      "properties": {
        "purpose": "home_to_work",
        "origin_id": "O_00079",
        "destination_id": "D_00185",
        "destination_category": "education",
        "destination_name": "福建省泉州第一中学（东海校区）",
        "origin_pop": 4915.0,
        "destination_jobs": 5273.13,
        "distance_m": 705.51,
        "trips": 97.4597
      }
    },
    {
      "type": "Feature",
      "geometry": {
        "type": "LineString",
        "coordinates": [
          [
            118.67915427777777,
            24.870595344444446
          ],
          [
            118.6744636,
            24.88483345
          ]
        ]
      },
      "properties": {
        "purpose": "home_to_work",
        "origin_id": "O_00079",
        "destination_id": "D_00214",
        "destination_category": "commercial_office",
        "destination_name": "",
        "origin_pop": 4915.0,
        "destination_jobs": 5716.57,
        "distance_m": 1643.62,
        "trips": 77.2833
      }
    },
    {
      "type": "Feature",
      "geometry": {
        "type": "LineString",
        "coordinates": [
          [
            118.67915427777777,
            24.870595344444446
          ],
          [
            118.683299068,
            24.881939132000003
          ]
        ]
      },
      "properties": {
        "purpose": "home_to_work",
        "origin_id": "O_00079",
        "destination_id": "D_00115",
        "destination_category": "industry",
        "destination_name": "后渚港",
        "origin_pop": 4915.0,
        "destination_jobs": 4977.88,
        "distance_m": 1321.96,
        "trips": 74.9135
      }
    },
    {
      "type": "Feature",
      "geometry": {
        "type": "LineString",
        "coordinates": [
          [
            118.67915427777777,
            24.870595344444446
          ],
          [
            118.671360425,
            24.876997175
          ]
        ]
      },
      "properties": {
        "purpose": "home_to_work",
        "origin_id": "O_00079",
        "destination_id": "D_00056",
        "destination_category": "commercial_office",
        "destination_name": "泉州市人民政府",
        "origin_pop": 4915.0,
        "destination_jobs": 4284.56,
        "distance_m": 1058.47,
        "trips": 70.399
      }
    },
    {
      "type": "Feature",
      "geometry": {
        "type": "LineString",
        "coordinates": [
          [
            118.67915427777777,
            24.870595344444446
          ],
          [
            118.62414069230769,
            24.88434541538462
          ]
        ]
      },
      "properties": {
        "purpose": "home_to_work",
        "origin_id": "O_00079",
        "destination_id": "D_00204",
        "destination_category": "education",
        "destination_name": "黎明职业大学",
        "origin_pop": 4915.0,
        "destination_jobs": 20180.72,
        "distance_m": 5760.01,
        "trips": 69.1798
      }
    },
    {
      "type": "Feature",
      "geometry": {
        "type": "LineString",
        "coordinates": [
          [
            118.67915427777777,
            24.870595344444446
          ],
          [
            118.629396225,
            24.854245625
          ]
        ]
      },
      "properties": {
        "purpose": "home_to_work",
        "origin_id": "O_00079",
        "destination_id": "D_00962",
        "destination_category": "healthcare",
        "destination_name": "",
        "origin_pop": 4915.0,
        "destination_jobs": 17148.53,
        "distance_m": 5340.79,
        "trips": 67.6017
      }
    },
    {
      "type": "Feature",
      "geometry": {
        "type": "LineString",
        "coordinates": [
          [
            118.67951797777778,
            24.871354544444443
          ],
          [
            118.67346315,
            24.873829045
          ]
        ]
      },
      "properties": {
        "purpose": "home_to_work",
        "origin_id": "O_00080",
        "destination_id": "D_00662",
        "destination_category": "commercial_office",
        "destination_name": "",
        "origin_pop": 4907.0,
        "destination_jobs": 41918.35,
        "distance_m": 669.89,
        "trips": 782.7011
      }
    },
    {
      "type": "Feature",
      "geometry": {
        "type": "LineString",
        "coordinates": [
          [
            118.67951797777778,
            24.871354544444443
          ],
          [
            118.66633520434783,
            24.872914973913044
          ]
        ]
      },
      "properties": {
        "purpose": "home_to_work",
        "origin_id": "O_00080",
        "destination_id": "D_00108",
        "destination_category": "education",
        "destination_name": "泉州师范学院",
        "origin_pop": 4907.0,
        "destination_jobs": 49778.48,
        "distance_m": 1342.52,
        "trips": 742.7809
      }
    },
    {
      "type": "Feature",
      "geometry": {
        "type": "LineString",
        "coordinates": [
          [
            118.67951797777778,
            24.871354544444443
          ],
          [
            118.65411906363637,
            24.87995060909091
          ]
        ]
      },
      "properties": {
        "purpose": "home_to_work",
        "origin_id": "O_00080",
        "destination_id": "D_00113",
        "destination_category": "education",
        "destination_name": "泉州幼儿师范高等专科学校",
        "origin_pop": 4907.0,
        "destination_jobs": 12051.56,
        "distance_m": 2735.43,
        "trips": 113.0363
      }
    },
    {
      "type": "Feature",
      "geometry": {
        "type": "LineString",
        "coordinates": [
          [
            118.67951797777778,
            24.871354544444443
          ],
          [
            118.65362735,
            24.87613105
          ]
        ]
      },
      "properties": {
        "purpose": "home_to_work",
        "origin_id": "O_00080",
        "destination_id": "D_00114",
        "destination_category": "healthcare",
        "destination_name": "福建医科大学附属第二医院东海分院",
        "origin_pop": 4907.0,
        "destination_jobs": 11347.32,
        "distance_m": 2667.56,
        "trips": 108.8661
      }
    },
    {
      "type": "Feature",
      "geometry": {
        "type": "LineString",
        "coordinates": [
          [
            118.67951797777778,
            24.871354544444443
          ],
          [
            118.67587649,
            24.876231490000002
          ]
        ]
      },
      "properties": {
        "purpose": "home_to_work",
        "origin_id": "O_00080",
        "destination_id": "D_00185",
        "destination_category": "education",
        "destination_name": "福建省泉州第一中学（东海校区）",
        "origin_pop": 4907.0,
        "destination_jobs": 5273.13,
        "distance_m": 652.59,
        "trips": 99.0295
      }
    },
    {
      "type": "Feature",
      "geometry": {
        "type": "LineString",
        "coordinates": [
          [
            118.67951797777778,
            24.871354544444443
          ],
          [
            118.6744636,
            24.88483345
          ]
        ]
      },
      "properties": {
        "purpose": "home_to_work",
        "origin_id": "O_00080",
        "destination_id": "D_00214",
        "destination_category": "commercial_office",
        "destination_name": "",
        "origin_pop": 4907.0,
        "destination_jobs": 5716.57,
        "distance_m": 1574.97,
        "trips": 78.9413
      }
    },
    {
      "type": "Feature",
      "geometry": {
        "type": "LineString",
        "coordinates": [
          [
            118.67951797777778,
            24.871354544444443
          ],
          [
            118.683299068,
            24.881939132000003
          ]
        ]
      },
      "properties": {
        "purpose": "home_to_work",
        "origin_id": "O_00080",
        "destination_id": "D_00115",
        "destination_category": "industry",
        "destination_name": "后渚港",
        "origin_pop": 4907.0,
        "destination_jobs": 4977.88,
        "distance_m": 1230.76,
        "trips": 77.098
      }
    },
    {
      "type": "Feature",
      "geometry": {
        "type": "LineString",
        "coordinates": [
          [
            118.67951797777778,
            24.871354544444443
          ],
          [
            118.671360425,
            24.876997175
          ]
        ]
      },
      "properties": {
        "purpose": "home_to_work",
        "origin_id": "O_00080",
        "destination_id": "D_00056",
        "destination_category": "commercial_office",
        "destination_name": "泉州市人民政府",
        "origin_pop": 4907.0,
        "destination_jobs": 4284.56,
        "distance_m": 1033.34,
        "trips": 70.8735
      }
    },
    {
      "type": "Feature",
      "geometry": {
        "type": "LineString",
        "coordinates": [
          [
            118.67951797777778,
            24.871354544444443
          ],
          [
            118.62414069230769,
            24.88434541538462
          ]
        ]
      },
      "properties": {
        "purpose": "home_to_work",
        "origin_id": "O_00080",
        "destination_id": "D_00204",
        "destination_category": "education",
        "destination_name": "黎明职业大学",
        "origin_pop": 4907.0,
        "destination_jobs": 20180.72,
        "distance_m": 5773.99,
        "trips": 68.7441
      }
    },
    {
      "type": "Feature",
      "geometry": {
        "type": "LineString",
        "coordinates": [
          [
            118.67951797777778,
            24.871354544444443
          ],
          [
            118.629396225,
            24.854245625
          ]
        ]
      },
      "properties": {
        "purpose": "home_to_work",
        "origin_id": "O_00080",
        "destination_id": "D_00962",
        "destination_category": "healthcare",
        "destination_name": "",
        "origin_pop": 4907.0,
        "destination_jobs": 17148.53,
        "distance_m": 5404.15,
        "trips": 66.0792
      }
    },
    {
      "type": "Feature",
      "geometry": {
        "type": "LineString",
        "coordinates": [
          [
            118.675319325,
            24.862972575
          ],
          [
            118.66633520434783,
            24.872914973913044
          ]
        ]
      },
      "properties": {
        "purpose": "home_to_work",
        "origin_id": "O_00081",
        "destination_id": "D_00108",
        "destination_category": "education",
        "destination_name": "泉州师范学院",
        "origin_pop": 4881.0,
        "destination_jobs": 49778.48,
        "distance_m": 1425.21,
        "trips": 794.9317
      }
    },
    {
      "type": "Feature",
      "geometry": {
        "type": "LineString",
        "coordinates": [
          [
            118.675319325,
            24.862972575
          ],
          [
            118.67346315,
            24.873829045
          ]
        ]
      },
      "properties": {
        "purpose": "home_to_work",
        "origin_id": "O_00081",
        "destination_id": "D_00662",
        "destination_category": "commercial_office",
        "destination_name": "",
        "origin_pop": 4881.0,
        "destination_jobs": 41918.35,
        "distance_m": 1214.63,
        "trips": 718.0863
      }
    },
    {
      "type": "Feature",
      "geometry": {
        "type": "LineString",
        "coordinates": [
          [
            118.675319325,
            24.862972575
          ],
          [
            118.65362735,
            24.87613105
          ]
        ]
      },
      "properties": {
        "purpose": "home_to_work",
        "origin_id": "O_00081",
        "destination_id": "D_00114",
        "destination_category": "healthcare",
        "destination_name": "福建医科大学附属第二医院东海分院",
        "origin_pop": 4881.0,
        "destination_jobs": 11347.32,
        "distance_m": 2629.71,
        "trips": 121.2862
      }
    },
    {
      "type": "Feature",
      "geometry": {
        "type": "LineString",
        "coordinates": [
          [
            118.675319325,
            24.862972575
          ],
          [
            118.65411906363637,
            24.87995060909091
          ]
        ]
      },
      "properties": {
        "purpose": "home_to_work",
        "origin_id": "O_00081",
        "destination_id": "D_00113",
        "destination_category": "education",
        "destination_name": "泉州幼儿师范高等专科学校",
        "origin_pop": 4881.0,
        "destination_jobs": 12051.56,
        "distance_m": 2847.22,
        "trips": 119.8049
      }
    },
    {
      "type": "Feature",
      "geometry": {
        "type": "LineString",
        "coordinates": [
          [
            118.675319325,
            24.862972575
          ],
          [
            118.629396225,
            24.854245625
          ]
        ]
      },
      "properties": {
        "purpose": "home_to_work",
        "origin_id": "O_00081",
        "destination_id": "D_00962",
        "destination_category": "healthcare",
        "destination_name": "",
        "origin_pop": 4881.0,
        "destination_jobs": 17148.53,
        "distance_m": 4737.76,
        "trips": 90.7767
      }
    },
    {
      "type": "Feature",
      "geometry": {
        "type": "LineString",
        "coordinates": [
          [
            118.675319325,
            24.862972575
          ],
          [
            118.67587649,
            24.876231490000002
          ]
        ]
      },
      "properties": {
        "purpose": "home_to_work",
        "origin_id": "O_00081",
        "destination_id": "D_00185",
        "destination_category": "education",
        "destination_name": "福建省泉州第一中学（东海校区）",
        "origin_pop": 4881.0,
        "destination_jobs": 5273.13,
        "distance_m": 1466.72,
        "trips": 83.0514
      }
    },
    {
      "type": "Feature",
      "geometry": {
        "type": "LineString",
        "coordinates": [
          [
            118.675319325,
            24.862972575
          ],
          [
            118.62414069230769,
            24.88434541538462
          ]
        ]
      },
      "properties": {
        "purpose": "home_to_work",
        "origin_id": "O_00081",
        "destination_id": "D_00204",
        "destination_category": "education",
        "destination_name": "黎明职业大学",
        "origin_pop": 4881.0,
        "destination_jobs": 20180.72,
        "distance_m": 5683.07,
        "trips": 77.9535
      }
    },
    {
      "type": "Feature",
      "geometry": {
        "type": "LineString",
        "coordinates": [
          [
            118.675319325,
            24.862972575
          ],
          [
            118.6744636,
            24.88483345
          ]
        ]
      },
      "properties": {
        "purpose": "home_to_work",
        "origin_id": "O_00081",
        "destination_id": "D_00214",
        "destination_category": "commercial_office",
        "destination_name": "",
        "origin_pop": 4881.0,
        "destination_jobs": 5716.57,
        "distance_m": 2418.05,
        "trips": 65.5686
      }
    },
    {
      "type": "Feature",
      "geometry": {
        "type": "LineString",
        "coordinates": [
          [
            118.675319325,
            24.862972575
          ],
          [
            118.671360425,
            24.876997175
          ]
        ]
      },
      "properties": {
        "purpose": "home_to_work",
        "origin_id": "O_00081",
        "destination_id": "D_00056",
        "destination_category": "commercial_office",
        "destination_name": "泉州市人民政府",
        "origin_pop": 4881.0,
        "destination_jobs": 4284.56,
        "distance_m": 1601.01,
        "trips": 64.5274
      }
    },
    {
      "type": "Feature",
      "geometry": {
        "type": "LineString",
        "coordinates": [
          [
            118.675319325,
            24.862972575
          ],
          [
            118.683299068,
            24.881939132000003
          ]
        ]
      },
      "properties": {
        "purpose": "home_to_work",
        "origin_id": "O_00081",
        "destination_id": "D_00115",
        "destination_category": "industry",
        "destination_name": "后渚港",
        "origin_pop": 4881.0,
        "destination_jobs": 4977.88,
        "distance_m": 2246.12,
        "trips": 60.4635
      }
    },
    {
      "type": "Feature",
      "geometry": {
        "type": "LineString",
        "coordinates": [
          [
            118.674526375,
            24.865210249999997
          ],
          [
            118.66633520434783,
            24.872914973913044
          ]
        ]
      },
      "properties": {
        "purpose": "home_to_work",
        "origin_id": "O_00082",
        "destination_id": "D_00108",
        "destination_category": "education",
        "destination_name": "泉州师范学院",
        "origin_pop": 4899.0,
        "destination_jobs": 49778.48,
        "distance_m": 1187.33,
        "trips": 800.0705
      }
    },
    {
      "type": "Feature",
      "geometry": {
        "type": "LineString",
        "coordinates": [
          [
            118.674526375,
            24.865210249999997
          ],
          [
            118.67346315,
            24.873829045
          ]
        ]
      },
      "properties": {
        "purpose": "home_to_work",
        "origin_id": "O_00082",
        "destination_id": "D_00662",
        "destination_category": "commercial_office",
        "destination_name": "",
        "origin_pop": 4899.0,
        "destination_jobs": 41918.35,
        "distance_m": 958.75,
        "trips": 727.0783
      }
    },
    {
      "type": "Feature",
      "geometry": {
        "type": "LineString",
        "coordinates": [
          [
            118.674526375,
            24.865210249999997
          ],
          [
            118.65362735,
            24.87613105
          ]
        ]
      },
      "properties": {
        "purpose": "home_to_work",
        "origin_id": "O_00082",
        "destination_id": "D_00114",
        "destination_category": "healthcare",
        "destination_name": "福建医科大学附属第二医院东海分院",
        "origin_pop": 4899.0,
        "destination_jobs": 11347.32,
        "distance_m": 2431.55,
        "trips": 120.4651
      }
    },
    {
      "type": "Feature",
      "geometry": {
        "type": "LineString",
        "coordinates": [
          [
            118.674526375,
            24.865210249999997
          ],
          [
            118.65411906363637,
            24.87995060909091
          ]
        ]
      },
      "properties": {
        "purpose": "home_to_work",
        "origin_id": "O_00082",
        "destination_id": "D_00113",
        "destination_category": "education",
        "destination_name": "泉州幼儿师范高等专科学校",
        "origin_pop": 4899.0,
        "destination_jobs": 12051.56,
        "distance_m": 2627.31,
        "trips": 119.8592
      }
    },
    {
      "type": "Feature",
      "geometry": {
        "type": "LineString",
        "coordinates": [
          [
            118.674526375,
            24.865210249999997
          ],
          [
            118.629396225,
            24.854245625
          ]
        ]
      },
      "properties": {
        "purpose": "home_to_work",
        "origin_id": "O_00082",
        "destination_id": "D_00962",
        "destination_category": "healthcare",
        "destination_name": "",
        "origin_pop": 4899.0,
        "destination_jobs": 17148.53,
        "distance_m": 4716.76,
        "trips": 84.9919
      }
    },
    {
      "type": "Feature",
      "geometry": {
        "type": "LineString",
        "coordinates": [
          [
            118.674526375,
            24.865210249999997
          ],
          [
            118.67587649,
            24.876231490000002
          ]
        ]
      },
      "properties": {
        "purpose": "home_to_work",
        "origin_id": "O_00082",
        "destination_id": "D_00185",
        "destination_category": "education",
        "destination_name": "福建省泉州第一中学（东海校区）",
        "origin_pop": 4899.0,
        "destination_jobs": 5273.13,
        "distance_m": 1225.89,
        "trips": 83.6706
      }
    },
    {
      "type": "Feature",
      "geometry": {
        "type": "LineString",
        "coordinates": [
          [
            118.674526375,
            24.865210249999997
          ],
          [
            118.62414069230769,
            24.88434541538462
          ]
        ]
      },
      "properties": {
        "purpose": "home_to_work",
        "origin_id": "O_00082",
        "destination_id": "D_00204",
        "destination_category": "education",
        "destination_name": "黎明职业大学",
        "origin_pop": 4899.0,
        "destination_jobs": 20180.72,
        "distance_m": 5510.7,
        "trips": 76.763
      }
    },
    {
      "type": "Feature",
      "geometry": {
        "type": "LineString",
        "coordinates": [
          [
            118.674526375,
            24.865210249999997
          ],
          [
            118.6744636,
            24.88483345
          ]
        ]
      },
      "properties": {
        "purpose": "home_to_work",
        "origin_id": "O_00082",
        "destination_id": "D_00214",
        "destination_category": "commercial_office",
        "destination_name": "",
        "origin_pop": 4899.0,
        "destination_jobs": 5716.57,
        "distance_m": 2169.16,
        "trips": 66.2352
      }
    },
    {
      "type": "Feature",
      "geometry": {
        "type": "LineString",
        "coordinates": [
          [
            118.674526375,
            24.865210249999997
          ],
          [
            118.671360425,
            24.876997175
          ]
        ]
      },
      "properties": {
        "purpose": "home_to_work",
        "origin_id": "O_00082",
        "destination_id": "D_00056",
        "destination_category": "commercial_office",
        "destination_name": "泉州市人民政府",
        "origin_pop": 4899.0,
        "destination_jobs": 4284.56,
        "distance_m": 1341.59,
        "trips": 65.4127
      }
    },
    {
      "type": "Feature",
      "geometry": {
        "type": "LineString",
        "coordinates": [
          [
            118.674526375,
            24.865210249999997
          ],
          [
            118.683299068,
            24.881939132000003
          ]
        ]
      },
      "properties": {
        "purpose": "home_to_work",
        "origin_id": "O_00082",
        "destination_id": "D_00115",
        "destination_category": "industry",
        "destination_name": "后渚港",
        "origin_pop": 4899.0,
        "destination_jobs": 4977.88,
        "distance_m": 2050.5,
        "trips": 60.0033
      }
    },
    {
      "type": "Feature",
      "geometry": {
        "type": "LineString",
        "coordinates": [
          [
            118.67594925,
            24.86145625
          ],
          [
            118.66633520434783,
            24.872914973913044
          ]
        ]
      },
      "properties": {
        "purpose": "home_to_work",
        "origin_id": "O_00083",
        "destination_id": "D_00108",
        "destination_category": "education",
        "destination_name": "泉州师范学院",
        "origin_pop": 4934.0,
        "destination_jobs": 49778.48,
        "distance_m": 1596.01,
        "trips": 801.2885
      }
    },
    {
      "type": "Feature",
      "geometry": {
        "type": "LineString",
        "coordinates": [
          [
            118.67594925,
            24.86145625
          ],
          [
            118.67346315,
            24.873829045
          ]
        ]
      },
      "properties": {
        "purpose": "home_to_work",
        "origin_id": "O_00083",
        "destination_id": "D_00662",
        "destination_category": "commercial_office",
        "destination_name": "",
        "origin_pop": 4934.0,
        "destination_jobs": 41918.35,
        "distance_m": 1390.55,
        "trips": 722.596
      }
    },
    {
      "type": "Feature",
      "geometry": {
        "type": "LineString",
        "coordinates": [
          [
            118.67594925,
            24.86145625
          ],
          [
            118.65362735,
            24.87613105
          ]
        ]
      },
      "properties": {
        "purpose": "home_to_work",
        "origin_id": "O_00083",
        "destination_id": "D_00114",
        "destination_category": "healthcare",
        "destination_name": "福建医科大学附属第二医院东海分院",
        "origin_pop": 4934.0,
        "destination_jobs": 11347.32,
        "distance_m": 2777.4,
        "trips": 123.2017
      }
    },
    {
      "type": "Feature",
      "geometry": {
        "type": "LineString",
        "coordinates": [
          [
            118.67594925,
            24.86145625
          ],
          [
            118.65411906363637,
            24.87995060909091
          ]
        ]
      },
      "properties": {
        "purpose": "home_to_work",
        "origin_id": "O_00083",
        "destination_id": "D_00113",
        "destination_category": "education",
        "destination_name": "泉州幼儿师范高等专科学校",
        "origin_pop": 4934.0,
        "destination_jobs": 12051.56,
        "distance_m": 3006.73,
        "trips": 121.2183
      }
    },
    {
      "type": "Feature",
      "geometry": {
        "type": "LineString",
        "coordinates": [
          [
            118.67594925,
            24.86145625
          ],
          [
            118.629396225,
            24.854245625
          ]
        ]
      },
      "properties": {
        "purpose": "home_to_work",
        "origin_id": "O_00083",
        "destination_id": "D_00962",
        "destination_category": "healthcare",
        "destination_name": "",
        "origin_pop": 4934.0,
        "destination_jobs": 17148.53,
        "distance_m": 4769.24,
        "trips": 95.8523
      }
    },
    {
      "type": "Feature",
      "geometry": {
        "type": "LineString",
        "coordinates": [
          [
            118.67594925,
            24.86145625
          ],
          [
            118.67587649,
            24.876231490000002
          ]
        ]
      },
      "properties": {
        "purpose": "home_to_work",
        "origin_id": "O_00083",
        "destination_id": "D_00185",
        "destination_category": "education",
        "destination_name": "福建省泉州第一中学（东海校区）",
        "origin_pop": 4934.0,
        "destination_jobs": 5273.13,
        "distance_m": 1633.27,
        "trips": 83.8343
      }
    },
    {
      "type": "Feature",
      "geometry": {
        "type": "LineString",
        "coordinates": [
          [
            118.67594925,
            24.86145625
          ],
          [
            118.62414069230769,
            24.88434541538462
          ]
        ]
      },
      "properties": {
        "purpose": "home_to_work",
        "origin_id": "O_00083",
        "destination_id": "D_00204",
        "destination_category": "education",
        "destination_name": "黎明职业大学",
        "origin_pop": 4934.0,
        "destination_jobs": 20180.72,
        "distance_m": 5812.01,
        "trips": 79.6812
      }
    },
    {
      "type": "Feature",
      "geometry": {
        "type": "LineString",
        "coordinates": [
          [
            118.67594925,
            24.86145625
          ],
          [
            118.6744636,
            24.88483345
          ]
        ]
      },
      "properties": {
        "purpose": "home_to_work",
        "origin_id": "O_00083",
        "destination_id": "D_00214",
        "destination_category": "commercial_office",
        "destination_name": "",
        "origin_pop": 4934.0,
        "destination_jobs": 5716.57,
        "distance_m": 2588.47,
        "trips": 66.1013
      }
    },
    {
      "type": "Feature",
      "geometry": {
        "type": "LineString",
        "coordinates": [
          [
            118.67594925,
            24.86145625
          ],
          [
            118.671360425,
            24.876997175
          ]
        ]
      },
      "properties": {
        "purpose": "home_to_work",
        "origin_id": "O_00083",
        "destination_id": "D_00056",
        "destination_category": "commercial_office",
        "destination_name": "泉州市人民政府",
        "origin_pop": 4934.0,
        "destination_jobs": 4284.56,
        "distance_m": 1779.31,
        "trips": 64.881
      }
    },
    {
      "type": "Feature",
      "geometry": {
        "type": "LineString",
        "coordinates": [
          [
            118.67594925,
            24.86145625
          ],
          [
            118.683299068,
            24.881939132000003
          ]
        ]
      },
      "properties": {
        "purpose": "home_to_work",
        "origin_id": "O_00083",
        "destination_id": "D_00115",
        "destination_category": "industry",
        "destination_name": "后渚港",
        "origin_pop": 4934.0,
        "destination_jobs": 4977.88,
        "distance_m": 2382.75,
        "trips": 61.6453
      }
    },
    {
      "type": "Feature",
      "geometry": {
        "type": "LineString",
        "coordinates": [
          [
            118.673925975,
            24.86615365
          ],
          [
            118.66633520434783,
            24.872914973913044
          ]
        ]
      },
      "properties": {
        "purpose": "home_to_work",
        "origin_id": "O_00084",
        "destination_id": "D_00108",
        "destination_category": "education",
        "destination_name": "泉州师范学院",
        "origin_pop": 5027.0,
        "destination_jobs": 49778.48,
        "distance_m": 1070.68,
        "trips": 823.761
      }
    },
    {
      "type": "Feature",
      "geometry": {
        "type": "LineString",
        "coordinates": [
          [
            118.673925975,
            24.86615365
          ],
          [
            118.67346315,
            24.873829045
          ]
        ]
      },
      "properties": {
        "purpose": "home_to_work",
        "origin_id": "O_00084",
        "destination_id": "D_00662",
        "destination_category": "commercial_office",
        "destination_name": "",
        "origin_pop": 5027.0,
        "destination_jobs": 41918.35,
        "distance_m": 849.72,
        "trips": 746.7062
      }
    },
    {
      "type": "Feature",
      "geometry": {
        "type": "LineString",
        "coordinates": [
          [
            118.673925975,
            24.86615365
          ],
          [
            118.65362735,
            24.87613105
          ]
        ]
      },
      "properties": {
        "purpose": "home_to_work",
        "origin_id": "O_00084",
        "destination_id": "D_00114",
        "destination_category": "healthcare",
        "destination_name": "福建医科大学附属第二医院东海分院",
        "origin_pop": 5027.0,
        "destination_jobs": 11347.32,
        "distance_m": 2327.92,
        "trips": 123.4948
      }
    },
    {
      "type": "Feature",
      "geometry": {
        "type": "LineString",
        "coordinates": [
          [
            118.673925975,
            24.86615365
          ],
          [
            118.65411906363637,
            24.87995060909091
          ]
        ]
      },
      "properties": {
        "purpose": "home_to_work",
        "origin_id": "O_00084",
        "destination_id": "D_00113",
        "destination_category": "education",
        "destination_name": "泉州幼儿师范高等专科学校",
        "origin_pop": 5027.0,
        "destination_jobs": 12051.56,
        "distance_m": 2515.45,
        "trips": 123.2111
      }
    },
    {
      "type": "Feature",
      "geometry": {
        "type": "LineString",
        "coordinates": [
          [
            118.673925975,
            24.86615365
          ],
          [
            118.67587649,
            24.876231490000002
          ]
        ]
      },
      "properties": {
        "purpose": "home_to_work",
        "origin_id": "O_00084",
        "destination_id": "D_00185",
        "destination_category": "education",
        "destination_name": "福建省泉州第一中学（东海校区）",
        "origin_pop": 5027.0,
        "destination_jobs": 5273.13,
        "distance_m": 1131.29,
        "trips": 85.5173
      }
    },
    {
      "type": "Feature",
      "geometry": {
        "type": "LineString",
        "coordinates": [
          [
            118.673925975,
            24.86615365
          ],
          [
            118.629396225,
            24.854245625
          ]
        ]
      },
      "properties": {
        "purpose": "home_to_work",
        "origin_id": "O_00084",
        "destination_id": "D_00962",
        "destination_category": "healthcare",
        "destination_name": "",
        "origin_pop": 5027.0,
        "destination_jobs": 17148.53,
        "distance_m": 4686.37,
        "trips": 85.0278
      }
    },
    {
      "type": "Feature",
      "geometry": {
        "type": "LineString",
        "coordinates": [
          [
            118.673925975,
            24.86615365
          ],
          [
            118.62414069230769,
            24.88434541538462
          ]
        ]
      },
      "properties": {
        "purpose": "home_to_work",
        "origin_id": "O_00084",
        "destination_id": "D_00204",
        "destination_category": "education",
        "destination_name": "黎明职业大学",
        "origin_pop": 5027.0,
        "destination_jobs": 20180.72,
        "distance_m": 5415.16,
        "trips": 78.4817
      }
    },
    {
      "type": "Feature",
      "geometry": {
        "type": "LineString",
        "coordinates": [
          [
            118.673925975,
            24.86615365
          ],
          [
            118.6744636,
            24.88483345
          ]
        ]
      },
      "properties": {
        "purpose": "home_to_work",
        "origin_id": "O_00084",
        "destination_id": "D_00214",
        "destination_category": "commercial_office",
        "destination_name": "",
        "origin_pop": 5027.0,
        "destination_jobs": 5716.57,
        "distance_m": 2065.58,
        "trips": 67.8998
      }
    },
    {
      "type": "Feature",
      "geometry": {
        "type": "LineString",
        "coordinates": [
          [
            118.673925975,
            24.86615365
          ],
          [
            118.671360425,
            24.876997175
          ]
        ]
      },
      "properties": {
        "purpose": "home_to_work",
        "origin_id": "O_00084",
        "destination_id": "D_00056",
        "destination_category": "commercial_office",
        "destination_name": "泉州市人民政府",
        "origin_pop": 5027.0,
        "destination_jobs": 4284.56,
        "distance_m": 1226.33,
        "trips": 67.3182
      }
    },
    {
      "type": "Feature",
      "geometry": {
        "type": "LineString",
        "coordinates": [
          [
            118.673925975,
            24.86615365
          ],
          [
            118.683299068,
            24.881939132000003
          ]
        ]
      },
      "properties": {
        "purpose": "home_to_work",
        "origin_id": "O_00084",
        "destination_id": "D_00115",
        "destination_category": "industry",
        "destination_name": "后渚港",
        "origin_pop": 5027.0,
        "destination_jobs": 4977.88,
        "distance_m": 1985.16,
        "trips": 60.7322
      }
    },
    {
      "type": "Feature",
      "geometry": {
        "type": "LineString",
        "coordinates": [
          [
            118.676419575,
            24.862914825
          ],
          [
            118.66633520434783,
            24.872914973913044
          ]
        ]
      },
      "properties": {
        "purpose": "home_to_work",
        "origin_id": "O_00085",
        "destination_id": "D_00108",
        "destination_category": "education",
        "destination_name": "泉州师范学院",
        "origin_pop": 4748.0,
        "destination_jobs": 49778.48,
        "distance_m": 1503.1,
        "trips": 767.749
      }
    },
    {
      "type": "Feature",
      "geometry": {
        "type": "LineString",
        "coordinates": [
          [
            118.676419575,
            24.862914825
          ],
          [
            118.67346315,
            24.873829045
          ]
        ]
      },
      "properties": {
        "purpose": "home_to_work",
        "origin_id": "O_00085",
        "destination_id": "D_00662",
        "destination_category": "commercial_office",
        "destination_name": "",
        "origin_pop": 4748.0,
        "destination_jobs": 41918.35,
        "distance_m": 1242.86,
        "trips": 705.107
      }
    },
    {
      "type": "Feature",
      "geometry": {
        "type": "LineString",
        "coordinates": [
          [
            118.676419575,
            24.862914825
          ],
          [
            118.65362735,
            24.87613105
          ]
        ]
      },
      "properties": {
        "purpose": "home_to_work",
        "origin_id": "O_00085",
        "destination_id": "D_00114",
        "destination_category": "healthcare",
        "destination_name": "福建医科大学附属第二医院东海分院",
        "origin_pop": 4748.0,
        "destination_jobs": 11347.32,
        "distance_m": 2726.4,
        "trips": 116.4072
      }
    },
    {
      "type": "Feature",
      "geometry": {
        "type": "LineString",
        "coordinates": [
          [
            118.676419575,
            24.862914825
          ],
          [
            118.65411906363637,
            24.87995060909091
          ]
        ]
      },
      "properties": {
        "purpose": "home_to_work",
        "origin_id": "O_00085",
        "destination_id": "D_00113",
        "destination_category": "education",
        "destination_name": "泉州幼儿师范高等专科学校",
        "origin_pop": 4748.0,
        "destination_jobs": 12051.56,
        "distance_m": 2935.79,
        "trips": 115.297
      }
    },
    {
      "type": "Feature",
      "geometry": {
        "type": "LineString",
        "coordinates": [
          [
            118.676419575,
            24.862914825
          ],
          [
            118.629396225,
            24.854245625
          ]
        ]
      },
      "properties": {
        "purpose": "home_to_work",
        "origin_id": "O_00085",
        "destination_id": "D_00962",
        "destination_category": "healthcare",
        "destination_name": "",
        "origin_pop": 4748.0,
        "destination_jobs": 17148.53,
        "distance_m": 4845.35,
        "trips": 86.8088
      }
    },
    {
      "type": "Feature",
      "geometry": {
        "type": "LineString",
        "coordinates": [
          [
            118.676419575,
            24.862914825
          ],
          [
            118.67587649,
            24.876231490000002
          ]
        ]
      },
      "properties": {
        "purpose": "home_to_work",
        "origin_id": "O_00085",
        "destination_id": "D_00185",
        "destination_category": "education",
        "destination_name": "福建省泉州第一中学（东海校区）",
        "origin_pop": 4748.0,
        "destination_jobs": 5273.13,
        "distance_m": 1473.05,
        "trips": 82.1479
      }
    },
    {
      "type": "Feature",
      "geometry": {
        "type": "LineString",
        "coordinates": [
          [
            118.676419575,
            24.862914825
          ],
          [
            118.62414069230769,
            24.88434541538462
          ]
        ]
      },
      "properties": {
        "purpose": "home_to_work",
        "origin_id": "O_00085",
        "destination_id": "D_00204",
        "destination_category": "education",
        "destination_name": "黎明职业大学",
        "origin_pop": 4748.0,
        "destination_jobs": 20180.72,
        "distance_m": 5786.93,
        "trips": 74.639
      }
    },
    {
      "type": "Feature",
      "geometry": {
        "type": "LineString",
        "coordinates": [
          [
            118.676419575,
            24.862914825
          ],
          [
            118.6744636,
            24.88483345
          ]
        ]
      },
      "properties": {
        "purpose": "home_to_work",
        "origin_id": "O_00085",
        "destination_id": "D_00214",
        "destination_category": "commercial_office",
        "destination_name": "",
        "origin_pop": 4748.0,
        "destination_jobs": 5716.57,
        "distance_m": 2430.92,
        "trips": 64.7137
      }
    },
    {
      "type": "Feature",
      "geometry": {
        "type": "LineString",
        "coordinates": [
          [
            118.676419575,
            24.862914825
          ],
          [
            118.671360425,
            24.876997175
          ]
        ]
      },
      "properties": {
        "purpose": "home_to_work",
        "origin_id": "O_00085",
        "destination_id": "D_00056",
        "destination_category": "commercial_office",
        "destination_name": "泉州市人民政府",
        "origin_pop": 4748.0,
        "destination_jobs": 4284.56,
        "distance_m": 1638.38,
        "trips": 63.1684
      }
    },
    {
      "type": "Feature",
      "geometry": {
        "type": "LineString",
        "coordinates": [
          [
            118.676419575,
            24.862914825
          ],
          [
            118.683299068,
            24.881939132000003
          ]
        ]
      },
      "properties": {
        "purpose": "home_to_work",
        "origin_id": "O_00085",
        "destination_id": "D_00115",
        "destination_category": "industry",
        "destination_name": "后渚港",
        "origin_pop": 4748.0,
        "destination_jobs": 4977.88,
        "distance_m": 2214.75,
        "trips": 60.5619
      }
    },
    {
      "type": "Feature",
      "geometry": {
        "type": "LineString",
        "coordinates": [
          [
            118.579561025,
            24.910976825
          ],
          [
            118.57454498235293,
            24.915936364705882
          ]
        ]
      },
      "properties": {
        "purpose": "home_to_work",
        "origin_id": "O_00086",
        "destination_id": "D_00321",
        "destination_category": "commercial_office",
        "destination_name": "源和1916创意产业园",
        "origin_pop": 4881.0,
        "destination_jobs": 12593.06,
        "distance_m": 746.34,
        "trips": 526.0788
      }
    },
    {
      "type": "Feature",
      "geometry": {
        "type": "LineString",
        "coordinates": [
          [
            118.579561025,
            24.910976825
          ],
          [
            118.57828776875,
            24.945803090625
          ]
        ]
      },
      "properties": {
        "purpose": "home_to_work",
        "origin_id": "O_00086",
        "destination_id": "D_00301",
        "destination_category": "education",
        "destination_name": "",
        "origin_pop": 4881.0,
        "destination_jobs": 27053.76,
        "distance_m": 3851.84,
        "trips": 401.4019
      }
    },
    {
      "type": "Feature",
      "geometry": {
        "type": "LineString",
        "coordinates": [
          [
            118.579561025,
            24.910976825
          ],
          [
            118.59383305000001,
            24.942276507142857
          ]
        ]
      },
      "properties": {
        "purpose": "home_to_work",
        "origin_id": "O_00086",
        "destination_id": "D_00300",
        "destination_category": "healthcare",
        "destination_name": "910医院",
        "origin_pop": 4881.0,
        "destination_jobs": 15831.81,
        "distance_m": 3747.86,
        "trips": 243.1837
      }
    },
    {
      "type": "Feature",
      "geometry": {
        "type": "LineString",
        "coordinates": [
          [
            118.579561025,
            24.910976825
          ],
          [
            118.58039623076924,
            24.921369546153848
          ]
        ]
      },
      "properties": {
        "purpose": "home_to_work",
        "origin_id": "O_00086",
        "destination_id": "D_00272",
        "destination_category": "commercial_office",
        "destination_name": "开元盛世广场",
        "origin_pop": 4881.0,
        "destination_jobs": 5705.79,
        "distance_m": 1151.9,
        "trips": 208.2207
      }
    },
    {
      "type": "Feature",
      "geometry": {
        "type": "LineString",
        "coordinates": [
          [
            118.579561025,
            24.910976825
          ],
          [
            118.63935618000001,
            24.939899246666666
          ]
        ]
      },
      "properties": {
        "purpose": "home_to_work",
        "origin_id": "O_00086",
        "destination_id": "D_00149",
        "destination_category": "education",
        "destination_name": "华侨大学",
        "origin_pop": 4881.0,
        "destination_jobs": 36219.49,
        "distance_m": 6830.77,
        "trips": 199.09
      }
    },
    {
      "type": "Feature",
      "geometry": {
        "type": "LineString",
        "coordinates": [
          [
            118.579561025,
            24.910976825
          ],
          [
            118.62414069230769,
            24.88434541538462
          ]
        ]
      },
      "properties": {
        "purpose": "home_to_work",
        "origin_id": "O_00086",
        "destination_id": "D_00204",
        "destination_category": "education",
        "destination_name": "黎明职业大学",
        "origin_pop": 4881.0,
        "destination_jobs": 20180.72,
        "distance_m": 5378.54,
        "trips": 180.0016
      }
    },
    {
      "type": "Feature",
      "geometry": {
        "type": "LineString",
        "coordinates": [
          [
            118.579561025,
            24.910976825
          ],
          [
            118.59354837999999,
            24.915964273333334
          ]
        ]
      },
      "properties": {
        "purpose": "home_to_work",
        "origin_id": "O_00086",
        "destination_id": "D_00674",
        "destination_category": "healthcare",
        "destination_name": "泉州市第一医院",
        "origin_pop": 4881.0,
        "destination_jobs": 4099.66,
        "distance_m": 1515.98,
        "trips": 132.5105
      }
    },
    {
      "type": "Feature",
      "geometry": {
        "type": "LineString",
        "coordinates": [
          [
            118.579561025,
            24.910976825
          ],
          [
            118.66633520434783,
            24.872914973913044
          ]
        ]
      },
      "properties": {
        "purpose": "home_to_work",
        "origin_id": "O_00086",
        "destination_id": "D_00108",
        "destination_category": "education",
        "destination_name": "泉州师范学院",
        "origin_pop": 4881.0,
        "destination_jobs": 49778.48,
        "distance_m": 9720.11,
        "trips": 104.4418
      }
    },
    {
      "type": "Feature",
      "geometry": {
        "type": "LineString",
        "coordinates": [
          [
            118.579561025,
            24.910976825
          ],
          [
            118.58126169999998,
            24.91169928888889
          ]
        ]
      },
      "properties": {
        "purpose": "home_to_work",
        "origin_id": "O_00086",
        "destination_id": "D_00981",
        "destination_category": "commercial_office",
        "destination_name": "泉州工艺美术合作社",
        "origin_pop": 4881.0,
        "destination_jobs": 2013.93,
        "distance_m": 189.37,
        "trips": 101.2964
      }
    },
    {
      "type": "Feature",
      "geometry": {
        "type": "LineString",
        "coordinates": [
          [
            118.579561025,
            24.910976825
          ],
          [
            118.58003240666666,
            24.919504482222223
          ]
        ]
      },
      "properties": {
        "purpose": "home_to_work",
        "origin_id": "O_00086",
        "destination_id": "D_00273",
        "destination_category": "education",
        "destination_name": "泉州市培元中学",
        "origin_pop": 4881.0,
        "destination_jobs": 2562.4,
        "distance_m": 943.85,
        "trips": 100.2246
      }
    },
    {
      "type": "Feature",
      "geometry": {
        "type": "LineString",
        "coordinates": [
          [
            118.57883877500001,
            24.911459775
          ],
          [
            118.57454498235293,
            24.915936364705882
          ]
        ]
      },
      "properties": {
        "purpose": "home_to_work",
        "origin_id": "O_00087",
        "destination_id": "D_00321",
        "destination_category": "commercial_office",
        "destination_name": "源和1916创意产业园",
        "origin_pop": 4844.0,
        "destination_jobs": 12593.06,
        "distance_m": 657.87,
        "trips": 534.2026
      }
    },
    {
      "type": "Feature",
      "geometry": {
        "type": "LineString",
        "coordinates": [
          [
            118.57883877500001,
            24.911459775
          ],
          [
            118.57828776875,
            24.945803090625
          ]
        ]
      },
      "properties": {
        "purpose": "home_to_work",
        "origin_id": "O_00087",
        "destination_id": "D_00301",
        "destination_category": "education",
        "destination_name": "",
        "origin_pop": 4844.0,
        "destination_jobs": 27053.76,
        "distance_m": 3796.72,
        "trips": 403.0954
      }
    },
    {
      "type": "Feature",
      "geometry": {
        "type": "LineString",
        "coordinates": [
          [
            118.57883877500001,
            24.911459775
          ],
          [
            118.59383305000001,
            24.942276507142857
          ]
        ]
      },
      "properties": {
        "purpose": "home_to_work",
        "origin_id": "O_00087",
        "destination_id": "D_00300",
        "destination_category": "healthcare",
        "destination_name": "910医院",
        "origin_pop": 4844.0,
        "destination_jobs": 15831.81,
        "distance_m": 3727.64,
        "trips": 241.385
      }
    },
    {
      "type": "Feature",
      "geometry": {
        "type": "LineString",
        "coordinates": [
          [
            118.57883877500001,
            24.911459775
          ],
          [
            118.58039623076924,
            24.921369546153848
          ]
        ]
      },
      "properties": {
        "purpose": "home_to_work",
        "origin_id": "O_00087",
        "destination_id": "D_00272",
        "destination_category": "commercial_office",
        "destination_name": "开元盛世广场",
        "origin_pop": 4844.0,
        "destination_jobs": 5705.79,
        "distance_m": 1106.65,
        "trips": 208.412
      }
    },
    {
      "type": "Feature",
      "geometry": {
        "type": "LineString",
        "coordinates": [
          [
            118.57883877500001,
            24.911459775
          ],
          [
            118.63935618000001,
            24.939899246666666
          ]
        ]
      },
      "properties": {
        "purpose": "home_to_work",
        "origin_id": "O_00087",
        "destination_id": "D_00149",
        "destination_category": "education",
        "destination_name": "华侨大学",
        "origin_pop": 4844.0,
        "destination_jobs": 36219.49,
        "distance_m": 6870.69,
        "trips": 193.6954
      }
    },
    {
      "type": "Feature",
      "geometry": {
        "type": "LineString",
        "coordinates": [
          [
            118.57883877500001,
            24.911459775
          ],
          [
            118.62414069230769,
            24.88434541538462
          ]
        ]
      },
      "properties": {
        "purpose": "home_to_work",
        "origin_id": "O_00087",
        "destination_id": "D_00204",
        "destination_category": "education",
        "destination_name": "黎明职业大学",
        "origin_pop": 4844.0,
        "destination_jobs": 20180.72,
        "distance_m": 5468.79,
        "trips": 172.2106
      }
    },
    {
      "type": "Feature",
      "geometry": {
        "type": "LineString",
        "coordinates": [
          [
            118.57883877500001,
            24.911459775
          ],
          [
            118.59354837999999,
            24.915964273333334
          ]
        ]
      },
      "properties": {
        "purpose": "home_to_work",
        "origin_id": "O_00087",
        "destination_id": "D_00674",
        "destination_category": "healthcare",
        "destination_name": "泉州市第一医院",
        "origin_pop": 4844.0,
        "destination_jobs": 4099.66,
        "distance_m": 1566.35,
        "trips": 128.4717
      }
    },
    {
      "type": "Feature",
      "geometry": {
        "type": "LineString",
        "coordinates": [
          [
            118.57883877500001,
            24.911459775
          ],
          [
            118.58003240666666,
            24.919504482222223
          ]
        ]
      },
      "properties": {
        "purpose": "home_to_work",
        "origin_id": "O_00087",
        "destination_id": "D_00273",
        "destination_category": "education",
        "destination_name": "泉州市培元中学",
        "origin_pop": 4844.0,
        "destination_jobs": 2562.4,
        "distance_m": 897.39,
        "trips": 100.3571
      }
    },
    {
      "type": "Feature",
      "geometry": {
        "type": "LineString",
        "coordinates": [
          [
            118.57883877500001,
            24.911459775
          ],
          [
            118.66633520434783,
            24.872914973913044
          ]
        ]
      },
      "properties": {
        "purpose": "home_to_work",
        "origin_id": "O_00087",
        "destination_id": "D_00108",
        "destination_category": "education",
        "destination_name": "泉州师范学院",
        "origin_pop": 4844.0,
        "destination_jobs": 49778.48,
        "distance_m": 9808.96,
        "trips": 99.9678
      }
    },
    {
      "type": "Feature",
      "geometry": {
        "type": "LineString",
        "coordinates": [
          [
            118.57883877500001,
            24.911459775
          ],
          [
            118.58126169999998,
            24.91169928888889
          ]
        ]
      },
      "properties": {
        "purpose": "home_to_work",
        "origin_id": "O_00087",
        "destination_id": "D_00981",
        "destination_category": "commercial_office",
        "destination_name": "泉州工艺美术合作社",
        "origin_pop": 4844.0,
        "destination_jobs": 2013.93,
        "distance_m": 246.05,
        "trips": 98.0024
      }
    },
    {
      "type": "Feature",
      "geometry": {
        "type": "LineString",
        "coordinates": [
          [
            118.58819095999999,
            24.92235079
          ],
          [
            118.57828776875,
            24.945803090625
          ]
        ]
      },
      "properties": {
        "purpose": "home_to_work",
        "origin_id": "O_00088",
        "destination_id": "D_00301",
        "destination_category": "education",
        "destination_name": "",
        "origin_pop": 4878.0,
        "destination_jobs": 27053.76,
        "distance_m": 2778.48,
        "trips": 488.3195
      }
    },
    {
      "type": "Feature",
      "geometry": {
        "type": "LineString",
        "coordinates": [
          [
            118.58819095999999,
            24.92235079
          ],
          [
            118.57454498235293,
            24.915936364705882
          ]
        ]
      },
      "properties": {
        "purpose": "home_to_work",
        "origin_id": "O_00088",
        "destination_id": "D_00321",
        "destination_category": "commercial_office",
        "destination_name": "源和1916创意产业园",
        "origin_pop": 4878.0,
        "destination_jobs": 12593.06,
        "distance_m": 1549.41,
        "trips": 342.4004
      }
    },
    {
      "type": "Feature",
      "geometry": {
        "type": "LineString",
        "coordinates": [
          [
            118.58819095999999,
            24.92235079
          ],
          [
            118.59383305000001,
            24.942276507142857
          ]
        ]
      },
      "properties": {
        "purpose": "home_to_work",
        "origin_id": "O_00088",
        "destination_id": "D_00300",
        "destination_category": "healthcare",
        "destination_name": "910医院",
        "origin_pop": 4878.0,
        "destination_jobs": 15831.81,
        "distance_m": 2275.03,
        "trips": 337.9782
      }
    },
    {
      "type": "Feature",
      "geometry": {
        "type": "LineString",
        "coordinates": [
          [
            118.58819095999999,
            24.92235079
          ],
          [
            118.63935618000001,
            24.939899246666666
          ]
        ]
      },
      "properties": {
        "purpose": "home_to_work",
        "origin_id": "O_00088",
        "destination_id": "D_00149",
        "destination_category": "education",
        "destination_name": "华侨大学",
        "origin_pop": 4878.0,
        "destination_jobs": 36219.49,
        "distance_m": 5517.21,
        "trips": 262.3898
      }
    },
    {
      "type": "Feature",
      "geometry": {
        "type": "LineString",
        "coordinates": [
          [
            118.58819095999999,
            24.92235079
          ],
          [
            118.58039623076924,
            24.921369546153848
          ]
        ]
      },
      "properties": {
        "purpose": "home_to_work",
        "origin_id": "O_00088",
        "destination_id": "D_00272",
        "destination_category": "commercial_office",
        "destination_name": "开元盛世广场",
        "origin_pop": 4878.0,
        "destination_jobs": 5705.79,
        "distance_m": 794.35,
        "trips": 199.5376
      }
    },
    {
      "type": "Feature",
      "geometry": {
        "type": "LineString",
        "coordinates": [
          [
            118.58819095999999,
            24.92235079
          ],
          [
            118.62414069230769,
            24.88434541538462
          ]
        ]
      },
      "properties": {
        "purpose": "home_to_work",
        "origin_id": "O_00088",
        "destination_id": "D_00204",
        "destination_category": "education",
        "destination_name": "黎明职业大学",
        "origin_pop": 4878.0,
        "destination_jobs": 20180.72,
        "distance_m": 5552.02,
        "trips": 144.5113
      }
    },
    {
      "type": "Feature",
      "geometry": {
        "type": "LineString",
        "coordinates": [
          [
            118.58819095999999,
            24.92235079
          ],
          [
            118.59354837999999,
            24.915964273333334
          ]
        ]
      },
      "properties": {
        "purpose": "home_to_work",
        "origin_id": "O_00088",
        "destination_id": "D_00674",
        "destination_category": "healthcare",
        "destination_name": "泉州市第一医院",
        "origin_pop": 4878.0,
        "destination_jobs": 4099.66,
        "distance_m": 889.34,
        "trips": 138.9012
      }
    },
    {
      "type": "Feature",
      "geometry": {
        "type": "LineString",
        "coordinates": [
          [
            118.58819095999999,
            24.92235079
          ],
          [
            118.5917593967742,
            24.925355925806453
          ]
        ]
      },
      "properties": {
        "purpose": "home_to_work",
        "origin_id": "O_00088",
        "destination_id": "D_00047",
        "destination_category": "education",
        "destination_name": "泉州市第一中学",
        "origin_pop": 4878.0,
        "destination_jobs": 2622.24,
        "distance_m": 490.02,
        "trips": 101.4934
      }
    },
    {
      "type": "Feature",
      "geometry": {
        "type": "LineString",
        "coordinates": [
          [
            118.58819095999999,
            24.92235079
          ],
          [
            118.66633520434783,
            24.872914973913044
          ]
        ]
      },
      "properties": {
        "purpose": "home_to_work",
        "origin_id": "O_00088",
        "destination_id": "D_00108",
        "destination_category": "education",
        "destination_name": "泉州师范学院",
        "origin_pop": 4878.0,
        "destination_jobs": 49778.48,
        "distance_m": 9598.07,
        "trips": 92.5299
      }
    },
    {
      "type": "Feature",
      "geometry": {
        "type": "LineString",
        "coordinates": [
          [
            118.58819095999999,
            24.92235079
          ],
          [
            118.58003240666666,
            24.919504482222223
          ]
        ]
      },
      "properties": {
        "purpose": "home_to_work",
        "origin_id": "O_00088",
        "destination_id": "D_00273",
        "destination_category": "education",
        "destination_name": "泉州市培元中学",
        "origin_pop": 4878.0,
        "destination_jobs": 2562.4,
        "distance_m": 881.7,
        "trips": 87.0386
      }
    },
    {
      "type": "Feature",
      "geometry": {
        "type": "LineString",
        "coordinates": [
          [
            118.5882512875,
            24.921614125
          ],
          [
            118.57828776875,
            24.945803090625
          ]
        ]
      },
      "properties": {
        "purpose": "home_to_work",
        "origin_id": "O_00089",
        "destination_id": "D_00301",
        "destination_category": "education",
        "destination_name": "",
        "origin_pop": 4901.0,
        "destination_jobs": 27053.76,
        "distance_m": 2856.75,
        "trips": 480.851
      }
    },
    {
      "type": "Feature",
      "geometry": {
        "type": "LineString",
        "coordinates": [
          [
            118.5882512875,
            24.921614125
          ],
          [
            118.57454498235293,
            24.915936364705882
          ]
        ]
      },
      "properties": {
        "purpose": "home_to_work",
        "origin_id": "O_00089",
        "destination_id": "D_00321",
        "destination_category": "commercial_office",
        "destination_name": "源和1916创意产业园",
        "origin_pop": 4901.0,
        "destination_jobs": 12593.06,
        "distance_m": 1519.43,
        "trips": 349.552
      }
    },
    {
      "type": "Feature",
      "geometry": {
        "type": "LineString",
        "coordinates": [
          [
            118.5882512875,
            24.921614125
          ],
          [
            118.59383305000001,
            24.942276507142857
          ]
        ]
      },
      "properties": {
        "purpose": "home_to_work",
        "origin_id": "O_00089",
        "destination_id": "D_00300",
        "destination_category": "healthcare",
        "destination_name": "910医院",
        "origin_pop": 4901.0,
        "destination_jobs": 15831.81,
        "distance_m": 2352.49,
        "trips": 332.8986
      }
    },
    {
      "type": "Feature",
      "geometry": {
        "type": "LineString",
        "coordinates": [
          [
            118.5882512875,
            24.921614125
          ],
          [
            118.63935618000001,
            24.939899246666666
          ]
        ]
      },
      "properties": {
        "purpose": "home_to_work",
        "origin_id": "O_00089",
        "destination_id": "D_00149",
        "destination_category": "education",
        "destination_name": "华侨大学",
        "origin_pop": 4901.0,
        "destination_jobs": 36219.49,
        "distance_m": 5540.71,
        "trips": 263.1371
      }
    },
    {
      "type": "Feature",
      "geometry": {
        "type": "LineString",
        "coordinates": [
          [
            118.5882512875,
            24.921614125
          ],
          [
            118.58039623076924,
            24.921369546153848
          ]
        ]
      },
      "properties": {
        "purpose": "home_to_work",
        "origin_id": "O_00089",
        "destination_id": "D_00272",
        "destination_category": "commercial_office",
        "destination_name": "开元盛世广场",
        "origin_pop": 4901.0,
        "destination_jobs": 5705.79,
        "distance_m": 793.46,
        "trips": 201.739
      }
    },
    {
      "type": "Feature",
      "geometry": {
        "type": "LineString",
        "coordinates": [
          [
            118.5882512875,
            24.921614125
          ],
          [
            118.62414069230769,
            24.88434541538462
          ]
        ]
      },
      "properties": {
        "purpose": "home_to_work",
        "origin_id": "O_00089",
        "destination_id": "D_00204",
        "destination_category": "education",
        "destination_name": "黎明职业大学",
        "origin_pop": 4901.0,
        "destination_jobs": 20180.72,
        "distance_m": 5486.65,
        "trips": 149.2805
      }
    },
    {
      "type": "Feature",
      "geometry": {
        "type": "LineString",
        "coordinates": [
          [
            118.5882512875,
            24.921614125
          ],
          [
            118.59354837999999,
            24.915964273333334
          ]
        ]
      },
      "properties": {
        "purpose": "home_to_work",
        "origin_id": "O_00089",
        "destination_id": "D_00674",
        "destination_category": "healthcare",
        "destination_name": "泉州市第一医院",
        "origin_pop": 4901.0,
        "destination_jobs": 4099.66,
        "distance_m": 822.21,
        "trips": 143.569
      }
    },
    {
      "type": "Feature",
      "geometry": {
        "type": "LineString",
        "coordinates": [
          [
            118.5882512875,
            24.921614125
          ],
          [
            118.5917593967742,
            24.925355925806453
          ]
        ]
      },
      "properties": {
        "purpose": "home_to_work",
        "origin_id": "O_00089",
        "destination_id": "D_00047",
        "destination_category": "education",
        "destination_name": "泉州市第一中学",
        "origin_pop": 4901.0,
        "destination_jobs": 2622.24,
        "distance_m": 544.52,
        "trips": 100.7361
      }
    },
    {
      "type": "Feature",
      "geometry": {
        "type": "LineString",
        "coordinates": [
          [
            118.5882512875,
            24.921614125
          ],
          [
            118.66633520434783,
            24.872914973913044
          ]
        ]
      },
      "properties": {
        "purpose": "home_to_work",
        "origin_id": "O_00089",
        "destination_id": "D_00108",
        "destination_category": "education",
        "destination_name": "泉州师范学院",
        "origin_pop": 4901.0,
        "destination_jobs": 49778.48,
        "distance_m": 9546.93,
        "trips": 95.131
      }
    },
    {
      "type": "Feature",
      "geometry": {
        "type": "LineString",
        "coordinates": [
          [
            118.5882512875,
            24.921614125
          ],
          [
            118.58003240666666,
            24.919504482222223
          ]
        ]
      },
      "properties": {
        "purpose": "home_to_work",
        "origin_id": "O_00089",
        "destination_id": "D_00273",
        "destination_category": "education",
        "destination_name": "泉州市培元中学",
        "origin_pop": 4901.0,
        "destination_jobs": 2562.4,
        "distance_m": 861.89,
        "trips": 88.5556
      }
    },
    {
      "type": "Feature",
      "geometry": {
        "type": "LineString",
        "coordinates": [
          [
            118.58835695,
            24.921592925
          ],
          [
            118.57828776875,
            24.945803090625
          ]
        ]
      },
      "properties": {
        "purpose": "home_to_work",
        "origin_id": "O_00090",
        "destination_id": "D_00301",
        "destination_category": "education",
        "destination_name": "",
        "origin_pop": 4948.0,
        "destination_jobs": 27053.76,
        "distance_m": 2862.71,
        "trips": 484.6733
      }
    },
    {
      "type": "Feature",
      "geometry": {
        "type": "LineString",
        "coordinates": [
          [
            118.58835695,
            24.921592925
          ],
          [
            118.57454498235293,
            24.915936364705882
          ]
        ]
      },
      "properties": {
        "purpose": "home_to_work",
        "origin_id": "O_00090",
        "destination_id": "D_00321",
        "destination_category": "commercial_office",
        "destination_name": "源和1916创意产业园",
        "origin_pop": 4948.0,
        "destination_jobs": 12593.06,
        "distance_m": 1528.19,
        "trips": 352.0022
      }
    },
    {
      "type": "Feature",
      "geometry": {
        "type": "LineString",
        "coordinates": [
          [
            118.58835695,
            24.921592925
          ],
          [
            118.59383305000001,
            24.942276507142857
          ]
        ]
      },
      "properties": {
        "purpose": "home_to_work",
        "origin_id": "O_00090",
        "destination_id": "D_00300",
        "destination_category": "healthcare",
        "destination_name": "910医院",
        "origin_pop": 4948.0,
        "destination_jobs": 15831.81,
        "distance_m": 2352.24,
        "trips": 336.241
      }
    },
    {
      "type": "Feature",
      "geometry": {
        "type": "LineString",
        "coordinates": [
          [
            118.58835695,
            24.921592925
          ],
          [
            118.63935618000001,
            24.939899246666666
          ]
        ]
      },
      "properties": {
        "purpose": "home_to_work",
        "origin_id": "O_00090",
        "destination_id": "D_00149",
        "destination_category": "education",
        "destination_name": "华侨大学",
        "origin_pop": 4948.0,
        "destination_jobs": 36219.49,
        "distance_m": 5531.64,
        "trips": 266.5615
      }
    },
    {
      "type": "Feature",
      "geometry": {
        "type": "LineString",
        "coordinates": [
          [
            118.58835695,
            24.921592925
          ],
          [
            118.58039623076924,
            24.921369546153848
          ]
        ]
      },
      "properties": {
        "purpose": "home_to_work",
        "origin_id": "O_00090",
        "destination_id": "D_00272",
        "destination_category": "commercial_office",
        "destination_name": "开元盛世广场",
        "origin_pop": 4948.0,
        "destination_jobs": 5705.79,
        "distance_m": 804.05,
        "trips": 203.0296
      }
    },
    {
      "type": "Feature",
      "geometry": {
        "type": "LineString",
        "coordinates": [
          [
            118.58835695,
            24.921592925
          ],
          [
            118.62414069230769,
            24.88434541538462
          ]
        ]
      },
      "properties": {
        "purpose": "home_to_work",
        "origin_id": "O_00090",
        "destination_id": "D_00204",
        "destination_category": "education",
        "destination_name": "黎明职业大学",
        "origin_pop": 4948.0,
        "destination_jobs": 20180.72,
        "distance_m": 5477.85,
        "trips": 151.2095
      }
    },
    {
      "type": "Feature",
      "geometry": {
        "type": "LineString",
        "coordinates": [
          [
            118.58835695,
            24.921592925
          ],
          [
            118.59354837999999,
            24.915964273333334
          ]
        ]
      },
      "properties": {
        "purpose": "home_to_work",
        "origin_id": "O_00090",
        "destination_id": "D_00674",
        "destination_category": "healthcare",
        "destination_name": "泉州市第一医院",
        "origin_pop": 4948.0,
        "destination_jobs": 4099.66,
        "distance_m": 813.52,
        "trips": 145.4189
      }
    },
    {
      "type": "Feature",
      "geometry": {
        "type": "LineString",
        "coordinates": [
          [
            118.58835695,
            24.921592925
          ],
          [
            118.5917593967742,
            24.925355925806453
          ]
        ]
      },
      "properties": {
        "purpose": "home_to_work",
        "origin_id": "O_00090",
        "destination_id": "D_00047",
        "destination_category": "education",
        "destination_name": "泉州市第一中学",
        "origin_pop": 4948.0,
        "destination_jobs": 2622.24,
        "distance_m": 539.45,
        "trips": 101.911
      }
    },
    {
      "type": "Feature",
      "geometry": {
        "type": "LineString",
        "coordinates": [
          [
            118.58835695,
            24.921592925
          ],
          [
            118.66633520434783,
            24.872914973913044
          ]
        ]
      },
      "properties": {
        "purpose": "home_to_work",
        "origin_id": "O_00090",
        "destination_id": "D_00108",
        "destination_category": "education",
        "destination_name": "泉州师范学院",
        "origin_pop": 4948.0,
        "destination_jobs": 49778.48,
        "distance_m": 9536.8,
        "trips": 96.403
      }
    },
    {
      "type": "Feature",
      "geometry": {
        "type": "LineString",
        "coordinates": [
          [
            118.58835695,
            24.921592925
          ],
          [
            118.58003240666666,
            24.919504482222223
          ]
        ]
      },
      "properties": {
        "purpose": "home_to_work",
        "origin_id": "O_00090",
        "destination_id": "D_00273",
        "destination_category": "education",
        "destination_name": "泉州市培元中学",
        "origin_pop": 4948.0,
        "destination_jobs": 2562.4,
        "distance_m": 871.54,
        "trips": 89.1499
      }
    },
    {
      "type": "Feature",
      "geometry": {
        "type": "LineString",
        "coordinates": [
          [
            118.58680045000001,
            24.923192370000002
          ],
          [
            118.57828776875,
            24.945803090625
          ]
        ]
      },
      "properties": {
        "purpose": "home_to_work",
        "origin_id": "O_00091",
        "destination_id": "D_00301",
        "destination_category": "education",
        "destination_name": "",
        "origin_pop": 4959.0,
        "destination_jobs": 27053.76,
        "distance_m": 2642.98,
        "trips": 515.4699
      }
    },
    {
      "type": "Feature",
      "geometry": {
        "type": "LineString",
        "coordinates": [
          [
            118.58680045000001,
            24.923192370000002
          ],
          [
            118.57454498235293,
            24.915936364705882
          ]
        ]
      },
      "properties": {
        "purpose": "home_to_work",
        "origin_id": "O_00091",
        "destination_id": "D_00321",
        "destination_category": "commercial_office",
        "destination_name": "源和1916创意产业园",
        "origin_pop": 4959.0,
        "destination_jobs": 12593.06,
        "distance_m": 1474.5,
        "trips": 354.2108
      }
    },
    {
      "type": "Feature",
      "geometry": {
        "type": "LineString",
        "coordinates": [
          [
            118.58680045000001,
            24.923192370000002
          ],
          [
            118.59383305000001,
            24.942276507142857
          ]
        ]
      },
      "properties": {
        "purpose": "home_to_work",
        "origin_id": "O_00091",
        "destination_id": "D_00300",
        "destination_category": "healthcare",
        "destination_name": "910医院",
        "origin_pop": 4959.0,
        "destination_jobs": 15831.81,
        "distance_m": 2225.81,
        "trips": 346.6558
      }
    },
    {
      "type": "Feature",
      "geometry": {
        "type": "LineString",
        "coordinates": [
          [
            118.58680045000001,
            24.923192370000002
          ],
          [
            118.63935618000001,
            24.939899246666666
          ]
        ]
      },
      "properties": {
        "purpose": "home_to_work",
        "origin_id": "O_00091",
        "destination_id": "D_00149",
        "destination_category": "education",
        "destination_name": "华侨大学",
        "origin_pop": 4959.0,
        "destination_jobs": 36219.49,
        "distance_m": 5617.55,
        "trips": 256.0383
      }
    },
    {
      "type": "Feature",
      "geometry": {
        "type": "LineString",
        "coordinates": [
          [
            118.58680045000001,
            24.923192370000002
          ],
          [
            118.58039623076924,
            24.921369546153848
          ]
        ]
      },
      "properties": {
        "purpose": "home_to_work",
        "origin_id": "O_00091",
        "destination_id": "D_00272",
        "destination_category": "commercial_office",
        "destination_name": "开元盛世广场",
        "origin_pop": 4959.0,
        "destination_jobs": 5705.79,
        "distance_m": 677.2,
        "trips": 209.3472
      }
    },
    {
      "type": "Feature",
      "geometry": {
        "type": "LineString",
        "coordinates": [
          [
            118.58680045000001,
            24.923192370000002
          ],
          [
            118.62414069230769,
            24.88434541538462
          ]
        ]
      },
      "properties": {
        "purpose": "home_to_work",
        "origin_id": "O_00091",
        "destination_id": "D_00204",
        "destination_category": "education",
        "destination_name": "黎明职业大学",
        "origin_pop": 4959.0,
        "destination_jobs": 20180.72,
        "distance_m": 5714.38,
        "trips": 138.1281
      }
    },
    {
      "type": "Feature",
      "geometry": {
        "type": "LineString",
        "coordinates": [
          [
            118.58680045000001,
            24.923192370000002
          ],
          [
            118.59354837999999,
            24.915964273333334
          ]
        ]
      },
      "properties": {
        "purpose": "home_to_work",
        "origin_id": "O_00091",
        "destination_id": "D_00674",
        "destination_category": "healthcare",
        "destination_name": "泉州市第一医院",
        "origin_pop": 4959.0,
        "destination_jobs": 4099.66,
        "distance_m": 1049.99,
        "trips": 132.841
      }
    },
    {
      "type": "Feature",
      "geometry": {
        "type": "LineString",
        "coordinates": [
          [
            118.58680045000001,
            24.923192370000002
          ],
          [
            118.5917593967742,
            24.925355925806453
          ]
        ]
      },
      "properties": {
        "purpose": "home_to_work",
        "origin_id": "O_00091",
        "destination_id": "D_00047",
        "destination_category": "education",
        "destination_name": "泉州市第一中学",
        "origin_pop": 4959.0,
        "destination_jobs": 2622.24,
        "distance_m": 554.81,
        "trips": 100.2172
      }
    },
    {
      "type": "Feature",
      "geometry": {
        "type": "LineString",
        "coordinates": [
          [
            118.58680045000001,
            24.923192370000002
          ],
          [
            118.58003240666666,
            24.919504482222223
          ]
        ]
      },
      "properties": {
        "purpose": "home_to_work",
        "origin_id": "O_00091",
        "destination_id": "D_00273",
        "destination_category": "education",
        "destination_name": "泉州市培元中学",
        "origin_pop": 4959.0,
        "destination_jobs": 2562.4,
        "distance_m": 795.64,
        "trips": 90.3761
      }
    },
    {
      "type": "Feature",
      "geometry": {
        "type": "LineString",
        "coordinates": [
          [
            118.58680045000001,
            24.923192370000002
          ],
          [
            118.66633520434783,
            24.872914973913044
          ]
        ]
      },
      "properties": {
        "purpose": "home_to_work",
        "origin_id": "O_00091",
        "destination_id": "D_00108",
        "destination_category": "education",
        "destination_name": "泉州师范学院",
        "origin_pop": 4959.0,
        "destination_jobs": 49778.48,
        "distance_m": 9766.44,
        "trips": 88.2656
      }
    },
    {
      "type": "Feature",
      "geometry": {
        "type": "LineString",
        "coordinates": [
          [
            118.67453007499999,
            24.86074845
          ],
          [
            118.66633520434783,
            24.872914973913044
          ]
        ]
      },
      "properties": {
        "purpose": "home_to_work",
        "origin_id": "O_00092",
        "destination_id": "D_00108",
        "destination_category": "education",
        "destination_name": "泉州师范学院",
        "origin_pop": 4776.0,
        "destination_jobs": 49778.48,
        "distance_m": 1579.17,
        "trips": 781.6484
      }
    },
    {
      "type": "Feature",
      "geometry": {
        "type": "LineString",
        "coordinates": [
          [
            118.67453007499999,
            24.86074845
          ],
          [
            118.67346315,
            24.873829045
          ]
        ]
      },
      "properties": {
        "purpose": "home_to_work",
        "origin_id": "O_00092",
        "destination_id": "D_00662",
        "destination_category": "commercial_office",
        "destination_name": "",
        "origin_pop": 4776.0,
        "destination_jobs": 41918.35,
        "distance_m": 1449.94,
        "trips": 687.1978
      }
    },
    {
      "type": "Feature",
      "geometry": {
        "type": "LineString",
        "coordinates": [
          [
            118.67453007499999,
            24.86074845
          ],
          [
            118.65362735,
            24.87613105
          ]
        ]
      },
      "properties": {
        "purpose": "home_to_work",
        "origin_id": "O_00092",
        "destination_id": "D_00114",
        "destination_category": "healthcare",
        "destination_name": "福建医科大学附属第二医院东海分院",
        "origin_pop": 4776.0,
        "destination_jobs": 11347.32,
        "distance_m": 2710.76,
        "trips": 122.1936
      }
    },
    {
      "type": "Feature",
      "geometry": {
        "type": "LineString",
        "coordinates": [
          [
            118.67453007499999,
            24.86074845
          ],
          [
            118.65411906363637,
            24.87995060909091
          ]
        ]
      },
      "properties": {
        "purpose": "home_to_work",
        "origin_id": "O_00092",
        "destination_id": "D_00113",
        "destination_category": "education",
        "destination_name": "泉州幼儿师范高等专科学校",
        "origin_pop": 4776.0,
        "destination_jobs": 12051.56,
        "distance_m": 2958.88,
        "trips": 119.4755
      }
    },
    {
      "type": "Feature",
      "geometry": {
        "type": "LineString",
        "coordinates": [
          [
            118.67453007499999,
            24.86074845
          ],
          [
            118.629396225,
            24.854245625
          ]
        ]
      },
      "properties": {
        "purpose": "home_to_work",
        "origin_id": "O_00092",
        "destination_id": "D_00962",
        "destination_category": "healthcare",
        "destination_name": "",
        "origin_pop": 4776.0,
        "destination_jobs": 17148.53,
        "distance_m": 4615.15,
        "trips": 97.8798
      }
    },
    {
      "type": "Feature",
      "geometry": {
        "type": "LineString",
        "coordinates": [
          [
            118.67453007499999,
            24.86074845
          ],
          [
            118.62414069230769,
            24.88434541538462
          ]
        ]
      },
      "properties": {
        "purpose": "home_to_work",
        "origin_id": "O_00092",
        "destination_id": "D_00204",
        "destination_category": "education",
        "destination_name": "黎明职业大学",
        "origin_pop": 4776.0,
        "destination_jobs": 20180.72,
        "distance_m": 5718.59,
        "trips": 79.7377
      }
    },
    {
      "type": "Feature",
      "geometry": {
        "type": "LineString",
        "coordinates": [
          [
            118.67453007499999,
            24.86074845
          ],
          [
            118.67587649,
            24.876231490000002
          ]
        ]
      },
      "properties": {
        "purpose": "home_to_work",
        "origin_id": "O_00092",
        "destination_id": "D_00185",
        "destination_category": "education",
        "destination_name": "福建省泉州第一中学（东海校区）",
        "origin_pop": 4776.0,
        "destination_jobs": 5273.13,
        "distance_m": 1716.89,
        "trips": 79.0863
      }
    },
    {
      "type": "Feature",
      "geometry": {
        "type": "LineString",
        "coordinates": [
          [
            118.67453007499999,
            24.86074845
          ],
          [
            118.6744636,
            24.88483345
          ]
        ]
      },
      "properties": {
        "purpose": "home_to_work",
        "origin_id": "O_00092",
        "destination_id": "D_00214",
        "destination_category": "commercial_office",
        "destination_name": "",
        "origin_pop": 4776.0,
        "destination_jobs": 5716.57,
        "distance_m": 2662.36,
        "trips": 62.56
      }
    },
    {
      "type": "Feature",
      "geometry": {
        "type": "LineString",
        "coordinates": [
          [
            118.67453007499999,
            24.86074845
          ],
          [
            118.671360425,
            24.876997175
          ]
        ]
      },
      "properties": {
        "purpose": "home_to_work",
        "origin_id": "O_00092",
        "destination_id": "D_00056",
        "destination_category": "commercial_office",
        "destination_name": "泉州市人民政府",
        "origin_pop": 4776.0,
        "destination_jobs": 4284.56,
        "distance_m": 1824.44,
        "trips": 61.9968
      }
    },
    {
      "type": "Feature",
      "geometry": {
        "type": "LineString",
        "coordinates": [
          [
            118.67453007499999,
            24.86074845
          ],
          [
            118.683299068,
            24.881939132000003
          ]
        ]
      },
      "properties": {
        "purpose": "home_to_work",
        "origin_id": "O_00092",
        "destination_id": "D_00115",
        "destination_category": "industry",
        "destination_name": "后渚港",
        "origin_pop": 4776.0,
        "destination_jobs": 4977.88,
        "distance_m": 2504.25,
        "trips": 57.4242
      }
    },
    {
      "type": "Feature",
      "geometry": {
        "type": "LineString",
        "coordinates": [
          [
            118.6749239,
            24.8609134
          ],
          [
            118.66633520434783,
            24.872914973913044
          ]
        ]
      },
      "properties": {
        "purpose": "home_to_work",
        "origin_id": "O_00093",
        "destination_id": "D_00108",
        "destination_category": "education",
        "destination_name": "泉州师范学院",
        "origin_pop": 4755.0,
        "destination_jobs": 49778.48,
        "distance_m": 1585.08,
        "trips": 776.6505
      }
    },
    {
      "type": "Feature",
      "geometry": {
        "type": "LineString",
        "coordinates": [
          [
            118.6749239,
            24.8609134
          ],
          [
            118.67346315,
            24.873829045
          ]
        ]
      },
      "properties": {
        "purpose": "home_to_work",
        "origin_id": "O_00093",
        "destination_id": "D_00662",
        "destination_category": "commercial_office",
        "destination_name": "",
        "origin_pop": 4755.0,
        "destination_jobs": 41918.35,
        "distance_m": 1435.3,
        "trips": 687.4981
      }
    },
    {
      "type": "Feature",
      "geometry": {
        "type": "LineString",
        "coordinates": [
          [
            118.6749239,
            24.8609134
          ],
          [
            118.65362735,
            24.87613105
          ]
        ]
      },
      "properties": {
        "purpose": "home_to_work",
        "origin_id": "O_00093",
        "destination_id": "D_00114",
        "destination_category": "healthcare",
        "destination_name": "福建医科大学附属第二医院东海分院",
        "origin_pop": 4755.0,
        "destination_jobs": 11347.32,
        "distance_m": 2730.58,
        "trips": 120.8509
      }
    },
    {
      "type": "Feature",
      "geometry": {
        "type": "LineString",
        "coordinates": [
          [
            118.6749239,
            24.8609134
          ],
          [
            118.65411906363637,
            24.87995060909091
          ]
        ]
      },
      "properties": {
        "purpose": "home_to_work",
        "origin_id": "O_00093",
        "destination_id": "D_00113",
        "destination_category": "education",
        "destination_name": "泉州幼儿师范高等专科学校",
        "origin_pop": 4755.0,
        "destination_jobs": 12051.56,
        "distance_m": 2973.8,
        "trips": 118.3559
      }
    },
    {
      "type": "Feature",
      "geometry": {
        "type": "LineString",
        "coordinates": [
          [
            118.6749239,
            24.8609134
          ],
          [
            118.629396225,
            24.854245625
          ]
        ]
      },
      "properties": {
        "purpose": "home_to_work",
        "origin_id": "O_00093",
        "destination_id": "D_00962",
        "destination_category": "healthcare",
        "destination_name": "",
        "origin_pop": 4755.0,
        "destination_jobs": 17148.53,
        "distance_m": 4657.3,
        "trips": 96.0864
      }
    },
    {
      "type": "Feature",
      "geometry": {
        "type": "LineString",
        "coordinates": [
          [
            118.6749239,
            24.8609134
          ],
          [
            118.67587649,
            24.876231490000002
          ]
        ]
      },
      "properties": {
        "purpose": "home_to_work",
        "origin_id": "O_00093",
        "destination_id": "D_00185",
        "destination_category": "education",
        "destination_name": "福建省泉州第一中学（东海校区）",
        "origin_pop": 4755.0,
        "destination_jobs": 5273.13,
        "distance_m": 1695.99,
        "trips": 79.286
      }
    },
    {
      "type": "Feature",
      "geometry": {
        "type": "LineString",
        "coordinates": [
          [
            118.6749239,
            24.8609134
          ],
          [
            118.62414069230769,
            24.88434541538462
          ]
        ]
      },
      "properties": {
        "purpose": "home_to_work",
        "origin_id": "O_00093",
        "destination_id": "D_00204",
        "destination_category": "education",
        "destination_name": "黎明职业大学",
        "origin_pop": 4755.0,
        "destination_jobs": 20180.72,
        "distance_m": 5745.77,
        "trips": 78.6682
      }
    },
    {
      "type": "Feature",
      "geometry": {
        "type": "LineString",
        "coordinates": [
          [
            118.6749239,
            24.8609134
          ],
          [
            118.6744636,
            24.88483345
          ]
        ]
      },
      "properties": {
        "purpose": "home_to_work",
        "origin_id": "O_00093",
        "destination_id": "D_00214",
        "destination_category": "commercial_office",
        "destination_name": "",
        "origin_pop": 4755.0,
        "destination_jobs": 5716.57,
        "distance_m": 2644.53,
        "trips": 62.654
      }
    },
    {
      "type": "Feature",
      "geometry": {
        "type": "LineString",
        "coordinates": [
          [
            118.6749239,
            24.8609134
          ],
          [
            118.671360425,
            24.876997175
          ]
        ]
      },
      "properties": {
        "purpose": "home_to_work",
        "origin_id": "O_00093",
        "destination_id": "D_00056",
        "destination_category": "commercial_office",
        "destination_name": "泉州市人民政府",
        "origin_pop": 4755.0,
        "destination_jobs": 4284.56,
        "distance_m": 1813.96,
        "trips": 61.9378
      }
    },
    {
      "type": "Feature",
      "geometry": {
        "type": "LineString",
        "coordinates": [
          [
            118.6749239,
            24.8609134
          ],
          [
            118.683299068,
            24.881939132000003
          ]
        ]
      },
      "properties": {
        "purpose": "home_to_work",
        "origin_id": "O_00093",
        "destination_id": "D_00115",
        "destination_category": "industry",
        "destination_name": "后渚港",
        "origin_pop": 4755.0,
        "destination_jobs": 4977.88,
        "distance_m": 2473.32,
        "trips": 57.7621
      }
    },
    {
      "type": "Feature",
      "geometry": {
        "type": "LineString",
        "coordinates": [
          [
            118.675300975,
            24.861118575
          ],
          [
            118.66633520434783,
            24.872914973913044
          ]
        ]
      },
      "properties": {
        "purpose": "home_to_work",
        "origin_id": "O_00094",
        "destination_id": "D_00108",
        "destination_category": "education",
        "destination_name": "泉州师范学院",
        "origin_pop": 4888.0,
        "destination_jobs": 49778.48,
        "distance_m": 1587.56,
        "trips": 796.7689
      }
    },
    {
      "type": "Feature",
      "geometry": {
        "type": "LineString",
        "coordinates": [
          [
            118.675300975,
            24.861118575
          ],
          [
            118.67346315,
            24.873829045
          ]
        ]
      },
      "properties": {
        "purpose": "home_to_work",
        "origin_id": "O_00094",
        "destination_id": "D_00662",
        "destination_category": "commercial_office",
        "destination_name": "",
        "origin_pop": 4888.0,
        "destination_jobs": 41918.35,
        "distance_m": 1417.22,
        "trips": 710.1554
      }
    },
    {
      "type": "Feature",
      "geometry": {
        "type": "LineString",
        "coordinates": [
          [
            118.675300975,
            24.861118575
          ],
          [
            118.65362735,
            24.87613105
          ]
        ]
      },
      "properties": {
        "purpose": "home_to_work",
        "origin_id": "O_00094",
        "destination_id": "D_00114",
        "destination_category": "healthcare",
        "destination_name": "福建医科大学附属第二医院东海分院",
        "origin_pop": 4888.0,
        "destination_jobs": 11347.32,
        "distance_m": 2746.91,
        "trips": 123.4099
      }
    },
    {
      "type": "Feature",
      "geometry": {
        "type": "LineString",
        "coordinates": [
          [
            118.675300975,
            24.861118575
          ],
          [
            118.65411906363637,
            24.87995060909091
          ]
        ]
      },
      "properties": {
        "purpose": "home_to_work",
        "origin_id": "O_00094",
        "destination_id": "D_00113",
        "destination_category": "education",
        "destination_name": "泉州幼儿师范高等专科学校",
        "origin_pop": 4888.0,
        "destination_jobs": 12051.56,
        "distance_m": 2984.97,
        "trips": 121.0705
      }
    },
    {
      "type": "Feature",
      "geometry": {
        "type": "LineString",
        "coordinates": [
          [
            118.675300975,
            24.861118575
          ],
          [
            118.629396225,
            24.854245625
          ]
        ]
      },
      "properties": {
        "purpose": "home_to_work",
        "origin_id": "O_00094",
        "destination_id": "D_00962",
        "destination_category": "healthcare",
        "destination_name": "",
        "origin_pop": 4888.0,
        "destination_jobs": 17148.53,
        "distance_m": 4698.52,
        "trips": 97.3106
      }
    },
    {
      "type": "Feature",
      "geometry": {
        "type": "LineString",
        "coordinates": [
          [
            118.675300975,
            24.861118575
          ],
          [
            118.67587649,
            24.876231490000002
          ]
        ]
      },
      "properties": {
        "purpose": "home_to_work",
        "origin_id": "O_00094",
        "destination_id": "D_00185",
        "destination_category": "education",
        "destination_name": "福建省泉州第一中学（东海校区）",
        "origin_pop": 4888.0,
        "destination_jobs": 5273.13,
        "distance_m": 1671.59,
        "trips": 82.0718
      }
    },
    {
      "type": "Feature",
      "geometry": {
        "type": "LineString",
        "coordinates": [
          [
            118.675300975,
            24.861118575
          ],
          [
            118.62414069230769,
            24.88434541538462
          ]
        ]
      },
      "properties": {
        "purpose": "home_to_work",
        "origin_id": "O_00094",
        "destination_id": "D_00204",
        "destination_category": "education",
        "destination_name": "黎明职业大学",
        "origin_pop": 4888.0,
        "destination_jobs": 20180.72,
        "distance_m": 5769.66,
        "trips": 80.1322
      }
    },
    {
      "type": "Feature",
      "geometry": {
        "type": "LineString",
        "coordinates": [
          [
            118.675300975,
            24.861118575
          ],
          [
            118.6744636,
            24.88483345
          ]
        ]
      },
      "properties": {
        "purpose": "home_to_work",
        "origin_id": "O_00094",
        "destination_id": "D_00214",
        "destination_category": "commercial_office",
        "destination_name": "",
        "origin_pop": 4888.0,
        "destination_jobs": 5716.57,
        "distance_m": 2622.81,
        "trips": 64.7976
      }
    },
    {
      "type": "Feature",
      "geometry": {
        "type": "LineString",
        "coordinates": [
          [
            118.675300975,
            24.861118575
          ],
          [
            118.671360425,
            24.876997175
          ]
        ]
      },
      "properties": {
        "purpose": "home_to_work",
        "origin_id": "O_00094",
        "destination_id": "D_00056",
        "destination_category": "commercial_office",
        "destination_name": "泉州市人民政府",
        "origin_pop": 4888.0,
        "destination_jobs": 4284.56,
        "distance_m": 1799.78,
        "trips": 63.8962
      }
    },
    {
      "type": "Feature",
      "geometry": {
        "type": "LineString",
        "coordinates": [
          [
            118.675300975,
            24.861118575
          ],
          [
            118.683299068,
            24.881939132000003
          ]
        ]
      },
      "properties": {
        "purpose": "home_to_work",
        "origin_id": "O_00094",
        "destination_id": "D_00115",
        "destination_category": "industry",
        "destination_name": "后渚港",
        "origin_pop": 4888.0,
        "destination_jobs": 4977.88,
        "distance_m": 2439.14,
        "trips": 59.9868
      }
    },
    {
      "type": "Feature",
      "geometry": {
        "type": "LineString",
        "coordinates": [
          [
            118.674412125,
            24.861168675000002
          ],
          [
            118.66633520434783,
            24.872914973913044
          ]
        ]
      },
      "properties": {
        "purpose": "home_to_work",
        "origin_id": "O_00095",
        "destination_id": "D_00108",
        "destination_category": "education",
        "destination_name": "泉州师范学院",
        "origin_pop": 4868.0,
        "destination_jobs": 49778.48,
        "distance_m": 1533.43,
        "trips": 797.4242
      }
    },
    {
      "type": "Feature",
      "geometry": {
        "type": "LineString",
        "coordinates": [
          [
            118.674412125,
            24.861168675000002
          ],
          [
            118.67346315,
            24.873829045
          ]
        ]
      },
      "properties": {
        "purpose": "home_to_work",
        "origin_id": "O_00095",
        "destination_id": "D_00662",
        "destination_category": "commercial_office",
        "destination_name": "",
        "origin_pop": 4868.0,
        "destination_jobs": 41918.35,
        "distance_m": 1402.76,
        "trips": 701.4049
      }
    },
    {
      "type": "Feature",
      "geometry": {
        "type": "LineString",
        "coordinates": [
          [
            118.674412125,
            24.861168675000002
          ],
          [
            118.65362735,
            24.87613105
          ]
        ]
      },
      "properties": {
        "purpose": "home_to_work",
        "origin_id": "O_00095",
        "destination_id": "D_00114",
        "destination_category": "healthcare",
        "destination_name": "福建医科大学附属第二医院东海分院",
        "origin_pop": 4868.0,
        "destination_jobs": 11347.32,
        "distance_m": 2672.49,
        "trips": 124.3496
      }
    },
    {
      "type": "Feature",
      "geometry": {
        "type": "LineString",
        "coordinates": [
          [
            118.674412125,
            24.861168675000002
          ],
          [
            118.65411906363637,
            24.87995060909091
          ]
        ]
      },
      "properties": {
        "purpose": "home_to_work",
        "origin_id": "O_00095",
        "destination_id": "D_00113",
        "destination_category": "education",
        "destination_name": "泉州幼儿师范高等专科学校",
        "origin_pop": 4868.0,
        "destination_jobs": 12051.56,
        "distance_m": 2917.36,
        "trips": 121.7158
      }
    },
    {
      "type": "Feature",
      "geometry": {
        "type": "LineString",
        "coordinates": [
          [
            118.674412125,
            24.861168675000002
          ],
          [
            118.629396225,
            24.854245625
          ]
        ]
      },
      "properties": {
        "purpose": "home_to_work",
        "origin_id": "O_00095",
        "destination_id": "D_00962",
        "destination_category": "healthcare",
        "destination_name": "",
        "origin_pop": 4868.0,
        "destination_jobs": 17148.53,
        "distance_m": 4610.86,
        "trips": 98.4852
      }
    },
    {
      "type": "Feature",
      "geometry": {
        "type": "LineString",
        "coordinates": [
          [
            118.674412125,
            24.861168675000002
          ],
          [
            118.62414069230769,
            24.88434541538462
          ]
        ]
      },
      "properties": {
        "purpose": "home_to_work",
        "origin_id": "O_00095",
        "destination_id": "D_00204",
        "destination_category": "education",
        "destination_name": "黎明职业大学",
        "origin_pop": 4868.0,
        "destination_jobs": 20180.72,
        "distance_m": 5686.91,
        "trips": 80.9668
      }
    },
    {
      "type": "Feature",
      "geometry": {
        "type": "LineString",
        "coordinates": [
          [
            118.674412125,
            24.861168675000002
          ],
          [
            118.67587649,
            24.876231490000002
          ]
        ]
      },
      "properties": {
        "purpose": "home_to_work",
        "origin_id": "O_00095",
        "destination_id": "D_00185",
        "destination_category": "education",
        "destination_name": "福建省泉州第一中学（东海校区）",
        "origin_pop": 4868.0,
        "destination_jobs": 5273.13,
        "distance_m": 1671.6,
        "trips": 80.6704
      }
    },
    {
      "type": "Feature",
      "geometry": {
        "type": "LineString",
        "coordinates": [
          [
            118.674412125,
            24.861168675000002
          ],
          [
            118.6744636,
            24.88483345
          ]
        ]
      },
      "properties": {
        "purpose": "home_to_work",
        "origin_id": "O_00095",
        "destination_id": "D_00214",
        "destination_category": "commercial_office",
        "destination_name": "",
        "origin_pop": 4868.0,
        "destination_jobs": 5716.57,
        "distance_m": 2615.91,
        "trips": 63.8379
      }
    },
    {
      "type": "Feature",
      "geometry": {
        "type": "LineString",
        "coordinates": [
          [
            118.674412125,
            24.861168675000002
          ],
          [
            118.671360425,
            24.876997175
          ]
        ]
      },
      "properties": {
        "purpose": "home_to_work",
        "origin_id": "O_00095",
        "destination_id": "D_00056",
        "destination_category": "commercial_office",
        "destination_name": "泉州市人民政府",
        "origin_pop": 4868.0,
        "destination_jobs": 4284.56,
        "distance_m": 1776.62,
        "trips": 63.2919
      }
    },
    {
      "type": "Feature",
      "geometry": {
        "type": "LineString",
        "coordinates": [
          [
            118.674412125,
            24.861168675000002
          ],
          [
            118.683299068,
            24.881939132000003
          ]
        ]
      },
      "properties": {
        "purpose": "home_to_work",
        "origin_id": "O_00095",
        "destination_id": "D_00115",
        "destination_category": "industry",
        "destination_name": "后渚港",
        "origin_pop": 4868.0,
        "destination_jobs": 4977.88,
        "distance_m": 2465.17,
        "trips": 58.4534
      }
    },
    {
      "type": "Feature",
      "geometry": {
        "type": "LineString",
        "coordinates": [
          [
            118.675030925,
            24.8615814
          ],
          [
            118.66633520434783,
            24.872914973913044
          ]
        ]
      },
      "properties": {
        "purpose": "home_to_work",
        "origin_id": "O_00096",
        "destination_id": "D_00108",
        "destination_category": "education",
        "destination_name": "泉州师范学院",
        "origin_pop": 4807.0,
        "destination_jobs": 49778.48,
        "distance_m": 1529.99,
        "trips": 784.7775
      }
    },
    {
      "type": "Feature",
      "geometry": {
        "type": "LineString",
        "coordinates": [
          [
            118.675030925,
            24.8615814
          ],
          [
            118.67346315,
            24.873829045
          ]
        ]
      },
      "properties": {
        "purpose": "home_to_work",
        "origin_id": "O_00096",
        "destination_id": "D_00662",
        "destination_category": "commercial_office",
        "destination_name": "",
        "origin_pop": 4807.0,
        "destination_jobs": 41918.35,
        "distance_m": 1363.08,
        "trips": 698.6696
      }
    },
    {
      "type": "Feature",
      "geometry": {
        "type": "LineString",
        "coordinates": [
          [
            118.675030925,
            24.8615814
          ],
          [
            118.65362735,
            24.87613105
          ]
        ]
      },
      "properties": {
        "purpose": "home_to_work",
        "origin_id": "O_00096",
        "destination_id": "D_00114",
        "destination_category": "healthcare",
        "destination_name": "福建医科大学附属第二医院东海分院",
        "origin_pop": 4807.0,
        "destination_jobs": 11347.32,
        "distance_m": 2694.38,
        "trips": 121.349
      }
    },
    {
      "type": "Feature",
      "geometry": {
        "type": "LineString",
        "coordinates": [
          [
            118.675030925,
            24.8615814
          ],
          [
            118.65411906363637,
            24.87995060909091
          ]
        ]
      },
      "properties": {
        "purpose": "home_to_work",
        "origin_id": "O_00096",
        "destination_id": "D_00113",
        "destination_category": "education",
        "destination_name": "泉州幼儿师范高等专科学校",
        "origin_pop": 4807.0,
        "destination_jobs": 12051.56,
        "distance_m": 2929.79,
        "trips": 119.1535
      }
    },
    {
      "type": "Feature",
      "geometry": {
        "type": "LineString",
        "coordinates": [
          [
            118.675030925,
            24.8615814
          ],
          [
            118.629396225,
            24.854245625
          ]
        ]
      },
      "properties": {
        "purpose": "home_to_work",
        "origin_id": "O_00096",
        "destination_id": "D_00962",
        "destination_category": "healthcare",
        "destination_name": "",
        "origin_pop": 4807.0,
        "destination_jobs": 17148.53,
        "distance_m": 4680.19,
        "trips": 94.6008
      }
    },
    {
      "type": "Feature",
      "geometry": {
        "type": "LineString",
        "coordinates": [
          [
            118.675030925,
            24.8615814
          ],
          [
            118.67587649,
            24.876231490000002
          ]
        ]
      },
      "properties": {
        "purpose": "home_to_work",
        "origin_id": "O_00096",
        "destination_id": "D_00185",
        "destination_category": "education",
        "destination_name": "福建省泉州第一中学（东海校区）",
        "origin_pop": 4807.0,
        "destination_jobs": 5273.13,
        "distance_m": 1621.67,
        "trips": 80.6309
      }
    },
    {
      "type": "Feature",
      "geometry": {
        "type": "LineString",
        "coordinates": [
          [
            118.675030925,
            24.8615814
          ],
          [
            118.62414069230769,
            24.88434541538462
          ]
        ]
      },
      "properties": {
        "purpose": "home_to_work",
        "origin_id": "O_00096",
        "destination_id": "D_00204",
        "destination_category": "education",
        "destination_name": "黎明职业大学",
        "origin_pop": 4807.0,
        "destination_jobs": 20180.72,
        "distance_m": 5722.56,
        "trips": 78.6513
      }
    },
    {
      "type": "Feature",
      "geometry": {
        "type": "LineString",
        "coordinates": [
          [
            118.675030925,
            24.8615814
          ],
          [
            118.6744636,
            24.88483345
          ]
        ]
      },
      "properties": {
        "purpose": "home_to_work",
        "origin_id": "O_00096",
        "destination_id": "D_00214",
        "destination_category": "commercial_office",
        "destination_name": "",
        "origin_pop": 4807.0,
        "destination_jobs": 5716.57,
        "distance_m": 2570.92,
        "trips": 63.7017
      }
    },
    {
      "type": "Feature",
      "geometry": {
        "type": "LineString",
        "coordinates": [
          [
            118.675030925,
            24.8615814
          ],
          [
            118.671360425,
            24.876997175
          ]
        ]
      },
      "properties": {
        "purpose": "home_to_work",
        "origin_id": "O_00096",
        "destination_id": "D_00056",
        "destination_category": "commercial_office",
        "destination_name": "泉州市人民政府",
        "origin_pop": 4807.0,
        "destination_jobs": 4284.56,
        "distance_m": 1743.92,
        "trips": 62.8988
      }
    },
    {
      "type": "Feature",
      "geometry": {
        "type": "LineString",
        "coordinates": [
          [
            118.675030925,
            24.8615814
          ],
          [
            118.683299068,
            24.881939132000003
          ]
        ]
      },
      "properties": {
        "purpose": "home_to_work",
        "origin_id": "O_00096",
        "destination_id": "D_00115",
        "destination_category": "industry",
        "destination_name": "后渚港",
        "origin_pop": 4807.0,
        "destination_jobs": 4977.88,
        "distance_m": 2400.28,
        "trips": 58.7168
      }
    },
    {
      "type": "Feature",
      "geometry": {
        "type": "LineString",
        "coordinates": [
          [
            118.674168025,
            24.8616331
          ],
          [
            118.66633520434783,
            24.872914973913044
          ]
        ]
      },
      "properties": {
        "purpose": "home_to_work",
        "origin_id": "O_00097",
        "destination_id": "D_00108",
        "destination_category": "education",
        "destination_name": "泉州师范学院",
        "origin_pop": 4821.0,
        "destination_jobs": 49778.48,
        "distance_m": 1476.86,
        "trips": 791.027
      }
    },
    {
      "type": "Feature",
      "geometry": {
        "type": "LineString",
        "coordinates": [
          [
            118.674168025,
            24.8616331
          ],
          [
            118.67346315,
            24.873829045
          ]
        ]
      },
      "properties": {
        "purpose": "home_to_work",
        "origin_id": "O_00097",
        "destination_id": "D_00662",
        "destination_category": "commercial_office",
        "destination_name": "",
        "origin_pop": 4821.0,
        "destination_jobs": 41918.35,
        "distance_m": 1350.02,
        "trips": 694.8891
      }
    },
    {
      "type": "Feature",
      "geometry": {
        "type": "LineString",
        "coordinates": [
          [
            118.674168025,
            24.8616331
          ],
          [
            118.65362735,
            24.87613105
          ]
        ]
      },
      "properties": {
        "purpose": "home_to_work",
        "origin_id": "O_00097",
        "destination_id": "D_00114",
        "destination_category": "healthcare",
        "destination_name": "福建医科大学附属第二医院东海分院",
        "origin_pop": 4821.0,
        "destination_jobs": 11347.32,
        "distance_m": 2621.47,
        "trips": 123.1239
      }
    },
    {
      "type": "Feature",
      "geometry": {
        "type": "LineString",
        "coordinates": [
          [
            118.674168025,
            24.8616331
          ],
          [
            118.65411906363637,
            24.87995060909091
          ]
        ]
      },
      "properties": {
        "purpose": "home_to_work",
        "origin_id": "O_00097",
        "destination_id": "D_00113",
        "destination_category": "education",
        "destination_name": "泉州幼儿师范高等专科学校",
        "origin_pop": 4821.0,
        "destination_jobs": 12051.56,
        "distance_m": 2863.56,
        "trips": 120.6277
      }
    },
    {
      "type": "Feature",
      "geometry": {
        "type": "LineString",
        "coordinates": [
          [
            118.674168025,
            24.8616331
          ],
          [
            118.629396225,
            24.854245625
          ]
        ]
      },
      "properties": {
        "purpose": "home_to_work",
        "origin_id": "O_00097",
        "destination_id": "D_00962",
        "destination_category": "healthcare",
        "destination_name": "",
        "origin_pop": 4821.0,
        "destination_jobs": 17148.53,
        "distance_m": 4595.38,
        "trips": 96.366
      }
    },
    {
      "type": "Feature",
      "geometry": {
        "type": "LineString",
        "coordinates": [
          [
            118.674168025,
            24.8616331
          ],
          [
            118.62414069230769,
            24.88434541538462
          ]
        ]
      },
      "properties": {
        "purpose": "home_to_work",
        "origin_id": "O_00097",
        "destination_id": "D_00204",
        "destination_category": "education",
        "destination_name": "黎明职业大学",
        "origin_pop": 4821.0,
        "destination_jobs": 20180.72,
        "distance_m": 5641.87,
        "trips": 80.009
      }
    },
    {
      "type": "Feature",
      "geometry": {
        "type": "LineString",
        "coordinates": [
          [
            118.674168025,
            24.8616331
          ],
          [
            118.67587649,
            24.876231490000002
          ]
        ]
      },
      "properties": {
        "purpose": "home_to_work",
        "origin_id": "O_00097",
        "destination_id": "D_00185",
        "destination_category": "education",
        "destination_name": "福建省泉州第一中学（东海校区）",
        "origin_pop": 4821.0,
        "destination_jobs": 5273.13,
        "distance_m": 1622.91,
        "trips": 79.8133
      }
    },
    {
      "type": "Feature",
      "geometry": {
        "type": "LineString",
        "coordinates": [
          [
            118.674168025,
            24.8616331
          ],
          [
            118.6744636,
            24.88483345
          ]
        ]
      },
      "properties": {
        "purpose": "home_to_work",
        "origin_id": "O_00097",
        "destination_id": "D_00214",
        "destination_category": "commercial_office",
        "destination_name": "",
        "origin_pop": 4821.0,
        "destination_jobs": 5716.57,
        "distance_m": 2564.74,
        "trips": 63.2118
      }
    },
    {
      "type": "Feature",
      "geometry": {
        "type": "LineString",
        "coordinates": [
          [
            118.674168025,
            24.8616331
          ],
          [
            118.671360425,
            24.876997175
          ]
        ]
      },
      "properties": {
        "purpose": "home_to_work",
        "origin_id": "O_00097",
        "destination_id": "D_00056",
        "destination_category": "commercial_office",
        "destination_name": "泉州市人民政府",
        "origin_pop": 4821.0,
        "destination_jobs": 4284.56,
        "distance_m": 1721.85,
        "trips": 62.7464
      }
    },
    {
      "type": "Feature",
      "geometry": {
        "type": "LineString",
        "coordinates": [
          [
            118.674168025,
            24.8616331
          ],
          [
            118.683299068,
            24.881939132000003
          ]
        ]
      },
      "properties": {
        "purpose": "home_to_work",
        "origin_id": "O_00097",
        "destination_id": "D_00115",
        "destination_category": "industry",
        "destination_name": "后渚港",
        "origin_pop": 4821.0,
        "destination_jobs": 4977.88,
        "distance_m": 2426.68,
        "trips": 57.6358
      }
    },
    {
      "type": "Feature",
      "geometry": {
        "type": "LineString",
        "coordinates": [
          [
            118.6747554,
            24.862109025
          ],
          [
            118.66633520434783,
            24.872914973913044
          ]
        ]
      },
      "properties": {
        "purpose": "home_to_work",
        "origin_id": "O_00098",
        "destination_id": "D_00108",
        "destination_category": "education",
        "destination_name": "泉州师范学院",
        "origin_pop": 4786.0,
        "destination_jobs": 49778.48,
        "distance_m": 1466.3,
        "trips": 782.6261
      }
    },
    {
      "type": "Feature",
      "geometry": {
        "type": "LineString",
        "coordinates": [
          [
            118.6747554,
            24.862109025
          ],
          [
            118.67346315,
            24.873829045
          ]
        ]
      },
      "properties": {
        "purpose": "home_to_work",
        "origin_id": "O_00098",
        "destination_id": "D_00662",
        "destination_category": "commercial_office",
        "destination_name": "",
        "origin_pop": 4786.0,
        "destination_jobs": 41918.35,
        "distance_m": 1302.09,
        "trips": 696.1276
      }
    },
    {
      "type": "Feature",
      "geometry": {
        "type": "LineString",
        "coordinates": [
          [
            118.6747554,
            24.862109025
          ],
          [
            118.65362735,
            24.87613105
          ]
        ]
      },
      "properties": {
        "purpose": "home_to_work",
        "origin_id": "O_00098",
        "destination_id": "D_00114",
        "destination_category": "healthcare",
        "destination_name": "福建医科大学附属第二医院东海分院",
        "origin_pop": 4786.0,
        "destination_jobs": 11347.32,
        "distance_m": 2637.41,
        "trips": 120.7455
      }
    },
    {
      "type": "Feature",
      "geometry": {
        "type": "LineString",
        "coordinates": [
          [
            118.6747554,
            24.862109025
          ],
          [
            118.65411906363637,
            24.87995060909091
          ]
        ]
      },
      "properties": {
        "purpose": "home_to_work",
        "origin_id": "O_00098",
        "destination_id": "D_00113",
        "destination_category": "education",
        "destination_name": "泉州幼儿师范高等专科学校",
        "origin_pop": 4786.0,
        "destination_jobs": 12051.56,
        "distance_m": 2869.4,
        "trips": 118.6962
      }
    },
    {
      "type": "Feature",
      "geometry": {
        "type": "LineString",
        "coordinates": [
          [
            118.6747554,
            24.862109025
          ],
          [
            118.629396225,
            24.854245625
          ]
        ]
      },
      "properties": {
        "purpose": "home_to_work",
        "origin_id": "O_00098",
        "destination_id": "D_00962",
        "destination_category": "healthcare",
        "destination_name": "",
        "origin_pop": 4786.0,
        "destination_jobs": 17148.53,
        "distance_m": 4663.29,
        "trips": 92.8812
      }
    },
    {
      "type": "Feature",
      "geometry": {
        "type": "LineString",
        "coordinates": [
          [
            118.6747554,
            24.862109025
          ],
          [
            118.67587649,
            24.876231490000002
          ]
        ]
      },
      "properties": {
        "purpose": "home_to_work",
        "origin_id": "O_00098",
        "destination_id": "D_00185",
        "destination_category": "education",
        "destination_name": "福建省泉州第一中学（东海校区）",
        "origin_pop": 4786.0,
        "destination_jobs": 5273.13,
        "distance_m": 1565.2,
        "trips": 80.2166
      }
    },
    {
      "type": "Feature",
      "geometry": {
        "type": "LineString",
        "coordinates": [
          [
            118.6747554,
            24.862109025
          ],
          [
            118.62414069230769,
            24.88434541538462
          ]
        ]
      },
      "properties": {
        "purpose": "home_to_work",
        "origin_id": "O_00098",
        "destination_id": "D_00204",
        "destination_category": "education",
        "destination_name": "黎明职业大学",
        "origin_pop": 4786.0,
        "destination_jobs": 20180.72,
        "distance_m": 5672.05,
        "trips": 78.0917
      }
    },
    {
      "type": "Feature",
      "geometry": {
        "type": "LineString",
        "coordinates": [
          [
            118.6747554,
            24.862109025
          ],
          [
            118.6744636,
            24.88483345
          ]
        ]
      },
      "properties": {
        "purpose": "home_to_work",
        "origin_id": "O_00098",
        "destination_id": "D_00214",
        "destination_category": "commercial_office",
        "destination_name": "",
        "origin_pop": 4786.0,
        "destination_jobs": 5716.57,
        "distance_m": 2512.13,
        "trips": 63.4233
      }
    },
    {
      "type": "Feature",
      "geometry": {
        "type": "LineString",
        "coordinates": [
          [
            118.6747554,
            24.862109025
          ],
          [
            118.671360425,
            24.876997175
          ]
        ]
      },
      "properties": {
        "purpose": "home_to_work",
        "origin_id": "O_00098",
        "destination_id": "D_00056",
        "destination_category": "commercial_office",
        "destination_name": "泉州市人民政府",
        "origin_pop": 4786.0,
        "destination_jobs": 4284.56,
        "distance_m": 1681.08,
        "trips": 62.7085
      }
    },
    {
      "type": "Feature",
      "geometry": {
        "type": "LineString",
        "coordinates": [
          [
            118.6747554,
            24.862109025
          ],
          [
            118.683299068,
            24.881939132000003
          ]
        ]
      },
      "properties": {
        "purpose": "home_to_work",
        "origin_id": "O_00098",
        "destination_id": "D_00115",
        "destination_category": "industry",
        "destination_name": "后渚港",
        "origin_pop": 4786.0,
        "destination_jobs": 4977.88,
        "distance_m": 2355.74,
        "trips": 58.1833
      }
    },
    {
      "type": "Feature",
      "geometry": {
        "type": "LineString",
        "coordinates": [
          [
            118.673904125,
            24.862074550000003
          ],
          [
            118.66633520434783,
            24.872914973913044
          ]
        ]
      },
      "properties": {
        "purpose": "home_to_work",
        "origin_id": "O_00099",
        "destination_id": "D_00108",
        "destination_category": "education",
        "destination_name": "泉州师范学院",
        "origin_pop": 4778.0,
        "destination_jobs": 49778.48,
        "distance_m": 1421.38,
        "trips": 785.3957
      }
    },
    {
      "type": "Feature",
      "geometry": {
        "type": "LineString",
        "coordinates": [
          [
            118.673904125,
            24.862074550000003
          ],
          [
            118.67346315,
            24.873829045
          ]
        ]
      },
      "properties": {
        "purpose": "home_to_work",
        "origin_id": "O_00099",
        "destination_id": "D_00662",
        "destination_category": "commercial_office",
        "destination_name": "",
        "origin_pop": 4778.0,
        "destination_jobs": 41918.35,
        "distance_m": 1300.1,
        "trips": 688.6631
      }
    },
    {
      "type": "Feature",
      "geometry": {
        "type": "LineString",
        "coordinates": [
          [
            118.673904125,
            24.862074550000003
          ],
          [
            118.65362735,
            24.87613105
          ]
        ]
      },
      "properties": {
        "purpose": "home_to_work",
        "origin_id": "O_00099",
        "destination_id": "D_00114",
        "destination_category": "healthcare",
        "destination_name": "福建医科大学附属第二医院东海分院",
        "origin_pop": 4778.0,
        "destination_jobs": 11347.32,
        "distance_m": 2570.64,
        "trips": 122.0581
      }
    },
    {
      "type": "Feature",
      "geometry": {
        "type": "LineString",
        "coordinates": [
          [
            118.673904125,
            24.862074550000003
          ],
          [
            118.65411906363637,
            24.87995060909091
          ]
        ]
      },
      "properties": {
        "purpose": "home_to_work",
        "origin_id": "O_00099",
        "destination_id": "D_00113",
        "destination_category": "education",
        "destination_name": "泉州幼儿师范高等专科学校",
        "origin_pop": 4778.0,
        "destination_jobs": 12051.56,
        "distance_m": 2810.25,
        "trips": 119.6824
      }
    },
    {
      "type": "Feature",
      "geometry": {
        "type": "LineString",
        "coordinates": [
          [
            118.673904125,
            24.862074550000003
          ],
          [
            118.629396225,
            24.854245625
          ]
        ]
      },
      "properties": {
        "purpose": "home_to_work",
        "origin_id": "O_00099",
        "destination_id": "D_00962",
        "destination_category": "healthcare",
        "destination_name": "",
        "origin_pop": 4778.0,
        "destination_jobs": 17148.53,
        "distance_m": 4578.12,
        "trips": 94.4688
      }
    },
    {
      "type": "Feature",
      "geometry": {
        "type": "LineString",
        "coordinates": [
          [
            118.673904125,
            24.862074550000003
          ],
          [
            118.62414069230769,
            24.88434541538462
          ]
        ]
      },
      "properties": {
        "purpose": "home_to_work",
        "origin_id": "O_00099",
        "destination_id": "D_00204",
        "destination_category": "education",
        "destination_name": "黎明职业大学",
        "origin_pop": 4778.0,
        "destination_jobs": 20180.72,
        "distance_m": 5596.37,
        "trips": 79.1756
      }
    },
    {
      "type": "Feature",
      "geometry": {
        "type": "LineString",
        "coordinates": [
          [
            118.673904125,
            24.862074550000003
          ],
          [
            118.67587649,
            24.876231490000002
          ]
        ]
      },
      "properties": {
        "purpose": "home_to_work",
        "origin_id": "O_00099",
        "destination_id": "D_00185",
        "destination_category": "education",
        "destination_name": "福建省泉州第一中学（东海校区）",
        "origin_pop": 4778.0,
        "destination_jobs": 5273.13,
        "distance_m": 1577.54,
        "trips": 78.9785
      }
    },
    {
      "type": "Feature",
      "geometry": {
        "type": "LineString",
        "coordinates": [
          [
            118.673904125,
            24.862074550000003
          ],
          [
            118.6744636,
            24.88483345
          ]
        ]
      },
      "properties": {
        "purpose": "home_to_work",
        "origin_id": "O_00099",
        "destination_id": "D_00214",
        "destination_category": "commercial_office",
        "destination_name": "",
        "origin_pop": 4778.0,
        "destination_jobs": 5716.57,
        "distance_m": 2516.4,
        "trips": 62.6125
      }
    },
    {
      "type": "Feature",
      "geometry": {
        "type": "LineString",
        "coordinates": [
          [
            118.673904125,
            24.862074550000003
          ],
          [
            118.671360425,
            24.876997175
          ]
        ]
      },
      "properties": {
        "purpose": "home_to_work",
        "origin_id": "O_00099",
        "destination_id": "D_00056",
        "destination_category": "commercial_office",
        "destination_name": "泉州市人民政府",
        "origin_pop": 4778.0,
        "destination_jobs": 4284.56,
        "distance_m": 1669.43,
        "trips": 62.2362
      }
    },
    {
      "type": "Feature",
      "geometry": {
        "type": "LineString",
        "coordinates": [
          [
            118.673904125,
            24.862074550000003
          ],
          [
            118.683299068,
            24.881939132000003
          ]
        ]
      },
      "properties": {
        "purpose": "home_to_work",
        "origin_id": "O_00099",
        "destination_id": "D_00115",
        "destination_category": "industry",
        "destination_name": "后渚港",
        "origin_pop": 4778.0,
        "destination_jobs": 4977.88,
        "distance_m": 2392.07,
        "trips": 56.829
      }
    },
    {
      "type": "Feature",
      "geometry": {
        "type": "LineString",
        "coordinates": [
          [
            118.67432735,
            24.86257395
          ],
          [
            118.66633520434783,
            24.872914973913044
          ]
        ]
      },
      "properties": {
        "purpose": "home_to_work",
        "origin_id": "O_00100",
        "destination_id": "D_00108",
        "destination_category": "education",
        "destination_name": "泉州师范学院",
        "origin_pop": 4866.0,
        "destination_jobs": 49778.48,
        "distance_m": 1399.37,
        "trips": 797.8491
      }
    },
    {
      "type": "Feature",
      "geometry": {
        "type": "LineString",
        "coordinates": [
          [
            118.67432735,
            24.86257395
          ],
          [
            118.67346315,
            24.873829045
          ]
        ]
      },
      "properties": {
        "purpose": "home_to_work",
        "origin_id": "O_00100",
        "destination_id": "D_00662",
        "destination_category": "commercial_office",
        "destination_name": "",
        "origin_pop": 4866.0,
        "destination_jobs": 41918.35,
        "distance_m": 1247.2,
        "trips": 706.8261
      }
    },
    {
      "type": "Feature",
      "geometry": {
        "type": "LineString",
        "coordinates": [
          [
            118.67432735,
            24.86257395
          ],
          [
            118.65362735,
            24.87613105
          ]
        ]
      },
      "properties": {
        "purpose": "home_to_work",
        "origin_id": "O_00100",
        "destination_id": "D_00114",
        "destination_category": "healthcare",
        "destination_name": "福建医科大学附属第二医院东海分院",
        "origin_pop": 4866.0,
        "destination_jobs": 11347.32,
        "distance_m": 2572.27,
        "trips": 123.0204
      }
    },
    {
      "type": "Feature",
      "geometry": {
        "type": "LineString",
        "coordinates": [
          [
            118.67432735,
            24.86257395
          ],
          [
            118.65411906363637,
            24.87995060909091
          ]
        ]
      },
      "properties": {
        "purpose": "home_to_work",
        "origin_id": "O_00100",
        "destination_id": "D_00113",
        "destination_category": "education",
        "destination_name": "泉州幼儿师范高等专科学校",
        "origin_pop": 4866.0,
        "destination_jobs": 12051.56,
        "distance_m": 2802.68,
        "trips": 120.9964
      }
    },
    {
      "type": "Feature",
      "geometry": {
        "type": "LineString",
        "coordinates": [
          [
            118.67432735,
            24.86257395
          ],
          [
            118.629396225,
            24.854245625
          ]
        ]
      },
      "properties": {
        "purpose": "home_to_work",
        "origin_id": "O_00100",
        "destination_id": "D_00962",
        "destination_category": "healthcare",
        "destination_name": "",
        "origin_pop": 4866.0,
        "destination_jobs": 17148.53,
        "distance_m": 4630.75,
        "trips": 93.6085
      }
    },
    {
      "type": "Feature",
      "geometry": {
        "type": "LineString",
        "coordinates": [
          [
            118.67432735,
            24.86257395
          ],
          [
            118.67587649,
            24.876231490000002
          ]
        ]
      },
      "properties": {
        "purpose": "home_to_work",
        "origin_id": "O_00100",
        "destination_id": "D_00185",
        "destination_category": "education",
        "destination_name": "福建省泉州第一中学（东海校区）",
        "origin_pop": 4866.0,
        "destination_jobs": 5273.13,
        "distance_m": 1517.79,
        "trips": 81.2465
      }
    },
    {
      "type": "Feature",
      "geometry": {
        "type": "LineString",
        "coordinates": [
          [
            118.67432735,
            24.86257395
          ],
          [
            118.62414069230769,
            24.88434541538462
          ]
        ]
      },
      "properties": {
        "purpose": "home_to_work",
        "origin_id": "O_00100",
        "destination_id": "D_00204",
        "destination_category": "education",
        "destination_name": "黎明职业大学",
        "origin_pop": 4866.0,
        "destination_jobs": 20180.72,
        "distance_m": 5610.88,
        "trips": 79.458
      }
    },
    {
      "type": "Feature",
      "geometry": {
        "type": "LineString",
        "coordinates": [
          [
            118.67432735,
            24.86257395
          ],
          [
            118.6744636,
            24.88483345
          ]
        ]
      },
      "properties": {
        "purpose": "home_to_work",
        "origin_id": "O_00100",
        "destination_id": "D_00214",
        "destination_category": "commercial_office",
        "destination_name": "",
        "origin_pop": 4866.0,
        "destination_jobs": 5716.57,
        "distance_m": 2460.6,
        "trips": 64.3258
      }
    },
    {
      "type": "Feature",
      "geometry": {
        "type": "LineString",
        "coordinates": [
          [
            118.67432735,
            24.86257395
          ],
          [
            118.671360425,
            24.876997175
          ]
        ]
      },
      "properties": {
        "purpose": "home_to_work",
        "origin_id": "O_00100",
        "destination_id": "D_00056",
        "destination_category": "commercial_office",
        "destination_name": "泉州市人民政府",
        "origin_pop": 4866.0,
        "destination_jobs": 4284.56,
        "distance_m": 1622.26,
        "trips": 63.7556
      }
    },
    {
      "type": "Feature",
      "geometry": {
        "type": "LineString",
        "coordinates": [
          [
            118.67432735,
            24.86257395
          ],
          [
            118.683299068,
            24.881939132000003
          ]
        ]
      },
      "properties": {
        "purpose": "home_to_work",
        "origin_id": "O_00100",
        "destination_id": "D_00115",
        "destination_category": "industry",
        "destination_name": "后渚港",
        "origin_pop": 4866.0,
        "destination_jobs": 4977.88,
        "distance_m": 2324.5,
        "trips": 58.6135
      }
    },
    {
      "type": "Feature",
      "geometry": {
        "type": "LineString",
        "coordinates": [
          [
            118.59106965,
            24.919911575
          ],
          [
            118.57828776875,
            24.945803090625
          ]
        ]
      },
      "properties": {
        "purpose": "home_to_work",
        "origin_id": "O_00101",
        "destination_id": "D_00301",
        "destination_category": "education",
        "destination_name": "",
        "origin_pop": 4786.0,
        "destination_jobs": 27053.76,
        "distance_m": 3139.45,
        "trips": 436.7106
      }
    },
    {
      "type": "Feature",
      "geometry": {
        "type": "LineString",
        "coordinates": [
          [
            118.59106965,
            24.919911575
          ],
          [
            118.57454498235293,
            24.915936364705882
          ]
        ]
      },
      "properties": {
        "purpose": "home_to_work",
        "origin_id": "O_00101",
        "destination_id": "D_00321",
        "destination_category": "commercial_office",
        "destination_name": "源和1916创意产业园",
        "origin_pop": 4786.0,
        "destination_jobs": 12593.06,
        "distance_m": 1725.19,
        "trips": 325.7107
      }
    },
    {
      "type": "Feature",
      "geometry": {
        "type": "LineString",
        "coordinates": [
          [
            118.59106965,
            24.919911575
          ],
          [
            118.59383305000001,
            24.942276507142857
          ]
        ]
      },
      "properties": {
        "purpose": "home_to_work",
        "origin_id": "O_00101",
        "destination_id": "D_00300",
        "destination_category": "healthcare",
        "destination_name": "910医院",
        "origin_pop": 4786.0,
        "destination_jobs": 15831.81,
        "distance_m": 2487.91,
        "trips": 317.5531
      }
    },
    {
      "type": "Feature",
      "geometry": {
        "type": "LineString",
        "coordinates": [
          [
            118.59106965,
            24.919911575
          ],
          [
            118.63935618000001,
            24.939899246666666
          ]
        ]
      },
      "properties": {
        "purpose": "home_to_work",
        "origin_id": "O_00101",
        "destination_id": "D_00149",
        "destination_category": "education",
        "destination_name": "华侨大学",
        "origin_pop": 4786.0,
        "destination_jobs": 36219.49,
        "distance_m": 5351.78,
        "trips": 279.6667
      }
    },
    {
      "type": "Feature",
      "geometry": {
        "type": "LineString",
        "coordinates": [
          [
            118.59106965,
            24.919911575
          ],
          [
            118.58039623076924,
            24.921369546153848
          ]
        ]
      },
      "properties": {
        "purpose": "home_to_work",
        "origin_id": "O_00101",
        "destination_id": "D_00272",
        "destination_category": "commercial_office",
        "destination_name": "开元盛世广场",
        "origin_pop": 4786.0,
        "destination_jobs": 5705.79,
        "distance_m": 1089.52,
        "trips": 182.4057
      }
    },
    {
      "type": "Feature",
      "geometry": {
        "type": "LineString",
        "coordinates": [
          [
            118.59106965,
            24.919911575
          ],
          [
            118.62414069230769,
            24.88434541538462
          ]
        ]
      },
      "properties": {
        "purpose": "home_to_work",
        "origin_id": "O_00101",
        "destination_id": "D_00204",
        "destination_category": "education",
        "destination_name": "黎明职业大学",
        "origin_pop": 4786.0,
        "destination_jobs": 20180.72,
        "distance_m": 5158.18,
        "trips": 166.2116
      }
    },
    {
      "type": "Feature",
      "geometry": {
        "type": "LineString",
        "coordinates": [
          [
            118.59106965,
            24.919911575
          ],
          [
            118.59354837999999,
            24.915964273333334
          ]
        ]
      },
      "properties": {
        "purpose": "home_to_work",
        "origin_id": "O_00101",
        "destination_id": "D_00674",
        "destination_category": "healthcare",
        "destination_name": "泉州市第一医院",
        "origin_pop": 4786.0,
        "destination_jobs": 4099.66,
        "distance_m": 503.0,
        "trips": 159.3596
      }
    },
    {
      "type": "Feature",
      "geometry": {
        "type": "LineString",
        "coordinates": [
          [
            118.59106965,
            24.919911575
          ],
          [
            118.66633520434783,
            24.872914973913044
          ]
        ]
      },
      "properties": {
        "purpose": "home_to_work",
        "origin_id": "O_00101",
        "destination_id": "D_00108",
        "destination_category": "education",
        "destination_name": "泉州师范学院",
        "origin_pop": 4786.0,
        "destination_jobs": 49778.48,
        "distance_m": 9205.83,
        "trips": 106.3676
      }
    },
    {
      "type": "Feature",
      "geometry": {
        "type": "LineString",
        "coordinates": [
          [
            118.59106965,
            24.919911575
          ],
          [
            118.5917593967742,
            24.925355925806453
          ]
        ]
      },
      "properties": {
        "purpose": "home_to_work",
        "origin_id": "O_00101",
        "destination_id": "D_00047",
        "destination_category": "education",
        "destination_name": "泉州市第一中学",
        "origin_pop": 4786.0,
        "destination_jobs": 2622.24,
        "distance_m": 605.83,
        "trips": 98.4956
      }
    },
    {
      "type": "Feature",
      "geometry": {
        "type": "LineString",
        "coordinates": [
          [
            118.59106965,
            24.919911575
          ],
          [
            118.58003240666666,
            24.919504482222223
          ]
        ]
      },
      "properties": {
        "purpose": "home_to_work",
        "origin_id": "O_00101",
        "destination_id": "D_00273",
        "destination_category": "education",
        "destination_name": "泉州市培元中学",
        "origin_pop": 4786.0,
        "destination_jobs": 2562.4,
        "distance_m": 1115.18,
        "trips": 81.2186
      }
    },
    {
      "type": "Feature",
      "geometry": {
        "type": "LineString",
        "coordinates": [
          [
            118.59097855,
            24.92018985
          ],
          [
            118.57828776875,
            24.945803090625
          ]
        ]
      },
      "properties": {
        "purpose": "home_to_work",
        "origin_id": "O_00102",
        "destination_id": "D_00301",
        "destination_category": "education",
        "destination_name": "",
        "origin_pop": 4848.0,
        "destination_jobs": 27053.76,
        "distance_m": 3107.63,
        "trips": 445.8232
      }
    },
    {
      "type": "Feature",
      "geometry": {
        "type": "LineString",
        "coordinates": [
          [
            118.59097855,
            24.92018985
          ],
          [
            118.57454498235293,
            24.915936364705882
          ]
        ]
      },
      "properties": {
        "purpose": "home_to_work",
        "origin_id": "O_00102",
        "destination_id": "D_00321",
        "destination_category": "commercial_office",
        "destination_name": "源和1916创意产业园",
        "origin_pop": 4848.0,
        "destination_jobs": 12593.06,
        "distance_m": 1724.43,
        "trips": 329.0827
      }
    },
    {
      "type": "Feature",
      "geometry": {
        "type": "LineString",
        "coordinates": [
          [
            118.59097855,
            24.92018985
          ],
          [
            118.59383305000001,
            24.942276507142857
          ]
        ]
      },
      "properties": {
        "purpose": "home_to_work",
        "origin_id": "O_00102",
        "destination_id": "D_00300",
        "destination_category": "healthcare",
        "destination_name": "910医院",
        "origin_pop": 4848.0,
        "destination_jobs": 15831.81,
        "distance_m": 2458.4,
        "trips": 323.9291
      }
    },
    {
      "type": "Feature",
      "geometry": {
        "type": "LineString",
        "coordinates": [
          [
            118.59097855,
            24.92018985
          ],
          [
            118.63935618000001,
            24.939899246666666
          ]
        ]
      },
      "properties": {
        "purpose": "home_to_work",
        "origin_id": "O_00102",
        "destination_id": "D_00149",
        "destination_category": "education",
        "destination_name": "华侨大学",
        "origin_pop": 4848.0,
        "destination_jobs": 36219.49,
        "distance_m": 5347.54,
        "trips": 282.8891
      }
    },
    {
      "type": "Feature",
      "geometry": {
        "type": "LineString",
        "coordinates": [
          [
            118.59097855,
            24.92018985
          ],
          [
            118.58039623076924,
            24.921369546153848
          ]
        ]
      },
      "properties": {
        "purpose": "home_to_work",
        "origin_id": "O_00102",
        "destination_id": "D_00272",
        "destination_category": "commercial_office",
        "destination_name": "开元盛世广场",
        "origin_pop": 4848.0,
        "destination_jobs": 5705.79,
        "distance_m": 1076.27,
        "trips": 185.0631
      }
    },
    {
      "type": "Feature",
      "geometry": {
        "type": "LineString",
        "coordinates": [
          [
            118.59097855,
            24.92018985
          ],
          [
            118.62414069230769,
            24.88434541538462
          ]
        ]
      },
      "properties": {
        "purpose": "home_to_work",
        "origin_id": "O_00102",
        "destination_id": "D_00204",
        "destination_category": "education",
        "destination_name": "黎明职业大学",
        "origin_pop": 4848.0,
        "destination_jobs": 20180.72,
        "distance_m": 5187.59,
        "trips": 166.2517
      }
    },
    {
      "type": "Feature",
      "geometry": {
        "type": "LineString",
        "coordinates": [
          [
            118.59097855,
            24.92018985
          ],
          [
            118.59354837999999,
            24.915964273333334
          ]
        ]
      },
      "properties": {
        "purpose": "home_to_work",
        "origin_id": "O_00102",
        "destination_id": "D_00674",
        "destination_category": "healthcare",
        "destination_name": "泉州市第一医院",
        "origin_pop": 4848.0,
        "destination_jobs": 4099.66,
        "distance_m": 534.31,
        "trips": 159.2973
      }
    },
    {
      "type": "Feature",
      "geometry": {
        "type": "LineString",
        "coordinates": [
          [
            118.59097855,
            24.92018985
          ],
          [
            118.66633520434783,
            24.872914973913044
          ]
        ]
      },
      "properties": {
        "purpose": "home_to_work",
        "origin_id": "O_00102",
        "destination_id": "D_00108",
        "destination_category": "education",
        "destination_name": "泉州师范学院",
        "origin_pop": 4848.0,
        "destination_jobs": 49778.48,
        "distance_m": 9230.79,
        "trips": 106.551
      }
    },
    {
      "type": "Feature",
      "geometry": {
        "type": "LineString",
        "coordinates": [
          [
            118.59097855,
            24.92018985
          ],
          [
            118.5917593967742,
            24.925355925806453
          ]
        ]
      },
      "properties": {
        "purpose": "home_to_work",
        "origin_id": "O_00102",
        "destination_id": "D_00047",
        "destination_category": "education",
        "destination_name": "泉州市第一中学",
        "origin_pop": 4848.0,
        "destination_jobs": 2622.24,
        "distance_m": 576.47,
        "trips": 100.4685
      }
    },
    {
      "type": "Feature",
      "geometry": {
        "type": "LineString",
        "coordinates": [
          [
            118.59097855,
            24.92018985
          ],
          [
            118.58003240666666,
            24.919504482222223
          ]
        ]
      },
      "properties": {
        "purpose": "home_to_work",
        "origin_id": "O_00102",
        "destination_id": "D_00273",
        "destination_category": "education",
        "destination_name": "泉州市培元中学",
        "origin_pop": 4848.0,
        "destination_jobs": 2562.4,
        "distance_m": 1107.67,
        "trips": 82.2442
      }
    },
    {
      "type": "Feature",
      "geometry": {
        "type": "LineString",
        "coordinates": [
          [
            118.58627655384615,
            24.915703546153846
          ],
          [
            118.57828776875,
            24.945803090625
          ]
        ]
      },
      "properties": {
        "purpose": "home_to_work",
        "origin_id": "O_00103",
        "destination_id": "D_00301",
        "destination_category": "education",
        "destination_name": "",
        "origin_pop": 1181.0,
        "destination_jobs": 27053.76,
        "distance_m": 3423.54,
        "trips": 102.1679
      }
    },
    {
      "type": "Feature",
      "geometry": {
        "type": "LineString",
        "coordinates": [
          [
            118.58627655384615,
            24.915703546153846
          ],
          [
            118.57454498235293,
            24.915936364705882
          ]
        ]
      },
      "properties": {
        "purpose": "home_to_work",
        "origin_id": "O_00103",
        "destination_id": "D_00321",
        "destination_category": "commercial_office",
        "destination_name": "源和1916创意产业园",
        "origin_pop": 1181.0,
        "destination_jobs": 12593.06,
        "distance_m": 1184.69,
        "trips": 100.3056
      }
    },
    {
      "type": "Feature",
      "geometry": {
        "type": "LineString",
        "coordinates": [
          [
            118.58627655384615,
            24.915703546153846
          ],
          [
            118.59383305000001,
            24.942276507142857
          ]
        ]
      },
      "properties": {
        "purpose": "home_to_work",
        "origin_id": "O_00103",
        "destination_id": "D_00300",
        "destination_category": "healthcare",
        "destination_name": "910医院",
        "origin_pop": 1181.0,
        "destination_jobs": 15831.81,
        "distance_m": 3034.81,
        "trips": 68.0601
      }
    },
    {
      "type": "Feature",
      "geometry": {
        "type": "LineString",
        "coordinates": [
          [
            118.58627655384615,
            24.915703546153846
          ],
          [
            118.63935618000001,
            24.939899246666666
          ]
        ]
      },
      "properties": {
        "purpose": "home_to_work",
        "origin_id": "O_00103",
        "destination_id": "D_00149",
        "destination_category": "education",
        "destination_name": "华侨大学",
        "origin_pop": 1181.0,
        "destination_jobs": 36219.49,
        "distance_m": 5988.77,
        "trips": 58.1666
      }
    },
    {
      "type": "Feature",
      "geometry": {
        "type": "LineString",
        "coordinates": [
          [
            118.58627655384615,
            24.915703546153846
          ],
          [
            118.58039623076924,
            24.921369546153848
          ]
        ]
      },
      "properties": {
        "purpose": "home_to_work",
        "origin_id": "O_00103",
        "destination_id": "D_00272",
        "destination_category": "commercial_office",
        "destination_name": "开元盛世广场",
        "origin_pop": 1181.0,
        "destination_jobs": 5705.79,
        "distance_m": 862.96,
        "trips": 50.5923
      }
    },
    {
      "type": "Feature",
      "geometry": {
        "type": "LineString",
        "coordinates": [
          [
            118.58627655384615,
            24.915703546153846
          ],
          [
            118.62414069230769,
            24.88434541538462
          ]
        ]
      },
      "properties": {
        "purpose": "home_to_work",
        "origin_id": "O_00103",
        "destination_id": "D_00204",
        "destination_category": "education",
        "destination_name": "黎明职业大学",
        "origin_pop": 1181.0,
        "destination_jobs": 20180.72,
        "distance_m": 5160.66,
        "trips": 42.7119
      }
    },
    {
      "type": "Feature",
      "geometry": {
        "type": "LineString",
        "coordinates": [
          [
            118.58627655384615,
            24.915703546153846
          ],
          [
            118.59354837999999,
            24.915964273333334
          ]
        ]
      },
      "properties": {
        "purpose": "home_to_work",
        "origin_id": "O_00103",
        "destination_id": "D_00674",
        "destination_category": "healthcare",
        "destination_name": "泉州市第一医院",
        "origin_pop": 1181.0,
        "destination_jobs": 4099.66,
        "distance_m": 734.72,
        "trips": 37.9386
      }
    },
    {
      "type": "Feature",
      "geometry": {
        "type": "LineString",
        "coordinates": [
          [
            118.58627655384615,
            24.915703546153846
          ],
          [
            118.66633520434783,
            24.872914973913044
          ]
        ]
      },
      "properties": {
        "purpose": "home_to_work",
        "origin_id": "O_00103",
        "destination_id": "D_00108",
        "destination_category": "education",
        "destination_name": "泉州师范学院",
        "origin_pop": 1181.0,
        "destination_jobs": 49778.48,
        "distance_m": 9366.09,
        "trips": 25.9332
      }
    },
    {
      "type": "Feature",
      "geometry": {
        "type": "LineString",
        "coordinates": [
          [
            118.58627655384615,
            24.915703546153846
          ],
          [
            118.58003240666666,
            24.919504482222223
          ]
        ]
      },
      "properties": {
        "purpose": "home_to_work",
        "origin_id": "O_00103",
        "destination_id": "D_00273",
        "destination_category": "education",
        "destination_name": "泉州市培元中学",
        "origin_pop": 1181.0,
        "destination_jobs": 2562.4,
        "distance_m": 757.58,
        "trips": 23.5327
      }
    },
    {
      "type": "Feature",
      "geometry": {
        "type": "LineString",
        "coordinates": [
          [
            118.58627655384615,
            24.915703546153846
          ],
          [
            118.58793268333334,
            24.916896433333335
          ]
        ]
      },
      "properties": {
        "purpose": "home_to_work",
        "origin_id": "O_00103",
        "destination_id": "D_00080",
        "destination_category": "healthcare",
        "destination_name": "福建医科大学附属第二医院",
        "origin_pop": 1181.0,
        "destination_jobs": 2001.54,
        "distance_m": 212.94,
        "trips": 22.0411
      }
    },
    {
      "type": "Feature",
      "geometry": {
        "type": "LineString",
        "coordinates": [
          [
            118.590998,
            24.920035825
          ],
          [
            118.57828776875,
            24.945803090625
          ]
        ]
      },
      "properties": {
        "purpose": "home_to_work",
        "origin_id": "O_00104",
        "destination_id": "D_00301",
        "destination_category": "education",
        "destination_name": "",
        "origin_pop": 4949.0,
        "destination_jobs": 27053.76,
        "distance_m": 3123.95,
        "trips": 453.3087
      }
    },
    {
      "type": "Feature",
      "geometry": {
        "type": "LineString",
        "coordinates": [
          [
            118.590998,
            24.920035825
          ],
          [
            118.57454498235293,
            24.915936364705882
          ]
        ]
      },
      "properties": {
        "purpose": "home_to_work",
        "origin_id": "O_00104",
        "destination_id": "D_00321",
        "destination_category": "commercial_office",
        "destination_name": "源和1916创意产业园",
        "origin_pop": 4949.0,
        "destination_jobs": 12593.06,
        "distance_m": 1721.76,
        "trips": 336.7334
      }
    },
    {
      "type": "Feature",
      "geometry": {
        "type": "LineString",
        "coordinates": [
          [
            118.590998,
            24.920035825
          ],
          [
            118.59383305000001,
            24.942276507142857
          ]
        ]
      },
      "properties": {
        "purpose": "home_to_work",
        "origin_id": "O_00104",
        "destination_id": "D_00300",
        "destination_category": "healthcare",
        "destination_name": "910医院",
        "origin_pop": 4949.0,
        "destination_jobs": 15831.81,
        "distance_m": 2475.09,
        "trips": 329.3289
      }
    },
    {
      "type": "Feature",
      "geometry": {
        "type": "LineString",
        "coordinates": [
          [
            118.590998,
            24.920035825
          ],
          [
            118.63935618000001,
            24.939899246666666
          ]
        ]
      },
      "properties": {
        "purpose": "home_to_work",
        "origin_id": "O_00104",
        "destination_id": "D_00149",
        "destination_category": "education",
        "destination_name": "华侨大学",
        "origin_pop": 4949.0,
        "destination_jobs": 36219.49,
        "distance_m": 5352.71,
        "trips": 288.7104
      }
    },
    {
      "type": "Feature",
      "geometry": {
        "type": "LineString",
        "coordinates": [
          [
            118.590998,
            24.920035825
          ],
          [
            118.58039623076924,
            24.921369546153848
          ]
        ]
      },
      "properties": {
        "purpose": "home_to_work",
        "origin_id": "O_00104",
        "destination_id": "D_00272",
        "destination_category": "commercial_office",
        "destination_name": "开元盛世广场",
        "origin_pop": 4949.0,
        "destination_jobs": 5705.79,
        "distance_m": 1080.41,
        "trips": 188.9362
      }
    },
    {
      "type": "Feature",
      "geometry": {
        "type": "LineString",
        "coordinates": [
          [
            118.590998,
            24.920035825
          ],
          [
            118.62414069230769,
            24.88434541538462
          ]
        ]
      },
      "properties": {
        "purpose": "home_to_work",
        "origin_id": "O_00104",
        "destination_id": "D_00204",
        "destination_category": "education",
        "destination_name": "黎明职业大学",
        "origin_pop": 4949.0,
        "destination_jobs": 20180.72,
        "distance_m": 5173.33,
        "trips": 170.7754
      }
    },
    {
      "type": "Feature",
      "geometry": {
        "type": "LineString",
        "coordinates": [
          [
            118.590998,
            24.920035825
          ],
          [
            118.59354837999999,
            24.915964273333334
          ]
        ]
      },
      "properties": {
        "purpose": "home_to_work",
        "origin_id": "O_00104",
        "destination_id": "D_00674",
        "destination_category": "healthcare",
        "destination_name": "泉州市第一医院",
        "origin_pop": 4949.0,
        "destination_jobs": 4099.66,
        "distance_m": 518.52,
        "trips": 163.7156
      }
    },
    {
      "type": "Feature",
      "geometry": {
        "type": "LineString",
        "coordinates": [
          [
            118.590998,
            24.920035825
          ],
          [
            118.66633520434783,
            24.872914973913044
          ]
        ]
      },
      "properties": {
        "purpose": "home_to_work",
        "origin_id": "O_00104",
        "destination_id": "D_00108",
        "destination_category": "education",
        "destination_name": "泉州师范学院",
        "origin_pop": 4949.0,
        "destination_jobs": 49778.48,
        "distance_m": 9219.55,
        "trips": 109.3402
      }
    },
    {
      "type": "Feature",
      "geometry": {
        "type": "LineString",
        "coordinates": [
          [
            118.590998,
            24.920035825
          ],
          [
            118.5917593967742,
            24.925355925806453
          ]
        ]
      },
      "properties": {
        "purpose": "home_to_work",
        "origin_id": "O_00104",
        "destination_id": "D_00047",
        "destination_category": "education",
        "destination_name": "泉州市第一中学",
        "origin_pop": 4949.0,
        "destination_jobs": 2622.24,
        "distance_m": 593.09,
        "trips": 102.1456
      }
    },
    {
      "type": "Feature",
      "geometry": {
        "type": "LineString",
        "coordinates": [
          [
            118.590998,
            24.920035825
          ],
          [
            118.58003240666666,
            24.919504482222223
          ]
        ]
      },
      "properties": {
        "purpose": "home_to_work",
        "origin_id": "O_00104",
        "destination_id": "D_00273",
        "destination_category": "education",
        "destination_name": "泉州市培元中学",
        "origin_pop": 4949.0,
        "destination_jobs": 2562.4,
        "distance_m": 1108.6,
        "trips": 84.0555
      }
    },
    {
      "type": "Feature",
      "geometry": {
        "type": "LineString",
        "coordinates": [
          [
            118.5911799,
            24.920090925
          ],
          [
            118.57828776875,
            24.945803090625
          ]
        ]
      },
      "properties": {
        "purpose": "home_to_work",
        "origin_id": "O_00105",
        "destination_id": "D_00301",
        "destination_category": "education",
        "destination_name": "",
        "origin_pop": 4861.0,
        "destination_jobs": 27053.76,
        "distance_m": 3126.0,
        "trips": 444.9502
      }
    },
    {
      "type": "Feature",
      "geometry": {
        "type": "LineString",
        "coordinates": [
          [
            118.5911799,
            24.920090925
          ],
          [
            118.57454498235293,
            24.915936364705882
          ]
        ]
      },
      "properties": {
        "purpose": "home_to_work",
        "origin_id": "O_00105",
        "destination_id": "D_00321",
        "destination_category": "commercial_office",
        "destination_name": "源和1916创意产业园",
        "origin_pop": 4861.0,
        "destination_jobs": 12593.06,
        "distance_m": 1741.08,
        "trips": 328.6269
      }
    },
    {
      "type": "Feature",
      "geometry": {
        "type": "LineString",
        "coordinates": [
          [
            118.5911799,
            24.920090925
          ],
          [
            118.59383305000001,
            24.942276507142857
          ]
        ]
      },
      "properties": {
        "purpose": "home_to_work",
        "origin_id": "O_00105",
        "destination_id": "D_00300",
        "destination_category": "healthcare",
        "destination_name": "910医院",
        "origin_pop": 4861.0,
        "destination_jobs": 15831.81,
        "distance_m": 2466.98,
        "trips": 324.3529
      }
    },
    {
      "type": "Feature",
      "geometry": {
        "type": "LineString",
        "coordinates": [
          [
            118.5911799,
            24.920090925
          ],
          [
            118.63935618000001,
            24.939899246666666
          ]
        ]
      },
      "properties": {
        "purpose": "home_to_work",
        "origin_id": "O_00105",
        "destination_id": "D_00149",
        "destination_category": "education",
        "destination_name": "华侨大学",
        "origin_pop": 4861.0,
        "destination_jobs": 36219.49,
        "distance_m": 5333.47,
        "trips": 285.4054
      }
    },
    {
      "type": "Feature",
      "geometry": {
        "type": "LineString",
        "coordinates": [
          [
            118.5911799,
            24.920090925
          ],
          [
            118.58039623076924,
            24.921369546153848
          ]
        ]
      },
      "properties": {
        "purpose": "home_to_work",
        "origin_id": "O_00105",
        "destination_id": "D_00272",
        "destination_category": "commercial_office",
        "destination_name": "开元盛世广场",
        "origin_pop": 4861.0,
        "destination_jobs": 5705.79,
        "distance_m": 1097.8,
        "trips": 184.5062
      }
    },
    {
      "type": "Feature",
      "geometry": {
        "type": "LineString",
        "coordinates": [
          [
            118.5911799,
            24.920090925
          ],
          [
            118.62414069230769,
            24.88434541538462
          ]
        ]
      },
      "properties": {
        "purpose": "home_to_work",
        "origin_id": "O_00105",
        "destination_id": "D_00204",
        "destination_category": "education",
        "destination_name": "黎明职业大学",
        "origin_pop": 4861.0,
        "destination_jobs": 20180.72,
        "distance_m": 5166.12,
        "trips": 168.1443
      }
    },
    {
      "type": "Feature",
      "geometry": {
        "type": "LineString",
        "coordinates": [
          [
            118.5911799,
            24.920090925
          ],
          [
            118.59354837999999,
            24.915964273333334
          ]
        ]
      },
      "properties": {
        "purpose": "home_to_work",
        "origin_id": "O_00105",
        "destination_id": "D_00674",
        "destination_category": "healthcare",
        "destination_name": "泉州市第一医院",
        "origin_pop": 4861.0,
        "destination_jobs": 4099.66,
        "distance_m": 515.03,
        "trips": 160.9933
      }
    },
    {
      "type": "Feature",
      "geometry": {
        "type": "LineString",
        "coordinates": [
          [
            118.5911799,
            24.920090925
          ],
          [
            118.66633520434783,
            24.872914973913044
          ]
        ]
      },
      "properties": {
        "purpose": "home_to_work",
        "origin_id": "O_00105",
        "destination_id": "D_00108",
        "destination_category": "education",
        "destination_name": "泉州师范学院",
        "origin_pop": 4861.0,
        "destination_jobs": 49778.48,
        "distance_m": 9207.85,
        "trips": 107.8171
      }
    },
    {
      "type": "Feature",
      "geometry": {
        "type": "LineString",
        "coordinates": [
          [
            118.5911799,
            24.920090925
          ],
          [
            118.5917593967742,
            24.925355925806453
          ]
        ]
      },
      "properties": {
        "purpose": "home_to_work",
        "origin_id": "O_00105",
        "destination_id": "D_00047",
        "destination_category": "education",
        "destination_name": "泉州市第一中学",
        "origin_pop": 4861.0,
        "destination_jobs": 2622.24,
        "distance_m": 584.93,
        "trips": 100.6039
      }
    },
    {
      "type": "Feature",
      "geometry": {
        "type": "LineString",
        "coordinates": [
          [
            118.5911799,
            24.920090925
          ],
          [
            118.58003240666666,
            24.919504482222223
          ]
        ]
      },
      "properties": {
        "purpose": "home_to_work",
        "origin_id": "O_00105",
        "destination_id": "D_00273",
        "destination_category": "education",
        "destination_name": "泉州市培元中学",
        "origin_pop": 4861.0,
        "destination_jobs": 2562.4,
        "distance_m": 1127.27,
        "trips": 82.0496
      }
    }
  ]
}