purpose,origin_id,destination_id,origin_lon,origin_lat,destination_lon,destination_lat,origin_pop,destination_jobs,destination_category,destination_name,distance_m,trips
home_to_work,O_00001,D_00149,118.60694444,24.91301740,118.63935618,24.93989925,1173.00,36219.49,education,华侨大学,4419.93,101.4963
home_to_work,O_00001,D_00204,118.60694444,24.91301740,118.62414069,24.88434542,1173.00,20180.72,education,黎明职业大学,3613.87,73.9833
home_to_work,O_00001,D_00301,118.60694444,24.91301740,118.57828777,24.94580309,1173.00,27053.76,education,,4637.11,70.5172
home_to_work,O_00001,D_00300,118.60694444,24.91301740,118.59383305,24.94227651,1173.00,15831.81,healthcare,910医院,3494.65,60.3929
home_to_work,O_00001,D_00321,118.60694444,24.91301740,118.57454498,24.91593636,1173.00,12593.06,commercial_office,源和1916创意产业园,3286.93,51.4822
home_to_work,O_00001,D_00108,118.60694444,24.91301740,118.66633520,24.87291497,1173.00,49778.48,education,泉州师范学院,7457.66,50.6749
home_to_work,O_00001,D_00662,118.60694444,24.91301740,118.67346315,24.87382905,1173.00,41918.35,commercial_office,,7992.61,35.7037
home_to_work,O_00001,D_00674,118.60694444,24.91301740,118.59354838,24.91596427,1173.00,4099.66,healthcare,泉州市第一医院,1391.15,31.5295
home_to_work,O_00001,D_00272,118.60694444,24.91301740,118.58039623,24.92136955,1173.00,5705.79,commercial_office,开元盛世广场,2834.81,27.1202
home_to_work,O_00001,D_00169,118.60694444,24.91301740,118.64526664,24.91003865,1173.00,7444.64,education,泉州第五中学（城东校区）,3883.10,24.9497
home_to_work,O_00002,D_00204,118.60945077,24.89859613,118.62414069,24.88434542,6201.00,20180.72,education,黎明职业大学,2163.77,641.8313
home_to_work,O_00002,D_00108,118.60945077,24.89859613,118.66633520,24.87291497,6201.00,49778.48,education,泉州师范学院,6407.57,384.7446
home_to_work,O_00002,D_00149,118.60945077,24.89859613,118.63935618,24.93989925,6201.00,36219.49,education,华侨大学,5473.60,382.1893
home_to_work,O_00002,D_00662,118.60945077,24.89859613,118.67346315,24.87382905,6201.00,41918.35,commercial_office,,7020.04,264.1619
home_to_work,O_00002,D_00301,118.60945077,24.89859613,118.57828777,24.94580309,6201.00,27053.76,education,,6093.25,232.1991
home_to_work,O_00002,D_00321,118.60945077,24.89859613,118.57454498,24.91593636,6201.00,12593.06,commercial_office,源和1916创意产业园,4011.83,216.3119
home_to_work,O_00002,D_00962,118.60945077,24.89859613,118.62939622,24.85424563,6201.00,17148.53,healthcare,,5300.19,191.7199
home_to_work,O_00002,D_00300,118.60945077,24.89859613,118.59383305,24.94227651,6201.00,15831.81,healthcare,910医院,5079.34,190.5208
home_to_work,O_00002,D_00113,118.60945077,24.89859613,118.65411906,24.87995061,6201.00,12051.56,education,泉州幼儿师范高等专科学校,4959.23,150.9534
home_to_work,O_00002,D_00169,118.60945077,24.89859613,118.64526664,24.91003865,6201.00,7444.64,education,泉州第五中学（城东校区）,3831.10,135.8178
home_to_work,O_00003,D_00204,118.59992165,24.89145798,118.62414069,24.88434542,4735.00,20180.72,education,黎明职业大学,2568.96,498.9786
home_to_work,O_00003,D_00108,118.59992165,24.89145798,118.66633520,24.87291497,4735.00,49778.48,education,泉州师范学院,7013.11,279.7880
home_to_work,O_00003,D_00149,118.59992165,24.89145798,118.63935618,24.93989925,4735.00,36219.49,education,华侨大学,6672.59,228.0481
home_to_work,O_00003,D_00321,118.59992165,24.89145798,118.57454498,24.91593636,4735.00,12593.06,commercial_office,源和1916创意产业园,3726.49,211.6928
home_to_work,O_00003,D_00662,118.59992165,24.89145798,118.67346315,24.87382905,4735.00,41918.35,commercial_office,,7678.09,188.7670
home_to_work,O_00003,D_00301,118.59992165,24.89145798,118.57828777,24.94580309,4735.00,27053.76,education,,6392.03,187.0366
home_to_work,O_00003,D_00962,118.59992165,24.89145798,118.62939622,24.85424563,4735.00,17148.53,healthcare,,5077.56,183.7446
home_to_work,O_00003,D_00300,118.59992165,24.89145798,118.59383305,24.94227651,4735.00,15831.81,healthcare,910医院,5651.01,140.1208
home_to_work,O_00003,D_00113,118.59992165,24.89145798,118.65411906,24.87995061,4735.00,12051.56,education,泉州幼儿师范高等专科学校,5618.94,107.8098
home_to_work,O_00003,D_00202,118.59992165,24.89145798,118.61982626,24.88701071,4735.00,3586.93,education,北京师范大学泉州附属中学,2069.23,104.7637
home_to_work,O_00004,D_00204,118.59985900,24.89119395,118.62414069,24.88434542,4768.00,20180.72,education,黎明职业大学,2566.22,503.8900
home_to_work,O_00004,D_00108,118.59985900,24.89119395,118.66633520,24.87291497,4768.00,49778.48,education,泉州师范学院,7010.70,282.5113
home_to_work,O_00004,D_00149,118.59985900,24.89119395,118.63935618,24.93989925,4768.00,36219.49,education,华侨大学,6699.80,228.0056
home_to_work,O_00004,D_00321,118.59985900,24.89119395,118.57454498,24.91593636,4768.00,12593.06,commercial_office,源和1916创意产业园,3743.42,212.3801
home_to_work,O_00004,D_00662,118.59985900,24.89119395,118.67346315,24.87382905,4768.00,41918.35,commercial_office,,7676.87,190.5290
home_to_work,O_00004,D_00301,118.59985900,24.89119395,118.57828777,24.94580309,4768.00,27053.76,education,,6417.32,187.1215
home_to_work,O_00004,D_00962,118.59985900,24.89119395,118.62939622,24.85424563,4768.00,17148.53,healthcare,,5057.68,186.6169
home_to_work,O_00004,D_00300,118.59985900,24.89119395,118.59383305,24.94227651,4768.00,15831.81,healthcare,910医院,5679.34,140.0422
home_to_work,O_00004,D_00113,118.59985900,24.89119395,118.65411906,24.87995061,4768.00,12051.56,education,泉州幼儿师范高等专科学校,5618.58,108.7848
home_to_work,O_00004,D_00202,118.59985900,24.89119395,118.61982626,24.88701071,4768.00,3586.93,education,北京师范大学泉州附属中学,2068.66,105.7186
home_to_work,O_00005,D_00204,118.60075703,24.89112915,118.62414069,24.88434542,4868.00,20180.72,education,黎明职业大学,2477.54,521.3010
home_to_work,O_00005,D_00108,118.60075703,24.89112915,118.66633520,24.87291497,4868.00,49778.48,education,泉州师范学院,6921.83,292.2920
home_to_work,O_00005,D_00149,118.60075703,24.89112915,118.63935618,24.93989925,4868.00,36219.49,education,华侨大学,6652.04,232.6880
home_to_work,O_00005,D_00321,118.60075703,24.89112915,118.57454498,24.91593636,4868.00,12593.06,commercial_office,源和1916创意产业园,3811.06,208.5629
home_to_work,O_00005,D_00662,118.60075703,24.89112915,118.67346315,24.87382905,4868.00,41918.35,commercial_office,,7587.29,197.1714
home_to_work,O_00005,D_00962,118.60075703,24.89112915,118.62939622,24.85424563,4868.00,17148.53,healthcare,,4998.88,191.1517
home_to_work,O_00005,D_00301,118.60075703,24.89112915,118.57828777,24.94580309,4868.00,27053.76,education,,6455.35,185.5805
home_to_work,O_00005,D_00300,118.60075703,24.89112915,118.59383305,24.94227651,4868.00,15831.81,healthcare,910医院,5696.88,139.8413
home_to_work,O_00005,D_00113,118.60075703,24.89112915,118.65411906,24.87995061,4868.00,12051.56,education,泉州幼儿师范高等专科学校,5528.57,112.5935
home_to_work,O_00005,D_00202,118.60075703,24.89112915,118.61982626,24.88701071,4868.00,3586.93,education,北京师范大学泉州附属中学,1978.72,109.4176
home_to_work,O_00006,D_00204,118.60060795,24.89090070,118.62414069,24.88434542,4778.00,20180.72,education,黎明职业大学,2484.41,512.2139
home_to_work,O_00006,D_00108,118.60060795,24.89090070,118.66633520,24.87291497,4778.00,49778.48,education,泉州师范学院,6928.95,287.1729
home_to_work,O_00006,D_00149,118.60060795,24.89090070,118.63935618,24.93989925,4778.00,36219.49,education,华侨大学,6681.32,226.9301
home_to_work,O_00006,D_00321,118.60060795,24.89090070,118.57454498,24.91593636,4778.00,12593.06,commercial_office,源和1916创意产业园,3818.88,204.8623
home_to_work,O_00006,D_00662,118.60060795,24.89090070,118.67346315,24.87382905,4778.00,41918.35,commercial_office,,7595.55,193.6446
home_to_work,O_00006,D_00962,118.60060795,24.89090070,118.62939622,24.85424563,4778.00,17148.53,healthcare,,4987.07,188.9929
home_to_work,O_00006,D_00301,118.60060795,24.89090070,118.57828777,24.94580309,4778.00,27053.76,education,,6473.75,181.6465
home_to_work,O_00006,D_00300,118.60060795,24.89090070,118.59383305,24.94227651,4778.00,15831.81,healthcare,910医院,5720.12,136.6558
home_to_work,O_00006,D_00113,118.60060795,24.89090070,118.65411906,24.87995061,4778.00,12051.56,education,泉州幼儿师范高等专科学校,5537.68,110.5485
home_to_work,O_00006,D_00202,118.60060795,24.89090070,118.61982626,24.88701071,4778.00,3586.93,education,北京师范大学泉州附属中学,1987.75,107.4326
home_to_work,O_00007,D_00204,118.60043715,24.89158905,118.62414069,24.88434542,4781.00,20180.72,education,黎明职业大学,2524.01,506.4737
home_to_work,O_00007,D_00108,118.60043715,24.89158905,118.66633520,24.87291497,4781.00,49778.48,education,泉州师范学院,6967.62,284.0421
home_to_work,O_00007,D_00149,118.60043715,24.89158905,118.63935618,24.93989925,4781.00,36219.49,education,华侨大学,6629.99,231.2922
home_to_work,O_00007,D_00321,118.60043715,24.89158905,118.57454498,24.91593636,4781.00,12593.06,commercial_office,源和1916创意产业园,3752.06,209.8805
home_to_work,O_00007,D_00662,118.60043715,24.89158905,118.67346315,24.87382905,4781.00,41918.35,commercial_office,,7631.46,191.7099
home_to_work,O_00007,D_00301,118.60043715,24.89158905,118.57828777,24.94580309,4781.00,27053.76,education,,6396.42,186.7491
home_to_work,O_00007,D_00962,118.60043715,24.89158905,118.62939622,24.85424563,4781.00,17148.53,healthcare,,5059.03,184.8694
home_to_work,O_00007,D_00300,118.60043715,24.89158905,118.59383305,24.94227651,4781.00,15831.81,healthcare,910医院,5642.52,140.5074
home_to_work,O_00007,D_00113,118.60043715,24.89158905,118.65411906,24.87995061,4781.00,12051.56,education,泉州幼儿师范高等专科学校,5571.57,109.5175
home_to_work,O_00007,D_00202,118.60043715,24.89158905,118.61982626,24.88701071,4781.00,3586.93,education,北京师范大学泉州附属中学,2022.28,106.4082
home_to_work,O_00008,D_00204,118.60000745,24.89085560,118.62414069,24.88434542,4898.00,20180.72,education,黎明职业大学,2541.06,521.0994
home_to_work,O_00008,D_00108,118.60000745,24.89085560,118.66633520,24.87291497,4898.00,49778.48,education,泉州师范学院,6985.65,292.1496
home_to_work,O_00008,D_00149,118.60000745,24.89085560,118.63935618,24.93989925,4898.00,36219.49,education,华侨大学,6721.02,232.1748
home_to_work,O_00008,D_00321,118.60000745,24.89085560,118.57454498,24.91593636,4898.00,12593.06,commercial_office,源和1916创意产业园,3781.01,215.0871
home_to_work,O_00008,D_00662,118.60000745,24.89085560,118.67346315,24.87382905,4898.00,41918.35,commercial_office,,7653.08,196.9460
home_to_work,O_00008,D_00962,118.60000745,24.89085560,118.62939622,24.85424563,4898.00,17148.53,healthcare,,5018.64,193.8849
home_to_work,O_00008,D_00301,118.60000745,24.89085560,118.57828777,24.94580309,4898.00,27053.76,education,,6457.58,189.3375
home_to_work,O_00008,D_00300,118.60000745,24.89085560,118.59383305,24.94227651,4898.00,15831.81,healthcare,910医院,5718.15,141.7700
home_to_work,O_00008,D_00113,118.60000745,24.89085560,118.65411906,24.87995061,4898.00,12051.56,education,泉州幼儿师范高等专科学校,5595.79,112.4112
home_to_work,O_00008,D_00202,118.60000745,24.89085560,118.61982626,24.88701071,4898.00,3586.93,education,北京师范大学泉州附属中学,2045.96,109.2396
home_to_work,O_00009,D_00204,118.59881695,24.89425742,118.62414069,24.88434542,1238.00,20180.72,education,黎明职业大学,2782.06,122.3193
home_to_work,O_00009,D_00108,118.59881695,24.89425742,118.66633520,24.87291497,1238.00,49778.48,education,泉州师范学院,7214.98,68.8444
home_to_work,O_00009,D_00149,118.59881695,24.89425742,118.63935618,24.93989925,1238.00,36219.49,education,华侨大学,6496.56,63.6461
home_to_work,O_00009,D_00321,118.59881695,24.89425742,118.57454498,24.91593636,1238.00,12593.06,commercial_office,源和1916创意产业园,3427.62,61.5510
home_to_work,O_00009,D_00301,118.59881695,24.89425742,118.57828777,24.94580309,1238.00,27053.76,education,,6063.09,54.9299
home_to_work,O_00009,D_00662,118.59881695,24.89425742,118.67346315,24.87382905,1238.00,41918.35,commercial_office,,7869.12,46.6159
home_to_work,O_00009,D_00962,118.59881695,24.89425742,118.62939622,24.85424563,1238.00,17148.53,healthcare,,5394.41,43.5119
home_to_work,O_00009,D_00300,118.59881695,24.89425742,118.59383305,24.94227651,1238.00,15831.81,healthcare,910医院,5331.82,41.0178
home_to_work,O_00009,D_00674,118.59881695,24.89425742,118.59354838,24.91596427,1238.00,4099.66,healthcare,泉州市第一医院,2457.73,27.6858
home_to_work,O_00009,D_00272,118.59881695,24.89425742,118.58039623,24.92136955,1238.00,5705.79,commercial_office,开元盛世广场,3527.17,26.9779
home_to_work,O_00010,D_00204,118.59886315,24.89392822,118.62414069,24.88434542,4971.00,20180.72,education,黎明职业大学,2763.62,495.0295
home_to_work,O_00010,D_00108,118.59886315,24.89392822,118.66633520,24.87291497,4971.00,49778.48,education,泉州师范学院,7198.76,278.4098
home_to_work,O_00010,D_00149,118.59886315,24.89392822,118.63935618,24.93989925,4971.00,36219.49,education,华侨大学,6521.94,253.8429
home_to_work,O_00010,D_00321,118.59886315,24.89392822,118.57454498,24.91593636,4971.00,12593.06,commercial_office,源和1916创意产业园,3456.47,245.2027
home_to_work,O_00010,D_00301,118.59886315,24.89392822,118.57828777,24.94580309,4971.00,27053.76,education,,6098.88,218.3199
home_to_work,O_00010,D_00662,118.59886315,24.89392822,118.67346315,24.87382905,4971.00,41918.35,commercial_office,,7854.29,188.4292
home_to_work,O_00010,D_00962,118.59886315,24.89392822,118.62939622,24.85424563,4971.00,17148.53,healthcare,,5361.93,176.9202
home_to_work,O_00010,D_00300,118.59886315,24.89392822,118.59383305,24.94227651,4971.00,15831.81,healthcare,910医院,5368.49,162.9789
home_to_work,O_00010,D_00674,118.59886315,24.89392822,118.59354838,24.91596427,4971.00,4099.66,healthcare,泉州市第一医院,2494.27,110.0106
home_to_work,O_00010,D_00113,118.59886315,24.89392822,118.65411906,24.87995061,4971.00,12051.56,education,泉州幼儿师范高等专科学校,5789.87,107.8062
home_to_work,O_00011,D_00204,118.59862505,24.89375512,118.62414069,24.88434542,4816.00,20180.72,education,黎明职业大学,2778.63,479.3482
home_to_work,O_00011,D_00108,118.59862505,24.89375512,118.66633520,24.87291497,4816.00,49778.48,education,泉州师范学院,7215.39,269.4440
home_to_work,O_00011,D_00149,118.59862505,24.89375512,118.63935618,24.93989925,4816.00,36219.49,education,华侨大学,6551.92,244.5777
home_to_work,O_00011,D_00321,118.59862505,24.89375512,118.57454498,24.91593636,4816.00,12593.06,commercial_office,源和1916创意产业园,3453.00,238.9023
home_to_work,O_00011,D_00301,118.59862505,24.89375512,118.57828777,24.94580309,4816.00,27053.76,education,,6108.76,211.7660
home_to_work,O_00011,D_00662,118.59862505,24.89375512,118.67346315,24.87382905,4816.00,41918.35,commercial_office,,7871.99,182.2967
home_to_work,O_00011,D_00962,118.59862505,24.89375512,118.62939622,24.85424563,4816.00,17148.53,healthcare,,5360.20,172.2744
home_to_work,O_00011,D_00300,118.59862505,24.89375512,118.59383305,24.94227651,4816.00,15831.81,healthcare,910医院,5385.33,157.7198
home_to_work,O_00011,D_00674,118.59862505,24.89375512,118.59354838,24.91596427,4816.00,4099.66,healthcare,泉州市第一医院,2507.94,106.5733
home_to_work,O_00011,D_00272,118.59862505,24.89375512,118.58039623,24.92136955,4816.00,5705.79,commercial_office,开元盛世广场,3564.43,104.2975
home_to_work,O_00012,D_00204,118.59891415,24.89366753,118.62414069,24.88434542,4914.00,20180.72,education,黎明职业大学,2747.93,492.2619
home_to_work,O_00012,D_00108,118.59891415,24.89366753,118.66633520,24.87291497,4914.00,49778.48,education,泉州师范学院,7184.64,276.7085
home_to_work,O_00012,D_00149,118.59891415,24.89366753,118.63935618,24.93989925,4914.00,36219.49,education,华侨大学,6541.20,249.4996
home_to_work,O_00012,D_00321,118.59891415,24.89366753,118.57454498,24.91593636,4914.00,12593.06,commercial_office,源和1916创意产业园,3480.46,240.6285
home_to_work,O_00012,D_00301,118.59891415,24.89366753,118.57828777,24.94580309,4914.00,27053.76,education,,6127.73,213.8999
home_to_work,O_00012,D_00662,118.59891415,24.89366753,118.67346315,24.87382905,4914.00,41918.35,commercial_office,,7841.25,187.2104
home_to_work,O_00012,D_00962,118.59891415,24.89366753,118.62939622,24.85424563,4914.00,17148.53,healthcare,,5335.41,176.5674
home_to_work,O_00012,D_00300,118.59891415,24.89366753,118.59383305,24.94227651,4914.00,15831.81,healthcare,910医院,5397.67,159.6620
home_to_work,O_00012,D_00674,118.59891415,24.89366753,118.59354838,24.91596427,4914.00,4099.66,healthcare,泉州市第一医院,2523.52,107.7690
home_to_work,O_00012,D_00113,118.59891415,24.89366753,118.65411906,24.87995061,4914.00,12051.56,education,泉州幼儿师范高等专科学校,5777.28,107.0927
home_to_work,O_00013,D_00204,118.59866475,24.89347743,118.62414069,24.88434542,4852.00,20180.72,education,黎明职业大学,2763.55,485.8507
home_to_work,O_00013,D_00108,118.59866475,24.89347743,118.66633520,24.87291497,4852.00,49778.48,education,泉州师范学院,7201.85,272.9593
home_to_work,O_00013,D_00149,118.59866475,24.89347743,118.63935618,24.93989925,4852.00,36219.49,education,华侨大学,6573.34,244.8979
home_to_work,O_00013,D_00321,118.59866475,24.89347743,118.57454498,24.91593636,4852.00,12593.06,commercial_office,源和1916创意产业园,3477.67,238.9561
home_to_work,O_00013,D_00301,118.59866475,24.89347743,118.57828777,24.94580309,4852.00,27053.76,education,,6139.02,211.4194
home_to_work,O_00013,D_00662,118.59866475,24.89347743,118.67346315,24.87382905,4852.00,41918.35,commercial_office,,7859.61,184.6037
home_to_work,O_00013,D_00962,118.59866475,24.89347743,118.62939622,24.85424563,4852.00,17148.53,healthcare,,5332.88,175.3252
home_to_work,O_00013,D_00300,118.59866475,24.89347743,118.59383305,24.94227651,4852.00,15831.81,healthcare,910医院,5416.26,157.4265
home_to_work,O_00013,D_00674,118.59866475,24.89347743,118.59354838,24.91596427,4852.00,4099.66,healthcare,泉州市第一医院,2538.81,106.3773
home_to_work,O_00013,D_00113,118.59866475,24.89347743,118.65411906,24.87995061,4852.00,12051.56,education,泉州幼儿师范高等专科学校,5796.13,105.5841
home_to_work,O_00014,D_00204,118.59816222,24.89191457,118.62414069,24.88434542,4780.00,20180.72,education,黎明职业大学,2753.55,488.0781
home_to_work,O_00014,D_00108,118.59816222,24.89191457,118.66633520,24.87291497,4780.00,49778.48,education,泉州师范学院,7197.78,273.6698
home_to_work,O_00014,D_00321,118.59816222,24.89191457,118.57454498,24.91593636,4780.00,12593.06,commercial_office,源和1916创意产业园,3568.94,232.0835
home_to_work,O_00014,D_00149,118.59816222,24.89191457,118.63935618,24.93989925,4780.00,36219.49,education,华侨大学,6740.28,231.9303
home_to_work,O_00014,D_00301,118.59816222,24.89191457,118.57828777,24.94580309,4780.00,27053.76,education,,6285.68,201.5821
home_to_work,O_00014,D_00662,118.59816222,24.89191457,118.67346315,24.87382905,4780.00,41918.35,commercial_office,,7862.75,184.6394
home_to_work,O_00014,D_00962,118.59816222,24.89191457,118.62939622,24.85424563,4780.00,17148.53,healthcare,,5223.87,182.0389
home_to_work,O_00014,D_00300,118.59816222,24.89191457,118.59383305,24.94227651,4780.00,15831.81,healthcare,910医院,5584.14,149.0437
home_to_work,O_00014,D_00113,118.59816222,24.89191457,118.65411906,24.87995061,4780.00,12051.56,education,泉州幼儿师范高等专科学校,5803.42,105.4586
home_to_work,O_00014,D_00202,118.59816222,24.89191457,118.61982626,24.88701071,4780.00,3586.93,education,北京师范大学泉州附属中学,2253.81,102.4756
home_to_work,O_00015,D_00204,118.59850243,24.89232177,118.62414069,24.88434542,5079.00,20180.72,education,黎明职业大学,2735.01,517.9190
home_to_work,O_00015,D_00108,118.59850243,24.89232177,118.66633520,24.87291497,5079.00,49778.48,education,泉州师范学院,7178.23,290.4992
home_to_work,O_00015,D_00149,118.59850243,24.89232177,118.63935618,24.93989925,5079.00,36219.49,education,华侨大学,6683.66,249.2545
home_to_work,O_00015,D_00321,118.59850243,24.89232177,118.57454498,24.91593636,5079.00,12593.06,commercial_office,源和1916创意产业园,3558.83,245.5819
home_to_work,O_00015,D_00301,118.59850243,24.89232177,118.57828777,24.94580309,5079.00,27053.76,education,,6254.16,214.8345
home_to_work,O_00015,D_00662,118.59850243,24.89232177,118.67346315,24.87382905,5079.00,41918.35,commercial_office,,7841.13,196.1297
home_to_work,O_00015,D_00962,118.59850243,24.89232177,118.62939622,24.85424563,5079.00,17148.53,healthcare,,5239.28,190.9950
home_to_work,O_00015,D_00300,118.59850243,24.89232177,118.59383305,24.94227651,5079.00,15831.81,healthcare,910医院,5542.08,159.4010
home_to_work,O_00015,D_00113,118.59850243,24.89232177,118.65411906,24.87995061,5079.00,12051.56,education,泉州幼儿师范高等专科学校,5780.45,112.0718
home_to_work,O_00015,D_00202,118.59850243,24.89232177,118.61982626,24.88701071,5079.00,3586.93,education,北京师范大学泉州附属中学,2231.89,108.8635
home_to_work,O_00016,D_00204,118.60044928,24.89213280,118.62414069,24.88434542,4939.00,20180.72,education,黎明职业大学,2542.55,519.1403
home_to_work,O_00016,D_00108,118.60044928,24.89213280,118.66633520,24.87291497,4939.00,49778.48,education,泉州师范学院,6984.48,291.3096
home_to_work,O_00016,D_00149,118.60044928,24.89213280,118.63935618,24.93989925,4939.00,36219.49,education,华侨大学,6580.93,242.4796
home_to_work,O_00016,D_00321,118.60044928,24.89213280,118.57454498,24.91593636,4939.00,12593.06,commercial_office,源和1916创意产业园,3710.05,219.5168
home_to_work,O_00016,D_00662,118.60044928,24.89213280,118.67346315,24.87382905,4939.00,41918.35,commercial_office,,7645.95,196.7708
home_to_work,O_00016,D_00301,118.60044928,24.89213280,118.57828777,24.94580309,4939.00,27053.76,education,,6340.57,196.2260
home_to_work,O_00016,D_00962,118.60044928,24.89213280,118.62939622,24.85424563,4939.00,17148.53,healthcare,,5107.49,187.6131
home_to_work,O_00016,D_00300,118.60044928,24.89213280,118.59383305,24.94227651,4939.00,15831.81,healthcare,910医院,5582.99,147.8192
home_to_work,O_00016,D_00113,118.60044928,24.89213280,118.65411906,24.87995061,4939.00,12051.56,education,泉州幼儿师范高等专科学校,5584.55,112.4648
home_to_work,O_00016,D_00202,118.60044928,24.89213280,118.61982626,24.88701071,4939.00,3586.93,education,北京师范大学泉州附属中学,2036.97,109.2098
home_to_work,O_00017,D_00204,118.60059738,24.89190677,118.62414069,24.88434542,4885.00,20180.72,education,黎明职业大学,2520.09,516.2431
home_to_work,O_00017,D_00108,118.60059738,24.89190677,118.66633520,24.87291497,4885.00,49778.48,education,泉州师范学院,6962.67,289.6214
home_to_work,O_00017,D_00149,118.60059738,24.89190677,118.63935618,24.93989925,4885.00,36219.49,education,华侨大学,6592.11,238.4376
home_to_work,O_00017,D_00321,118.60059738,24.89190677,118.57454498,24.91593636,4885.00,12593.06,commercial_office,源和1916创意产业园,3738.32,214.6315
home_to_work,O_00017,D_00662,118.60059738,24.89190677,118.67346315,24.87382905,4885.00,41918.35,commercial_office,,7624.95,195.5774
home_to_work,O_00017,D_00301,118.60059738,24.89190677,118.57828777,24.94580309,4885.00,27053.76,education,,6369.23,191.8343
home_to_work,O_00017,D_00962,118.60059738,24.89190677,118.62939622,24.85424563,4885.00,17148.53,healthcare,,5078.44,186.9761
home_to_work,O_00017,D_00300,118.60059738,24.89190677,118.59383305,24.94227651,4885.00,15831.81,healthcare,910医院,5609.59,144.6096
home_to_work,O_00017,D_00113,118.60059738,24.89190677,118.65411906,24.87995061,4885.00,12051.56,education,泉州幼儿师范高等专科学校,5564.06,111.7640
home_to_work,O_00017,D_00202,118.60059738,24.89190677,118.61982626,24.88701071,4885.00,3586.93,education,北京师范大学泉州附属中学,2015.76,108.5550
home_to_work,O_00018,D_00204,118.60121000,24.89178420,118.62414069,24.88434542,4750.00,20180.72,education,黎明职业大学,2457.25,507.0934
home_to_work,O_00018,D_00108,118.60121000,24.89178420,118.66633520,24.87291497,4750.00,49778.48,education,泉州师范学院,6899.60,284.5095
home_to_work,O_00018,D_00149,118.60121000,24.89178420,118.63935618,24.93989925,4750.00,36219.49,education,华侨大学,6566.56,231.3185
home_to_work,O_00018,D_00321,118.60121000,24.89178420,118.57454498,24.91593636,4750.00,12593.06,commercial_office,源和1916创意产业园,3791.62,202.8207
home_to_work,O_00018,D_00662,118.60121000,24.89178420,118.67346315,24.87382905,4750.00,41918.35,commercial_office,,7561.70,192.1372
home_to_work,O_00018,D_00962,118.60121000,24.89178420,118.62939622,24.85424563,4750.00,17148.53,healthcare,,5032.08,182.6557
home_to_work,O_00018,D_00301,118.60121000,24.89178420,118.57828777,24.94580309,4750.00,27053.76,education,,6403.99,182.4020
home_to_work,O_00018,D_00300,118.60121000,24.89178420,118.59383305,24.94227651,4750.00,15831.81,healthcare,910医院,5630.89,138.1181
home_to_work,O_00018,D_00113,118.60121000,24.89178420,118.65411906,24.87995061,4750.00,12051.56,education,泉州幼儿师范高等专科学校,5500.75,109.8002
home_to_work,O_00018,D_00202,118.60121000,24.89178420,118.61982626,24.88701071,4750.00,3586.93,education,北京师范大学泉州附属中学,1952.54,106.6447
home_to_work,O_00019,D_00204,118.59911967,24.89326150,118.62414069,24.88434542,4879.00,20180.72,education,黎明职业大学,2712.08,494.2070
home_to_work,O_00019,D_00108,118.59911967,24.89326150,118.66633520,24.87291497,4879.00,49778.48,education,泉州师范学院,7150.74,277.6207
home_to_work,O_00019,D_00149,118.59911967,24.89326150,118.63935618,24.93989925,4879.00,36219.49,education,华侨大学,6563.47,245.6792
home_to_work,O_00019,D_00321,118.59911967,24.89326150,118.57454498,24.91593636,4879.00,12593.06,commercial_office,源和1916创意产业园,3526.91,235.0411
home_to_work,O_00019,D_00301,118.59911967,24.89326150,118.57828777,24.94580309,4879.00,27053.76,education,,6177.00,208.7377
home_to_work,O_00019,D_00662,118.59911967,24.89326150,118.67346315,24.87382905,4879.00,41918.35,commercial_office,,7808.88,187.7324
home_to_work,O_00019,D_00962,118.59911967,24.89326150,118.62939622,24.85424563,4879.00,17148.53,healthcare,,5286.79,178.0211
home_to_work,O_00019,D_00300,118.59911967,24.89326150,118.59383305,24.94227651,4879.00,15831.81,healthcare,910医院,5444.34,155.9433
home_to_work,O_00019,D_00113,118.59911967,24.89326150,118.65411906,24.87995061,4879.00,12051.56,education,泉州幼儿师范高等专科学校,5745.61,107.3661
home_to_work,O_00019,D_00674,118.59911967,24.89326150,118.59354838,24.91596427,4879.00,4099.66,healthcare,泉州市第一医院,2571.84,105.2015
home_to_work,O_00020,D_00204,118.59926062,24.89347152,118.62414069,24.88434542,5025.00,20180.72,education,黎明职业大学,2707.38,508.1343
home_to_work,O_00020,D_00108,118.59926062,24.89347152,118.66633520,24.87291497,5025.00,49778.48,education,泉州师范学院,7144.57,285.5846
home_to_work,O_00020,D_00149,118.59926062,24.89347152,118.63935618,24.93989925,5025.00,36219.49,education,华侨大学,6536.43,254.4918
home_to_work,O_00020,D_00321,118.59926062,24.89347152,118.57454498,24.91593636,5025.00,12593.06,commercial_office,源和1916创意产业园,3520.53,241.8015
home_to_work,O_00020,D_00301,118.59926062,24.89347152,118.57828777,24.94580309,5025.00,27053.76,education,,6160.05,215.4987
home_to_work,O_00020,D_00662,118.59926062,24.89347152,118.67346315,24.87382905,5025.00,41918.35,commercial_office,,7801.62,193.1882
home_to_work,O_00020,D_00962,118.59926062,24.89347152,118.62939622,24.85424563,5025.00,17148.53,healthcare,,5297.55,182.0974
home_to_work,O_00020,D_00300,118.59926062,24.89347152,118.59383305,24.94227651,5025.00,15831.81,healthcare,910医院,5422.66,161.2487
home_to_work,O_00020,D_00113,118.59926062,24.89347152,118.65411906,24.87995061,5025.00,12051.56,education,泉州幼儿师范高等专科学校,5737.85,110.5046
home_to_work,O_00020,D_00674,118.59926062,24.89347152,118.59354838,24.91596427,5025.00,4099.66,healthcare,泉州市第一医院,2552.37,108.7003
home_to_work,O_00021,D_00204,118.59808180,24.89386490,118.62414069,24.88434542,4816.00,20180.72,education,黎明职业大学,2834.05,473.3318
home_to_work,O_00021,D_00108,118.59808180,24.89386490,118.66633520,24.87291497,4816.00,49778.48,education,泉州师范学院,7271.26,266.0233
home_to_work,O_00021,D_00321,118.59808180,24.89386490,118.57454498,24.91593636,4816.00,12593.06,commercial_office,源和1916创意产业园,3405.90,244.1055
home_to_work,O_00021,D_00149,118.59808180,24.89386490,118.63935618,24.93989925,4816.00,36219.49,education,华侨大学,6577.09,243.9562
home_to_work,O_00021,D_00301,118.59808180,24.89386490,118.57828777,24.94580309,4816.00,27053.76,education,,6079.08,215.1249
home_to_work,O_00021,D_00662,118.59808180,24.89386490,118.67346315,24.87382905,4816.00,41918.35,commercial_office,,7928.05,179.9705
home_to_work,O_00021,D_00962,118.59808180,24.89386490,118.62939622,24.85424563,4816.00,17148.53,healthcare,,5402.02,170.8851
home_to_work,O_00021,D_00300,118.59808180,24.89386490,118.59383305,24.94227651,4816.00,15831.81,healthcare,910医院,5368.58,159.5324
home_to_work,O_00021,D_00674,118.59808180,24.89386490,118.59354838,24.91596427,4816.00,4099.66,healthcare,泉州市第一医院,2485.38,108.0072
home_to_work,O_00021,D_00272,118.59808180,24.89386490,118.58039623,24.92136955,4816.00,5705.79,commercial_office,开元盛世广场,3525.95,106.2631
home_to_work,O_00022,D_00204,118.59827167,24.89443769,118.62414069,24.88434542,4798.00,20180.72,education,黎明职业大学,2840.52,467.3126
home_to_work,O_00022,D_00108,118.59827167,24.89443769,118.66633520,24.87291497,4798.00,49778.48,education,泉州师范学院,7273.53,263.0075
home_to_work,O_00022,D_00149,118.59827167,24.89443769,118.63935618,24.93989925,4798.00,36219.49,education,华侨大学,6516.00,246.3391
home_to_work,O_00022,D_00321,118.59827167,24.89443769,118.57454498,24.91593636,4798.00,12593.06,commercial_office,源和1916创意产业园,3374.41,244.0695
home_to_work,O_00022,D_00301,118.59827167,24.89443769,118.57828777,24.94580309,4798.00,27053.76,education,,6025.71,216.6680
home_to_work,O_00022,D_00662,118.59827167,24.89443769,118.67346315,24.87382905,4798.00,41918.35,commercial_office,,7927.59,178.0928
home_to_work,O_00022,D_00962,118.59827167,24.89443769,118.62939622,24.85424563,4798.00,17148.53,healthcare,,5442.38,166.8168
home_to_work,O_00022,D_00300,118.59827167,24.89443769,118.59383305,24.94227651,4798.00,15831.81,healthcare,910医院,5307.06,161.1141
home_to_work,O_00022,D_00674,118.59827167,24.89443769,118.59354838,24.91596427,4798.00,4099.66,healthcare,泉州市第一医院,2426.87,108.9685
home_to_work,O_00022,D_00272,118.59827167,24.89443769,118.58039623,24.92136955,4798.00,5705.79,commercial_office,开元盛世广场,3481.40,106.7111
home_to_work,O_00023,D_00204,118.59760949,24.89441035,118.62414069,24.88434542,4790.00,20180.72,education,黎明职业大学,2900.97,460.9545
home_to_work,O_00023,D_00108,118.59760949,24.89441035,118.66633520,24.87291497,4790.00,49778.48,education,泉州师范学院,7335.78,259.2741
home_to_work,O_00023,D_00321,118.59760949,24.89441035,118.57454498,24.91593636,4790.00,12593.06,commercial_office,源和1916创意产业园,3329.44,249.3596
home_to_work,O_00023,D_00149,118.59760949,24.89441035,118.63935618,24.93989925,4790.00,36219.49,education,华侨大学,6561.07,244.2363
home_to_work,O_00023,D_00301,118.59760949,24.89441035,118.57828777,24.94580309,4790.00,27053.76,education,,6006.51,219.4702
home_to_work,O_00023,D_00662,118.59760949,24.89441035,118.67346315,24.87382905,4790.00,41918.35,commercial_office,,7990.80,175.5082
home_to_work,O_00023,D_00962,118.59760949,24.89441035,118.62939622,24.85424563,4790.00,17148.53,healthcare,,5478.83,165.8691
home_to_work,O_00023,D_00300,118.59760949,24.89441035,118.59383305,24.94227651,4790.00,15831.81,healthcare,910医院,5304.84,162.2766
home_to_work,O_00023,D_00674,118.59760949,24.89441035,118.59354838,24.91596427,4790.00,4099.66,healthcare,泉州市第一医院,2417.60,110.0132
home_to_work,O_00023,D_00272,118.59760949,24.89441035,118.58039623,24.92136955,4790.00,5705.79,commercial_office,开元盛世广场,3449.82,108.5382
home_to_work,O_00024,D_00204,118.60091938,24.89256650,118.62414069,24.88434542,4910.00,20180.72,education,黎明职业大学,2514.86,516.0138
home_to_work,O_00024,D_00108,118.60091938,24.89256650,118.66633520,24.87291497,4910.00,49778.48,education,泉州师范学院,6954.09,289.8157
home_to_work,O_00024,D_00149,118.60091938,24.89256650,118.63935618,24.93989925,4910.00,36219.49,education,华侨大学,6514.14,244.1806
home_to_work,O_00024,D_00321,118.60091938,24.89256650,118.57454498,24.91593636,4910.00,12593.06,commercial_office,源和1916创意产业园,3710.12,216.1846
home_to_work,O_00024,D_00662,118.60091938,24.89256650,118.67346315,24.87382905,4910.00,41918.35,commercial_office,,7613.07,195.9240
home_to_work,O_00024,D_00301,118.60091938,24.89256650,118.57828777,24.94580309,4910.00,27053.76,education,,6312.76,195.0520
home_to_work,O_00024,D_00962,118.60091938,24.89256650,118.62939622,24.85424563,4910.00,17148.53,healthcare,,5120.05,183.9974
home_to_work,O_00024,D_00300,118.60091938,24.89256650,118.59383305,24.94227651,4910.00,15831.81,healthcare,910医院,5541.32,147.6148
home_to_work,O_00024,D_00113,118.60091938,24.89256650,118.65411906,24.87995061,4910.00,12051.56,education,泉州幼儿师范高等专科学校,5550.34,112.0308
home_to_work,O_00024,D_00202,118.60091938,24.89256650,118.61982626,24.88701071,4910.00,3586.93,education,北京师范大学泉州附属中学,2005.57,108.6862
home_to_work,O_00025,D_00321,118.57417200,24.90519100,118.57454498,24.91593636,4868.00,12593.06,commercial_office,源和1916创意产业园,1188.39,533.7571
home_to_work,O_00025,D_00301,118.57417200,24.90519100,118.57828777,24.94580309,4868.00,27053.76,education,,4508.45,379.1511
home_to_work,O_00025,D_00300,118.57417200,24.90519100,118.59383305,24.94227651,4868.00,15831.81,healthcare,910医院,4554.66,218.4869
home_to_work,O_00025,D_00204,118.57417200,24.90519100,118.62414069,24.88434542,4868.00,20180.72,education,黎明职业大学,5546.92,200.0722
home_to_work,O_00025,D_00272,118.57417200,24.90519100,118.58039623,24.92136955,4868.00,5705.79,commercial_office,开元盛世广场,1895.57,191.0527
home_to_work,O_00025,D_00149,118.57417200,24.90519100,118.63935618,24.93989925,4868.00,36219.49,education,华侨大学,7617.35,180.0810
home_to_work,O_00025,D_00262,118.57417200,24.90519100,118.56177663,24.88484763,4868.00,5779.40,commercial_office,新加坡城,2573.62,154.3702
home_to_work,O_00025,D_00674,118.57417200,24.90519100,118.59354838,24.91596427,4868.00,4099.66,healthcare,泉州市第一医院,2290.27,120.3503
home_to_work,O_00025,D_00108,118.57417200,24.90519100,118.66633520,24.87291497,4868.00,49778.48,education,泉州师范学院,9967.17,113.0823
home_to_work,O_00025,D_00838,118.57417200,24.90519100,118.57333476,24.88451033,4868.00,3410.10,education,泉州第五中学桥南校区,2287.60,100.1964
home_to_work,O_00026,D_00321,118.57720171,24.91181550,118.57454498,24.91593636,4957.00,12593.06,commercial_office,源和1916创意产业园,528.62,571.0180
home_to_work,O_00026,D_00301,118.57720171,24.91181550,118.57828777,24.94580309,4957.00,27053.76,education,,3758.59,417.9852
home_to_work,O_00026,D_00300,118.57720171,24.91181550,118.59383305,24.94227651,4957.00,15831.81,healthcare,910医院,3762.52,244.2835
home_to_work,O_00026,D_00272,118.57720171,24.91181550,118.58039623,24.92136955,4957.00,5705.79,commercial_office,开元盛世广场,1104.25,213.5520
home_to_work,O_00026,D_00149,118.57720171,24.91181550,118.63935618,24.93989925,4957.00,36219.49,education,华侨大学,7000.51,189.9148
home_to_work,O_00026,D_00204,118.57720171,24.91181550,118.62414069,24.88434542,4957.00,20180.72,education,黎明职业大学,5628.89,167.1536
home_to_work,O_00026,D_00674,118.57720171,24.91181550,118.59354838,24.91596427,4957.00,4099.66,healthcare,泉州市第一医院,1712.91,125.2633
home_to_work,O_00026,D_00273,118.57720171,24.91181550,118.58003241,24.91950448,4957.00,2562.40,education,泉州市培元中学,896.70,102.7736
home_to_work,O_00026,D_00262,118.57720171,24.91181550,118.56177663,24.88484763,4957.00,5779.40,commercial_office,新加坡城,3363.39,101.8654
home_to_work,O_00026,D_00108,118.57720171,24.91181550,118.66633520,24.87291497,4957.00,49778.48,education,泉州师范学院,9975.00,96.8406
home_to_work,O_00027,D_00321,118.57268405,24.91404959,118.57454498,24.91593636,4770.00,12593.06,commercial_office,源和1916创意产业园,280.71,597.9573
home_to_work,O_00027,D_00301,118.57268405,24.91404959,118.57828777,24.94580309,4770.00,27053.76,education,,3555.32,431.2385
home_to_work,O_00027,D_00300,118.57268405,24.91404959,118.59383305,24.94227651,4770.00,15831.81,healthcare,910医院,3780.71,234.0950
home_to_work,O_00027,D_00272,118.57268405,24.91404959,118.58039623,24.92136955,4770.00,5705.79,commercial_office,开元盛世广场,1122.92,204.6126
home_to_work,O_00027,D_00149,118.57268405,24.91404959,118.63935618,24.93989925,4770.00,36219.49,education,华侨大学,7311.99,165.0436
home_to_work,O_00027,D_00204,118.57268405,24.91404959,118.62414069,24.88434542,4770.00,20180.72,education,黎明职业大学,6146.29,135.6268
home_to_work,O_00027,D_00674,118.57268405,24.91404959,118.59354838,24.91596427,4770.00,4099.66,healthcare,泉州市第一医院,2117.07,105.5472
home_to_work,O_00027,D_00273,118.57268405,24.91404959,118.58003241,24.91950448,4770.00,2562.40,education,泉州市培元中学,956.02,97.1460
home_to_work,O_00027,D_00262,118.57268405,24.91404959,118.56177663,24.88484763,4770.00,5779.40,commercial_office,新加坡城,3410.70,96.6740
home_to_work,O_00027,D_00108,118.57268405,24.91404959,118.66633520,24.87291497,4770.00,49778.48,education,泉州师范学院,10493.03,78.5588
home_to_work,O_00028,D_00321,118.57278359,24.91495150,118.57454498,24.91593636,4795.00,12593.06,commercial_office,源和1916创意产业园,208.51,604.2199
home_to_work,O_00028,D_00301,118.57278359,24.91495150,118.57828777,24.94580309,4795.00,27053.76,education,,3455.30,439.8146
home_to_work,O_00028,D_00300,118.57278359,24.91495150,118.59383305,24.94227651,4795.00,15831.81,healthcare,910医院,3693.06,237.7677
home_to_work,O_00028,D_00272,118.57278359,24.91495150,118.58039623,24.92136955,4795.00,5705.79,commercial_office,开元盛世广场,1045.94,207.0850
home_to_work,O_00028,D_00149,118.57278359,24.91495150,118.63935618,24.93989925,4795.00,36219.49,education,华侨大学,7264.29,165.4157
home_to_work,O_00028,D_00204,118.57278359,24.91495150,118.62414069,24.88434542,4795.00,20180.72,education,黎明职业大学,6191.69,131.7790
home_to_work,O_00028,D_00674,118.57278359,24.91495150,118.59354838,24.91596427,4795.00,4099.66,healthcare,泉州市第一医院,2099.39,104.7317
home_to_work,O_00028,D_00273,118.57278359,24.91495150,118.58003241,24.91950448,4795.00,2562.40,education,泉州市培元中学,888.18,98.0208
home_to_work,O_00028,D_00262,118.57278359,24.91495150,118.56177663,24.88484763,4795.00,5779.40,commercial_office,新加坡城,3508.37,92.3087
home_to_work,O_00028,D_00108,118.57278359,24.91495150,118.66633520,24.87291497,4795.00,49778.48,education,泉州师范学院,10527.57,76.6070
home_to_work,O_00029,D_00321,118.57721083,24.91245205,118.57454498,24.91593636,4736.00,12593.06,commercial_office,源和1916创意产业园,469.88,548.6682
home_to_work,O_00029,D_00301,118.57721083,24.91245205,118.57828777,24.94580309,4736.00,27053.76,education,,3688.23,403.1830
home_to_work,O_00029,D_00300,118.57721083,24.91245205,118.59383305,24.94227651,4736.00,15831.81,healthcare,910医院,3699.27,235.0753
home_to_work,O_00029,D_00272,118.57721083,24.91245205,118.58039623,24.92136955,4736.00,5705.79,commercial_office,开元盛世广场,1036.87,205.7848
home_to_work,O_00029,D_00149,118.57721083,24.91245205,118.63935618,24.93989925,4736.00,36219.49,education,华侨大学,6968.75,180.8474
home_to_work,O_00029,D_00204,118.57721083,24.91245205,118.62414069,24.88434542,4736.00,20180.72,education,黎明职业大学,5666.38,155.5408
home_to_work,O_00029,D_00674,118.57721083,24.91245205,118.59354838,24.91596427,4736.00,4099.66,healthcare,泉州市第一医院,1694.52,118.7520
home_to_work,O_00029,D_00273,118.57721083,24.91245205,118.58003241,24.91950448,4736.00,2562.40,education,泉州市培元中学,829.99,99.0134
home_to_work,O_00029,D_00262,118.57721083,24.91245205,118.56177663,24.88484763,4736.00,5779.40,commercial_office,新加坡城,3426.33,93.9878
home_to_work,O_00029,D_00108,118.57721083,24.91245205,118.66633520,24.87291497,4736.00,49778.48,education,泉州师范学院,10004.68,90.3474
home_to_work,O_00030,D_00321,118.58103092,24.90993666,118.57454498,24.91593636,4853.00,12593.06,commercial_office,源和1916创意产业园,932.01,499.1357
home_to_work,O_00030,D_00301,118.58103092,24.90993666,118.57828777,24.94580309,4853.00,27053.76,education,,3974.33,388.9498
home_to_work,O_00030,D_00300,118.58103092,24.90993666,118.59383305,24.94227651,4853.00,15831.81,healthcare,910医院,3801.29,241.1280
home_to_work,O_00030,D_00149,118.58103092,24.90993666,118.63935618,24.93989925,4853.00,36219.49,education,华侨大学,6755.65,206.0499
home_to_work,O_00030,D_00272,118.58103092,24.90993666,118.58039623,24.92136955,4853.00,5705.79,commercial_office,开元盛世广场,1265.41,202.3663
home_to_work,O_00030,D_00204,118.58103092,24.90993666,118.62414069,24.88434542,4853.00,20180.72,education,黎明职业大学,5191.43,193.3795
home_to_work,O_00030,D_00674,118.58103092,24.90993666,118.59354838,24.91596427,4853.00,4099.66,healthcare,泉州市第一医院,1428.67,137.7010
home_to_work,O_00030,D_00108,118.58103092,24.90993666,118.66633520,24.87291497,4853.00,49778.48,education,泉州师范学院,9536.65,112.0674
home_to_work,O_00030,D_00981,118.58103092,24.90993666,118.58126170,24.91169929,4853.00,2013.93,commercial_office,泉州工艺美术合作社,196.23,102.0112
home_to_work,O_00030,D_00262,118.58103092,24.90993666,118.56177663,24.88484763,4853.00,5779.40,commercial_office,新加坡城,3386.93,101.0613
home_to_work,O_00031,D_00321,118.58328292,24.90833000,118.57454498,24.91593636,4787.00,12593.06,commercial_office,源和1916创意产业园,1218.70,459.4410
home_to_work,O_00031,D_00301,118.58328292,24.90833000,118.57828777,24.94580309,4787.00,27053.76,education,,4172.86,368.6961
home_to_work,O_00031,D_00300,118.58328292,24.90833000,118.59383305,24.94227651,4787.00,15831.81,healthcare,910医院,3900.67,236.2518
home_to_work,O_00031,D_00149,118.58328292,24.90833000,118.63935618,24.93989925,4787.00,36219.49,education,华侨大学,6649.93,216.1670
home_to_work,O_00031,D_00204,118.58328292,24.90833000,118.62414069,24.88434542,4787.00,20180.72,education,黎明职业大学,4904.07,215.5379
home_to_work,O_00031,D_00272,118.58328292,24.90833000,118.58039623,24.92136955,4787.00,5705.79,commercial_office,开元盛世广场,1470.56,191.4054
home_to_work,O_00031,D_00674,118.58328292,24.90833000,118.59354838,24.91596427,4787.00,4099.66,healthcare,泉州市第一医院,1336.54,143.8097
home_to_work,O_00031,D_00108,118.58328292,24.90833000,118.66633520,24.87291497,4787.00,49778.48,education,泉州师范学院,9255.30,124.6589
home_to_work,O_00031,D_00262,118.58328292,24.90833000,118.56177663,24.88484763,4787.00,5779.40,commercial_office,新加坡城,3384.33,102.4412
home_to_work,O_00031,D_00046,118.58328292,24.90833000,118.58690815,24.90855830,4787.00,1975.55,hotel_tourism,华侨大厦,366.89,95.7410
home_to_work,O_00032,D_00108,118.67514663,24.87948637,118.66633520,24.87291497,4814.00,49778.48,education,泉州师范学院,1148.72,714.6845
home_to_work,O_00032,D_00662,118.67514663,24.87948637,118.67346315,24.87382905,4814.00,41918.35,commercial_office,,648.06,711.1385
home_to_work,O_00032,D_00113,118.67514663,24.87948637,118.65411906,24.87995061,4814.00,12051.56,education,泉州幼儿师范高等专科学校,2124.17,124.9985
home_to_work,O_00032,D_00114,118.67514663,24.87948637,118.65362735,24.87613105,4814.00,11347.32,healthcare,福建医科大学附属第二医院东海分院,2204.66,114.5783
home_to_work,O_00032,D_00214,118.67514663,24.87948637,118.67446360,24.88483345,4814.00,5716.57,commercial_office,,595.08,98.7088
home_to_work,O_00032,D_00185,118.67514663,24.87948637,118.67587649,24.87623149,4814.00,5273.13,education,福建省泉州第一中学（东海校区）,367.27,98.2353
home_to_work,O_00032,D_00115,118.67514663,24.87948637,118.68329907,24.88193913,4814.00,4977.88,industry,后渚港,866.79,78.5109
home_to_work,O_00032,D_00056,118.67514663,24.87948637,118.67136043,24.87699717,4814.00,4284.56,commercial_office,泉州市人民政府,471.08,77.1039
home_to_work,O_00032,D_00204,118.67514663,24.87948637,118.62414069,24.88434542,4814.00,20180.72,education,黎明职业大学,5178.86,75.6112
home_to_work,O_00032,D_00213,118.67514663,24.87948637,118.68105336,24.88612145,4814.00,4733.76,industry,后渚港,945.38,72.7301
home_to_work,O_00033,D_00662,118.67611396,24.88002966,118.67346315,24.87382905,4847.00,41918.35,commercial_office,,735.84,713.5072
home_to_work,O_00033,D_00108,118.67611396,24.88002966,118.66633520,24.87291497,4847.00,49778.48,education,泉州师范学院,1262.46,710.8856
home_to_work,O_00033,D_00113,118.67611396,24.88002966,118.65411906,24.87995061,4847.00,12051.56,education,泉州幼儿师范高等专科学校,2221.25,125.0267
home_to_work,O_00033,D_00114,118.67611396,24.88002966,118.65362735,24.87613105,4847.00,11347.32,healthcare,福建医科大学附属第二医院东海分院,2311.45,114.2337
home_to_work,O_00033,D_00214,118.67611396,24.88002966,118.67446360,24.88483345,4847.00,5716.57,commercial_office,,556.55,103.2963
home_to_work,O_00033,D_00185,118.67611396,24.88002966,118.67587649,24.87623149,4847.00,5273.13,education,福建省泉州第一中学（东海校区）,420.53,99.7030
home_to_work,O_00033,D_00115,118.67611396,24.88002966,118.68329907,24.88193913,4847.00,4977.88,industry,后渚港,755.68,84.1718
home_to_work,O_00033,D_00213,118.67611396,24.88002966,118.68105336,24.88612145,4847.00,4733.76,industry,后渚港,838.01,77.8771
home_to_work,O_00033,D_00056,118.67611396,24.88002966,118.67136043,24.87699717,4847.00,4284.56,commercial_office,泉州市人民政府,585.51,76.6766
home_to_work,O_00033,D_00204,118.67611396,24.88002966,118.62414069,24.88434542,4847.00,20180.72,education,黎明职业大学,5270.25,75.7720
home_to_work,O_00034,D_00662,118.67701120,24.87977906,118.67346315,24.87382905,4864.00,41918.35,commercial_office,,748.99,721.3915
home_to_work,O_00034,D_00108,118.67701120,24.87977906,118.66633520,24.87291497,4864.00,49778.48,education,泉州师范学院,1318.41,708.5604
home_to_work,O_00034,D_00113,118.67701120,24.87977906,118.65411906,24.87995061,4864.00,12051.56,education,泉州幼儿师范高等专科学校,2311.92,123.1834
home_to_work,O_00034,D_00114,118.67701120,24.87977906,118.65362735,24.87613105,4864.00,11347.32,healthcare,福建医科大学附属第二医院东海分院,2395.72,112.7902
home_to_work,O_00034,D_00214,118.67701120,24.87977906,118.67446360,24.88483345,4864.00,5716.57,commercial_office,,615.10,102.8691
home_to_work,O_00034,D_00185,118.67701120,24.87977906,118.67587649,24.87623149,4864.00,5273.13,education,福建省泉州第一中学（东海校区）,408.55,101.6527
home_to_work,O_00034,D_00115,118.67701120,24.87977906,118.68329907,24.88193913,4864.00,4977.88,industry,后渚港,678.41,87.7060
home_to_work,O_00034,D_00213,118.67701120,24.87977906,118.68105336,24.88612145,4864.00,4733.76,industry,后渚港,811.27,79.7916
home_to_work,O_00034,D_00056,118.67701120,24.87977906,118.67136043,24.87699717,4864.00,4284.56,commercial_office,泉州市人民政府,648.25,76.2529
home_to_work,O_00034,D_00204,118.67701120,24.87977906,118.62414069,24.88434542,4864.00,20180.72,education,黎明职业大学,5363.03,74.6023
home_to_work,O_00035,D_00108,118.67566693,24.87979730,118.66633520,24.87291497,4870.00,49778.48,education,泉州师范学院,1211.17,718.1156
home_to_work,O_00035,D_00662,118.67566693,24.87979730,118.67346315,24.87382905,4870.00,41918.35,commercial_office,,696.26,717.9563
home_to_work,O_00035,D_00113,118.67566693,24.87979730,118.65411906,24.87995061,4870.00,12051.56,education,泉州幼儿师范高等专科学校,2176.15,126.0377
home_to_work,O_00035,D_00114,118.67566693,24.87979730,118.65362735,24.87613105,4870.00,11347.32,healthcare,福建医科大学附属第二医院东海分院,2262.37,115.3105
home_to_work,O_00035,D_00214,118.67566693,24.87979730,118.67446360,24.88483345,4870.00,5716.57,commercial_office,,569.80,102.1259
home_to_work,O_00035,D_00185,118.67566693,24.87979730,118.67587649,24.87623149,4870.00,5273.13,education,福建省泉州第一中学（东海校区）,394.73,99.8649
home_to_work,O_00035,D_00115,118.67566693,24.87979730,118.68329907,24.88193913,4870.00,4977.88,industry,后渚港,806.30,82.1881
home_to_work,O_00035,D_00056,118.67566693,24.87979730,118.67136043,24.87699717,4870.00,4284.56,commercial_office,泉州市人民政府,533.81,77.4670
home_to_work,O_00035,D_00204,118.67566693,24.87979730,118.62414069,24.88434542,4870.00,20180.72,education,黎明职业大学,5227.70,76.3198
home_to_work,O_00035,D_00213,118.67566693,24.87979730,118.68105336,24.88612145,4870.00,4733.76,industry,后渚港,885.77,76.1142
home_to_work,O_00036,D_00662,118.67656855,24.88024390,118.67346315,24.87382905,4845.00,41918.35,commercial_office,,775.36,712.2081
home_to_work,O_00036,D_00108,118.67656855,24.88024390,118.66633520,24.87291497,4845.00,49778.48,education,泉州师范学院,1313.17,706.9494
home_to_work,O_00036,D_00113,118.67656855,24.88024390,118.65411906,24.87995061,4845.00,12051.56,education,泉州幼儿师范高等专科学校,2267.37,124.5245
home_to_work,O_00036,D_00114,118.67656855,24.88024390,118.65362735,24.87613105,4845.00,11347.32,healthcare,福建医科大学附属第二医院东海分院,2361.02,113.6444
home_to_work,O_00036,D_00214,118.67656855,24.88024390,118.67446360,24.88483345,4845.00,5716.57,commercial_office,,550.06,104.7015
home_to_work,O_00036,D_00185,118.67656855,24.88024390,118.67587649,24.87623149,4845.00,5273.13,education,福建省泉州第一中学（东海校区）,449.00,99.8885
home_to_work,O_00036,D_00115,118.67656855,24.88024390,118.68329907,24.88193913,4845.00,4977.88,industry,后渚港,705.06,86.5813
home_to_work,O_00036,D_00213,118.67656855,24.88024390,118.68105336,24.88612145,4845.00,4733.76,industry,后渚港,791.98,79.9837
home_to_work,O_00036,D_00056,118.67656855,24.88024390,118.67136043,24.87699717,4845.00,4284.56,commercial_office,泉州市人民政府,636.75,76.2385
home_to_work,O_00036,D_00204,118.67656855,24.88024390,118.62414069,24.88434542,4845.00,20180.72,education,黎明职业大学,5313.89,75.5300
home_to_work,O_00037,D_00662,118.67655606,24.87972407,118.67346315,24.87382905,4770.00,41918.35,commercial_office,,722.63,706.9513
home_to_work,O_00037,D_00108,118.67655606,24.87972407,118.66633520,24.87291497,4770.00,49778.48,education,泉州师范学院,1277.50,697.7532
home_to_work,O_00037,D_00113,118.67655606,24.87972407,118.65411906,24.87995061,4770.00,12051.56,education,泉州幼儿师范高等专科学校,2266.02,121.5067
home_to_work,O_00037,D_00114,118.67655606,24.87972407,118.65362735,24.87613105,4770.00,11347.32,healthcare,福建医科大学附属第二医院东海分院,2349.39,111.2708
home_to_work,O_00037,D_00214,118.67655606,24.87972407,118.67446360,24.88483345,4770.00,5716.57,commercial_office,,603.03,100.3311
home_to_work,O_00037,D_00185,118.67655606,24.87972407,118.67587649,24.87623149,4770.00,5273.13,education,福建省泉州第一中学（东海校区）,392.12,99.2887
home_to_work,O_00037,D_00115,118.67655606,24.87972407,118.68329907,24.88193913,4770.00,4977.88,industry,后渚港,723.64,83.9234
home_to_work,O_00037,D_00213,118.67655606,24.87972407,118.68105336,24.88612145,4770.00,4733.76,industry,后渚港,840.45,76.7602
home_to_work,O_00037,D_00056,118.67655606,24.87972407,118.67136043,24.87699717,4770.00,4284.56,commercial_office,泉州市人民政府,605.13,75.1453
home_to_work,O_00037,D_00204,118.67655606,24.87972407,118.62414069,24.88434542,4770.00,20180.72,education,黎明职业大学,5317.85,73.5691
home_to_work,O_00038,D_00662,118.67711273,24.88035562,118.67346315,24.87382905,4986.00,41918.35,commercial_office,,810.14,733.1234
home_to_work,O_00038,D_00108,118.67711273,24.88035562,118.66633520,24.87291497,4986.00,49778.48,education,泉州师范学院,1364.25,723.7681
home_to_work,O_00038,D_00113,118.67711273,24.88035562,118.65411906,24.87995061,4986.00,12051.56,education,泉州幼儿师范高等专科学校,2322.52,127.3142
home_to_work,O_00038,D_00114,118.67711273,24.88035562,118.65362735,24.87613105,4986.00,11347.32,healthcare,福建医科大学附属第二医院东海分院,2417.32,116.1458
home_to_work,O_00038,D_00214,118.67711273,24.88035562,118.67446360,24.88483345,4986.00,5716.57,commercial_office,,562.65,108.5769
home_to_work,O_00038,D_00185,118.67711273,24.88035562,118.67587649,24.87623149,4986.00,5273.13,education,福建省泉州第一中学（东海校区）,472.67,103.2039
home_to_work,O_00038,D_00115,118.67711273,24.88035562,118.68329907,24.88193913,4986.00,4977.88,industry,后渚港,648.80,91.8701
home_to_work,O_00038,D_00213,118.67711273,24.88035562,118.68105336,24.88612145,4986.00,4733.76,industry,后渚港,751.39,84.4277
home_to_work,O_00038,D_00056,118.67711273,24.88035562,118.67136043,24.87699717,4986.00,4284.56,commercial_office,泉州市人民政府,689.41,78.0111
home_to_work,O_00038,D_00204,118.67711273,24.88035562,118.62414069,24.88434542,4986.00,20180.72,education,黎明职业大学,5367.61,77.2589
home_to_work,O_00039,D_00662,118.67787830,24.88014253,118.67346315,24.87382905,4855.00,41918.35,commercial_office,,828.17,717.6725
home_to_work,O_00039,D_00108,118.67787830,24.88014253,118.66633520,24.87291497,4855.00,49778.48,education,泉州师范学院,1413.25,701.2379
home_to_work,O_00039,D_00113,118.67787830,24.88014253,118.65411906,24.87995061,4855.00,12051.56,education,泉州幼儿师范高等专科学校,2399.50,122.2059
home_to_work,O_00039,D_00114,118.67787830,24.88014253,118.65362735,24.87613105,4855.00,11347.32,healthcare,福建医科大学附属第二医院东海分院,2488.92,111.6857
home_to_work,O_00039,D_00214,118.67787830,24.88014253,118.67446360,24.88483345,4855.00,5716.57,commercial_office,,622.73,104.8091
home_to_work,O_00039,D_00185,118.67787830,24.88014253,118.67587649,24.87623149,4855.00,5273.13,education,福建省泉州第一中学（东海校区）,477.26,101.4825
home_to_work,O_00039,D_00115,118.67787830,24.88014253,118.68329907,24.88193913,4855.00,4977.88,industry,后渚港,582.34,92.5028
home_to_work,O_00039,D_00213,118.67787830,24.88014253,118.68105336,24.88612145,4855.00,4733.76,industry,后渚港,734.58,83.6136
home_to_work,O_00039,D_00056,118.67787830,24.88014253,118.67136043,24.87699717,4855.00,4284.56,commercial_office,泉州市人民政府,744.42,75.4315
home_to_work,O_00039,D_00204,118.67787830,24.88014253,118.62414069,24.88434542,4855.00,20180.72,education,黎明职业大学,5446.63,74.1086
home_to_work,O_00040,D_00662,118.67590993,24.87899368,118.67346315,24.87382905,4899.00,41918.35,commercial_office,,622.08,732.7572
home_to_work,O_00040,D_00108,118.67590993,24.87899368,118.66633520,24.87291497,4899.00,49778.48,education,泉州师范学院,1177.51,723.0876
home_to_work,O_00040,D_00113,118.67590993,24.87899368,118.65411906,24.87995061,4899.00,12051.56,education,泉州幼儿师范高等专科学校,2203.18,124.3690
home_to_work,O_00040,D_00114,118.67590993,24.87899368,118.65362735,24.87613105,4899.00,11347.32,healthcare,福建医科大学附属第二医院东海分院,2272.47,114.4278
home_to_work,O_00040,D_00185,118.67590993,24.87899368,118.67587649,24.87623149,4899.00,5273.13,education,福建省泉州第一中学（东海校区）,305.35,102.4415
home_to_work,O_00040,D_00214,118.67590993,24.87899368,118.67446360,24.88483345,4899.00,5716.57,commercial_office,,661.85,98.6133
home_to_work,O_00040,D_00115,118.67590993,24.87899368,118.68329907,24.88193913,4899.00,4977.88,industry,后渚港,814.15,81.6198
home_to_work,O_00040,D_00056,118.67590993,24.87899368,118.67136043,24.87699717,4899.00,4284.56,commercial_office,泉州市人民政府,509.71,77.7552
home_to_work,O_00040,D_00204,118.67590993,24.87899368,118.62414069,24.88434542,4899.00,20180.72,education,黎明职业大学,5261.39,75.1422
home_to_work,O_00040,D_00213,118.67590993,24.87899368,118.68105336,24.88612145,4899.00,4733.76,industry,后渚港,943.71,74.3364
home_to_work,O_00041,D_00662,118.67620540,24.87943222,118.67346315,24.87382905,4909.00,41918.35,commercial_office,,678.47,729.9421
home_to_work,O_00041,D_00108,118.67620540,24.87943222,118.66633520,24.87291497,4909.00,49778.48,education,泉州师范学院,1229.89,721.2738
home_to_work,O_00041,D_00113,118.67620540,24.87943222,118.65411906,24.87995061,4909.00,12051.56,education,泉州幼儿师范高等专科学校,2231.21,125.0679
home_to_work,O_00041,D_00114,118.67620540,24.87943222,118.65362735,24.87613105,4909.00,11347.32,healthcare,福建医科大学附属第二医院东海分院,2309.18,114.7383
home_to_work,O_00041,D_00185,118.67620540,24.87943222,118.67587649,24.87623149,4909.00,5273.13,education,福建省泉州第一中学（东海校区）,355.37,102.2651
home_to_work,O_00041,D_00214,118.67620540,24.87943222,118.67446360,24.88483345,4909.00,5716.57,commercial_office,,622.42,101.4224
home_to_work,O_00041,D_00115,118.67620540,24.87943222,118.68329907,24.88193913,4909.00,4977.88,industry,后渚港,768.10,84.1304
home_to_work,O_00041,D_00056,118.67620540,24.87943222,118.67136043,24.87699717,4909.00,4284.56,commercial_office,泉州市人民政府,558.45,77.6544
home_to_work,O_00041,D_00213,118.67620540,24.87943222,118.68105336,24.88612145,4909.00,4733.76,industry,后渚港,886.81,76.9006
home_to_work,O_00041,D_00204,118.67620540,24.87943222,118.62414069,24.88434542,4909.00,20180.72,education,黎明职业大学,5285.83,75.6549
home_to_work,O_00042,D_00662,118.67626670,24.87863343,118.67346315,24.87382905,4802.00,41918.35,commercial_office,,601.84,723.5700
home_to_work,O_00042,D_00108,118.67626670,24.87863343,118.66633520,24.87291497,4802.00,49778.48,education,泉州师范学院,1185.57,707.3160
home_to_work,O_00042,D_00113,118.67626670,24.87863343,118.65411906,24.87995061,4802.00,12051.56,education,泉州幼儿师范高等专科学校,2241.40,120.4392
home_to_work,O_00042,D_00114,118.67626670,24.87863343,118.65362735,24.87613105,4802.00,11347.32,healthcare,福建医科大学附属第二医院东海分院,2303.03,111.0954
home_to_work,O_00042,D_00185,118.67626670,24.87863343,118.67587649,24.87623149,4802.00,5273.13,education,福建省泉州第一中学（东海校区）,268.42,101.7214
home_to_work,O_00042,D_00214,118.67626670,24.87863343,118.67446360,24.88483345,4802.00,5716.57,commercial_office,,709.13,95.2095
home_to_work,O_00042,D_00115,118.67626670,24.87863343,118.68329907,24.88193913,4802.00,4977.88,industry,后渚港,798.68,80.4683
home_to_work,O_00042,D_00056,118.67626670,24.87863343,118.67136043,24.87699717,4802.00,4284.56,commercial_office,泉州市人民政府,527.47,75.8139
home_to_work,O_00042,D_00204,118.67626670,24.87863343,118.62414069,24.88434542,4802.00,20180.72,education,黎明职业大学,5301.80,72.7151
home_to_work,O_00042,D_00213,118.67626670,24.87863343,118.68105336,24.88612145,4802.00,4733.76,industry,后渚港,958.54,72.5512
home_to_work,O_00043,D_00662,118.67530361,24.87900629,118.67346315,24.87382905,4731.00,41918.35,commercial_office,,601.72,705.2369
home_to_work,O_00043,D_00108,118.67530361,24.87900629,118.66633520,24.87291497,4731.00,49778.48,education,泉州师范学院,1128.60,702.5850
home_to_work,O_00043,D_00113,118.67530361,24.87900629,118.65411906,24.87995061,4731.00,12051.56,education,泉州幼儿师范高等专科学校,2141.95,121.3397
home_to_work,O_00043,D_00114,118.67530361,24.87900629,118.65362735,24.87613105,4731.00,11347.32,healthcare,福建医科大学附属第二医院东海分院,2212.05,111.6106
home_to_work,O_00043,D_00185,118.67530361,24.87900629,118.67587649,24.87623149,4731.00,5273.13,education,福建省泉州第一中学（东海校区）,312.13,97.7060
home_to_work,O_00043,D_00214,118.67530361,24.87900629,118.67446360,24.88483345,4731.00,5716.57,commercial_office,,649.70,94.6501
home_to_work,O_00043,D_00115,118.67530361,24.87900629,118.68329907,24.88193913,4731.00,4977.88,industry,后渚港,870.10,76.5815
home_to_work,O_00043,D_00056,118.67530361,24.87900629,118.67136043,24.87699717,4731.00,4284.56,commercial_office,泉州市人民政府,455.97,75.6723
home_to_work,O_00043,D_00204,118.67530361,24.87900629,118.62414069,24.88434542,4731.00,20180.72,education,黎明职业大学,5200.39,73.3063
home_to_work,O_00043,D_00213,118.67530361,24.87900629,118.68105336,24.88612145,4731.00,4733.76,industry,后渚港,977.62,70.2618
home_to_work,O_00044,D_00662,118.67877715,24.88041503,118.67346315,24.87382905,4854.00,41918.35,commercial_office,,904.44,715.7325
home_to_work,O_00044,D_00108,118.67877715,24.88041503,118.66633520,24.87291497,4854.00,49778.48,education,泉州师范学院,1505.39,695.6524
home_to_work,O_00044,D_00113,118.67877715,24.88041503,118.65411906,24.87995061,4854.00,12051.56,education,泉州幼儿师范高等专科学校,2490.71,121.2702
home_to_work,O_00044,D_00114,118.67877715,24.88041503,118.65362735,24.87613105,4854.00,11347.32,healthcare,福建医科大学附属第二医院东海分院,2583.64,110.7007
home_to_work,O_00044,D_00214,118.67877715,24.88041503,118.67446360,24.88483345,4854.00,5716.57,commercial_office,,654.45,106.0895
home_to_work,O_00044,D_00185,118.67877715,24.88041503,118.67587649,24.87623149,4854.00,5273.13,education,福建省泉州第一中学（东海校区）,547.42,101.4143
home_to_work,O_00044,D_00115,118.67877715,24.88041503,118.68329907,24.88193913,4854.00,4977.88,industry,后渚港,486.74,97.6920
home_to_work,O_00044,D_00213,118.67877715,24.88041503,118.68105336,24.88612145,4854.00,4733.76,industry,后渚港,671.37,87.3562
home_to_work,O_00044,D_00056,118.67877715,24.88041503,118.67136043,24.87699717,4854.00,4284.56,commercial_office,泉州市人民政府,838.90,74.7722
home_to_work,O_00044,D_00204,118.67877715,24.88041503,118.62414069,24.88434542,4854.00,20180.72,education,黎明职业大学,5534.63,73.6199
home_to_work,O_00045,D_00662,118.67759210,24.87973323,118.67346315,24.87382905,4809.00,41918.35,commercial_office,,774.49,714.8486
home_to_work,O_00045,D_00108,118.67759210,24.87973323,118.66633520,24.87291497,4809.00,49778.48,education,泉州师范学院,1363.99,697.4476
home_to_work,O_00045,D_00113,118.67759210,24.87973323,118.65411906,24.87995061,4809.00,12051.56,education,泉州幼儿师范高等专科学校,2370.63,120.7223
home_to_work,O_00045,D_00114,118.67759210,24.87973323,118.65362735,24.87613105,4809.00,11347.32,healthcare,福建医科大学附属第二医院东海分院,2452.74,110.5989
home_to_work,O_00045,D_00214,118.67759210,24.87973323,118.67446360,24.88483345,4809.00,5716.57,commercial_office,,646.27,101.7436
home_to_work,O_00045,D_00185,118.67759210,24.87973323,118.67587649,24.87623149,4809.00,5273.13,education,福建省泉州第一中学（东海校区）,424.09,101.0657
home_to_work,O_00045,D_00115,118.67759210,24.87973323,118.68329907,24.88193913,4809.00,4977.88,industry,后渚港,625.79,89.2031
home_to_work,O_00045,D_00213,118.67759210,24.87973323,118.68105336,24.88612145,4809.00,4733.76,industry,后渚港,787.93,80.3656
home_to_work,O_00045,D_00056,118.67759210,24.87973323,118.67136043,24.87699717,4809.00,4284.56,commercial_office,泉州市人民政府,698.24,74.9470
home_to_work,O_00045,D_00204,118.67759210,24.87973323,118.62414069,24.88434542,4809.00,20180.72,education,黎明职业大学,5421.91,73.1077
home_to_work,O_00046,D_00662,118.67874549,24.87992369,118.67346315,24.87382905,4853.00,41918.35,commercial_office,,859.34,720.6730
home_to_work,O_00046,D_00108,118.67874549,24.87992369,118.66633520,24.87291497,4853.00,49778.48,education,泉州师范学院,1473.45,697.3862
home_to_work,O_00046,D_00113,118.67874549,24.87992369,118.65411906,24.87995061,4853.00,12051.56,education,泉州幼儿师范高等专科学校,2486.99,120.4345
home_to_work,O_00046,D_00114,118.67874549,24.87992369,118.65362735,24.87613105,4853.00,11347.32,healthcare,福建医科大学附属第二医院东海分院,2571.09,110.2619
home_to_work,O_00046,D_00214,118.67874549,24.87992369,118.67446360,24.88483345,4853.00,5716.57,commercial_office,,693.92,103.8523
home_to_work,O_00046,D_00185,118.67874549,24.87992369,118.67587649,24.87623149,4853.00,5273.13,education,福建省泉州第一中学（东海校区）,500.52,102.1754
home_to_work,O_00046,D_00115,118.67874549,24.87992369,118.68329907,24.88193913,4853.00,4977.88,industry,后渚港,510.98,96.1189
home_to_work,O_00046,D_00213,118.67874549,24.87992369,118.68105336,24.88612145,4853.00,4733.76,industry,后渚港,723.66,85.1494
home_to_work,O_00046,D_00056,118.67874549,24.87992369,118.67136043,24.87699717,4853.00,4284.56,commercial_office,泉州市人民政府,812.95,74.8092
home_to_work,O_00046,D_00204,118.67874549,24.87992369,118.62414069,24.88434542,4853.00,20180.72,education,黎明职业大学,5535.98,72.9890
home_to_work,O_00047,D_00662,118.67768585,24.87928052,118.67346315,24.87382905,4813.00,41918.35,commercial_office,,738.24,720.5333
home_to_work,O_00047,D_00108,118.67768585,24.87928052,118.66633520,24.87291497,4813.00,49778.48,education,泉州师范学院,1345.05,698.9502
home_to_work,O_00047,D_00113,118.67768585,24.87928052,118.65411906,24.87995061,4813.00,12051.56,education,泉州幼儿师范高等专科学校,2381.13,119.8008
home_to_work,O_00047,D_00114,118.67768585,24.87928052,118.65362735,24.87613105,4813.00,11347.32,healthcare,福建医科大学附属第二医院东海分院,2454.49,110.0754
home_to_work,O_00047,D_00185,118.67768585,24.87928052,118.67587649,24.87623149,4813.00,5273.13,education,福建省泉州第一中学（东海校区）,383.39,102.0208
home_to_work,O_00047,D_00214,118.67768585,24.87928052,118.67446360,24.88483345,4813.00,5716.57,commercial_office,,694.74,99.6972
home_to_work,O_00047,D_00115,118.67768585,24.87928052,118.68329907,24.88193913,4813.00,4977.88,industry,后渚港,638.52,88.4567
home_to_work,O_00047,D_00213,118.67768585,24.87928052,118.68105336,24.88612145,4813.00,4733.76,industry,后渚港,829.14,78.9398
home_to_work,O_00047,D_00056,118.67768585,24.87928052,118.67136043,24.87699717,4813.00,4284.56,commercial_office,泉州市人民政府,686.86,74.9193
home_to_work,O_00047,D_00204,118.67768585,24.87928052,118.62414069,24.88434542,4813.00,20180.72,education,黎明职业大学,5436.27,72.4564
home_to_work,O_00048,D_00662,118.67891794,24.88104502,118.67346315,24.87382905,4961.00,41918.35,commercial_office,,969.39,725.0567
home_to_work,O_00048,D_00108,118.67891794,24.88104502,118.66633520,24.87291497,4961.00,49778.48,education,泉州师范学院,1556.42,707.9927
home_to_work,O_00048,D_00113,118.67891794,24.88104502,118.65411906,24.87995061,4961.00,12051.56,education,泉州幼儿师范高等专科学校,2507.31,124.8460
home_to_work,O_00048,D_00114,118.67891794,24.88104502,118.65362735,24.87613105,4961.00,11347.32,healthcare,福建医科大学附属第二医院东海分院,2611.21,113.5491
home_to_work,O_00048,D_00214,118.67891794,24.88104502,118.67446360,24.88483345,4961.00,5716.57,commercial_office,,614.59,111.2929
home_to_work,O_00048,D_00185,118.67891794,24.88104502,118.67587649,24.87623149,4961.00,5273.13,education,福建省泉州第一中学（东海校区）,614.38,102.6668
home_to_work,O_00048,D_00115,118.67891794,24.88104502,118.68329907,24.88193913,4961.00,4977.88,industry,后渚港,453.34,102.2630
home_to_work,O_00048,D_00213,118.67891794,24.88104502,118.68105336,24.88612145,4961.00,4733.76,industry,后渚港,601.16,92.5724
home_to_work,O_00048,D_00056,118.67891794,24.88104502,118.67136043,24.87699717,4961.00,4284.56,commercial_office,泉州市人民政府,884.72,76.2310
home_to_work,O_00048,D_00204,118.67891794,24.88104502,118.62414069,24.88434542,4961.00,20180.72,education,黎明职业大学,5543.77,75.9794
home_to_work,O_00049,D_00662,118.67776931,24.88087814,118.67346315,24.87382905,4825.00,41918.35,commercial_office,,892.35,705.2228
home_to_work,O_00049,D_00108,118.67776931,24.88087814,118.66633520,24.87291497,4825.00,49778.48,education,泉州师范学院,1451.99,694.9409
home_to_work,O_00049,D_00113,118.67776931,24.88087814,118.65411906,24.87995061,4825.00,12051.56,education,泉州幼儿师范高等专科学校,2390.59,123.0473
home_to_work,O_00049,D_00114,118.67776931,24.88087814,118.65362735,24.87613105,4825.00,11347.32,healthcare,福建医科大学附属第二医院东海分院,2493.92,111.9346
home_to_work,O_00049,D_00214,118.67776931,24.88087814,118.67446360,24.88483345,4825.00,5716.57,commercial_office,,550.09,107.7964
home_to_work,O_00049,D_00185,118.67776931,24.88087814,118.67587649,24.87623149,4825.00,5273.13,education,福建省泉州第一中学（东海校区）,548.06,99.5020
home_to_work,O_00049,D_00115,118.67776931,24.88087814,118.68329907,24.88193913,4825.00,4977.88,industry,后渚港,570.62,93.2271
home_to_work,O_00049,D_00213,118.67776931,24.88087814,118.68105336,24.88612145,4825.00,4733.76,industry,后渚港,667.77,85.8300
home_to_work,O_00049,D_00056,118.67776931,24.88087814,118.67136043,24.87699717,4825.00,4284.56,commercial_office,泉州市人民政府,776.50,74.9203
home_to_work,O_00049,D_00204,118.67776931,24.88087814,118.62414069,24.88434542,4825.00,20180.72,education,黎明职业大学,5429.30,74.8286
home_to_work,O_00050,D_00662,118.67838781,24.88117434,118.67346315,24.87382905,4853.00,41918.35,commercial_office,,952.16,707.2795
home_to_work,O_00050,D_00108,118.67838781,24.88117434,118.66633520,24.87291497,4853.00,49778.48,education,泉州师范学院,1521.56,694.7046
home_to_work,O_00050,D_00113,118.67838781,24.88117434,118.65411906,24.87995061,4853.00,12051.56,education,泉州幼儿师范高等专科学校,2454.58,123.2345
home_to_work,O_00050,D_00114,118.67838781,24.88117434,118.65362735,24.87613105,4853.00,11347.32,healthcare,福建医科大学附属第二医院东海分院,2561.94,111.9544
home_to_work,O_00050,D_00214,118.67838781,24.88117434,118.67446360,24.88483345,4853.00,5716.57,commercial_office,,566.26,109.6953
home_to_work,O_00050,D_00185,118.67838781,24.88117434,118.67587649,24.87623149,4853.00,5273.13,education,福建省泉州第一中学（东海校区）,602.38,99.9752
home_to_work,O_00050,D_00115,118.67838781,24.88117434,118.68329907,24.88193913,4853.00,4977.88,industry,后渚港,503.13,97.5520
home_to_work,O_00050,D_00213,118.67838781,24.88117434,118.68105336,24.88612145,4853.00,4733.76,industry,后渚港,609.51,89.5357
home_to_work,O_00050,D_00204,118.67838781,24.88117434,118.62414069,24.88434542,4853.00,20180.72,education,黎明职业大学,5489.42,75.0393
home_to_work,O_00050,D_00056,118.67838781,24.88117434,118.67136043,24.87699717,4853.00,4284.56,commercial_office,泉州市人民政府,846.68,74.8795
home_to_work,O_00051,D_00662,118.67815755,24.88058093,118.67346315,24.87382905,4835.00,41918.35,commercial_office,,884.20,710.4705
home_to_work,O_00051,D_00108,118.67815755,24.88058093,118.66633520,24.87291497,4835.00,49778.48,education,泉州师范学院,1464.10,695.3981
home_to_work,O_00051,D_00113,118.67815755,24.88058093,118.65411906,24.87995061,4835.00,12051.56,education,泉州幼儿师范高等专科学校,2428.60,122.0701
home_to_work,O_00051,D_00114,118.67815755,24.88058093,118.65362735,24.87613105,4835.00,11347.32,healthcare,福建医科大学附属第二医院东海分院,2525.66,111.2779
home_to_work,O_00051,D_00214,118.67815755,24.88058093,118.67446360,24.88483345,4835.00,5716.57,commercial_office,,600.11,106.5134
home_to_work,O_00051,D_00185,118.67815755,24.88058093,118.67587649,24.87623149,4835.00,5273.13,education,福建省泉州第一中学（东海校区）,533.13,100.4693
home_to_work,O_00051,D_00115,118.67815755,24.88058093,118.68329907,24.88193913,4835.00,4977.88,industry,后渚港,540.50,94.6111
home_to_work,O_00051,D_00213,118.67815755,24.88058093,118.68105336,24.88612145,4835.00,4733.76,industry,后渚港,678.68,85.9209
home_to_work,O_00051,D_00056,118.67815755,24.88058093,118.67136043,24.87699717,4835.00,4284.56,commercial_office,泉州市人民政府,792.55,74.8713
home_to_work,O_00051,D_00204,118.67815755,24.88058093,118.62414069,24.88434542,4835.00,20180.72,education,黎明职业大学,5470.82,74.1475
home_to_work,O_00052,D_00662,118.67927864,24.88047932,118.67346315,24.87382905,4757.00,41918.35,commercial_office,,940.92,701.1516
home_to_work,O_00052,D_00108,118.67927864,24.88047932,118.66633520,24.87291497,4757.00,49778.48,education,泉州师范学院,1551.73,679.2443
home_to_work,O_00052,D_00113,118.67927864,24.88047932,118.65411906,24.87995061,4757.00,12051.56,education,泉州幼儿师范高等专科学校,2541.50,118.2346
home_to_work,O_00052,D_00114,118.67927864,24.88047932,118.65362735,24.87613105,4757.00,11347.32,healthcare,福建医科大学附属第二医院东海分院,2634.74,107.9187
home_to_work,O_00052,D_00214,118.67927864,24.88047932,118.67446360,24.88483345,4757.00,5716.57,commercial_office,,684.18,104.1626
home_to_work,O_00052,D_00185,118.67927864,24.88047932,118.67587649,24.87623149,4757.00,5273.13,education,福建省泉州第一中学（东海校区）,581.83,99.4168
home_to_work,O_00052,D_00115,118.67927864,24.88047932,118.68329907,24.88193913,4757.00,4977.88,industry,后渚港,436.90,98.4956
home_to_work,O_00052,D_00213,118.67927864,24.88047932,118.68105336,24.88612145,4757.00,4733.76,industry,后渚港,648.92,87.2741
home_to_work,O_00052,D_00056,118.67927864,24.88047932,118.67136043,24.87699717,4757.00,4284.56,commercial_office,泉州市人民政府,887.48,72.9544
home_to_work,O_00052,D_00204,118.67927864,24.88047932,118.62414069,24.88434542,4757.00,20180.72,education,黎明职业大学,5584.57,71.7974
home_to_work,O_00053,D_00662,118.67789562,24.87284871,118.67346315,24.87382905,4858.00,41918.35,commercial_office,,460.58,779.8542
home_to_work,O_00053,D_00108,118.67789562,24.87284871,118.66633520,24.87291497,4858.00,49778.48,education,泉州师范学院,1167.56,731.6535
home_to_work,O_00053,D_00113,118.67789562,24.87284871,118.65411906,24.87995061,4858.00,12051.56,education,泉州幼儿师范高等专科学校,2526.30,112.6183
home_to_work,O_00053,D_00114,118.67789562,24.87284871,118.65362735,24.87613105,4858.00,11347.32,healthcare,福建医科大学附属第二医院东海分院,2477.64,107.7716
home_to_work,O_00053,D_00185,118.67789562,24.87284871,118.67587649,24.87623149,4858.00,5273.13,education,福建省泉州第一中学（东海校区）,425.92,99.2421
home_to_work,O_00053,D_00214,118.67789562,24.87284871,118.67446360,24.88483345,4858.00,5716.57,commercial_office,,1369.38,78.5566
home_to_work,O_00053,D_00115,118.67789562,24.87284871,118.68329907,24.88193913,4858.00,4977.88,industry,后渚港,1143.47,73.7558
home_to_work,O_00053,D_00056,118.67789562,24.87284871,118.67136043,24.87699717,4858.00,4284.56,commercial_office,泉州市人民政府,803.68,71.0963
home_to_work,O_00053,D_00204,118.67789562,24.87284871,118.62414069,24.88434542,4858.00,20180.72,education,黎明职业大学,5575.46,68.2483
home_to_work,O_00053,D_00962,118.67789562,24.87284871,118.62939622,24.85424563,4858.00,17148.53,healthcare,,5312.66,63.3033
home_to_work,O_00054,D_00662,118.67880718,24.87279404,118.67346315,24.87382905,4880.00,41918.35,commercial_office,,551.71,780.8599
home_to_work,O_00054,D_00108,118.67880718,24.87279404,118.66633520,24.87291497,4880.00,49778.48,education,泉州师范学院,1259.67,732.3565
home_to_work,O_00054,D_00113,118.67880718,24.87279404,118.65411906,24.87995061,4880.00,12051.56,education,泉州幼儿师范高等专科学校,2615.78,112.8254
home_to_work,O_00054,D_00114,118.67880718,24.87279404,118.65362735,24.87613105,4880.00,11347.32,healthcare,福建医科大学附属第二医院东海分院,2569.60,107.8803
home_to_work,O_00054,D_00185,118.67880718,24.87279404,118.67587649,24.87623149,4880.00,5273.13,education,福建省泉州第一中学（东海校区）,481.65,100.5495
home_to_work,O_00054,D_00214,118.67880718,24.87279404,118.67446360,24.88483345,4880.00,5716.57,commercial_office,,1401.26,80.2267
home_to_work,O_00054,D_00115,118.67880718,24.87279404,118.68329907,24.88193913,4880.00,4977.88,industry,后渚港,1108.02,77.0335
home_to_work,O_00054,D_00056,118.67880718,24.87279404,118.67136043,24.87699717,4880.00,4284.56,commercial_office,泉州市人民政府,884.01,71.4446
home_to_work,O_00054,D_00204,118.67880718,24.87279404,118.62414069,24.88434542,4880.00,20180.72,education,黎明职业大学,5666.49,68.3384
home_to_work,O_00054,D_00213,118.67880718,24.87279404,118.68105336,24.88612145,4880.00,4733.76,industry,后渚港,1490.57,64.4852
home_to_work,O_00055,D_00662,118.67839993,24.87307731,118.67346315,24.87382905,4839.00,41918.35,commercial_office,,505.46,775.1631
home_to_work,O_00055,D_00108,118.67839993,24.87307731,118.66633520,24.87291497,4839.00,49778.48,education,泉州师范学院,1218.60,725.7604
home_to_work,O_00055,D_00113,118.67839993,24.87307731,118.65411906,24.87995061,4839.00,12051.56,education,泉州幼儿师范高等专科学校,2567.16,112.0908
home_to_work,O_00055,D_00114,118.67839993,24.87307731,118.65362735,24.87613105,4839.00,11347.32,healthcare,福建医科大学附属第二医院东海分院,2524.52,107.0516
home_to_work,O_00055,D_00185,118.67839993,24.87307731,118.67587649,24.87623149,4839.00,5273.13,education,福建省泉州第一中学（东海校区）,431.87,99.9334
home_to_work,O_00055,D_00214,118.67839993,24.87307731,118.67446360,24.88483345,4839.00,5716.57,commercial_office,,1358.97,79.5366
home_to_work,O_00055,D_00115,118.67839993,24.87307731,118.68329907,24.88193913,4839.00,4977.88,industry,后渚港,1097.44,75.5676
home_to_work,O_00055,D_00056,118.67839993,24.87307731,118.67136043,24.87699717,4839.00,4284.56,commercial_office,泉州市人民政府,832.58,71.0461
home_to_work,O_00055,D_00204,118.67839993,24.87307731,118.62414069,24.88434542,4839.00,20180.72,education,黎明职业大学,5619.40,67.8590
home_to_work,O_00055,D_00213,118.67839993,24.87307731,118.68105336,24.88612145,4839.00,4733.76,industry,后渚港,1466.59,63.5415
home_to_work,O_00056,D_00662,118.67838520,24.87626578,118.67346315,24.87382905,4824.00,41918.35,commercial_office,,565.38,753.5505
home_to_work,O_00056,D_00108,118.67838520,24.87626578,118.66633520,24.87291497,4824.00,49778.48,education,泉州师范学院,1272.08,707.0395
home_to_work,O_00056,D_00113,118.67838520,24.87626578,118.65411906,24.87995061,4824.00,12051.56,education,泉州幼儿师范高等专科学校,2484.26,114.2786
home_to_work,O_00056,D_00114,118.67838520,24.87626578,118.65362735,24.87613105,4824.00,11347.32,healthcare,福建医科大学附属第二医院东海分院,2500.38,107.0240
home_to_work,O_00056,D_00185,118.67838520,24.87626578,118.67587649,24.87623149,4824.00,5273.13,education,福建省泉州第一中学（东海校区）,253.39,105.1822
home_to_work,O_00056,D_00214,118.67838520,24.87626578,118.67446360,24.88483345,4824.00,5716.57,commercial_office,,1026.54,88.1219
home_to_work,O_00056,D_00115,118.67838520,24.87626578,118.68329907,24.88193913,4824.00,4977.88,industry,后渚港,799.72,82.7614
home_to_work,O_00056,D_00056,118.67838520,24.87626578,118.67136043,24.87699717,4824.00,4284.56,commercial_office,泉州市人民政府,714.03,73.2983
home_to_work,O_00056,D_00213,118.67838520,24.87626578,118.68105336,24.88612145,4824.00,4733.76,industry,后渚港,1122.27,70.6798
home_to_work,O_00056,D_00204,118.67838520,24.87626578,118.62414069,24.88434542,4824.00,20180.72,education,黎明职业大学,5550.39,68.8638
home_to_work,O_00057,D_00662,118.67880155,24.87536335,118.67346315,24.87382905,4971.00,41918.35,commercial_office,,565.19,783.3849
home_to_work,O_00057,D_00108,118.67880155,24.87536335,118.66633520,24.87291497,4971.00,49778.48,education,泉州师范学院,1287.78,731.1510
home_to_work,O_00057,D_00113,118.67880155,24.87536335,118.65411906,24.87995061,4971.00,12051.56,education,泉州幼儿师范高等专科学校,2543.75,116.4631
home_to_work,O_00057,D_00114,118.67880155,24.87536335,118.65362735,24.87613105,4971.00,11347.32,healthcare,福建医科大学附属第二医院东海分院,2543.81,109.6554
home_to_work,O_00057,D_00185,118.67880155,24.87536335,118.67587649,24.87623149,4971.00,5273.13,education,福建省泉州第一中学（东海校区）,310.60,107.2740
home_to_work,O_00057,D_00214,118.67880155,24.87536335,118.67446360,24.88483345,4971.00,5716.57,commercial_office,,1134.79,88.3584
home_to_work,O_00057,D_00115,118.67880155,24.87536335,118.68329907,24.88193913,4971.00,4977.88,industry,后渚港,857.13,84.4021
home_to_work,O_00057,D_00056,118.67880155,24.87536335,118.67136043,24.87699717,4971.00,4284.56,commercial_office,泉州市人民政府,772.89,74.7153
home_to_work,O_00057,D_00213,118.67880155,24.87536335,118.68105336,24.88612145,4971.00,4733.76,industry,后渚港,1210.75,71.3383
home_to_work,O_00057,D_00204,118.67880155,24.87536335,118.62414069,24.88434542,4971.00,20180.72,education,黎明职业大学,5608.71,70.2075
home_to_work,O_00058,D_00662,118.67780958,24.87232054,118.67346315,24.87382905,4848.00,41918.35,commercial_office,,469.57,777.9026
home_to_work,O_00058,D_00108,118.67780958,24.87232054,118.66633520,24.87291497,4848.00,49778.48,education,泉州师范学院,1160.71,733.6850
home_to_work,O_00058,D_00113,118.67780958,24.87232054,118.65411906,24.87995061,4848.00,12051.56,education,泉州幼儿师范高等专科学校,2536.86,112.2778
home_to_work,O_00058,D_00114,118.67780958,24.87232054,118.65362735,24.87613105,4848.00,11347.32,healthcare,福建医科大学附属第二医院东海分院,2478.30,107.8006
home_to_work,O_00058,D_00185,118.67780958,24.87232054,118.67587649,24.87623149,4848.00,5273.13,education,福建省泉州第一中学（东海校区）,474.35,97.7005
home_to_work,O_00058,D_00214,118.67780958,24.87232054,118.67446360,24.88483345,4848.00,5716.57,commercial_office,,1423.85,77.1809
home_to_work,O_00058,D_00115,118.67780958,24.87232054,118.68329907,24.88193913,4848.00,4977.88,industry,后渚港,1199.09,72.4363
home_to_work,O_00058,D_00056,118.67780958,24.87232054,118.67136043,24.87699717,4848.00,4284.56,commercial_office,泉州市人民政府,831.54,70.4736
home_to_work,O_00058,D_00204,118.67780958,24.87232054,118.62414069,24.88434542,4848.00,20180.72,education,黎明职业大学,5580.63,68.1642
home_to_work,O_00058,D_00962,118.67780958,24.87232054,118.62939622,24.85424563,4848.00,17148.53,healthcare,,5282.30,63.9785
home_to_work,O_00059,D_00662,118.67824818,24.87201514,118.67346315,24.87382905,4738.00,41918.35,commercial_office,,523.21,758.9008
home_to_work,O_00059,D_00108,118.67824818,24.87201514,118.66633520,24.87291497,4738.00,49778.48,education,泉州师范学院,1207.25,717.4585
home_to_work,O_00059,D_00113,118.67824818,24.87201514,118.65411906,24.87995061,4738.00,12051.56,education,泉州幼儿师范高等专科学校,2589.91,109.5563
home_to_work,O_00059,D_00114,118.67824818,24.87201514,118.65362735,24.87613105,4738.00,11347.32,healthcare,福建医科大学附属第二医院东海分院,2527.82,105.3117
home_to_work,O_00059,D_00185,118.67824818,24.87201514,118.67587649,24.87623149,4738.00,5273.13,education,福建省泉州第一中学（东海校区）,524.02,95.4402
home_to_work,O_00059,D_00214,118.67824818,24.87201514,118.67446360,24.88483345,4738.00,5716.57,commercial_office,,1467.58,75.5448
home_to_work,O_00059,D_00115,118.67824818,24.87201514,118.68329907,24.88193913,4738.00,4977.88,industry,后渚港,1209.79,71.6856
home_to_work,O_00059,D_00056,118.67824818,24.87201514,118.67136043,24.87699717,4738.00,4284.56,commercial_office,泉州市人民政府,887.22,68.7052
home_to_work,O_00059,D_00204,118.67824818,24.87201514,118.62414069,24.88434542,4738.00,20180.72,education,黎明职业大学,5631.74,66.5552
home_to_work,O_00059,D_00962,118.67824818,24.87201514,118.62939622,24.85424563,4738.00,17148.53,healthcare,,5310.76,62.9417
home_to_work,O_00060,D_00662,118.67941870,24.87563228,118.67346315,24.87382905,4843.00,41918.35,commercial_office,,633.64,759.6384
home_to_work,O_00060,D_00108,118.67941870,24.87563228,118.66633520,24.87291497,4843.00,49778.48,education,泉州师范学院,1355.05,709.2650
home_to_work,O_00060,D_00113,118.67941870,24.87563228,118.65411906,24.87995061,4843.00,12051.56,education,泉州幼儿师范高等专科学校,2599.23,113.4221
home_to_work,O_00060,D_00114,118.67941870,24.87563228,118.65362735,24.87613105,4843.00,11347.32,healthcare,福建医科大学附属第二医院东海分院,2605.30,106.5783
home_to_work,O_00060,D_00185,118.67941870,24.87563228,118.67587649,24.87623149,4843.00,5273.13,education,福建省泉州第一中学（东海校区）,363.81,104.5519
home_to_work,O_00060,D_00214,118.67941870,24.87563228,118.67446360,24.88483345,4843.00,5716.57,commercial_office,,1133.53,87.6943
home_to_work,O_00060,D_00115,118.67941870,24.87563228,118.68329907,24.88193913,4843.00,4977.88,industry,后渚港,799.75,85.3493
home_to_work,O_00060,D_00056,118.67941870,24.87563228,118.67136043,24.87699717,4843.00,4284.56,commercial_office,泉州市人民政府,827.68,72.7809
home_to_work,O_00060,D_00213,118.67941870,24.87563228,118.68105336,24.88612145,4843.00,4733.76,industry,后渚港,1171.17,71.7122
home_to_work,O_00060,D_00204,118.67941870,24.87563228,118.62414069,24.88434542,4843.00,20180.72,education,黎明职业大学,5664.92,68.3575
home_to_work,O_00061,D_00662,118.67877858,24.87229684,118.67346315,24.87382905,4728.00,41918.35,commercial_office,,562.91,756.7474
home_to_work,O_00061,D_00108,118.67877858,24.87229684,118.66633520,24.87291497,4728.00,49778.48,education,泉州师范学院,1258.57,712.6589
home_to_work,O_00061,D_00113,118.67877858,24.87229684,118.65411906,24.87995061,4728.00,12051.56,education,泉州幼儿师范高等专科学校,2630.19,109.2246
home_to_work,O_00061,D_00114,118.67877858,24.87229684,118.65362735,24.87613105,4728.00,11347.32,healthcare,福建医科大学附属第二医院东海分院,2575.22,104.7439
home_to_work,O_00061,D_00185,118.67877858,24.87229684,118.67587649,24.87623149,4728.00,5273.13,education,福建省泉州第一中学（东海校区）,524.47,96.4229
home_to_work,O_00061,D_00214,118.67877858,24.87229684,118.67446360,24.88483345,4728.00,5716.57,commercial_office,,1452.70,76.7137
home_to_work,O_00061,D_00115,118.67877858,24.87229684,118.68329907,24.88193913,4728.00,4977.88,industry,后渚港,1159.51,73.6588
home_to_work,O_00061,D_00056,118.67877858,24.87229684,118.67136043,24.87699717,4728.00,4284.56,commercial_office,泉州市人民政府,911.72,68.8586
home_to_work,O_00061,D_00204,118.67877858,24.87229684,118.62414069,24.88434542,4728.00,20180.72,education,黎明职业大学,5676.33,66.2583
home_to_work,O_00061,D_00962,118.67877858,24.87229684,118.62939622,24.85424563,4728.00,17148.53,healthcare,,5372.05,62.3131
home_to_work,O_00062,D_00108,118.67435547,24.86442145,118.66633520,24.87291497,4942.00,49778.48,education,泉州师范学院,1240.01,809.2857
home_to_work,O_00062,D_00662,118.67435547,24.86442145,118.67346315,24.87382905,4942.00,41918.35,commercial_office,,1043.81,727.5573
home_to_work,O_00062,D_00114,118.67435547,24.86442145,118.65362735,24.87613105,4942.00,11347.32,healthcare,福建医科大学附属第二医院东海分院,2461.30,122.7873
home_to_work,O_00062,D_00113,118.67435547,24.86442145,118.65411906,24.87995061,4942.00,12051.56,education,泉州幼儿师范高等专科学校,2669.03,121.6837
home_to_work,O_00062,D_00962,118.67435547,24.86442145,118.62939622,24.85424563,4942.00,17148.53,healthcare,,4678.36,88.6207
home_to_work,O_00062,D_00185,118.67435547,24.86442145,118.67587649,24.87623149,4942.00,5273.13,education,福建省泉州第一中学（东海校区）,1314.49,83.6272
home_to_work,O_00062,D_00204,118.67435547,24.86442145,118.62414069,24.88434542,4942.00,20180.72,education,黎明职业大学,5528.93,78.5439
home_to_work,O_00062,D_00214,118.67435547,24.86442145,118.67446360,24.88483345,4942.00,5716.57,commercial_office,,2256.37,66.2313
home_to_work,O_00062,D_00056,118.67435547,24.86442145,118.67136043,24.87699717,4942.00,4284.56,commercial_office,泉州市人民政府,1422.65,65.5431
home_to_work,O_00062,D_00115,118.67435547,24.86442145,118.68329907,24.88193913,4942.00,4977.88,industry,后渚港,2136.71,60.0199
home_to_work,O_00063,D_00662,118.67843588,24.87138254,118.67346315,24.87382905,4819.00,41918.35,commercial_office,,570.40,769.9931
home_to_work,O_00063,D_00108,118.67843588,24.87138254,118.66633520,24.87291497,4819.00,49778.48,education,泉州师范学院,1233.79,732.9749
home_to_work,O_00063,D_00113,118.67843588,24.87138254,118.65411906,24.87995061,4819.00,12051.56,education,泉州幼儿师范高等专科学校,2632.11,111.3431
home_to_work,O_00063,D_00114,118.67843588,24.87138254,118.65362735,24.87613105,4819.00,11347.32,healthcare,福建医科大学附属第二医院东海分院,2559.89,107.3909
home_to_work,O_00063,D_00185,118.67843588,24.87138254,118.67587649,24.87623149,4819.00,5273.13,education,福建省泉州第一中学（东海校区）,595.07,96.0683
home_to_work,O_00063,D_00214,118.67843588,24.87138254,118.67446360,24.88483345,4819.00,5716.57,commercial_office,,1540.03,76.0065
home_to_work,O_00063,D_00115,118.67843588,24.87138254,118.68329907,24.88193913,4819.00,4977.88,industry,后渚港,1266.07,72.5136
home_to_work,O_00063,D_00056,118.67843588,24.87138254,118.67136043,24.87699717,4819.00,4284.56,commercial_office,泉州市人民政府,946.47,69.4300
home_to_work,O_00063,D_00204,118.67843588,24.87138254,118.62414069,24.88434542,4819.00,20180.72,education,黎明职业大学,5667.42,67.7876
home_to_work,O_00063,D_00962,118.67843588,24.87138254,118.62939622,24.85424563,4819.00,17148.53,healthcare,,5303.01,65.0421
home_to_work,O_00064,D_00108,118.67419987,24.86563775,118.66633520,24.87291497,4858.00,49778.48,education,泉州师范学院,1130.50,794.9563
home_to_work,O_00064,D_00662,118.67419987,24.86563775,118.67346315,24.87382905,4858.00,41918.35,commercial_office,,908.52,720.8432
home_to_work,O_00064,D_00114,118.67419987,24.86563775,118.65362735,24.87613105,4858.00,11347.32,healthcare,福建医科大学附属第二医院东海分院,2379.59,119.5007
home_to_work,O_00064,D_00113,118.67419987,24.86563775,118.65411906,24.87995061,4858.00,12051.56,education,泉州幼儿师范高等专科学校,2572.19,119.0251
home_to_work,O_00064,D_00962,118.67419987,24.86563775,118.62939622,24.85424563,4858.00,17148.53,healthcare,,4697.33,83.4020
home_to_work,O_00064,D_00185,118.67419987,24.86563775,118.67587649,24.87623149,4858.00,5273.13,education,福建省泉州第一中学（东海校区）,1183.21,82.7445
home_to_work,O_00064,D_00204,118.67419987,24.86563775,118.62414069,24.88434542,4858.00,20180.72,education,黎明职业大学,5462.19,76.0609
home_to_work,O_00064,D_00214,118.67419987,24.86563775,118.67446360,24.88483345,4858.00,5716.57,commercial_office,,2122.06,65.5985
home_to_work,O_00064,D_00056,118.67419987,24.86563775,118.67136043,24.87699717,4858.00,4284.56,commercial_office,泉州市人民政府,1288.00,64.9242
home_to_work,O_00064,D_00115,118.67419987,24.86563775,118.68329907,24.88193913,4858.00,4977.88,industry,后渚港,2022.75,59.0445
home_to_work,O_00065,D_00108,118.67348490,24.86592010,118.66633520,24.87291497,4945.00,49778.48,education,泉州师范学院,1057.96,814.2214
home_to_work,O_00065,D_00662,118.67348490,24.86592010,118.67346315,24.87382905,4945.00,41918.35,commercial_office,,874.26,728.9523
home_to_work,O_00065,D_00114,118.67348490,24.86592010,118.65362735,24.87613105,4945.00,11347.32,healthcare,福建医科大学附属第二医院东海分院,2301.34,122.6302
home_to_work,O_00065,D_00113,118.67348490,24.86592010,118.65411906,24.87995061,4945.00,12051.56,education,泉州幼儿师范高等专科学校,2496.14,122.0526
home_to_work,O_00065,D_00962,118.67348490,24.86592010,118.62939622,24.85424563,4945.00,17148.53,healthcare,,4636.39,85.0938
home_to_work,O_00065,D_00185,118.67348490,24.86592010,118.67587649,24.87623149,4945.00,5273.13,education,福建省泉州第一中学（东海校区）,1165.13,83.2252
home_to_work,O_00065,D_00204,118.67348490,24.86592010,118.62414069,24.88434542,4945.00,20180.72,education,黎明职业大学,5383.54,78.0632
home_to_work,O_00065,D_00214,118.67348490,24.86592010,118.67446360,24.88483345,4945.00,5716.57,commercial_office,,2093.02,66.2212
home_to_work,O_00065,D_00056,118.67348490,24.86592010,118.67136043,24.87699717,4945.00,4284.56,commercial_office,泉州市人民政府,1243.12,65.8875
home_to_work,O_00065,D_00115,118.67348490,24.86592010,118.68329907,24.88193913,4945.00,4977.88,industry,后渚港,2029.27,58.9026
home_to_work,O_00066,D_00662,118.67915548,24.87178124,118.67346315,24.87382905,4922.00,41918.35,commercial_office,,617.85,786.4296
home_to_work,O_00066,D_00108,118.67915548,24.87178124,118.66633520,24.87291497,4922.00,49778.48,education,泉州师范学院,1300.83,743.7486
home_to_work,O_00066,D_00113,118.67915548,24.87178124,118.65411906,24.87995061,4922.00,12051.56,education,泉州幼儿师范高等专科学校,2684.90,113.5177
home_to_work,O_00066,D_00114,118.67915548,24.87178124,118.65362735,24.87613105,4922.00,11347.32,healthcare,福建医科大学附属第二医院东海分院,2622.63,109.1260
home_to_work,O_00066,D_00185,118.67915548,24.87178124,118.67587649,24.87623149,4922.00,5273.13,education,福建省泉州第一中学（东海校区）,593.01,99.7518
home_to_work,O_00066,D_00214,118.67915548,24.87178124,118.67446360,24.88483345,4922.00,5716.57,commercial_office,,1518.61,79.4318
home_to_work,O_00066,D_00115,118.67915548,24.87178124,118.68329907,24.88193913,4922.00,4977.88,industry,后渚港,1198.30,76.9614
home_to_work,O_00066,D_00056,118.67915548,24.87178124,118.67136043,24.87699717,4922.00,4284.56,commercial_office,泉州市人民政府,975.80,71.3417
home_to_work,O_00066,D_00204,118.67915548,24.87178124,118.62414069,24.88434542,4922.00,20180.72,education,黎明职业大学,5726.90,68.9575
home_to_work,O_00066,D_00962,118.67915548,24.87178124,118.62939622,24.85424563,4922.00,17148.53,healthcare,,5386.65,65.6339
home_to_work,O_00067,D_00108,118.67644310,24.86185130,118.66633520,24.87291497,4965.00,49778.48,education,泉州师范学院,1593.07,803.7958
home_to_work,O_00067,D_00662,118.67644310,24.86185130,118.67346315,24.87382905,4965.00,41918.35,commercial_office,,1357.80,732.0961
home_to_work,O_00067,D_00114,118.67644310,24.86185130,118.65362735,24.87613105,4965.00,11347.32,healthcare,福建医科大学附属第二医院东海分院,2793.13,122.8208
home_to_work,O_00067,D_00113,118.67644310,24.86185130,118.65411906,24.87995061,4965.00,12051.56,education,泉州幼儿师范高等专科学校,3014.33,121.1712
home_to_work,O_00067,D_00962,118.67644310,24.86185130,118.62939622,24.85424563,4965.00,17148.53,healthcare,,4825.84,94.2629
home_to_work,O_00067,D_00185,118.67644310,24.86185130,118.67587649,24.87623149,4965.00,5273.13,education,福建省泉州第一中学（东海校区）,1590.62,85.2174
home_to_work,O_00067,D_00204,118.67644310,24.86185130,118.62414069,24.88434542,4965.00,20180.72,education,黎明职业大学,5838.21,79.1579
home_to_work,O_00067,D_00214,118.67644310,24.86185130,118.67446360,24.88483345,4965.00,5716.57,commercial_office,,2548.30,67.1362
home_to_work,O_00067,D_00056,118.67644310,24.86185130,118.67136043,24.87699717,4965.00,4284.56,commercial_office,泉州市人民政府,1751.15,65.6335
home_to_work,O_00067,D_00115,118.67644310,24.86185130,118.68329907,24.88193913,4965.00,4977.88,industry,后渚港,2325.96,62.9582
home_to_work,O_00068,D_00108,118.67585580,24.86195140,118.66633520,24.87291497,4788.00,49778.48,education,泉州师范学院,1547.04,777.7807
home_to_work,O_00068,D_00662,118.67585580,24.86195140,118.67346315,24.87382905,4788.00,41918.35,commercial_office,,1335.01,702.9350
home_to_work,O_00068,D_00114,118.67585580,24.86195140,118.65362735,24.87613105,4788.00,11347.32,healthcare,福建医科大学附属第二医院东海分院,2738.05,119.2048
home_to_work,O_00068,D_00113,118.67585580,24.86195140,118.65411906,24.87995061,4788.00,12051.56,education,泉州幼儿师范高等专科学校,2962.78,117.4654
home_to_work,O_00068,D_00962,118.67585580,24.86195140,118.62939622,24.85424563,4788.00,17148.53,healthcare,,4769.39,91.5292
home_to_work,O_00068,D_00185,118.67585580,24.86195140,118.67587649,24.87623149,4788.00,5273.13,education,福建省泉州第一中学（东海校区）,1578.52,81.5318
home_to_work,O_00068,D_00204,118.67585580,24.86195140,118.62414069,24.88434542,4788.00,20180.72,education,黎明职业大学,5779.85,76.9114
home_to_work,O_00068,D_00214,118.67585580,24.86195140,118.67446360,24.88483345,4788.00,5716.57,commercial_office,,2533.29,64.2951
home_to_work,O_00068,D_00056,118.67585580,24.86195140,118.67136043,24.87699717,4788.00,4284.56,commercial_office,泉州市人民政府,1724.02,63.1106
home_to_work,O_00068,D_00115,118.67585580,24.86195140,118.68329907,24.88193913,4788.00,4977.88,industry,后渚港,2333.83,59.8359
home_to_work,O_00069,D_00662,118.67874938,24.87091954,118.67346315,24.87382905,4920.00,41918.35,commercial_office,,623.27,784.3341
home_to_work,O_00069,D_00108,118.67874938,24.87091954,118.66633520,24.87291497,4920.00,49778.48,education,泉州师范学院,1273.03,750.0269
home_to_work,O_00069,D_00113,118.67874938,24.87091954,118.65411906,24.87995061,4920.00,12051.56,education,泉州幼儿师范高等专科学校,2680.32,113.5931
home_to_work,O_00069,D_00114,118.67874938,24.87091954,118.65362735,24.87613105,4920.00,11347.32,healthcare,福建医科大学附属第二医院东海分院,2601.75,109.7934
home_to_work,O_00069,D_00185,118.67874938,24.87091954,118.67587649,24.87623149,4920.00,5273.13,education,福建省泉州第一中学（东海校区）,654.96,97.6290
home_to_work,O_00069,D_00214,118.67874938,24.87091954,118.67446360,24.88483345,4920.00,5716.57,commercial_office,,1597.78,77.2961
home_to_work,O_00069,D_00115,118.67874938,24.87091954,118.68329907,24.88193913,4920.00,4977.88,industry,后渚港,1301.88,74.2852
home_to_work,O_00069,D_00056,118.67874938,24.87091954,118.67136043,24.87699717,4920.00,4284.56,commercial_office,泉州市人民政府,1004.10,70.6110
home_to_work,O_00069,D_00204,118.67874938,24.87091954,118.62414069,24.88434542,4920.00,20180.72,education,黎明职业大学,5711.15,69.2608
home_to_work,O_00069,D_00962,118.67874938,24.87091954,118.62939622,24.85424563,4920.00,17148.53,healthcare,,5314.64,67.1705
home_to_work,O_00070,D_00108,118.67497452,24.86545380,118.66633520,24.87291497,4815.00,49778.48,education,泉州师范学院,1200.65,782.8587
home_to_work,O_00070,D_00662,118.67497452,24.86545380,118.67346315,24.87382905,4815.00,41918.35,commercial_office,,938.30,719.4912
home_to_work,O_00070,D_00114,118.67497452,24.86545380,118.65362735,24.87613105,4815.00,11347.32,healthcare,福建医科大学附属第二医院东海分院,2457.90,117.3627
home_to_work,O_00070,D_00113,118.67497452,24.86545380,118.65411906,24.87995061,4815.00,12051.56,education,泉州幼儿师范高等专科学校,2646.58,117.0485
home_to_work,O_00070,D_00185,118.67497452,24.86545380,118.67587649,24.87623149,4815.00,5273.13,education,福建省泉州第一中学（东海校区）,1194.84,83.0905
home_to_work,O_00070,D_00962,118.67497452,24.86545380,118.62939622,24.85424563,4815.00,17148.53,healthcare,,4767.44,82.1342
home_to_work,O_00070,D_00204,118.67497452,24.86545380,118.62414069,24.88434542,4815.00,20180.72,education,黎明职业大学,5542.32,74.6549
home_to_work,O_00070,D_00214,118.67497452,24.86545380,118.67446360,24.88483345,4815.00,5716.57,commercial_office,,2142.85,65.6721
home_to_work,O_00070,D_00056,118.67497452,24.86545380,118.67136043,24.87699717,4815.00,4284.56,commercial_office,泉州市人民政府,1327.18,64.5997
home_to_work,O_00070,D_00115,118.67497452,24.86545380,118.68329907,24.88193913,4815.00,4977.88,industry,后渚港,2006.88,59.8375
home_to_work,O_00071,D_00108,118.67483298,24.86468975,118.66633520,24.87291497,4849.00,49778.48,education,泉州师范学院,1250.31,790.6876
home_to_work,O_00071,D_00662,118.67483298,24.86468975,118.67346315,24.87382905,4849.00,41918.35,commercial_office,,1019.69,719.0410
home_to_work,O_00071,D_00114,118.67483298,24.86468975,118.65362735,24.87613105,4849.00,11347.32,healthcare,福建医科大学附属第二医院东海分院,2487.24,119.3419
home_to_work,O_00071,D_00113,118.67483298,24.86468975,118.65411906,24.87995061,4849.00,12051.56,education,泉州幼儿师范高等专科学校,2687.42,118.5671
home_to_work,O_00071,D_00962,118.67483298,24.86468975,118.62939622,24.85424563,4849.00,17148.53,healthcare,,4732.34,85.3327
home_to_work,O_00071,D_00185,118.67483298,24.86468975,118.67587649,24.87623149,4849.00,5273.13,education,福建省泉州第一中学（东海校区）,1280.17,82.9295
home_to_work,O_00071,D_00204,118.67483298,24.86468975,118.62414069,24.88434542,4849.00,20180.72,education,黎明职业大学,5561.54,76.1703
home_to_work,O_00071,D_00214,118.67483298,24.86468975,118.67446360,24.88483345,4849.00,5716.57,commercial_office,,2227.00,65.5706
home_to_work,O_00071,D_00056,118.67483298,24.86468975,118.67136043,24.87699717,4849.00,4284.56,commercial_office,泉州市人民政府,1404.94,64.6374
home_to_work,O_00071,D_00115,118.67483298,24.86468975,118.68329907,24.88193913,4849.00,4977.88,industry,后渚港,2089.68,59.7719
home_to_work,O_00072,D_00108,118.67377570,24.86543150,118.66633520,24.87291497,4827.00,49778.48,education,泉州师范学院,1117.59,793.2542
home_to_work,O_00072,D_00662,118.67377570,24.86543150,118.67346315,24.87382905,4827.00,41918.35,commercial_office,,928.80,711.3851
home_to_work,O_00072,D_00114,118.67377570,24.86543150,118.65362735,24.87613105,4827.00,11347.32,healthcare,福建医科大学附属第二医院东海分院,2353.65,119.7638
home_to_work,O_00072,D_00113,118.67377570,24.86543150,118.65411906,24.87995061,4827.00,12051.56,education,泉州幼儿师范高等专科学校,2552.82,119.0262
home_to_work,O_00072,D_00962,118.67377570,24.86543150,118.62939622,24.85424563,4827.00,17148.53,healthcare,,4649.96,84.1850
home_to_work,O_00072,D_00185,118.67377570,24.86543150,118.67587649,24.87623149,4827.00,5273.13,education,福建省泉州第一中学（东海校区）,1212.54,81.4131
home_to_work,O_00072,D_00204,118.67377570,24.86543150,118.62414069,24.88434542,4827.00,20180.72,education,黎明职业大学,5431.31,76.3542
home_to_work,O_00072,D_00214,118.67377570,24.86543150,118.67446360,24.88483345,4827.00,5716.57,commercial_office,,2145.82,64.6629
home_to_work,O_00072,D_00056,118.67377570,24.86543150,118.67136043,24.87699717,4827.00,4284.56,commercial_office,泉州市人民政府,1301.53,64.2167
home_to_work,O_00072,D_00115,118.67377570,24.86543150,118.68329907,24.88193913,4827.00,4977.88,industry,后渚港,2062.71,57.8888
home_to_work,O_00073,D_00108,118.67406718,24.86498135,118.66633520,24.87291497,4824.00,49778.48,education,泉州师范学院,1174.27,791.2569
home_to_work,O_00073,D_00662,118.67406718,24.86498135,118.67346315,24.87382905,4824.00,41918.35,commercial_office,,979.92,710.9105
home_to_work,O_00073,D_00114,118.67406718,24.86498135,118.65362735,24.87613105,4824.00,11347.32,healthcare,福建医科大学附属第二医院东海分院,2404.28,119.7038
home_to_work,O_00073,D_00113,118.67406718,24.86498135,118.65411906,24.87995061,4824.00,12051.56,education,泉州幼儿师范高等专科学校,2607.08,118.8226
home_to_work,O_00073,D_00962,118.67406718,24.86498135,118.62939622,24.85424563,4824.00,17148.53,healthcare,,4665.45,85.1341
home_to_work,O_00073,D_00185,118.67406718,24.86498135,118.67587649,24.87623149,4824.00,5273.13,education,福建省泉州第一中学（东海校区）,1256.94,81.5411
home_to_work,O_00073,D_00204,118.67406718,24.86498135,118.62414069,24.88434542,4824.00,20180.72,education,黎明职业大学,5477.75,76.4224
home_to_work,O_00073,D_00214,118.67406718,24.86498135,118.67446360,24.88483345,4824.00,5716.57,commercial_office,,2194.82,64.6656
home_to_work,O_00073,D_00056,118.67406718,24.86498135,118.67136043,24.87699717,4824.00,4284.56,commercial_office,泉州市人民政府,1356.07,64.1009
home_to_work,O_00073,D_00115,118.67406718,24.86498135,118.68329907,24.88193913,4824.00,4977.88,industry,后渚港,2093.59,58.2420
home_to_work,O_00074,D_00662,118.67966148,24.87084254,118.67346315,24.87382905,4850.00,41918.35,commercial_office,,707.71,772.2417
home_to_work,O_00074,D_00108,118.67966148,24.87084254,118.66633520,24.87291497,4850.00,49778.48,education,泉州师范学院,1365.25,736.5516
home_to_work,O_00074,D_00113,118.67966148,24.87084254,118.65411906,24.87995061,4850.00,12051.56,education,泉州幼儿师范高等专科学校,2769.10,111.6801
home_to_work,O_00074,D_00114,118.67966148,24.87084254,118.65362735,24.87613105,4850.00,11347.32,healthcare,福建医科大学附属第二医院东海分院,2693.49,107.8380
home_to_work,O_00074,D_00185,118.67966148,24.87084254,118.67587649,24.87623149,4850.00,5273.13,education,福建省泉州第一中学（东海校区）,707.80,97.1417
home_to_work,O_00074,D_00214,118.67966148,24.87084254,118.67446360,24.88483345,4850.00,5716.57,commercial_office,,1633.21,77.3580
home_to_work,O_00074,D_00115,118.67966148,24.87084254,118.68329907,24.88193913,4850.00,4977.88,industry,后渚港,1280.45,75.7673
home_to_work,O_00074,D_00056,118.67966148,24.87084254,118.67136043,24.87699717,4850.00,4284.56,commercial_office,泉州市人民政府,1079.67,69.7283
home_to_work,O_00074,D_00204,118.67966148,24.87084254,118.62414069,24.88434542,4850.00,20180.72,education,黎明职业大学,5802.34,68.0399
home_to_work,O_00074,D_00962,118.67966148,24.87084254,118.62939622,24.85424563,4850.00,17148.53,healthcare,,5398.25,66.1534
home_to_work,O_00075,D_00108,118.67659065,24.86236615,118.66633520,24.87291497,4853.00,49778.48,education,泉州师范学院,1559.67,784.5097
home_to_work,O_00075,D_00662,118.67659065,24.86236615,118.67346315,24.87382905,4853.00,41918.35,commercial_office,,1305.89,718.9514
home_to_work,O_00075,D_00114,118.67659065,24.86236615,118.65362735,24.87613105,4853.00,11347.32,healthcare,福建医科大学附属第二医院东海分院,2773.81,119.3123
home_to_work,O_00075,D_00113,118.67659065,24.86236615,118.65411906,24.87995061,4853.00,12051.56,education,泉州幼儿师范高等专科学校,2988.16,117.9790
home_to_work,O_00075,D_00962,118.67659065,24.86236615,118.62939622,24.85424563,4853.00,17148.53,healthcare,,4850.71,90.2312
home_to_work,O_00075,D_00185,118.67659065,24.86236615,118.67587649,24.87623149,4853.00,5273.13,education,福建省泉州第一中学（东海校区）,1534.37,83.8084
home_to_work,O_00075,D_00204,118.67659065,24.86236615,118.62414069,24.88434542,4853.00,20180.72,education,黎明职业大学,5827.73,76.6704
home_to_work,O_00075,D_00214,118.67659065,24.86236615,118.67446360,24.88483345,4853.00,5716.57,commercial_office,,2492.81,66.0095
home_to_work,O_00075,D_00056,118.67659065,24.86236615,118.67136043,24.87699717,4853.00,4284.56,commercial_office,泉州市人民政府,1701.39,64.4089
home_to_work,O_00075,D_00115,118.67659065,24.86236615,118.68329907,24.88193913,4853.00,4977.88,industry,后渚港,2267.20,61.9692
home_to_work,O_00076,D_00108,118.67599372,24.86333117,118.66633520,24.87291497,4816.00,49778.48,education,泉州师范学院,1440.10,780.4232
home_to_work,O_00076,D_00662,118.67599372,24.86333117,118.67346315,24.87382905,4816.00,41918.35,commercial_office,,1188.25,714.7477
home_to_work,O_00076,D_00114,118.67599372,24.86333117,118.65362735,24.87613105,4816.00,11347.32,healthcare,福建医科大学附属第二医院东海分院,2665.47,118.2476
home_to_work,O_00076,D_00113,118.67599372,24.86333117,118.65411906,24.87995061,4816.00,12051.56,education,泉州幼儿师范高等专科学校,2873.28,117.1814
home_to_work,O_00076,D_00962,118.67599372,24.86333117,118.62939622,24.85424563,4816.00,17148.53,healthcare,,4812.58,87.3574
home_to_work,O_00076,D_00185,118.67599372,24.86333117,118.67587649,24.87623149,4816.00,5273.13,education,福建省泉州第一中学（东海校区）,1426.05,83.0600
home_to_work,O_00076,D_00204,118.67599372,24.86333117,118.62414069,24.88434542,4816.00,20180.72,education,黎明职业大学,5728.89,75.7459
home_to_work,O_00076,D_00214,118.67599372,24.86333117,118.67446360,24.88483345,4816.00,5716.57,commercial_office,,2381.88,65.4769
home_to_work,O_00076,D_00056,118.67599372,24.86333117,118.67136043,24.87699717,4816.00,4284.56,commercial_office,泉州市人民政府,1581.46,64.0813
home_to_work,O_00076,D_00115,118.67599372,24.86333117,118.68329907,24.88193913,4816.00,4977.88,industry,后渚港,2185.24,60.8784
home_to_work,O_00077,D_00108,118.67591733,24.86265267,118.66633520,24.87291497,4790.00,49778.48,education,泉州师范学院,1491.12,777.3202
home_to_work,O_00077,D_00662,118.67591733,24.86265267,118.67346315,24.87382905,4790.00,41918.35,commercial_office,,1260.06,706.9894
home_to_work,O_00077,D_00114,118.67591733,24.86265267,118.65362735,24.87613105,4790.00,11347.32,healthcare,福建医科大学附属第二医院东海分院,2699.59,118.4425
home_to_work,O_00077,D_00113,118.67591733,24.86265267,118.65411906,24.87995061,4790.00,12051.56,education,泉州幼儿师范高等专科学校,2915.97,117.0397
home_to_work,O_00077,D_00962,118.67591733,24.86265267,118.62939622,24.85424563,4790.00,17148.53,healthcare,,4789.93,89.1732
home_to_work,O_00077,D_00185,118.67591733,24.86265267,118.67587649,24.87623149,4790.00,5273.13,education,福建省泉州第一中学（东海校区）,1501.01,82.0722
home_to_work,O_00077,D_00204,118.67591733,24.86265267,118.62414069,24.88434542,4790.00,20180.72,education,黎明职业大学,5752.71,76.1319
home_to_work,O_00077,D_00214,118.67591733,24.86265267,118.67446360,24.88483345,4790.00,5716.57,commercial_office,,2456.25,64.7108
home_to_work,O_00077,D_00056,118.67591733,24.86265267,118.67136043,24.87699717,4790.00,4284.56,commercial_office,泉州市人民政府,1651.08,63.4319
home_to_work,O_00077,D_00115,118.67591733,24.86265267,118.68329907,24.88193913,4790.00,4977.88,industry,后渚港,2258.52,60.1882
home_to_work,O_00078,D_00108,118.67461613,24.86603720,118.66633520,24.87291497,4834.00,49778.48,education,泉州师范学院,1130.26,787.1712
home_to_work,O_00078,D_00662,118.67461613,24.86603720,118.67346315,24.87382905,4834.00,41918.35,commercial_office,,869.15,723.1557
home_to_work,O_00078,D_00114,118.67461613,24.86603720,118.65362735,24.87613105,4834.00,11347.32,healthcare,福建医科大学附属第二医院东海分院,2395.50,117.6953
home_to_work,O_00078,D_00113,118.67461613,24.86603720,118.65411906,24.87995061,4834.00,12051.56,education,泉州幼儿师范高等专科学校,2578.89,117.5873
home_to_work,O_00078,D_00185,118.67461613,24.86603720,118.67587649,24.87623149,4834.00,5273.13,education,福建省泉州第一中学（东海校区）,1134.04,83.2815
home_to_work,O_00078,D_00962,118.67461613,24.86603720,118.62939622,24.85424563,4834.00,17148.53,healthcare,,4749.77,81.1478
home_to_work,O_00078,D_00204,118.67461613,24.86603720,118.62414069,24.88434542,4834.00,20180.72,education,黎明职业大学,5484.67,74.7478
home_to_work,O_00078,D_00214,118.67461613,24.86603720,118.67446360,24.88483345,4834.00,5716.57,commercial_office,,2077.79,65.9164
home_to_work,O_00078,D_00056,118.67461613,24.86603720,118.67136043,24.87699717,4834.00,4284.56,commercial_office,泉州市人民政府,1255.34,64.9869
home_to_work,O_00078,D_00115,118.67461613,24.86603720,118.68329907,24.88193913,4834.00,4977.88,industry,后渚港,1964.40,59.6100
home_to_work,O_00079,D_00662,118.67915428,24.87059534,118.67346315,24.87382905,4915.00,41918.35,commercial_office,,676.86,782.1820
home_to_work,O_00079,D_00108,118.67915428,24.87059534,118.66633520,24.87291497,4915.00,49778.48,education,泉州师范学院,1319.81,749.6668
home_to_work,O_00079,D_00113,118.67915428,24.87059534,118.65411906,24.87995061,4915.00,12051.56,education,泉州幼儿师范高等专科学校,2731.68,113.3657
home_to_work,O_00079,D_00114,118.67915428,24.87059534,118.65362735,24.87613105,4915.00,11347.32,healthcare,福建医科大学附属第二医院东海分院,2649.69,109.6985
home_to_work,O_00079,D_00185,118.67915428,24.87059534,118.67587649,24.87623149,4915.00,5273.13,education,福建省泉州第一中学（东海校区）,705.51,97.4597
home_to_work,O_00079,D_00214,118.67915428,24.87059534,118.67446360,24.88483345,4915.00,5716.57,commercial_office,,1643.62,77.2833
home_to_work,O_00079,D_00115,118.67915428,24.87059534,118.68329907,24.88193913,4915.00,4977.88,industry,后渚港,1321.96,74.9135
home_to_work,O_00079,D_00056,118.67915428,24.87059534,118.67136043,24.87699717,4915.00,4284.56,commercial_office,泉州市人民政府,1058.47,70.3990
home_to_work,O_00079,D_00204,118.67915428,24.87059534,118.62414069,24.88434542,4915.00,20180.72,education,黎明职业大学,5760.01,69.1798
home_to_work,O_00079,D_00962,118.67915428,24.87059534,118.62939622,24.85424563,4915.00,17148.53,healthcare,,5340.79,67.6017
home_to_work,O_00080,D_00662,118.67951798,24.87135454,118.67346315,24.87382905,4907.00,41918.35,commercial_office,,669.89,782.7011
home_to_work,O_00080,D_00108,118.67951798,24.87135454,118.66633520,24.87291497,4907.00,49778.48,education,泉州师范学院,1342.52,742.7809
home_to_work,O_00080,D_00113,118.67951798,24.87135454,118.65411906,24.87995061,4907.00,12051.56,education,泉州幼儿师范高等专科学校,2735.43,113.0363
home_to_work,O_00080,D_00114,118.67951798,24.87135454,118.65362735,24.87613105,4907.00,11347.32,healthcare,福建医科大学附属第二医院东海分院,2667.56,108.8661
home_to_work,O_00080,D_00185,118.67951798,24.87135454,118.67587649,24.87623149,4907.00,5273.13,education,福建省泉州第一中学（东海校区）,652.59,99.0295
home_to_work,O_00080,D_00214,118.67951798,24.87135454,118.67446360,24.88483345,4907.00,5716.57,commercial_office,,1574.97,78.9413
home_to_work,O_00080,D_00115,118.67951798,24.87135454,118.68329907,24.88193913,4907.00,4977.88,industry,后渚港,1230.76,77.0980
home_to_work,O_00080,D_00056,118.67951798,24.87135454,118.67136043,24.87699717,4907.00,4284.56,commercial_office,泉州市人民政府,1033.34,70.8735
home_to_work,O_00080,D_00204,118.67951798,24.87135454,118.62414069,24.88434542,4907.00,20180.72,education,黎明职业大学,5773.99,68.7441
home_to_work,O_00080,D_00962,118.67951798,24.87135454,118.62939622,24.85424563,4907.00,17148.53,healthcare,,5404.15,66.0792
home_to_work,O_00081,D_00108,118.67531933,24.86297258,118.66633520,24.87291497,4881.00,49778.48,education,泉州师范学院,1425.21,794.9317
home_to_work,O_00081,D_00662,118.67531933,24.86297258,118.67346315,24.87382905,4881.00,41918.35,commercial_office,,1214.63,718.0863
home_to_work,O_00081,D_00114,118.67531933,24.86297258,118.65362735,24.87613105,4881.00,11347.32,healthcare,福建医科大学附属第二医院东海分院,2629.71,121.2862
home_to_work,O_00081,D_00113,118.67531933,24.86297258,118.65411906,24.87995061,4881.00,12051.56,education,泉州幼儿师范高等专科学校,2847.22,119.8049
home_to_work,O_00081,D_00962,118.67531933,24.86297258,118.62939622,24.85424563,4881.00,17148.53,healthcare,,4737.76,90.7767
home_to_work,O_00081,D_00185,118.67531933,24.86297258,118.67587649,24.87623149,4881.00,5273.13,education,福建省泉州第一中学（东海校区）,1466.72,83.0514
home_to_work,O_00081,D_00204,118.67531933,24.86297258,118.62414069,24.88434542,4881.00,20180.72,education,黎明职业大学,5683.07,77.9535
home_to_work,O_00081,D_00214,118.67531933,24.86297258,118.67446360,24.88483345,4881.00,5716.57,commercial_office,,2418.05,65.5686
home_to_work,O_00081,D_00056,118.67531933,24.86297258,118.67136043,24.87699717,4881.00,4284.56,commercial_office,泉州市人民政府,1601.01,64.5274
home_to_work,O_00081,D_00115,118.67531933,24.86297258,118.68329907,24.88193913,4881.00,4977.88,industry,后渚港,2246.12,60.4635
home_to_work,O_00082,D_00108,118.67452637,24.86521025,118.66633520,24.87291497,4899.00,49778.48,education,泉州师范学院,1187.33,800.0705
home_to_work,O_00082,D_00662,118.67452637,24.86521025,118.67346315,24.87382905,4899.00,41918.35,commercial_office,,958.75,727.0783
home_to_work,O_00082,D_00114,118.67452637,24.86521025,118.65362735,24.87613105,4899.00,11347.32,healthcare,福建医科大学附属第二医院东海分院,2431.55,120.4651
home_to_work,O_00082,D_00113,118.67452637,24.86521025,118.65411906,24.87995061,4899.00,12051.56,education,泉州幼儿师范高等专科学校,2627.31,119.8592
home_to_work,O_00082,D_00962,118.67452637,24.86521025,118.62939622,24.85424563,4899.00,17148.53,healthcare,,4716.76,84.9919
home_to_work,O_00082,D_00185,118.67452637,24.86521025,118.67587649,24.87623149,4899.00,5273.13,education,福建省泉州第一中学（东海校区）,1225.89,83.6706
home_to_work,O_00082,D_00204,118.67452637,24.86521025,118.62414069,24.88434542,4899.00,20180.72,education,黎明职业大学,5510.70,76.7630
home_to_work,O_00082,D_00214,118.67452637,24.86521025,118.67446360,24.88483345,4899.00,5716.57,commercial_office,,2169.16,66.2352
home_to_work,O_00082,D_00056,118.67452637,24.86521025,118.67136043,24.87699717,4899.00,4284.56,commercial_office,泉州市人民政府,1341.59,65.4127
home_to_work,O_00082,D_00115,118.67452637,24.86521025,118.68329907,24.88193913,4899.00,4977.88,industry,后渚港,2050.50,60.0033
home_to_work,O_00083,D_00108,118.67594925,24.86145625,118.66633520,24.87291497,4934.00,49778.48,education,泉州师范学院,1596.01,801.2885
home_to_work,O_00083,D_00662,118.67594925,24.86145625,118.67346315,24.87382905,4934.00,41918.35,commercial_office,,1390.55,722.5960
home_to_work,O_00083,D_00114,118.67594925,24.86145625,118.65362735,24.87613105,4934.00,11347.32,healthcare,福建医科大学附属第二医院东海分院,2777.40,123.2017
home_to_work,O_00083,D_00113,118.67594925,24.86145625,118.65411906,24.87995061,4934.00,12051.56,education,泉州幼儿师范高等专科学校,3006.73,121.2183
home_to_work,O_00083,D_00962,118.67594925,24.86145625,118.62939622,24.85424563,4934.00,17148.53,healthcare,,4769.24,95.8523
home_to_work,O_00083,D_00185,118.67594925,24.86145625,118.67587649,24.87623149,4934.00,5273.13,education,福建省泉州第一中学（东海校区）,1633.27,83.8343
home_to_work,O_00083,D_00204,118.67594925,24.86145625,118.62414069,24.88434542,4934.00,20180.72,education,黎明职业大学,5812.01,79.6812
home_to_work,O_00083,D_00214,118.67594925,24.86145625,118.67446360,24.88483345,4934.00,5716.57,commercial_office,,2588.47,66.1013
home_to_work,O_00083,D_00056,118.67594925,24.86145625,118.67136043,24.87699717,4934.00,4284.56,commercial_office,泉州市人民政府,1779.31,64.8810
home_to_work,O_00083,D_00115,118.67594925,24.86145625,118.68329907,24.88193913,4934.00,4977.88,industry,后渚港,2382.75,61.6453
home_to_work,O_00084,D_00108,118.67392598,24.86615365,118.66633520,24.87291497,5027.00,49778.48,education,泉州师范学院,1070.68,823.7610
home_to_work,O_00084,D_00662,118.67392598,24.86615365,118.67346315,24.87382905,5027.00,41918.35,commercial_office,,849.72,746.7062
home_to_work,O_00084,D_00114,118.67392598,24.86615365,118.65362735,24.87613105,5027.00,11347.32,healthcare,福建医科大学附属第二医院东海分院,2327.92,123.4948
home_to_work,O_00084,D_00113,118.67392598,24.86615365,118.65411906,24.87995061,5027.00,12051.56,education,泉州幼儿师范高等专科学校,2515.45,123.2111
home_to_work,O_00084,D_00185,118.67392598,24.86615365,118.67587649,24.87623149,5027.00,5273.13,education,福建省泉州第一中学（东海校区）,1131.29,85.5173
home_to_work,O_00084,D_00962,118.67392598,24.86615365,118.62939622,24.85424563,5027.00,17148.53,healthcare,,4686.37,85.0278
home_to_work,O_00084,D_00204,118.67392598,24.86615365,118.62414069,24.88434542,5027.00,20180.72,education,黎明职业大学,5415.16,78.4817
home_to_work,O_00084,D_00214,118.67392598,24.86615365,118.67446360,24.88483345,5027.00,5716.57,commercial_office,,2065.58,67.8998
home_to_work,O_00084,D_00056,118.67392598,24.86615365,118.67136043,24.87699717,5027.00,4284.56,commercial_office,泉州市人民政府,1226.33,67.3182
home_to_work,O_00084,D_00115,118.67392598,24.86615365,118.68329907,24.88193913,5027.00,4977.88,industry,后渚港,1985.16,60.7322
home_to_work,O_00085,D_00108,118.67641957,24.86291483,118.66633520,24.87291497,4748.00,49778.48,education,泉州师范学院,1503.10,767.7490
home_to_work,O_00085,D_00662,118.67641957,24.86291483,118.67346315,24.87382905,4748.00,41918.35,commercial_office,,1242.86,705.1070
home_to_work,O_00085,D_00114,118.67641957,24.86291483,118.65362735,24.87613105,4748.00,11347.32,healthcare,福建医科大学附属第二医院东海分院,2726.40,116.4072
home_to_work,O_00085,D_00113,118.67641957,24.86291483,118.65411906,24.87995061,4748.00,12051.56,education,泉州幼儿师范高等专科学校,2935.79,115.2970
home_to_work,O_00085,D_00962,118.67641957,24.86291483,118.62939622,24.85424563,4748.00,17148.53,healthcare,,4845.35,86.8088
home_to_work,O_00085,D_00185,118.67641957,24.86291483,118.67587649,24.87623149,4748.00,5273.13,education,福建省泉州第一中学（东海校区）,1473.05,82.1479
home_to_work,O_00085,D_00204,118.67641957,24.86291483,118.62414069,24.88434542,4748.00,20180.72,education,黎明职业大学,5786.93,74.6390
home_to_work,O_00085,D_00214,118.67641957,24.86291483,118.67446360,24.88483345,4748.00,5716.57,commercial_office,,2430.92,64.7137
home_to_work,O_00085,D_00056,118.67641957,24.86291483,118.67136043,24.87699717,4748.00,4284.56,commercial_office,泉州市人民政府,1638.38,63.1684
home_to_work,O_00085,D_00115,118.67641957,24.86291483,118.68329907,24.88193913,4748.00,4977.88,industry,后渚港,2214.75,60.5619
home_to_work,O_00086,D_00321,118.57956103,24.91097682,118.57454498,24.91593636,4881.00,12593.06,commercial_office,源和1916创意产业园,746.34,526.0788
home_to_work,O_00086,D_00301,118.57956103,24.91097682,118.57828777,24.94580309,4881.00,27053.76,education,,3851.84,401.4019
home_to_work,O_00086,D_00300,118.57956103,24.91097682,118.59383305,24.94227651,4881.00,15831.81,healthcare,910医院,3747.86,243.1837
home_to_work,O_00086,D_00272,118.57956103,24.91097682,118.58039623,24.92136955,4881.00,5705.79,commercial_office,开元盛世广场,1151.90,208.2207
home_to_work,O_00086,D_00149,118.57956103,24.91097682,118.63935618,24.93989925,4881.00,36219.49,education,华侨大学,6830.77,199.0900
home_to_work,O_00086,D_00204,118.57956103,24.91097682,118.62414069,24.88434542,4881.00,20180.72,education,黎明职业大学,5378.54,180.0016
home_to_work,O_00086,D_00674,118.57956103,24.91097682,118.59354838,24.91596427,4881.00,4099.66,healthcare,泉州市第一医院,1515.98,132.5105
home_to_work,O_00086,D_00108,118.57956103,24.91097682,118.66633520,24.87291497,4881.00,49778.48,education,泉州师范学院,9720.11,104.4418
home_to_work,O_00086,D_00981,118.57956103,24.91097682,118.58126170,24.91169929,4881.00,2013.93,commercial_office,泉州工艺美术合作社,189.37,101.2964
home_to_work,O_00086,D_00273,118.57956103,24.91097682,118.58003241,24.91950448,4881.00,2562.40,education,泉州市培元中学,943.85,100.2246
home_to_work,O_00087,D_00321,118.57883878,24.91145978,118.57454498,24.91593636,4844.00,12593.06,commercial_office,源和1916创意产业园,657.87,534.2026
home_to_work,O_00087,D_00301,118.57883878,24.91145978,118.57828777,24.94580309,4844.00,27053.76,education,,3796.72,403.0954
home_to_work,O_00087,D_00300,118.57883878,24.91145978,118.59383305,24.94227651,4844.00,15831.81,healthcare,910医院,3727.64,241.3850
home_to_work,O_00087,D_00272,118.57883878,24.91145978,118.58039623,24.92136955,4844.00,5705.79,commercial_office,开元盛世广场,1106.65,208.4120
home_to_work,O_00087,D_00149,118.57883878,24.91145978,118.63935618,24.93989925,4844.00,36219.49,education,华侨大学,6870.69,193.6954
home_to_work,O_00087,D_00204,118.57883878,24.91145978,118.62414069,24.88434542,4844.00,20180.72,education,黎明职业大学,5468.79,172.2106
home_to_work,O_00087,D_00674,118.57883878,24.91145978,118.59354838,24.91596427,4844.00,4099.66,healthcare,泉州市第一医院,1566.35,128.4717
home_to_work,O_00087,D_00273,118.57883878,24.91145978,118.58003241,24.91950448,4844.00,2562.40,education,泉州市培元中学,897.39,100.3571
home_to_work,O_00087,D_00108,118.57883878,24.91145978,118.66633520,24.87291497,4844.00,49778.48,education,泉州师范学院,9808.96,99.9678
home_to_work,O_00087,D_00981,118.57883878,24.91145978,118.58126170,24.91169929,4844.00,2013.93,commercial_office,泉州工艺美术合作社,246.05,98.0024
home_to_work,O_00088,D_00301,118.58819096,24.92235079,118.57828777,24.94580309,4878.00,27053.76,education,,2778.48,488.3195
home_to_work,O_00088,D_00321,118.58819096,24.92235079,118.57454498,24.91593636,4878.00,12593.06,commercial_office,源和1916创意产业园,1549.41,342.4004
home_to_work,O_00088,D_00300,118.58819096,24.92235079,118.59383305,24.94227651,4878.00,15831.81,healthcare,910医院,2275.03,337.9782
home_to_work,O_00088,D_00149,118.58819096,24.92235079,118.63935618,24.93989925,4878.00,36219.49,education,华侨大学,5517.21,262.3898
home_to_work,O_00088,D_00272,118.58819096,24.92235079,118.58039623,24.92136955,4878.00,5705.79,commercial_office,开元盛世广场,794.35,199.5376
home_to_work,O_00088,D_00204,118.58819096,24.92235079,118.62414069,24.88434542,4878.00,20180.72,education,黎明职业大学,5552.02,144.5113
home_to_work,O_00088,D_00674,118.58819096,24.92235079,118.59354838,24.91596427,4878.00,4099.66,healthcare,泉州市第一医院,889.34,138.9012
home_to_work,O_00088,D_00047,118.58819096,24.92235079,118.59175940,24.92535593,4878.00,2622.24,education,泉州市第一中学,490.02,101.4934
home_to_work,O_00088,D_00108,118.58819096,24.92235079,118.66633520,24.87291497,4878.00,49778.48,education,泉州师范学院,9598.07,92.5299
home_to_work,O_00088,D_00273,118.58819096,24.92235079,118.58003241,24.91950448,4878.00,2562.40,education,泉州市培元中学,881.70,87.0386
home_to_work,O_00089,D_00301,118.58825129,24.92161413,118.57828777,24.94580309,4901.00,27053.76,education,,2856.75,480.8510
home_to_work,O_00089,D_00321,118.58825129,24.92161413,118.57454498,24.91593636,4901.00,12593.06,commercial_office,源和1916创意产业园,1519.43,349.5520
home_to_work,O_00089,D_00300,118.58825129,24.92161413,118.59383305,24.94227651,4901.00,15831.81,healthcare,910医院,2352.49,332.8986
home_to_work,O_00089,D_00149,118.58825129,24.92161413,118.63935618,24.93989925,4901.00,36219.49,education,华侨大学,5540.71,263.1371
home_to_work,O_00089,D_00272,118.58825129,24.92161413,118.58039623,24.92136955,4901.00,5705.79,commercial_office,开元盛世广场,793.46,201.7390
home_to_work,O_00089,D_00204,118.58825129,24.92161413,118.62414069,24.88434542,4901.00,20180.72,education,黎明职业大学,5486.65,149.2805
home_to_work,O_00089,D_00674,118.58825129,24.92161413,118.59354838,24.91596427,4901.00,4099.66,healthcare,泉州市第一医院,822.21,143.5690
home_to_work,O_00089,D_00047,118.58825129,24.92161413,118.59175940,24.92535593,4901.00,2622.24,education,泉州市第一中学,544.52,100.7361
home_to_work,O_00089,D_00108,118.58825129,24.92161413,118.66633520,24.87291497,4901.00,49778.48,education,泉州师范学院,9546.93,95.1310
home_to_work,O_00089,D_00273,118.58825129,24.92161413,118.58003241,24.91950448,4901.00,2562.40,education,泉州市培元中学,861.89,88.5556
home_to_work,O_00090,D_00301,118.58835695,24.92159292,118.57828777,24.94580309,4948.00,27053.76,education,,2862.71,484.6733
home_to_work,O_00090,D_00321,118.58835695,24.92159292,118.57454498,24.91593636,4948.00,12593.06,commercial_office,源和1916创意产业园,1528.19,352.0022
home_to_work,O_00090,D_00300,118.58835695,24.92159292,118.59383305,24.94227651,4948.00,15831.81,healthcare,910医院,2352.24,336.2410
home_to_work,O_00090,D_00149,118.58835695,24.92159292,118.63935618,24.93989925,4948.00,36219.49,education,华侨大学,5531.64,266.5615
home_to_work,O_00090,D_00272,118.58835695,24.92159292,118.58039623,24.92136955,4948.00,5705.79,commercial_office,开元盛世广场,804.05,203.0296
home_to_work,O_00090,D_00204,118.58835695,24.92159292,118.62414069,24.88434542,4948.00,20180.72,education,黎明职业大学,5477.85,151.2095
home_to_work,O_00090,D_00674,118.58835695,24.92159292,118.59354838,24.91596427,4948.00,4099.66,healthcare,泉州市第一医院,813.52,145.4189
home_to_work,O_00090,D_00047,118.58835695,24.92159292,118.59175940,24.92535593,4948.00,2622.24,education,泉州市第一中学,539.45,101.9110
home_to_work,O_00090,D_00108,118.58835695,24.92159292,118.66633520,24.87291497,4948.00,49778.48,education,泉州师范学院,9536.80,96.4030
home_to_work,O_00090,D_00273,118.58835695,24.92159292,118.58003241,24.91950448,4948.00,2562.40,education,泉州市培元中学,871.54,89.1499
home_to_work,O_00091,D_00301,118.58680045,24.92319237,118.57828777,24.94580309,4959.00,27053.76,education,,2642.98,515.4699
home_to_work,O_00091,D_00321,118.58680045,24.92319237,118.57454498,24.91593636,4959.00,12593.06,commercial_office,源和1916创意产业园,1474.50,354.2108
home_to_work,O_00091,D_00300,118.58680045,24.92319237,118.59383305,24.94227651,4959.00,15831.81,healthcare,910医院,2225.81,346.6558
home_to_work,O_00091,D_00149,118.58680045,24.92319237,118.63935618,24.93989925,4959.00,36219.49,education,华侨大学,5617.55,256.0383
home_to_work,O_00091,D_00272,118.58680045,24.92319237,118.58039623,24.92136955,4959.00,5705.79,commercial_office,开元盛世广场,677.20,209.3472
home_to_work,O_00091,D_00204,118.58680045,24.92319237,118.62414069,24.88434542,4959.00,20180.72,education,黎明职业大学,5714.38,138.1281
home_to_work,O_00091,D_00674,118.58680045,24.92319237,118.59354838,24.91596427,4959.00,4099.66,healthcare,泉州市第一医院,1049.99,132.8410
home_to_work,O_00091,D_00047,118.58680045,24.92319237,118.59175940,24.92535593,4959.00,2622.24,education,泉州市第一中学,554.81,100.2172
home_to_work,O_00091,D_00273,118.58680045,24.92319237,118.58003241,24.91950448,4959.00,2562.40,education,泉州市培元中学,795.64,90.3761
home_to_work,O_00091,D_00108,118.58680045,24.92319237,118.66633520,24.87291497,4959.00,49778.48,education,泉州师范学院,9766.44,88.2656
home_to_work,O_00092,D_00108,118.67453007,24.86074845,118.66633520,24.87291497,4776.00,49778.48,education,泉州师范学院,1579.17,781.6484
home_to_work,O_00092,D_00662,118.67453007,24.86074845,118.67346315,24.87382905,4776.00,41918.35,commercial_office,,1449.94,687.1978
home_to_work,O_00092,D_00114,118.67453007,24.86074845,118.65362735,24.87613105,4776.00,11347.32,healthcare,福建医科大学附属第二医院东海分院,2710.76,122.1936
home_to_work,O_00092,D_00113,118.67453007,24.86074845,118.65411906,24.87995061,4776.00,12051.56,education,泉州幼儿师范高等专科学校,2958.88,119.4755
home_to_work,O_00092,D_00962,118.67453007,24.86074845,118.62939622,24.85424563,4776.00,17148.53,healthcare,,4615.15,97.8798
home_to_work,O_00092,D_00204,118.67453007,24.86074845,118.62414069,24.88434542,4776.00,20180.72,education,黎明职业大学,5718.59,79.7377
home_to_work,O_00092,D_00185,118.67453007,24.86074845,118.67587649,24.87623149,4776.00,5273.13,education,福建省泉州第一中学（东海校区）,1716.89,79.0863
home_to_work,O_00092,D_00214,118.67453007,24.86074845,118.67446360,24.88483345,4776.00,5716.57,commercial_office,,2662.36,62.5600
home_to_work,O_00092,D_00056,118.67453007,24.86074845,118.67136043,24.87699717,4776.00,4284.56,commercial_office,泉州市人民政府,1824.44,61.9968
home_to_work,O_00092,D_00115,118.67453007,24.86074845,118.68329907,24.88193913,4776.00,4977.88,industry,后渚港,2504.25,57.4242
home_to_work,O_00093,D_00108,118.67492390,24.86091340,118.66633520,24.87291497,4755.00,49778.48,education,泉州师范学院,1585.08,776.6505
home_to_work,O_00093,D_00662,118.67492390,24.86091340,118.67346315,24.87382905,4755.00,41918.35,commercial_office,,1435.30,687.4981
home_to_work,O_00093,D_00114,118.67492390,24.86091340,118.65362735,24.87613105,4755.00,11347.32,healthcare,福建医科大学附属第二医院东海分院,2730.58,120.8509
home_to_work,O_00093,D_00113,118.67492390,24.86091340,118.65411906,24.87995061,4755.00,12051.56,education,泉州幼儿师范高等专科学校,2973.80,118.3559
home_to_work,O_00093,D_00962,118.67492390,24.86091340,118.62939622,24.85424563,4755.00,17148.53,healthcare,,4657.30,96.0864
home_to_work,O_00093,D_00185,118.67492390,24.86091340,118.67587649,24.87623149,4755.00,5273.13,education,福建省泉州第一中学（东海校区）,1695.99,79.2860
home_to_work,O_00093,D_00204,118.67492390,24.86091340,118.62414069,24.88434542,4755.00,20180.72,education,黎明职业大学,5745.77,78.6682
home_to_work,O_00093,D_00214,118.67492390,24.86091340,118.67446360,24.88483345,4755.00,5716.57,commercial_office,,2644.53,62.6540
home_to_work,O_00093,D_00056,118.67492390,24.86091340,118.67136043,24.87699717,4755.00,4284.56,commercial_office,泉州市人民政府,1813.96,61.9378
home_to_work,O_00093,D_00115,118.67492390,24.86091340,118.68329907,24.88193913,4755.00,4977.88,industry,后渚港,2473.32,57.7621
home_to_work,O_00094,D_00108,118.67530097,24.86111857,118.66633520,24.87291497,4888.00,49778.48,education,泉州师范学院,1587.56,796.7689
home_to_work,O_00094,D_00662,118.67530097,24.86111857,118.67346315,24.87382905,4888.00,41918.35,commercial_office,,1417.22,710.1554
home_to_work,O_00094,D_00114,118.67530097,24.86111857,118.65362735,24.87613105,4888.00,11347.32,healthcare,福建医科大学附属第二医院东海分院,2746.91,123.4099
home_to_work,O_00094,D_00113,118.67530097,24.86111857,118.65411906,24.87995061,4888.00,12051.56,education,泉州幼儿师范高等专科学校,2984.97,121.0705
home_to_work,O_00094,D_00962,118.67530097,24.86111857,118.62939622,24.85424563,4888.00,17148.53,healthcare,,4698.52,97.3106
home_to_work,O_00094,D_00185,118.67530097,24.86111857,118.67587649,24.87623149,4888.00,5273.13,education,福建省泉州第一中学（东海校区）,1671.59,82.0718
home_to_work,O_00094,D_00204,118.67530097,24.86111857,118.62414069,24.88434542,4888.00,20180.72,education,黎明职业大学,5769.66,80.1322
home_to_work,O_00094,D_00214,118.67530097,24.86111857,118.67446360,24.88483345,4888.00,5716.57,commercial_office,,2622.81,64.7976
home_to_work,O_00094,D_00056,118.67530097,24.86111857,118.67136043,24.87699717,4888.00,4284.56,commercial_office,泉州市人民政府,1799.78,63.8962
home_to_work,O_00094,D_00115,118.67530097,24.86111857,118.68329907,24.88193913,4888.00,4977.88,industry,后渚港,2439.14,59.9868
home_to_work,O_00095,D_00108,118.67441213,24.86116868,118.66633520,24.87291497,4868.00,49778.48,education,泉州师范学院,1533.43,797.4242
home_to_work,O_00095,D_00662,118.67441213,24.86116868,118.67346315,24.87382905,4868.00,41918.35,commercial_office,,1402.76,701.4049
home_to_work,O_00095,D_00114,118.67441213,24.86116868,118.65362735,24.87613105,4868.00,11347.32,healthcare,福建医科大学附属第二医院东海分院,2672.49,124.3496
home_to_work,O_00095,D_00113,118.67441213,24.86116868,118.65411906,24.87995061,4868.00,12051.56,education,泉州幼儿师范高等专科学校,2917.36,121.7158
home_to_work,O_00095,D_00962,118.67441213,24.86116868,118.62939622,24.85424563,4868.00,17148.53,healthcare,,4610.86,98.4852
home_to_work,O_00095,D_00204,118.67441213,24.86116868,118.62414069,24.88434542,4868.00,20180.72,education,黎明职业大学,5686.91,80.9668
home_to_work,O_00095,D_00185,118.67441213,24.86116868,118.67587649,24.87623149,4868.00,5273.13,education,福建省泉州第一中学（东海校区）,1671.60,80.6704
home_to_work,O_00095,D_00214,118.67441213,24.86116868,118.67446360,24.88483345,4868.00,5716.57,commercial_office,,2615.91,63.8379
home_to_work,O_00095,D_00056,118.67441213,24.86116868,118.67136043,24.87699717,4868.00,4284.56,commercial_office,泉州市人民政府,1776.62,63.2919
home_to_work,O_00095,D_00115,118.67441213,24.86116868,118.68329907,24.88193913,4868.00,4977.88,industry,后渚港,2465.17,58.4534
home_to_work,O_00096,D_00108,118.67503093,24.86158140,118.66633520,24.87291497,4807.00,49778.48,education,泉州师范学院,1529.99,784.7775
home_to_work,O_00096,D_00662,118.67503093,24.86158140,118.67346315,24.87382905,4807.00,41918.35,commercial_office,,1363.08,698.6696
home_to_work,O_00096,D_00114,118.67503093,24.86158140,118.65362735,24.87613105,4807.00,11347.32,healthcare,福建医科大学附属第二医院东海分院,2694.38,121.3490
home_to_work,O_00096,D_00113,118.67503093,24.86158140,118.65411906,24.87995061,4807.00,12051.56,education,泉州幼儿师范高等专科学校,2929.79,119.1535
home_to_work,O_00096,D_00962,118.67503093,24.86158140,118.62939622,24.85424563,4807.00,17148.53,healthcare,,4680.19,94.6008
home_to_work,O_00096,D_00185,118.67503093,24.86158140,118.67587649,24.87623149,4807.00,5273.13,education,福建省泉州第一中学（东海校区）,1621.67,80.6309
home_to_work,O_00096,D_00204,118.67503093,24.86158140,118.62414069,24.88434542,4807.00,20180.72,education,黎明职业大学,5722.56,78.6513
home_to_work,O_00096,D_00214,118.67503093,24.86158140,118.67446360,24.88483345,4807.00,5716.57,commercial_office,,2570.92,63.7017
home_to_work,O_00096,D_00056,118.67503093,24.86158140,118.67136043,24.87699717,4807.00,4284.56,commercial_office,泉州市人民政府,1743.92,62.8988
home_to_work,O_00096,D_00115,118.67503093,24.86158140,118.68329907,24.88193913,4807.00,4977.88,industry,后渚港,2400.28,58.7168
home_to_work,O_00097,D_00108,118.67416803,24.86163310,118.66633520,24.87291497,4821.00,49778.48,education,泉州师范学院,1476.86,791.0270
home_to_work,O_00097,D_00662,118.67416803,24.86163310,118.67346315,24.87382905,4821.00,41918.35,commercial_office,,1350.02,694.8891
home_to_work,O_00097,D_00114,118.67416803,24.86163310,118.65362735,24.87613105,4821.00,11347.32,healthcare,福建医科大学附属第二医院东海分院,2621.47,123.1239
home_to_work,O_00097,D_00113,118.67416803,24.86163310,118.65411906,24.87995061,4821.00,12051.56,education,泉州幼儿师范高等专科学校,2863.56,120.6277
home_to_work,O_00097,D_00962,118.67416803,24.86163310,118.62939622,24.85424563,4821.00,17148.53,healthcare,,4595.38,96.3660
home_to_work,O_00097,D_00204,118.67416803,24.86163310,118.62414069,24.88434542,4821.00,20180.72,education,黎明职业大学,5641.87,80.0090
home_to_work,O_00097,D_00185,118.67416803,24.86163310,118.67587649,24.87623149,4821.00,5273.13,education,福建省泉州第一中学（东海校区）,1622.91,79.8133
home_to_work,O_00097,D_00214,118.67416803,24.86163310,118.67446360,24.88483345,4821.00,5716.57,commercial_office,,2564.74,63.2118
home_to_work,O_00097,D_00056,118.67416803,24.86163310,118.67136043,24.87699717,4821.00,4284.56,commercial_office,泉州市人民政府,1721.85,62.7464
home_to_work,O_00097,D_00115,118.67416803,24.86163310,118.68329907,24.88193913,4821.00,4977.88,industry,后渚港,2426.68,57.6358
home_to_work,O_00098,D_00108,118.67475540,24.86210902,118.66633520,24.87291497,4786.00,49778.48,education,泉州师范学院,1466.30,782.6261
home_to_work,O_00098,D_00662,118.67475540,24.86210902,118.67346315,24.87382905,4786.00,41918.35,commercial_office,,1302.09,696.1276
home_to_work,O_00098,D_00114,118.67475540,24.86210902,118.65362735,24.87613105,4786.00,11347.32,healthcare,福建医科大学附属第二医院东海分院,2637.41,120.7455
home_to_work,O_00098,D_00113,118.67475540,24.86210902,118.65411906,24.87995061,4786.00,12051.56,education,泉州幼儿师范高等专科学校,2869.40,118.6962
home_to_work,O_00098,D_00962,118.67475540,24.86210902,118.62939622,24.85424563,4786.00,17148.53,healthcare,,4663.29,92.8812
home_to_work,O_00098,D_00185,118.67475540,24.86210902,118.67587649,24.87623149,4786.00,5273.13,education,福建省泉州第一中学（东海校区）,1565.20,80.2166
home_to_work,O_00098,D_00204,118.67475540,24.86210902,118.62414069,24.88434542,4786.00,20180.72,education,黎明职业大学,5672.05,78.0917
home_to_work,O_00098,D_00214,118.67475540,24.86210902,118.67446360,24.88483345,4786.00,5716.57,commercial_office,,2512.13,63.4233
home_to_work,O_00098,D_00056,118.67475540,24.86210902,118.67136043,24.87699717,4786.00,4284.56,commercial_office,泉州市人民政府,1681.08,62.7085
home_to_work,O_00098,D_00115,118.67475540,24.86210902,118.68329907,24.88193913,4786.00,4977.88,industry,后渚港,2355.74,58.1833
home_to_work,O_00099,D_00108,118.67390413,24.86207455,118.66633520,24.87291497,4778.00,49778.48,education,泉州师范学院,1421.38,785.3957
home_to_work,O_00099,D_00662,118.67390413,24.86207455,118.67346315,24.87382905,4778.00,41918.35,commercial_office,,1300.10,688.6631
home_to_work,O_00099,D_00114,118.67390413,24.86207455,118.65362735,24.87613105,4778.00,11347.32,healthcare,福建医科大学附属第二医院东海分院,2570.64,122.0581
home_to_work,O_00099,D_00113,118.67390413,24.86207455,118.65411906,24.87995061,4778.00,12051.56,education,泉州幼儿师范高等专科学校,2810.25,119.6824
home_to_work,O_00099,D_00962,118.67390413,24.86207455,118.62939622,24.85424563,4778.00,17148.53,healthcare,,4578.12,94.4688
home_to_work,O_00099,D_00204,118.67390413,24.86207455,118.62414069,24.88434542,4778.00,20180.72,education,黎明职业大学,5596.37,79.1756
home_to_work,O_00099,D_00185,118.67390413,24.86207455,118.67587649,24.87623149,4778.00,5273.13,education,福建省泉州第一中学（东海校区）,1577.54,78.9785
home_to_work,O_00099,D_00214,118.67390413,24.86207455,118.67446360,24.88483345,4778.00,5716.57,commercial_office,,2516.40,62.6125
home_to_work,O_00099,D_00056,118.67390413,24.86207455,118.67136043,24.87699717,4778.00,4284.56,commercial_office,泉州市人民政府,1669.43,62.2362
home_to_work,O_00099,D_00115,118.67390413,24.86207455,118.68329907,24.88193913,4778.00,4977.88,industry,后渚港,2392.07,56.8290
home_to_work,O_00100,D_00108,118.67432735,24.86257395,118.66633520,24.87291497,4866.00,49778.48,education,泉州师范学院,1399.37,797.8491
home_to_work,O_00100,D_00662,118.67432735,24.86257395,118.67346315,24.87382905,4866.00,41918.35,commercial_office,,1247.20,706.8261
home_to_work,O_00100,D_00114,118.67432735,24.86257395,118.65362735,24.87613105,4866.00,11347.32,healthcare,福建医科大学附属第二医院东海分院,2572.27,123.0204
home_to_work,O_00100,D_00113,118.67432735,24.86257395,118.65411906,24.87995061,4866.00,12051.56,education,泉州幼儿师范高等专科学校,2802.68,120.9964
home_to_work,O_00100,D_00962,118.67432735,24.86257395,118.62939622,24.85424563,4866.00,17148.53,healthcare,,4630.75,93.6085
home_to_work,O_00100,D_00185,118.67432735,24.86257395,118.67587649,24.87623149,4866.00,5273.13,education,福建省泉州第一中学（东海校区）,1517.79,81.2465
home_to_work,O_00100,D_00204,118.67432735,24.86257395,118.62414069,24.88434542,4866.00,20180.72,education,黎明职业大学,5610.88,79.4580
home_to_work,O_00100,D_00214,118.67432735,24.86257395,118.67446360,24.88483345,4866.00,5716.57,commercial_office,,2460.60,64.3258
home_to_work,O_00100,D_00056,118.67432735,24.86257395,118.67136043,24.87699717,4866.00,4284.56,commercial_office,泉州市人民政府,1622.26,63.7556
home_to_work,O_00100,D_00115,118.67432735,24.86257395,118.68329907,24.88193913,4866.00,4977.88,industry,后渚港,2324.50,58.6135
home_to_work,O_00101,D_00301,118.59106965,24.91991158,118.57828777,24.94580309,4786.00,27053.76,education,,3139.45,436.7106
home_to_work,O_00101,D_00321,118.59106965,24.91991158,118.57454498,24.91593636,4786.00,12593.06,commercial_office,源和1916创意产业园,1725.19,325.7107
home_to_work,O_00101,D_00300,118.59106965,24.91991158,118.59383305,24.94227651,4786.00,15831.81,healthcare,910医院,2487.91,317.5531
home_to_work,O_00101,D_00149,118.59106965,24.91991158,118.63935618,24.93989925,4786.00,36219.49,education,华侨大学,5351.78,279.6667
home_to_work,O_00101,D_00272,118.59106965,24.91991158,118.58039623,24.92136955,4786.00,5705.79,commercial_office,开元盛世广场,1089.52,182.4057
home_to_work,O_00101,D_00204,118.59106965,24.91991158,118.62414069,24.88434542,4786.00,20180.72,education,黎明职业大学,5158.18,166.2116
home_to_work,O_00101,D_00674,118.59106965,24.91991158,118.59354838,24.91596427,4786.00,4099.66,healthcare,泉州市第一医院,503.00,159.3596
home_to_work,O_00101,D_00108,118.59106965,24.91991158,118.66633520,24.87291497,4786.00,49778.48,education,泉州师范学院,9205.83,106.3676
home_to_work,O_00101,D_00047,118.59106965,24.91991158,118.59175940,24.92535593,4786.00,2622.24,education,泉州市第一中学,605.83,98.4956
home_to_work,O_00101,D_00273,118.59106965,24.91991158,118.58003241,24.91950448,4786.00,2562.40,education,泉州市培元中学,1115.18,81.2186
home_to_work,O_00102,D_00301,118.59097855,24.92018985,118.57828777,24.94580309,4848.00,27053.76,education,,3107.63,445.8232
home_to_work,O_00102,D_00321,118.59097855,24.92018985,118.57454498,24.91593636,4848.00,12593.06,commercial_office,源和1916创意产业园,1724.43,329.0827
home_to_work,O_00102,D_00300,118.59097855,24.92018985,118.59383305,24.94227651,4848.00,15831.81,healthcare,910医院,2458.40,323.9291
home_to_work,O_00102,D_00149,118.59097855,24.92018985,118.63935618,24.93989925,4848.00,36219.49,education,华侨大学,5347.54,282.8891
home_to_work,O_00102,D_00272,118.59097855,24.92018985,118.58039623,24.92136955,4848.00,5705.79,commercial_office,开元盛世广场,1076.27,185.0631
home_to_work,O_00102,D_00204,118.59097855,24.92018985,118.62414069,24.88434542,4848.00,20180.72,education,黎明职业大学,5187.59,166.2517
home_to_work,O_00102,D_00674,118.59097855,24.92018985,118.59354838,24.91596427,4848.00,4099.66,healthcare,泉州市第一医院,534.31,159.2973
home_to_work,O_00102,D_00108,118.59097855,24.92018985,118.66633520,24.87291497,4848.00,49778.48,education,泉州师范学院,9230.79,106.5510
home_to_work,O_00102,D_00047,118.59097855,24.92018985,118.59175940,24.92535593,4848.00,2622.24,education,泉州市第一中学,576.47,100.4685
home_to_work,O_00102,D_00273,118.59097855,24.92018985,118.58003241,24.91950448,4848.00,2562.40,education,泉州市培元中学,1107.67,82.2442
home_to_work,O_00103,D_00301,118.58627655,24.91570355,118.57828777,24.94580309,1181.00,27053.76,education,,3423.54,102.1679
home_to_work,O_00103,D_00321,118.58627655,24.91570355,118.57454498,24.91593636,1181.00,12593.06,commercial_office,源和1916创意产业园,1184.69,100.3056
home_to_work,O_00103,D_00300,118.58627655,24.91570355,118.59383305,24.94227651,1181.00,15831.81,healthcare,910医院,3034.81,68.0601
home_to_work,O_00103,D_00149,118.58627655,24.91570355,118.63935618,24.93989925,1181.00,36219.49,education,华侨大学,5988.77,58.1666
home_to_work,O_00103,D_00272,118.58627655,24.91570355,118.58039623,24.92136955,1181.00,5705.79,commercial_office,开元盛世广场,862.96,50.5923
home_to_work,O_00103,D_00204,118.58627655,24.91570355,118.62414069,24.88434542,1181.00,20180.72,education,黎明职业大学,5160.66,42.7119
home_to_work,O_00103,D_00674,118.58627655,24.91570355,118.59354838,24.91596427,1181.00,4099.66,healthcare,泉州市第一医院,734.72,37.9386
home_to_work,O_00103,D_00108,118.58627655,24.91570355,118.66633520,24.87291497,1181.00,49778.48,education,泉州师范学院,9366.09,25.9332
home_to_work,O_00103,D_00273,118.58627655,24.91570355,118.58003241,24.91950448,1181.00,2562.40,education,泉州市培元中学,757.58,23.5327
home_to_work,O_00103,D_00080,118.58627655,24.91570355,118.58793268,24.91689643,1181.00,2001.54,healthcare,福建医科大学附属第二医院,212.94,22.0411
home_to_work,O_00104,D_00301,118.59099800,24.92003582,118.57828777,24.94580309,4949.00,27053.76,education,,3123.95,453.3087
home_to_work,O_00104,D_00321,118.59099800,24.92003582,118.57454498,24.91593636,4949.00,12593.06,commercial_office,源和1916创意产业园,1721.76,336.7334
home_to_work,O_00104,D_00300,118.59099800,24.92003582,118.59383305,24.94227651,4949.00,15831.81,healthcare,910医院,2475.09,329.3289
home_to_work,O_00104,D_00149,118.59099800,24.92003582,118.63935618,24.93989925,4949.00,36219.49,education,华侨大学,5352.71,288.7104
home_to_work,O_00104,D_00272,118.59099800,24.92003582,118.58039623,24.92136955,4949.00,5705.79,commercial_office,开元盛世广场,1080.41,188.9362
home_to_work,O_00104,D_00204,118.59099800,24.92003582,118.62414069,24.88434542,4949.00,20180.72,education,黎明职业大学,5173.33,170.7754
home_to_work,O_00104,D_00674,118.59099800,24.92003582,118.59354838,24.91596427,4949.00,4099.66,healthcare,泉州市第一医院,518.52,163.7156
home_to_work,O_00104,D_00108,118.59099800,24.92003582,118.66633520,24.87291497,4949.00,49778.48,education,泉州师范学院,9219.55,109.3402
home_to_work,O_00104,D_00047,118.59099800,24.92003582,118.59175940,24.92535593,4949.00,2622.24,education,泉州市第一中学,593.09,102.1456
home_to_work,O_00104,D_00273,118.59099800,24.92003582,118.58003241,24.91950448,4949.00,2562.40,education,泉州市培元中学,1108.60,84.0555
home_to_work,O_00105,D_00301,118.59117990,24.92009093,118.57828777,24.94580309,4861.00,27053.76,education,,3126.00,444.9502
home_to_work,O_00105,D_00321,118.59117990,24.92009093,118.57454498,24.91593636,4861.00,12593.06,commercial_office,源和1916创意产业园,1741.08,328.6269
home_to_work,O_00105,D_00300,118.59117990,24.92009093,118.59383305,24.94227651,4861.00,15831.81,healthcare,910医院,2466.98,324.3529
home_to_work,O_00105,D_00149,118.59117990,24.92009093,118.63935618,24.93989925,4861.00,36219.49,education,华侨大学,5333.47,285.4054
home_to_work,O_00105,D_00272,118.59117990,24.92009093,118.58039623,24.92136955,4861.00,5705.79,commercial_office,开元盛世广场,1097.80,184.5062
home_to_work,O_00105,D_00204,118.59117990,24.92009093,118.62414069,24.88434542,4861.00,20180.72,education,黎明职业大学,5166.12,168.1443
home_to_work,O_00105,D_00674,118.59117990,24.92009093,118.59354838,24.91596427,4861.00,4099.66,healthcare,泉州市第一医院,515.03,160.9933
home_to_work,O_00105,D_00108,118.59117990,24.92009093,118.66633520,24.87291497,4861.00,49778.48,education,泉州师范学院,9207.85,107.8171
home_to_work,O_00105,D_00047,118.59117990,24.92009093,118.59175940,24.92535593,4861.00,2622.24,education,泉州市第一中学,584.93,100.6039
home_to_work,O_00105,D_00273,118.59117990,24.92009093,118.58003241,24.91950448,4861.00,2562.40,education,泉州市培元中学,1127.27,82.0496
