{
  "type": "FeatureCollection",
  "features": [
    {
      "type": "Feature",
      "geometry": {
        "type": "LineString",
        "coordinates": [
          [
            121.5523014,
            31.2047152
          ],
          [
            121.5546908,
            31.2045483
          ],
          [
            121.5570239,
            31.2043854
          ],
          [
            121.56,
            31.204177083269496
          ]
        ]
      },
      "properties": {
        "osm_id": 10595858,
        "part": 0,
        "railway": "monorail",
        "line_name": "磁浮",
        "colour": "#009090",
        "route_ids": "443258"
      }
    },
    {
      "type": "Feature",
      "geometry": {
        "type": "LineString",
        "coordinates": [
          [
            121.4393373,
            31.1601307
          ],
          [
            121.4378879,
            31.1596248
          ],
          [
            121.4372646,
            31.1594073
          ],
          [
            121.4357278,
            31.1588639
          ],
          [
            121.4353825,
            31.1587519
          ],
          [
            121.4350393,
            31.158663
          ],
          [
            121.4346954,
            31.1585927
          ],
          [
            121.4335512,
            31.1583938
          ],
          [
            121.4330425,
            31.1582895
          ],
          [
            121.4325305,
            31.1581568
          ],
          [
            121.4320818,
            31.1580292
          ],
          [
            121.4316499,
            31.1578796
          ],
          [
            121.4312134,
            31.1577139
          ],
          [
            121.428908,
            31.1567267
          ],
          [
            121.4283313,
            31.1564742
          ],
          [
            121.4278445,
            31.1562148
          ],
          [
            121.4275092,
            31.1560047
          ],
          [
            121.4271041,
            31.1557546
          ],
          [
            121.4259857,
            31.1549627
          ],
          [
            121.4244313,
            31.1538758
          ],
          [
            121.4227442,
            31.1526753
          ]
        ]
      },
      "properties": {
        "osm_id": 39067559,
        "part": 0,
        "railway": "subway",
        "line_name": "3",
        "colour": "#FFD100",
        "route_ids": "196738"
      }
    },
    {
      "type": "Feature",
      "geometry": {
        "type": "LineString",
        "coordinates": [
          [
            121.444927,
            31.2548311
          ],
          [
            121.4514715,
            31.2522877
          ],
          [
            121.4539952,
            31.2512955
          ],
          [
            121.4544812,
            31.2511045
          ],
          [
            121.4548717,
            31.250959
          ],
          [
            121.4551144,
            31.2508716
          ],
          [
            121.4569447,
            31.2501784
          ],
          [
            121.4573734,
            31.2500028
          ],
          [
            121.4577443,
            31.2498515
          ],
          [
            121.4590777,
            31.2493264
          ],
          [
            121.4595003,
            31.2491686
          ],
          [
            121.4610743,
            31.2486505
          ],
          [
            121.4613665,
            31.2485732
          ]
        ]
      },
      "properties": {
        "osm_id": 47097098,
        "part": 0,
        "railway": "subway",
        "line_name": "3 / 4",
        "colour": "#5F259F",
        "route_ids": "196854,6817178"
      }
    },
    {
      "type": "Feature",
      "geometry": {
        "type": "LineString",
        "coordinates": [
          [
            121.4175856,
            31.1955578
          ],
          [
            121.4187603,
            31.1938648
          ]
        ]
      },
      "properties": {
        "osm_id": 49026392,
        "part": 0,
        "railway": "subway",
        "line_name": "4",
        "colour": "#5F259F",
        "route_ids": "7448423"
      }
    },
    {
      "type": "Feature",
      "geometry": {
        "type": "LineString",
        "coordinates": [
          [
            121.4177299,
            31.1956227
          ],
          [
            121.4175937,
            31.1958181
          ],
          [
            121.4174699,
            31.1960279
          ],
          [
            121.4173329,
            31.1962856
          ],
          [
            121.4171968,
            31.1965695
          ],
          [
            121.417102,
            31.1968207
          ]
        ]
      },
      "properties": {
        "osm_id": 49026394,
        "part": 0,
        "railway": "subway",
        "line_name": "4",
        "colour": "#5F259F",
        "route_ids": "196854"
      }
    },
    {
      "type": "Feature",
      "geometry": {
        "type": "LineString",
        "coordinates": [
          [
            121.4189526,
            31.1938535
          ],
          [
            121.4177299,
            31.1956227
          ]
        ]
      },
      "properties": {
        "osm_id": 49026395,
        "part": 0,
        "railway": "subway",
        "line_name": "4",
        "colour": "#5F259F",
        "route_ids": "196854"
      }
    },
    {
      "type": "Feature",
      "geometry": {
        "type": "LineString",
        "coordinates": [
          [
            121.4813694,
            31.2590143
          ],
          [
            121.4824549,
            31.2598166
          ],
          [
            121.4826451,
            31.2599458
          ],
          [
            121.48272825053111,
            31.26
          ]
        ]
      },
      "properties": {
        "osm_id": 49026397,
        "part": 0,
        "railway": "subway",
        "line_name": "4",
        "colour": "#5F259F",
        "route_ids": "196854"
      }
    },
    {
      "type": "Feature",
      "geometry": {
        "type": "LineString",
        "coordinates": [
          [
            121.50847374730031,
            31.26
          ],
          [
            121.5089369,
            31.2594708
          ],
          [
            121.5092488,
            31.2591144
          ],
          [
            121.5099521,
            31.2582549
          ],
          [
            121.5105295,
            31.2574437
          ],
          [
            121.5114293,
            31.2560337
          ],
          [
            121.5121877,
            31.2546987
          ],
          [
            121.5127562,
            31.2536209
          ],
          [
            121.5134913,
            31.2522065
          ],
          [
            121.5136437,
            31.2518202
          ],
          [
            121.513804,
            31.2509965
          ],
          [
            121.5139678,
            31.2500778
          ],
          [
            121.5140097,
            31.2498428
          ],
          [
            121.5147563,
            31.244911
          ],
          [
            121.5148166,
            31.2440361
          ],
          [
            121.5148161,
            31.2435536
          ],
          [
            121.5148421,
            31.2429334
          ],
          [
            121.5149163,
            31.2424468
          ],
          [
            121.5149954,
            31.2419774
          ],
          [
            121.5150662,
            31.2416923
          ],
          [
            121.515129,
            31.2414732
          ],
          [
            121.515331,
            31.2409719
          ],
          [
            121.5156367,
            31.2403854
          ],
          [
            121.5163302,
            31.2393557
          ],
          [
            121.5168521,
            31.2385715
          ],
          [
            121.5174193,
            31.2376118
          ],
          [
            121.5187216,
            31.2350653
          ],
          [
            121.5191377,
            31.2342846
          ],
          [
            121.5197454,
            31.2333206
          ],
          [
            121.5201032,
            31.2328657
          ],
          [
            121.5207388,
            31.2322779
          ],
          [
            121.521521,
            31.231735
          ],
          [
            121.5227543,
            31.2309778
          ],
          [
            121.5231521,
            31.2307664
          ],
          [
            121.5235405,
            31.2305423
          ],
          [
            121.5249589,
            31.2297237
          ],
          [
            121.5252984,
            31.2294875
          ],
          [
            121.5254851,
            31.2293274
          ],
          [
            121.5258122,
            31.2289159
          ],
          [
            121.5260382,
            31.2285536
          ],
          [
            121.5262548,
            31.228147
          ],
          [
            121.5264764,
            31.2276459
          ],
          [
            121.5272489,
            31.2259211
          ],
          [
            121.527867,
            31.2243582
          ],
          [
            121.5280567,
            31.2236301
          ],
          [
            121.5280364,
            31.2231379
          ],
          [
            121.5279355,
            31.222765
          ],
          [
            121.5269914,
            31.2201226
          ],
          [
            121.5248456,
            31.2158652
          ],
          [
            121.5238557,
            31.2139796
          ],
          [
            121.5225797,
            31.211549
          ],
          [
            121.5218244,
            31.2106901
          ],
          [
            121.5210519,
            31.2101395
          ],
          [
            121.5204435,
            31.2100471
          ],
          [
            121.5194211,
            31.2100514
          ],
          [
            121.5172754,
            31.2104919
          ],
          [
            121.5167488,
            31.2107201
          ],
          [
            121.5162963,
            31.2109376
          ],
          [
            121.5143251,
            31.2119596
          ],
          [
            121.513501,
            31.2123712
          ],
          [
            121.5131646,
            31.2125025
          ],
          [
            121.5127454,
            31.2126485
          ],
          [
            121.5120822,
            31.2128452
          ],
          [
            121.5102595,
            31.2134035
          ],
          [
            121.5095585,
            31.2136727
          ],
          [
            121.5089006,
            31.2139882
          ],
          [
            121.5059963,
            31.2153687
          ],
          [
            121.5052554,
            31.2156701
          ],
          [
            121.5045597,
            31.2158478
          ],
          [
            121.5039791,
            31.2158709
          ],
          [
            121.5033406,
            31.2157648
          ],
          [
            121.5028641,
            31.2156043
          ],
          [
            121.5024282,
            31.2154042
          ],
          [
            121.5020622,
            31.2151795
          ],
          [
            121.5001559,
            31.2135874
          ],
          [
            121.4995031,
            31.2130312
          ],
          [
            121.498979,
            31.2126216
          ],
          [
            121.4984369,
            31.2122703
          ],
          [
            121.4977349,
            31.2119086
          ],
          [
            121.4966987,
            31.2113645
          ],
          [
            121.4950777,
            31.2104442
          ],
          [
            121.4942236,
            31.2099776
          ],
          [
            121.4930693,
            31.2092036
          ],
          [
            121.4878793,
            31.205454
          ],
          [
            121.4856477,
            31.2038536
          ],
          [
            121.4851453,
            31.2036532
          ],
          [
            121.484599,
            31.2035085
          ],
          [
            121.4829641,
            31.2030754
          ],
          [
            121.4819355,
            31.2030584
          ],
          [
            121.4803005,
            31.2030314
          ],
          [
            121.4780689,
            31.2026937
          ],
          [
            121.4732452,
            31.2016879
          ],
          [
            121.4706402,
            31.2011258
          ],
          [
            121.4684816,
            31.2006601
          ],
          [
            121.4645934,
            31.199412
          ],
          [
            121.4625778,
            31.198203
          ],
          [
            121.4610744,
            31.1972829
          ],
          [
            121.459233,
            31.1961262
          ],
          [
            121.4590756,
            31.1960515
          ],
          [
            121.4556671,
            31.1946765
          ],
          [
            121.450173,
            31.1926031
          ],
          [
            121.4470794,
            31.1913782
          ],
          [
            121.4437405,
            31.1900562
          ],
          [
            121.4425079,
            31.1896439
          ],
          [
            121.4406982,
            31.1887292
          ],
          [
            121.4391017,
            31.1874075
          ],
          [
            121.4385702,
            31.1869679
          ],
          [
            121.4376655,
            31.1865442
          ],
          [
            121.4374587,
            31.18641
          ],
          [
            121.4370031,
            31.186112
          ],
          [
            121.4367802,
            31.1859756
          ],
          [
            121.4365573,
            31.1858671
          ],
          [
            121.4361509,
            31.1857087
          ],
          [
            121.4354657,
            31.1854913
          ],
          [
            121.4346103,
            31.1852183
          ],
          [
            121.4338065,
            31.1849942
          ],
          [
            121.4333386,
            31.1848626
          ],
          [
            121.4328872,
            31.1847674
          ]
        ]
      },
      "properties": {
        "osm_id": 49026397,
        "part": 1,
        "railway": "subway",
        "line_name": "4",
        "colour": "#5F259F",
        "route_ids": "196854"
      }
    },
    {
      "type": "Feature",
      "geometry": {
        "type": "LineString",
        "coordinates": [
          [
            121.4163931,
            31.1986555
          ],
          [
            121.4165423,
            31.1980307
          ],
          [
            121.416938,
            31.1967795
          ]
        ]
      },
      "properties": {
        "osm_id": 49026398,
        "part": 0,
        "railway": "subway",
        "line_name": "4",
        "colour": "#5F259F",
        "route_ids": "7448423"
      }
    },
    {
      "type": "Feature",
      "geometry": {
        "type": "LineString",
        "coordinates": [
          [
            121.4613763,
            31.2485979
          ],
          [
            121.461083,
            31.2486798
          ],
          [
            121.4607719,
            31.2487827
          ],
          [
            121.4601539,
            31.2489871
          ],
          [
            121.4595145,
            31.2491986
          ],
          [
            121.4590892,
            31.249353
          ],
          [
            121.4577625,
            31.2498765
          ],
          [
            121.4573886,
            31.2500273
          ],
          [
            121.4569553,
            31.2502
          ],
          [
            121.4558552,
            31.250618
          ],
          [
            121.4555045,
            31.2507755
          ],
          [
            121.4552531,
            31.2509011
          ],
          [
            121.4550101,
            31.2510158
          ],
          [
            121.4547312,
            31.2511387
          ],
          [
            121.4544885,
            31.2512427
          ],
          [
            121.4523857,
            31.2520583
          ],
          [
            121.4522823,
            31.252096
          ],
          [
            121.4520508,
            31.2521721
          ],
          [
            121.4517605,
            31.2522676
          ],
          [
            121.4513698,
            31.2524019
          ],
          [
            121.4474882,
            31.2539174
          ],
          [
            121.4471223,
            31.2540576
          ],
          [
            121.4461487,
            31.2544087
          ],
          [
            121.4458287,
            31.2545286
          ],
          [
            121.4449471,
            31.2548724
          ]
        ]
      },
      "properties": {
        "osm_id": 49026399,
        "part": 0,
        "railway": "subway",
        "line_name": "3 / 4",
        "colour": "#FFD100",
        "route_ids": "196738,7448423"
      }
    },
    {
      "type": "Feature",
      "geometry": {
        "type": "LineString",
        "coordinates": [
          [
            121.4163931,
            31.1986555
          ],
          [
            121.417003,
            31.1967957
          ],
          [
            121.4171034,
            31.1965368
          ],
          [
            121.4172326,
            31.1962479
          ],
          [
            121.4173785,
            31.1959901
          ],
          [
            121.4175165,
            31.1957754
          ],
          [
            121.4176508,
            31.1955921
          ],
          [
            121.4213741,
            31.1901389
          ],
          [
            121.4215416,
            31.1899106
          ],
          [
            121.4220309,
            31.1892492
          ],
          [
            121.422037,
            31.189241
          ],
          [
            121.4229946,
            31.1879465
          ],
          [
            121.4232799,
            31.1875608
          ],
          [
            121.4234872,
            31.1872848
          ],
          [
            121.4237612,
            31.1869574
          ],
          [
            121.4239254,
            31.1867651
          ],
          [
            121.4241209,
            31.1865539
          ],
          [
            121.4243307,
            31.1863498
          ],
          [
            121.4245119,
            31.1861772
          ],
          [
            121.4290273,
            31.1820684
          ],
          [
            121.4294283,
            31.1817113
          ],
          [
            121.4297349,
            31.1814363
          ],
          [
            121.4300424,
            31.1811963
          ],
          [
            121.4304163,
            31.1809183
          ],
          [
            121.4323351,
            31.1795716
          ],
          [
            121.4325732,
            31.1794001
          ],
          [
            121.4328227,
            31.1792316
          ],
          [
            121.4344163,
            31.1781746
          ],
          [
            121.4364604,
            31.1768189
          ],
          [
            121.4366937,
            31.1766493
          ],
          [
            121.436934,
            31.1764675
          ],
          [
            121.4371157,
            31.1763162
          ],
          [
            121.4373782,
            31.176083
          ],
          [
            121.4375704,
            31.1758877
          ],
          [
            121.4377652,
            31.1756752
          ],
          [
            121.437919,
            31.1754969
          ],
          [
            121.4380957,
            31.175273
          ],
          [
            121.438277,
            31.1750111
          ],
          [
            121.4384283,
            31.1747759
          ],
          [
            121.4385681,
            31.1745437
          ],
          [
            121.4386961,
            31.174297
          ],
          [
            121.4391592,
            31.1732971
          ],
          [
            121.4392633,
            31.1730448
          ],
          [
            121.4393551,
            31.1727837
          ],
          [
            121.4399564,
            31.1707099
          ],
          [
            121.440203,
            31.169945
          ],
          [
            121.4402821,
            31.1696862
          ],
          [
            121.4403412,
            31.169422
          ],
          [
            121.4403954,
            31.1691532
          ],
          [
            121.4405,
            31.1685428
          ],
          [
            121.4405785,
            31.168085
          ],
          [
            121.4406164,
            31.1678638
          ],
          [
            121.4406732,
            31.1675978
          ],
          [
            121.4407331,
            31.1673795
          ],
          [
            121.4407988,
            31.1671608
          ],
          [
            121.4408856,
            31.166931
          ],
          [
            121.4410258,
            31.1666416
          ],
          [
            121.4414343,
            31.1658927
          ],
          [
            121.4418292,
            31.1651688
          ],
          [
            121.441949,
            31.1649256
          ],
          [
            121.4420397,
            31.1647007
          ],
          [
            121.4421051,
            31.1644629
          ],
          [
            121.4421523,
            31.1642719
          ],
          [
            121.4422006,
            31.1639852
          ],
          [
            121.442225,
            31.1637404
          ],
          [
            121.4422301,
            31.1634649
          ],
          [
            121.4422201,
            31.1631712
          ],
          [
            121.4421881,
            31.1629289
          ],
          [
            121.4421132,
            31.1626246
          ],
          [
            121.4420112,
            31.1623679
          ],
          [
            121.441878,
            31.1620968
          ],
          [
            121.4417334,
            31.1618663
          ],
          [
            121.4415879,
            31.1616392
          ],
          [
            121.4414038,
            31.1614171
          ],
          [
            121.441203,
            31.1612092
          ],
          [
            121.4409838,
            31.1610063
          ],
          [
            121.44075,
            31.1608187
          ],
          [
            121.4405026,
            31.1606556
          ],
          [
            121.440249,
            31.1605135
          ],
          [
            121.4399783,
            31.1603787
          ],
          [
            121.4396863,
            31.1602608
          ],
          [
            121.4393373,
            31.1601307
          ]
        ]
      },
      "properties": {
        "osm_id": 49026481,
        "part": 0,
        "railway": "subway",
        "line_name": "3",
        "colour": "#FFD100",
        "route_ids": "196738"
      }
    },
    {
      "type": "Feature",
      "geometry": {
        "type": "LineString",
        "coordinates": [
          [
            121.4811235,
            31.2588822
          ],
          [
            121.4789892,
            31.2573018
          ],
          [
            121.4786611,
            31.2570595
          ],
          [
            121.478465,
            31.256932
          ],
          [
            121.478287,
            31.2568343
          ],
          [
            121.4780272,
            31.2567027
          ],
          [
            121.4777981,
            31.256598
          ],
          [
            121.4776104,
            31.2565285
          ],
          [
            121.4775414,
            31.256503
          ],
          [
            121.4772594,
            31.2564219
          ],
          [
            121.4769626,
            31.256341
          ]
        ]
      },
      "properties": {
        "osm_id": 49026994,
        "part": 0,
        "railway": "subway",
        "line_name": "4",
        "colour": "#5F259F",
        "route_ids": "7448423"
      }
    },
    {
      "type": "Feature",
      "geometry": {
        "type": "LineString",
        "coordinates": [
          [
            121.4732731,
            31.2542279
          ],
          [
            121.4740709,
            31.2545749
          ],
          [
            121.4743373,
            31.2547004
          ],
          [
            121.4745745,
            31.2548246
          ],
          [
            121.4752458,
            31.2551988
          ],
          [
            121.4755198,
            31.2553439
          ],
          [
            121.4759002,
            31.2555394
          ],
          [
            121.4762655,
            31.2557183
          ],
          [
            121.4771832,
            31.2561593
          ],
          [
            121.4775403,
            31.2563399
          ],
          [
            121.4778831,
            31.2565317
          ],
          [
            121.4781462,
            31.256688
          ],
          [
            121.4783281,
            31.256799
          ],
          [
            121.4784992,
            31.2569047
          ],
          [
            121.4786913,
            31.257039
          ],
          [
            121.4811502,
            31.2588596
          ]
        ]
      },
      "properties": {
        "osm_id": 49026995,
        "part": 0,
        "railway": "subway",
        "line_name": "4",
        "colour": "#5F259F",
        "route_ids": "196854"
      }
    },
    {
      "type": "Feature",
      "geometry": {
        "type": "LineString",
        "coordinates": [
          [
            121.4613665,
            31.2485732
          ],
          [
            121.4616816,
            31.2485205
          ],
          [
            121.4619986,
            31.2484866
          ],
          [
            121.4623092,
            31.248467
          ],
          [
            121.4626273,
            31.2484646
          ],
          [
            121.4629407,
            31.2484848
          ],
          [
            121.4632555,
            31.2485201
          ],
          [
            121.4635644,
            31.2485626
          ],
          [
            121.463884,
            31.2486332
          ],
          [
            121.4641693,
            31.2487167
          ],
          [
            121.4644639,
            31.2488208
          ],
          [
            121.464741,
            31.2489385
          ],
          [
            121.4650192,
            31.249074
          ],
          [
            121.4657777,
            31.2494542
          ],
          [
            121.4662423,
            31.249687
          ],
          [
            121.4665007,
            31.2498378
          ],
          [
            121.466743,
            31.2499993
          ],
          [
            121.4669727,
            31.2501719
          ],
          [
            121.4671924,
            31.2503677
          ],
          [
            121.467819,
            31.2509664
          ],
          [
            121.4680349,
            31.2511614
          ],
          [
            121.468264,
            31.251354
          ],
          [
            121.4684937,
            31.2515208
          ],
          [
            121.468681,
            31.2516407
          ],
          [
            121.4688883,
            31.2517614
          ],
          [
            121.4724778,
            31.2537805
          ],
          [
            121.4732731,
            31.2542279
          ]
        ]
      },
      "properties": {
        "osm_id": 49027840,
        "part": 0,
        "railway": "subway",
        "line_name": "3 / 4",
        "colour": "#5F259F",
        "route_ids": "196854,6817178"
      }
    },
    {
      "type": "Feature",
      "geometry": {
        "type": "LineString",
        "coordinates": [
          [
            121.5589144,
            31.2051059
          ],
          [
            121.5596683,
            31.2050991
          ],
          [
            121.5599703,
            31.205123
          ],
          [
            121.56,
            31.20513036703336
          ]
        ]
      },
      "properties": {
        "osm_id": 71896268,
        "part": 0,
        "railway": "subway",
        "line_name": "",
        "colour": "#0f766e",
        "route_ids": ""
      }
    },
    {
      "type": "Feature",
      "geometry": {
        "type": "LineString",
        "coordinates": [
          [
            121.5589112,
            31.2050618
          ],
          [
            121.5596691,
            31.2050549
          ],
          [
            121.5599826,
            31.2050848
          ],
          [
            121.56,
            31.205089646741406
          ]
        ]
      },
      "properties": {
        "osm_id": 71896283,
        "part": 0,
        "railway": "subway",
        "line_name": "",
        "colour": "#0f766e",
        "route_ids": ""
      }
    },
    {
      "type": "Feature",
      "geometry": {
        "type": "LineString",
        "coordinates": [
          [
            121.5588862,
            31.205012
          ],
          [
            121.5596699,
            31.2050106
          ],
          [
            121.5599951,
            31.205046
          ],
          [
            121.56,
            31.205047428662198
          ]
        ]
      },
      "properties": {
        "osm_id": 71896292,
        "part": 0,
        "railway": "subway",
        "line_name": "",
        "colour": "#0f766e",
        "route_ids": ""
      }
    },
    {
      "type": "Feature",
      "geometry": {
        "type": "LineString",
        "coordinates": [
          [
            121.5583177,
            31.2052895
          ],
          [
            121.5591561,
            31.2052714
          ],
          [
            121.5595332,
            31.2052739
          ],
          [
            121.5599053,
            31.2053158
          ],
          [
            121.56,
            31.205333586950587
          ]
        ]
      },
      "properties": {
        "osm_id": 71896300,
        "part": 0,
        "railway": "subway",
        "line_name": "",
        "colour": "#0f766e",
        "route_ids": ""
      }
    },
    {
      "type": "Feature",
      "geometry": {
        "type": "LineString",
        "coordinates": [
          [
            121.5584327,
            31.2051567
          ],
          [
            121.5593514,
            31.2051443
          ],
          [
            121.559738,
            31.2051656
          ],
          [
            121.56,
            31.205202735588482
          ]
        ]
      },
      "properties": {
        "osm_id": 71896310,
        "part": 0,
        "railway": "subway",
        "line_name": "",
        "colour": "#0f766e",
        "route_ids": ""
      }
    },
    {
      "type": "Feature",
      "geometry": {
        "type": "LineString",
        "coordinates": [
          [
            121.4299375,
            31.1564681
          ],
          [
            121.4330196,
            31.1576089
          ],
          [
            121.4330935,
            31.1576433
          ],
          [
            121.4331054,
            31.1576489
          ],
          [
            121.4333468,
            31.1577432
          ],
          [
            121.4337314,
            31.1578818
          ]
        ]
      },
      "properties": {
        "osm_id": 71899937,
        "part": 0,
        "railway": "subway",
        "line_name": "",
        "colour": "#0f766e",
        "route_ids": ""
      }
    },
    {
      "type": "Feature",
      "geometry": {
        "type": "LineString",
        "coordinates": [
          [
            121.4299854,
            31.1563742
          ],
          [
            121.4330658,
            31.1575183
          ],
          [
            121.4331424,
            31.1575549
          ],
          [
            121.4331518,
            31.1575594
          ],
          [
            121.43339,
            31.1576452
          ],
          [
            121.4336125,
            31.1577613
          ],
          [
            121.4337133,
            31.1578256
          ]
        ]
      },
      "properties": {
        "osm_id": 71899939,
        "part": 0,
        "railway": "subway",
        "line_name": "",
        "colour": "#0f766e",
        "route_ids": ""
      }
    },
    {
      "type": "Feature",
      "geometry": {
        "type": "LineString",
        "coordinates": [
          [
            121.4296299,
            31.1565255
          ],
          [
            121.4329505,
            31.1577445
          ],
          [
            121.4330211,
            31.1577742
          ],
          [
            121.4330409,
            31.1577825
          ],
          [
            121.4332958,
            31.1578772
          ],
          [
            121.4336616,
            31.1579782
          ],
          [
            121.4339701,
            31.1580926
          ],
          [
            121.4342512,
            31.1581672
          ],
          [
            121.434729,
            31.1583423
          ],
          [
            121.4348884,
            31.158403
          ],
          [
            121.4353408,
            31.1585753
          ],
          [
            121.4360538,
            31.1588678
          ],
          [
            121.4365018,
            31.1590791
          ]
        ]
      },
      "properties": {
        "osm_id": 71899942,
        "part": 0,
        "railway": "subway",
        "line_name": "",
        "colour": "#0f766e",
        "route_ids": ""
      }
    },
    {
      "type": "Feature",
      "geometry": {
        "type": "LineString",
        "coordinates": [
          [
            121.4372646,
            31.1594073
          ],
          [
            121.4365444,
            31.1591593
          ],
          [
            121.4356745,
            31.1589483
          ],
          [
            121.4354119,
            31.1588697
          ],
          [
            121.4350908,
            31.1587777
          ],
          [
            121.4348177,
            31.1587118
          ],
          [
            121.4343973,
            31.1586397
          ],
          [
            121.4343245,
            31.1586344
          ],
          [
            121.433629,
            31.1586517
          ],
          [
            121.4333796,
            31.158633
          ],
          [
            121.4330216,
            31.1586096
          ],
          [
            121.4326164,
            31.1585284
          ],
          [
            121.4315877,
            31.1582808
          ]
        ]
      },
      "properties": {
        "osm_id": 71899945,
        "part": 0,
        "railway": "subway",
        "line_name": "",
        "colour": "#0f766e",
        "route_ids": ""
      }
    },
    {
      "type": "Feature",
      "geometry": {
        "type": "LineString",
        "coordinates": [
          [
            121.4299139,
            31.1565145
          ],
          [
            121.4329974,
            31.1576524
          ],
          [
            121.4330731,
            31.1576801
          ],
          [
            121.4330858,
            31.1576848
          ],
          [
            121.4333121,
            31.1577695
          ],
          [
            121.4337314,
            31.1578818
          ],
          [
            121.4339997,
            31.1579878
          ],
          [
            121.4342356,
            31.1581068
          ],
          [
            121.4346102,
            31.1582504
          ]
        ]
      },
      "properties": {
        "osm_id": 71899947,
        "part": 0,
        "railway": "subway",
        "line_name": "",
        "colour": "#0f766e",
        "route_ids": ""
      }
    },
    {
      "type": "Feature",
      "geometry": {
        "type": "LineString",
        "coordinates": [
          [
            121.4292006,
            31.1565372
          ],
          [
            121.4295532,
            31.156676
          ],
          [
            121.4328638,
            31.1579147
          ],
          [
            121.4329197,
            31.1579574
          ],
          [
            121.4329452,
            31.1579768
          ],
          [
            121.4331543,
            31.1580251
          ],
          [
            121.4334743,
            31.1581126
          ],
          [
            121.4339355,
            31.1581778
          ],
          [
            121.4343508,
            31.1582383
          ]
        ]
      },
      "properties": {
        "osm_id": 71899949,
        "part": 0,
        "railway": "subway",
        "line_name": "",
        "colour": "#0f766e",
        "route_ids": ""
      }
    },
    {
      "type": "Feature",
      "geometry": {
        "type": "LineString",
        "coordinates": [
          [
            121.429609,
            31.1565665
          ],
          [
            121.4329288,
            31.157787
          ],
          [
            121.4329971,
            31.1578175
          ],
          [
            121.4330189,
            31.1578272
          ],
          [
            121.4332215,
            31.1579
          ],
          [
            121.4336365,
            31.1580695
          ]
        ]
      },
      "properties": {
        "osm_id": 71899951,
        "part": 0,
        "railway": "subway",
        "line_name": "",
        "colour": "#0f766e",
        "route_ids": ""
      }
    },
    {
      "type": "Feature",
      "geometry": {
        "type": "LineString",
        "coordinates": [
          [
            121.4295188,
            31.1559828
          ],
          [
            121.4296076,
            31.1560186
          ],
          [
            121.4316545,
            31.1567837
          ],
          [
            121.4317272,
            31.1567903
          ],
          [
            121.431863,
            31.1568691
          ],
          [
            121.4323357,
            31.1571213
          ],
          [
            121.4327618,
            31.157277
          ]
        ]
      },
      "properties": {
        "osm_id": 71899953,
        "part": 0,
        "railway": "subway",
        "line_name": "",
        "colour": "#0f766e",
        "route_ids": ""
      }
    },
    {
      "type": "Feature",
      "geometry": {
        "type": "LineString",
        "coordinates": [
          [
            121.4295793,
            31.1560742
          ],
          [
            121.4316252,
            31.1568413
          ],
          [
            121.4316865,
            31.1568568
          ],
          [
            121.4321031,
            31.1570251
          ],
          [
            121.4323357,
            31.1571213
          ]
        ]
      },
      "properties": {
        "osm_id": 71899954,
        "part": 0,
        "railway": "subway",
        "line_name": "",
        "colour": "#0f766e",
        "route_ids": ""
      }
    },
    {
      "type": "Feature",
      "geometry": {
        "type": "LineString",
        "coordinates": [
          [
            121.4295904,
            31.156603
          ],
          [
            121.4329064,
            31.157831
          ],
          [
            121.4329739,
            31.1578594
          ],
          [
            121.4329988,
            31.1578698
          ],
          [
            121.4332275,
            31.1579538
          ],
          [
            121.4336365,
            31.1580695
          ],
          [
            121.4339912,
            31.1581547
          ],
          [
            121.4343508,
            31.1582383
          ],
          [
            121.434729,
            31.1583423
          ]
        ]
      },
      "properties": {
        "osm_id": 71899966,
        "part": 0,
        "railway": "subway",
        "line_name": "",
        "colour": "#0f766e",
        "route_ids": ""
      }
    },
    {
      "type": "Feature",
      "geometry": {
        "type": "LineString",
        "coordinates": [
          [
            121.4327618,
            31.157277
          ],
          [
            121.432995,
            31.1573789
          ],
          [
            121.4331938,
            31.1574619
          ],
          [
            121.4333853,
            31.1575483
          ],
          [
            121.4335313,
            31.1576436
          ],
          [
            121.4337175,
            31.1577806
          ],
          [
            121.4340071,
            31.1579296
          ]
        ]
      },
      "properties": {
        "osm_id": 71899969,
        "part": 0,
        "railway": "subway",
        "line_name": "",
        "colour": "#0f766e",
        "route_ids": ""
      }
    },
    {
      "type": "Feature",
      "geometry": {
        "type": "LineString",
        "coordinates": [
          [
            121.4299593,
            31.1564253
          ],
          [
            121.4330426,
            31.1575638
          ],
          [
            121.4331188,
            31.1575975
          ],
          [
            121.4331291,
            31.157602
          ],
          [
            121.4333212,
            31.1576713
          ],
          [
            121.4335818,
            31.1577808
          ],
          [
            121.4337133,
            31.1578256
          ]
        ]
      },
      "properties": {
        "osm_id": 71899970,
        "part": 0,
        "railway": "subway",
        "line_name": "",
        "colour": "#0f766e",
        "route_ids": ""
      }
    },
    {
      "type": "Feature",
      "geometry": {
        "type": "LineString",
        "coordinates": [
          [
            121.4298944,
            31.1565526
          ],
          [
            121.4329774,
            31.1576917
          ],
          [
            121.4330432,
            31.1577343
          ],
          [
            121.4330661,
            31.1577491
          ],
          [
            121.4332207,
            31.1577826
          ],
          [
            121.4336616,
            31.1579782
          ]
        ]
      },
      "properties": {
        "osm_id": 71899973,
        "part": 0,
        "railway": "subway",
        "line_name": "",
        "colour": "#0f766e",
        "route_ids": ""
      }
    },
    {
      "type": "Feature",
      "geometry": {
        "type": "LineString",
        "coordinates": [
          [
            121.4373058,
            31.1595233
          ],
          [
            121.4356745,
            31.1589483
          ]
        ]
      },
      "properties": {
        "osm_id": 71899976,
        "part": 0,
        "railway": "subway",
        "line_name": "",
        "colour": "#0f766e",
        "route_ids": ""
      }
    },
    {
      "type": "Feature",
      "geometry": {
        "type": "LineString",
        "coordinates": [
          [
            121.4374765,
            31.1593157
          ],
          [
            121.4366139,
            31.1590046
          ],
          [
            121.4354997,
            31.1585876
          ],
          [
            121.4353634,
            31.1585359
          ],
          [
            121.434903,
            31.1583617
          ],
          [
            121.4346102,
            31.1582504
          ],
          [
            121.4342935,
            31.1580768
          ],
          [
            121.4339862,
            31.1578581
          ],
          [
            121.4333368,
            31.1573942
          ],
          [
            121.4331451,
            31.1572595
          ],
          [
            121.4330329,
            31.1571909
          ],
          [
            121.4323603,
            31.1568807
          ],
          [
            121.4318781,
            31.1566153
          ]
        ]
      },
      "properties": {
        "osm_id": 71899981,
        "part": 0,
        "railway": "subway",
        "line_name": "",
        "colour": "#0f766e",
        "route_ids": ""
      }
    },
    {
      "type": "Feature",
      "geometry": {
        "type": "LineString",
        "coordinates": [
          [
            121.4295718,
            31.1566395
          ],
          [
            121.4328851,
            31.1578728
          ],
          [
            121.4329537,
            31.1578959
          ],
          [
            121.4329821,
            31.1579055
          ],
          [
            121.4331803,
            31.1579815
          ],
          [
            121.4335004,
            31.1580832
          ],
          [
            121.4339912,
            31.1581547
          ]
        ]
      },
      "properties": {
        "osm_id": 71899983,
        "part": 0,
        "railway": "subway",
        "line_name": "",
        "colour": "#0f766e",
        "route_ids": ""
      }
    },
    {
      "type": "Feature",
      "geometry": {
        "type": "LineString",
        "coordinates": [
          [
            121.4354119,
            31.1588697
          ],
          [
            121.4350139,
            31.158819
          ],
          [
            121.4347475,
            31.1588014
          ],
          [
            121.4343905,
            31.1587888
          ],
          [
            121.4328176,
            31.1588158
          ],
          [
            121.4325977,
            31.1588083
          ],
          [
            121.4323784,
            31.1587838
          ],
          [
            121.4321379,
            31.1587475
          ],
          [
            121.4319053,
            31.1586865
          ],
          [
            121.4316271,
            31.1585864
          ],
          [
            121.4313702,
            31.1584545
          ],
          [
            121.4306214,
            31.1580312
          ]
        ]
      },
      "properties": {
        "osm_id": 71899985,
        "part": 0,
        "railway": "subway",
        "line_name": "",
        "colour": "#0f766e",
        "route_ids": ""
      }
    },
    {
      "type": "Feature",
      "geometry": {
        "type": "LineString",
        "coordinates": [
          [
            121.477761,
            31.1549079
          ],
          [
            121.4780697,
            31.1548109
          ],
          [
            121.4783915,
            31.1546971
          ],
          [
            121.479059,
            31.1544296
          ],
          [
            121.4794552,
            31.1542471
          ],
          [
            121.4800128,
            31.1539598
          ],
          [
            121.4811801,
            31.1532862
          ],
          [
            121.4838975,
            31.1516615
          ],
          [
            121.4844911,
            31.1512985
          ],
          [
            121.4850412,
            31.15104
          ],
          [
            121.4855792,
            31.1508514
          ],
          [
            121.4861209,
            31.1507223
          ],
          [
            121.4866647,
            31.1506515
          ],
          [
            121.4872642,
            31.1506224
          ],
          [
            121.489522,
            31.1506987
          ],
          [
            121.4901552,
            31.1507201
          ],
          [
            121.4908101,
            31.1507549
          ],
          [
            121.4913013,
            31.1507804
          ],
          [
            121.4919654,
            31.1507612
          ],
          [
            121.4930962,
            31.150742
          ],
          [
            121.4940564,
            31.1507112
          ],
          [
            121.4950388,
            31.1507259
          ],
          [
            121.4993106,
            31.1510099
          ],
          [
            121.5019956,
            31.1511766
          ],
          [
            121.5055275,
            31.1513791
          ],
          [
            121.5073352,
            31.1515292
          ],
          [
            121.5089865,
            31.1517632
          ],
          [
            121.51032,
            31.151974
          ],
          [
            121.5110552,
            31.1521296
          ],
          [
            121.5116744,
            31.1524052
          ],
          [
            121.51215,
            31.15277
          ],
          [
            121.5124999,
            31.1531294
          ],
          [
            121.5128591,
            31.1536634
          ],
          [
            121.5131058,
            31.1542561
          ],
          [
            121.5132419,
            31.1548415
          ],
          [
            121.5133475,
            31.1557008
          ],
          [
            121.513324,
            31.1566397
          ],
          [
            121.5131904,
            31.157463
          ],
          [
            121.5128836,
            31.1583843
          ],
          [
            121.5125372,
            31.1592464
          ],
          [
            121.5121118,
            31.1601082
          ],
          [
            121.5113226,
            31.1614994
          ],
          [
            121.5104842,
            31.1629417
          ],
          [
            121.5084073,
            31.1665767
          ],
          [
            121.5082067,
            31.167003
          ],
          [
            121.5080227,
            31.1675948
          ],
          [
            121.5077714,
            31.1689707
          ],
          [
            121.5073332,
            31.1711972
          ],
          [
            121.507121,
            31.1723348
          ],
          [
            121.5068678,
            31.1736272
          ],
          [
            121.5066043,
            31.174803
          ],
          [
            121.5058141,
            31.177138
          ],
          [
            121.5056526,
            31.1778214
          ],
          [
            121.5055705,
            31.1785412
          ],
          [
            121.5057087,
            31.1811151
          ],
          [
            121.505757,
            31.182606
          ],
          [
            121.5057608,
            31.1828596
          ],
          [
            121.5057659,
            31.1830155
          ],
          [
            121.505727,
            31.1851962
          ],
          [
            121.5057017,
            31.1866129
          ],
          [
            121.5056521,
            31.187563
          ],
          [
            121.5056513,
            31.1876367
          ],
          [
            121.5056507,
            31.1876906
          ],
          [
            121.5056394,
            31.1887194
          ],
          [
            121.5056729,
            31.1897638
          ],
          [
            121.5059245,
            31.1905808
          ],
          [
            121.5063746,
            31.1912357
          ],
          [
            121.5070358,
            31.1918223
          ],
          [
            121.508452,
            31.1928502
          ],
          [
            121.5107694,
            31.1941718
          ],
          [
            121.5131727,
            31.195787
          ],
          [
            121.5144601,
            31.1970719
          ],
          [
            121.5153347,
            31.1986243
          ],
          [
            121.5161767,
            31.2001187
          ],
          [
            121.519567,
            31.2061387
          ],
          [
            121.5219859,
            31.2108087
          ],
          [
            121.5237086,
            31.2141345
          ],
          [
            121.5248456,
            31.2168562
          ],
          [
            121.5250602,
            31.2181774
          ],
          [
            121.5251031,
            31.2195354
          ],
          [
            121.5249315,
            31.2211135
          ],
          [
            121.5244594,
            31.2226916
          ],
          [
            121.5233436,
            31.2252972
          ],
          [
            121.5220614,
            31.2285268
          ],
          [
            121.5220001,
            31.2287442
          ],
          [
            121.521986,
            31.2290139
          ],
          [
            121.5220436,
            31.2293712
          ],
          [
            121.5220896,
            31.2296138
          ],
          [
            121.5221545,
            31.2298476
          ],
          [
            121.5222545,
            31.2300864
          ],
          [
            121.522632,
            31.2305968
          ],
          [
            121.5226629,
            31.2306386
          ],
          [
            121.5227173,
            31.2307121
          ],
          [
            121.5229066,
            31.2309609
          ],
          [
            121.5234685,
            31.2316992
          ],
          [
            121.5241801,
            31.2326735
          ],
          [
            121.5243684,
            31.2328708
          ],
          [
            121.5247121,
            31.2331486
          ],
          [
            121.525189,
            31.2334072
          ],
          [
            121.5299034,
            31.2350191
          ],
          [
            121.5402749,
            31.2382859
          ],
          [
            121.5421682,
            31.2388822
          ],
          [
            121.5443033,
            31.2396894
          ],
          [
            121.5452689,
            31.2400288
          ],
          [
            121.5478075,
            31.2411512
          ],
          [
            121.5512234,
            31.2426615
          ],
          [
            121.5532511,
            31.2437072
          ],
          [
            121.56,
            31.247544758863704
          ]
        ]
      },
      "properties": {
        "osm_id": 74991518,
        "part": 0,
        "railway": "subway",
        "line_name": "6",
        "colour": "#D9017A",
        "route_ids": "214736"
      }
    },
    {
      "type": "Feature",
      "geometry": {
        "type": "LineString",
        "coordinates": [
          [
            121.4094448,
            31.1435354
          ],
          [
            121.4096309,
            31.1436948
          ],
          [
            121.4098561,
            31.1438468
          ],
          [
            121.4101187,
            31.1439782
          ],
          [
            121.4103291,
            31.1440549
          ],
          [
            121.4106357,
            31.144108
          ],
          [
            121.4108461,
            31.1441725
          ],
          [
            121.4110978,
            31.1442991
          ],
          [
            121.4113097,
            31.14445
          ],
          [
            121.4113376,
            31.1445107
          ],
          [
            121.4129196,
            31.1460161
          ],
          [
            121.4131629,
            31.1462412
          ],
          [
            121.4134279,
            31.1465432
          ],
          [
            121.4136837,
            31.1467972
          ]
        ]
      },
      "properties": {
        "osm_id": 92198895,
        "part": 0,
        "railway": "subway",
        "line_name": "",
        "colour": "#0f766e",
        "route_ids": ""
      }
    },
    {
      "type": "Feature",
      "geometry": {
        "type": "LineString",
        "coordinates": [
          [
            121.4103291,
            31.1440549
          ],
          [
            121.4107063,
            31.1441782
          ],
          [
            121.4109566,
            31.1442967
          ],
          [
            121.4111329,
            31.1444102
          ],
          [
            121.4112511,
            31.1444924
          ],
          [
            121.4112843,
            31.1445424
          ],
          [
            121.4128717,
            31.1460535
          ],
          [
            121.4134279,
            31.1465432
          ]
        ]
      },
      "properties": {
        "osm_id": 92198896,
        "part": 0,
        "railway": "subway",
        "line_name": "",
        "colour": "#0f766e",
        "route_ids": ""
      }
    },
    {
      "type": "Feature",
      "geometry": {
        "type": "LineString",
        "coordinates": [
          [
            121.410057,
            31.144006
          ],
          [
            121.4107795,
            31.1443689
          ],
          [
            121.4109453,
            31.1444753
          ],
          [
            121.4110939,
            31.144589
          ],
          [
            121.4111511,
            31.1446617
          ],
          [
            121.4139995,
            31.1473462
          ],
          [
            121.4140467,
            31.147387
          ],
          [
            121.4141876,
            31.1475296
          ],
          [
            121.4142743,
            31.147629
          ],
          [
            121.4143364,
            31.1477354
          ],
          [
            121.4145589,
            31.148147
          ],
          [
            121.414785,
            31.1485058
          ],
          [
            121.414935,
            31.1486986
          ],
          [
            121.4151384,
            31.1488906
          ],
          [
            121.4153927,
            31.1491346
          ],
          [
            121.4155294,
            31.1493041
          ]
        ]
      },
      "properties": {
        "osm_id": 92198898,
        "part": 0,
        "railway": "subway",
        "line_name": "",
        "colour": "#0f766e",
        "route_ids": ""
      }
    },
    {
      "type": "Feature",
      "geometry": {
        "type": "LineString",
        "coordinates": [
          [
            121.4101187,
            31.1439782
          ],
          [
            121.410378,
            31.1440973
          ],
          [
            121.4103851,
            31.1441011
          ],
          [
            121.4106809,
            31.1442185
          ],
          [
            121.4108467,
            31.144287
          ],
          [
            121.4110496,
            31.1444142
          ],
          [
            121.4111855,
            31.1444965
          ],
          [
            121.4112533,
            31.1445682
          ],
          [
            121.4128061,
            31.1460469
          ],
          [
            121.4130278,
            31.1462564
          ],
          [
            121.4132306,
            31.1464187
          ],
          [
            121.413425,
            31.1466122
          ],
          [
            121.4137342,
            31.1468966
          ],
          [
            121.414064,
            31.1472167
          ],
          [
            121.414147,
            31.1472973
          ],
          [
            121.4141916,
            31.1473525
          ],
          [
            121.4143422,
            31.14752
          ],
          [
            121.4144318,
            31.1477003
          ],
          [
            121.4145325,
            31.1479535
          ],
          [
            121.41472,
            31.1483053
          ],
          [
            121.4148535,
            31.1485201
          ],
          [
            121.4150129,
            31.1487023
          ],
          [
            121.4151601,
            31.1488486
          ],
          [
            121.4154053,
            31.1490855
          ],
          [
            121.4156659,
            31.1492639
          ],
          [
            121.41598,
            31.1494269
          ],
          [
            121.4161838,
            31.1495783
          ],
          [
            121.4162287,
            31.1496174
          ],
          [
            121.4177078,
            31.1510066
          ]
        ]
      },
      "properties": {
        "osm_id": 92198901,
        "part": 0,
        "railway": "subway",
        "line_name": "",
        "colour": "#0f766e",
        "route_ids": ""
      }
    },
    {
      "type": "Feature",
      "geometry": {
        "type": "LineString",
        "coordinates": [
          [
            121.408579,
            31.1419052
          ],
          [
            121.4098791,
            31.1429577
          ],
          [
            121.4101495,
            31.1431776
          ],
          [
            121.4116587,
            31.1443751
          ],
          [
            121.4121803,
            31.1448074
          ],
          [
            121.4127483,
            31.1452862
          ],
          [
            121.4158524,
            31.1477957
          ],
          [
            121.4160225,
            31.1479274
          ],
          [
            121.4171807,
            31.1488628
          ],
          [
            121.4175812,
            31.149178
          ],
          [
            121.4182143,
            31.1497518
          ],
          [
            121.4186658,
            31.1501856
          ],
          [
            121.4198704,
            31.1513188
          ],
          [
            121.4202557,
            31.151675
          ]
        ]
      },
      "properties": {
        "osm_id": 92199122,
        "part": 0,
        "railway": "subway",
        "line_name": "",
        "colour": "#0f766e",
        "route_ids": ""
      }
    },
    {
      "type": "Feature",
      "geometry": {
        "type": "LineString",
        "coordinates": [
          [
            121.4101636,
            31.1435814
          ],
          [
            121.4105205,
            31.1437965
          ],
          [
            121.4109118,
            31.1440306
          ],
          [
            121.4111309,
            31.144153
          ],
          [
            121.4116261,
            31.1444514
          ]
        ]
      },
      "properties": {
        "osm_id": 92199123,
        "part": 0,
        "railway": "subway",
        "line_name": "",
        "colour": "#0f766e",
        "route_ids": ""
      }
    },
    {
      "type": "Feature",
      "geometry": {
        "type": "LineString",
        "coordinates": [
          [
            121.4124299,
            31.1451414
          ],
          [
            121.4126619,
            31.1453556
          ],
          [
            121.4130528,
            31.1457585
          ],
          [
            121.4144351,
            31.1468834
          ],
          [
            121.414625,
            31.147023
          ],
          [
            121.4149691,
            31.1472468
          ],
          [
            121.415367,
            31.147492
          ],
          [
            121.4156606,
            31.1476772
          ],
          [
            121.4158524,
            31.1477957
          ]
        ]
      },
      "properties": {
        "osm_id": 92199124,
        "part": 0,
        "railway": "subway",
        "line_name": "",
        "colour": "#0f766e",
        "route_ids": ""
      }
    },
    {
      "type": "Feature",
      "geometry": {
        "type": "LineString",
        "coordinates": [
          [
            121.4136837,
            31.1467972
          ],
          [
            121.4137645,
            31.1468717
          ],
          [
            121.4141171,
            31.1471967
          ],
          [
            121.414186,
            31.1472601
          ],
          [
            121.4142793,
            31.1473556
          ],
          [
            121.4144704,
            31.1475031
          ],
          [
            121.4147647,
            31.1477185
          ],
          [
            121.4150926,
            31.1480185
          ],
          [
            121.4153096,
            31.1481793
          ],
          [
            121.4155232,
            31.1482921
          ],
          [
            121.4157539,
            31.1483928
          ],
          [
            121.4157884,
            31.1484042
          ],
          [
            121.4159799,
            31.1484502
          ],
          [
            121.4162123,
            31.1484625
          ],
          [
            121.4165442,
            31.1485495
          ],
          [
            121.416821,
            31.1486775
          ],
          [
            121.4171807,
            31.1488628
          ]
        ]
      },
      "properties": {
        "osm_id": 92219512,
        "part": 0,
        "railway": "subway",
        "line_name": "",
        "colour": "#0f766e",
        "route_ids": ""
      }
    },
    {
      "type": "Feature",
      "geometry": {
        "type": "LineString",
        "coordinates": [
          [
            121.4159799,
            31.1484502
          ],
          [
            121.4162875,
            31.1485236
          ],
          [
            121.4165142,
            31.1486125
          ],
          [
            121.4166182,
            31.1486713
          ],
          [
            121.4168116,
            31.1488048
          ],
          [
            121.4169426,
            31.1489205
          ],
          [
            121.4170077,
            31.1489647
          ],
          [
            121.4170352,
            31.1489897
          ],
          [
            121.4193449,
            31.1512174
          ]
        ]
      },
      "properties": {
        "osm_id": 92219513,
        "part": 0,
        "railway": "subway",
        "line_name": "",
        "colour": "#0f766e",
        "route_ids": ""
      }
    },
    {
      "type": "Feature",
      "geometry": {
        "type": "LineString",
        "coordinates": [
          [
            121.4150926,
            31.1480185
          ],
          [
            121.4153261,
            31.1482351
          ],
          [
            121.415569,
            31.148479
          ],
          [
            121.4156985,
            31.1486016
          ],
          [
            121.4159134,
            31.1487995
          ],
          [
            121.4161507,
            31.1489827
          ],
          [
            121.4162718,
            31.1490602
          ],
          [
            121.4165322,
            31.1492837
          ],
          [
            121.4165882,
            31.1493376
          ],
          [
            121.4188894,
            31.151533
          ]
        ]
      },
      "properties": {
        "osm_id": 92219514,
        "part": 0,
        "railway": "subway",
        "line_name": "",
        "colour": "#0f766e",
        "route_ids": ""
      }
    },
    {
      "type": "Feature",
      "geometry": {
        "type": "LineString",
        "coordinates": [
          [
            121.4159134,
            31.1487995
          ],
          [
            121.4161121,
            31.148989
          ],
          [
            121.4164716,
            31.149332
          ],
          [
            121.4165304,
            31.1493826
          ],
          [
            121.4188165,
            31.1515597
          ]
        ]
      },
      "properties": {
        "osm_id": 92219515,
        "part": 0,
        "railway": "subway",
        "line_name": "",
        "colour": "#0f766e",
        "route_ids": ""
      }
    },
    {
      "type": "Feature",
      "geometry": {
        "type": "LineString",
        "coordinates": [
          [
            121.4156985,
            31.1486016
          ],
          [
            121.4158912,
            31.1488344
          ],
          [
            121.4162116,
            31.1492285
          ],
          [
            121.4164081,
            31.1494016
          ],
          [
            121.4164506,
            31.1494447
          ],
          [
            121.4179085,
            31.1508278
          ]
        ]
      },
      "properties": {
        "osm_id": 92219516,
        "part": 0,
        "railway": "subway",
        "line_name": "",
        "colour": "#0f766e",
        "route_ids": ""
      }
    },
    {
      "type": "Feature",
      "geometry": {
        "type": "LineString",
        "coordinates": [
          [
            121.4162718,
            31.1490602
          ],
          [
            121.4165571,
            31.1492557
          ],
          [
            121.4166289,
            31.1493059
          ],
          [
            121.4166607,
            31.149332
          ],
          [
            121.4172448,
            31.149893
          ],
          [
            121.4189403,
            31.1515035
          ]
        ]
      },
      "properties": {
        "osm_id": 92219517,
        "part": 0,
        "railway": "subway",
        "line_name": "",
        "colour": "#0f766e",
        "route_ids": ""
      }
    },
    {
      "type": "Feature",
      "geometry": {
        "type": "LineString",
        "coordinates": [
          [
            121.4158912,
            31.1488344
          ],
          [
            121.4160609,
            31.149116
          ],
          [
            121.4161961,
            31.1493051
          ],
          [
            121.4163445,
            31.1494416
          ],
          [
            121.4163912,
            31.1494909
          ],
          [
            121.4178639,
            31.150882
          ]
        ]
      },
      "properties": {
        "osm_id": 92219518,
        "part": 0,
        "railway": "subway",
        "line_name": "",
        "colour": "#0f766e",
        "route_ids": ""
      }
    },
    {
      "type": "Feature",
      "geometry": {
        "type": "LineString",
        "coordinates": [
          [
            121.4153261,
            31.1482351
          ],
          [
            121.4157726,
            31.148572
          ],
          [
            121.416362,
            31.1490051
          ]
        ]
      },
      "properties": {
        "osm_id": 92219519,
        "part": 0,
        "railway": "subway",
        "line_name": "",
        "colour": "#0f766e",
        "route_ids": ""
      }
    },
    {
      "type": "Feature",
      "geometry": {
        "type": "LineString",
        "coordinates": [
          [
            121.4142793,
            31.1473556
          ],
          [
            121.4144426,
            31.1475173
          ],
          [
            121.4147845,
            31.1479445
          ]
        ]
      },
      "properties": {
        "osm_id": 92219523,
        "part": 0,
        "railway": "subway",
        "line_name": "",
        "colour": "#0f766e",
        "route_ids": ""
      }
    },
    {
      "type": "Feature",
      "geometry": {
        "type": "LineString",
        "coordinates": [
          [
            121.4144426,
            31.1475173
          ],
          [
            121.4146497,
            31.1477115
          ],
          [
            121.4148385,
            31.1479099
          ],
          [
            121.4150058,
            31.1481373
          ]
        ]
      },
      "properties": {
        "osm_id": 92219524,
        "part": 0,
        "railway": "subway",
        "line_name": "",
        "colour": "#0f766e",
        "route_ids": ""
      }
    },
    {
      "type": "Feature",
      "geometry": {
        "type": "LineString",
        "coordinates": [
          [
            121.4144704,
            31.1475031
          ],
          [
            121.414754,
            31.1477616
          ],
          [
            121.4149227,
            31.1479281
          ],
          [
            121.4153329,
            31.1483064
          ],
          [
            121.4156272,
            31.148594
          ],
          [
            121.4161391,
            31.1493112
          ]
        ]
      },
      "properties": {
        "osm_id": 92219525,
        "part": 0,
        "railway": "subway",
        "line_name": "",
        "colour": "#0f766e",
        "route_ids": ""
      }
    },
    {
      "type": "Feature",
      "geometry": {
        "type": "LineString",
        "coordinates": [
          [
            121.413425,
            31.1466122
          ],
          [
            121.4132082,
            31.1464462
          ],
          [
            121.4130667,
            31.1463418
          ],
          [
            121.412782,
            31.1460655
          ],
          [
            121.4112103,
            31.1446132
          ],
          [
            121.4111425,
            31.1445499
          ],
          [
            121.4110096,
            31.1444496
          ],
          [
            121.4108009,
            31.1443298
          ],
          [
            121.410378,
            31.1440973
          ]
        ]
      },
      "properties": {
        "osm_id": 92219526,
        "part": 0,
        "railway": "subway",
        "line_name": "",
        "colour": "#0f766e",
        "route_ids": ""
      }
    },
    {
      "type": "Feature",
      "geometry": {
        "type": "LineString",
        "coordinates": [
          [
            121.4112691,
            31.1457608
          ],
          [
            121.4134662,
            31.1477573
          ],
          [
            121.41349,
            31.147781
          ],
          [
            121.4135837,
            31.1478837
          ],
          [
            121.4136516,
            31.1479419
          ],
          [
            121.4137443,
            31.1480071
          ],
          [
            121.4138554,
            31.1480762
          ],
          [
            121.4140197,
            31.1481561
          ]
        ]
      },
      "properties": {
        "osm_id": 92219527,
        "part": 0,
        "railway": "subway",
        "line_name": "",
        "colour": "#0f766e",
        "route_ids": ""
      }
    },
    {
      "type": "Feature",
      "geometry": {
        "type": "LineString",
        "coordinates": [
          [
            121.4113025,
            31.1457372
          ],
          [
            121.4134943,
            31.1477358
          ],
          [
            121.4135256,
            31.1477627
          ],
          [
            121.4135645,
            31.1478028
          ],
          [
            121.4136966,
            31.1479187
          ],
          [
            121.413863,
            31.1480472
          ],
          [
            121.4140197,
            31.1481561
          ],
          [
            121.4144222,
            31.1483794
          ],
          [
            121.4145412,
            31.1484535
          ],
          [
            121.4148999,
            31.1487236
          ]
        ]
      },
      "properties": {
        "osm_id": 92219528,
        "part": 0,
        "railway": "subway",
        "line_name": "",
        "colour": "#0f766e",
        "route_ids": ""
      }
    },
    {
      "type": "Feature",
      "geometry": {
        "type": "LineString",
        "coordinates": [
          [
            121.407698,
            31.1422954
          ],
          [
            121.4078346,
            31.1423969
          ],
          [
            121.4080394,
            31.1425505
          ],
          [
            121.4088796,
            31.1431021
          ],
          [
            121.4092322,
            31.1433584
          ],
          [
            121.4094448,
            31.1435354
          ],
          [
            121.4096521,
            31.1437549
          ],
          [
            121.4101476,
            31.144224
          ],
          [
            121.4103849,
            31.1445124
          ],
          [
            121.4105309,
            31.1447576
          ],
          [
            121.4106868,
            31.144921
          ],
          [
            121.410751,
            31.1449729
          ],
          [
            121.4135725,
            31.147671
          ],
          [
            121.4136123,
            31.1477026
          ],
          [
            121.413759,
            31.1478502
          ],
          [
            121.4140911,
            31.1480854
          ]
        ]
      },
      "properties": {
        "osm_id": 92219529,
        "part": 0,
        "railway": "subway",
        "line_name": "",
        "colour": "#0f766e",
        "route_ids": ""
      }
    },
    {
      "type": "Feature",
      "geometry": {
        "type": "LineString",
        "coordinates": [
          [
            121.4105395,
            31.1442882
          ],
          [
            121.4107052,
            31.1444068
          ],
          [
            121.4108781,
            31.1445279
          ],
          [
            121.4110224,
            31.1446453
          ],
          [
            121.4110784,
            31.1447045
          ],
          [
            121.4139242,
            31.1474064
          ],
          [
            121.4139492,
            31.1474324
          ],
          [
            121.4141025,
            31.1475688
          ],
          [
            121.4142465,
            31.1477522
          ],
          [
            121.4144395,
            31.1480084
          ],
          [
            121.414608,
            31.1482912
          ],
          [
            121.414785,
            31.1485058
          ]
        ]
      },
      "properties": {
        "osm_id": 92219531,
        "part": 0,
        "railway": "subway",
        "line_name": "",
        "colour": "#0f766e",
        "route_ids": ""
      }
    },
    {
      "type": "Feature",
      "geometry": {
        "type": "LineString",
        "coordinates": [
          [
            121.410308,
            31.1441659
          ],
          [
            121.4105395,
            31.1442882
          ],
          [
            121.4107852,
            31.1444252
          ],
          [
            121.4109124,
            31.1445047
          ],
          [
            121.4110582,
            31.144616
          ],
          [
            121.4111143,
            31.1446836
          ],
          [
            121.4139684,
            31.1473714
          ],
          [
            121.4140092,
            31.1474104
          ],
          [
            121.4141385,
            31.147538
          ],
          [
            121.4142808,
            31.1477312
          ],
          [
            121.4144395,
            31.1480084
          ]
        ]
      },
      "properties": {
        "osm_id": 92219532,
        "part": 0,
        "railway": "subway",
        "line_name": "",
        "colour": "#0f766e",
        "route_ids": ""
      }
    },
    {
      "type": "Feature",
      "geometry": {
        "type": "LineString",
        "coordinates": [
          [
            121.4098561,
            31.1438468
          ],
          [
            121.410057,
            31.144006
          ],
          [
            121.410308,
            31.1441659
          ],
          [
            121.4105737,
            31.1443689
          ],
          [
            121.4108181,
            31.1445401
          ],
          [
            121.4109824,
            31.1446747
          ],
          [
            121.4110313,
            31.1447355
          ],
          [
            121.4138833,
            31.147433
          ],
          [
            121.4139076,
            31.1474589
          ],
          [
            121.41406,
            31.1476066
          ],
          [
            121.4141696,
            31.147727
          ],
          [
            121.4144509,
            31.148084
          ],
          [
            121.414608,
            31.1482912
          ]
        ]
      },
      "properties": {
        "osm_id": 92219533,
        "part": 0,
        "railway": "subway",
        "line_name": "",
        "colour": "#0f766e",
        "route_ids": ""
      }
    },
    {
      "type": "Feature",
      "geometry": {
        "type": "LineString",
        "coordinates": [
          [
            121.4105737,
            31.1443689
          ],
          [
            121.4107167,
            31.1444899
          ],
          [
            121.4109484,
            31.1447062
          ],
          [
            121.4110013,
            31.1447684
          ],
          [
            121.4138392,
            31.1474666
          ],
          [
            121.4138691,
            31.1474888
          ],
          [
            121.4140534,
            31.147671
          ],
          [
            121.4142841,
            31.1479622
          ],
          [
            121.4145229,
            31.148266
          ],
          [
            121.4146965,
            31.148471
          ]
        ]
      },
      "properties": {
        "osm_id": 92219534,
        "part": 0,
        "railway": "subway",
        "line_name": "",
        "colour": "#0f766e",
        "route_ids": ""
      }
    },
    {
      "type": "Feature",
      "geometry": {
        "type": "LineString",
        "coordinates": [
          [
            121.4145229,
            31.148266
          ],
          [
            121.4140894,
            31.1478376
          ],
          [
            121.4138081,
            31.1475539
          ],
          [
            121.4137672,
            31.147524
          ],
          [
            121.4109239,
            31.1448368
          ],
          [
            121.4108697,
            31.1447648
          ],
          [
            121.4104649,
            31.1444002
          ],
          [
            121.4103303,
            31.1443188
          ]
        ]
      },
      "properties": {
        "osm_id": 92219535,
        "part": 0,
        "railway": "subway",
        "line_name": "",
        "colour": "#0f766e",
        "route_ids": ""
      }
    },
    {
      "type": "Feature",
      "geometry": {
        "type": "LineString",
        "coordinates": [
          [
            121.4142841,
            31.1479622
          ],
          [
            121.4140813,
            31.1477522
          ],
          [
            121.4138358,
            31.1475236
          ],
          [
            121.4138048,
            31.1474946
          ],
          [
            121.4109715,
            31.1447949
          ],
          [
            121.4109169,
            31.1447297
          ],
          [
            121.4105898,
            31.1444334
          ],
          [
            121.4104161,
            31.1443031
          ],
          [
            121.4098975,
            31.1439409
          ]
        ]
      },
      "properties": {
        "osm_id": 92219536,
        "part": 0,
        "railway": "subway",
        "line_name": "",
        "colour": "#0f766e",
        "route_ids": ""
      }
    },
    {
      "type": "Feature",
      "geometry": {
        "type": "LineString",
        "coordinates": [
          [
            121.4146541,
            31.1484839
          ],
          [
            121.4143462,
            31.1482604
          ],
          [
            121.4140911,
            31.1480854
          ],
          [
            121.4138735,
            31.147902
          ],
          [
            121.413795,
            31.1478222
          ],
          [
            121.4136426,
            31.147678
          ],
          [
            121.4136167,
            31.1476374
          ],
          [
            121.4107746,
            31.144947
          ],
          [
            121.4107238,
            31.144896
          ],
          [
            121.4105709,
            31.1447358
          ],
          [
            121.4103849,
            31.1445124
          ]
        ]
      },
      "properties": {
        "osm_id": 92219538,
        "part": 0,
        "railway": "subway",
        "line_name": "",
        "colour": "#0f766e",
        "route_ids": ""
      }
    },
    {
      "type": "Feature",
      "geometry": {
        "type": "LineString",
        "coordinates": [
          [
            121.4143462,
            31.1482604
          ],
          [
            121.4141274,
            31.1480699
          ],
          [
            121.4138289,
            31.1477906
          ],
          [
            121.4136927,
            31.1476491
          ],
          [
            121.4136453,
            31.1476096
          ],
          [
            121.4108102,
            31.1449163
          ],
          [
            121.4107567,
            31.1448667
          ],
          [
            121.4105809,
            31.1446808
          ],
          [
            121.4103566,
            31.1444129
          ]
        ]
      },
      "properties": {
        "osm_id": 92219539,
        "part": 0,
        "railway": "subway",
        "line_name": "",
        "colour": "#0f766e",
        "route_ids": ""
      }
    },
    {
      "type": "Feature",
      "geometry": {
        "type": "LineString",
        "coordinates": [
          [
            121.4165432,
            31.1507864
          ],
          [
            121.4163564,
            31.1505558
          ],
          [
            121.4159942,
            31.1500742
          ],
          [
            121.4158515,
            31.1498703
          ],
          [
            121.4155942,
            31.1495231
          ],
          [
            121.41513,
            31.1489419
          ],
          [
            121.4148999,
            31.1487236
          ],
          [
            121.4146541,
            31.1484839
          ],
          [
            121.4142028,
            31.1480587
          ],
          [
            121.4137418,
            31.1476005
          ],
          [
            121.4136928,
            31.1475731
          ],
          [
            121.4108491,
            31.1448942
          ],
          [
            121.4107967,
            31.1448324
          ],
          [
            121.4106409,
            31.1446722
          ],
          [
            121.4103566,
            31.1444129
          ],
          [
            121.4101476,
            31.144224
          ]
        ]
      },
      "properties": {
        "osm_id": 92219540,
        "part": 0,
        "railway": "subway",
        "line_name": "",
        "colour": "#0f766e",
        "route_ids": ""
      }
    },
    {
      "type": "Feature",
      "geometry": {
        "type": "LineString",
        "coordinates": [
          [
            121.4148999,
            31.1487236
          ],
          [
            121.4150256,
            31.1488116
          ],
          [
            121.4151384,
            31.1488906
          ]
        ]
      },
      "properties": {
        "osm_id": 92224448,
        "part": 0,
        "railway": "subway",
        "line_name": "",
        "colour": "#0f766e",
        "route_ids": ""
      }
    },
    {
      "type": "Feature",
      "geometry": {
        "type": "LineString",
        "coordinates": [
          [
            121.414935,
            31.1486986
          ],
          [
            121.4150256,
            31.1488116
          ],
          [
            121.41513,
            31.1489419
          ]
        ]
      },
      "properties": {
        "osm_id": 92224449,
        "part": 0,
        "railway": "subway",
        "line_name": "",
        "colour": "#0f766e",
        "route_ids": ""
      }
    },
    {
      "type": "Feature",
      "geometry": {
        "type": "LineString",
        "coordinates": [
          [
            121.4175334,
            31.1511228
          ],
          [
            121.4160587,
            31.1497497
          ],
          [
            121.4160002,
            31.1497011
          ],
          [
            121.4158087,
            31.1495201
          ],
          [
            121.4155755,
            31.1492432
          ],
          [
            121.4154053,
            31.1490855
          ]
        ]
      },
      "properties": {
        "osm_id": 92224450,
        "part": 0,
        "railway": "subway",
        "line_name": "",
        "colour": "#0f766e",
        "route_ids": ""
      }
    },
    {
      "type": "Feature",
      "geometry": {
        "type": "LineString",
        "coordinates": [
          [
            121.4175825,
            31.1510869
          ],
          [
            121.4161078,
            31.1497115
          ],
          [
            121.4160659,
            31.1496708
          ],
          [
            121.41583,
            31.1494706
          ],
          [
            121.4155755,
            31.1492432
          ]
        ]
      },
      "properties": {
        "osm_id": 92224451,
        "part": 0,
        "railway": "subway",
        "line_name": "",
        "colour": "#0f766e",
        "route_ids": ""
      }
    },
    {
      "type": "Feature",
      "geometry": {
        "type": "LineString",
        "coordinates": [
          [
            121.4176531,
            31.1510493
          ],
          [
            121.416178,
            31.1496568
          ],
          [
            121.4161182,
            31.1496065
          ],
          [
            121.4159368,
            31.1494554
          ],
          [
            121.4156659,
            31.1492639
          ]
        ]
      },
      "properties": {
        "osm_id": 92224452,
        "part": 0,
        "railway": "subway",
        "line_name": "",
        "colour": "#0f766e",
        "route_ids": ""
      }
    },
    {
      "type": "Feature",
      "geometry": {
        "type": "LineString",
        "coordinates": [
          [
            121.4151384,
            31.1488906
          ],
          [
            121.4152759,
            31.148991
          ],
          [
            121.4154053,
            31.1490855
          ]
        ]
      },
      "properties": {
        "osm_id": 92224453,
        "part": 0,
        "railway": "subway",
        "line_name": "",
        "colour": "#0f766e",
        "route_ids": ""
      }
    },
    {
      "type": "Feature",
      "geometry": {
        "type": "LineString",
        "coordinates": [
          [
            121.4151601,
            31.1488486
          ],
          [
            121.4152759,
            31.148991
          ],
          [
            121.4153927,
            31.1491346
          ]
        ]
      },
      "properties": {
        "osm_id": 92224454,
        "part": 0,
        "railway": "subway",
        "line_name": "",
        "colour": "#0f766e",
        "route_ids": ""
      }
    },
    {
      "type": "Feature",
      "geometry": {
        "type": "LineString",
        "coordinates": [
          [
            121.4162438,
            31.1501443
          ],
          [
            121.416557,
            31.1504403
          ],
          [
            121.4171408,
            31.151006
          ],
          [
            121.4172606,
            31.1511464
          ],
          [
            121.4174344,
            31.1513383
          ],
          [
            121.4177372,
            31.1516344
          ],
          [
            121.4180923,
            31.1519653
          ],
          [
            121.419303,
            31.1531124
          ]
        ]
      },
      "properties": {
        "osm_id": 92224455,
        "part": 0,
        "railway": "subway",
        "line_name": "",
        "colour": "#0f766e",
        "route_ids": ""
      }
    },
    {
      "type": "Feature",
      "geometry": {
        "type": "LineString",
        "coordinates": [
          [
            121.418257,
            31.1522265
          ],
          [
            121.4176773,
            31.1516814
          ],
          [
            121.4168154,
            31.1508506
          ],
          [
            121.4167473,
            31.1507719
          ],
          [
            121.4162438,
            31.1501443
          ],
          [
            121.4161769,
            31.1500478
          ],
          [
            121.4159617,
            31.1497753
          ],
          [
            121.4157709,
            31.1495436
          ],
          [
            121.4155294,
            31.1493041
          ]
        ]
      },
      "properties": {
        "osm_id": 92224456,
        "part": 0,
        "railway": "subway",
        "line_name": "",
        "colour": "#0f766e",
        "route_ids": ""
      }
    },
    {
      "type": "Feature",
      "geometry": {
        "type": "LineString",
        "coordinates": [
          [
            121.41513,
            31.1489419
          ],
          [
            121.4153735,
            31.1491729
          ],
          [
            121.4158982,
            31.149842
          ],
          [
            121.416086,
            31.1500816
          ],
          [
            121.4169448,
            31.15117
          ],
          [
            121.4171257,
            31.1513722
          ],
          [
            121.418086,
            31.1522449
          ]
        ]
      },
      "properties": {
        "osm_id": 92224458,
        "part": 0,
        "railway": "subway",
        "line_name": "",
        "colour": "#0f766e",
        "route_ids": ""
      }
    },
    {
      "type": "Feature",
      "geometry": {
        "type": "LineString",
        "coordinates": [
          [
            121.4155294,
            31.1493041
          ],
          [
            121.4157394,
            31.1495694
          ],
          [
            121.4159308,
            31.1498042
          ],
          [
            121.4161292,
            31.1500651
          ],
          [
            121.4169769,
            31.1511424
          ],
          [
            121.417133,
            31.1513172
          ],
          [
            121.4191985,
            31.1531726
          ],
          [
            121.419359,
            31.1533166
          ],
          [
            121.4195414,
            31.15354
          ]
        ]
      },
      "properties": {
        "osm_id": 92224459,
        "part": 0,
        "railway": "subway",
        "line_name": "",
        "colour": "#0f766e",
        "route_ids": ""
      }
    },
    {
      "type": "Feature",
      "geometry": {
        "type": "LineString",
        "coordinates": [
          [
            121.4102246,
            31.1447125
          ],
          [
            121.4102386,
            31.1447247
          ],
          [
            121.4105016,
            31.1449865
          ],
          [
            121.41074,
            31.1452445
          ],
          [
            121.4113832,
            31.1460808
          ],
          [
            121.4115879,
            31.1463293
          ],
          [
            121.4118013,
            31.1465654
          ],
          [
            121.4167084,
            31.1511389
          ],
          [
            121.4179178,
            31.1522537
          ],
          [
            121.4181401,
            31.1524529
          ]
        ]
      },
      "properties": {
        "osm_id": 93862314,
        "part": 0,
        "railway": "subway",
        "line_name": "1",
        "colour": "#E4002B",
        "route_ids": "6800210,14974357"
      }
    },
    {
      "type": "Feature",
      "geometry": {
        "type": "LineString",
        "coordinates": [
          [
            121.4102412,
            31.1435154
          ],
          [
            121.4105565,
            31.1437692
          ],
          [
            121.4108826,
            31.1439766
          ]
        ]
      },
      "properties": {
        "osm_id": 93862315,
        "part": 0,
        "railway": "subway",
        "line_name": "",
        "colour": "#0f766e",
        "route_ids": ""
      }
    },
    {
      "type": "Feature",
      "geometry": {
        "type": "LineString",
        "coordinates": [
          [
            121.4101305,
            31.143615
          ],
          [
            121.4104983,
            31.1438319
          ],
          [
            121.4109118,
            31.1440306
          ]
        ]
      },
      "properties": {
        "osm_id": 93862318,
        "part": 0,
        "railway": "subway",
        "line_name": "",
        "colour": "#0f766e",
        "route_ids": ""
      }
    },
    {
      "type": "Feature",
      "geometry": {
        "type": "LineString",
        "coordinates": [
          [
            121.4350139,
            31.158819
          ],
          [
            121.434814,
            31.1587718
          ],
          [
            121.4346104,
            31.1587435
          ],
          [
            121.4343928,
            31.1587273
          ],
          [
            121.4342765,
            31.1587269
          ],
          [
            121.4328194,
            31.1587697
          ],
          [
            121.4326039,
            31.1587607
          ],
          [
            121.4323835,
            31.1587406
          ],
          [
            121.4321471,
            31.1586987
          ],
          [
            121.4319215,
            31.158638
          ],
          [
            121.4316487,
            31.1585402
          ],
          [
            121.4313949,
            31.1584161
          ],
          [
            121.4310989,
            31.1582401
          ],
          [
            121.4306214,
            31.1580312
          ],
          [
            121.4302115,
            31.1577951
          ]
        ]
      },
      "properties": {
        "osm_id": 93862323,
        "part": 0,
        "railway": "subway",
        "line_name": "",
        "colour": "#0f766e",
        "route_ids": ""
      }
    },
    {
      "type": "Feature",
      "geometry": {
        "type": "LineString",
        "coordinates": [
          [
            121.4078543,
            31.1422802
          ],
          [
            121.4088796,
            31.1431021
          ]
        ]
      },
      "properties": {
        "osm_id": 93862329,
        "part": 0,
        "railway": "subway",
        "line_name": "",
        "colour": "#0f766e",
        "route_ids": ""
      }
    },
    {
      "type": "Feature",
      "geometry": {
        "type": "LineString",
        "coordinates": [
          [
            121.4102787,
            31.1434833
          ],
          [
            121.4108826,
            31.1439766
          ],
          [
            121.4111309,
            31.144153
          ]
        ]
      },
      "properties": {
        "osm_id": 93862330,
        "part": 0,
        "railway": "subway",
        "line_name": "",
        "colour": "#0f766e",
        "route_ids": ""
      }
    },
    {
      "type": "Feature",
      "geometry": {
        "type": "LineString",
        "coordinates": [
          [
            121.414935,
            31.1486986
          ],
          [
            121.4146965,
            31.148471
          ],
          [
            121.4142848,
            31.1480825
          ],
          [
            121.4137712,
            31.1475754
          ],
          [
            121.4137322,
            31.1475436
          ],
          [
            121.4108907,
            31.1448691
          ],
          [
            121.410834,
            31.1447984
          ],
          [
            121.410676,
            31.1446534
          ],
          [
            121.4104347,
            31.1444183
          ],
          [
            121.4103303,
            31.1443188
          ],
          [
            121.4101881,
            31.1441906
          ],
          [
            121.4098975,
            31.1439409
          ],
          [
            121.4096521,
            31.1437549
          ]
        ]
      },
      "properties": {
        "osm_id": 93862331,
        "part": 0,
        "railway": "subway",
        "line_name": "",
        "colour": "#0f766e",
        "route_ids": ""
      }
    },
    {
      "type": "Feature",
      "geometry": {
        "type": "LineString",
        "coordinates": [
          [
            121.4086842,
            31.1432285
          ],
          [
            121.4084863,
            31.1430699
          ],
          [
            121.4082795,
            31.1429043
          ]
        ]
      },
      "properties": {
        "osm_id": 93862333,
        "part": 0,
        "railway": "subway",
        "line_name": "",
        "colour": "#0f766e",
        "route_ids": ""
      }
    },
    {
      "type": "Feature",
      "geometry": {
        "type": "LineString",
        "coordinates": [
          [
            121.4083093,
            31.1428733
          ],
          [
            121.4084863,
            31.1430699
          ],
          [
            121.4086509,
            31.1432528
          ]
        ]
      },
      "properties": {
        "osm_id": 93862337,
        "part": 0,
        "railway": "subway",
        "line_name": "",
        "colour": "#0f766e",
        "route_ids": ""
      }
    },
    {
      "type": "Feature",
      "geometry": {
        "type": "LineString",
        "coordinates": [
          [
            121.4333796,
            31.158633
          ],
          [
            121.433032,
            31.1585768
          ],
          [
            121.4326289,
            31.1584811
          ],
          [
            121.431586,
            31.1582368
          ]
        ]
      },
      "properties": {
        "osm_id": 93862338,
        "part": 0,
        "railway": "subway",
        "line_name": "",
        "colour": "#0f766e",
        "route_ids": ""
      }
    },
    {
      "type": "Feature",
      "geometry": {
        "type": "LineString",
        "coordinates": [
          [
            121.4113349,
            31.1457145
          ],
          [
            121.4135235,
            31.1477074
          ],
          [
            121.4135616,
            31.1477407
          ],
          [
            121.4135987,
            31.147783
          ],
          [
            121.4137165,
            31.1478824
          ],
          [
            121.4140829,
            31.1481428
          ],
          [
            121.4144222,
            31.1483794
          ]
        ]
      },
      "properties": {
        "osm_id": 93862341,
        "part": 0,
        "railway": "subway",
        "line_name": "",
        "colour": "#0f766e",
        "route_ids": ""
      }
    },
    {
      "type": "Feature",
      "geometry": {
        "type": "LineString",
        "coordinates": [
          [
            121.4088075,
            31.1434119
          ],
          [
            121.4086509,
            31.1432528
          ],
          [
            121.4082795,
            31.1429043
          ],
          [
            121.4056451,
            31.1403839
          ],
          [
            121.40527951690704,
            31.14
          ]
        ]
      },
      "properties": {
        "osm_id": 93878002,
        "part": 0,
        "railway": "subway",
        "line_name": "1",
        "colour": "#E4002B",
        "route_ids": "199200,14974356"
      }
    },
    {
      "type": "Feature",
      "geometry": {
        "type": "LineString",
        "coordinates": [
          [
            121.4165432,
            31.1507864
          ],
          [
            121.4168646,
            31.151163
          ],
          [
            121.4170344,
            31.1513493
          ],
          [
            121.4177592,
            31.1520073
          ],
          [
            121.418086,
            31.1522449
          ],
          [
            121.4193099,
            31.1533463
          ],
          [
            121.4195414,
            31.15354
          ]
        ]
      },
      "properties": {
        "osm_id": 93878015,
        "part": 0,
        "railway": "subway",
        "line_name": "",
        "colour": "#0f766e",
        "route_ids": ""
      }
    },
    {
      "type": "Feature",
      "geometry": {
        "type": "LineString",
        "coordinates": [
          [
            121.439411,
            31.1601274
          ],
          [
            121.4397001,
            31.1602299
          ],
          [
            121.4399927,
            31.160349
          ],
          [
            121.4402618,
            31.1604849
          ],
          [
            121.4405295,
            31.1606348
          ],
          [
            121.4407772,
            31.1607957
          ],
          [
            121.4410134,
            31.1609816
          ],
          [
            121.441225,
            31.1611892
          ],
          [
            121.4414343,
            31.1613964
          ],
          [
            121.4416128,
            31.1616228
          ],
          [
            121.4417662,
            31.1618486
          ],
          [
            121.4419054,
            31.1620849
          ],
          [
            121.4420373,
            31.1623582
          ],
          [
            121.4421385,
            31.1626171
          ],
          [
            121.4422167,
            31.1629245
          ],
          [
            121.4422489,
            31.1631754
          ],
          [
            121.4422629,
            31.1634592
          ],
          [
            121.4422638,
            31.1637381
          ],
          [
            121.442244,
            31.1639899
          ],
          [
            121.4421873,
            31.1642822
          ],
          [
            121.4421367,
            31.1644707
          ],
          [
            121.4420708,
            31.1647101
          ],
          [
            121.4419815,
            31.1649341
          ],
          [
            121.4418585,
            31.1651803
          ],
          [
            121.4410642,
            31.1666558
          ],
          [
            121.4409252,
            31.1669447
          ],
          [
            121.4408349,
            31.1671741
          ],
          [
            121.4407664,
            31.1673857
          ],
          [
            121.4407079,
            31.1676038
          ],
          [
            121.4406531,
            31.1678692
          ],
          [
            121.440611,
            31.1680894
          ],
          [
            121.4404208,
            31.1691585
          ],
          [
            121.4403698,
            31.1694242
          ],
          [
            121.4403114,
            31.1696892
          ],
          [
            121.4402367,
            31.1699492
          ],
          [
            121.4396249,
            31.1719945
          ],
          [
            121.4393862,
            31.1727924
          ],
          [
            121.4392946,
            31.1730543
          ],
          [
            121.4391874,
            31.1733099
          ],
          [
            121.438726,
            31.1743074
          ],
          [
            121.4385965,
            31.1745553
          ],
          [
            121.438457,
            31.1747902
          ],
          [
            121.4383054,
            31.1750242
          ],
          [
            121.4381215,
            31.1752899
          ],
          [
            121.4379487,
            31.1755105
          ],
          [
            121.4377953,
            31.1756939
          ],
          [
            121.4376003,
            31.1759074
          ],
          [
            121.4373988,
            31.1761074
          ],
          [
            121.437141,
            31.1763327
          ],
          [
            121.4369525,
            31.1764893
          ],
          [
            121.4367191,
            31.17667
          ],
          [
            121.4364776,
            31.176842
          ],
          [
            121.433206,
            31.1790234
          ],
          [
            121.4328441,
            31.1792578
          ],
          [
            121.4325961,
            31.1794279
          ],
          [
            121.4323608,
            31.1795961
          ],
          [
            121.4304427,
            31.1809479
          ],
          [
            121.4300647,
            31.1812159
          ],
          [
            121.4297554,
            31.1814666
          ],
          [
            121.4294226,
            31.1817509
          ],
          [
            121.4290446,
            31.182094
          ],
          [
            121.4245412,
            31.1861926
          ],
          [
            121.4243524,
            31.1863754
          ],
          [
            121.4241418,
            31.1865844
          ],
          [
            121.4239536,
            31.1867911
          ],
          [
            121.4237893,
            31.1869782
          ],
          [
            121.4235238,
            31.1873045
          ],
          [
            121.4233174,
            31.1875772
          ],
          [
            121.4221938,
            31.1890913
          ],
          [
            121.4221211,
            31.1891892
          ],
          [
            121.4215746,
            31.1899257
          ],
          [
            121.4214039,
            31.1901567
          ],
          [
            121.4176799,
            31.1956042
          ],
          [
            121.4175505,
            31.1957911
          ],
          [
            121.4174171,
            31.1960074
          ],
          [
            121.4172732,
            31.1962629
          ],
          [
            121.4171416,
            31.19655
          ],
          [
            121.4170434,
            31.1968052
          ],
          [
            121.4164289,
            31.198663
          ]
        ]
      },
      "properties": {
        "osm_id": 93881217,
        "part": 0,
        "railway": "subway",
        "line_name": "3",
        "colour": "#FFD100",
        "route_ids": "6817178"
      }
    },
    {
      "type": "Feature",
      "geometry": {
        "type": "LineString",
        "coordinates": [
          [
            121.4227697,
            31.1526409
          ],
          [
            121.4241457,
            31.1536199
          ],
          [
            121.4246352,
            31.1539699
          ],
          [
            121.4253513,
            31.1543636
          ],
          [
            121.4260571,
            31.1548277
          ],
          [
            121.4271766,
            31.15561
          ]
        ]
      },
      "properties": {
        "osm_id": 93881218,
        "part": 0,
        "railway": "subway",
        "line_name": "3",
        "colour": "#FFD100",
        "route_ids": "6817178"
      }
    },
    {
      "type": "Feature",
      "geometry": {
        "type": "LineString",
        "coordinates": [
          [
            121.4339862,
            31.1578581
          ],
          [
            121.4343094,
            31.1580509
          ],
          [
            121.4346568,
            31.1582157
          ],
          [
            121.43599,
            31.1587232
          ],
          [
            121.4374965,
            31.1592909
          ]
        ]
      },
      "properties": {
        "osm_id": 93881220,
        "part": 0,
        "railway": "subway",
        "line_name": "",
        "colour": "#0f766e",
        "route_ids": ""
      }
    },
    {
      "type": "Feature",
      "geometry": {
        "type": "LineString",
        "coordinates": [
          [
            121.4342935,
            31.1580768
          ],
          [
            121.434095,
            31.1579815
          ],
          [
            121.4340071,
            31.1579296
          ]
        ]
      },
      "properties": {
        "osm_id": 93881221,
        "part": 0,
        "railway": "subway",
        "line_name": "",
        "colour": "#0f766e",
        "route_ids": ""
      }
    },
    {
      "type": "Feature",
      "geometry": {
        "type": "LineString",
        "coordinates": [
          [
            121.434903,
            31.1583617
          ],
          [
            121.4351213,
            31.1584682
          ],
          [
            121.4353408,
            31.1585753
          ]
        ]
      },
      "properties": {
        "osm_id": 93882084,
        "part": 0,
        "railway": "subway",
        "line_name": "",
        "colour": "#0f766e",
        "route_ids": ""
      }
    },
    {
      "type": "Feature",
      "geometry": {
        "type": "LineString",
        "coordinates": [
          [
            121.4366139,
            31.1590046
          ],
          [
            121.4372649,
            31.1593541
          ]
        ]
      },
      "properties": {
        "osm_id": 93882085,
        "part": 0,
        "railway": "subway",
        "line_name": "",
        "colour": "#0f766e",
        "route_ids": ""
      }
    },
    {
      "type": "Feature",
      "geometry": {
        "type": "LineString",
        "coordinates": [
          [
            121.4354997,
            31.1585876
          ],
          [
            121.43599,
            31.1587232
          ]
        ]
      },
      "properties": {
        "osm_id": 93882086,
        "part": 0,
        "railway": "subway",
        "line_name": "",
        "colour": "#0f766e",
        "route_ids": ""
      }
    },
    {
      "type": "Feature",
      "geometry": {
        "type": "LineString",
        "coordinates": [
          [
            121.4211296,
            31.1515884
          ],
          [
            121.4270613,
            31.1557672
          ],
          [
            121.427469,
            31.1560448
          ],
          [
            121.4275091,
            31.1560725
          ],
          [
            121.4280264,
            31.1564472
          ],
          [
            121.4284815,
            31.1567324
          ],
          [
            121.4298682,
            31.1575587
          ],
          [
            121.4302115,
            31.1577951
          ]
        ]
      },
      "properties": {
        "osm_id": 93884314,
        "part": 0,
        "railway": "subway",
        "line_name": "",
        "colour": "#0f766e",
        "route_ids": ""
      }
    },
    {
      "type": "Feature",
      "geometry": {
        "type": "LineString",
        "coordinates": [
          [
            121.4284815,
            31.1567324
          ],
          [
            121.4286648,
            31.1568342
          ],
          [
            121.429102,
            31.1570109
          ],
          [
            121.4299934,
            31.1573886
          ],
          [
            121.4301628,
            31.1574597
          ]
        ]
      },
      "properties": {
        "osm_id": 93884316,
        "part": 0,
        "railway": "subway",
        "line_name": "",
        "colour": "#0f766e",
        "route_ids": ""
      }
    },
    {
      "type": "Feature",
      "geometry": {
        "type": "LineString",
        "coordinates": [
          [
            121.411703,
            31.2186743
          ],
          [
            121.4117797,
            31.2184553
          ],
          [
            121.411839,
            31.2182857
          ]
        ]
      },
      "properties": {
        "osm_id": 95098482,
        "part": 0,
        "railway": "subway",
        "line_name": "",
        "colour": "#0f766e",
        "route_ids": ""
      }
    },
    {
      "type": "Feature",
      "geometry": {
        "type": "LineString",
        "coordinates": [
          [
            121.4114699,
            31.2189154
          ],
          [
            121.4116486,
            31.2186543
          ],
          [
            121.411839,
            31.2182857
          ],
          [
            121.4122476,
            31.2174337
          ],
          [
            121.4123548,
            31.21719
          ],
          [
            121.4124472,
            31.2169395
          ],
          [
            121.4125272,
            31.2166865
          ],
          [
            121.4125998,
            31.2164351
          ],
          [
            121.4126159,
            31.2163767
          ],
          [
            121.4126603,
            31.216222
          ]
        ]
      },
      "properties": {
        "osm_id": 95098483,
        "part": 0,
        "railway": "subway",
        "line_name": "",
        "colour": "#0f766e",
        "route_ids": ""
      }
    },
    {
      "type": "Feature",
      "geometry": {
        "type": "LineString",
        "coordinates": [
          [
            121.4164289,
            31.198663
          ],
          [
            121.4159345,
            31.1999947
          ],
          [
            121.4158571,
            31.2002031
          ],
          [
            121.4158423,
            31.2002419
          ],
          [
            121.4157602,
            31.2004575
          ],
          [
            121.4156575,
            31.2007121
          ],
          [
            121.4155561,
            31.2009679
          ],
          [
            121.4154535,
            31.2012222
          ],
          [
            121.4153385,
            31.201474
          ],
          [
            121.4152167,
            31.2017266
          ],
          [
            121.4148504,
            31.2024749
          ],
          [
            121.4147344,
            31.2027266
          ],
          [
            121.4146232,
            31.202978
          ],
          [
            121.4145228,
            31.2032332
          ],
          [
            121.4127106,
            31.2078448
          ],
          [
            121.4126132,
            31.2081027
          ],
          [
            121.4125342,
            31.2083671
          ],
          [
            121.412466,
            31.2086349
          ],
          [
            121.412408,
            31.2089013
          ],
          [
            121.412363,
            31.209168
          ],
          [
            121.4123349,
            31.2094402
          ],
          [
            121.4123219,
            31.2096589
          ],
          [
            121.4123085,
            31.2098631
          ],
          [
            121.4123153,
            31.2101952
          ],
          [
            121.4123294,
            31.2104811
          ],
          [
            121.4123509,
            31.2107318
          ],
          [
            121.4125522,
            31.2120742
          ],
          [
            121.4128082,
            31.2138061
          ],
          [
            121.4128415,
            31.2140426
          ],
          [
            121.4128694,
            31.2143174
          ],
          [
            121.4128828,
            31.2145762
          ],
          [
            121.4128921,
            31.2148509
          ],
          [
            121.4128843,
            31.215116
          ],
          [
            121.4128697,
            31.2153998
          ],
          [
            121.4128426,
            31.2156631
          ],
          [
            121.4128068,
            31.2159315
          ],
          [
            121.4127504,
            31.2161962
          ],
          [
            121.4126795,
            31.2164549
          ],
          [
            121.4126137,
            31.2167063
          ],
          [
            121.4125317,
            31.2169641
          ],
          [
            121.4124435,
            31.2172188
          ],
          [
            121.4123324,
            31.2174593
          ],
          [
            121.4116035,
            31.2189657
          ],
          [
            121.4108322,
            31.2205257
          ],
          [
            121.4083128,
            31.2256211
          ],
          [
            121.4081883,
            31.2258749
          ],
          [
            121.4080754,
            31.2261253
          ],
          [
            121.4079748,
            31.2263765
          ],
          [
            121.4078815,
            31.2266346
          ],
          [
            121.4077857,
            31.226902
          ],
          [
            121.4077069,
            31.2271581
          ],
          [
            121.4076382,
            31.2274198
          ],
          [
            121.4075757,
            31.2276897
          ],
          [
            121.4075224,
            31.2279569
          ],
          [
            121.4074799,
            31.2282259
          ],
          [
            121.4074506,
            31.2284507
          ],
          [
            121.4074278,
            31.2287637
          ],
          [
            121.4074147,
            31.2290349
          ],
          [
            121.4074104,
            31.2293009
          ],
          [
            121.4074136,
            31.2295745
          ],
          [
            121.407426,
            31.2298458
          ],
          [
            121.4074517,
            31.2301188
          ],
          [
            121.4074844,
            31.2303858
          ],
          [
            121.4075268,
            31.2306516
          ],
          [
            121.4075752,
            31.2309191
          ],
          [
            121.4076377,
            31.2311929
          ],
          [
            121.4077121,
            31.2314514
          ],
          [
            121.4077938,
            31.2317185
          ],
          [
            121.4078799,
            31.2319721
          ],
          [
            121.4079684,
            31.2322314
          ],
          [
            121.4080628,
            31.2324921
          ],
          [
            121.4088694,
            31.2347133
          ],
          [
            121.4096373,
            31.2368276
          ],
          [
            121.4097159,
            31.2370258
          ],
          [
            121.4098216,
            31.2372823
          ],
          [
            121.4099358,
            31.2375304
          ],
          [
            121.4100729,
            31.2377801
          ],
          [
            121.4102086,
            31.2380263
          ],
          [
            121.4103603,
            31.2382708
          ],
          [
            121.4105074,
            31.2385053
          ],
          [
            121.4106656,
            31.2387412
          ],
          [
            121.4108563,
            31.2390071
          ],
          [
            121.4110358,
            31.2392285
          ],
          [
            121.4112595,
            31.2394862
          ],
          [
            121.411451,
            31.2397028
          ],
          [
            121.4116515,
            31.2398991
          ],
          [
            121.4118643,
            31.2401173
          ],
          [
            121.412052,
            31.2402925
          ],
          [
            121.4122381,
            31.2404615
          ],
          [
            121.412432,
            31.2406201
          ],
          [
            121.4130761,
            31.241099
          ],
          [
            121.4137143,
            31.2415028
          ],
          [
            121.4137833,
            31.2415464
          ],
          [
            121.4139684,
            31.2416614
          ],
          [
            121.4213403,
            31.2459986
          ],
          [
            121.4221213,
            31.2464581
          ],
          [
            121.4223946,
            31.246614
          ],
          [
            121.424534,
            31.2477875
          ],
          [
            121.4251784,
            31.2481804
          ],
          [
            121.425799,
            31.2486167
          ],
          [
            121.4260282,
            31.2487993
          ],
          [
            121.4262933,
            31.2490209
          ],
          [
            121.4264958,
            31.2492009
          ],
          [
            121.4267333,
            31.2494303
          ],
          [
            121.4310772,
            31.2538566
          ],
          [
            121.4312813,
            31.2540585
          ],
          [
            121.4314984,
            31.2542598
          ],
          [
            121.4317206,
            31.254447
          ],
          [
            121.4319724,
            31.2546476
          ],
          [
            121.4322196,
            31.2548285
          ],
          [
            121.4324814,
            31.2550103
          ],
          [
            121.4327263,
            31.2551664
          ],
          [
            121.4329561,
            31.255301
          ],
          [
            121.4332211,
            31.2554471
          ],
          [
            121.4335031,
            31.2555854
          ],
          [
            121.4337738,
            31.2557096
          ],
          [
            121.4340149,
            31.2558152
          ],
          [
            121.4343031,
            31.2559272
          ],
          [
            121.4345441,
            31.2560107
          ],
          [
            121.434819,
            31.2560974
          ],
          [
            121.4351333,
            31.2561884
          ],
          [
            121.4354341,
            31.2562626
          ],
          [
            121.4355062,
            31.256279
          ],
          [
            121.4356344,
            31.2563044
          ],
          [
            121.4364091,
            31.2564319
          ],
          [
            121.4371998,
            31.2565383
          ],
          [
            121.4373667,
            31.2565608
          ],
          [
            121.4381373,
            31.2566646
          ],
          [
            121.4384378,
            31.2567063
          ],
          [
            121.4388236,
            31.2567461
          ],
          [
            121.4391872,
            31.2567534
          ],
          [
            121.4394112,
            31.256748
          ],
          [
            121.4396522,
            31.2567246
          ],
          [
            121.4398686,
            31.2566919
          ],
          [
            121.4400649,
            31.2566589
          ],
          [
            121.4403281,
            31.2566019
          ],
          [
            121.4406251,
            31.2565134
          ],
          [
            121.4409178,
            31.2564101
          ],
          [
            121.441199,
            31.2563021
          ],
          [
            121.4432055,
            31.255507
          ]
        ]
      },
      "properties": {
        "osm_id": 95098484,
        "part": 0,
        "railway": "subway",
        "line_name": "3 / 4",
        "colour": "#5F259F",
        "route_ids": "196854,6817178"
      }
    },
    {
      "type": "Feature",
      "geometry": {
        "type": "LineString",
        "coordinates": [
          [
            121.4116035,
            31.2189657
          ],
          [
            121.411703,
            31.2186743
          ],
          [
            121.4118838,
            31.2182971
          ],
          [
            121.4122962,
            31.217448
          ],
          [
            121.4124008,
            31.2172028
          ],
          [
            121.4124919,
            31.2169529
          ],
          [
            121.4125687,
            31.2166976
          ],
          [
            121.4126458,
            31.2164445
          ],
          [
            121.4126614,
            31.2163862
          ],
          [
            121.412696,
            31.2162306
          ]
        ]
      },
      "properties": {
        "osm_id": 95098486,
        "part": 0,
        "railway": "subway",
        "line_name": "",
        "colour": "#0f766e",
        "route_ids": ""
      }
    },
    {
      "type": "Feature",
      "geometry": {
        "type": "LineString",
        "coordinates": [
          [
            121.4116486,
            31.2186543
          ],
          [
            121.4117797,
            31.2184553
          ],
          [
            121.4118838,
            31.2182971
          ]
        ]
      },
      "properties": {
        "osm_id": 95098487,
        "part": 0,
        "railway": "subway",
        "line_name": "",
        "colour": "#0f766e",
        "route_ids": ""
      }
    },
    {
      "type": "Feature",
      "geometry": {
        "type": "LineString",
        "coordinates": [
          [
            121.4244313,
            31.1538758
          ],
          [
            121.4241457,
            31.1536199
          ]
        ]
      },
      "properties": {
        "osm_id": 95115673,
        "part": 0,
        "railway": "subway",
        "line_name": "",
        "colour": "#0f766e",
        "route_ids": ""
      }
    },
    {
      "type": "Feature",
      "geometry": {
        "type": "LineString",
        "coordinates": [
          [
            121.4168158,
            31.1484787
          ],
          [
            121.4170518,
            31.1486792
          ],
          [
            121.417177,
            31.1487881
          ]
        ]
      },
      "properties": {
        "osm_id": 95118524,
        "part": 0,
        "railway": "subway",
        "line_name": "",
        "colour": "#0f766e",
        "route_ids": ""
      }
    },
    {
      "type": "Feature",
      "geometry": {
        "type": "LineString",
        "coordinates": [
          [
            121.4160225,
            31.1479274
          ],
          [
            121.4166727,
            31.1483758
          ],
          [
            121.4168158,
            31.1484787
          ],
          [
            121.4173575,
            31.148872
          ]
        ]
      },
      "properties": {
        "osm_id": 95118526,
        "part": 0,
        "railway": "subway",
        "line_name": "",
        "colour": "#0f766e",
        "route_ids": ""
      }
    },
    {
      "type": "Feature",
      "geometry": {
        "type": "LineString",
        "coordinates": [
          [
            121.4126619,
            31.1453556
          ],
          [
            121.4128688,
            31.1456905
          ],
          [
            121.4129841,
            31.1458905
          ],
          [
            121.4129943,
            31.1459276
          ],
          [
            121.41309,
            31.1460913
          ],
          [
            121.413373,
            31.1464342
          ],
          [
            121.4136837,
            31.1467972
          ]
        ]
      },
      "properties": {
        "osm_id": 95118528,
        "part": 0,
        "railway": "subway",
        "line_name": "",
        "colour": "#0f766e",
        "route_ids": ""
      }
    },
    {
      "type": "Feature",
      "geometry": {
        "type": "LineString",
        "coordinates": [
          [
            121.4084956,
            31.1419302
          ],
          [
            121.4116261,
            31.1444514
          ],
          [
            121.4119016,
            31.1446757
          ],
          [
            121.4124299,
            31.1451414
          ],
          [
            121.4128165,
            31.1454426
          ],
          [
            121.415367,
            31.147492
          ]
        ]
      },
      "properties": {
        "osm_id": 95118529,
        "part": 0,
        "railway": "subway",
        "line_name": "",
        "colour": "#0f766e",
        "route_ids": ""
      }
    },
    {
      "type": "Feature",
      "geometry": {
        "type": "LineString",
        "coordinates": [
          [
            121.4128165,
            31.1454426
          ],
          [
            121.413085,
            31.1457264
          ],
          [
            121.4149691,
            31.1472468
          ]
        ]
      },
      "properties": {
        "osm_id": 95118533,
        "part": 0,
        "railway": "subway",
        "line_name": "",
        "colour": "#0f766e",
        "route_ids": ""
      }
    },
    {
      "type": "Feature",
      "geometry": {
        "type": "LineString",
        "coordinates": [
          [
            121.4085641,
            31.1419259
          ],
          [
            121.4116576,
            31.1444116
          ],
          [
            121.4121743,
            31.1448395
          ],
          [
            121.4127609,
            31.1453343
          ],
          [
            121.4156606,
            31.1476772
          ]
        ]
      },
      "properties": {
        "osm_id": 95118534,
        "part": 0,
        "railway": "subway",
        "line_name": "",
        "colour": "#0f766e",
        "route_ids": ""
      }
    },
    {
      "type": "Feature",
      "geometry": {
        "type": "LineString",
        "coordinates": [
          [
            121.4181098,
            31.1839547
          ],
          [
            121.4164786,
            31.1847206
          ]
        ]
      },
      "properties": {
        "osm_id": 95218928,
        "part": 0,
        "railway": "subway",
        "line_name": "",
        "colour": "#0f766e",
        "route_ids": ""
      }
    },
    {
      "type": "Feature",
      "geometry": {
        "type": "LineString",
        "coordinates": [
          [
            121.4150123,
            31.1856185
          ],
          [
            121.4148532,
            31.1857262
          ],
          [
            121.4146727,
            31.1858309
          ],
          [
            121.4144684,
            31.1859142
          ],
          [
            121.4142487,
            31.1859782
          ],
          [
            121.4140575,
            31.1860141
          ],
          [
            121.4139593,
            31.1860186
          ],
          [
            121.4139245,
            31.1860209
          ],
          [
            121.4105503,
            31.1862476
          ]
        ]
      },
      "properties": {
        "osm_id": 95218929,
        "part": 0,
        "railway": "subway",
        "line_name": "",
        "colour": "#0f766e",
        "route_ids": ""
      }
    },
    {
      "type": "Feature",
      "geometry": {
        "type": "LineString",
        "coordinates": [
          [
            121.4155607,
            31.1853533
          ],
          [
            121.415225,
            31.185649
          ]
        ]
      },
      "properties": {
        "osm_id": 95218931,
        "part": 0,
        "railway": "subway",
        "line_name": "",
        "colour": "#0f766e",
        "route_ids": ""
      }
    },
    {
      "type": "Feature",
      "geometry": {
        "type": "LineString",
        "coordinates": [
          [
            121.4148004,
            31.1855633
          ],
          [
            121.4145902,
            31.1856375
          ],
          [
            121.4143919,
            31.1857045
          ],
          [
            121.4141959,
            31.1857563
          ],
          [
            121.4140384,
            31.1857861
          ],
          [
            121.4139402,
            31.1857906
          ],
          [
            121.4139054,
            31.1857929
          ],
          [
            121.4105312,
            31.1860196
          ]
        ]
      },
      "properties": {
        "osm_id": 95218934,
        "part": 0,
        "railway": "subway",
        "line_name": "",
        "colour": "#0f766e",
        "route_ids": ""
      }
    },
    {
      "type": "Feature",
      "geometry": {
        "type": "LineString",
        "coordinates": [
          [
            121.4150646,
            31.1854782
          ],
          [
            121.4148441,
            31.1856182
          ],
          [
            121.4146437,
            31.1857258
          ],
          [
            121.4144382,
            31.1858173
          ],
          [
            121.4142244,
            31.1858752
          ],
          [
            121.414049,
            31.1859127
          ],
          [
            121.4139508,
            31.1859172
          ],
          [
            121.413916,
            31.1859195
          ],
          [
            121.4105418,
            31.1861461
          ]
        ]
      },
      "properties": {
        "osm_id": 95218936,
        "part": 0,
        "railway": "subway",
        "line_name": "",
        "colour": "#0f766e",
        "route_ids": ""
      }
    },
    {
      "type": "Feature",
      "geometry": {
        "type": "LineString",
        "coordinates": [
          [
            121.4146159,
            31.1854971
          ],
          [
            121.4143962,
            31.1855644
          ],
          [
            121.4141913,
            31.185619
          ],
          [
            121.4140268,
            31.1856467
          ],
          [
            121.4139286,
            31.1856512
          ],
          [
            121.4138936,
            31.1856535
          ],
          [
            121.4105195,
            31.1858801
          ]
        ]
      },
      "properties": {
        "osm_id": 95218938,
        "part": 0,
        "railway": "subway",
        "line_name": "",
        "colour": "#0f766e",
        "route_ids": ""
      }
    },
    {
      "type": "Feature",
      "geometry": {
        "type": "LineString",
        "coordinates": [
          [
            121.4160607,
            31.1849365
          ],
          [
            121.4156888,
            31.1851821
          ]
        ]
      },
      "properties": {
        "osm_id": 95218939,
        "part": 0,
        "railway": "subway",
        "line_name": "",
        "colour": "#0f766e",
        "route_ids": ""
      }
    },
    {
      "type": "Feature",
      "geometry": {
        "type": "LineString",
        "coordinates": [
          [
            121.4180842,
            31.1839198
          ],
          [
            121.4164663,
            31.1846847
          ],
          [
            121.416187,
            31.1848208
          ],
          [
            121.4157553,
            31.1850208
          ]
        ]
      },
      "properties": {
        "osm_id": 95218940,
        "part": 0,
        "railway": "subway",
        "line_name": "",
        "colour": "#0f766e",
        "route_ids": ""
      }
    },
    {
      "type": "Feature",
      "geometry": {
        "type": "LineString",
        "coordinates": [
          [
            121.4149536,
            31.1852655
          ],
          [
            121.4139016,
            31.1853289
          ],
          [
            121.4138666,
            31.1853312
          ],
          [
            121.4104925,
            31.1855578
          ]
        ]
      },
      "properties": {
        "osm_id": 95218941,
        "part": 0,
        "railway": "subway",
        "line_name": "",
        "colour": "#0f766e",
        "route_ids": ""
      }
    },
    {
      "type": "Feature",
      "geometry": {
        "type": "LineString",
        "coordinates": [
          [
            121.4164786,
            31.1847206
          ],
          [
            121.4162091,
            31.184856
          ],
          [
            121.4160607,
            31.1849365
          ]
        ]
      },
      "properties": {
        "osm_id": 95218943,
        "part": 0,
        "railway": "subway",
        "line_name": "",
        "colour": "#0f766e",
        "route_ids": ""
      }
    },
    {
      "type": "Feature",
      "geometry": {
        "type": "LineString",
        "coordinates": [
          [
            121.415106,
            31.1853334
          ],
          [
            121.4148964,
            31.1854329
          ]
        ]
      },
      "properties": {
        "osm_id": 95218944,
        "part": 0,
        "railway": "subway",
        "line_name": "",
        "colour": "#0f766e",
        "route_ids": ""
      }
    },
    {
      "type": "Feature",
      "geometry": {
        "type": "LineString",
        "coordinates": [
          [
            121.4152193,
            31.1855392
          ],
          [
            121.415048,
            31.1856571
          ],
          [
            121.4148829,
            31.1857577
          ],
          [
            121.4146976,
            31.1858644
          ],
          [
            121.4144886,
            31.1859569
          ],
          [
            121.414257,
            31.1860188
          ],
          [
            121.4140608,
            31.186053
          ],
          [
            121.4139626,
            31.1860575
          ],
          [
            121.4139278,
            31.1860598
          ],
          [
            121.4105536,
            31.1862865
          ]
        ]
      },
      "properties": {
        "osm_id": 95218945,
        "part": 0,
        "railway": "subway",
        "line_name": "",
        "colour": "#0f766e",
        "route_ids": ""
      }
    },
    {
      "type": "Feature",
      "geometry": {
        "type": "LineString",
        "coordinates": [
          [
            121.415225,
            31.185649
          ],
          [
            121.4150872,
            31.1857433
          ],
          [
            121.4149428,
            31.1858343
          ],
          [
            121.4147623,
            31.1859457
          ],
          [
            121.4145979,
            31.1860253
          ],
          [
            121.4144222,
            31.1860863
          ],
          [
            121.4142388,
            31.1861294
          ],
          [
            121.4140693,
            31.1861542
          ],
          [
            121.4139711,
            31.1861587
          ],
          [
            121.4139363,
            31.186161
          ],
          [
            121.410562,
            31.1863877
          ]
        ]
      },
      "properties": {
        "osm_id": 95218946,
        "part": 0,
        "railway": "subway",
        "line_name": "",
        "colour": "#0f766e",
        "route_ids": ""
      }
    },
    {
      "type": "Feature",
      "geometry": {
        "type": "LineString",
        "coordinates": [
          [
            121.415225,
            31.185649
          ],
          [
            121.4150995,
            31.1857593
          ],
          [
            121.4149684,
            31.185865
          ],
          [
            121.4147889,
            31.1859804
          ],
          [
            121.4146169,
            31.1860609
          ],
          [
            121.4144392,
            31.1861243
          ],
          [
            121.4142473,
            31.1861708
          ],
          [
            121.414073,
            31.1861981
          ],
          [
            121.4139748,
            31.1862026
          ],
          [
            121.41394,
            31.1862049
          ],
          [
            121.4105657,
            31.1864316
          ]
        ]
      },
      "properties": {
        "osm_id": 95218947,
        "part": 0,
        "railway": "subway",
        "line_name": "",
        "colour": "#0f766e",
        "route_ids": ""
      }
    },
    {
      "type": "Feature",
      "geometry": {
        "type": "LineString",
        "coordinates": [
          [
            121.4156164,
            31.1851163
          ],
          [
            121.4153533,
            31.1852971
          ]
        ]
      },
      "properties": {
        "osm_id": 95218948,
        "part": 0,
        "railway": "subway",
        "line_name": "",
        "colour": "#0f766e",
        "route_ids": ""
      }
    },
    {
      "type": "Feature",
      "geometry": {
        "type": "LineString",
        "coordinates": [
          [
            121.4154865,
            31.1853157
          ],
          [
            121.4150123,
            31.1856185
          ]
        ]
      },
      "properties": {
        "osm_id": 95218949,
        "part": 0,
        "railway": "subway",
        "line_name": "",
        "colour": "#0f766e",
        "route_ids": ""
      }
    },
    {
      "type": "Feature",
      "geometry": {
        "type": "LineString",
        "coordinates": [
          [
            121.4149099,
            31.1853188
          ],
          [
            121.4147038,
            31.1853599
          ],
          [
            121.4144758,
            31.1854036
          ],
          [
            121.4142478,
            31.1854402
          ],
          [
            121.4140119,
            31.1854689
          ],
          [
            121.4139137,
            31.1854734
          ],
          [
            121.4138787,
            31.1854757
          ],
          [
            121.4096797,
            31.1857493
          ]
        ]
      },
      "properties": {
        "osm_id": 95218951,
        "part": 0,
        "railway": "subway",
        "line_name": "",
        "colour": "#0f766e",
        "route_ids": ""
      }
    },
    {
      "type": "Feature",
      "geometry": {
        "type": "LineString",
        "coordinates": [
          [
            121.4149536,
            31.1852655
          ],
          [
            121.4146994,
            31.185316
          ],
          [
            121.4144638,
            31.1853609
          ],
          [
            121.4142358,
            31.1853901
          ],
          [
            121.4140072,
            31.1854138
          ],
          [
            121.4139091,
            31.1854183
          ],
          [
            121.4138741,
            31.1854206
          ],
          [
            121.4096744,
            31.1856988
          ]
        ]
      },
      "properties": {
        "osm_id": 95218952,
        "part": 0,
        "railway": "subway",
        "line_name": "",
        "colour": "#0f766e",
        "route_ids": ""
      }
    },
    {
      "type": "Feature",
      "geometry": {
        "type": "LineString",
        "coordinates": [
          [
            121.4156418,
            31.1852975
          ],
          [
            121.415482,
            31.1855636
          ],
          [
            121.414787,
            31.186721
          ]
        ]
      },
      "properties": {
        "osm_id": 95218953,
        "part": 0,
        "railway": "subway",
        "line_name": "",
        "colour": "#0f766e",
        "route_ids": ""
      }
    },
    {
      "type": "Feature",
      "geometry": {
        "type": "LineString",
        "coordinates": [
          [
            121.4148964,
            31.1854329
          ],
          [
            121.414642,
            31.1855536
          ],
          [
            121.4144227,
            31.1856327
          ],
          [
            121.4142129,
            31.1856976
          ],
          [
            121.4140337,
            31.1857293
          ],
          [
            121.4139355,
            31.1857338
          ],
          [
            121.4139006,
            31.1857361
          ],
          [
            121.4105264,
            31.1859628
          ]
        ]
      },
      "properties": {
        "osm_id": 95218954,
        "part": 0,
        "railway": "subway",
        "line_name": "",
        "colour": "#0f766e",
        "route_ids": ""
      }
    },
    {
      "type": "Feature",
      "geometry": {
        "type": "LineString",
        "coordinates": [
          [
            121.4155607,
            31.1853533
          ],
          [
            121.4153931,
            31.1855366
          ],
          [
            121.4152572,
            31.1856715
          ],
          [
            121.4151223,
            31.1857886
          ],
          [
            121.4149931,
            31.1858918
          ],
          [
            121.4148145,
            31.1860154
          ],
          [
            121.4146416,
            31.1860958
          ],
          [
            121.4144544,
            31.1861682
          ],
          [
            121.4142578,
            31.1862147
          ],
          [
            121.4140762,
            31.186237
          ],
          [
            121.413978,
            31.1862415
          ],
          [
            121.4139433,
            31.1862438
          ],
          [
            121.410569,
            31.1864705
          ]
        ]
      },
      "properties": {
        "osm_id": 95218956,
        "part": 0,
        "railway": "subway",
        "line_name": "",
        "colour": "#0f766e",
        "route_ids": ""
      }
    },
    {
      "type": "Feature",
      "geometry": {
        "type": "LineString",
        "coordinates": [
          [
            121.4153533,
            31.1852971
          ],
          [
            121.4150425,
            31.1854546
          ],
          [
            121.4148004,
            31.1855633
          ]
        ]
      },
      "properties": {
        "osm_id": 95218960,
        "part": 0,
        "railway": "subway",
        "line_name": "",
        "colour": "#0f766e",
        "route_ids": ""
      }
    },
    {
      "type": "Feature",
      "geometry": {
        "type": "LineString",
        "coordinates": [
          [
            121.4150123,
            31.1856185
          ],
          [
            121.4148342,
            31.1857069
          ],
          [
            121.4146477,
            31.1857973
          ],
          [
            121.4144542,
            31.1858756
          ],
          [
            121.4142368,
            31.1859335
          ],
          [
            121.4140539,
            31.1859703
          ],
          [
            121.4139557,
            31.1859748
          ],
          [
            121.4139208,
            31.1859771
          ],
          [
            121.4105466,
            31.1862037
          ]
        ]
      },
      "properties": {
        "osm_id": 95218961,
        "part": 0,
        "railway": "subway",
        "line_name": "",
        "colour": "#0f766e",
        "route_ids": ""
      }
    },
    {
      "type": "Feature",
      "geometry": {
        "type": "LineString",
        "coordinates": [
          [
            121.4152978,
            31.1857087
          ],
          [
            121.415179,
            31.1858634
          ],
          [
            121.4148819,
            31.1862897
          ],
          [
            121.4148599,
            31.1863217
          ],
          [
            121.4146148,
            31.1867039
          ]
        ]
      },
      "properties": {
        "osm_id": 95218962,
        "part": 0,
        "railway": "subway",
        "line_name": "",
        "colour": "#0f766e",
        "route_ids": ""
      }
    },
    {
      "type": "Feature",
      "geometry": {
        "type": "LineString",
        "coordinates": [
          [
            121.4164786,
            31.1847206
          ],
          [
            121.4163418,
            31.1847676
          ],
          [
            121.416187,
            31.1848208
          ]
        ]
      },
      "properties": {
        "osm_id": 95218964,
        "part": 0,
        "railway": "subway",
        "line_name": "",
        "colour": "#0f766e",
        "route_ids": ""
      }
    },
    {
      "type": "Feature",
      "geometry": {
        "type": "LineString",
        "coordinates": [
          [
            121.415179,
            31.1858634
          ],
          [
            121.4148309,
            31.1862669
          ],
          [
            121.4148116,
            31.1862978
          ],
          [
            121.4145645,
            31.1866788
          ]
        ]
      },
      "properties": {
        "osm_id": 95218967,
        "part": 0,
        "railway": "subway",
        "line_name": "",
        "colour": "#0f766e",
        "route_ids": ""
      }
    },
    {
      "type": "Feature",
      "geometry": {
        "type": "LineString",
        "coordinates": [
          [
            121.4146159,
            31.1854971
          ],
          [
            121.4143873,
            31.185539
          ],
          [
            121.4141795,
            31.1855809
          ],
          [
            121.4140231,
            31.1856028
          ],
          [
            121.4139249,
            31.1856073
          ],
          [
            121.41389,
            31.1856096
          ],
          [
            121.4105158,
            31.1858363
          ]
        ]
      },
      "properties": {
        "osm_id": 95218968,
        "part": 0,
        "railway": "subway",
        "line_name": "",
        "colour": "#0f766e",
        "route_ids": ""
      }
    },
    {
      "type": "Feature",
      "geometry": {
        "type": "LineString",
        "coordinates": [
          [
            121.415253,
            31.185206
          ],
          [
            121.4149099,
            31.1853188
          ]
        ]
      },
      "properties": {
        "osm_id": 95218969,
        "part": 0,
        "railway": "subway",
        "line_name": "",
        "colour": "#0f766e",
        "route_ids": ""
      }
    },
    {
      "type": "Feature",
      "geometry": {
        "type": "LineString",
        "coordinates": [
          [
            121.4156943,
            31.1852356
          ],
          [
            121.4155647,
            31.1853497
          ]
        ]
      },
      "properties": {
        "osm_id": 95218970,
        "part": 0,
        "railway": "subway",
        "line_name": "",
        "colour": "#0f766e",
        "route_ids": ""
      }
    },
    {
      "type": "Feature",
      "geometry": {
        "type": "LineString",
        "coordinates": [
          [
            121.4154865,
            31.1853157
          ],
          [
            121.4152193,
            31.1855392
          ]
        ]
      },
      "properties": {
        "osm_id": 95218971,
        "part": 0,
        "railway": "subway",
        "line_name": "",
        "colour": "#0f766e",
        "route_ids": ""
      }
    },
    {
      "type": "Feature",
      "geometry": {
        "type": "LineString",
        "coordinates": [
          [
            121.4164663,
            31.1846847
          ],
          [
            121.4163418,
            31.1847676
          ],
          [
            121.4162091,
            31.184856
          ]
        ]
      },
      "properties": {
        "osm_id": 95218972,
        "part": 0,
        "railway": "subway",
        "line_name": "",
        "colour": "#0f766e",
        "route_ids": ""
      }
    },
    {
      "type": "Feature",
      "geometry": {
        "type": "LineString",
        "coordinates": [
          [
            121.4150646,
            31.1854782
          ],
          [
            121.4148289,
            31.1855938
          ],
          [
            121.4146223,
            31.1856964
          ],
          [
            121.4144216,
            31.1857777
          ],
          [
            121.4142137,
            31.1858356
          ],
          [
            121.4140454,
            31.1858689
          ],
          [
            121.4139472,
            31.1858734
          ],
          [
            121.4139123,
            31.1858757
          ],
          [
            121.4105381,
            31.1861024
          ]
        ]
      },
      "properties": {
        "osm_id": 95218974,
        "part": 0,
        "railway": "subway",
        "line_name": "",
        "colour": "#0f766e",
        "route_ids": ""
      }
    },
    {
      "type": "Feature",
      "geometry": {
        "type": "LineString",
        "coordinates": [
          [
            121.415613,
            31.1850772
          ],
          [
            121.4154521,
            31.185141
          ],
          [
            121.415253,
            31.185206
          ]
        ]
      },
      "properties": {
        "osm_id": 95218976,
        "part": 0,
        "railway": "subway",
        "line_name": "",
        "colour": "#0f766e",
        "route_ids": ""
      }
    },
    {
      "type": "Feature",
      "geometry": {
        "type": "LineString",
        "coordinates": [
          [
            121.415482,
            31.1855636
          ],
          [
            121.415117,
            31.1860869
          ],
          [
            121.41474,
            31.186708
          ]
        ]
      },
      "properties": {
        "osm_id": 95218977,
        "part": 0,
        "railway": "subway",
        "line_name": "",
        "colour": "#0f766e",
        "route_ids": ""
      }
    },
    {
      "type": "Feature",
      "geometry": {
        "type": "LineString",
        "coordinates": [
          [
            121.415253,
            31.185206
          ],
          [
            121.4149536,
            31.1852655
          ]
        ]
      },
      "properties": {
        "osm_id": 95218978,
        "part": 0,
        "railway": "subway",
        "line_name": "",
        "colour": "#0f766e",
        "route_ids": ""
      }
    },
    {
      "type": "Feature",
      "geometry": {
        "type": "LineString",
        "coordinates": [
          [
            121.4156142,
            31.1850887
          ],
          [
            121.415106,
            31.1853334
          ]
        ]
      },
      "properties": {
        "osm_id": 95218979,
        "part": 0,
        "railway": "subway",
        "line_name": "",
        "colour": "#0f766e",
        "route_ids": ""
      }
    },
    {
      "type": "Feature",
      "geometry": {
        "type": "LineString",
        "coordinates": [
          [
            121.4149099,
            31.1853188
          ],
          [
            121.4144937,
            31.1854478
          ],
          [
            121.4142597,
            31.1855047
          ],
          [
            121.4140173,
            31.1855337
          ],
          [
            121.4139191,
            31.1855382
          ],
          [
            121.4138841,
            31.1855405
          ],
          [
            121.4105101,
            31.1857672
          ]
        ]
      },
      "properties": {
        "osm_id": 95218982,
        "part": 0,
        "railway": "subway",
        "line_name": "",
        "colour": "#0f766e",
        "route_ids": ""
      }
    },
    {
      "type": "Feature",
      "geometry": {
        "type": "LineString",
        "coordinates": [
          [
            121.4152978,
            31.1857087
          ],
          [
            121.4151555,
            31.1858276
          ],
          [
            121.4150286,
            31.1859304
          ],
          [
            121.4148462,
            31.18605
          ],
          [
            121.4146683,
            31.1861371
          ],
          [
            121.4144699,
            31.1862054
          ],
          [
            121.4142682,
            31.186257
          ],
          [
            121.4140799,
            31.1862808
          ],
          [
            121.4139817,
            31.1862853
          ],
          [
            121.413947,
            31.1862876
          ],
          [
            121.4105726,
            31.1865142
          ]
        ]
      },
      "properties": {
        "osm_id": 95218983,
        "part": 0,
        "railway": "subway",
        "line_name": "",
        "colour": "#0f766e",
        "route_ids": ""
      }
    },
    {
      "type": "Feature",
      "geometry": {
        "type": "LineString",
        "coordinates": [
          [
            121.4249386,
            31.1862904
          ],
          [
            121.4249986,
            31.1861081
          ],
          [
            121.4250498,
            31.1858932
          ],
          [
            121.4250785,
            31.1855836
          ],
          [
            121.425077,
            31.1853319
          ],
          [
            121.4250358,
            31.185084
          ],
          [
            121.4249617,
            31.1848358
          ],
          [
            121.4248388,
            31.1845823
          ],
          [
            121.4246487,
            31.1843372
          ],
          [
            121.4244408,
            31.1841102
          ],
          [
            121.4242087,
            31.183893
          ],
          [
            121.4239481,
            31.1836783
          ],
          [
            121.4237304,
            31.1835274
          ],
          [
            121.423475,
            31.1833763
          ],
          [
            121.4232132,
            31.1832593
          ],
          [
            121.4229421,
            31.1831899
          ],
          [
            121.4226363,
            31.1831821
          ],
          [
            121.4223425,
            31.1832092
          ],
          [
            121.4220108,
            31.1832668
          ],
          [
            121.4215304,
            31.1833608
          ]
        ]
      },
      "properties": {
        "osm_id": 95218984,
        "part": 0,
        "railway": "subway",
        "line_name": "",
        "colour": "#0f766e",
        "route_ids": ""
      }
    },
    {
      "type": "Feature",
      "geometry": {
        "type": "LineString",
        "coordinates": [
          [
            121.4152193,
            31.1855392
          ],
          [
            121.4150614,
            31.1856712
          ],
          [
            121.4149026,
            31.1857863
          ],
          [
            121.4147225,
            31.1858949
          ],
          [
            121.4145066,
            31.1859898
          ],
          [
            121.4142748,
            31.1860568
          ],
          [
            121.4140645,
            31.1860968
          ],
          [
            121.4139663,
            31.1861013
          ],
          [
            121.4139315,
            31.1861036
          ],
          [
            121.4105572,
            31.1863303
          ]
        ]
      },
      "properties": {
        "osm_id": 95218985,
        "part": 0,
        "railway": "subway",
        "line_name": "",
        "colour": "#0f766e",
        "route_ids": ""
      }
    },
    {
      "type": "Feature",
      "geometry": {
        "type": "LineString",
        "coordinates": [
          [
            121.4160607,
            31.1849365
          ],
          [
            121.4159257,
            31.1850372
          ],
          [
            121.4158098,
            31.1851339
          ],
          [
            121.4156943,
            31.1852356
          ]
        ]
      },
      "properties": {
        "osm_id": 95218987,
        "part": 0,
        "railway": "subway",
        "line_name": "",
        "colour": "#0f766e",
        "route_ids": ""
      }
    },
    {
      "type": "Feature",
      "geometry": {
        "type": "LineString",
        "coordinates": [
          [
            121.4156418,
            31.1852975
          ],
          [
            121.4154198,
            31.1855591
          ],
          [
            121.4152978,
            31.1857087
          ]
        ]
      },
      "properties": {
        "osm_id": 95218988,
        "part": 0,
        "railway": "subway",
        "line_name": "",
        "colour": "#0f766e",
        "route_ids": ""
      }
    },
    {
      "type": "Feature",
      "geometry": {
        "type": "LineString",
        "coordinates": [
          [
            121.4148964,
            31.1854329
          ],
          [
            121.4146313,
            31.1855303
          ],
          [
            121.4144094,
            31.185597
          ],
          [
            121.4142008,
            31.1856563
          ],
          [
            121.41403,
            31.1856856
          ],
          [
            121.4139318,
            31.1856901
          ],
          [
            121.4138969,
            31.1856924
          ],
          [
            121.4105228,
            31.1859191
          ]
        ]
      },
      "properties": {
        "osm_id": 95218989,
        "part": 0,
        "railway": "subway",
        "line_name": "",
        "colour": "#0f766e",
        "route_ids": ""
      }
    },
    {
      "type": "Feature",
      "geometry": {
        "type": "LineString",
        "coordinates": [
          [
            121.4148004,
            31.1855633
          ],
          [
            121.4145973,
            31.1856598
          ],
          [
            121.4144061,
            31.185736
          ],
          [
            121.4142054,
            31.1857959
          ],
          [
            121.4140421,
            31.18583
          ],
          [
            121.4139439,
            31.1858345
          ],
          [
            121.4139091,
            31.1858368
          ],
          [
            121.4105349,
            31.1860635
          ]
        ]
      },
      "properties": {
        "osm_id": 95218990,
        "part": 0,
        "railway": "subway",
        "line_name": "",
        "colour": "#0f766e",
        "route_ids": ""
      }
    },
    {
      "type": "Feature",
      "geometry": {
        "type": "LineString",
        "coordinates": [
          [
            121.415106,
            31.1853334
          ],
          [
            121.4148698,
            31.1854146
          ],
          [
            121.4146159,
            31.1854971
          ]
        ]
      },
      "properties": {
        "osm_id": 95218992,
        "part": 0,
        "railway": "subway",
        "line_name": "",
        "colour": "#0f766e",
        "route_ids": ""
      }
    },
    {
      "type": "Feature",
      "geometry": {
        "type": "LineString",
        "coordinates": [
          [
            121.4153533,
            31.1852971
          ],
          [
            121.4150646,
            31.1854782
          ]
        ]
      },
      "properties": {
        "osm_id": 95218993,
        "part": 0,
        "railway": "subway",
        "line_name": "",
        "colour": "#0f766e",
        "route_ids": ""
      }
    },
    {
      "type": "Feature",
      "geometry": {
        "type": "LineString",
        "coordinates": [
          [
            121.4472913,
            31.2539594
          ],
          [
            121.4512263,
            31.2524192
          ],
          [
            121.4515197,
            31.2523036
          ],
          [
            121.4520508,
            31.2521721
          ]
        ]
      },
      "properties": {
        "osm_id": 97546564,
        "part": 0,
        "railway": "subway",
        "line_name": "",
        "colour": "#0f766e",
        "route_ids": ""
      }
    },
    {
      "type": "Feature",
      "geometry": {
        "type": "LineString",
        "coordinates": [
          [
            121.4512263,
            31.2524192
          ],
          [
            121.4514715,
            31.2522877
          ]
        ]
      },
      "properties": {
        "osm_id": 97546576,
        "part": 0,
        "railway": "subway",
        "line_name": "",
        "colour": "#0f766e",
        "route_ids": ""
      }
    },
    {
      "type": "Feature",
      "geometry": {
        "type": "LineString",
        "coordinates": [
          [
            121.44322,
            31.2555353
          ],
          [
            121.441217,
            31.2563294
          ],
          [
            121.4409289,
            31.2564401
          ],
          [
            121.4406396,
            31.2565449
          ],
          [
            121.4403356,
            31.2566335
          ],
          [
            121.4400762,
            31.2566904
          ],
          [
            121.4398789,
            31.2567246
          ],
          [
            121.4396542,
            31.2567583
          ],
          [
            121.4394197,
            31.2567779
          ],
          [
            121.4391907,
            31.256785
          ],
          [
            121.4388209,
            31.256775
          ],
          [
            121.4384253,
            31.2567347
          ],
          [
            121.4381296,
            31.2566942
          ],
          [
            121.4377025,
            31.2566378
          ],
          [
            121.4364028,
            31.2564662
          ],
          [
            121.4356266,
            31.2563362
          ],
          [
            121.435503,
            31.25631
          ],
          [
            121.4354171,
            31.2562905
          ],
          [
            121.4351219,
            31.2562186
          ],
          [
            121.4347988,
            31.2561282
          ],
          [
            121.4345257,
            31.2560429
          ],
          [
            121.434285,
            31.2559601
          ],
          [
            121.4339947,
            31.2558477
          ],
          [
            121.4337509,
            31.2557408
          ],
          [
            121.4334811,
            31.2556177
          ],
          [
            121.4331947,
            31.2554731
          ],
          [
            121.4329307,
            31.2553306
          ],
          [
            121.4326996,
            31.2551911
          ],
          [
            121.4324557,
            31.2550373
          ],
          [
            121.4321911,
            31.2548562
          ],
          [
            121.4319441,
            31.2546702
          ],
          [
            121.4316898,
            31.2544678
          ],
          [
            121.431465,
            31.2542789
          ],
          [
            121.4312512,
            31.2540802
          ],
          [
            121.431045,
            31.2538749
          ],
          [
            121.4267061,
            31.2494522
          ],
          [
            121.4264608,
            31.2492174
          ],
          [
            121.4262682,
            31.2490419
          ],
          [
            121.426004,
            31.2488227
          ],
          [
            121.4257724,
            31.2486395
          ],
          [
            121.4251548,
            31.2482018
          ],
          [
            121.4245142,
            31.2478102
          ],
          [
            121.4223727,
            31.2466385
          ],
          [
            121.4220964,
            31.246482
          ],
          [
            121.4139511,
            31.2416858
          ],
          [
            121.4137611,
            31.2415726
          ],
          [
            121.4130517,
            31.2411217
          ],
          [
            121.412465,
            31.2406868
          ],
          [
            121.4124074,
            31.2406441
          ],
          [
            121.4122137,
            31.2404822
          ],
          [
            121.412024,
            31.2403124
          ],
          [
            121.4118403,
            31.2401375
          ],
          [
            121.4116224,
            31.2399182
          ],
          [
            121.4114244,
            31.2397229
          ],
          [
            121.4112335,
            31.2395074
          ],
          [
            121.4110128,
            31.2392439
          ],
          [
            121.4108304,
            31.2390238
          ],
          [
            121.4106358,
            31.2387567
          ],
          [
            121.410476,
            31.2385199
          ],
          [
            121.4103305,
            31.2382861
          ],
          [
            121.4101776,
            31.2380389
          ],
          [
            121.4100363,
            31.2377903
          ],
          [
            121.4099059,
            31.2375434
          ],
          [
            121.4097879,
            31.2372925
          ],
          [
            121.4096828,
            31.2370341
          ],
          [
            121.4096053,
            31.2368285
          ],
          [
            121.4083746,
            31.2334443
          ],
          [
            121.4080306,
            31.2324985
          ],
          [
            121.4079375,
            31.2322416
          ],
          [
            121.4078498,
            31.2319831
          ],
          [
            121.407767,
            31.2317242
          ],
          [
            121.4076867,
            31.2314571
          ],
          [
            121.4076088,
            31.2311956
          ],
          [
            121.4075448,
            31.2309237
          ],
          [
            121.4074936,
            31.230658
          ],
          [
            121.4074539,
            31.2303875
          ],
          [
            121.4074223,
            31.230119
          ],
          [
            121.4073992,
            31.2298485
          ],
          [
            121.4073801,
            31.2295738
          ],
          [
            121.4073776,
            31.2292998
          ],
          [
            121.4073857,
            31.2290334
          ],
          [
            121.4073951,
            31.2287591
          ],
          [
            121.4074141,
            31.2284445
          ],
          [
            121.4074466,
            31.2282211
          ],
          [
            121.4074936,
            31.2279513
          ],
          [
            121.4075435,
            31.2276846
          ],
          [
            121.4076073,
            31.2274155
          ],
          [
            121.4076781,
            31.2271481
          ],
          [
            121.4077572,
            31.2268904
          ],
          [
            121.4078502,
            31.2266258
          ],
          [
            121.4079436,
            31.2263679
          ],
          [
            121.4080459,
            31.2261166
          ],
          [
            121.4081607,
            31.2258635
          ],
          [
            121.4082838,
            31.2256119
          ],
          [
            121.4096217,
            31.2228904
          ],
          [
            121.4097376,
            31.2226445
          ],
          [
            121.4098562,
            31.222389
          ],
          [
            121.4099623,
            31.2221347
          ],
          [
            121.4104746,
            31.220941
          ],
          [
            121.4105542,
            31.2207775
          ],
          [
            121.41067,
            31.2205399
          ],
          [
            121.4113723,
            31.2191136
          ],
          [
            121.4114699,
            31.2189154
          ],
          [
            121.4122071,
            31.2174182
          ],
          [
            121.412313,
            31.2171787
          ],
          [
            121.4124051,
            31.2169269
          ],
          [
            121.4124833,
            31.2166785
          ],
          [
            121.4125586,
            31.2164254
          ],
          [
            121.4126201,
            31.2161712
          ],
          [
            121.4126703,
            31.2159085
          ],
          [
            121.4127255,
            31.2156543
          ],
          [
            121.4127562,
            31.2153875
          ],
          [
            121.4127881,
            31.2151148
          ],
          [
            121.4128055,
            31.2148438
          ],
          [
            121.4128191,
            31.2145819
          ],
          [
            121.4128214,
            31.2143107
          ],
          [
            121.4128076,
            31.2140472
          ],
          [
            121.412779,
            31.2138105
          ],
          [
            121.4123178,
            31.2107553
          ],
          [
            121.4123148,
            31.2107355
          ],
          [
            121.4122974,
            31.2104808
          ],
          [
            121.4122815,
            31.2101986
          ],
          [
            121.4122735,
            31.2098643
          ],
          [
            121.412285,
            31.2096589
          ],
          [
            121.4122995,
            31.2094392
          ],
          [
            121.4123286,
            31.2091635
          ],
          [
            121.4123739,
            31.2088934
          ],
          [
            121.4124309,
            31.2086254
          ],
          [
            121.4124991,
            31.2083592
          ],
          [
            121.4125815,
            31.2080902
          ],
          [
            121.4126724,
            31.2078344
          ],
          [
            121.413809,
            31.2049439
          ],
          [
            121.4144864,
            31.2032212
          ],
          [
            121.4145889,
            31.2029663
          ],
          [
            121.4147058,
            31.2027128
          ],
          [
            121.4148223,
            31.2024624
          ],
          [
            121.4151861,
            31.2017128
          ],
          [
            121.415228,
            31.2016269
          ],
          [
            121.4153073,
            31.2014645
          ],
          [
            121.4154178,
            31.2012122
          ],
          [
            121.4155223,
            31.200959
          ],
          [
            121.4156224,
            31.2007026
          ],
          [
            121.4156756,
            31.2005713
          ],
          [
            121.4156978,
            31.2005165
          ],
          [
            121.4157258,
            31.2004475
          ],
          [
            121.4158251,
            31.2001916
          ],
          [
            121.4163853,
            31.1986765
          ],
          [
            121.4163931,
            31.1986555
          ]
        ]
      },
      "properties": {
        "osm_id": 97546587,
        "part": 0,
        "railway": "subway",
        "line_name": "3 / 4",
        "colour": "#FFD100",
        "route_ids": "196738,7448423"
      }
    },
    {
      "type": "Feature",
      "geometry": {
        "type": "LineString",
        "coordinates": [
          [
            121.4329089,
            31.1847057
          ],
          [
            121.4333363,
            31.1848001
          ],
          [
            121.4346462,
            31.1851587
          ],
          [
            121.4355226,
            31.1854403
          ],
          [
            121.4361705,
            31.1856527
          ],
          [
            121.4365857,
            31.1858202
          ],
          [
            121.4368117,
            31.1859305
          ],
          [
            121.437036,
            31.186068
          ],
          [
            121.4374881,
            31.1863688
          ],
          [
            121.4376839,
            31.1864991
          ],
          [
            121.4385394,
            31.1868987
          ],
          [
            121.4391568,
            31.1873837
          ],
          [
            121.4407267,
            31.1886741
          ],
          [
            121.4425483,
            31.1895902
          ],
          [
            121.4437868,
            31.1899952
          ],
          [
            121.450205,
            31.1925581
          ],
          [
            121.4503509,
            31.192613
          ],
          [
            121.4503842,
            31.1926256
          ],
          [
            121.4513375,
            31.1929846
          ],
          [
            121.4557002,
            31.1946188
          ],
          [
            121.4591206,
            31.1959883
          ],
          [
            121.4593016,
            31.1960786
          ],
          [
            121.4611219,
            31.1972302
          ],
          [
            121.4626201,
            31.1981661
          ],
          [
            121.464626,
            31.1993529
          ],
          [
            121.4685121,
            31.200601
          ],
          [
            121.4706662,
            31.2010647
          ],
          [
            121.4732606,
            31.2016125
          ],
          [
            121.4757077,
            31.2021216
          ],
          [
            121.4757649,
            31.2021335
          ],
          [
            121.4780782,
            31.2026147
          ],
          [
            121.4803015,
            31.202957
          ],
          [
            121.4829723,
            31.2030037
          ],
          [
            121.485163,
            31.2035777
          ],
          [
            121.4852158,
            31.2035978
          ],
          [
            121.4856722,
            31.2037724
          ],
          [
            121.4873533,
            31.2049769
          ],
          [
            121.4874684,
            31.2050602
          ],
          [
            121.490337,
            31.2071368
          ],
          [
            121.4926075,
            31.2087706
          ],
          [
            121.4931279,
            31.209225
          ],
          [
            121.4937994,
            31.2096718
          ],
          [
            121.4940448,
            31.209835
          ],
          [
            121.4942377,
            31.2099595
          ],
          [
            121.4950964,
            31.2104294
          ],
          [
            121.4958351,
            31.2108495
          ],
          [
            121.4966471,
            31.2112944
          ],
          [
            121.4969417,
            31.2114503
          ],
          [
            121.4972402,
            31.2115851
          ],
          [
            121.49851,
            31.2122462
          ],
          [
            121.499014,
            31.2125748
          ],
          [
            121.4994823,
            31.2129374
          ],
          [
            121.502114,
            31.2151331
          ],
          [
            121.5024517,
            31.215351
          ],
          [
            121.5028939,
            31.2155499
          ],
          [
            121.5033612,
            31.2157123
          ],
          [
            121.5039857,
            31.215816
          ],
          [
            121.5045524,
            31.2157976
          ],
          [
            121.5052335,
            31.2156237
          ],
          [
            121.5059828,
            31.2153132
          ],
          [
            121.5088586,
            31.2138751
          ],
          [
            121.5094267,
            31.2136113
          ],
          [
            121.5100291,
            31.2133695
          ],
          [
            121.5109632,
            31.2130761
          ],
          [
            121.5120124,
            31.2127595
          ],
          [
            121.5128134,
            31.2125157
          ],
          [
            121.5130029,
            31.2124456
          ],
          [
            121.5131795,
            31.2123718
          ],
          [
            121.5135457,
            31.2121949
          ],
          [
            121.5142337,
            31.2118449
          ],
          [
            121.5161859,
            31.2108275
          ],
          [
            121.5166526,
            31.2106254
          ],
          [
            121.5171763,
            31.2104287
          ],
          [
            121.5194179,
            31.210007
          ],
          [
            121.5204541,
            31.2100054
          ],
          [
            121.5210872,
            31.2101073
          ],
          [
            121.5218504,
            31.2106584
          ],
          [
            121.5218593,
            31.2106648
          ],
          [
            121.5219859,
            31.2108087
          ],
          [
            121.5226185,
            31.2115276
          ],
          [
            121.5229705,
            31.2121924
          ],
          [
            121.5239049,
            31.2139652
          ],
          [
            121.5243683,
            31.2148529
          ],
          [
            121.5244609,
            31.2150304
          ],
          [
            121.524895,
            31.215862
          ],
          [
            121.5270241,
            31.2200956
          ],
          [
            121.5279872,
            31.2227649
          ],
          [
            121.5281179,
            31.2231597
          ],
          [
            121.5281484,
            31.2236649
          ],
          [
            121.527922,
            31.2243598
          ],
          [
            121.5275655,
            31.2252656
          ],
          [
            121.5273054,
            31.2259265
          ],
          [
            121.526534,
            31.2276711
          ],
          [
            121.5263158,
            31.2281571
          ],
          [
            121.526095,
            31.2285716
          ],
          [
            121.5260623,
            31.2286246
          ],
          [
            121.5260057,
            31.2287167
          ],
          [
            121.5258692,
            31.2289383
          ],
          [
            121.5255393,
            31.2293614
          ],
          [
            121.5253515,
            31.2295176
          ],
          [
            121.5250165,
            31.229752
          ],
          [
            121.523593,
            31.2305852
          ],
          [
            121.5231895,
            31.2308108
          ],
          [
            121.5229066,
            31.2309609
          ],
          [
            121.522871,
            31.2309798
          ],
          [
            121.5227886,
            31.2310235
          ],
          [
            121.5215807,
            31.2317699
          ],
          [
            121.5207941,
            31.2323167
          ],
          [
            121.5201521,
            31.2329003
          ],
          [
            121.5197994,
            31.2333516
          ],
          [
            121.5192005,
            31.234315
          ],
          [
            121.5187895,
            31.2350874
          ],
          [
            121.5174928,
            31.2376216
          ],
          [
            121.5169218,
            31.2385979
          ],
          [
            121.5163915,
            31.2393942
          ],
          [
            121.5157013,
            31.2404095
          ],
          [
            121.5153993,
            31.2409845
          ],
          [
            121.5152121,
            31.2416991
          ],
          [
            121.5151002,
            31.2421353
          ],
          [
            121.515023,
            31.2424535
          ],
          [
            121.5149667,
            31.2427402
          ],
          [
            121.5149426,
            31.2428763
          ],
          [
            121.5148893,
            31.243551
          ],
          [
            121.5148842,
            31.2440262
          ],
          [
            121.5148284,
            31.2449113
          ],
          [
            121.5144905,
            31.247166
          ],
          [
            121.5140874,
            31.2498554
          ],
          [
            121.5138768,
            31.2510464
          ],
          [
            121.5137195,
            31.251823
          ],
          [
            121.5135622,
            31.2522417
          ],
          [
            121.5128502,
            31.2536344
          ],
          [
            121.5122544,
            31.2547531
          ],
          [
            121.5116968,
            31.2557145
          ],
          [
            121.5114992,
            31.2560552
          ],
          [
            121.5105856,
            31.2574934
          ],
          [
            121.5100122,
            31.2582917
          ],
          [
            121.5093017,
            31.2591659
          ],
          [
            121.50856138283872,
            31.26
          ]
        ]
      },
      "properties": {
        "osm_id": 97550421,
        "part": 0,
        "railway": "subway",
        "line_name": "4",
        "colour": "#5F259F",
        "route_ids": "7448423"
      }
    },
    {
      "type": "Feature",
      "geometry": {
        "type": "LineString",
        "coordinates": [
          [
            121.48258986379311,
            31.26
          ],
          [
            121.4825772,
            31.2599909
          ],
          [
            121.4823966,
            31.2598449
          ],
          [
            121.4813395,
            31.259042
          ]
        ]
      },
      "properties": {
        "osm_id": 97550421,
        "part": 1,
        "railway": "subway",
        "line_name": "4",
        "colour": "#5F259F",
        "route_ids": "7448423"
      }
    },
    {
      "type": "Feature",
      "geometry": {
        "type": "LineString",
        "coordinates": [
          [
            121.4732731,
            31.2542279
          ],
          [
            121.474162,
            31.2547296
          ],
          [
            121.4744019,
            31.2548791
          ],
          [
            121.4746449,
            31.255048
          ],
          [
            121.4748764,
            31.2552381
          ],
          [
            121.4750928,
            31.2554451
          ],
          [
            121.4752762,
            31.2556604
          ],
          [
            121.4754398,
            31.255892
          ],
          [
            121.4755895,
            31.2561365
          ],
          [
            121.4757198,
            31.256381
          ],
          [
            121.4758228,
            31.2566379
          ],
          [
            121.4759001,
            31.2569007
          ],
          [
            121.4759545,
            31.2571253
          ],
          [
            121.4759912,
            31.2573932
          ],
          [
            121.4760057,
            31.2576228
          ],
          [
            121.4760108,
            31.257896
          ],
          [
            121.475991,
            31.2581678
          ],
          [
            121.4759189,
            31.2589788
          ],
          [
            121.4758997,
            31.2592516
          ],
          [
            121.47587842143706,
            31.26
          ]
        ]
      },
      "properties": {
        "osm_id": 97550422,
        "part": 0,
        "railway": "subway",
        "line_name": "3",
        "colour": "#FFD100",
        "route_ids": "6817178"
      }
    },
    {
      "type": "Feature",
      "geometry": {
        "type": "LineString",
        "coordinates": [
          [
            121.4811502,
            31.2588596
          ],
          [
            121.4813694,
            31.2590143
          ]
        ]
      },
      "properties": {
        "osm_id": 97550424,
        "part": 0,
        "railway": "subway",
        "line_name": "4",
        "colour": "#5F259F",
        "route_ids": "196854"
      }
    },
    {
      "type": "Feature",
      "geometry": {
        "type": "LineString",
        "coordinates": [
          [
            121.4813395,
            31.259042
          ],
          [
            121.4811235,
            31.2588822
          ]
        ]
      },
      "properties": {
        "osm_id": 97550425,
        "part": 0,
        "railway": "subway",
        "line_name": "4",
        "colour": "#5F259F",
        "route_ids": "7448423"
      }
    },
    {
      "type": "Feature",
      "geometry": {
        "type": "LineString",
        "coordinates": [
          [
            121.4696144,
            31.2522109
          ],
          [
            121.4688603,
            31.2517866
          ],
          [
            121.4686595,
            31.2516673
          ],
          [
            121.4684682,
            31.2515408
          ],
          [
            121.4682392,
            31.2513727
          ],
          [
            121.4680088,
            31.251182
          ],
          [
            121.4677921,
            31.2509855
          ],
          [
            121.4671631,
            31.2503869
          ],
          [
            121.4669466,
            31.2501936
          ],
          [
            121.4667176,
            31.2500258
          ],
          [
            121.466472,
            31.249858
          ],
          [
            121.4662199,
            31.2497133
          ],
          [
            121.4649972,
            31.2490998
          ],
          [
            121.464723,
            31.2489631
          ],
          [
            121.4644488,
            31.2488469
          ],
          [
            121.4641577,
            31.2487451
          ],
          [
            121.4638594,
            31.2486618
          ],
          [
            121.4635551,
            31.2485919
          ],
          [
            121.463246,
            31.2485466
          ],
          [
            121.4629345,
            31.2485127
          ],
          [
            121.4626219,
            31.2484966
          ],
          [
            121.4623047,
            31.2484949
          ],
          [
            121.461996,
            31.2485159
          ],
          [
            121.4616856,
            31.2485485
          ],
          [
            121.4613763,
            31.2485979
          ]
        ]
      },
      "properties": {
        "osm_id": 97550427,
        "part": 0,
        "railway": "subway",
        "line_name": "3 / 4",
        "colour": "#FFD100",
        "route_ids": "196738,7448423"
      }
    },
    {
      "type": "Feature",
      "geometry": {
        "type": "LineString",
        "coordinates": [
          [
            121.4373667,
            31.2565608
          ],
          [
            121.4377025,
            31.2566378
          ]
        ]
      },
      "properties": {
        "osm_id": 97659382,
        "part": 0,
        "railway": "subway",
        "line_name": "",
        "colour": "#0f766e",
        "route_ids": ""
      }
    },
    {
      "type": "Feature",
      "geometry": {
        "type": "LineString",
        "coordinates": [
          [
            121.5550272,
            31.2046333
          ],
          [
            121.5570239,
            31.2043854
          ],
          [
            121.5592043,
            31.2043409
          ]
        ]
      },
      "properties": {
        "osm_id": 100680703,
        "part": 0,
        "railway": "monorail",
        "line_name": "",
        "colour": "#0f766e",
        "route_ids": ""
      }
    },
    {
      "type": "Feature",
      "geometry": {
        "type": "LineString",
        "coordinates": [
          [
            121.5587657,
            31.2054666
          ],
          [
            121.5589899,
            31.2054416
          ],
          [
            121.5592494,
            31.2054186
          ],
          [
            121.5595601,
            31.2054093
          ],
          [
            121.5598659,
            31.205428
          ],
          [
            121.56,
            31.205444374959296
          ]
        ]
      },
      "properties": {
        "osm_id": 120944658,
        "part": 0,
        "railway": "subway",
        "line_name": "",
        "colour": "#0f766e",
        "route_ids": ""
      }
    },
    {
      "type": "Feature",
      "geometry": {
        "type": "LineString",
        "coordinates": [
          [
            121.47584717173913,
            31.26
          ],
          [
            121.4758658,
            31.2592497
          ],
          [
            121.4758879,
            31.2589771
          ],
          [
            121.4759577,
            31.2581646
          ],
          [
            121.4759755,
            31.2578955
          ],
          [
            121.4759745,
            31.2576248
          ],
          [
            121.4759628,
            31.2573954
          ],
          [
            121.4759214,
            31.2571314
          ],
          [
            121.4758704,
            31.2569052
          ],
          [
            121.4757896,
            31.2566435
          ],
          [
            121.4756874,
            31.2563931
          ],
          [
            121.4755587,
            31.2561479
          ],
          [
            121.4754082,
            31.2559101
          ],
          [
            121.4752473,
            31.2556818
          ],
          [
            121.475064,
            31.2554675
          ],
          [
            121.4748477,
            31.2552603
          ],
          [
            121.4746187,
            31.2550732
          ],
          [
            121.4743815,
            31.2549027
          ],
          [
            121.4741424,
            31.2547566
          ],
          [
            121.4732492,
            31.2542557
          ]
        ]
      },
      "properties": {
        "osm_id": 144554238,
        "part": 0,
        "railway": "subway",
        "line_name": "3",
        "colour": "#FFD100",
        "route_ids": "196738"
      }
    },
    {
      "type": "Feature",
      "geometry": {
        "type": "LineString",
        "coordinates": [
          [
            121.4744792,
            31.2551436
          ],
          [
            121.4738575,
            31.2546872
          ]
        ]
      },
      "properties": {
        "osm_id": 144987339,
        "part": 0,
        "railway": "subway",
        "line_name": "4",
        "colour": "#5F259F",
        "route_ids": "7448423"
      }
    },
    {
      "type": "Feature",
      "geometry": {
        "type": "LineString",
        "coordinates": [
          [
            121.4913194,
            31.1743078
          ],
          [
            121.4909331,
            31.1764007
          ],
          [
            121.4902088,
            31.1805587
          ],
          [
            121.4902041,
            31.1805809
          ],
          [
            121.4901965,
            31.180617
          ],
          [
            121.4900011,
            31.1815435
          ],
          [
            121.4896435,
            31.1830412
          ],
          [
            121.489369,
            31.1843423
          ],
          [
            121.4892686,
            31.1850416
          ],
          [
            121.489316,
            31.1856655
          ],
          [
            121.4893707,
            31.1863689
          ],
          [
            121.4893986,
            31.1866113
          ],
          [
            121.4894217,
            31.1871027
          ],
          [
            121.4894929,
            31.1880715
          ],
          [
            121.4896047,
            31.1887061
          ],
          [
            121.4903766,
            31.1909238
          ],
          [
            121.4905021,
            31.1916018
          ],
          [
            121.4905923,
            31.1922873
          ],
          [
            121.4906232,
            31.1927738
          ],
          [
            121.4906033,
            31.1933432
          ],
          [
            121.490548,
            31.1939051
          ],
          [
            121.4904653,
            31.1945095
          ],
          [
            121.4903659,
            31.1950262
          ],
          [
            121.4902996,
            31.1952835
          ],
          [
            121.4902049,
            31.1955407
          ],
          [
            121.4900441,
            31.1958706
          ],
          [
            121.4878983,
            31.1994708
          ],
          [
            121.4878721,
            31.1995147
          ],
          [
            121.486836,
            31.2010853
          ],
          [
            121.4862566,
            31.2018745
          ],
          [
            121.4857692,
            31.2024881
          ],
          [
            121.4852158,
            31.2035978
          ],
          [
            121.4851508,
            31.2037283
          ],
          [
            121.484719,
            31.2045943
          ],
          [
            121.4839036,
            31.2063416
          ],
          [
            121.4836718,
            31.2070169
          ],
          [
            121.4831569,
            31.2093514
          ],
          [
            121.4828736,
            31.2103057
          ],
          [
            121.4825045,
            31.2113848
          ],
          [
            121.4821269,
            31.2127061
          ],
          [
            121.4817836,
            31.2133668
          ]
        ]
      },
      "properties": {
        "osm_id": 169026109,
        "part": 0,
        "railway": "subway",
        "line_name": "8",
        "colour": "#009FDF",
        "route_ids": "196737"
      }
    },
    {
      "type": "Feature",
      "geometry": {
        "type": "LineString",
        "coordinates": [
          [
            121.4769626,
            31.256341
          ],
          [
            121.4763677,
            31.2561707
          ],
          [
            121.476074,
            31.2560782
          ],
          [
            121.4757761,
            31.2559616
          ],
          [
            121.4754954,
            31.2558271
          ],
          [
            121.4752337,
            31.2556827
          ],
          [
            121.4750064,
            31.2555328
          ],
          [
            121.4747584,
            31.2553592
          ],
          [
            121.4744792,
            31.2551436
          ]
        ]
      },
      "properties": {
        "osm_id": 175759819,
        "part": 0,
        "railway": "subway",
        "line_name": "4",
        "colour": "#5F259F",
        "route_ids": "7448423"
      }
    },
    {
      "type": "Feature",
      "geometry": {
        "type": "LineString",
        "coordinates": [
          [
            121.4335758,
            31.2425665
          ],
          [
            121.4325788,
            31.2418557
          ],
          [
            121.4321356,
            31.2414388
          ],
          [
            121.4313167,
            31.2404826
          ],
          [
            121.4310586,
            31.2402287
          ],
          [
            121.430752,
            31.2400073
          ],
          [
            121.4304453,
            31.2398854
          ],
          [
            121.4301608,
            31.2398036
          ],
          [
            121.4291636,
            31.2395621
          ],
          [
            121.4282547,
            31.2392754
          ],
          [
            121.4274782,
            31.2388152
          ],
          [
            121.4269436,
            31.2382324
          ],
          [
            121.4266459,
            31.2375399
          ],
          [
            121.4264557,
            31.2369824
          ],
          [
            121.4260607,
            31.236348
          ],
          [
            121.4253224,
            31.2353621
          ],
          [
            121.4251577,
            31.2351788
          ],
          [
            121.424932,
            31.2349443
          ],
          [
            121.4246831,
            31.2347137
          ],
          [
            121.4243165,
            31.2344501
          ],
          [
            121.4238446,
            31.2342223
          ],
          [
            121.4233447,
            31.2340595
          ],
          [
            121.4228525,
            31.2339381
          ],
          [
            121.4223849,
            31.2338547
          ],
          [
            121.4219011,
            31.233733
          ],
          [
            121.4214987,
            31.2336044
          ],
          [
            121.4210677,
            31.2334236
          ],
          [
            121.4207018,
            31.2331907
          ],
          [
            121.420275,
            31.2329091
          ],
          [
            121.4199375,
            31.2327353
          ],
          [
            121.4195526,
            31.2325711
          ],
          [
            121.418888,
            31.2323034
          ],
          [
            121.4186166,
            31.2321983
          ],
          [
            121.4153999,
            31.2309525
          ],
          [
            121.4148307,
            31.2308071
          ],
          [
            121.4142353,
            31.2307198
          ],
          [
            121.4135832,
            31.2307368
          ],
          [
            121.4129618,
            31.2309171
          ],
          [
            121.4124321,
            31.2312023
          ],
          [
            121.4114428,
            31.2320394
          ],
          [
            121.4107567,
            31.2324593
          ],
          [
            121.4100054,
            31.2327805
          ],
          [
            121.4092699,
            31.2330003
          ],
          [
            121.4087115,
            31.2330854
          ],
          [
            121.4080125,
            31.233133
          ],
          [
            121.4072204,
            31.2331479
          ],
          [
            121.4063305,
            31.2331648
          ],
          [
            121.4055013,
            31.2331878
          ],
          [
            121.4046139,
            31.23325
          ],
          [
            121.4040475,
            31.2333034
          ],
          [
            121.4034211,
            31.2333811
          ],
          [
            121.4008881,
            31.2337447
          ],
          [
            121.4,
            31.233839837985258
          ]
        ]
      },
      "properties": {
        "osm_id": 181000526,
        "part": 0,
        "railway": "subway",
        "line_name": "13",
        "colour": "#EF95CF",
        "route_ids": "214631"
      }
    },
    {
      "type": "Feature",
      "geometry": {
        "type": "LineString",
        "coordinates": [
          [
            121.56,
            31.20428521722893
          ],
          [
            121.5592043,
            31.2043409
          ],
          [
            121.5550272,
            31.2046333
          ],
          [
            121.5523938,
            31.2048177
          ],
          [
            121.552269,
            31.2048264
          ]
        ]
      },
      "properties": {
        "osm_id": 299283036,
        "part": 0,
        "railway": "monorail",
        "line_name": "磁浮",
        "colour": "#009090",
        "route_ids": "9786758"
      }
    },
    {
      "type": "Feature",
      "geometry": {
        "type": "LineString",
        "coordinates": [
          [
            121.56,
            31.203763547112363
          ],
          [
            121.5572594,
            31.2039619
          ],
          [
            121.5569918,
            31.2039813
          ],
          [
            121.5561162,
            31.2040286
          ],
          [
            121.5560765,
            31.2040312
          ],
          [
            121.5557763,
            31.2040512
          ],
          [
            121.5548167,
            31.2040888
          ],
          [
            121.5533537,
            31.2041995
          ],
          [
            121.5523938,
            31.2042735
          ]
        ]
      },
      "properties": {
        "osm_id": 318984852,
        "part": 0,
        "railway": "subway",
        "line_name": "16",
        "colour": "#2CD5C4",
        "route_ids": "5178631,10241348,13618692"
      }
    },
    {
      "type": "Feature",
      "geometry": {
        "type": "LineString",
        "coordinates": [
          [
            121.5523922,
            31.2042153
          ],
          [
            121.5533465,
            31.2041501
          ],
          [
            121.5548198,
            31.2040401
          ],
          [
            121.5557744,
            31.2040007
          ],
          [
            121.5560814,
            31.2039861
          ],
          [
            121.5561138,
            31.2039846
          ],
          [
            121.5569876,
            31.2039372
          ],
          [
            121.5572413,
            31.2039189
          ],
          [
            121.5572963,
            31.2039149
          ],
          [
            121.5586306,
            31.2038007
          ],
          [
            121.56,
            31.203708028957163
          ]
        ]
      },
      "properties": {
        "osm_id": 318984853,
        "part": 0,
        "railway": "subway",
        "line_name": "16",
        "colour": "#2CD5C4",
        "route_ids": "6803856,10241349,13618691"
      }
    },
    {
      "type": "Feature",
      "geometry": {
        "type": "LineString",
        "coordinates": [
          [
            121.4838312,
            31.1762458
          ],
          [
            121.4835162,
            31.17659
          ],
          [
            121.4832239,
            31.1769601
          ],
          [
            121.4828985,
            31.1773706
          ],
          [
            121.4828509,
            31.1774334
          ],
          [
            121.4827976,
            31.1775037
          ],
          [
            121.4827661,
            31.1775452
          ],
          [
            121.4824874,
            31.1780952
          ],
          [
            121.4822239,
            31.1788088
          ],
          [
            121.4820715,
            31.1791321
          ],
          [
            121.4819874,
            31.1793104
          ],
          [
            121.4817412,
            31.1797526
          ],
          [
            121.4814143,
            31.1803608
          ],
          [
            121.4812121,
            31.1808406
          ],
          [
            121.480918,
            31.1816747
          ],
          [
            121.480484,
            31.1829845
          ],
          [
            121.4804143,
            31.1831925
          ],
          [
            121.4799211,
            31.1846627
          ],
          [
            121.4794259,
            31.1861644
          ],
          [
            121.4793346,
            31.1864413
          ],
          [
            121.4788961,
            31.1876696
          ],
          [
            121.4785798,
            31.1887833
          ],
          [
            121.4785147,
            31.189271
          ],
          [
            121.4784881,
            31.1898492
          ],
          [
            121.4785311,
            31.1906152
          ],
          [
            121.4786583,
            31.1914493
          ],
          [
            121.4788122,
            31.1925697
          ],
          [
            121.4788522,
            31.1933901
          ],
          [
            121.4787982,
            31.1942058
          ],
          [
            121.4787046,
            31.1948798
          ],
          [
            121.478557,
            31.1955936
          ],
          [
            121.4782888,
            31.196587
          ],
          [
            121.4780327,
            31.1972935
          ],
          [
            121.4777231,
            31.1979772
          ],
          [
            121.4771259,
            31.1992464
          ],
          [
            121.4762956,
            31.2011562
          ],
          [
            121.4759778,
            31.2017414
          ],
          [
            121.4757649,
            31.2021335
          ],
          [
            121.4755643,
            31.2024865
          ],
          [
            121.4748258,
            31.2038633
          ],
          [
            121.474234,
            31.2056015
          ],
          [
            121.4739353,
            31.2064787
          ],
          [
            121.4733559,
            31.2075615
          ],
          [
            121.4726425,
            31.2089221
          ],
          [
            121.4719147,
            31.2112388
          ],
          [
            121.4719006,
            31.2112837
          ],
          [
            121.471776,
            31.2116803
          ],
          [
            121.4711726,
            31.2143688
          ],
          [
            121.4709079,
            31.2153725
          ],
          [
            121.4705425,
            31.2165121
          ],
          [
            121.4698412,
            31.2179539
          ],
          [
            121.4696462,
            31.2183155
          ],
          [
            121.4695554,
            31.2184421
          ],
          [
            121.4694565,
            31.2185827
          ],
          [
            121.4693785,
            31.2186915
          ],
          [
            121.4692924,
            31.2188003
          ],
          [
            121.4692224,
            31.2188972
          ],
          [
            121.4691443,
            31.218994
          ],
          [
            121.469001,
            31.2191547
          ],
          [
            121.4688068,
            31.2193373
          ],
          [
            121.4685909,
            31.2195095
          ],
          [
            121.4684014,
            31.219648
          ],
          [
            121.4682027,
            31.2197746
          ],
          [
            121.4680016,
            31.219885
          ],
          [
            121.4678316,
            31.2199682
          ],
          [
            121.4676545,
            31.2200328
          ],
          [
            121.4674743,
            31.2200858
          ],
          [
            121.4671905,
            31.2201425
          ],
          [
            121.4666231,
            31.2201986
          ],
          [
            121.4662938,
            31.2202155
          ],
          [
            121.4659646,
            31.2202324
          ],
          [
            121.4651662,
            31.2202418
          ],
          [
            121.4639449,
            31.2202525
          ],
          [
            121.4636573,
            31.220255
          ],
          [
            121.4631804,
            31.2202447
          ],
          [
            121.462942,
            31.2202467
          ],
          [
            121.4627035,
            31.2202555
          ],
          [
            121.4624522,
            31.2202718
          ],
          [
            121.4621673,
            31.2203136
          ],
          [
            121.4620209,
            31.2203389
          ],
          [
            121.4618825,
            31.2203712
          ],
          [
            121.4616165,
            31.2204491
          ],
          [
            121.4613838,
            31.2205343
          ],
          [
            121.4611744,
            31.2206433
          ],
          [
            121.4609471,
            31.2207978
          ],
          [
            121.4607415,
            31.220964
          ],
          [
            121.4605554,
            31.2211251
          ],
          [
            121.460495,
            31.2211864
          ],
          [
            121.4603692,
            31.221314
          ],
          [
            121.4601171,
            31.2215769
          ],
          [
            121.4598571,
            31.2218636
          ],
          [
            121.459409,
            31.2223915
          ],
          [
            121.4591601,
            31.2227222
          ],
          [
            121.4589729,
            31.2230545
          ],
          [
            121.4588194,
            31.223477
          ],
          [
            121.45873,
            31.2239443
          ],
          [
            121.4586703,
            31.2252574
          ],
          [
            121.4586076,
            31.2255665
          ],
          [
            121.4586827,
            31.2258715
          ],
          [
            121.4586612,
            31.2265477
          ],
          [
            121.4586228,
            31.2272501
          ],
          [
            121.4586016,
            31.2275648
          ],
          [
            121.4584522,
            31.228563
          ],
          [
            121.4582167,
            31.2292993
          ],
          [
            121.4579797,
            31.2304735
          ],
          [
            121.4576857,
            31.2312858
          ],
          [
            121.4574989,
            31.2318875
          ],
          [
            121.4574035,
            31.2324708
          ],
          [
            121.4573844,
            31.2330714
          ],
          [
            121.4574217,
            31.2336465
          ],
          [
            121.457539,
            31.2343922
          ],
          [
            121.4576695,
            31.2350091
          ],
          [
            121.4578179,
            31.2356213
          ],
          [
            121.4579312,
            31.2361188
          ],
          [
            121.4579948,
            31.2364663
          ],
          [
            121.4580165,
            31.2368085
          ],
          [
            121.4580227,
            31.2370938
          ],
          [
            121.4580056,
            31.2373991
          ],
          [
            121.4579515,
            31.2378295
          ],
          [
            121.4578682,
            31.2382599
          ],
          [
            121.4577677,
            31.2385973
          ],
          [
            121.4576439,
            31.2389447
          ],
          [
            121.4575854,
            31.2390953
          ],
          [
            121.4571775,
            31.2399558
          ],
          [
            121.4567408,
            31.2407301
          ],
          [
            121.4565369,
            31.2410408
          ],
          [
            121.4562912,
            31.2413301
          ],
          [
            121.4559208,
            31.2416628
          ],
          [
            121.4556272,
            31.2418669
          ],
          [
            121.4551473,
            31.2421493
          ],
          [
            121.4543015,
            31.2425757
          ],
          [
            121.4534302,
            31.2430252
          ],
          [
            121.453207,
            31.2431468
          ],
          [
            121.4528934,
            31.2433445
          ],
          [
            121.4526483,
            31.2435081
          ],
          [
            121.4524584,
            31.2436761
          ],
          [
            121.452297,
            31.2438542
          ],
          [
            121.4521098,
            31.2440699
          ],
          [
            121.4519932,
            31.2442302
          ],
          [
            121.451904,
            31.2443528
          ],
          [
            121.4516572,
            31.2446819
          ],
          [
            121.4513935,
            31.2450796
          ],
          [
            121.4512201,
            31.2453428
          ],
          [
            121.4509128,
            31.2457934
          ],
          [
            121.4507248,
            31.2460623
          ],
          [
            121.4505554,
            31.2462848
          ],
          [
            121.4504121,
            31.2464384
          ],
          [
            121.450271,
            31.2465745
          ],
          [
            121.4502294,
            31.2466147
          ],
          [
            121.4499317,
            31.2468301
          ],
          [
            121.4494985,
            31.2470959
          ],
          [
            121.449057,
            31.2473
          ],
          [
            121.4488523,
            31.2473703
          ],
          [
            121.4486345,
            31.247435
          ],
          [
            121.4484243,
            31.2474848
          ],
          [
            121.4481992,
            31.2475166
          ],
          [
            121.4479438,
            31.2475283
          ],
          [
            121.4476977,
            31.2475216
          ],
          [
            121.4472136,
            31.2474943
          ],
          [
            121.4463955,
            31.247443
          ],
          [
            121.4453226,
            31.2473696
          ],
          [
            121.4448774,
            31.2473513
          ],
          [
            121.4442807,
            31.2472797
          ],
          [
            121.4436296,
            31.2471782
          ],
          [
            121.4429301,
            31.2470853
          ],
          [
            121.4419323,
            31.2468193
          ],
          [
            121.4408916,
            31.2465028
          ],
          [
            121.4398399,
            31.2461627
          ],
          [
            121.4387561,
            31.2458534
          ],
          [
            121.437785,
            31.2454789
          ],
          [
            121.436576,
            31.2449659
          ],
          [
            121.4354112,
            31.2441511
          ],
          [
            121.4339734,
            31.2428453
          ],
          [
            121.4335758,
            31.2425665
          ]
        ]
      },
      "properties": {
        "osm_id": 318987668,
        "part": 0,
        "railway": "subway",
        "line_name": "13",
        "colour": "#EF95CF",
        "route_ids": "214631"
      }
    },
    {
      "type": "Feature",
      "geometry": {
        "type": "LineString",
        "coordinates": [
          [
            121.4290841,
            31.1704272
          ],
          [
            121.4322836,
            31.170638
          ],
          [
            121.4338004,
            31.1709574
          ],
          [
            121.4389553,
            31.172043
          ],
          [
            121.4396513,
            31.1722329
          ],
          [
            121.4464242,
            31.1740804
          ],
          [
            121.447208,
            31.1743105
          ],
          [
            121.4475235,
            31.1744914
          ],
          [
            121.447677,
            31.1746501
          ],
          [
            121.4478041,
            31.1748618
          ],
          [
            121.4479388,
            31.1752586
          ],
          [
            121.4480228,
            31.1756819
          ],
          [
            121.4481465,
            31.1763395
          ],
          [
            121.4482038,
            31.1766437
          ],
          [
            121.4483362,
            31.1774298
          ],
          [
            121.4484077,
            31.1780143
          ],
          [
            121.4484351,
            31.1784473
          ],
          [
            121.4483834,
            31.1789057
          ],
          [
            121.4482615,
            31.1793379
          ],
          [
            121.4479846,
            31.1801139
          ],
          [
            121.4477989,
            31.1806441
          ],
          [
            121.4477685,
            31.1808164
          ],
          [
            121.4477038,
            31.1811828
          ],
          [
            121.4476927,
            31.1816968
          ],
          [
            121.4477841,
            31.1823143
          ],
          [
            121.447949,
            31.1828474
          ],
          [
            121.4481494,
            31.1832983
          ],
          [
            121.4483741,
            31.1837144
          ],
          [
            121.4486344,
            31.1840731
          ],
          [
            121.4488698,
            31.1843049
          ],
          [
            121.4491692,
            31.1845136
          ],
          [
            121.4496015,
            31.1848235
          ],
          [
            121.4500601,
            31.1852402
          ],
          [
            121.4503624,
            31.1855149
          ],
          [
            121.4507127,
            31.1857998
          ],
          [
            121.4511693,
            31.1861242
          ],
          [
            121.4518647,
            31.1865276
          ],
          [
            121.4524484,
            31.1867553
          ],
          [
            121.4525168,
            31.1867819
          ],
          [
            121.4527219,
            31.1868619
          ],
          [
            121.459567,
            31.189712
          ],
          [
            121.4599926,
            31.1899313
          ],
          [
            121.4603842,
            31.1901942
          ],
          [
            121.4606276,
            31.1904114
          ],
          [
            121.460873,
            31.1907079
          ],
          [
            121.4610655,
            31.1910757
          ],
          [
            121.4611549,
            31.1913482
          ],
          [
            121.4612058,
            31.1916668
          ],
          [
            121.461169,
            31.1920689
          ],
          [
            121.4610554,
            31.1925941
          ],
          [
            121.4608762,
            31.1931435
          ],
          [
            121.4606714,
            31.1936016
          ],
          [
            121.4591765,
            31.196056
          ],
          [
            121.4579024,
            31.1981926
          ],
          [
            121.4575162,
            31.1996518
          ],
          [
            121.4564217,
            31.2042904
          ],
          [
            121.4560659,
            31.2058815
          ],
          [
            121.4559864,
            31.2065884
          ],
          [
            121.455976,
            31.2072193
          ],
          [
            121.4560035,
            31.2081559
          ],
          [
            121.4561029,
            31.2088947
          ],
          [
            121.45626,
            31.2100277
          ],
          [
            121.4563266,
            31.2107704
          ],
          [
            121.456342,
            31.2116709
          ],
          [
            121.4562711,
            31.2128178
          ],
          [
            121.4561429,
            31.2136091
          ],
          [
            121.4557478,
            31.2149788
          ],
          [
            121.4555454,
            31.2155435
          ],
          [
            121.4552568,
            31.2163485
          ],
          [
            121.4547198,
            31.2177902
          ],
          [
            121.4541975,
            31.2192337
          ],
          [
            121.4539589,
            31.22018
          ],
          [
            121.4539101,
            31.2206101
          ],
          [
            121.4538614,
            31.2210403
          ],
          [
            121.4538954,
            31.2214809
          ],
          [
            121.4539586,
            31.2219214
          ],
          [
            121.4541044,
            31.2224402
          ],
          [
            121.4543812,
            31.2229528
          ],
          [
            121.4546874,
            31.2234552
          ],
          [
            121.454883,
            31.2237969
          ],
          [
            121.4551804,
            31.2243253
          ],
          [
            121.4553969,
            31.2249216
          ],
          [
            121.4554848,
            31.2253698
          ],
          [
            121.4555179,
            31.2260949
          ],
          [
            121.4555218,
            31.2266707
          ],
          [
            121.4554861,
            31.227259
          ],
          [
            121.4553776,
            31.2278846
          ],
          [
            121.4552358,
            31.2284264
          ],
          [
            121.4548158,
            31.229438
          ],
          [
            121.4543381,
            31.2303233
          ],
          [
            121.4539944,
            31.2308792
          ],
          [
            121.4535901,
            31.2317463
          ],
          [
            121.4532407,
            31.2326704
          ],
          [
            121.4530951,
            31.2332183
          ],
          [
            121.4530165,
            31.2335144
          ],
          [
            121.4527536,
            31.2349385
          ],
          [
            121.4520331,
            31.238247
          ],
          [
            121.4519482,
            31.2387159
          ],
          [
            121.4518632,
            31.2391989
          ],
          [
            121.4518366,
            31.2399481
          ],
          [
            121.4518819,
            31.2403371
          ],
          [
            121.452021,
            31.2407543
          ],
          [
            121.4521634,
            31.2410606
          ],
          [
            121.4523665,
            31.2413715
          ],
          [
            121.4526397,
            31.241643
          ],
          [
            121.4530176,
            31.241905
          ],
          [
            121.4537183,
            31.2422498
          ],
          [
            121.4544054,
            31.2425951
          ],
          [
            121.4562659,
            31.2434737
          ],
          [
            121.4571036,
            31.2438149
          ],
          [
            121.4585636,
            31.2442814
          ],
          [
            121.4590617,
            31.2444151
          ],
          [
            121.4595708,
            31.2444733
          ],
          [
            121.4601107,
            31.2445143
          ],
          [
            121.4606339,
            31.2444799
          ],
          [
            121.4610409,
            31.2443926
          ],
          [
            121.4620883,
            31.2441681
          ],
          [
            121.4627904,
            31.2440064
          ],
          [
            121.4635697,
            31.243958
          ],
          [
            121.4642018,
            31.2440213
          ],
          [
            121.4655491,
            31.244189
          ]
        ]
      },
      "properties": {
        "osm_id": 321205031,
        "part": 0,
        "railway": "subway",
        "line_name": "12",
        "colour": "#007B5F",
        "route_ids": "5498699"
      }
    },
    {
      "type": "Feature",
      "geometry": {
        "type": "LineString",
        "coordinates": [
          [
            121.4271766,
            31.15561
          ],
          [
            121.4272076,
            31.1556317
          ],
          [
            121.4275892,
            31.1559034
          ],
          [
            121.4279379,
            31.1561376
          ],
          [
            121.4284109,
            31.1564278
          ],
          [
            121.4289612,
            31.1566735
          ],
          [
            121.4312546,
            31.157668
          ],
          [
            121.4316914,
            31.1578331
          ],
          [
            121.432111,
            31.1579773
          ],
          [
            121.4325588,
            31.1581141
          ],
          [
            121.4330719,
            31.1582369
          ],
          [
            121.4335764,
            31.1583459
          ],
          [
            121.4347214,
            31.1585489
          ],
          [
            121.4350715,
            31.1586184
          ],
          [
            121.4354159,
            31.1587065
          ],
          [
            121.4357612,
            31.1588187
          ],
          [
            121.4365018,
            31.1590791
          ],
          [
            121.4367808,
            31.1591796
          ],
          [
            121.4372649,
            31.1593541
          ],
          [
            121.4379064,
            31.1595861
          ],
          [
            121.4393282,
            31.1600976
          ],
          [
            121.4393494,
            31.1601053
          ],
          [
            121.439411,
            31.1601274
          ]
        ]
      },
      "properties": {
        "osm_id": 321205032,
        "part": 0,
        "railway": "subway",
        "line_name": "3",
        "colour": "#FFD100",
        "route_ids": "6817178"
      }
    },
    {
      "type": "Feature",
      "geometry": {
        "type": "LineString",
        "coordinates": [
          [
            121.56,
            31.158922607514075
          ],
          [
            121.5597735,
            31.1588535
          ],
          [
            121.5593059,
            31.1587338
          ],
          [
            121.5554031,
            31.1578328
          ],
          [
            121.5550259,
            31.1577381
          ],
          [
            121.5546481,
            31.1576316
          ],
          [
            121.5542804,
            31.1575148
          ],
          [
            121.5539023,
            31.1574019
          ],
          [
            121.5535246,
            31.1572892
          ],
          [
            121.5531555,
            31.1571929
          ],
          [
            121.5527335,
            31.1571051
          ],
          [
            121.5523015,
            31.1570331
          ],
          [
            121.5518933,
            31.1569799
          ],
          [
            121.5513661,
            31.1569019
          ],
          [
            121.5508939,
            31.1568149
          ],
          [
            121.5502367,
            31.1566787
          ],
          [
            121.5492865,
            31.1564631
          ],
          [
            121.5483366,
            31.1562474
          ],
          [
            121.5419548,
            31.1548733
          ],
          [
            121.5366146,
            31.1535106
          ],
          [
            121.5350476,
            31.1532165
          ],
          [
            121.5334787,
            31.1529222
          ],
          [
            121.532784,
            31.1527539
          ],
          [
            121.5321534,
            31.152543
          ],
          [
            121.5314578,
            31.1522936
          ],
          [
            121.5308055,
            31.1520466
          ],
          [
            121.5300279,
            31.1518061
          ],
          [
            121.5200181,
            31.1489963
          ],
          [
            121.5188667,
            31.148666
          ],
          [
            121.5177162,
            31.148336
          ],
          [
            121.5171693,
            31.1482106
          ],
          [
            121.5166171,
            31.1481237
          ],
          [
            121.5160997,
            31.1480713
          ],
          [
            121.5155252,
            31.1479701
          ],
          [
            121.5148976,
            31.1477977
          ],
          [
            121.5142989,
            31.1475796
          ],
          [
            121.5134193,
            31.147207
          ],
          [
            121.5126282,
            31.1469192
          ],
          [
            121.5090463,
            31.1457628
          ],
          [
            121.5079185,
            31.1454212
          ],
          [
            121.5062746,
            31.1449231
          ],
          [
            121.5052273,
            31.1446576
          ],
          [
            121.5041836,
            31.14451
          ],
          [
            121.5031869,
            31.1444987
          ],
          [
            121.5022809,
            31.1447133
          ],
          [
            121.5015243,
            31.1451199
          ],
          [
            121.5009264,
            31.1456524
          ],
          [
            121.4981999,
            31.1490236
          ],
          [
            121.4977378,
            31.1494352
          ],
          [
            121.4971614,
            31.1497989
          ],
          [
            121.4964951,
            31.1500631
          ],
          [
            121.4956878,
            31.1501918
          ],
          [
            121.4947845,
            31.1502296
          ],
          [
            121.4882,
            31.1499561
          ],
          [
            121.4874829,
            31.1499428
          ],
          [
            121.4869767,
            31.149978
          ],
          [
            121.486469,
            31.1500699
          ],
          [
            121.4859985,
            31.1502172
          ],
          [
            121.4854548,
            31.1504786
          ],
          [
            121.4848703,
            31.1508147
          ],
          [
            121.4847005,
            31.1509711
          ],
          [
            121.4829252,
            31.1526423
          ],
          [
            121.4825921,
            31.1528732
          ],
          [
            121.4822655,
            31.1530763
          ],
          [
            121.4810881,
            31.1537317
          ],
          [
            121.4802951,
            31.1541976
          ],
          [
            121.4798704,
            31.1544135
          ],
          [
            121.4794867,
            31.1545974
          ],
          [
            121.4789585,
            31.1547926
          ],
          [
            121.4786195,
            31.1549052
          ],
          [
            121.4779445,
            31.155095
          ],
          [
            121.4767053,
            31.1553983
          ],
          [
            121.4759901,
            31.1555654
          ],
          [
            121.4752804,
            31.1557428
          ],
          [
            121.4734653,
            31.1561944
          ],
          [
            121.4730763,
            31.1562741
          ],
          [
            121.4714187,
            31.1565235
          ],
          [
            121.4709877,
            31.1565895
          ],
          [
            121.4682591,
            31.1572178
          ],
          [
            121.4678238,
            31.1573063
          ],
          [
            121.467286,
            31.1573951
          ],
          [
            121.4667279,
            31.1574549
          ],
          [
            121.4660889,
            31.1574991
          ],
          [
            121.4587295,
            31.1579682
          ],
          [
            121.4583342,
            31.1580107
          ],
          [
            121.4580021,
            31.1580684
          ],
          [
            121.4575509,
            31.1582018
          ],
          [
            121.4571574,
            31.1583628
          ],
          [
            121.4567782,
            31.158571
          ],
          [
            121.4564232,
            31.1588302
          ],
          [
            121.4561092,
            31.1591196
          ],
          [
            121.4558277,
            31.1594595
          ],
          [
            121.4556278,
            31.1597549
          ],
          [
            121.4555162,
            31.1599794
          ],
          [
            121.4554434,
            31.1602173
          ],
          [
            121.4553709,
            31.1605581
          ],
          [
            121.4553618,
            31.1606011
          ],
          [
            121.4552046,
            31.1615123
          ],
          [
            121.4551751,
            31.1617002
          ],
          [
            121.4550665,
            31.1623918
          ],
          [
            121.4550087,
            31.1627538
          ],
          [
            121.4544409,
            31.1663104
          ],
          [
            121.4538975,
            31.1695044
          ],
          [
            121.4537313,
            31.1705017
          ],
          [
            121.4533703,
            31.172575
          ],
          [
            121.4532047,
            31.1731169
          ],
          [
            121.4529072,
            31.1736522
          ],
          [
            121.4525287,
            31.1740912
          ],
          [
            121.4520506,
            31.1744503
          ],
          [
            121.4514124,
            31.1747029
          ],
          [
            121.4508099,
            31.1747925
          ],
          [
            121.4501313,
            31.1748469
          ],
          [
            121.4492725,
            31.1748648
          ],
          [
            121.448689,
            31.1748721
          ],
          [
            121.4481058,
            31.1748795
          ],
          [
            121.4470989,
            31.174913
          ],
          [
            121.446146,
            31.1749846
          ],
          [
            121.4451698,
            31.1750966
          ],
          [
            121.4448962,
            31.175128
          ],
          [
            121.4439284,
            31.1752611
          ],
          [
            121.4438946,
            31.1752657
          ],
          [
            121.443802,
            31.1752784
          ],
          [
            121.4436138,
            31.1753043
          ],
          [
            121.4426885,
            31.1754547
          ],
          [
            121.4425801,
            31.1754723
          ],
          [
            121.4418403,
            31.1756213
          ],
          [
            121.4411665,
            31.1758613
          ],
          [
            121.4406686,
            31.1761556
          ],
          [
            121.4401737,
            31.1765702
          ],
          [
            121.4397739,
            31.1770876
          ],
          [
            121.4392906,
            31.1777071
          ],
          [
            121.4389651,
            31.1781251
          ],
          [
            121.438713,
            31.17845
          ],
          [
            121.4385164,
            31.1787527
          ],
          [
            121.438315,
            31.1791263
          ],
          [
            121.4381534,
            31.1794708
          ],
          [
            121.4379378,
            31.1798818
          ],
          [
            121.4376709,
            31.1802969
          ],
          [
            121.437352,
            31.1807024
          ],
          [
            121.4367786,
            31.1812988
          ],
          [
            121.4362064,
            31.181894
          ],
          [
            121.435691,
            31.1824486
          ],
          [
            121.4352689,
            31.1830505
          ],
          [
            121.4349738,
            31.1835865
          ],
          [
            121.434656,
            31.1843217
          ],
          [
            121.434485,
            31.1849419
          ],
          [
            121.4343828,
            31.1854055
          ],
          [
            121.4343055,
            31.1859151
          ],
          [
            121.43427,
            31.1862983
          ],
          [
            121.4341712,
            31.1867502
          ],
          [
            121.4339988,
            31.1871729
          ],
          [
            121.4337299,
            31.1876448
          ],
          [
            121.43346,
            31.1880054
          ],
          [
            121.4329248,
            31.1887204
          ],
          [
            121.4327145,
            31.1890778
          ],
          [
            121.4325555,
            31.1894009
          ],
          [
            121.4324276,
            31.1897945
          ],
          [
            121.4323437,
            31.1902412
          ],
          [
            121.4322367,
            31.1909006
          ],
          [
            121.4321562,
            31.1915333
          ],
          [
            121.4321166,
            31.1921177
          ],
          [
            121.4320557,
            31.1927669
          ],
          [
            121.4319929,
            31.1932572
          ],
          [
            121.4319088,
            31.1938048
          ],
          [
            121.4317491,
            31.1946607
          ],
          [
            121.431552,
            31.1955537
          ],
          [
            121.4313963,
            31.1963248
          ],
          [
            121.4312628,
            31.1970812
          ],
          [
            121.4312197,
            31.1973961
          ],
          [
            121.4311933,
            31.1976371
          ],
          [
            121.4312182,
            31.19792
          ],
          [
            121.4312493,
            31.1982127
          ],
          [
            121.4312906,
            31.1984454
          ],
          [
            121.43135,
            31.1986617
          ],
          [
            121.4314357,
            31.1988674
          ],
          [
            121.4315417,
            31.1990544
          ],
          [
            121.4317897,
            31.1994147
          ],
          [
            121.4319165,
            31.1996208
          ],
          [
            121.4320361,
            31.1998269
          ],
          [
            121.4320921,
            31.1999901
          ],
          [
            121.4321272,
            31.2001791
          ],
          [
            121.4321436,
            31.2003771
          ],
          [
            121.4321417,
            31.2005552
          ],
          [
            121.4321178,
            31.2007423
          ],
          [
            121.4320654,
            31.20098
          ],
          [
            121.4319617,
            31.2013521
          ],
          [
            121.431792,
            31.2020788
          ],
          [
            121.4317074,
            31.2024379
          ],
          [
            121.4316372,
            31.2027405
          ],
          [
            121.4315974,
            31.2029009
          ],
          [
            121.4315365,
            31.2030845
          ],
          [
            121.4314471,
            31.2032552
          ],
          [
            121.4313453,
            31.2034263
          ],
          [
            121.4312151,
            31.2035998
          ],
          [
            121.4310057,
            31.2038352
          ],
          [
            121.4307013,
            31.2041347
          ],
          [
            121.430408,
            31.2044874
          ],
          [
            121.4301354,
            31.2048578
          ],
          [
            121.4299166,
            31.2051959
          ],
          [
            121.4290846,
            31.206985
          ],
          [
            121.4286397,
            31.2078539
          ],
          [
            121.4283734,
            31.208586
          ],
          [
            121.4282446,
            31.2092006
          ],
          [
            121.4281853,
            31.2096982
          ],
          [
            121.4281812,
            31.2102567
          ],
          [
            121.4282226,
            31.2107383
          ],
          [
            121.4283425,
            31.2111505
          ],
          [
            121.4285676,
            31.2115141
          ],
          [
            121.4288024,
            31.2118014
          ],
          [
            121.4290191,
            31.2121062
          ],
          [
            121.4291897,
            31.2124556
          ],
          [
            121.4293083,
            31.2128696
          ],
          [
            121.4293547,
            31.2133043
          ],
          [
            121.4293243,
            31.2137487
          ],
          [
            121.4292244,
            31.2141847
          ],
          [
            121.4290767,
            31.2146087
          ],
          [
            121.4286195,
            31.2156559
          ],
          [
            121.4271467,
            31.2192994
          ],
          [
            121.4262764,
            31.22155
          ],
          [
            121.4258084,
            31.222941
          ],
          [
            121.4254212,
            31.2238606
          ],
          [
            121.4252253,
            31.2242049
          ],
          [
            121.4240203,
            31.225309
          ],
          [
            121.423288,
            31.2259628
          ],
          [
            121.4226846,
            31.2262945
          ],
          [
            121.4216554,
            31.2269166
          ],
          [
            121.4210771,
            31.2275544
          ],
          [
            121.4209525,
            31.2277481
          ],
          [
            121.4208443,
            31.2279231
          ],
          [
            121.4206953,
            31.22823
          ],
          [
            121.4206689,
            31.2282843
          ],
          [
            121.4205057,
            31.2286723
          ],
          [
            121.4204412,
            31.2288561
          ],
          [
            121.4203514,
            31.2291121
          ],
          [
            121.419868,
            31.2307208
          ],
          [
            121.4196995,
            31.2312153
          ],
          [
            121.4195603,
            31.2315494
          ],
          [
            121.4194073,
            31.2318292
          ],
          [
            121.4189884,
            31.2324162
          ],
          [
            121.4185256,
            31.2330653
          ],
          [
            121.4178584,
            31.233896
          ],
          [
            121.4173512,
            31.2346906
          ],
          [
            121.4168588,
            31.2355039
          ],
          [
            121.4157426,
            31.237587
          ],
          [
            121.4152775,
            31.238253
          ],
          [
            121.4122348,
            31.2403213
          ],
          [
            121.4119443,
            31.2405026
          ],
          [
            121.4107657,
            31.2412382
          ],
          [
            121.4081372,
            31.2428342
          ],
          [
            121.4057363,
            31.2443645
          ],
          [
            121.4052261,
            31.244819
          ],
          [
            121.4049189,
            31.2452989
          ],
          [
            121.4042868,
            31.2474879
          ],
          [
            121.4031818,
            31.2510377
          ],
          [
            121.4027651,
            31.2524245
          ],
          [
            121.4026775,
            31.2527162
          ],
          [
            121.401999,
            31.2549763
          ],
          [
            121.4009287,
            31.2585237
          ],
          [
            121.40049996646655,
            31.26
          ]
        ]
      },
      "properties": {
        "osm_id": 376618223,
        "part": 0,
        "railway": "subway",
        "line_name": "11",
        "colour": "#76232F",
        "route_ids": "5611108,5611110"
      }
    },
    {
      "type": "Feature",
      "geometry": {
        "type": "LineString",
        "coordinates": [
          [
            121.4269322,
            31.1575994
          ],
          [
            121.4269834,
            31.1576418
          ],
          [
            121.4273344,
            31.1579449
          ],
          [
            121.4277402,
            31.1583238
          ],
          [
            121.4281705,
            31.1588664
          ],
          [
            121.4284884,
            31.1593346
          ],
          [
            121.4287705,
            31.1598136
          ],
          [
            121.4288965,
            31.1601094
          ],
          [
            121.4289875,
            31.1603764
          ],
          [
            121.4291646,
            31.1609785
          ],
          [
            121.4293046,
            31.1618175
          ],
          [
            121.4295073,
            31.1631245
          ],
          [
            121.4296186,
            31.1637853
          ],
          [
            121.4296345,
            31.1639542
          ],
          [
            121.4296986,
            31.1646341
          ],
          [
            121.4298344,
            31.1667569
          ],
          [
            121.4298595,
            31.167149
          ],
          [
            121.4300814,
            31.1685297
          ],
          [
            121.4301509,
            31.1689624
          ],
          [
            121.4303275,
            31.170067
          ],
          [
            121.4304251,
            31.1706037
          ],
          [
            121.4304521,
            31.1710023
          ],
          [
            121.43071,
            31.1743677
          ],
          [
            121.4309507,
            31.1765256
          ],
          [
            121.43141,
            31.1801827
          ],
          [
            121.4317914,
            31.1838605
          ],
          [
            121.4323495,
            31.1891393
          ],
          [
            121.4324776,
            31.1897741
          ],
          [
            121.4334512,
            31.193428
          ],
          [
            121.4339448,
            31.1950706
          ],
          [
            121.434294,
            31.1963327
          ],
          [
            121.4344979,
            31.1967195
          ],
          [
            121.4347463,
            31.1970756
          ],
          [
            121.4352632,
            31.1977044
          ],
          [
            121.435577,
            31.1980862
          ],
          [
            121.4361252,
            31.1987531
          ],
          [
            121.4369325,
            31.199816
          ],
          [
            121.4383751,
            31.2016817
          ],
          [
            121.4394859,
            31.2031183
          ],
          [
            121.4419629,
            31.2064374
          ],
          [
            121.4423447,
            31.2069568
          ],
          [
            121.4427327,
            31.207502
          ],
          [
            121.4430514,
            31.2080472
          ],
          [
            121.4432383,
            31.2084743
          ],
          [
            121.4432935,
            31.2086311
          ],
          [
            121.4433343,
            31.2087633
          ],
          [
            121.443378,
            31.2089209
          ],
          [
            121.4434157,
            31.209126
          ],
          [
            121.4434444,
            31.2093876
          ],
          [
            121.4434525,
            31.2095137
          ],
          [
            121.4434539,
            31.2096533
          ],
          [
            121.443449,
            31.2097454
          ],
          [
            121.4432388,
            31.211728
          ],
          [
            121.4432352,
            31.2120842
          ],
          [
            121.4432737,
            31.2123438
          ],
          [
            121.4432974,
            31.2124397
          ],
          [
            121.4433441,
            31.2126028
          ],
          [
            121.4434037,
            31.2127808
          ],
          [
            121.4435318,
            31.2130399
          ],
          [
            121.4436441,
            31.2132334
          ],
          [
            121.4438428,
            31.2135256
          ],
          [
            121.4441181,
            31.2138387
          ],
          [
            121.444535,
            31.214194
          ],
          [
            121.4448596,
            31.2144082
          ],
          [
            121.4452255,
            31.2146099
          ],
          [
            121.4455491,
            31.214758
          ],
          [
            121.4464941,
            31.2151406
          ],
          [
            121.4506599,
            31.2168667
          ],
          [
            121.4523309,
            31.2175921
          ],
          [
            121.452508,
            31.217669
          ],
          [
            121.4552824,
            31.2188733
          ],
          [
            121.4589259,
            31.2204269
          ],
          [
            121.4613898,
            31.2215176
          ],
          [
            121.4632166,
            31.2221881
          ],
          [
            121.465558,
            31.2232819
          ],
          [
            121.4678507,
            31.224259
          ],
          [
            121.4693648,
            31.2249043
          ],
          [
            121.4701942,
            31.2252706
          ],
          [
            121.4730205,
            31.2263365
          ],
          [
            121.4738421,
            31.2266464
          ],
          [
            121.4743545,
            31.2270997
          ],
          [
            121.4747496,
            31.2278203
          ],
          [
            121.4747873,
            31.2283751
          ],
          [
            121.47478,
            31.2284963
          ],
          [
            121.4747756,
            31.2285919
          ],
          [
            121.4743589,
            31.2294679
          ],
          [
            121.4734862,
            31.2309444
          ],
          [
            121.4733432,
            31.2311769
          ],
          [
            121.4719962,
            31.2327408
          ]
        ]
      },
      "properties": {
        "osm_id": 376634452,
        "part": 0,
        "railway": "subway",
        "line_name": "1",
        "colour": "#E4002B",
        "route_ids": "6800210,14974357"
      }
    },
    {
      "type": "Feature",
      "geometry": {
        "type": "LineString",
        "coordinates": [
          [
            121.4,
            31.21288429725013
          ],
          [
            121.4004984,
            31.2127983
          ],
          [
            121.401119,
            31.212716
          ],
          [
            121.4014802,
            31.2126818
          ],
          [
            121.4017655,
            31.2126722
          ],
          [
            121.4019753,
            31.2126618
          ],
          [
            121.4023402,
            31.2126567
          ],
          [
            121.4029134,
            31.2126852
          ],
          [
            121.4032936,
            31.2127551
          ],
          [
            121.4036648,
            31.2128537
          ],
          [
            121.4041284,
            31.212999
          ],
          [
            121.404441,
            31.2131212
          ],
          [
            121.4046841,
            31.2132398
          ],
          [
            121.404947,
            31.2134167
          ],
          [
            121.4053096,
            31.2136926
          ],
          [
            121.4056933,
            31.2140092
          ],
          [
            121.4062272,
            31.2145042
          ],
          [
            121.4065283,
            31.2147978
          ],
          [
            121.4071576,
            31.2154127
          ],
          [
            121.4082678,
            31.2166298
          ],
          [
            121.4097604,
            31.2186511
          ],
          [
            121.4099087,
            31.2188121
          ],
          [
            121.4100873,
            31.2189694
          ],
          [
            121.4102965,
            31.2191128
          ],
          [
            121.4106785,
            31.2193492
          ],
          [
            121.4111027,
            31.2195306
          ],
          [
            121.4116514,
            31.2197283
          ],
          [
            121.412135,
            31.21987
          ],
          [
            121.4124748,
            31.2199537
          ],
          [
            121.4136601,
            31.2202451
          ],
          [
            121.4155635,
            31.2206622
          ],
          [
            121.4161353,
            31.2207686
          ],
          [
            121.4164728,
            31.2208003
          ],
          [
            121.4167496,
            31.2208101
          ],
          [
            121.4233474,
            31.2208444
          ],
          [
            121.4270178,
            31.2214151
          ],
          [
            121.429519,
            31.2219523
          ],
          [
            121.4307518,
            31.2221354
          ],
          [
            121.4329482,
            31.2224616
          ],
          [
            121.4367597,
            31.2233439
          ],
          [
            121.4422253,
            31.2252915
          ],
          [
            121.4423969,
            31.2253715
          ],
          [
            121.4454422,
            31.226791
          ],
          [
            121.4486217,
            31.2285846
          ],
          [
            121.4508795,
            31.2300393
          ],
          [
            121.4510207,
            31.2301092
          ],
          [
            121.4515098,
            31.2303515
          ],
          [
            121.453469,
            31.230801
          ],
          [
            121.4537026,
            31.2308546
          ],
          [
            121.4560334,
            31.2318048
          ],
          [
            121.457453,
            31.2322503
          ],
          [
            121.4593801,
            31.2325641
          ],
          [
            121.4613754,
            31.2327161
          ],
          [
            121.4625934,
            31.2327522
          ],
          [
            121.4637925,
            31.2328534
          ],
          [
            121.4651183,
            31.2332322
          ],
          [
            121.4665783,
            31.2339585
          ],
          [
            121.4670567,
            31.2341965
          ],
          [
            121.4693327,
            31.2356383
          ],
          [
            121.4696578,
            31.235847
          ],
          [
            121.4707708,
            31.2365614
          ],
          [
            121.4710813,
            31.236712
          ],
          [
            121.4713878,
            31.2368243
          ],
          [
            121.4723018,
            31.2371168
          ],
          [
            121.4725947,
            31.2371807
          ],
          [
            121.4744646,
            31.2375375
          ],
          [
            121.4792398,
            31.239101
          ],
          [
            121.4824114,
            31.2401528
          ],
          [
            121.4833807,
            31.2404551
          ],
          [
            121.484214,
            31.2406874
          ],
          [
            121.4853604,
            31.2408798
          ],
          [
            121.4870626,
            31.2410883
          ],
          [
            121.4885333,
            31.2412169
          ],
          [
            121.4901428,
            31.2411871
          ],
          [
            121.4916945,
            31.2411201
          ],
          [
            121.4921696,
            31.2410971
          ],
          [
            121.4927448,
            31.241044
          ],
          [
            121.4937057,
            31.2409209
          ],
          [
            121.4945652,
            31.2407831
          ],
          [
            121.4961607,
            31.2405089
          ],
          [
            121.4969045,
            31.2404146
          ],
          [
            121.4974324,
            31.2403132
          ],
          [
            121.4977674,
            31.2402459
          ],
          [
            121.4981186,
            31.2401354
          ],
          [
            121.4992468,
            31.2397076
          ],
          [
            121.5002902,
            31.2393085
          ],
          [
            121.5041642,
            31.2377164
          ],
          [
            121.5053686,
            31.2372974
          ],
          [
            121.5084481,
            31.2362317
          ],
          [
            121.511049,
            31.2353384
          ],
          [
            121.5151885,
            31.2338975
          ],
          [
            121.5195742,
            31.2322774
          ],
          [
            121.5213165,
            31.2315632
          ],
          [
            121.5228835,
            31.2306737
          ],
          [
            121.529913,
            31.2267409
          ],
          [
            121.5386472,
            31.2218727
          ],
          [
            121.5434542,
            31.2190943
          ],
          [
            121.5445843,
            31.2181644
          ],
          [
            121.5451956,
            31.2170888
          ],
          [
            121.5455752,
            31.2155311
          ],
          [
            121.5464351,
            31.212003
          ],
          [
            121.5467294,
            31.2108255
          ],
          [
            121.5473673,
            31.2083144
          ],
          [
            121.5479243,
            31.2069933
          ],
          [
            121.5483506,
            31.2064878
          ],
          [
            121.5487505,
            31.2061652
          ],
          [
            121.5493442,
            31.2058045
          ],
          [
            121.5498306,
            31.2055617
          ],
          [
            121.5502519,
            31.2054129
          ],
          [
            121.5507626,
            31.2052729
          ],
          [
            121.5512373,
            31.2052112
          ],
          [
            121.5516768,
            31.2051739
          ],
          [
            121.5522007,
            31.205154
          ],
          [
            121.5534337,
            31.205145
          ],
          [
            121.5542856,
            31.2051388
          ],
          [
            121.5543728,
            31.2051378
          ],
          [
            121.5553786,
            31.2051308
          ]
        ]
      },
      "properties": {
        "osm_id": 376634457,
        "part": 0,
        "railway": "subway",
        "line_name": "2",
        "colour": "#97D700",
        "route_ids": "5611326"
      }
    },
    {
      "type": "Feature",
      "geometry": {
        "type": "LineString",
        "coordinates": [
          [
            121.56,
            31.204694622490607
          ],
          [
            121.559944,
            31.2046959
          ],
          [
            121.55959,
            31.2047254
          ],
          [
            121.5592858,
            31.2047659
          ],
          [
            121.5590549,
            31.2048121
          ],
          [
            121.5587822,
            31.2048724
          ],
          [
            121.5584598,
            31.204971
          ],
          [
            121.5581349,
            31.2050806
          ],
          [
            121.5578116,
            31.2051698
          ],
          [
            121.557496,
            31.2052229
          ],
          [
            121.5571563,
            31.2052633
          ],
          [
            121.5568947,
            31.2052856
          ],
          [
            121.5563332,
            31.2053018
          ],
          [
            121.5562459,
            31.205303
          ],
          [
            121.5561133,
            31.2053036
          ],
          [
            121.5552207,
            31.2053074
          ],
          [
            121.5551127,
            31.2053078
          ],
          [
            121.5543717,
            31.2053104
          ],
          [
            121.5542978,
            31.2053107
          ],
          [
            121.5534366,
            31.2053139
          ],
          [
            121.5521978,
            31.2053269
          ],
          [
            121.5517309,
            31.205338
          ],
          [
            121.5512944,
            31.2053665
          ],
          [
            121.5509641,
            31.2054032
          ],
          [
            121.550761,
            31.2054454
          ],
          [
            121.5505376,
            31.205505
          ],
          [
            121.5501145,
            31.2056385
          ],
          [
            121.549811,
            31.2057642
          ],
          [
            121.5494798,
            31.2059264
          ],
          [
            121.5487511,
            31.2063464
          ],
          [
            121.5483484,
            31.2066711
          ],
          [
            121.5480371,
            31.2070542
          ],
          [
            121.5474343,
            31.2083327
          ],
          [
            121.5468012,
            31.2108347
          ],
          [
            121.5465049,
            31.2120246
          ],
          [
            121.5452508,
            31.2171047
          ],
          [
            121.5446318,
            31.2181939
          ],
          [
            121.5434907,
            31.2191328
          ],
          [
            121.5395781,
            31.221381
          ],
          [
            121.5394832,
            31.2214348
          ],
          [
            121.5392742,
            31.2215534
          ],
          [
            121.5386791,
            31.2219139
          ],
          [
            121.5299446,
            31.2267823
          ],
          [
            121.5231335,
            31.2305928
          ],
          [
            121.5229152,
            31.2307149
          ],
          [
            121.521344,
            31.2316068
          ],
          [
            121.5195876,
            31.2323348
          ],
          [
            121.5150249,
            31.2340955
          ],
          [
            121.5111155,
            31.235458
          ],
          [
            121.5084816,
            31.2363699
          ],
          [
            121.5061617,
            31.2371646
          ],
          [
            121.5041856,
            31.2378699
          ],
          [
            121.500314,
            31.2393534
          ],
          [
            121.4992703,
            31.2397527
          ],
          [
            121.4981403,
            31.2401812
          ],
          [
            121.4977841,
            31.2402932
          ],
          [
            121.4974454,
            31.2403614
          ],
          [
            121.4969151,
            31.2404632
          ],
          [
            121.4961706,
            31.2405575
          ],
          [
            121.4952623,
            31.2407136
          ],
          [
            121.4945762,
            31.2408315
          ],
          [
            121.4937153,
            31.2409696
          ],
          [
            121.4927522,
            31.241093
          ],
          [
            121.4921727,
            31.2411464
          ],
          [
            121.4916324,
            31.2411766
          ],
          [
            121.4900937,
            31.2412442
          ],
          [
            121.4885304,
            31.241264
          ],
          [
            121.48706,
            31.241144
          ],
          [
            121.4853511,
            31.2409286
          ],
          [
            121.4841989,
            31.2407352
          ],
          [
            121.4838772,
            31.2406398
          ],
          [
            121.4832261,
            31.2404488
          ],
          [
            121.4823914,
            31.2401992
          ],
          [
            121.4792191,
            31.239147
          ],
          [
            121.4744478,
            31.2375848
          ],
          [
            121.4722852,
            31.2371643
          ],
          [
            121.4713647,
            31.2368696
          ],
          [
            121.4710431,
            31.2367491
          ],
          [
            121.4707378,
            31.2366043
          ],
          [
            121.4692751,
            31.2357016
          ],
          [
            121.4670125,
            31.2342621
          ],
          [
            121.4650917,
            31.2332762
          ],
          [
            121.4637795,
            31.2329024
          ],
          [
            121.4625907,
            31.2328049
          ],
          [
            121.4613699,
            31.2327654
          ],
          [
            121.4593425,
            31.2326237
          ],
          [
            121.4583049,
            31.2324464
          ],
          [
            121.4574384,
            31.2322983
          ],
          [
            121.456011,
            31.2318504
          ],
          [
            121.4536825,
            31.2309012
          ],
          [
            121.4514874,
            31.2303975
          ],
          [
            121.4509917,
            31.2301519
          ],
          [
            121.4508476,
            31.2300805
          ],
          [
            121.4485884,
            31.228625
          ],
          [
            121.4454125,
            31.2268334
          ],
          [
            121.4422003,
            31.2253361
          ],
          [
            121.4395938,
            31.2244073
          ],
          [
            121.436741,
            31.2233907
          ],
          [
            121.4329357,
            31.2225098
          ],
          [
            121.429507,
            31.2220007
          ],
          [
            121.4270055,
            31.2214635
          ],
          [
            121.4233421,
            31.2208938
          ],
          [
            121.4164183,
            31.2208819
          ],
          [
            121.4161227,
            31.2208714
          ],
          [
            121.4154722,
            31.2207555
          ],
          [
            121.4129373,
            31.2202152
          ],
          [
            121.4121313,
            31.2200325
          ],
          [
            121.4117156,
            31.2199244
          ],
          [
            121.4115122,
            31.2198543
          ],
          [
            121.4108805,
            31.2196098
          ],
          [
            121.4105203,
            31.2194337
          ],
          [
            121.4099384,
            31.2190602
          ],
          [
            121.4097872,
            31.218929
          ],
          [
            121.4096485,
            31.2187751
          ],
          [
            121.408193,
            31.2166927
          ],
          [
            121.4079694,
            31.2163095
          ],
          [
            121.4076296,
            31.2159145
          ],
          [
            121.4071452,
            31.2154532
          ],
          [
            121.406512,
            31.2149117
          ],
          [
            121.4061822,
            31.2146218
          ],
          [
            121.4057865,
            31.2143211
          ],
          [
            121.4055064,
            31.2140929
          ],
          [
            121.405163,
            31.2138329
          ],
          [
            121.4048669,
            31.2135783
          ],
          [
            121.4046176,
            31.213398
          ],
          [
            121.404396,
            31.2132686
          ],
          [
            121.4041688,
            31.2131603
          ],
          [
            121.4036178,
            31.2129862
          ],
          [
            121.4032948,
            31.212908
          ],
          [
            121.4030544,
            31.2128581
          ],
          [
            121.4026908,
            31.2128125
          ],
          [
            121.4021909,
            31.212801
          ],
          [
            121.4017827,
            31.2127974
          ],
          [
            121.4016756,
            31.2127989
          ],
          [
            121.4014777,
            31.2128008
          ],
          [
            121.4011474,
            31.2128176
          ],
          [
            121.4004922,
            31.2129179
          ],
          [
            121.4,
            31.21299964412937
          ]
        ]
      },
      "properties": {
        "osm_id": 376634458,
        "part": 0,
        "railway": "subway",
        "line_name": "2",
        "colour": "#97D700",
        "route_ids": "5611325"
      }
    },
    {
      "type": "Feature",
      "geometry": {
        "type": "LineString",
        "coordinates": [
          [
            121.5557763,
            31.2040512
          ],
          [
            121.5549513,
            31.2041418
          ],
          [
            121.5547279,
            31.2041662
          ],
          [
            121.5543256,
            31.2042197
          ],
          [
            121.5539245,
            31.2042684
          ],
          [
            121.5536597,
            31.2042961
          ],
          [
            121.5533431,
            31.2043232
          ],
          [
            121.5524054,
            31.2044004
          ]
        ]
      },
      "properties": {
        "osm_id": 376634463,
        "part": 0,
        "railway": "subway",
        "line_name": "上海轨道交通16号线",
        "colour": "#0f766e",
        "route_ids": ""
      }
    },
    {
      "type": "Feature",
      "geometry": {
        "type": "LineString",
        "coordinates": [
          [
            121.5523842,
            31.2041062
          ],
          [
            121.5533572,
            31.2040394
          ],
          [
            121.5536354,
            31.2040217
          ],
          [
            121.5539259,
            31.2040045
          ],
          [
            121.5543308,
            31.2039918
          ],
          [
            121.5551506,
            31.2039945
          ],
          [
            121.5557744,
            31.2040007
          ]
        ]
      },
      "properties": {
        "osm_id": 376634464,
        "part": 0,
        "railway": "subway",
        "line_name": "上海轨道交通16号线",
        "colour": "#0f766e",
        "route_ids": ""
      }
    },
    {
      "type": "Feature",
      "geometry": {
        "type": "LineString",
        "coordinates": [
          [
            121.5110552,
            31.1521296
          ],
          [
            121.5163293,
            31.1536905
          ]
        ]
      },
      "properties": {
        "osm_id": 392970820,
        "part": 0,
        "railway": "subway",
        "line_name": "",
        "colour": "#0f766e",
        "route_ids": ""
      }
    },
    {
      "type": "Feature",
      "geometry": {
        "type": "LineString",
        "coordinates": [
          [
            121.5163293,
            31.1536905
          ],
          [
            121.5166875,
            31.1538756
          ],
          [
            121.5170525,
            31.1541416
          ],
          [
            121.5173296,
            31.1544598
          ],
          [
            121.5176067,
            31.1549572
          ],
          [
            121.5176608,
            31.1553505
          ],
          [
            121.5176946,
            31.1556917
          ],
          [
            121.5176811,
            31.1560099
          ]
        ]
      },
      "properties": {
        "osm_id": 392970821,
        "part": 0,
        "railway": "subway",
        "line_name": "",
        "colour": "#0f766e",
        "route_ids": ""
      }
    },
    {
      "type": "Feature",
      "geometry": {
        "type": "LineString",
        "coordinates": [
          [
            121.5177136,
            31.1570853
          ],
          [
            121.5177124,
            31.15718
          ],
          [
            121.5176993,
            31.1578266
          ],
          [
            121.5176954,
            31.1580166
          ],
          [
            121.5176952,
            31.1580272
          ]
        ]
      },
      "properties": {
        "osm_id": 392970822,
        "part": 0,
        "railway": "subway",
        "line_name": "",
        "colour": "#0f766e",
        "route_ids": ""
      }
    },
    {
      "type": "Feature",
      "geometry": {
        "type": "LineString",
        "coordinates": [
          [
            121.5175747,
            31.1584663
          ],
          [
            121.5175388,
            31.1586491
          ],
          [
            121.5175309,
            31.1587815
          ],
          [
            121.5175215,
            31.1589534
          ],
          [
            121.5175206,
            31.159025
          ],
          [
            121.517483,
            31.1607231
          ]
        ]
      },
      "properties": {
        "osm_id": 392970823,
        "part": 0,
        "railway": "subway",
        "line_name": "",
        "colour": "#0f766e",
        "route_ids": ""
      }
    },
    {
      "type": "Feature",
      "geometry": {
        "type": "LineString",
        "coordinates": [
          [
            121.5176171,
            31.1580144
          ],
          [
            121.51753,
            31.1582511
          ],
          [
            121.5174474,
            31.1584861
          ],
          [
            121.5173756,
            31.158712
          ],
          [
            121.5173597,
            31.1587723
          ],
          [
            121.5173547,
            31.1588326
          ],
          [
            121.5173477,
            31.1589458
          ],
          [
            121.5173434,
            31.1590263
          ],
          [
            121.5173244,
            31.1607209
          ]
        ]
      },
      "properties": {
        "osm_id": 392970824,
        "part": 0,
        "railway": "subway",
        "line_name": "",
        "colour": "#0f766e",
        "route_ids": ""
      }
    },
    {
      "type": "Feature",
      "geometry": {
        "type": "LineString",
        "coordinates": [
          [
            121.5176954,
            31.1580166
          ],
          [
            121.5177213,
            31.1582517
          ],
          [
            121.5177412,
            31.1583834
          ],
          [
            121.5177701,
            31.1585749
          ],
          [
            121.5177903,
            31.1587374
          ],
          [
            121.51779,
            31.1589147
          ],
          [
            121.5177877,
            31.1590204
          ],
          [
            121.5177655,
            31.1607213
          ]
        ]
      },
      "properties": {
        "osm_id": 392970825,
        "part": 0,
        "railway": "subway",
        "line_name": "",
        "colour": "#0f766e",
        "route_ids": ""
      }
    },
    {
      "type": "Feature",
      "geometry": {
        "type": "LineString",
        "coordinates": [
          [
            121.5177628,
            31.1582955
          ],
          [
            121.5178077,
            31.1585657
          ],
          [
            121.5178519,
            31.1588017
          ],
          [
            121.5178459,
            31.1590177
          ],
          [
            121.5178204,
            31.1607203
          ]
        ]
      },
      "properties": {
        "osm_id": 392970826,
        "part": 0,
        "railway": "subway",
        "line_name": "",
        "colour": "#0f766e",
        "route_ids": ""
      }
    },
    {
      "type": "Feature",
      "geometry": {
        "type": "LineString",
        "coordinates": [
          [
            121.5176993,
            31.1578266
          ],
          [
            121.5177317,
            31.1580662
          ],
          [
            121.5177628,
            31.1582955
          ],
          [
            121.5178588,
            31.1585508
          ],
          [
            121.5179006,
            31.1587983
          ],
          [
            121.517898,
            31.1590179
          ],
          [
            121.5178688,
            31.1607206
          ]
        ]
      },
      "properties": {
        "osm_id": 392970827,
        "part": 0,
        "railway": "subway",
        "line_name": "",
        "colour": "#0f766e",
        "route_ids": ""
      }
    },
    {
      "type": "Feature",
      "geometry": {
        "type": "LineString",
        "coordinates": [
          [
            121.5177317,
            31.1580662
          ],
          [
            121.5178166,
            31.1583163
          ],
          [
            121.5179299,
            31.1585387
          ],
          [
            121.5180283,
            31.1587798
          ],
          [
            121.5181998,
            31.1591081
          ]
        ]
      },
      "properties": {
        "osm_id": 392970828,
        "part": 0,
        "railway": "subway",
        "line_name": "",
        "colour": "#0f766e",
        "route_ids": ""
      }
    },
    {
      "type": "Feature",
      "geometry": {
        "type": "LineString",
        "coordinates": [
          [
            121.5176463,
            31.1580401
          ],
          [
            121.5176353,
            31.1585283
          ],
          [
            121.5176298,
            31.1590257
          ],
          [
            121.517594,
            31.1607208
          ]
        ]
      },
      "properties": {
        "osm_id": 392970829,
        "part": 0,
        "railway": "subway",
        "line_name": "",
        "colour": "#0f766e",
        "route_ids": ""
      }
    },
    {
      "type": "Feature",
      "geometry": {
        "type": "LineString",
        "coordinates": [
          [
            121.5176952,
            31.1580272
          ],
          [
            121.5176889,
            31.1584511
          ],
          [
            121.5176746,
            31.1590261
          ],
          [
            121.5176496,
            31.1607219
          ]
        ]
      },
      "properties": {
        "osm_id": 392970830,
        "part": 0,
        "railway": "subway",
        "line_name": "",
        "colour": "#0f766e",
        "route_ids": ""
      }
    },
    {
      "type": "Feature",
      "geometry": {
        "type": "LineString",
        "coordinates": [
          [
            121.5176171,
            31.1580144
          ],
          [
            121.517556,
            31.1583196
          ],
          [
            121.5174828,
            31.1585308
          ],
          [
            121.517444,
            31.1586529
          ],
          [
            121.5174267,
            31.1587612
          ],
          [
            121.5174101,
            31.158894
          ],
          [
            121.5174086,
            31.1590268
          ],
          [
            121.5173789,
            31.1607226
          ]
        ]
      },
      "properties": {
        "osm_id": 392970831,
        "part": 0,
        "railway": "subway",
        "line_name": "",
        "colour": "#0f766e",
        "route_ids": ""
      }
    },
    {
      "type": "Feature",
      "geometry": {
        "type": "LineString",
        "coordinates": [
          [
            121.517556,
            31.1583196
          ],
          [
            121.5174814,
            31.1587011
          ],
          [
            121.5174633,
            31.1587973
          ],
          [
            121.517457,
            31.1588963
          ],
          [
            121.517453,
            31.1590263
          ],
          [
            121.5174258,
            31.1607229
          ]
        ]
      },
      "properties": {
        "osm_id": 392970832,
        "part": 0,
        "railway": "subway",
        "line_name": "",
        "colour": "#0f766e",
        "route_ids": ""
      }
    },
    {
      "type": "Feature",
      "geometry": {
        "type": "LineString",
        "coordinates": [
          [
            121.5172709,
            31.1607232
          ],
          [
            121.5173003,
            31.1590276
          ],
          [
            121.5173039,
            31.1589303
          ],
          [
            121.517314,
            31.1588349
          ],
          [
            121.5173293,
            31.1587383
          ],
          [
            121.5173576,
            31.1586363
          ],
          [
            121.5173948,
            31.1585361
          ],
          [
            121.5174341,
            31.1584506
          ],
          [
            121.51753,
            31.1582511
          ]
        ]
      },
      "properties": {
        "osm_id": 392970833,
        "part": 0,
        "railway": "subway",
        "line_name": "",
        "colour": "#0f766e",
        "route_ids": ""
      }
    },
    {
      "type": "Feature",
      "geometry": {
        "type": "LineString",
        "coordinates": [
          [
            121.4,
            31.164833486559317
          ],
          [
            121.400314,
            31.1649553
          ],
          [
            121.4018362,
            31.1652677
          ],
          [
            121.4061067,
            31.1662428
          ],
          [
            121.4089815,
            31.166684
          ],
          [
            121.4101241,
            31.1670099
          ],
          [
            121.4127652,
            31.1683379
          ],
          [
            121.413408,
            31.1686239
          ],
          [
            121.4138491,
            31.1687782
          ],
          [
            121.4149641,
            31.1689776
          ],
          [
            121.4155179,
            31.1690337
          ],
          [
            121.4165661,
            31.1691938
          ],
          [
            121.4234748,
            31.170068
          ],
          [
            121.4290841,
            31.1704272
          ]
        ]
      },
      "properties": {
        "osm_id": 404968092,
        "part": 0,
        "railway": "subway",
        "line_name": "12",
        "colour": "#007B5F",
        "route_ids": "5498699"
      }
    },
    {
      "type": "Feature",
      "geometry": {
        "type": "LineString",
        "coordinates": [
          [
            121.5237947,
            31.2299284
          ],
          [
            121.5260623,
            31.2286246
          ],
          [
            121.5287328,
            31.2270893
          ],
          [
            121.5311808,
            31.2257526
          ],
          [
            121.531657,
            31.2255163
          ],
          [
            121.5321119,
            31.2253999
          ],
          [
            121.5326774,
            31.2253345
          ],
          [
            121.5335823,
            31.2252544
          ],
          [
            121.5341868,
            31.225309
          ],
          [
            121.5346927,
            31.2253781
          ],
          [
            121.5353917,
            31.2255689
          ],
          [
            121.5361914,
            31.2259184
          ],
          [
            121.5369559,
            31.2263392
          ],
          [
            121.5381422,
            31.2271131
          ],
          [
            121.5388671,
            31.227579
          ],
          [
            121.5394251,
            31.2279096
          ],
          [
            121.5397652,
            31.2280605
          ],
          [
            121.5401017,
            31.2281801
          ],
          [
            121.5409453,
            31.2284582
          ],
          [
            121.5437829,
            31.2293858
          ],
          [
            121.5441047,
            31.2294943
          ],
          [
            121.5445435,
            31.2296487
          ],
          [
            121.5450497,
            31.2298303
          ],
          [
            121.545623,
            31.2300361
          ],
          [
            121.5461787,
            31.2302418
          ],
          [
            121.5469537,
            31.2305263
          ],
          [
            121.5482562,
            31.2310499
          ],
          [
            121.5486264,
            31.2311891
          ],
          [
            121.5488968,
            31.2313071
          ],
          [
            121.5498063,
            31.2317489
          ],
          [
            121.5504383,
            31.2320824
          ],
          [
            121.5509597,
            31.2323485
          ],
          [
            121.5512635,
            31.2325227
          ],
          [
            121.5515871,
            31.2327037
          ],
          [
            121.5518487,
            31.2328476
          ],
          [
            121.5522437,
            31.2330905
          ],
          [
            121.552634,
            31.2333261
          ],
          [
            121.5529915,
            31.2335629
          ],
          [
            121.5532569,
            31.233733
          ],
          [
            121.5536166,
            31.2339548
          ],
          [
            121.5538624,
            31.2340902
          ],
          [
            121.5542908,
            31.2343055
          ],
          [
            121.5544342,
            31.2343776
          ],
          [
            121.5546851,
            31.2345037
          ],
          [
            121.5549323,
            31.2346253
          ],
          [
            121.5553606,
            31.2348286
          ],
          [
            121.5562483,
            31.2352766
          ],
          [
            121.5564001,
            31.2353532
          ],
          [
            121.5578712,
            31.2360918
          ],
          [
            121.5593175,
            31.2368557
          ],
          [
            121.56,
            31.23720090972037
          ]
        ]
      },
      "properties": {
        "osm_id": 425713803,
        "part": 0,
        "railway": "subway",
        "line_name": "9",
        "colour": "#71C5E8",
        "route_ids": "214629"
      }
    },
    {
      "type": "Feature",
      "geometry": {
        "type": "LineString",
        "coordinates": [
          [
            121.4954837,
            31.252715
          ],
          [
            121.4957852,
            31.252842
          ],
          [
            121.4967327,
            31.2531917
          ],
          [
            121.4973601,
            31.2534642
          ],
          [
            121.4980906,
            31.2538174
          ],
          [
            121.4989387,
            31.2542098
          ],
          [
            121.499383,
            31.2543775
          ],
          [
            121.5007525,
            31.2548272
          ],
          [
            121.5015163,
            31.2550782
          ],
          [
            121.5022949,
            31.255347
          ],
          [
            121.5032089,
            31.2556559
          ],
          [
            121.5038052,
            31.255913
          ],
          [
            121.5044418,
            31.2562737
          ],
          [
            121.5050704,
            31.2566744
          ],
          [
            121.5055072,
            31.2569892
          ],
          [
            121.5070442,
            31.2584635
          ],
          [
            121.5085756,
            31.2599358
          ],
          [
            121.50864231652561,
            31.26
          ]
        ]
      },
      "properties": {
        "osm_id": 437239483,
        "part": 0,
        "railway": "subway",
        "line_name": "12",
        "colour": "#007B5F",
        "route_ids": "5498699"
      }
    },
    {
      "type": "Feature",
      "geometry": {
        "type": "LineString",
        "coordinates": [
          [
            121.471928,
            31.2327012
          ],
          [
            121.4732844,
            31.2311487
          ],
          [
            121.4734263,
            31.230918
          ],
          [
            121.4742975,
            31.229444
          ],
          [
            121.4747087,
            31.2285795
          ],
          [
            121.4747127,
            31.2284937
          ],
          [
            121.4747198,
            31.2283753
          ],
          [
            121.4746831,
            31.2278347
          ],
          [
            121.4742982,
            31.2271329
          ],
          [
            121.4738028,
            31.2266946
          ],
          [
            121.4729933,
            31.2263892
          ],
          [
            121.4701651,
            31.2253226
          ],
          [
            121.4693343,
            31.2249557
          ],
          [
            121.4655268,
            31.223333
          ],
          [
            121.4631871,
            31.22224
          ],
          [
            121.461361,
            31.2215697
          ],
          [
            121.460495,
            31.2211864
          ],
          [
            121.4604424,
            31.2211631
          ],
          [
            121.4588954,
            31.2204783
          ],
          [
            121.4552521,
            31.2189248
          ],
          [
            121.4524775,
            31.2177204
          ],
          [
            121.45063,
            31.2169183
          ],
          [
            121.446465,
            31.2151926
          ],
          [
            121.4455074,
            31.2148049
          ],
          [
            121.4451696,
            31.2146619
          ],
          [
            121.4449335,
            31.2145525
          ],
          [
            121.4447979,
            31.2144642
          ],
          [
            121.4444881,
            31.2142708
          ],
          [
            121.44402,
            31.2138864
          ],
          [
            121.4437471,
            31.2135823
          ],
          [
            121.4435747,
            31.2133477
          ],
          [
            121.443441,
            31.2131053
          ],
          [
            121.4432988,
            31.2128163
          ],
          [
            121.4432267,
            31.2126177
          ],
          [
            121.4431705,
            31.2124158
          ],
          [
            121.4431293,
            31.2120763
          ],
          [
            121.4431285,
            31.2117327
          ],
          [
            121.4433383,
            31.2097403
          ],
          [
            121.4433409,
            31.2096378
          ],
          [
            121.443336,
            31.2095224
          ],
          [
            121.4433294,
            31.2094269
          ],
          [
            121.4433148,
            31.2092861
          ],
          [
            121.4432837,
            31.2090914
          ],
          [
            121.4432654,
            31.2089762
          ],
          [
            121.4432344,
            31.2088344
          ],
          [
            121.4431995,
            31.2087147
          ],
          [
            121.4431523,
            31.2085613
          ],
          [
            121.4431001,
            31.2084035
          ],
          [
            121.4429801,
            31.2081128
          ],
          [
            121.4428477,
            31.2078283
          ],
          [
            121.4426438,
            31.2075332
          ],
          [
            121.4419144,
            31.2064633
          ],
          [
            121.4394297,
            31.2031501
          ],
          [
            121.4383189,
            31.2017135
          ],
          [
            121.4368761,
            31.1998476
          ],
          [
            121.4360694,
            31.1987854
          ],
          [
            121.4354108,
            31.1979842
          ],
          [
            121.435368,
            31.1979321
          ],
          [
            121.4346897,
            31.197107
          ],
          [
            121.434438,
            31.1967462
          ],
          [
            121.4342299,
            31.1963514
          ],
          [
            121.4338794,
            31.1950844
          ],
          [
            121.4333857,
            31.1934416
          ],
          [
            121.4324115,
            31.1897854
          ],
          [
            121.4322826,
            31.1891468
          ],
          [
            121.4317926,
            31.1845118
          ],
          [
            121.4317243,
            31.1838659
          ],
          [
            121.4315709,
            31.1825276
          ],
          [
            121.4308836,
            31.1765312
          ],
          [
            121.4306428,
            31.1743723
          ],
          [
            121.4303848,
            31.1710059
          ],
          [
            121.4303579,
            31.1706084
          ],
          [
            121.4302635,
            31.1700701
          ],
          [
            121.4300842,
            31.1689707
          ],
          [
            121.4297924,
            31.1671545
          ],
          [
            121.4297777,
            31.1669248
          ],
          [
            121.4297586,
            31.1666269
          ],
          [
            121.4297016,
            31.1657369
          ],
          [
            121.4296464,
            31.1648733
          ],
          [
            121.4296313,
            31.164638
          ],
          [
            121.4295516,
            31.1637917
          ],
          [
            121.4294405,
            31.1631324
          ],
          [
            121.4292378,
            31.1618254
          ],
          [
            121.4290984,
            31.1609896
          ],
          [
            121.4289224,
            31.1603915
          ],
          [
            121.4288324,
            31.1601274
          ],
          [
            121.4287085,
            31.1598365
          ],
          [
            121.4284291,
            31.1593621
          ],
          [
            121.4281134,
            31.1588971
          ],
          [
            121.4276872,
            31.1583597
          ],
          [
            121.4272856,
            31.1579847
          ],
          [
            121.426936,
            31.1576828
          ],
          [
            121.4268906,
            31.1576452
          ]
        ]
      },
      "properties": {
        "osm_id": 460289578,
        "part": 0,
        "railway": "subway",
        "line_name": "1",
        "colour": "#E4002B",
        "route_ids": "199200,14974356"
      }
    },
    {
      "type": "Feature",
      "geometry": {
        "type": "LineString",
        "coordinates": [
          [
            121.5582564,
            31.2144975
          ],
          [
            121.5585621,
            31.2129965
          ],
          [
            121.5591553,
            31.2103696
          ],
          [
            121.5596193,
            31.2082034
          ],
          [
            121.5596966,
            31.2077002
          ],
          [
            121.5595669,
            31.2073168
          ],
          [
            121.5593134,
            31.206915
          ],
          [
            121.5588825,
            31.2064073
          ],
          [
            121.5587689,
            31.2062754
          ],
          [
            121.5586442,
            31.2061577
          ],
          [
            121.558499,
            31.2060612
          ],
          [
            121.5583383,
            31.2059781
          ],
          [
            121.5582216,
            31.2059351
          ],
          [
            121.5580871,
            31.2058922
          ],
          [
            121.5578543,
            31.2058307
          ],
          [
            121.5576877,
            31.2057981
          ],
          [
            121.5575032,
            31.2057702
          ],
          [
            121.5572685,
            31.2057494
          ],
          [
            121.557015,
            31.2057431
          ],
          [
            121.5567773,
            31.2057429
          ],
          [
            121.5555052,
            31.2057559
          ],
          [
            121.5548815,
            31.2057572
          ],
          [
            121.55446,
            31.2057598
          ],
          [
            121.5544253,
            31.2057597
          ],
          [
            121.5543632,
            31.2057595
          ],
          [
            121.5543219,
            31.2057594
          ],
          [
            121.5536224,
            31.205757
          ],
          [
            121.5527186,
            31.2057586
          ],
          [
            121.5524656,
            31.2057537
          ],
          [
            121.5523462,
            31.205747
          ],
          [
            121.5520692,
            31.2057279
          ],
          [
            121.5516951,
            31.2056777
          ],
          [
            121.5513393,
            31.2056106
          ],
          [
            121.550561,
            31.2054104
          ],
          [
            121.5499786,
            31.2052482
          ],
          [
            121.5492717,
            31.2050138
          ],
          [
            121.5480481,
            31.2043512
          ],
          [
            121.5448319,
            31.2026959
          ],
          [
            121.5439562,
            31.2021252
          ],
          [
            121.5437166,
            31.2018533
          ],
          [
            121.5435216,
            31.2015605
          ],
          [
            121.5433782,
            31.2009555
          ],
          [
            121.5435306,
            31.200279
          ],
          [
            121.5447629,
            31.1975484
          ],
          [
            121.5458788,
            31.1949043
          ],
          [
            121.545967,
            31.1944259
          ],
          [
            121.5456678,
            31.1934384
          ],
          [
            121.5452607,
            31.1921737
          ],
          [
            121.5449614,
            31.1916617
          ],
          [
            121.5445342,
            31.191004
          ],
          [
            121.5439179,
            31.1905496
          ],
          [
            121.5431508,
            31.1903308
          ],
          [
            121.5403,
            31.1898724
          ],
          [
            121.5351934,
            31.1897866
          ],
          [
            121.5293571,
            31.1897021
          ],
          [
            121.5247253,
            31.1895747
          ],
          [
            121.521781,
            31.189555
          ],
          [
            121.520786,
            31.1896332
          ],
          [
            121.5198568,
            31.1897314
          ],
          [
            121.5165847,
            31.1901371
          ],
          [
            121.5157216,
            31.1900909
          ],
          [
            121.5137817,
            31.189564
          ],
          [
            121.5129927,
            31.1891534
          ],
          [
            121.5127147,
            31.1890973
          ],
          [
            121.5110213,
            31.1890331
          ],
          [
            121.5093761,
            31.188932
          ],
          [
            121.5056507,
            31.1876906
          ],
          [
            121.5056091,
            31.1876768
          ],
          [
            121.5050174,
            31.1874796
          ],
          [
            121.5041416,
            31.1872122
          ],
          [
            121.5014466,
            31.1863864
          ],
          [
            121.4986589,
            31.1856824
          ],
          [
            121.497564,
            31.1853366
          ],
          [
            121.4970973,
            31.1851117
          ],
          [
            121.4966724,
            31.1848333
          ],
          [
            121.4955227,
            31.1838652
          ],
          [
            121.4935016,
            31.1817229
          ],
          [
            121.4927342,
            31.1812706
          ],
          [
            121.4921075,
            31.1810317
          ],
          [
            121.4914611,
            31.180832
          ],
          [
            121.4906828,
            31.1806872
          ],
          [
            121.4901965,
            31.180617
          ],
          [
            121.4901395,
            31.1806088
          ],
          [
            121.4896867,
            31.1805434
          ],
          [
            121.4876558,
            31.1802598
          ],
          [
            121.487124,
            31.1800966
          ],
          [
            121.4866389,
            31.1798747
          ],
          [
            121.4860508,
            31.1795117
          ],
          [
            121.4827976,
            31.1775037
          ],
          [
            121.4827507,
            31.1774748
          ],
          [
            121.4811817,
            31.1765063
          ],
          [
            121.4803331,
            31.1760028
          ],
          [
            121.4781482,
            31.1748421
          ],
          [
            121.4773687,
            31.1745513
          ],
          [
            121.4765112,
            31.1743497
          ],
          [
            121.4751844,
            31.174094
          ],
          [
            121.4739086,
            31.1738769
          ],
          [
            121.4735164,
            31.1738141
          ],
          [
            121.4727262,
            31.1736708
          ],
          [
            121.4722985,
            31.173617
          ],
          [
            121.471915,
            31.1735901
          ],
          [
            121.4715905,
            31.1735878
          ],
          [
            121.4712661,
            31.1736144
          ],
          [
            121.4710014,
            31.1736441
          ],
          [
            121.4707368,
            31.1736994
          ],
          [
            121.470502,
            31.1737547
          ],
          [
            121.4702673,
            31.1738292
          ],
          [
            121.4695417,
            31.1740564
          ],
          [
            121.4685968,
            31.174378
          ],
          [
            121.4675571,
            31.1747244
          ],
          [
            121.4670601,
            31.1749564
          ],
          [
            121.4666765,
            31.175182
          ],
          [
            121.4631878,
            31.1773178
          ],
          [
            121.4574801,
            31.1806568
          ],
          [
            121.4568026,
            31.1810531
          ],
          [
            121.455492,
            31.1818199
          ],
          [
            121.4553778,
            31.1818867
          ],
          [
            121.4548494,
            31.1822338
          ],
          [
            121.4543423,
            31.18269
          ],
          [
            121.4539832,
            31.1830617
          ],
          [
            121.453589,
            31.1836561
          ],
          [
            121.4533427,
            31.1842295
          ],
          [
            121.4531396,
            31.1848385
          ],
          [
            121.4528074,
            31.1858808
          ],
          [
            121.4525262,
            31.1867538
          ],
          [
            121.4525168,
            31.1867819
          ],
          [
            121.452495,
            31.1868475
          ],
          [
            121.4521389,
            31.1879161
          ],
          [
            121.4520384,
            31.1882176
          ],
          [
            121.4515653,
            31.1897766
          ],
          [
            121.4504316,
            31.1925522
          ],
          [
            121.4503842,
            31.1926256
          ],
          [
            121.4501687,
            31.1929593
          ],
          [
            121.4482763,
            31.1957859
          ],
          [
            121.4476516,
            31.1968248
          ],
          [
            121.4465481,
            31.1984961
          ],
          [
            121.4464634,
            31.1986343
          ],
          [
            121.4463427,
            31.1988202
          ],
          [
            121.446273,
            31.1989459
          ],
          [
            121.446122,
            31.199322
          ],
          [
            121.4460647,
            31.1995445
          ],
          [
            121.4460324,
            31.1997963
          ],
          [
            121.4460197,
            31.200005
          ],
          [
            121.4459396,
            31.2011853
          ],
          [
            121.4459359,
            31.2013519
          ],
          [
            121.4459125,
            31.2015057
          ],
          [
            121.4458767,
            31.2016387
          ],
          [
            121.4457948,
            31.2018496
          ],
          [
            121.4457051,
            31.2021002
          ],
          [
            121.4456298,
            31.2023406
          ],
          [
            121.4445422,
            31.2057398
          ],
          [
            121.444486,
            31.2059255
          ],
          [
            121.444444,
            31.2061032
          ],
          [
            121.4444186,
            31.2066227
          ],
          [
            121.4444524,
            31.2069544
          ],
          [
            121.4445189,
            31.2073098
          ],
          [
            121.4452133,
            31.2102884
          ],
          [
            121.445372,
            31.2109346
          ],
          [
            121.4454508,
            31.2113572
          ],
          [
            121.4454772,
            31.2116643
          ],
          [
            121.4454805,
            31.211866
          ],
          [
            121.4454796,
            31.2125326
          ],
          [
            121.4453807,
            31.213088
          ],
          [
            121.445254,
            31.213751
          ],
          [
            121.4451862,
            31.2139879
          ],
          [
            121.4448991,
            31.2147832
          ],
          [
            121.4443771,
            31.2158255
          ],
          [
            121.4442489,
            31.2161214
          ],
          [
            121.4438389,
            31.2178524
          ],
          [
            121.4437831,
            31.218418
          ],
          [
            121.4438148,
            31.2189977
          ],
          [
            121.4439424,
            31.2196056
          ],
          [
            121.4440432,
            31.2200111
          ],
          [
            121.4441291,
            31.2203418
          ],
          [
            121.4442949,
            31.2208596
          ],
          [
            121.4449156,
            31.2219898
          ],
          [
            121.4450161,
            31.2223345
          ],
          [
            121.4450156,
            31.2227043
          ],
          [
            121.4449363,
            31.2231041
          ],
          [
            121.4438538,
            31.2252219
          ],
          [
            121.4425269,
            31.2287579
          ],
          [
            121.4422528,
            31.2294903
          ],
          [
            121.4420124,
            31.2310173
          ],
          [
            121.4418611,
            31.2314485
          ],
          [
            121.44165,
            31.2318583
          ],
          [
            121.440549,
            31.2330793
          ],
          [
            121.4400143,
            31.2335898
          ],
          [
            121.4387522,
            31.2347948
          ],
          [
            121.4383394,
            31.2352425
          ],
          [
            121.438114,
            31.2355406
          ],
          [
            121.4379553,
            31.235781
          ],
          [
            121.4378203,
            31.2359878
          ],
          [
            121.4374004,
            31.2367029
          ],
          [
            121.4361394,
            31.2388011
          ],
          [
            121.4343954,
            31.241203
          ],
          [
            121.4336992,
            31.2418386
          ],
          [
            121.432664,
            31.2425918
          ],
          [
            121.4301241,
            31.2438856
          ],
          [
            121.4291146,
            31.2444342
          ],
          [
            121.4287923,
            31.2447967
          ],
          [
            121.4280045,
            31.2463707
          ],
          [
            121.4277811,
            31.2473207
          ],
          [
            121.427504,
            31.2479487
          ],
          [
            121.4270004,
            31.2487102
          ],
          [
            121.4265413,
            31.249374
          ],
          [
            121.425704,
            31.2502689
          ],
          [
            121.4248804,
            31.251169
          ],
          [
            121.4236389,
            31.2525054
          ],
          [
            121.4229761,
            31.2528838
          ],
          [
            121.4222094,
            31.2530648
          ],
          [
            121.4201351,
            31.2532218
          ],
          [
            121.4192055,
            31.2534135
          ],
          [
            121.4182997,
            31.2539005
          ],
          [
            121.4176901,
            31.2546621
          ],
          [
            121.4175647,
            31.2552578
          ],
          [
            121.4174129,
            31.256265
          ],
          [
            121.417274,
            31.2574196
          ],
          [
            121.4171309,
            31.2586769
          ],
          [
            121.4171502,
            31.2594908
          ],
          [
            121.41717783636363,
            31.26
          ]
        ]
      },
      "properties": {
        "osm_id": 461654539,
        "part": 0,
        "railway": "subway",
        "line_name": "7",
        "colour": "#FF6900",
        "route_ids": "6819600"
      }
    },
    {
      "type": "Feature",
      "geometry": {
        "type": "LineString",
        "coordinates": [
          [
            121.41705232526891,
            31.26
          ],
          [
            121.4170249,
            31.2594974
          ],
          [
            121.4170251,
            31.2586759
          ],
          [
            121.4172302,
            31.2574177
          ],
          [
            121.4172532,
            31.2572552
          ],
          [
            121.4173695,
            31.2562603
          ],
          [
            121.4175215,
            31.2552519
          ],
          [
            121.4176487,
            31.2546476
          ],
          [
            121.4182695,
            31.253872
          ],
          [
            121.4191877,
            31.2533796
          ],
          [
            121.4201249,
            31.2531859
          ],
          [
            121.422192,
            31.2530293
          ],
          [
            121.4229557,
            31.2528455
          ],
          [
            121.4236077,
            31.2524789
          ],
          [
            121.4248458,
            31.2511463
          ],
          [
            121.4256694,
            31.250246
          ],
          [
            121.4265057,
            31.2493523
          ],
          [
            121.427186,
            31.2483656
          ],
          [
            121.4274636,
            31.2479342
          ],
          [
            121.4277389,
            31.2473102
          ],
          [
            121.4279625,
            31.2463594
          ],
          [
            121.4287541,
            31.244778
          ],
          [
            121.429084,
            31.2444067
          ],
          [
            121.4301001,
            31.2438547
          ],
          [
            121.4326276,
            31.2425604
          ],
          [
            121.433661,
            31.2418081
          ],
          [
            121.4343604,
            31.2411803
          ],
          [
            121.4361012,
            31.2387828
          ],
          [
            121.4373478,
            31.2366794
          ],
          [
            121.4377624,
            31.2359724
          ],
          [
            121.4380564,
            31.2355211
          ],
          [
            121.4382774,
            31.2352362
          ],
          [
            121.4384725,
            31.2350088
          ],
          [
            121.4387185,
            31.2347553
          ],
          [
            121.440515,
            31.2330558
          ],
          [
            121.4416112,
            31.2318402
          ],
          [
            121.4418193,
            31.2314343
          ],
          [
            121.4419698,
            31.231008
          ],
          [
            121.44221,
            31.2294818
          ],
          [
            121.4424853,
            31.2287464
          ],
          [
            121.4438124,
            31.2252098
          ],
          [
            121.4449242,
            31.2230634
          ],
          [
            121.4449895,
            31.2226924
          ],
          [
            121.4449844,
            31.2223514
          ],
          [
            121.4448867,
            31.2220091
          ],
          [
            121.4442625,
            31.2209143
          ],
          [
            121.4440833,
            31.2203779
          ],
          [
            121.4440031,
            31.2200544
          ],
          [
            121.4438966,
            31.2196345
          ],
          [
            121.4437606,
            31.2190146
          ],
          [
            121.4437261,
            31.2184277
          ],
          [
            121.4437868,
            31.2178399
          ],
          [
            121.4441711,
            31.2161221
          ],
          [
            121.4447734,
            31.2147604
          ],
          [
            121.4448253,
            31.214646
          ],
          [
            121.4450905,
            31.2139481
          ],
          [
            121.445312,
            31.2129853
          ],
          [
            121.4453944,
            31.2125159
          ],
          [
            121.4454023,
            31.2119493
          ],
          [
            121.4454151,
            31.2116835
          ],
          [
            121.4453744,
            31.2113809
          ],
          [
            121.4452811,
            31.2109445
          ],
          [
            121.4451216,
            31.2103095
          ],
          [
            121.4444288,
            31.2072922
          ],
          [
            121.4443702,
            31.2069592
          ],
          [
            121.4443446,
            31.206623
          ],
          [
            121.4443741,
            31.2061227
          ],
          [
            121.4444105,
            31.2059118
          ],
          [
            121.444461,
            31.2057236
          ],
          [
            121.445579,
            31.2022472
          ],
          [
            121.4457214,
            31.2018053
          ],
          [
            121.4457768,
            31.2016142
          ],
          [
            121.4457995,
            31.2014945
          ],
          [
            121.4458118,
            31.2013953
          ],
          [
            121.4458142,
            31.2013067
          ],
          [
            121.4458251,
            31.2011427
          ],
          [
            121.4458803,
            31.2000047
          ],
          [
            121.4458994,
            31.1997183
          ],
          [
            121.4459312,
            31.1995338
          ],
          [
            121.4459967,
            31.1993014
          ],
          [
            121.4461383,
            31.1989544
          ],
          [
            121.4462186,
            31.1987828
          ],
          [
            121.446309,
            31.1986333
          ],
          [
            121.4464091,
            31.1984689
          ],
          [
            121.44755,
            31.1967944
          ],
          [
            121.4482371,
            31.1957693
          ],
          [
            121.4501348,
            31.1929394
          ],
          [
            121.4503509,
            31.192613
          ],
          [
            121.4503969,
            31.1925436
          ],
          [
            121.4515227,
            31.1897668
          ],
          [
            121.451996,
            31.1882054
          ],
          [
            121.4524283,
            31.1868199
          ],
          [
            121.4524484,
            31.1867553
          ],
          [
            121.4527709,
            31.1856643
          ],
          [
            121.4530592,
            31.1847808
          ],
          [
            121.453248,
            31.1842271
          ],
          [
            121.4534499,
            31.1837105
          ],
          [
            121.4537376,
            31.1832285
          ],
          [
            121.4539459,
            31.1829542
          ],
          [
            121.4541983,
            31.1826783
          ],
          [
            121.4544043,
            31.1824531
          ],
          [
            121.4550936,
            31.1819542
          ],
          [
            121.4554265,
            31.1817535
          ],
          [
            121.4558488,
            31.1814989
          ],
          [
            121.456375,
            31.1811985
          ],
          [
            121.4572543,
            31.1807068
          ],
          [
            121.4631604,
            31.177289
          ],
          [
            121.4662783,
            31.1752554
          ],
          [
            121.4668436,
            31.1749116
          ],
          [
            121.4671596,
            31.1747408
          ],
          [
            121.4674829,
            31.1746016
          ],
          [
            121.4678978,
            31.1744552
          ],
          [
            121.4685578,
            31.1742429
          ],
          [
            121.4694803,
            31.1739332
          ],
          [
            121.4701863,
            31.1736926
          ],
          [
            121.470788,
            31.1735233
          ],
          [
            121.4711038,
            31.1734546
          ],
          [
            121.4714233,
            31.1734147
          ],
          [
            121.4717401,
            31.1733956
          ],
          [
            121.4720867,
            31.1733957
          ],
          [
            121.4724146,
            31.1734182
          ],
          [
            121.4727389,
            31.1734631
          ],
          [
            121.4739049,
            31.1736464
          ],
          [
            121.4761052,
            31.1740296
          ],
          [
            121.476981,
            31.1742617
          ],
          [
            121.4778023,
            31.1745925
          ],
          [
            121.4803683,
            31.1759517
          ],
          [
            121.4806638,
            31.1761258
          ],
          [
            121.482409,
            31.1771537
          ],
          [
            121.4828044,
            31.1774039
          ],
          [
            121.4828509,
            31.1774334
          ],
          [
            121.4866587,
            31.1798431
          ],
          [
            121.4868182,
            31.1799188
          ],
          [
            121.4871438,
            31.1800732
          ],
          [
            121.4876662,
            31.1802244
          ],
          [
            121.4896942,
            31.180509
          ],
          [
            121.4900855,
            31.1805642
          ],
          [
            121.4901471,
            31.1805729
          ],
          [
            121.4902041,
            31.1805809
          ],
          [
            121.4906856,
            31.1806489
          ],
          [
            121.4914917,
            31.1807926
          ],
          [
            121.4921301,
            31.1809923
          ],
          [
            121.4927514,
            31.1812376
          ],
          [
            121.4934943,
            31.1816771
          ],
          [
            121.4935288,
            31.1816959
          ],
          [
            121.495591,
            31.1838217
          ],
          [
            121.4960919,
            31.1842484
          ]
        ]
      },
      "properties": {
        "osm_id": 461654540,
        "part": 0,
        "railway": "subway",
        "line_name": "7",
        "colour": "#FF6900",
        "route_ids": "6819599"
      }
    },
    {
      "type": "Feature",
      "geometry": {
        "type": "LineString",
        "coordinates": [
          [
            121.56,
            31.247598959280005
          ],
          [
            121.5598713,
            31.2475247
          ],
          [
            121.5532289,
            31.2437379
          ],
          [
            121.5512032,
            31.2426932
          ],
          [
            121.5477885,
            31.2411834
          ],
          [
            121.5452515,
            31.2400617
          ],
          [
            121.5442871,
            31.2397228
          ],
          [
            121.5421527,
            31.2389158
          ],
          [
            121.5402607,
            31.2383199
          ],
          [
            121.5298886,
            31.235053
          ],
          [
            121.5251701,
            31.2334396
          ],
          [
            121.5246865,
            31.2331774
          ],
          [
            121.5243378,
            31.2328956
          ],
          [
            121.5241462,
            31.2326948
          ],
          [
            121.5234334,
            31.2317188
          ],
          [
            121.522871,
            31.2309798
          ],
          [
            121.5226822,
            31.2307318
          ],
          [
            121.5226281,
            31.2306586
          ],
          [
            121.5225972,
            31.2306169
          ],
          [
            121.5222168,
            31.2301026
          ],
          [
            121.5221144,
            31.2298581
          ],
          [
            121.5220486,
            31.2296211
          ],
          [
            121.5220023,
            31.2293768
          ],
          [
            121.5219441,
            31.2290159
          ],
          [
            121.5219586,
            31.2287394
          ],
          [
            121.5220213,
            31.2285171
          ],
          [
            121.5233043,
            31.2252855
          ],
          [
            121.5244195,
            31.2226812
          ],
          [
            121.5248902,
            31.2211077
          ],
          [
            121.5250613,
            31.2195346
          ],
          [
            121.5250185,
            31.2181808
          ],
          [
            121.5248049,
            31.2168653
          ],
          [
            121.5236517,
            31.2141536
          ],
          [
            121.5218504,
            31.2106584
          ],
          [
            121.5195291,
            31.2061542
          ],
          [
            121.5161391,
            31.2001347
          ],
          [
            121.5152746,
            31.198626
          ],
          [
            121.5144249,
            31.1970921
          ],
          [
            121.5136736,
            31.1963673
          ],
          [
            121.5131438,
            31.1958135
          ],
          [
            121.510745,
            31.1942013
          ],
          [
            121.508427,
            31.1928794
          ],
          [
            121.5070073,
            31.191849
          ],
          [
            121.5063412,
            31.191258
          ],
          [
            121.5058856,
            31.1905952
          ],
          [
            121.5056313,
            31.1897693
          ],
          [
            121.5055977,
            31.1887201
          ],
          [
            121.5056091,
            31.1876768
          ],
          [
            121.5056097,
            31.1876238
          ],
          [
            121.5056104,
            31.1875624
          ],
          [
            121.50566,
            31.1866122
          ],
          [
            121.5057242,
            31.1830161
          ],
          [
            121.5057204,
            31.182875
          ],
          [
            121.5057139,
            31.1826078
          ],
          [
            121.505667,
            31.1811168
          ],
          [
            121.5055287,
            31.1785407
          ],
          [
            121.5056113,
            31.1778165
          ],
          [
            121.5057735,
            31.1771298
          ],
          [
            121.5065637,
            31.174795
          ],
          [
            121.5068267,
            31.1736212
          ],
          [
            121.5070798,
            31.1723294
          ],
          [
            121.507292,
            31.1711918
          ],
          [
            121.5077302,
            31.1689653
          ],
          [
            121.5079818,
            31.1675878
          ],
          [
            121.508167,
            31.166992
          ],
          [
            121.5083692,
            31.1665625
          ],
          [
            121.5104468,
            31.1629262
          ],
          [
            121.5112852,
            31.1614839
          ],
          [
            121.5120738,
            31.1600937
          ],
          [
            121.5124982,
            31.1592339
          ],
          [
            121.5128438,
            31.1583739
          ],
          [
            121.5131495,
            31.157456
          ],
          [
            121.5132823,
            31.1566372
          ],
          [
            121.5133057,
            31.1557027
          ],
          [
            121.5132006,
            31.1548473
          ],
          [
            121.5130655,
            31.1542661
          ],
          [
            121.5128211,
            31.1536789
          ],
          [
            121.5124656,
            31.1531504
          ],
          [
            121.51212,
            31.1527954
          ],
          [
            121.5116506,
            31.1524354
          ],
          [
            121.5110405,
            31.1521639
          ],
          [
            121.5103114,
            31.1520096
          ],
          [
            121.5089795,
            31.151799
          ],
          [
            121.50733,
            31.1515653
          ],
          [
            121.5055244,
            31.1514154
          ],
          [
            121.501993,
            31.1512129
          ],
          [
            121.4993078,
            31.1510462
          ],
          [
            121.4950371,
            31.1507623
          ],
          [
            121.4940571,
            31.1507476
          ],
          [
            121.4930977,
            31.1507784
          ],
          [
            121.4919668,
            31.1507976
          ],
          [
            121.491301,
            31.1508168
          ],
          [
            121.4908078,
            31.1507912
          ],
          [
            121.4901534,
            31.1507564
          ],
          [
            121.4872649,
            31.1506588
          ],
          [
            121.4866694,
            31.1506877
          ],
          [
            121.48613,
            31.1507579
          ],
          [
            121.4855932,
            31.1508859
          ],
          [
            121.4850596,
            31.1510729
          ],
          [
            121.4845138,
            31.1513294
          ],
          [
            121.4839541,
            31.1517658
          ],
          [
            121.481415,
            31.1533714
          ],
          [
            121.4801968,
            31.1540796
          ],
          [
            121.4795911,
            31.154403
          ],
          [
            121.4793046,
            31.1545393
          ],
          [
            121.4790425,
            31.1546422
          ],
          [
            121.4786965,
            31.1547512
          ],
          [
            121.4783506,
            31.1548489
          ],
          [
            121.4777886,
            31.1549962
          ]
        ]
      },
      "properties": {
        "osm_id": 461671790,
        "part": 0,
        "railway": "subway",
        "line_name": "6",
        "colour": "#D9017A",
        "route_ids": "6840915"
      }
    },
    {
      "type": "Feature",
      "geometry": {
        "type": "LineString",
        "coordinates": [
          [
            121.5583018,
            31.2052441
          ],
          [
            121.559153,
            31.2052269
          ],
          [
            121.5595347,
            31.2052362
          ],
          [
            121.5599113,
            31.205273
          ],
          [
            121.56,
            31.205290317847485
          ]
        ]
      },
      "properties": {
        "osm_id": 461881040,
        "part": 0,
        "railway": "subway",
        "line_name": "",
        "colour": "#0f766e",
        "route_ids": ""
      }
    },
    {
      "type": "Feature",
      "geometry": {
        "type": "LineString",
        "coordinates": [
          [
            121.5543055,
            31.2056958
          ],
          [
            121.5545058,
            31.2056944
          ],
          [
            121.5551329,
            31.2056901
          ],
          [
            121.5552441,
            31.2056894
          ],
          [
            121.555592,
            31.205687
          ],
          [
            121.5556732,
            31.2056864
          ],
          [
            121.5560795,
            31.2056837
          ],
          [
            121.5565276,
            31.2056754
          ],
          [
            121.5569,
            31.2056638
          ],
          [
            121.557204,
            31.2056374
          ],
          [
            121.5575201,
            31.2056064
          ],
          [
            121.5579385,
            31.2055561
          ],
          [
            121.5587657,
            31.2054666
          ]
        ]
      },
      "properties": {
        "osm_id": 461881047,
        "part": 0,
        "railway": "subway",
        "line_name": "七号线龙阳路车库入库线",
        "colour": "#0f766e",
        "route_ids": ""
      }
    },
    {
      "type": "Feature",
      "geometry": {
        "type": "LineString",
        "coordinates": [
          [
            121.5553786,
            31.2051308
          ],
          [
            121.5560487,
            31.2051338
          ],
          [
            121.5565265,
            31.2051049
          ],
          [
            121.5571091,
            31.2050685
          ],
          [
            121.5575718,
            31.2050033
          ],
          [
            121.5580866,
            31.2049143
          ],
          [
            121.5586207,
            31.2048125
          ],
          [
            121.5591789,
            31.2047221
          ],
          [
            121.5595954,
            31.20466
          ],
          [
            121.559915,
            31.2046377
          ],
          [
            121.56,
            31.204637742436343
          ]
        ]
      },
      "properties": {
        "osm_id": 461893586,
        "part": 0,
        "railway": "subway",
        "line_name": "2",
        "colour": "#97D700",
        "route_ids": "5611326"
      }
    },
    {
      "type": "Feature",
      "geometry": {
        "type": "LineString",
        "coordinates": [
          [
            121.5586647,
            31.2044876
          ],
          [
            121.56,
            31.204680060358406
          ]
        ]
      },
      "properties": {
        "osm_id": 462332915,
        "part": 0,
        "railway": "subway",
        "line_name": "",
        "colour": "#0f766e",
        "route_ids": ""
      }
    },
    {
      "type": "Feature",
      "geometry": {
        "type": "LineString",
        "coordinates": [
          [
            121.417102,
            31.1968207
          ],
          [
            121.4166854,
            31.1980741
          ],
          [
            121.4164289,
            31.198663
          ]
        ]
      },
      "properties": {
        "osm_id": 513224662,
        "part": 0,
        "railway": "subway",
        "line_name": "4",
        "colour": "#5F259F",
        "route_ids": "196854"
      }
    },
    {
      "type": "Feature",
      "geometry": {
        "type": "LineString",
        "coordinates": [
          [
            121.416938,
            31.1967795
          ],
          [
            121.4170326,
            31.196514
          ],
          [
            121.4171626,
            31.1962214
          ],
          [
            121.4173113,
            31.1959645
          ],
          [
            121.4174617,
            31.195742
          ],
          [
            121.4175856,
            31.1955578
          ]
        ]
      },
      "properties": {
        "osm_id": 513224663,
        "part": 0,
        "railway": "subway",
        "line_name": "4",
        "colour": "#5F259F",
        "route_ids": "7448423"
      }
    },
    {
      "type": "Feature",
      "geometry": {
        "type": "LineString",
        "coordinates": [
          [
            121.4239839,
            31.1874597
          ],
          [
            121.423698,
            31.1876408
          ]
        ]
      },
      "properties": {
        "osm_id": 513224664,
        "part": 0,
        "railway": "subway",
        "line_name": "",
        "colour": "#0f766e",
        "route_ids": ""
      }
    },
    {
      "type": "Feature",
      "geometry": {
        "type": "LineString",
        "coordinates": [
          [
            121.4,
            31.2337900597597
          ],
          [
            121.4008797,
            31.2336958
          ],
          [
            121.4034122,
            31.2333323
          ],
          [
            121.4040402,
            31.2332544
          ],
          [
            121.4046084,
            31.2332008
          ],
          [
            121.405498,
            31.2331385
          ],
          [
            121.4063289,
            31.2331154
          ],
          [
            121.4072191,
            31.2330985
          ],
          [
            121.4080096,
            31.2330837
          ],
          [
            121.4087041,
            31.2330364
          ],
          [
            121.4092552,
            31.2329524
          ],
          [
            121.4099829,
            31.2327349
          ],
          [
            121.4107268,
            31.2324169
          ],
          [
            121.4114054,
            31.2320015
          ],
          [
            121.412396,
            31.2311634
          ],
          [
            121.4129368,
            31.2308722
          ],
          [
            121.4135728,
            31.2306877
          ],
          [
            121.4142393,
            31.2306703
          ],
          [
            121.4148439,
            31.2307589
          ],
          [
            121.4154202,
            31.2309061
          ],
          [
            121.4189087,
            31.2322596
          ],
          [
            121.4195777,
            31.2325266
          ],
          [
            121.4199653,
            31.232692
          ],
          [
            121.4203076,
            31.2328683
          ],
          [
            121.4207367,
            31.2331513
          ],
          [
            121.4210979,
            31.2333813
          ],
          [
            121.4215216,
            31.233559
          ],
          [
            121.4219194,
            31.2336861
          ],
          [
            121.422399,
            31.2338068
          ],
          [
            121.4228664,
            31.2338901
          ],
          [
            121.423363,
            31.2340126
          ],
          [
            121.4238692,
            31.2341775
          ],
          [
            121.4240978,
            31.2342948
          ],
          [
            121.4243496,
            31.2344094
          ],
          [
            121.4247231,
            31.2346779
          ],
          [
            121.4249756,
            31.2349118
          ],
          [
            121.4252029,
            31.2351481
          ],
          [
            121.4253697,
            31.2353337
          ],
          [
            121.4261106,
            31.236323
          ],
          [
            121.4265095,
            31.2369637
          ],
          [
            121.4267008,
            31.2375244
          ],
          [
            121.4269947,
            31.2382081
          ],
          [
            121.4275183,
            31.2387789
          ],
          [
            121.4282816,
            31.2392312
          ],
          [
            121.4291815,
            31.2395151
          ],
          [
            121.4301779,
            31.2397564
          ],
          [
            121.4304667,
            31.2398395
          ],
          [
            121.4307834,
            31.2399653
          ],
          [
            121.4310993,
            31.2401934
          ],
          [
            121.4313619,
            31.2404518
          ],
          [
            121.4321804,
            31.2414075
          ],
          [
            121.4323176,
            31.2415366
          ],
          [
            121.4326189,
            31.24182
          ],
          [
            121.4336126,
            31.2425284
          ]
        ]
      },
      "properties": {
        "osm_id": 513577024,
        "part": 0,
        "railway": "subway",
        "line_name": "13",
        "colour": "#EF95CF",
        "route_ids": "7451888"
      }
    },
    {
      "type": "Feature",
      "geometry": {
        "type": "LineString",
        "coordinates": [
          [
            121.4336126,
            31.2425284
          ],
          [
            121.4340129,
            31.2428091
          ],
          [
            121.4354507,
            31.2441149
          ],
          [
            121.4366075,
            31.2449241
          ],
          [
            121.4378097,
            31.2454343
          ],
          [
            121.4387763,
            31.245807
          ],
          [
            121.4398741,
            31.2460853
          ],
          [
            121.4403008,
            31.246144
          ],
          [
            121.4411437,
            31.2462552
          ],
          [
            121.441927,
            31.2463148
          ],
          [
            121.4426726,
            31.2463973
          ],
          [
            121.4436458,
            31.2465571
          ],
          [
            121.444813,
            31.246778
          ],
          [
            121.4455265,
            31.2469523
          ],
          [
            121.446417,
            31.2472137
          ],
          [
            121.447217,
            31.2474087
          ],
          [
            121.4477218,
            31.2474587
          ],
          [
            121.4479438,
            31.2474618
          ],
          [
            121.4481942,
            31.2474477
          ],
          [
            121.4484124,
            31.2474172
          ],
          [
            121.4486226,
            31.2473698
          ],
          [
            121.4488386,
            31.2473082
          ],
          [
            121.4490449,
            31.2472327
          ],
          [
            121.4494826,
            31.2470312
          ],
          [
            121.4498917,
            31.2467776
          ],
          [
            121.4501711,
            31.2465729
          ],
          [
            121.4502872,
            31.2464659
          ],
          [
            121.4503614,
            31.2463975
          ],
          [
            121.4505017,
            31.2462439
          ],
          [
            121.4506708,
            31.2460322
          ],
          [
            121.4508532,
            31.2457627
          ],
          [
            121.451167,
            31.2453149
          ],
          [
            121.4513434,
            31.245055
          ],
          [
            121.4516077,
            31.2446564
          ],
          [
            121.4518552,
            31.2443264
          ],
          [
            121.4518987,
            31.2442666
          ],
          [
            121.452062,
            31.2440421
          ],
          [
            121.452251,
            31.2438244
          ],
          [
            121.4524147,
            31.2436437
          ],
          [
            121.4526096,
            31.2434713
          ],
          [
            121.4528585,
            31.2433052
          ],
          [
            121.4531743,
            31.2431061
          ],
          [
            121.4533998,
            31.2429832
          ],
          [
            121.4542719,
            31.2425333
          ],
          [
            121.4551162,
            31.2421076
          ],
          [
            121.4555926,
            31.2418273
          ],
          [
            121.4558815,
            31.2416265
          ],
          [
            121.4562467,
            31.2412984
          ],
          [
            121.4564882,
            31.2410141
          ],
          [
            121.4566896,
            31.2407073
          ],
          [
            121.4571247,
            31.2399358
          ],
          [
            121.4575312,
            31.2390782
          ],
          [
            121.4575889,
            31.2389297
          ],
          [
            121.4577121,
            31.238584
          ],
          [
            121.4578116,
            31.2382498
          ],
          [
            121.4578943,
            31.2378228
          ],
          [
            121.457948,
            31.2373953
          ],
          [
            121.4579649,
            31.2370931
          ],
          [
            121.4579588,
            31.2368103
          ],
          [
            121.4579373,
            31.2364715
          ],
          [
            121.4578743,
            31.2361273
          ],
          [
            121.4577613,
            31.235631
          ],
          [
            121.4576128,
            31.2350185
          ],
          [
            121.4574819,
            31.2343999
          ],
          [
            121.4573642,
            31.2336512
          ],
          [
            121.4573266,
            31.2330721
          ],
          [
            121.4573459,
            31.2324667
          ],
          [
            121.4574422,
            31.2318777
          ],
          [
            121.4576302,
            31.2312722
          ],
          [
            121.4578652,
            31.2306307
          ],
          [
            121.4579234,
            31.230462
          ],
          [
            121.4581603,
            31.2292886
          ],
          [
            121.4583954,
            31.2285533
          ],
          [
            121.458544,
            31.2275604
          ],
          [
            121.4586035,
            31.2265458
          ],
          [
            121.4586248,
            31.225876
          ],
          [
            121.4585488,
            31.2255674
          ],
          [
            121.4586127,
            31.2252522
          ],
          [
            121.4586724,
            31.2239393
          ],
          [
            121.4587631,
            31.2234656
          ],
          [
            121.458919,
            31.2230364
          ],
          [
            121.4591096,
            31.222698
          ],
          [
            121.4593613,
            31.2223636
          ],
          [
            121.4598109,
            31.221834
          ],
          [
            121.4600719,
            31.2215461
          ],
          [
            121.4603248,
            31.2212824
          ],
          [
            121.4604424,
            31.2211631
          ],
          [
            121.4605127,
            31.2210918
          ],
          [
            121.4607011,
            31.2209287
          ],
          [
            121.4609092,
            31.2207605
          ],
          [
            121.4611413,
            31.2206027
          ],
          [
            121.4613573,
            31.2204903
          ],
          [
            121.4615957,
            31.220403
          ],
          [
            121.4618655,
            31.220324
          ],
          [
            121.4620076,
            31.2202908
          ],
          [
            121.4621567,
            31.220265
          ],
          [
            121.4624451,
            31.2202227
          ],
          [
            121.4627001,
            31.2202062
          ],
          [
            121.4629405,
            31.2201973
          ],
          [
            121.4631808,
            31.2201953
          ],
          [
            121.4636577,
            31.2202056
          ],
          [
            121.4651655,
            31.2201924
          ],
          [
            121.4659625,
            31.220183
          ],
          [
            121.4662903,
            31.2201662
          ],
          [
            121.466618,
            31.2201494
          ],
          [
            121.4671806,
            31.2200938
          ],
          [
            121.4674583,
            31.2200383
          ],
          [
            121.4676338,
            31.2199867
          ],
          [
            121.4678058,
            31.2199239
          ],
          [
            121.4679716,
            31.2198428
          ],
          [
            121.4681698,
            31.219734
          ],
          [
            121.4683653,
            31.2196094
          ],
          [
            121.4685524,
            31.2194726
          ],
          [
            121.4687657,
            31.2193026
          ],
          [
            121.4689566,
            31.219123
          ],
          [
            121.4690975,
            31.218965
          ],
          [
            121.469174,
            31.2188702
          ],
          [
            121.4692439,
            31.2187735
          ],
          [
            121.4693299,
            31.2186647
          ],
          [
            121.4694071,
            31.2185571
          ],
          [
            121.469506,
            31.2184165
          ],
          [
            121.4695953,
            31.2182919
          ],
          [
            121.4697869,
            31.2179388
          ],
          [
            121.4704878,
            31.216496
          ],
          [
            121.4708519,
            31.2153605
          ],
          [
            121.4711161,
            31.2143586
          ],
          [
            121.4717336,
            31.2116679
          ],
          [
            121.4718552,
            31.2112748
          ],
          [
            121.4718691,
            31.2112298
          ],
          [
            121.472588,
            31.2089053
          ],
          [
            121.4733033,
            31.2075411
          ],
          [
            121.473881,
            31.2064614
          ],
          [
            121.4741785,
            31.2055877
          ],
          [
            121.4747716,
            31.2038459
          ],
          [
            121.4757077,
            31.2021216
          ],
          [
            121.4759254,
            31.2017206
          ],
          [
            121.4762423,
            31.2011372
          ],
          [
            121.477072,
            31.1992286
          ],
          [
            121.4772139,
            31.1989271
          ],
          [
            121.4776694,
            31.1979591
          ],
          [
            121.4779781,
            31.1972772
          ],
          [
            121.478233,
            31.1965741
          ],
          [
            121.4785004,
            31.1955837
          ],
          [
            121.4786474,
            31.1948726
          ],
          [
            121.4787406,
            31.1942015
          ],
          [
            121.4787944,
            31.1933897
          ],
          [
            121.4787546,
            31.1925736
          ],
          [
            121.478601,
            31.1914554
          ],
          [
            121.4784735,
            31.1906196
          ],
          [
            121.4784303,
            31.1898503
          ],
          [
            121.4784621,
            31.1892674
          ],
          [
            121.4785322,
            31.1887585
          ],
          [
            121.4787286,
            31.1876585
          ],
          [
            121.4791817,
            31.1863192
          ],
          [
            121.4792594,
            31.186089
          ],
          [
            121.4797558,
            31.1846194
          ],
          [
            121.4802378,
            31.1831509
          ],
          [
            121.4803035,
            31.1829507
          ],
          [
            121.4807451,
            31.1816603
          ],
          [
            121.4809005,
            31.1812238
          ],
          [
            121.4810939,
            31.180747
          ],
          [
            121.4813334,
            31.180263
          ],
          [
            121.4815835,
            31.1798064
          ],
          [
            121.4818412,
            31.1793215
          ],
          [
            121.4820793,
            31.1787477
          ],
          [
            121.4823819,
            31.1780664
          ],
          [
            121.4827174,
            31.1775187
          ],
          [
            121.4827507,
            31.1774748
          ],
          [
            121.4828044,
            31.1774039
          ],
          [
            121.4828504,
            31.1773433
          ],
          [
            121.4831761,
            31.1769324
          ],
          [
            121.4834691,
            31.1765614
          ],
          [
            121.4844084,
            31.1755214
          ]
        ]
      },
      "properties": {
        "osm_id": 513577026,
        "part": 0,
        "railway": "subway",
        "line_name": "13",
        "colour": "#EF95CF",
        "route_ids": "7451888"
      }
    },
    {
      "type": "Feature",
      "geometry": {
        "type": "LineString",
        "coordinates": [
          [
            121.5085644646523,
            31.26
          ],
          [
            121.5085314,
            31.2599682
          ],
          [
            121.5070015,
            31.2584968
          ],
          [
            121.5054162,
            31.2570473
          ],
          [
            121.5049636,
            31.2567293
          ],
          [
            121.5043364,
            31.2563616
          ],
          [
            121.5036886,
            31.2560096
          ],
          [
            121.5030855,
            31.2557671
          ],
          [
            121.5022329,
            31.2554875
          ],
          [
            121.5014484,
            31.2552192
          ],
          [
            121.5006661,
            31.2549512
          ],
          [
            121.4996357,
            31.2546092
          ],
          [
            121.4993399,
            31.2545014
          ],
          [
            121.4990385,
            31.2543861
          ],
          [
            121.4985721,
            31.2541742
          ],
          [
            121.4981212,
            31.2539389
          ],
          [
            121.4977889,
            31.2537669
          ],
          [
            121.4974566,
            31.2536023
          ],
          [
            121.4966885,
            31.2532751
          ],
          [
            121.4957594,
            31.2528862
          ],
          [
            121.4954546,
            31.2527578
          ]
        ]
      },
      "properties": {
        "osm_id": 513577027,
        "part": 0,
        "railway": "subway",
        "line_name": "12",
        "colour": "#007B5F",
        "route_ids": "7451886"
      }
    },
    {
      "type": "Feature",
      "geometry": {
        "type": "LineString",
        "coordinates": [
          [
            121.4664378,
            31.2443496
          ],
          [
            121.4641943,
            31.2440703
          ],
          [
            121.4635684,
            31.2440076
          ],
          [
            121.4628001,
            31.2440553
          ],
          [
            121.4621028,
            31.2442159
          ],
          [
            121.4606432,
            31.2445289
          ],
          [
            121.4601104,
            31.2445639
          ],
          [
            121.4595644,
            31.2445224
          ],
          [
            121.4590491,
            31.2444635
          ],
          [
            121.4585448,
            31.2443282
          ],
          [
            121.457081,
            31.2438604
          ],
          [
            121.4562395,
            31.2435177
          ],
          [
            121.4543768,
            31.242638
          ],
          [
            121.4536892,
            31.2422925
          ],
          [
            121.4529848,
            31.2419459
          ],
          [
            121.4525993,
            31.2416786
          ],
          [
            121.4523189,
            31.2414
          ],
          [
            121.4521111,
            31.2410819
          ],
          [
            121.4519662,
            31.2407702
          ],
          [
            121.4518249,
            31.2403464
          ],
          [
            121.4517787,
            31.2399498
          ],
          [
            121.4518055,
            31.2391945
          ],
          [
            121.4518911,
            31.2387084
          ],
          [
            121.4519761,
            31.2382387
          ],
          [
            121.4526966,
            31.2349301
          ],
          [
            121.4529597,
            31.2335051
          ],
          [
            121.4529645,
            31.233487
          ],
          [
            121.4531849,
            31.2326573
          ],
          [
            121.4535357,
            31.2317295
          ],
          [
            121.4539419,
            31.2308584
          ],
          [
            121.4542863,
            31.2303014
          ],
          [
            121.4547622,
            31.2294193
          ],
          [
            121.4551802,
            31.2284127
          ],
          [
            121.4553207,
            31.2278756
          ],
          [
            121.4554285,
            31.2272541
          ],
          [
            121.455464,
            31.2266696
          ],
          [
            121.4554601,
            31.226096
          ],
          [
            121.4554272,
            31.2253749
          ],
          [
            121.4553405,
            31.2249331
          ],
          [
            121.4551265,
            31.2243434
          ],
          [
            121.454831,
            31.2238185
          ],
          [
            121.4546358,
            31.2234775
          ],
          [
            121.4543293,
            31.2229746
          ],
          [
            121.4540495,
            31.2224565
          ],
          [
            121.4539016,
            31.2219302
          ],
          [
            121.4538378,
            31.2214855
          ],
          [
            121.4538034,
            31.2210395
          ],
          [
            121.4538526,
            31.2206053
          ],
          [
            121.4539017,
            31.2201724
          ],
          [
            121.454101,
            31.2193231
          ],
          [
            121.4541415,
            31.2192212
          ],
          [
            121.4546647,
            31.2177728
          ],
          [
            121.4552016,
            31.2163338
          ],
          [
            121.4556921,
            31.2149656
          ],
          [
            121.4560861,
            31.2135998
          ],
          [
            121.4562135,
            31.2128131
          ],
          [
            121.4562842,
            31.21167
          ],
          [
            121.4562688,
            31.2107727
          ],
          [
            121.4562025,
            31.2100325
          ],
          [
            121.4560455,
            31.2089004
          ],
          [
            121.455963,
            31.2082873
          ],
          [
            121.4559458,
            31.2081594
          ],
          [
            121.4559182,
            31.2072196
          ],
          [
            121.4559286,
            31.2065857
          ],
          [
            121.4560086,
            31.2058747
          ],
          [
            121.4563649,
            31.2042637
          ],
          [
            121.4574597,
            31.1996414
          ],
          [
            121.4578476,
            31.1981756
          ],
          [
            121.4591251,
            31.1960333
          ],
          [
            121.4600407,
            31.19453
          ],
          [
            121.4606186,
            31.1935813
          ],
          [
            121.4608212,
            31.193128
          ],
          [
            121.460999,
            31.1925829
          ],
          [
            121.4611116,
            31.1920625
          ],
          [
            121.4611477,
            31.1916682
          ],
          [
            121.4610982,
            31.1913583
          ],
          [
            121.461011,
            31.1910926
          ],
          [
            121.4608226,
            31.1907325
          ],
          [
            121.4605829,
            31.190443
          ],
          [
            121.4603453,
            31.1902309
          ],
          [
            121.4599597,
            31.1899721
          ],
          [
            121.4596962,
            31.1898363
          ],
          [
            121.4595389,
            31.1897552
          ],
          [
            121.4526613,
            31.1869164
          ],
          [
            121.452495,
            31.1868475
          ],
          [
            121.4524283,
            31.1868199
          ],
          [
            121.4515536,
            31.1864578
          ],
          [
            121.4510646,
            31.1861582
          ],
          [
            121.4507387,
            31.1859364
          ],
          [
            121.4503361,
            31.1856044
          ],
          [
            121.4495632,
            31.1848605
          ],
          [
            121.4491324,
            31.1845517
          ],
          [
            121.4488294,
            31.1843405
          ],
          [
            121.4485877,
            31.1841025
          ],
          [
            121.4483231,
            31.1837379
          ],
          [
            121.4480961,
            31.1833175
          ],
          [
            121.4478939,
            31.1828626
          ],
          [
            121.4477272,
            31.1823238
          ],
          [
            121.4476348,
            31.1816995
          ],
          [
            121.4476461,
            31.1811786
          ],
          [
            121.4477424,
            31.1806333
          ],
          [
            121.4479293,
            31.1800996
          ],
          [
            121.4482057,
            31.1793249
          ],
          [
            121.4483263,
            31.1788975
          ],
          [
            121.4483771,
            31.1784463
          ],
          [
            121.4483501,
            31.1780182
          ],
          [
            121.4482787,
            31.1774351
          ],
          [
            121.4482322,
            31.1770815
          ],
          [
            121.4481468,
            31.1766518
          ],
          [
            121.4480894,
            31.1763474
          ],
          [
            121.4479658,
            31.17569
          ],
          [
            121.4479074,
            31.1753956
          ],
          [
            121.4478824,
            31.1752697
          ],
          [
            121.4477501,
            31.1748802
          ],
          [
            121.4476285,
            31.1746775
          ],
          [
            121.4474843,
            31.1745285
          ],
          [
            121.4471821,
            31.1743552
          ],
          [
            121.446406,
            31.1741274
          ],
          [
            121.4396428,
            31.1722824
          ],
          [
            121.4389396,
            31.1720906
          ],
          [
            121.4372957,
            31.1717444
          ],
          [
            121.4322742,
            31.170687
          ],
          [
            121.4290796,
            31.1704765
          ]
        ]
      },
      "properties": {
        "osm_id": 513577028,
        "part": 0,
        "railway": "subway",
        "line_name": "12",
        "colour": "#007B5F",
        "route_ids": "7451886"
      }
    },
    {
      "type": "Feature",
      "geometry": {
        "type": "LineString",
        "coordinates": [
          [
            121.4290796,
            31.1704765
          ],
          [
            121.4249285,
            31.1702055
          ],
          [
            121.4234685,
            31.1701172
          ],
          [
            121.4228598,
            31.1700402
          ],
          [
            121.4165568,
            31.1692426
          ],
          [
            121.4155089,
            31.1690826
          ],
          [
            121.4149546,
            31.1690247
          ],
          [
            121.4138324,
            31.1688258
          ],
          [
            121.4133837,
            31.1686688
          ],
          [
            121.4127372,
            31.1683812
          ],
          [
            121.4101001,
            31.1670552
          ],
          [
            121.4089669,
            31.166732
          ],
          [
            121.4060941,
            31.1662911
          ],
          [
            121.4018222,
            31.1653157
          ],
          [
            121.4002952,
            31.1650023
          ],
          [
            121.4,
            31.164887782141996
          ]
        ]
      },
      "properties": {
        "osm_id": 513577030,
        "part": 0,
        "railway": "subway",
        "line_name": "12",
        "colour": "#007B5F",
        "route_ids": "7451886"
      }
    },
    {
      "type": "Feature",
      "geometry": {
        "type": "LineString",
        "coordinates": [
          [
            121.56,
            31.23725833162198
          ],
          [
            121.5592876,
            31.236898
          ],
          [
            121.5578414,
            31.2361341
          ],
          [
            121.5563708,
            31.2353958
          ],
          [
            121.5553319,
            31.2348715
          ],
          [
            121.5549039,
            31.2346683
          ],
          [
            121.5546561,
            31.2345464
          ],
          [
            121.5544049,
            31.2344202
          ],
          [
            121.5542615,
            31.2343481
          ],
          [
            121.5538321,
            31.2341323
          ],
          [
            121.553584,
            31.2339956
          ],
          [
            121.5532227,
            31.2337728
          ],
          [
            121.5530002,
            31.2336349
          ],
          [
            121.5529565,
            31.2336022
          ],
          [
            121.5529512,
            31.2335987
          ],
          [
            121.5528993,
            31.2335643
          ],
          [
            121.5525996,
            31.2333658
          ],
          [
            121.5522102,
            31.2331307
          ],
          [
            121.5518162,
            31.2328885
          ],
          [
            121.5515557,
            31.2327451
          ],
          [
            121.5512316,
            31.2325639
          ],
          [
            121.5509288,
            31.2323903
          ],
          [
            121.5504083,
            31.2321246
          ],
          [
            121.5497768,
            31.2317914
          ],
          [
            121.5488694,
            31.2313506
          ],
          [
            121.5486016,
            31.2312338
          ],
          [
            121.5482323,
            31.2310949
          ],
          [
            121.54693,
            31.2305714
          ],
          [
            121.5461558,
            31.2302872
          ],
          [
            121.5456003,
            31.2300815
          ],
          [
            121.5450273,
            31.2298759
          ],
          [
            121.5445213,
            31.2296943
          ],
          [
            121.5440832,
            31.2295402
          ],
          [
            121.5436207,
            31.2293855
          ],
          [
            121.5409246,
            31.2285043
          ],
          [
            121.5400802,
            31.2282259
          ],
          [
            121.5397408,
            31.2281053
          ],
          [
            121.5393952,
            31.227952
          ],
          [
            121.5388333,
            31.227619
          ],
          [
            121.5381074,
            31.2271525
          ],
          [
            121.5369227,
            31.2263796
          ],
          [
            121.5361626,
            31.2259612
          ],
          [
            121.5353696,
            31.2256147
          ],
          [
            121.5346793,
            31.2254263
          ],
          [
            121.5341792,
            31.225358
          ],
          [
            121.5335822,
            31.225304
          ],
          [
            121.5326842,
            31.2253835
          ],
          [
            121.5321241,
            31.2254483
          ],
          [
            121.5316801,
            31.2255619
          ],
          [
            121.5312108,
            31.2257948
          ],
          [
            121.5287644,
            31.2271306
          ],
          [
            121.5260057,
            31.2287167
          ],
          [
            121.5238224,
            31.229972
          ]
        ]
      },
      "properties": {
        "osm_id": 513577031,
        "part": 0,
        "railway": "subway",
        "line_name": "9",
        "colour": "#71C5E8",
        "route_ids": "7451834"
      }
    },
    {
      "type": "Feature",
      "geometry": {
        "type": "LineString",
        "coordinates": [
          [
            121.4817311,
            31.2133461
          ],
          [
            121.482072,
            31.2126901
          ],
          [
            121.4824487,
            31.211372
          ],
          [
            121.4828178,
            31.2102927
          ],
          [
            121.4831004,
            31.2093407
          ],
          [
            121.4836155,
            31.2070053
          ],
          [
            121.4838489,
            31.2063254
          ],
          [
            121.4846656,
            31.2045754
          ],
          [
            121.4850976,
            31.2037089
          ],
          [
            121.485163,
            31.2035777
          ],
          [
            121.4857182,
            31.2024643
          ],
          [
            121.4862082,
            31.2018475
          ],
          [
            121.4867863,
            31.20106
          ],
          [
            121.4878212,
            31.1994913
          ],
          [
            121.4899921,
            31.1958489
          ],
          [
            121.4901468,
            31.195533
          ],
          [
            121.4902422,
            31.1952744
          ],
          [
            121.4903093,
            31.1950159
          ],
          [
            121.4904099,
            31.194487
          ],
          [
            121.4904883,
            31.1938976
          ],
          [
            121.4905358,
            31.1933467
          ],
          [
            121.4905567,
            31.1927959
          ],
          [
            121.490534,
            31.1923279
          ],
          [
            121.4904461,
            31.19162
          ],
          [
            121.4903228,
            31.1909424
          ],
          [
            121.4894665,
            31.1887206
          ],
          [
            121.4893463,
            31.1880847
          ],
          [
            121.4893224,
            31.187806
          ],
          [
            121.489267,
            31.1871185
          ],
          [
            121.4892252,
            31.186366
          ],
          [
            121.4891991,
            31.1856723
          ],
          [
            121.4892111,
            31.1850367
          ],
          [
            121.4893118,
            31.1843349
          ],
          [
            121.4895867,
            31.1830319
          ],
          [
            121.4899443,
            31.1815342
          ],
          [
            121.4901395,
            31.1806088
          ],
          [
            121.4901471,
            31.1805729
          ],
          [
            121.4901518,
            31.1805507
          ],
          [
            121.490876,
            31.1763932
          ],
          [
            121.4912628,
            31.1742975
          ],
          [
            121.4917491,
            31.1727501
          ],
          [
            121.4919924,
            31.1719106
          ],
          [
            121.4921204,
            31.1713268
          ],
          [
            121.4922424,
            31.1701824
          ],
          [
            121.4923081,
            31.1688729
          ],
          [
            121.4922297,
            31.1677703
          ],
          [
            121.4920054,
            31.1667997
          ],
          [
            121.4916174,
            31.1659027
          ],
          [
            121.4910888,
            31.1651195
          ],
          [
            121.4904215,
            31.164365
          ],
          [
            121.4896388,
            31.163589
          ],
          [
            121.488995,
            31.1630401
          ],
          [
            121.4878517,
            31.1620992
          ],
          [
            121.4875365,
            31.1618748
          ],
          [
            121.4871972,
            31.161653
          ],
          [
            121.4867562,
            31.1614061
          ],
          [
            121.4860884,
            31.1610488
          ],
          [
            121.4854024,
            31.160698
          ],
          [
            121.4848545,
            31.160426
          ],
          [
            121.4842937,
            31.1601783
          ],
          [
            121.4836194,
            31.1599061
          ],
          [
            121.4789697,
            31.1580782
          ],
          [
            121.47859,
            31.1579054
          ],
          [
            121.4781985,
            31.1576929
          ],
          [
            121.4778817,
            31.1574803
          ],
          [
            121.4776258,
            31.1572799
          ],
          [
            121.4773889,
            31.1570731
          ],
          [
            121.4768964,
            31.1565814
          ],
          [
            121.47627,
            31.1559448
          ],
          [
            121.4757981,
            31.1554627
          ],
          [
            121.4752769,
            31.1549393
          ],
          [
            121.4750946,
            31.1547574
          ],
          [
            121.4732365,
            31.1529025
          ],
          [
            121.472699,
            31.1523158
          ],
          [
            121.4724828,
            31.1520202
          ],
          [
            121.4723105,
            31.1517149
          ],
          [
            121.472157,
            31.1513275
          ],
          [
            121.4720686,
            31.1509537
          ],
          [
            121.4720261,
            31.1505646
          ],
          [
            121.4720336,
            31.1502032
          ],
          [
            121.4720889,
            31.149819
          ],
          [
            121.4721898,
            31.1494715
          ],
          [
            121.4723801,
            31.1490607
          ],
          [
            121.4725812,
            31.1487514
          ],
          [
            121.4728816,
            31.14839
          ],
          [
            121.4732039,
            31.1480862
          ],
          [
            121.4735922,
            31.147811
          ],
          [
            121.4739654,
            31.1476117
          ],
          [
            121.4744285,
            31.1474253
          ],
          [
            121.4748472,
            31.1473078
          ],
          [
            121.4752702,
            31.1472424
          ],
          [
            121.4757167,
            31.1472177
          ],
          [
            121.4761928,
            31.1472243
          ],
          [
            121.4798297,
            31.1474025
          ],
          [
            121.4805307,
            31.1474028
          ],
          [
            121.4810391,
            31.1473301
          ],
          [
            121.4815851,
            31.1471917
          ],
          [
            121.4820317,
            31.1470261
          ],
          [
            121.4825252,
            31.1467748
          ],
          [
            121.4829408,
            31.1464903
          ],
          [
            121.4832654,
            31.1462179
          ],
          [
            121.4835285,
            31.1459259
          ],
          [
            121.4837806,
            31.1456056
          ],
          [
            121.4839818,
            31.1452601
          ],
          [
            121.4842158,
            31.1446995
          ],
          [
            121.4847416,
            31.143227
          ],
          [
            121.4855579,
            31.1409631
          ],
          [
            121.485781,
            31.1403305
          ],
          [
            121.48588531962797,
            31.14
          ]
        ]
      },
      "properties": {
        "osm_id": 513577038,
        "part": 0,
        "railway": "subway",
        "line_name": "8",
        "colour": "#009FDF",
        "route_ids": "7451832"
      }
    },
    {
      "type": "Feature",
      "geometry": {
        "type": "LineString",
        "coordinates": [
          [
            121.4839697064764,
            31.26
          ],
          [
            121.4839324,
            31.2598441
          ],
          [
            121.4837534,
            31.2593166
          ],
          [
            121.4831655,
            31.2578321
          ],
          [
            121.4829552,
            31.2574076
          ],
          [
            121.4824377,
            31.2563178
          ],
          [
            121.4823142,
            31.2561082
          ],
          [
            121.4821611,
            31.2559278
          ],
          [
            121.4819595,
            31.2557248
          ],
          [
            121.4816999,
            31.2554973
          ],
          [
            121.4801661,
            31.2543226
          ],
          [
            121.4794548,
            31.2537411
          ],
          [
            121.4786794,
            31.2531498
          ],
          [
            121.4784631,
            31.2529492
          ],
          [
            121.4782697,
            31.2527432
          ],
          [
            121.4780019,
            31.2524255
          ],
          [
            121.4777515,
            31.2520738
          ],
          [
            121.4775702,
            31.251769
          ],
          [
            121.4773935,
            31.2514295
          ],
          [
            121.4772729,
            31.2511001
          ],
          [
            121.4771782,
            31.2508184
          ],
          [
            121.4770941,
            31.250508
          ],
          [
            121.4770365,
            31.2502005
          ],
          [
            121.4770149,
            31.2498903
          ],
          [
            121.4770166,
            31.2496023
          ],
          [
            121.4770471,
            31.2492938
          ],
          [
            121.4771095,
            31.2489625
          ],
          [
            121.4772099,
            31.2486247
          ],
          [
            121.4773391,
            31.2482353
          ],
          [
            121.4774583,
            31.2478622
          ],
          [
            121.4775028,
            31.2477002
          ],
          [
            121.4775365,
            31.2475526
          ],
          [
            121.47757,
            31.2473383
          ],
          [
            121.477775,
            31.2457578
          ],
          [
            121.4777939,
            31.2456119
          ],
          [
            121.4778245,
            31.2454428
          ],
          [
            121.4778537,
            31.2453051
          ],
          [
            121.4779096,
            31.2451017
          ],
          [
            121.477995,
            31.2448178
          ],
          [
            121.4780898,
            31.2445518
          ],
          [
            121.4782045,
            31.2443042
          ],
          [
            121.4784166,
            31.2439057
          ],
          [
            121.4786156,
            31.2435795
          ],
          [
            121.4790354,
            31.2428701
          ],
          [
            121.4801243,
            31.2402472
          ],
          [
            121.4814189,
            31.2363418
          ],
          [
            121.4820794,
            31.2336064
          ],
          [
            121.4826157,
            31.2309656
          ],
          [
            121.4828441,
            31.2299158
          ],
          [
            121.4830534,
            31.2289566
          ],
          [
            121.4831881,
            31.2283534
          ],
          [
            121.483433,
            31.2275508
          ],
          [
            121.4837666,
            31.2268688
          ],
          [
            121.4841411,
            31.2262165
          ],
          [
            121.484614,
            31.225452
          ],
          [
            121.4848239,
            31.2249135
          ],
          [
            121.4849211,
            31.2245025
          ],
          [
            121.4849048,
            31.2241373
          ],
          [
            121.4847724,
            31.2237873
          ],
          [
            121.4844285,
            31.2233382
          ],
          [
            121.4841053,
            31.2228874
          ],
          [
            121.4836938,
            31.2225592
          ],
          [
            121.4830581,
            31.2221964
          ],
          [
            121.4821104,
            31.2217324
          ],
          [
            121.481344,
            31.2214105
          ],
          [
            121.4811248,
            31.2213321
          ],
          [
            121.4807713,
            31.2212205
          ],
          [
            121.4801874,
            31.2210989
          ],
          [
            121.4790144,
            31.2209477
          ],
          [
            121.4782397,
            31.2208392
          ],
          [
            121.4779114,
            31.2207591
          ],
          [
            121.477542,
            31.2206469
          ],
          [
            121.4773701,
            31.2205904
          ],
          [
            121.4740314,
            31.2194929
          ],
          [
            121.4699225,
            31.2181178
          ],
          [
            121.4692436,
            31.2179153
          ],
          [
            121.4685895,
            31.2177827
          ],
          [
            121.4681629,
            31.2177299
          ],
          [
            121.4677205,
            31.2177159
          ],
          [
            121.4672939,
            31.2177299
          ],
          [
            121.4668831,
            31.2177698
          ],
          [
            121.4651191,
            31.2180832
          ],
          [
            121.4643975,
            31.2181687
          ],
          [
            121.4635937,
            31.2181671
          ],
          [
            121.4626797,
            31.2180837
          ],
          [
            121.4608154,
            31.2177003
          ],
          [
            121.4602167,
            31.2176249
          ],
          [
            121.4595697,
            31.2176004
          ],
          [
            121.4584722,
            31.217619
          ],
          [
            121.4573223,
            31.2175981
          ],
          [
            121.4563548,
            31.2175134
          ],
          [
            121.4557299,
            31.2174012
          ],
          [
            121.4551374,
            31.2172599
          ],
          [
            121.4539964,
            31.2168688
          ],
          [
            121.4530439,
            31.2165577
          ],
          [
            121.4521012,
            31.2161624
          ],
          [
            121.4515989,
            31.2159392
          ],
          [
            121.4510591,
            31.2156591
          ],
          [
            121.4501254,
            31.2151527
          ],
          [
            121.4497519,
            31.2148767
          ],
          [
            121.4487794,
            31.2140109
          ],
          [
            121.4485672,
            31.2138573
          ],
          [
            121.4482203,
            31.2136344
          ],
          [
            121.4475954,
            31.2132479
          ],
          [
            121.4472481,
            31.2130681
          ],
          [
            121.4470593,
            31.2129736
          ],
          [
            121.4469596,
            31.2129324
          ],
          [
            121.4468144,
            31.2128799
          ],
          [
            121.4439082,
            31.2121487
          ],
          [
            121.4436084,
            31.2120765
          ],
          [
            121.443261,
            31.2119823
          ],
          [
            121.4430501,
            31.2119155
          ],
          [
            121.4429066,
            31.2118651
          ],
          [
            121.4427635,
            31.2118119
          ],
          [
            121.4424317,
            31.2116713
          ],
          [
            121.4419698,
            31.2114318
          ],
          [
            121.4397207,
            31.2100185
          ],
          [
            121.4348158,
            31.2068788
          ],
          [
            121.4308623,
            31.2043011
          ],
          [
            121.4304476,
            31.2040636
          ],
          [
            121.4303423,
            31.2040106
          ],
          [
            121.4295623,
            31.2036816
          ],
          [
            121.4233178,
            31.2011945
          ],
          [
            121.4202515,
            31.1998647
          ],
          [
            121.4193259,
            31.1993142
          ],
          [
            121.4188119,
            31.1990517
          ],
          [
            121.4174906,
            31.1985998
          ],
          [
            121.4155423,
            31.1979918
          ],
          [
            121.4152568,
            31.1979415
          ],
          [
            121.4150128,
            31.1979187
          ],
          [
            121.4147793,
            31.1979044
          ],
          [
            121.4139969,
            31.1978927
          ],
          [
            121.4131692,
            31.1979233
          ],
          [
            121.412204,
            31.1979716
          ],
          [
            121.40945,
            31.1982079
          ],
          [
            121.4086838,
            31.1982625
          ],
          [
            121.4079078,
            31.1983706
          ],
          [
            121.4073012,
            31.198455
          ],
          [
            121.4054485,
            31.1986657
          ],
          [
            121.4047344,
            31.198839
          ],
          [
            121.4042523,
            31.1989685
          ],
          [
            121.4036124,
            31.1991405
          ],
          [
            121.401189,
            31.2001128
          ],
          [
            121.4,
            31.200491809093702
          ]
        ]
      },
      "properties": {
        "osm_id": 513577066,
        "part": 0,
        "railway": "subway",
        "line_name": "10",
        "colour": "#C1A7E2",
        "route_ids": "7452116,7452118"
      }
    },
    {
      "type": "Feature",
      "geometry": {
        "type": "LineString",
        "coordinates": [
          [
            121.4,
            31.20043905535282
          ],
          [
            121.4011666,
            31.2000672
          ],
          [
            121.4035914,
            31.1990944
          ],
          [
            121.4047179,
            31.1987916
          ],
          [
            121.4054367,
            31.1986172
          ],
          [
            121.4072928,
            31.1984061
          ],
          [
            121.4078985,
            31.1983218
          ],
          [
            121.4086768,
            31.1982134
          ],
          [
            121.4094493,
            31.1981584
          ],
          [
            121.4121943,
            31.1979198
          ],
          [
            121.4140071,
            31.1978411
          ],
          [
            121.4147834,
            31.1978544
          ],
          [
            121.4150542,
            31.1978658
          ],
          [
            121.4152831,
            31.1978896
          ],
          [
            121.4155434,
            31.1979367
          ],
          [
            121.4168479,
            31.1983443
          ],
          [
            121.4175136,
            31.1985523
          ],
          [
            121.4188537,
            31.1990135
          ],
          [
            121.4194145,
            31.1993044
          ],
          [
            121.4202747,
            31.1998194
          ],
          [
            121.4233431,
            31.2011501
          ],
          [
            121.4295873,
            31.203637
          ],
          [
            121.4303705,
            31.2039674
          ],
          [
            121.4304776,
            31.2040209
          ],
          [
            121.4308962,
            31.204261
          ],
          [
            121.4348509,
            31.2068395
          ],
          [
            121.439814,
            31.2099274
          ],
          [
            121.4402029,
            31.2101942
          ],
          [
            121.4419358,
            31.2112728
          ],
          [
            121.4424934,
            31.2115854
          ],
          [
            121.4427856,
            31.2117114
          ],
          [
            121.4429602,
            31.2117741
          ],
          [
            121.4430827,
            31.2118145
          ],
          [
            121.4433032,
            31.211882
          ],
          [
            121.4436127,
            31.2119586
          ],
          [
            121.443945,
            31.2120425
          ],
          [
            121.4465687,
            31.2127348
          ],
          [
            121.4468486,
            31.2128072
          ],
          [
            121.4470103,
            31.212867
          ],
          [
            121.4470958,
            31.2129042
          ],
          [
            121.4472837,
            31.2129927
          ],
          [
            121.4476907,
            31.2131937
          ],
          [
            121.4482574,
            31.2135241
          ],
          [
            121.4485583,
            31.2137061
          ],
          [
            121.4488592,
            31.2139355
          ],
          [
            121.449863,
            31.2147915
          ],
          [
            121.4502774,
            31.2150815
          ],
          [
            121.4516209,
            31.2158004
          ],
          [
            121.4517588,
            31.2158722
          ],
          [
            121.453078,
            31.2164739
          ],
          [
            121.4540441,
            31.216798
          ],
          [
            121.455156,
            31.217213
          ],
          [
            121.4557436,
            31.2173532
          ],
          [
            121.4563637,
            31.2174645
          ],
          [
            121.4573259,
            31.2175487
          ],
          [
            121.4584722,
            31.2175696
          ],
          [
            121.4595704,
            31.217551
          ],
          [
            121.4602222,
            31.2175757
          ],
          [
            121.4608264,
            31.2176517
          ],
          [
            121.4626896,
            31.2180349
          ],
          [
            121.4635968,
            31.2181177
          ],
          [
            121.4643936,
            31.2181193
          ],
          [
            121.4651092,
            31.2180345
          ],
          [
            121.4668739,
            31.217721
          ],
          [
            121.4672895,
            31.2176806
          ],
          [
            121.4677205,
            31.2176665
          ],
          [
            121.4681681,
            31.2176806
          ],
          [
            121.4686003,
            31.2177341
          ],
          [
            121.4692597,
            31.2178678
          ],
          [
            121.4699504,
            31.2180814
          ],
          [
            121.4731751,
            31.2191548
          ],
          [
            121.4740523,
            31.2194468
          ],
          [
            121.477562,
            31.2206006
          ],
          [
            121.477929,
            31.220712
          ],
          [
            121.4782538,
            31.2207913
          ],
          [
            121.4790209,
            31.2209068
          ],
          [
            121.4801985,
            31.2210504
          ],
          [
            121.4807887,
            31.2211733
          ],
          [
            121.4813672,
            31.2213652
          ],
          [
            121.4821375,
            31.2216887
          ],
          [
            121.4830885,
            31.2221544
          ],
          [
            121.4837298,
            31.2225203
          ],
          [
            121.4841504,
            31.2228559
          ],
          [
            121.4844773,
            31.2233117
          ],
          [
            121.484825,
            31.2237658
          ],
          [
            121.4849622,
            31.2241286
          ],
          [
            121.4849791,
            31.2245065
          ],
          [
            121.4848798,
            31.2249263
          ],
          [
            121.4846673,
            31.2254715
          ],
          [
            121.4841926,
            31.2262389
          ],
          [
            121.4838192,
            31.2268892
          ],
          [
            121.4834879,
            31.2275666
          ],
          [
            121.4832445,
            31.2283643
          ],
          [
            121.4831102,
            31.2289658
          ],
          [
            121.4829009,
            31.2299247
          ],
          [
            121.4826815,
            31.2309756
          ],
          [
            121.4821361,
            31.2336157
          ],
          [
            121.4814752,
            31.2363531
          ],
          [
            121.4801795,
            31.2402618
          ],
          [
            121.4797797,
            31.2412248
          ],
          [
            121.4790886,
            31.2428896
          ],
          [
            121.478667,
            31.2436021
          ],
          [
            121.4784685,
            31.2439274
          ],
          [
            121.4782577,
            31.2443235
          ],
          [
            121.4781444,
            31.2445681
          ],
          [
            121.4780506,
            31.2448312
          ],
          [
            121.4779657,
            31.2451135
          ],
          [
            121.4779103,
            31.2453152
          ],
          [
            121.4778815,
            31.245451
          ],
          [
            121.4778512,
            31.2456184
          ],
          [
            121.4778324,
            31.2457632
          ],
          [
            121.4776273,
            31.2473443
          ],
          [
            121.4775935,
            31.2475606
          ],
          [
            121.4775593,
            31.2477106
          ],
          [
            121.4775143,
            31.2478744
          ],
          [
            121.4773948,
            31.2482485
          ],
          [
            121.4772657,
            31.2486375
          ],
          [
            121.4771661,
            31.2489725
          ],
          [
            121.4771045,
            31.2492998
          ],
          [
            121.4770744,
            31.2496045
          ],
          [
            121.4770727,
            31.249889
          ],
          [
            121.477094,
            31.2501951
          ],
          [
            121.4771508,
            31.2504985
          ],
          [
            121.4772341,
            31.250806
          ],
          [
            121.4773282,
            31.2510859
          ],
          [
            121.4774476,
            31.251412
          ],
          [
            121.4776224,
            31.2517478
          ],
          [
            121.477802,
            31.2520497
          ],
          [
            121.4780501,
            31.2523982
          ],
          [
            121.4783157,
            31.2527133
          ],
          [
            121.4785069,
            31.252917
          ],
          [
            121.47872,
            31.2531146
          ],
          [
            121.479494,
            31.2537048
          ],
          [
            121.4802053,
            31.2542864
          ],
          [
            121.4817399,
            31.2554616
          ],
          [
            121.4820022,
            31.2556915
          ],
          [
            121.4822066,
            31.2558973
          ],
          [
            121.4823637,
            31.2560824
          ],
          [
            121.4824903,
            31.2562974
          ],
          [
            121.4830086,
            31.2573887
          ],
          [
            121.4832187,
            31.2578128
          ],
          [
            121.4835241,
            31.2584268
          ],
          [
            121.483723,
            31.2588266
          ],
          [
            121.4839706,
            31.2592737
          ],
          [
            121.48404,
            31.2594511
          ],
          [
            121.4841257,
            31.259843
          ],
          [
            121.48415096401412,
            31.26
          ]
        ]
      },
      "properties": {
        "osm_id": 513622481,
        "part": 0,
        "railway": "subway",
        "line_name": "10",
        "colour": "#C1A7E2",
        "route_ids": "199189,7452117"
      }
    },
    {
      "type": "Feature",
      "geometry": {
        "type": "LineString",
        "coordinates": [
          [
            121.467668,
            31.2344856
          ],
          [
            121.4693756,
            31.2355698
          ]
        ]
      },
      "properties": {
        "osm_id": 513764718,
        "part": 0,
        "railway": "subway",
        "line_name": "",
        "colour": "#0f766e",
        "route_ids": ""
      }
    },
    {
      "type": "Feature",
      "geometry": {
        "type": "LineString",
        "coordinates": [
          [
            121.4670125,
            31.2342621
          ],
          [
            121.4665783,
            31.2339585
          ]
        ]
      },
      "properties": {
        "osm_id": 513764719,
        "part": 0,
        "railway": "subway",
        "line_name": "",
        "colour": "#0f766e",
        "route_ids": ""
      }
    },
    {
      "type": "Feature",
      "geometry": {
        "type": "LineString",
        "coordinates": [
          [
            121.4682667,
            31.2347605
          ],
          [
            121.4684425,
            31.2348174
          ],
          [
            121.4686104,
            31.2348566
          ],
          [
            121.4688099,
            31.2348851
          ],
          [
            121.4690063,
            31.2349013
          ],
          [
            121.4691726,
            31.234904
          ],
          [
            121.4693548,
            31.2348905
          ],
          [
            121.4695702,
            31.2348634
          ],
          [
            121.4697824,
            31.2348104
          ],
          [
            121.4699718,
            31.2347431
          ],
          [
            121.4701505,
            31.2346599
          ],
          [
            121.4703744,
            31.2345154
          ],
          [
            121.4705111,
            31.2344008
          ],
          [
            121.4706272,
            31.2342784
          ],
          [
            121.4707646,
            31.2341197
          ],
          [
            121.4708706,
            31.2339742
          ],
          [
            121.4711078,
            31.2336371
          ],
          [
            121.4712467,
            31.2334743
          ],
          [
            121.4713894,
            31.2333177
          ],
          [
            121.4717852,
            31.2329858
          ]
        ]
      },
      "properties": {
        "osm_id": 513764720,
        "part": 0,
        "railway": "subway",
        "line_name": "",
        "colour": "#0f766e",
        "route_ids": ""
      }
    },
    {
      "type": "Feature",
      "geometry": {
        "type": "LineString",
        "coordinates": [
          [
            121.4696578,
            31.235847
          ],
          [
            121.4693756,
            31.2355698
          ]
        ]
      },
      "properties": {
        "osm_id": 513764721,
        "part": 0,
        "railway": "subway",
        "line_name": "",
        "colour": "#0f766e",
        "route_ids": ""
      }
    },
    {
      "type": "Feature",
      "geometry": {
        "type": "LineString",
        "coordinates": [
          [
            121.4715986,
            31.2334565
          ],
          [
            121.471879,
            31.2330279
          ]
        ]
      },
      "properties": {
        "osm_id": 513764722,
        "part": 0,
        "railway": "subway",
        "line_name": "",
        "colour": "#0f766e",
        "route_ids": ""
      }
    },
    {
      "type": "Feature",
      "geometry": {
        "type": "LineString",
        "coordinates": [
          [
            121.4710175,
            31.2341152
          ],
          [
            121.4713323,
            31.2336299
          ]
        ]
      },
      "properties": {
        "osm_id": 513764723,
        "part": 0,
        "railway": "subway",
        "line_name": "",
        "colour": "#0f766e",
        "route_ids": ""
      }
    },
    {
      "type": "Feature",
      "geometry": {
        "type": "LineString",
        "coordinates": [
          [
            121.4715276,
            31.2334084
          ],
          [
            121.4713323,
            31.2336299
          ]
        ]
      },
      "properties": {
        "osm_id": 513764724,
        "part": 0,
        "railway": "subway",
        "line_name": "",
        "colour": "#0f766e",
        "route_ids": ""
      }
    },
    {
      "type": "Feature",
      "geometry": {
        "type": "LineString",
        "coordinates": [
          [
            121.4713323,
            31.2336299
          ],
          [
            121.471454,
            31.2333703
          ]
        ]
      },
      "properties": {
        "osm_id": 513764725,
        "part": 0,
        "railway": "subway",
        "line_name": "",
        "colour": "#0f766e",
        "route_ids": ""
      }
    },
    {
      "type": "Feature",
      "geometry": {
        "type": "LineString",
        "coordinates": [
          [
            121.56,
            31.17034301830669
          ],
          [
            121.5595749,
            31.1701801
          ],
          [
            121.5591499,
            31.1700379
          ],
          [
            121.5587213,
            31.169917
          ],
          [
            121.5584961,
            31.1698674
          ],
          [
            121.558269,
            31.1698439
          ],
          [
            121.558065,
            31.1698501
          ],
          [
            121.5578296,
            31.1698997
          ],
          [
            121.5575634,
            31.1699822
          ],
          [
            121.5573313,
            31.1700899
          ],
          [
            121.5571353,
            31.1702078
          ],
          [
            121.5569449,
            31.1703513
          ],
          [
            121.5567429,
            31.1705622
          ],
          [
            121.5565473,
            31.1708262
          ],
          [
            121.5562766,
            31.171305
          ],
          [
            121.5558724,
            31.1720611
          ],
          [
            121.5553301,
            31.1730931
          ],
          [
            121.5550914,
            31.1735816
          ],
          [
            121.5548572,
            31.1740565
          ],
          [
            121.5546572,
            31.1744996
          ],
          [
            121.5543444,
            31.1752736
          ],
          [
            121.5542579,
            31.1755409
          ],
          [
            121.5541732,
            31.1758394
          ],
          [
            121.5539907,
            31.1765213
          ],
          [
            121.5537987,
            31.1773264
          ],
          [
            121.5535874,
            31.1781973
          ],
          [
            121.553357,
            31.1791256
          ],
          [
            121.5531947,
            31.1796273
          ],
          [
            121.5531005,
            31.1798976
          ],
          [
            121.5529693,
            31.1802013
          ],
          [
            121.5527974,
            31.18049
          ],
          [
            121.5525076,
            31.1808143
          ],
          [
            121.5519047,
            31.1813134
          ],
          [
            121.5515274,
            31.1815402
          ],
          [
            121.5511382,
            31.1817231
          ],
          [
            121.5507784,
            31.1818679
          ],
          [
            121.5503118,
            31.1820058
          ],
          [
            121.5499453,
            31.1820875
          ],
          [
            121.5494928,
            31.1821554
          ],
          [
            121.5490956,
            31.1821929
          ],
          [
            121.5485779,
            31.182201
          ],
          [
            121.5472374,
            31.1821553
          ],
          [
            121.5463963,
            31.1821177
          ],
          [
            121.5453402,
            31.1820668
          ],
          [
            121.543577,
            31.1819807
          ],
          [
            121.541663,
            31.1819092
          ],
          [
            121.5396941,
            31.181834
          ],
          [
            121.5380565,
            31.1817689
          ],
          [
            121.5375849,
            31.1817294
          ],
          [
            121.5357295,
            31.1814018
          ],
          [
            121.5349043,
            31.1812553
          ],
          [
            121.5338301,
            31.1810574
          ],
          [
            121.532815,
            31.1808829
          ],
          [
            121.5308025,
            31.1805275
          ],
          [
            121.5293199,
            31.1802567
          ],
          [
            121.5276154,
            31.1799547
          ],
          [
            121.5267512,
            31.1797937
          ],
          [
            121.5258553,
            31.1796278
          ],
          [
            121.5253168,
            31.1794934
          ],
          [
            121.5250545,
            31.1794136
          ],
          [
            121.5246108,
            31.1792712
          ],
          [
            121.523924,
            31.1790282
          ],
          [
            121.5218918,
            31.1782915
          ],
          [
            121.5217354,
            31.178235
          ],
          [
            121.521316,
            31.1780897
          ],
          [
            121.5210056,
            31.1779865
          ],
          [
            121.519874,
            31.1776163
          ],
          [
            121.5193001,
            31.1774403
          ],
          [
            121.5187746,
            31.1772873
          ],
          [
            121.5179178,
            31.1770122
          ],
          [
            121.5171479,
            31.1767898
          ],
          [
            121.5156104,
            31.1763543
          ],
          [
            121.514087,
            31.1759181
          ],
          [
            121.5126877,
            31.175583
          ],
          [
            121.5112,
            31.1752969
          ],
          [
            121.5102295,
            31.1751139
          ],
          [
            121.5095981,
            31.1750201
          ],
          [
            121.5084346,
            31.1749219
          ],
          [
            121.5070285,
            31.1747956
          ],
          [
            121.5055857,
            31.1746764
          ],
          [
            121.503196,
            31.1744576
          ],
          [
            121.5010619,
            31.1742657
          ],
          [
            121.4989488,
            31.1740648
          ],
          [
            121.4970599,
            31.1739085
          ],
          [
            121.4957555,
            31.1737969
          ],
          [
            121.4943989,
            31.1736496
          ],
          [
            121.4926368,
            31.1734769
          ],
          [
            121.492422,
            31.1734558
          ],
          [
            121.4911939,
            31.1733558
          ],
          [
            121.4898472,
            31.1733138
          ],
          [
            121.4889039,
            31.1733156
          ],
          [
            121.4880619,
            31.1733607
          ],
          [
            121.4874252,
            31.1734482
          ],
          [
            121.4868149,
            31.1736135
          ],
          [
            121.4863187,
            31.173849
          ],
          [
            121.4858354,
            31.1741576
          ],
          [
            121.4854563,
            31.1744902
          ],
          [
            121.4850743,
            31.1748622
          ],
          [
            121.4838312,
            31.1762458
          ]
        ]
      },
      "properties": {
        "osm_id": 580818726,
        "part": 0,
        "railway": "subway",
        "line_name": "13",
        "colour": "#EF95CF",
        "route_ids": "214631"
      }
    },
    {
      "type": "Feature",
      "geometry": {
        "type": "LineString",
        "coordinates": [
          [
            121.4,
            31.252362596985105
          ],
          [
            121.4018964,
            31.2523461
          ],
          [
            121.4030679,
            31.2523531
          ],
          [
            121.403637,
            31.252349
          ],
          [
            121.403862,
            31.2523327
          ],
          [
            121.4041117,
            31.2522901
          ],
          [
            121.4044741,
            31.2522042
          ],
          [
            121.4047115,
            31.2521321
          ],
          [
            121.4049759,
            31.2520345
          ],
          [
            121.4053322,
            31.2518641
          ],
          [
            121.4056206,
            31.2516898
          ],
          [
            121.4059651,
            31.2514324
          ],
          [
            121.4062321,
            31.2511762
          ],
          [
            121.4064501,
            31.2509464
          ],
          [
            121.4065915,
            31.2507473
          ],
          [
            121.4067471,
            31.2504561
          ],
          [
            121.4068705,
            31.2500846
          ],
          [
            121.406967,
            31.2496765
          ],
          [
            121.407128,
            31.2490986
          ],
          [
            121.4072353,
            31.2487868
          ],
          [
            121.4074056,
            31.2485299
          ],
          [
            121.4076644,
            31.2482181
          ],
          [
            121.4079434,
            31.2479658
          ],
          [
            121.4082599,
            31.2477434
          ],
          [
            121.408552,
            31.2475617
          ],
          [
            121.4087177,
            31.2474644
          ],
          [
            121.4088578,
            31.2473948
          ],
          [
            121.4089867,
            31.2473369
          ],
          [
            121.4091213,
            31.2472655
          ],
          [
            121.4099796,
            31.2468552
          ],
          [
            121.4110874,
            31.2463292
          ],
          [
            121.4114141,
            31.2461589
          ],
          [
            121.411736,
            31.2459662
          ],
          [
            121.4120579,
            31.2457415
          ],
          [
            121.4125514,
            31.2453792
          ],
          [
            121.4133453,
            31.2447371
          ],
          [
            121.4139055,
            31.2442566
          ],
          [
            121.4143699,
            31.2438519
          ],
          [
            121.4148635,
            31.243407
          ],
          [
            121.4155691,
            31.2427834
          ],
          [
            121.4158604,
            31.2425429
          ],
          [
            121.4159427,
            31.2424802
          ],
          [
            121.4169961,
            31.2416208
          ],
          [
            121.4176868,
            31.2410557
          ],
          [
            121.4180002,
            31.2408057
          ],
          [
            121.4180668,
            31.2407525
          ],
          [
            121.4184402,
            31.2404546
          ],
          [
            121.4187055,
            31.2402586
          ],
          [
            121.4189627,
            31.2400938
          ],
          [
            121.4193186,
            31.2398964
          ],
          [
            121.4197172,
            31.2396963
          ],
          [
            121.4200839,
            31.2395075
          ],
          [
            121.4205015,
            31.2392736
          ],
          [
            121.4207796,
            31.2390976
          ],
          [
            121.421472,
            31.2385303
          ],
          [
            121.4219634,
            31.238157
          ],
          [
            121.4253285,
            31.2356219
          ],
          [
            121.4257392,
            31.2352545
          ],
          [
            121.4262386,
            31.2348761
          ],
          [
            121.4264375,
            31.2347272
          ],
          [
            121.4269033,
            31.2343678
          ],
          [
            121.4272203,
            31.2341231
          ],
          [
            121.4273864,
            31.2339869
          ],
          [
            121.4275537,
            31.2338105
          ],
          [
            121.4277292,
            31.2336272
          ],
          [
            121.4278695,
            31.2334561
          ],
          [
            121.4279947,
            31.2333011
          ],
          [
            121.428237,
            31.233032
          ],
          [
            121.4287185,
            31.2324448
          ],
          [
            121.4289236,
            31.2321742
          ],
          [
            121.4301234,
            31.2303492
          ],
          [
            121.430213,
            31.2302339
          ],
          [
            121.4303382,
            31.2300893
          ],
          [
            121.4306188,
            31.2298303
          ],
          [
            121.431704,
            31.2288843
          ],
          [
            121.4329214,
            31.227804
          ],
          [
            121.4331829,
            31.2275963
          ],
          [
            121.4334404,
            31.2274358
          ],
          [
            121.4337248,
            31.2273027
          ],
          [
            121.4340091,
            31.2272248
          ],
          [
            121.4343309,
            31.2271881
          ],
          [
            121.4347172,
            31.2271972
          ],
          [
            121.4351571,
            31.2272293
          ],
          [
            121.4354843,
            31.2272477
          ],
          [
            121.4358427,
            31.2272158
          ],
          [
            121.4361924,
            31.2271468
          ],
          [
            121.4381161,
            31.2265386
          ],
          [
            121.4395612,
            31.2256651
          ],
          [
            121.4398187,
            31.2254678
          ],
          [
            121.440044,
            31.2252614
          ],
          [
            121.4402264,
            31.225032
          ],
          [
            121.4404031,
            31.2247612
          ],
          [
            121.4405215,
            31.2245045
          ],
          [
            121.440562,
            31.224359
          ],
          [
            121.4405934,
            31.2242161
          ],
          [
            121.4406938,
            31.2237526
          ],
          [
            121.4407841,
            31.2233213
          ],
          [
            121.4408473,
            31.2230063
          ],
          [
            121.4409095,
            31.2227332
          ],
          [
            121.4409978,
            31.2223359
          ],
          [
            121.441057,
            31.222081
          ],
          [
            121.4411231,
            31.2218423
          ],
          [
            121.4411974,
            31.2216557
          ],
          [
            121.4413637,
            31.2212933
          ],
          [
            121.4415729,
            31.2209859
          ],
          [
            121.4420235,
            31.2205455
          ],
          [
            121.4425278,
            31.2201785
          ],
          [
            121.4431554,
            31.2198803
          ],
          [
            121.4437562,
            31.2196556
          ],
          [
            121.4444804,
            31.2194354
          ],
          [
            121.4451456,
            31.2192794
          ],
          [
            121.445843,
            31.2191876
          ],
          [
            121.4466155,
            31.2191922
          ],
          [
            121.4471626,
            31.2192656
          ],
          [
            121.4476508,
            31.2193895
          ],
          [
            121.4480531,
            31.2195592
          ],
          [
            121.4483157,
            31.219703
          ],
          [
            121.4484501,
            31.2197748
          ],
          [
            121.4487773,
            31.2199721
          ],
          [
            121.4502472,
            31.2209309
          ],
          [
            121.4508694,
            31.2213392
          ],
          [
            121.4511216,
            31.2214791
          ],
          [
            121.4513656,
            31.22158
          ],
          [
            121.4516178,
            31.2216534
          ],
          [
            121.4519075,
            31.2217199
          ],
          [
            121.452747,
            31.2218989
          ],
          [
            121.4538435,
            31.2221343
          ],
          [
            121.4563787,
            31.2226925
          ],
          [
            121.458165,
            31.2230319
          ],
          [
            121.4588034,
            31.2231329
          ],
          [
            121.4599621,
            31.2232521
          ],
          [
            121.4612435,
            31.2233769
          ],
          [
            121.4618182,
            31.2234655
          ],
          [
            121.4624298,
            31.2235962
          ],
          [
            121.464259,
            31.2240848
          ],
          [
            121.4648035,
            31.2242293
          ],
          [
            121.4652488,
            31.2243532
          ],
          [
            121.4658804,
            31.2246261
          ],
          [
            121.4666632,
            31.2250111
          ],
          [
            121.46696,
            31.2251571
          ],
          [
            121.4679953,
            31.2256032
          ],
          [
            121.4684272,
            31.2257775
          ],
          [
            121.4687758,
            31.2258933
          ],
          [
            121.4693465,
            31.2260796
          ],
          [
            121.469429,
            31.2261066
          ],
          [
            121.4701438,
            31.2263119
          ],
          [
            121.4707071,
            31.2264816
          ],
          [
            121.4713293,
            31.226711
          ],
          [
            121.4719731,
            31.2269816
          ],
          [
            121.472826,
            31.2273853
          ],
          [
            121.4736414,
            31.2278165
          ],
          [
            121.4744224,
            31.2281869
          ],
          [
            121.4752333,
            31.2285734
          ],
          [
            121.4765409,
            31.2291926
          ],
          [
            121.4784083,
            31.2301438
          ],
          [
            121.4787805,
            31.2303119
          ],
          [
            121.4790702,
            31.2304128
          ],
          [
            121.4793652,
            31.2304908
          ],
          [
            121.4796978,
            31.2305458
          ],
          [
            121.480025,
            31.2305871
          ],
          [
            121.4805561,
            31.2306513
          ],
          [
            121.4811569,
            31.2307247
          ],
          [
            121.4816076,
            31.2307935
          ],
          [
            121.4821225,
            31.2308945
          ],
          [
            121.4830519,
            31.2311029
          ],
          [
            121.4842589,
            31.2314139
          ],
          [
            121.4857311,
            31.2317795
          ],
          [
            121.4874964,
            31.232249
          ],
          [
            121.4887395,
            31.2326072
          ],
          [
            121.4894771,
            31.2328118
          ],
          [
            121.4901853,
            31.2329586
          ],
          [
            121.4910114,
            31.2331329
          ],
          [
            121.4919555,
            31.2333806
          ],
          [
            121.4929211,
            31.2336925
          ],
          [
            121.4939082,
            31.2340961
          ],
          [
            121.4947557,
            31.2344906
          ],
          [
            121.4954985,
            31.2349298
          ],
          [
            121.4975102,
            31.2364883
          ],
          [
            121.4980003,
            31.2368877
          ],
          [
            121.499176,
            31.2377931
          ],
          [
            121.4996822,
            31.2380949
          ],
          [
            121.500265,
            31.2383985
          ],
          [
            121.5008871,
            31.2386428
          ],
          [
            121.5011689,
            31.2387265
          ],
          [
            121.5014613,
            31.2387884
          ],
          [
            121.5016651,
            31.2388136
          ],
          [
            121.5020594,
            31.2388366
          ],
          [
            121.5024495,
            31.238847
          ],
          [
            121.5029066,
            31.2388366
          ],
          [
            121.5033245,
            31.2388316
          ],
          [
            121.5036603,
            31.2388458
          ],
          [
            121.5039902,
            31.2388826
          ],
          [
            121.5043359,
            31.2389453
          ],
          [
            121.5045933,
            31.2390189
          ],
          [
            121.5048303,
            31.2391073
          ],
          [
            121.5050951,
            31.2392041
          ],
          [
            121.5053156,
            31.2393159
          ],
          [
            121.5056561,
            31.2394908
          ],
          [
            121.5061087,
            31.2397623
          ],
          [
            121.5065742,
            31.2400294
          ],
          [
            121.5068226,
            31.2401383
          ],
          [
            121.5071045,
            31.2402446
          ],
          [
            121.5083142,
            31.240598
          ],
          [
            121.5092724,
            31.2408719
          ],
          [
            121.5099128,
            31.2410511
          ],
          [
            121.5112671,
            31.2414362
          ],
          [
            121.5120777,
            31.2416577
          ]
        ]
      },
      "properties": {
        "osm_id": 584100104,
        "part": 0,
        "railway": "subway",
        "line_name": "14",
        "colour": "#827a04",
        "route_ids": "10557251"
      }
    },
    {
      "type": "Feature",
      "geometry": {
        "type": "LineString",
        "coordinates": [
          [
            121.4844084,
            31.1755214
          ],
          [
            121.4850325,
            31.1748322
          ],
          [
            121.4854163,
            31.1744585
          ],
          [
            121.4857994,
            31.1741224
          ],
          [
            121.4862891,
            31.1738098
          ],
          [
            121.4867932,
            31.1735705
          ],
          [
            121.4874126,
            31.1734027
          ],
          [
            121.4880559,
            31.1733143
          ],
          [
            121.4889021,
            31.173269
          ],
          [
            121.4898481,
            31.1732672
          ],
          [
            121.4911975,
            31.1733093
          ],
          [
            121.4924277,
            31.1734094
          ],
          [
            121.4934254,
            31.1735072
          ],
          [
            121.4944054,
            31.1736033
          ],
          [
            121.4957616,
            31.1737506
          ],
          [
            121.4970652,
            31.1738621
          ],
          [
            121.4989544,
            31.1740184
          ],
          [
            121.5010678,
            31.1742193
          ],
          [
            121.5032017,
            31.1744112
          ],
          [
            121.5055912,
            31.17463
          ],
          [
            121.5079434,
            31.1748309
          ],
          [
            121.5084401,
            31.1748755
          ],
          [
            121.5096054,
            31.1749739
          ],
          [
            121.51024,
            31.1750681
          ],
          [
            121.5112118,
            31.1752514
          ],
          [
            121.512701,
            31.1755378
          ],
          [
            121.514103,
            31.1758735
          ],
          [
            121.5156276,
            31.1763101
          ],
          [
            121.5171652,
            31.1767456
          ],
          [
            121.5179361,
            31.1769683
          ],
          [
            121.518793,
            31.1772434
          ],
          [
            121.5193181,
            31.1773963
          ],
          [
            121.5198929,
            31.1775726
          ],
          [
            121.5210252,
            31.177943
          ],
          [
            121.5213361,
            31.1780464
          ],
          [
            121.5217562,
            31.1781919
          ],
          [
            121.5227144,
            31.1785388
          ],
          [
            121.523945,
            31.1789852
          ],
          [
            121.5246308,
            31.1792278
          ],
          [
            121.5250732,
            31.1793698
          ],
          [
            121.5253336,
            31.179449
          ],
          [
            121.5258687,
            31.1795826
          ],
          [
            121.5267628,
            31.1797481
          ],
          [
            121.5276267,
            31.1799091
          ],
          [
            121.5293311,
            31.1802111
          ],
          [
            121.5308137,
            31.1804819
          ],
          [
            121.5328259,
            31.1808372
          ],
          [
            121.5338412,
            31.1810118
          ],
          [
            121.5349156,
            31.1812097
          ],
          [
            121.5367549,
            31.1815362
          ],
          [
            121.537593,
            31.1816832
          ],
          [
            121.5380604,
            31.1817224
          ],
          [
            121.5396966,
            31.1817874
          ],
          [
            121.5416654,
            31.1818626
          ],
          [
            121.5435797,
            31.1819341
          ],
          [
            121.5438928,
            31.1819494
          ],
          [
            121.5439821,
            31.1819542
          ],
          [
            121.5453433,
            31.1820203
          ],
          [
            121.5463993,
            31.1820712
          ],
          [
            121.5472401,
            31.1821087
          ],
          [
            121.5482013,
            31.1821455
          ],
          [
            121.5485781,
            31.1821544
          ],
          [
            121.5490921,
            31.1821463
          ],
          [
            121.5494851,
            31.1821092
          ],
          [
            121.5499337,
            31.1820419
          ],
          [
            121.550296,
            31.1819611
          ],
          [
            121.5507578,
            31.1818247
          ],
          [
            121.5511135,
            31.1816815
          ],
          [
            121.5514985,
            31.1815006
          ],
          [
            121.5518699,
            31.1812774
          ],
          [
            121.5524668,
            31.1807832
          ],
          [
            121.5527511,
            31.1804651
          ],
          [
            121.5529193,
            31.1801826
          ],
          [
            121.5530488,
            31.1798828
          ],
          [
            121.5531423,
            31.1796144
          ],
          [
            121.553304,
            31.1791145
          ],
          [
            121.5535341,
            31.1781877
          ],
          [
            121.5537453,
            31.177317
          ],
          [
            121.5539374,
            31.1765114
          ],
          [
            121.5541202,
            31.1758287
          ],
          [
            121.5542052,
            31.1755292
          ],
          [
            121.5542923,
            31.1752597
          ],
          [
            121.554606,
            31.1744836
          ],
          [
            121.5548067,
            31.174039
          ],
          [
            121.5550412,
            31.1735635
          ],
          [
            121.5552801,
            31.1730745
          ],
          [
            121.5558228,
            31.1720418
          ],
          [
            121.5562273,
            31.1712852
          ],
          [
            121.5564996,
            31.1708035
          ],
          [
            121.5566987,
            31.1705348
          ],
          [
            121.5569056,
            31.1703188
          ],
          [
            121.5571015,
            31.1701711
          ],
          [
            121.5573025,
            31.1700502
          ],
          [
            121.557541,
            31.1699396
          ],
          [
            121.5578138,
            31.169855
          ],
          [
            121.5580574,
            31.1698037
          ],
          [
            121.5582713,
            31.1697972
          ],
          [
            121.5585062,
            31.1698215
          ],
          [
            121.5587366,
            31.1698722
          ],
          [
            121.5591684,
            31.169994
          ],
          [
            121.559596,
            31.1701371
          ],
          [
            121.56,
            31.17029194856631
          ]
        ]
      },
      "properties": {
        "osm_id": 641539729,
        "part": 0,
        "railway": "subway",
        "line_name": "13",
        "colour": "#EF95CF",
        "route_ids": "7451888"
      }
    },
    {
      "type": "Feature",
      "geometry": {
        "type": "LineString",
        "coordinates": [
          [
            121.5536977,
            31.1998422
          ],
          [
            121.5535521,
            31.2001478
          ],
          [
            121.5534033,
            31.2004599
          ],
          [
            121.5532779,
            31.2007587
          ],
          [
            121.5531284,
            31.2011473
          ],
          [
            121.5530317,
            31.2014382
          ],
          [
            121.5529519,
            31.201706
          ],
          [
            121.5527734,
            31.2023343
          ],
          [
            121.5527596,
            31.2023827
          ],
          [
            121.5525624,
            31.2030769
          ],
          [
            121.5523163,
            31.2038988
          ],
          [
            121.5523062,
            31.2039384
          ],
          [
            121.5520244,
            31.2050941
          ],
          [
            121.5514685,
            31.2079484
          ],
          [
            121.5506971,
            31.2116936
          ],
          [
            121.5502824,
            31.213615
          ],
          [
            121.550095,
            31.214227
          ],
          [
            121.5496667,
            31.2150984
          ],
          [
            121.5493644,
            31.2158069
          ],
          [
            121.548951,
            31.2168834
          ],
          [
            121.548142,
            31.2193139
          ],
          [
            121.5476777,
            31.2207007
          ],
          [
            121.5474808,
            31.2212993
          ],
          [
            121.5471311,
            31.222362
          ],
          [
            121.5468094,
            31.2232453
          ],
          [
            121.5465427,
            31.223978
          ],
          [
            121.5459411,
            31.2258089
          ],
          [
            121.545743,
            31.2264684
          ],
          [
            121.545553,
            31.2270962
          ],
          [
            121.5452386,
            31.2277976
          ],
          [
            121.5449694,
            31.2284564
          ],
          [
            121.5446593,
            31.229267
          ],
          [
            121.5441485,
            31.2302737
          ],
          [
            121.5426167,
            31.233249
          ],
          [
            121.5414911,
            31.235475
          ],
          [
            121.5406259,
            31.2371427
          ],
          [
            121.5402459,
            31.2378751
          ],
          [
            121.5391153,
            31.240089
          ],
          [
            121.5363312,
            31.2452852
          ],
          [
            121.5359095,
            31.2460509
          ],
          [
            121.5355921,
            31.2466271
          ],
          [
            121.534825,
            31.247956
          ],
          [
            121.5342872,
            31.2487037
          ]
        ]
      },
      "properties": {
        "osm_id": 729841893,
        "part": 0,
        "railway": "subway",
        "line_name": "18",
        "colour": "#d6a461",
        "route_ids": "10095916"
      }
    },
    {
      "type": "Feature",
      "geometry": {
        "type": "LineString",
        "coordinates": [
          [
            121.5341788,
            31.24864
          ],
          [
            121.5347099,
            31.2479016
          ],
          [
            121.5354738,
            31.2465783
          ],
          [
            121.5357899,
            31.2460043
          ],
          [
            121.536212,
            31.2452379
          ],
          [
            121.5389954,
            31.2400431
          ],
          [
            121.5401257,
            31.2378298
          ],
          [
            121.5405295,
            31.2370515
          ],
          [
            121.5413707,
            31.23543
          ],
          [
            121.5424963,
            31.233204
          ],
          [
            121.5440282,
            31.2302287
          ],
          [
            121.5445375,
            31.2292248
          ],
          [
            121.5448621,
            31.2284289
          ],
          [
            121.545133,
            31.2277385
          ],
          [
            121.5454265,
            31.2270658
          ],
          [
            121.5456158,
            31.2264403
          ],
          [
            121.5458143,
            31.2257798
          ],
          [
            121.5464167,
            31.2239461
          ],
          [
            121.546686,
            31.2231994
          ],
          [
            121.5470052,
            31.2223301
          ],
          [
            121.5475514,
            31.22067
          ],
          [
            121.548016,
            31.2192819
          ],
          [
            121.5488261,
            31.2168485
          ],
          [
            121.5492405,
            31.2157697
          ],
          [
            121.5495426,
            31.2150614
          ],
          [
            121.5499692,
            31.2141945
          ],
          [
            121.5501541,
            31.2135906
          ],
          [
            121.5505678,
            31.2116737
          ],
          [
            121.551339,
            31.2079294
          ],
          [
            121.5518954,
            31.2050726
          ],
          [
            121.5520961,
            31.2039101
          ],
          [
            121.5521092,
            31.2038618
          ],
          [
            121.552353,
            31.2030439
          ],
          [
            121.5525554,
            31.2023435
          ],
          [
            121.5525685,
            31.2022982
          ],
          [
            121.552764,
            31.2016219
          ],
          [
            121.552859,
            31.2012786
          ],
          [
            121.5529392,
            31.2009951
          ],
          [
            121.5529816,
            31.2008625
          ],
          [
            121.5530443,
            31.2006795
          ],
          [
            121.5530823,
            31.2005752
          ],
          [
            121.5531103,
            31.2005008
          ],
          [
            121.5531703,
            31.200356
          ],
          [
            121.5534546,
            31.1997444
          ]
        ]
      },
      "properties": {
        "osm_id": 729841894,
        "part": 0,
        "railway": "subway",
        "line_name": "18",
        "colour": "#d6a461",
        "route_ids": "10095917"
      }
    },
    {
      "type": "Feature",
      "geometry": {
        "type": "LineString",
        "coordinates": [
          [
            121.5534546,
            31.1997444
          ],
          [
            121.5534783,
            31.1996829
          ],
          [
            121.5536798,
            31.1991602
          ],
          [
            121.5541291,
            31.1976464
          ],
          [
            121.5544852,
            31.1960201
          ],
          [
            121.5548211,
            31.1940786
          ],
          [
            121.5549579,
            31.1931609
          ],
          [
            121.5550786,
            31.1925574
          ],
          [
            121.5553147,
            31.1914767
          ],
          [
            121.5554734,
            31.1908789
          ],
          [
            121.5556633,
            31.1900932
          ],
          [
            121.5557599,
            31.1896526
          ],
          [
            121.5567672,
            31.1860022
          ],
          [
            121.5570387,
            31.1852087
          ],
          [
            121.5574426,
            31.1840279
          ],
          [
            121.5581265,
            31.1816607
          ],
          [
            121.5583348,
            31.1809147
          ],
          [
            121.5584099,
            31.1806118
          ],
          [
            121.5584989,
            31.1801983
          ],
          [
            121.5586084,
            31.1792533
          ],
          [
            121.5586567,
            31.1786934
          ],
          [
            121.5587699,
            31.1781979
          ],
          [
            121.5589356,
            31.1777663
          ],
          [
            121.5591019,
            31.1774129
          ],
          [
            121.5596318,
            31.176318
          ],
          [
            121.56,
            31.175480833615964
          ]
        ]
      },
      "properties": {
        "osm_id": 729841896,
        "part": 0,
        "railway": "subway",
        "line_name": "18",
        "colour": "#d6a461",
        "route_ids": "10095917"
      }
    },
    {
      "type": "Feature",
      "geometry": {
        "type": "LineString",
        "coordinates": [
          [
            121.56,
            31.175800011661675
          ],
          [
            121.559754,
            31.1763593
          ],
          [
            121.5592236,
            31.1774554
          ],
          [
            121.5590591,
            31.1778048
          ],
          [
            121.5588973,
            31.1782264
          ],
          [
            121.5587871,
            31.1787083
          ],
          [
            121.5587393,
            31.179263
          ],
          [
            121.558629,
            31.180214
          ],
          [
            121.5585388,
            31.1806336
          ],
          [
            121.558463,
            31.1809394
          ],
          [
            121.5582542,
            31.1816872
          ],
          [
            121.5575695,
            31.1840571
          ],
          [
            121.5571617,
            31.1852491
          ],
          [
            121.5568943,
            31.1860309
          ],
          [
            121.5558885,
            31.1896759
          ],
          [
            121.5557922,
            31.1901149
          ],
          [
            121.5556018,
            31.1909027
          ],
          [
            121.5554433,
            31.1914995
          ],
          [
            121.5552083,
            31.1925758
          ],
          [
            121.5551108,
            31.1931586
          ],
          [
            121.5549511,
            31.1940949
          ],
          [
            121.5546148,
            31.1960387
          ],
          [
            121.554258,
            31.1976682
          ],
          [
            121.5538783,
            31.1993613
          ],
          [
            121.5537199,
            31.1997832
          ],
          [
            121.5537003,
            31.1998353
          ],
          [
            121.5536977,
            31.1998422
          ]
        ]
      },
      "properties": {
        "osm_id": 729841899,
        "part": 0,
        "railway": "subway",
        "line_name": "18",
        "colour": "#d6a461",
        "route_ids": "10095916"
      }
    },
    {
      "type": "Feature",
      "geometry": {
        "type": "LineString",
        "coordinates": [
          [
            121.4222448,
            31.189244
          ],
          [
            121.4222013,
            31.1894034
          ],
          [
            121.4213226,
            31.1905179
          ]
        ]
      },
      "properties": {
        "osm_id": 754933932,
        "part": 0,
        "railway": "subway",
        "line_name": "",
        "colour": "#0f766e",
        "route_ids": ""
      }
    },
    {
      "type": "Feature",
      "geometry": {
        "type": "LineString",
        "coordinates": [
          [
            121.4222782,
            31.1893066
          ],
          [
            121.4222262,
            31.189372
          ],
          [
            121.4222013,
            31.1894034
          ]
        ]
      },
      "properties": {
        "osm_id": 754933933,
        "part": 0,
        "railway": "subway",
        "line_name": "",
        "colour": "#0f766e",
        "route_ids": ""
      }
    },
    {
      "type": "Feature",
      "geometry": {
        "type": "LineString",
        "coordinates": [
          [
            121.4222262,
            31.189372
          ],
          [
            121.422327,
            31.1893363
          ]
        ]
      },
      "properties": {
        "osm_id": 754933934,
        "part": 0,
        "railway": "subway",
        "line_name": "",
        "colour": "#0f766e",
        "route_ids": ""
      }
    },
    {
      "type": "Feature",
      "geometry": {
        "type": "LineString",
        "coordinates": [
          [
            121.4220309,
            31.1892492
          ],
          [
            121.422037,
            31.189241
          ],
          [
            121.4220482,
            31.1892319
          ],
          [
            121.4220597,
            31.1892261
          ],
          [
            121.4220709,
            31.1892207
          ],
          [
            121.4220795,
            31.1892192
          ],
          [
            121.4220886,
            31.1892119
          ],
          [
            121.4220975,
            31.1892037
          ],
          [
            121.4221046,
            31.1892001
          ],
          [
            121.4221143,
            31.1891959
          ],
          [
            121.4221211,
            31.1891892
          ]
        ]
      },
      "properties": {
        "osm_id": 755150272,
        "part": 0,
        "railway": "subway",
        "line_name": "",
        "colour": "#0f766e",
        "route_ids": ""
      }
    },
    {
      "type": "Feature",
      "geometry": {
        "type": "LineString",
        "coordinates": [
          [
            121.4247176,
            31.1561966
          ],
          [
            121.4246183,
            31.1561234
          ]
        ]
      },
      "properties": {
        "osm_id": 755153434,
        "part": 0,
        "railway": "subway",
        "line_name": "",
        "colour": "#0f766e",
        "route_ids": ""
      }
    },
    {
      "type": "Feature",
      "geometry": {
        "type": "LineString",
        "coordinates": [
          [
            121.4195414,
            31.15354
          ],
          [
            121.4208142,
            31.1543715
          ],
          [
            121.4222012,
            31.1549446
          ],
          [
            121.423071,
            31.1552707
          ],
          [
            121.4232725,
            31.1553684
          ],
          [
            121.423441,
            31.1554856
          ],
          [
            121.4235589,
            31.155604
          ],
          [
            121.4236194,
            31.1556432
          ],
          [
            121.4244309,
            31.1560333
          ],
          [
            121.4246183,
            31.1561234
          ]
        ]
      },
      "properties": {
        "osm_id": 755153436,
        "part": 0,
        "railway": "subway",
        "line_name": "",
        "colour": "#0f766e",
        "route_ids": ""
      }
    },
    {
      "type": "Feature",
      "geometry": {
        "type": "LineString",
        "coordinates": [
          [
            121.423403,
            31.1553974
          ],
          [
            121.423317,
            31.1553253
          ],
          [
            121.4231604,
            31.155214
          ],
          [
            121.422994,
            31.1551389
          ],
          [
            121.4221372,
            31.1548043
          ],
          [
            121.4217534,
            31.1546712
          ],
          [
            121.4211289,
            31.1543393
          ],
          [
            121.4207839,
            31.1542895
          ],
          [
            121.4206041,
            31.1541814
          ],
          [
            121.4196561,
            31.1535523
          ],
          [
            121.4195064,
            31.1534454
          ],
          [
            121.419359,
            31.1533166
          ]
        ]
      },
      "properties": {
        "osm_id": 755153924,
        "part": 0,
        "railway": "subway",
        "line_name": "",
        "colour": "#0f766e",
        "route_ids": ""
      }
    },
    {
      "type": "Feature",
      "geometry": {
        "type": "LineString",
        "coordinates": [
          [
            121.4244737,
            31.1560077
          ],
          [
            121.4246467,
            31.1560864
          ]
        ]
      },
      "properties": {
        "osm_id": 755153925,
        "part": 0,
        "railway": "subway",
        "line_name": "",
        "colour": "#0f766e",
        "route_ids": ""
      }
    },
    {
      "type": "Feature",
      "geometry": {
        "type": "LineString",
        "coordinates": [
          [
            121.55542805068492,
            31.26
          ],
          [
            121.5554131,
            31.2599898
          ],
          [
            121.5546643,
            31.2595165
          ],
          [
            121.5539007,
            31.2590062
          ],
          [
            121.5523977,
            31.2579792
          ],
          [
            121.5515965,
            31.2573585
          ],
          [
            121.5508426,
            31.2567294
          ],
          [
            121.5503277,
            31.2562086
          ],
          [
            121.5496932,
            31.2554364
          ],
          [
            121.5491299,
            31.2548168
          ],
          [
            121.5486947,
            31.2543545
          ],
          [
            121.5479214,
            31.2535918
          ],
          [
            121.5472267,
            31.2529255
          ],
          [
            121.5469918,
            31.2526895
          ],
          [
            121.5465601,
            31.2522592
          ],
          [
            121.5454577,
            31.2511288
          ],
          [
            121.5449807,
            31.2507032
          ],
          [
            121.5443921,
            31.2502488
          ],
          [
            121.5436512,
            31.249744
          ],
          [
            121.5427223,
            31.2491689
          ],
          [
            121.5419055,
            31.2487068
          ],
          [
            121.5411916,
            31.2483678
          ],
          [
            121.5403803,
            31.247998
          ],
          [
            121.5388219,
            31.2473286
          ],
          [
            121.5372886,
            31.2467579
          ],
          [
            121.5362915,
            31.2463218
          ],
          [
            121.5357697,
            31.2461037
          ],
          [
            121.5355353,
            31.2460055
          ],
          [
            121.5347364,
            31.2457327
          ]
        ]
      },
      "properties": {
        "osm_id": 761728393,
        "part": 0,
        "railway": "subway",
        "line_name": "14",
        "colour": "#827a04",
        "route_ids": "10557250"
      }
    },
    {
      "type": "Feature",
      "geometry": {
        "type": "LineString",
        "coordinates": [
          [
            121.5347877,
            31.2456199
          ],
          [
            121.5355771,
            31.2458998
          ],
          [
            121.5357557,
            31.2459545
          ],
          [
            121.5362849,
            31.246195
          ],
          [
            121.5373331,
            31.2466347
          ],
          [
            121.5388781,
            31.247232
          ],
          [
            121.5404383,
            31.2479022
          ],
          [
            121.5412518,
            31.2482731
          ],
          [
            121.541971,
            31.2486145
          ],
          [
            121.5427941,
            31.2490803
          ],
          [
            121.5437275,
            31.2496581
          ],
          [
            121.5444737,
            31.2501666
          ],
          [
            121.5450686,
            31.2506258
          ],
          [
            121.5455518,
            31.2510569
          ],
          [
            121.5466565,
            31.2521896
          ],
          [
            121.547091,
            31.2526345
          ],
          [
            121.5473217,
            31.2528546
          ],
          [
            121.5480161,
            31.2535206
          ],
          [
            121.5487915,
            31.2542854
          ],
          [
            121.5492288,
            31.25475
          ],
          [
            121.5497947,
            31.2553723
          ],
          [
            121.5504277,
            31.2561427
          ],
          [
            121.550935,
            31.2566559
          ],
          [
            121.5516829,
            31.25728
          ],
          [
            121.5524795,
            31.2578971
          ],
          [
            121.5539789,
            31.2589217
          ],
          [
            121.5547407,
            31.2594307
          ],
          [
            121.5549928,
            31.2595912
          ],
          [
            121.55549,
            31.2599043
          ],
          [
            121.55563029489797,
            31.26
          ]
        ]
      },
      "properties": {
        "osm_id": 761728394,
        "part": 0,
        "railway": "subway",
        "line_name": "14",
        "colour": "#827a04",
        "route_ids": "10557251"
      }
    },
    {
      "type": "Feature",
      "geometry": {
        "type": "LineString",
        "coordinates": [
          [
            121.5120195,
            31.2417597
          ],
          [
            121.5112837,
            31.2415531
          ],
          [
            121.5098693,
            31.2411799
          ],
          [
            121.5096244,
            31.2411167
          ],
          [
            121.5092268,
            31.2410106
          ],
          [
            121.5082575,
            31.2407372
          ],
          [
            121.5070404,
            31.240384
          ],
          [
            121.5067617,
            31.24027
          ],
          [
            121.5064836,
            31.2401382
          ],
          [
            121.5061036,
            31.2399165
          ],
          [
            121.5056034,
            31.2396105
          ],
          [
            121.5052596,
            31.2394194
          ],
          [
            121.5050328,
            31.2393051
          ],
          [
            121.504773,
            31.2392037
          ],
          [
            121.5045471,
            31.2391279
          ],
          [
            121.5042928,
            31.2390582
          ],
          [
            121.5039645,
            31.2389912
          ],
          [
            121.5036462,
            31.2389556
          ],
          [
            121.5033194,
            31.2389419
          ],
          [
            121.5029098,
            31.2389467
          ],
          [
            121.5024655,
            31.2389595
          ],
          [
            121.5020518,
            31.2389542
          ],
          [
            121.5016518,
            31.2389209
          ],
          [
            121.501437,
            31.2388943
          ],
          [
            121.501133,
            31.2388299
          ],
          [
            121.50084,
            31.238743
          ],
          [
            121.5002057,
            31.2384939
          ],
          [
            121.4996133,
            31.2381853
          ],
          [
            121.4990992,
            31.2378787
          ],
          [
            121.497877,
            31.2369586
          ],
          [
            121.4973731,
            31.2365625
          ],
          [
            121.4954199,
            31.2350144
          ],
          [
            121.4946895,
            31.2345826
          ],
          [
            121.4938508,
            31.2341922
          ],
          [
            121.4928715,
            31.2337917
          ],
          [
            121.4919147,
            31.2334827
          ],
          [
            121.4909777,
            31.2332369
          ],
          [
            121.4901553,
            31.2330633
          ],
          [
            121.4894439,
            31.2329159
          ],
          [
            121.4893508,
            31.2328917
          ],
          [
            121.4886972,
            31.2327216
          ],
          [
            121.4875277,
            31.2323637
          ],
          [
            121.4865156,
            31.2320981
          ],
          [
            121.4856948,
            31.2318827
          ],
          [
            121.48422,
            31.2315091
          ],
          [
            121.4830181,
            31.2312067
          ],
          [
            121.4820925,
            31.2309992
          ],
          [
            121.4815824,
            31.2308992
          ],
          [
            121.4811369,
            31.2308312
          ],
          [
            121.4805384,
            31.2307581
          ],
          [
            121.480007,
            31.2306938
          ],
          [
            121.4796766,
            31.2306522
          ],
          [
            121.4793345,
            31.2305955
          ],
          [
            121.4790277,
            31.2305144
          ],
          [
            121.4787271,
            31.2304097
          ],
          [
            121.4783466,
            31.2302379
          ],
          [
            121.4764786,
            31.2292864
          ],
          [
            121.4751568,
            31.2286789
          ],
          [
            121.4743292,
            31.2282945
          ],
          [
            121.4735758,
            31.2279086
          ],
          [
            121.4727623,
            31.2274784
          ],
          [
            121.4719147,
            31.2270772
          ],
          [
            121.4712765,
            31.2268089
          ],
          [
            121.4706611,
            31.2265821
          ],
          [
            121.4701,
            31.226413
          ],
          [
            121.4693865,
            31.2261899
          ],
          [
            121.469328,
            31.2261713
          ],
          [
            121.4687635,
            31.225992
          ],
          [
            121.4679399,
            31.2256978
          ],
          [
            121.4669252,
            31.2252644
          ],
          [
            121.4665944,
            31.2251036
          ],
          [
            121.4658088,
            31.2247218
          ],
          [
            121.4651403,
            31.2244625
          ],
          [
            121.4647201,
            31.2243184
          ],
          [
            121.4643383,
            31.2242048
          ],
          [
            121.462398,
            31.2237006
          ],
          [
            121.4617917,
            31.2235709
          ],
          [
            121.4612252,
            31.2234837
          ],
          [
            121.4601419,
            31.2233781
          ],
          [
            121.4599475,
            31.2233592
          ],
          [
            121.4589416,
            31.2232557
          ],
          [
            121.4587844,
            31.2232395
          ],
          [
            121.4581399,
            31.2231376
          ],
          [
            121.4563493,
            31.2227974
          ],
          [
            121.4538124,
            31.2222388
          ],
          [
            121.4527164,
            31.2220035
          ],
          [
            121.4518759,
            31.2218243
          ],
          [
            121.4515811,
            31.2217566
          ],
          [
            121.4515387,
            31.2217443
          ],
          [
            121.4513177,
            31.22168
          ],
          [
            121.4510596,
            31.2215732
          ],
          [
            121.4507966,
            31.2214273
          ],
          [
            121.4501705,
            31.2210165
          ],
          [
            121.4487027,
            31.2200591
          ],
          [
            121.4483799,
            31.2198645
          ],
          [
            121.4479912,
            31.2196534
          ],
          [
            121.4476046,
            31.2194902
          ],
          [
            121.4471348,
            31.219371
          ],
          [
            121.4466052,
            31.2193
          ],
          [
            121.4458522,
            31.2192955
          ],
          [
            121.4451719,
            31.219385
          ],
          [
            121.4445183,
            31.2195383
          ],
          [
            121.4438027,
            31.2197559
          ],
          [
            121.4432114,
            31.2199771
          ],
          [
            121.4425999,
            31.2202676
          ],
          [
            121.4421123,
            31.2206225
          ],
          [
            121.4416758,
            31.2210492
          ],
          [
            121.4414775,
            31.2213404
          ],
          [
            121.4413185,
            31.221687
          ],
          [
            121.4412556,
            31.2218809
          ],
          [
            121.4411928,
            31.2220956
          ],
          [
            121.4411158,
            31.2224381
          ],
          [
            121.4409698,
            31.2231173
          ],
          [
            121.4408375,
            31.223767
          ],
          [
            121.4407419,
            31.2242302
          ],
          [
            121.4406906,
            31.2244013
          ],
          [
            121.4406503,
            31.2245451
          ],
          [
            121.4405174,
            31.2248074
          ],
          [
            121.4403338,
            31.2250887
          ],
          [
            121.4401429,
            31.2253289
          ],
          [
            121.4399071,
            31.2255449
          ],
          [
            121.43964,
            31.2257496
          ],
          [
            121.4381754,
            31.2266348
          ],
          [
            121.4362286,
            31.2272503
          ],
          [
            121.4358635,
            31.2273224
          ],
          [
            121.4354867,
            31.2273559
          ],
          [
            121.4351476,
            31.2273369
          ],
          [
            121.4347101,
            31.2273049
          ],
          [
            121.4343376,
            31.2272961
          ],
          [
            121.4340369,
            31.2273304
          ],
          [
            121.4337747,
            31.2274023
          ],
          [
            121.4335081,
            31.227527
          ],
          [
            121.4332633,
            31.2276797
          ],
          [
            121.433009,
            31.2278816
          ],
          [
            121.4318278,
            31.2289434
          ],
          [
            121.4307427,
            31.2299175
          ],
          [
            121.4304679,
            31.230171
          ],
          [
            121.4303619,
            31.230287
          ],
          [
            121.4302747,
            31.2303991
          ],
          [
            121.4290311,
            31.2322306
          ],
          [
            121.4288231,
            31.2325051
          ],
          [
            121.428338,
            31.2330966
          ],
          [
            121.4281093,
            31.2333702
          ],
          [
            121.4278908,
            31.2336431
          ],
          [
            121.4276423,
            31.2339125
          ],
          [
            121.4274163,
            31.2341298
          ],
          [
            121.4273988,
            31.2341447
          ],
          [
            121.427277,
            31.2342486
          ],
          [
            121.4265469,
            31.2348102
          ],
          [
            121.4263356,
            31.2349663
          ],
          [
            121.4258497,
            31.2353436
          ],
          [
            121.4254126,
            31.2357023
          ],
          [
            121.4216349,
            31.2386194
          ],
          [
            121.4212271,
            31.2389589
          ],
          [
            121.4208903,
            31.2392115
          ],
          [
            121.4205281,
            31.2394214
          ],
          [
            121.4201528,
            31.2396368
          ],
          [
            121.4196586,
            31.2398737
          ],
          [
            121.4192558,
            31.2400811
          ],
          [
            121.418873,
            31.2403045
          ],
          [
            121.4187077,
            31.240409
          ],
          [
            121.4185139,
            31.2405395
          ],
          [
            121.4183479,
            31.2406703
          ],
          [
            121.4182935,
            31.2407132
          ],
          [
            121.4177554,
            31.2411371
          ],
          [
            121.4170738,
            31.2416967
          ],
          [
            121.4158948,
            31.2426624
          ],
          [
            121.415842,
            31.2427072
          ],
          [
            121.4156938,
            31.2428329
          ],
          [
            121.414955,
            31.2434812
          ],
          [
            121.4144607,
            31.2439268
          ],
          [
            121.4139951,
            31.2443324
          ],
          [
            121.4134333,
            31.2448143
          ],
          [
            121.4126358,
            31.2454593
          ],
          [
            121.4121388,
            31.2458242
          ],
          [
            121.4118121,
            31.2460523
          ],
          [
            121.4114855,
            31.2462478
          ],
          [
            121.4111549,
            31.2464452
          ],
          [
            121.4100514,
            31.2469663
          ],
          [
            121.4089603,
            31.2474812
          ],
          [
            121.4086038,
            31.2476632
          ],
          [
            121.408337,
            31.2478288
          ],
          [
            121.4080296,
            31.2480448
          ],
          [
            121.4077621,
            31.2482866
          ],
          [
            121.4075121,
            31.2485878
          ],
          [
            121.4073521,
            31.2488291
          ],
          [
            121.4072499,
            31.2491263
          ],
          [
            121.4070902,
            31.2496997
          ],
          [
            121.4069931,
            31.2501101
          ],
          [
            121.4068661,
            31.2504924
          ],
          [
            121.406688,
            31.2508446
          ],
          [
            121.4064854,
            31.2511362
          ],
          [
            121.4061399,
            31.2514718
          ],
          [
            121.4058171,
            31.2517248
          ],
          [
            121.4055615,
            31.251905
          ],
          [
            121.4052829,
            31.2520622
          ],
          [
            121.4049125,
            31.2522323
          ],
          [
            121.4046503,
            31.2523229
          ],
          [
            121.4043491,
            31.2524088
          ],
          [
            121.4040271,
            31.2524709
          ],
          [
            121.4036092,
            31.2525144
          ],
          [
            121.4030683,
            31.2525266
          ],
          [
            121.401904,
            31.2525293
          ],
          [
            121.4007753,
            31.2525373
          ],
          [
            121.4006866,
            31.252538
          ],
          [
            121.4,
            31.252542887443024
          ]
        ]
      },
      "properties": {
        "osm_id": 761728395,
        "part": 0,
        "railway": "subway",
        "line_name": "14",
        "colour": "#827a04",
        "route_ids": "10557250"
      }
    },
    {
      "type": "Feature",
      "geometry": {
        "type": "LineString",
        "coordinates": [
          [
            121.421524,
            31.1833216
          ],
          [
            121.4220011,
            31.1832028
          ],
          [
            121.4224149,
            31.1830887
          ],
          [
            121.42277,
            31.1829912
          ],
          [
            121.4231494,
            31.1828935
          ],
          [
            121.4236572,
            31.1827805
          ],
          [
            121.4242142,
            31.1826968
          ],
          [
            121.4248226,
            31.1826391
          ],
          [
            121.425501,
            31.182667
          ],
          [
            121.4261892,
            31.1827627
          ],
          [
            121.4271579,
            31.1829386
          ],
          [
            121.4283316,
            31.1833257
          ],
          [
            121.4298565,
            31.1839027
          ],
          [
            121.4306949,
            31.1842406
          ],
          [
            121.4309643,
            31.1843752
          ],
          [
            121.4311236,
            31.1844206
          ],
          [
            121.4312475,
            31.1844449
          ]
        ]
      },
      "properties": {
        "osm_id": 765564338,
        "part": 0,
        "railway": "subway",
        "line_name": "",
        "colour": "#0f766e",
        "route_ids": ""
      }
    },
    {
      "type": "Feature",
      "geometry": {
        "type": "LineString",
        "coordinates": [
          [
            121.4041858,
            31.1414321
          ],
          [
            121.4043404,
            31.1411013
          ],
          [
            121.4045082,
            31.1409521
          ],
          [
            121.4047499,
            31.1409268
          ],
          [
            121.4048914,
            31.1409634
          ],
          [
            121.4052384,
            31.1412435
          ],
          [
            121.4056713,
            31.1417002
          ]
        ]
      },
      "properties": {
        "osm_id": 765864935,
        "part": 0,
        "railway": "monorail",
        "line_name": "",
        "colour": "#0f766e",
        "route_ids": ""
      }
    },
    {
      "type": "Feature",
      "geometry": {
        "type": "LineString",
        "coordinates": [
          [
            121.4056713,
            31.1417002
          ],
          [
            121.4056895,
            31.1418642
          ],
          [
            121.4055983,
            31.1420256
          ],
          [
            121.4054432,
            31.1421375
          ],
          [
            121.4053033,
            31.142187
          ],
          [
            121.4051821,
            31.14217
          ],
          [
            121.4047009,
            31.1420381
          ],
          [
            121.4046743,
            31.1420307
          ]
        ]
      },
      "properties": {
        "osm_id": 765864936,
        "part": 0,
        "railway": "monorail",
        "line_name": "",
        "colour": "#0f766e",
        "route_ids": ""
      }
    },
    {
      "type": "Feature",
      "geometry": {
        "type": "LineString",
        "coordinates": [
          [
            121.4041365,
            31.1416447
          ],
          [
            121.4041858,
            31.1414321
          ]
        ]
      },
      "properties": {
        "osm_id": 765864937,
        "part": 0,
        "railway": "monorail",
        "line_name": "",
        "colour": "#0f766e",
        "route_ids": ""
      }
    },
    {
      "type": "Feature",
      "geometry": {
        "type": "LineString",
        "coordinates": [
          [
            121.4044084,
            31.1419573
          ],
          [
            121.4042977,
            31.1419037
          ],
          [
            121.4042269,
            31.1418375
          ],
          [
            121.4041591,
            31.141739
          ],
          [
            121.4041365,
            31.1416447
          ]
        ]
      },
      "properties": {
        "osm_id": 765864938,
        "part": 0,
        "railway": "monorail",
        "line_name": "",
        "colour": "#0f766e",
        "route_ids": ""
      }
    },
    {
      "type": "Feature",
      "geometry": {
        "type": "LineString",
        "coordinates": [
          [
            121.4046743,
            31.1420307
          ],
          [
            121.4044084,
            31.1419573
          ]
        ]
      },
      "properties": {
        "osm_id": 765864939,
        "part": 0,
        "railway": "monorail",
        "line_name": "",
        "colour": "#0f766e",
        "route_ids": ""
      }
    },
    {
      "type": "Feature",
      "geometry": {
        "type": "LineString",
        "coordinates": [
          [
            121.4040597,
            31.1411049
          ],
          [
            121.4039333,
            31.1412979
          ],
          [
            121.4038318,
            31.1413169
          ],
          [
            121.4037822,
            31.1412618
          ],
          [
            121.4038293,
            31.1411346
          ],
          [
            121.4038541,
            31.141054
          ],
          [
            121.4038392,
            31.1409946
          ],
          [
            121.4037289,
            31.1409702
          ],
          [
            121.4036422,
            31.140966
          ],
          [
            121.4035964,
            31.140913
          ],
          [
            121.403641,
            31.140851
          ],
          [
            121.403832,
            31.1408691
          ],
          [
            121.403964,
            31.1408537
          ],
          [
            121.4040321,
            31.140876
          ],
          [
            121.4040501,
            31.1409873
          ],
          [
            121.4040881,
            31.1410438
          ],
          [
            121.4040597,
            31.1411049
          ]
        ]
      },
      "properties": {
        "osm_id": 766165342,
        "part": 0,
        "railway": "monorail",
        "line_name": "",
        "colour": "#0f766e",
        "route_ids": ""
      }
    },
    {
      "type": "Feature",
      "geometry": {
        "type": "LineString",
        "coordinates": [
          [
            121.40033680255627,
            31.26
          ],
          [
            121.4003382,
            31.2599949
          ],
          [
            121.4008033,
            31.2584991
          ],
          [
            121.4016173,
            31.2556195
          ],
          [
            121.4018207,
            31.2549321
          ],
          [
            121.4026165,
            31.2527026
          ],
          [
            121.4031208,
            31.2510241
          ],
          [
            121.4042258,
            31.2474745
          ],
          [
            121.4048597,
            31.2452791
          ],
          [
            121.4051749,
            31.2447868
          ],
          [
            121.4056945,
            31.2443239
          ],
          [
            121.4081002,
            31.2427906
          ],
          [
            121.4107289,
            31.2411944
          ],
          [
            121.4121966,
            31.2402785
          ],
          [
            121.4152293,
            31.238217
          ],
          [
            121.4156868,
            31.237562
          ],
          [
            121.4168022,
            31.2354803
          ],
          [
            121.4172956,
            31.2346654
          ],
          [
            121.4178046,
            31.2338678
          ],
          [
            121.4184728,
            31.2330359
          ],
          [
            121.4189381,
            31.2323912
          ],
          [
            121.4193517,
            31.2318038
          ],
          [
            121.4195019,
            31.231529
          ],
          [
            121.4196395,
            31.2311987
          ],
          [
            121.4198072,
            31.2307066
          ],
          [
            121.4202908,
            31.2290977
          ],
          [
            121.4204459,
            31.2286555
          ],
          [
            121.4206101,
            31.2282649
          ],
          [
            121.4207873,
            31.2278999
          ],
          [
            121.4210241,
            31.227525
          ],
          [
            121.4216114,
            31.2268772
          ],
          [
            121.4226494,
            31.2262499
          ],
          [
            121.4232476,
            31.225921
          ],
          [
            121.4239745,
            31.225272
          ],
          [
            121.4251727,
            31.2241741
          ],
          [
            121.425363,
            31.2238396
          ],
          [
            121.4257484,
            31.2229242
          ],
          [
            121.4262162,
            31.221534
          ],
          [
            121.4270871,
            31.219282
          ],
          [
            121.4285603,
            31.2156377
          ],
          [
            121.4290169,
            31.2145915
          ],
          [
            121.4291632,
            31.2141717
          ],
          [
            121.4292617,
            31.2137419
          ],
          [
            121.4292915,
            31.2133051
          ],
          [
            121.4292461,
            31.2128786
          ],
          [
            121.4291297,
            31.2124724
          ],
          [
            121.4289629,
            31.2121308
          ],
          [
            121.4287496,
            31.2118308
          ],
          [
            121.4285138,
            31.2115423
          ],
          [
            121.4282833,
            31.2111699
          ],
          [
            121.4281602,
            31.2107469
          ],
          [
            121.4281182,
            31.2102585
          ],
          [
            121.4281223,
            31.2096952
          ],
          [
            121.4281822,
            31.2091932
          ],
          [
            121.428312,
            31.2085732
          ],
          [
            121.4285805,
            31.2078351
          ],
          [
            121.4290264,
            31.2069642
          ],
          [
            121.4298596,
            31.2051729
          ],
          [
            121.4300812,
            31.2048304
          ],
          [
            121.4303554,
            31.2044576
          ],
          [
            121.4306402,
            31.2041086
          ],
          [
            121.4309784,
            31.2037591
          ],
          [
            121.431257,
            31.2034205
          ],
          [
            121.4313779,
            31.2032242
          ],
          [
            121.4314608,
            31.2030606
          ],
          [
            121.4315149,
            31.2028887
          ],
          [
            121.431587,
            31.2025956
          ],
          [
            121.4316542,
            31.2022637
          ],
          [
            121.4316981,
            31.2019552
          ],
          [
            121.4317104,
            31.2016846
          ],
          [
            121.4317114,
            31.2014465
          ],
          [
            121.4316611,
            31.2010087
          ],
          [
            121.4316136,
            31.2007227
          ],
          [
            121.4315509,
            31.2003981
          ],
          [
            121.4314835,
            31.2000942
          ],
          [
            121.4314106,
            31.1998101
          ],
          [
            121.4312947,
            31.1993922
          ],
          [
            121.4311797,
            31.1989406
          ],
          [
            121.4311156,
            31.1985403
          ],
          [
            121.4310817,
            31.1981935
          ],
          [
            121.4311218,
            31.1975818
          ],
          [
            121.4311807,
            31.1970717
          ],
          [
            121.431323,
            31.1963051
          ],
          [
            121.43149,
            31.1955437
          ],
          [
            121.4316871,
            31.1946515
          ],
          [
            121.4318464,
            31.193797
          ],
          [
            121.4319303,
            31.1932508
          ],
          [
            121.4319929,
            31.1927619
          ],
          [
            121.4320106,
            31.1925731
          ],
          [
            121.4320538,
            31.1921139
          ],
          [
            121.4320934,
            31.1915289
          ],
          [
            121.4321741,
            31.190894
          ],
          [
            121.4322815,
            31.1902332
          ],
          [
            121.432366,
            31.1897829
          ],
          [
            121.4324959,
            31.1893831
          ],
          [
            121.4326573,
            31.1890552
          ],
          [
            121.43287,
            31.1886936
          ],
          [
            121.4333678,
            31.1880287
          ],
          [
            121.4336749,
            31.1876184
          ],
          [
            121.4339406,
            31.1871521
          ],
          [
            121.4341102,
            31.1867362
          ],
          [
            121.4342074,
            31.1862911
          ],
          [
            121.4342429,
            31.1859095
          ],
          [
            121.4343206,
            31.1853971
          ],
          [
            121.4344234,
            31.1849307
          ],
          [
            121.4345956,
            31.1843061
          ],
          [
            121.4349156,
            31.1835657
          ],
          [
            121.4352133,
            31.1830251
          ],
          [
            121.4356392,
            31.1824178
          ],
          [
            121.4361574,
            31.1818602
          ],
          [
            121.43673,
            31.1812646
          ],
          [
            121.4373014,
            31.1806702
          ],
          [
            121.4376171,
            31.1802689
          ],
          [
            121.4378814,
            31.1798578
          ],
          [
            121.4380954,
            31.1794498
          ],
          [
            121.4382572,
            31.1791049
          ],
          [
            121.4384602,
            31.1787283
          ],
          [
            121.4386592,
            31.178422
          ],
          [
            121.4389127,
            31.1780953
          ],
          [
            121.4392382,
            31.1776773
          ],
          [
            121.4397215,
            31.1770578
          ],
          [
            121.4401249,
            31.1765358
          ],
          [
            121.4406284,
            31.1761138
          ],
          [
            121.4411361,
            31.1758137
          ],
          [
            121.4418209,
            31.1755699
          ],
          [
            121.4425669,
            31.1754195
          ],
          [
            121.443603,
            31.1752513
          ],
          [
            121.444887,
            31.1750746
          ],
          [
            121.446139,
            31.174931
          ],
          [
            121.4470949,
            31.1748592
          ],
          [
            121.4481042,
            31.1748257
          ],
          [
            121.448688,
            31.1748183
          ],
          [
            121.4492713,
            31.174811
          ],
          [
            121.4501275,
            31.1747931
          ],
          [
            121.4508015,
            31.1747391
          ],
          [
            121.4513934,
            31.1746511
          ],
          [
            121.4520158,
            31.1744047
          ],
          [
            121.4524821,
            31.1740546
          ],
          [
            121.452853,
            31.1736244
          ],
          [
            121.4531453,
            31.1730983
          ],
          [
            121.4533085,
            31.1725642
          ],
          [
            121.4536689,
            31.1704939
          ],
          [
            121.4538351,
            31.1694968
          ],
          [
            121.4543785,
            31.1663028
          ],
          [
            121.4550041,
            31.1623846
          ],
          [
            121.4551188,
            31.1616538
          ],
          [
            121.4551422,
            31.1615047
          ],
          [
            121.4552996,
            31.1605923
          ],
          [
            121.4553818,
            31.1602057
          ],
          [
            121.4554564,
            31.159962
          ],
          [
            121.4555714,
            31.1597307
          ],
          [
            121.4557747,
            31.1594303
          ],
          [
            121.4560602,
            31.1590856
          ],
          [
            121.4563796,
            31.1587912
          ],
          [
            121.4567406,
            31.1585276
          ],
          [
            121.4571266,
            31.1583156
          ],
          [
            121.4575269,
            31.1581518
          ],
          [
            121.4579855,
            31.1580162
          ],
          [
            121.458324,
            31.1579575
          ],
          [
            121.4587233,
            31.1579146
          ],
          [
            121.4660841,
            31.1574453
          ],
          [
            121.4667215,
            31.1574013
          ],
          [
            121.4672762,
            31.1573419
          ],
          [
            121.4678106,
            31.1572535
          ],
          [
            121.4682437,
            31.1571656
          ],
          [
            121.4734817,
            31.1558634
          ],
          [
            121.4751777,
            31.1554497
          ],
          [
            121.4758891,
            31.1552737
          ],
          [
            121.4766071,
            31.1550963
          ],
          [
            121.4774138,
            31.1548965
          ],
          [
            121.4781275,
            31.1546873
          ],
          [
            121.4790737,
            31.1542993
          ],
          [
            121.4800883,
            31.1537149
          ],
          [
            121.4808826,
            31.153182
          ],
          [
            121.4840996,
            31.1512261
          ],
          [
            121.4848343,
            31.1507705
          ],
          [
            121.4854218,
            31.1504326
          ],
          [
            121.4859721,
            31.150168
          ],
          [
            121.4864516,
            31.1500179
          ],
          [
            121.4869675,
            31.1499246
          ],
          [
            121.4874811,
            31.1498888
          ],
          [
            121.4882022,
            31.1499023
          ],
          [
            121.4947845,
            31.1501756
          ],
          [
            121.4956804,
            31.1501382
          ],
          [
            121.4964757,
            31.1500113
          ],
          [
            121.4971292,
            31.1497523
          ],
          [
            121.497696,
            31.1493946
          ],
          [
            121.4981509,
            31.1489894
          ],
          [
            121.5008774,
            31.1456182
          ],
          [
            121.5014843,
            31.1450777
          ],
          [
            121.5022553,
            31.1446635
          ],
          [
            121.5031787,
            31.1444447
          ],
          [
            121.5041892,
            31.1444562
          ],
          [
            121.5052415,
            31.144605
          ],
          [
            121.506294,
            31.1448719
          ],
          [
            121.5079395,
            31.1453704
          ],
          [
            121.5090679,
            31.1457122
          ],
          [
            121.5126516,
            31.1468692
          ],
          [
            121.5134457,
            31.147158
          ],
          [
            121.5143253,
            31.1475306
          ],
          [
            121.5149196,
            31.1477471
          ],
          [
            121.5155412,
            31.1479179
          ],
          [
            121.5161097,
            31.1480181
          ],
          [
            121.5166265,
            31.1480703
          ],
          [
            121.5171831,
            31.148158
          ],
          [
            121.5177344,
            31.1482844
          ],
          [
            121.5188867,
            31.1486148
          ],
          [
            121.5200379,
            31.1489451
          ],
          [
            121.5300485,
            31.1517551
          ],
          [
            121.5308289,
            31.1519966
          ],
          [
            121.5314828,
            31.152244
          ],
          [
            121.532177,
            31.152493
          ],
          [
            121.532804,
            31.1527027
          ],
          [
            121.5334941,
            31.1528698
          ],
          [
            121.535061,
            31.1531639
          ],
          [
            121.5366296,
            31.1534582
          ],
          [
            121.5378254,
            31.1537374
          ],
          [
            121.548353,
            31.1561954
          ],
          [
            121.5493027,
            31.1564109
          ],
          [
            121.5502521,
            31.1566265
          ],
          [
            121.5509079,
            31.1567623
          ],
          [
            121.5513781,
            31.1568489
          ],
          [
            121.5519035,
            31.1569267
          ],
          [
            121.5523123,
            31.1569799
          ],
          [
            121.5527469,
            31.1570525
          ],
          [
            121.5531721,
            31.1571409
          ],
          [
            121.5535442,
            31.157238
          ],
          [
            121.5539231,
            31.1573511
          ],
          [
            121.5543018,
            31.157464
          ],
          [
            121.5546689,
            31.1575808
          ],
          [
            121.5550447,
            31.1576867
          ],
          [
            121.5554201,
            31.157781
          ],
          [
            121.5593231,
            31.158682
          ],
          [
            121.5597931,
            31.1588023
          ],
          [
            121.56,
            31.158865410726573
          ]
        ]
      },
      "properties": {
        "osm_id": 769199654,
        "part": 0,
        "railway": "subway",
        "line_name": "11",
        "colour": "#76232F",
        "route_ids": "5611109,5611111"
      }
    },
    {
      "type": "Feature",
      "geometry": {
        "type": "LineString",
        "coordinates": [
          [
            121.4337175,
            31.1577806
          ],
          [
            121.4333593,
            31.1575937
          ],
          [
            121.433167,
            31.1575104
          ],
          [
            121.4330555,
            31.1574611
          ],
          [
            121.4327377,
            31.1573241
          ],
          [
            121.4316542,
            31.1569161
          ],
          [
            121.4315974,
            31.1568958
          ],
          [
            121.4295524,
            31.156127
          ]
        ]
      },
      "properties": {
        "osm_id": 835301588,
        "part": 0,
        "railway": "subway",
        "line_name": "",
        "colour": "#0f766e",
        "route_ids": ""
      }
    },
    {
      "type": "Feature",
      "geometry": {
        "type": "LineString",
        "coordinates": [
          [
            121.4337133,
            31.1578256
          ],
          [
            121.434095,
            31.1579815
          ]
        ]
      },
      "properties": {
        "osm_id": 835301589,
        "part": 0,
        "railway": "subway",
        "line_name": "",
        "colour": "#0f766e",
        "route_ids": ""
      }
    },
    {
      "type": "Feature",
      "geometry": {
        "type": "LineString",
        "coordinates": [
          [
            121.4353634,
            31.1585359
          ],
          [
            121.4351213,
            31.1584682
          ],
          [
            121.4348884,
            31.158403
          ]
        ]
      },
      "properties": {
        "osm_id": 835301590,
        "part": 0,
        "railway": "subway",
        "line_name": "",
        "colour": "#0f766e",
        "route_ids": ""
      }
    },
    {
      "type": "Feature",
      "geometry": {
        "type": "LineString",
        "coordinates": [
          [
            121.4367808,
            31.1591796
          ],
          [
            121.4372646,
            31.1594073
          ]
        ]
      },
      "properties": {
        "osm_id": 835301591,
        "part": 0,
        "railway": "subway",
        "line_name": "",
        "colour": "#0f766e",
        "route_ids": ""
      }
    },
    {
      "type": "Feature",
      "geometry": {
        "type": "LineString",
        "coordinates": [
          [
            121.4141171,
            31.1471967
          ],
          [
            121.4138965,
            31.1470238
          ],
          [
            121.4137342,
            31.1468966
          ]
        ]
      },
      "properties": {
        "osm_id": 835313029,
        "part": 0,
        "railway": "subway",
        "line_name": "",
        "colour": "#0f766e",
        "route_ids": ""
      }
    },
    {
      "type": "Feature",
      "geometry": {
        "type": "LineString",
        "coordinates": [
          [
            121.414064,
            31.1472167
          ],
          [
            121.4138965,
            31.1470238
          ],
          [
            121.4137645,
            31.1468717
          ]
        ]
      },
      "properties": {
        "osm_id": 835313030,
        "part": 0,
        "railway": "subway",
        "line_name": "",
        "colour": "#0f766e",
        "route_ids": ""
      }
    },
    {
      "type": "Feature",
      "geometry": {
        "type": "LineString",
        "coordinates": [
          [
            121.4445582,
            31.254979
          ],
          [
            121.444927,
            31.2548311
          ]
        ]
      },
      "properties": {
        "osm_id": 840440427,
        "part": 0,
        "railway": "subway",
        "line_name": "3 / 4",
        "colour": "#5F259F",
        "route_ids": "196854,6817178"
      }
    },
    {
      "type": "Feature",
      "geometry": {
        "type": "LineString",
        "coordinates": [
          [
            121.4432055,
            31.255507
          ],
          [
            121.4445582,
            31.254979
          ]
        ]
      },
      "properties": {
        "osm_id": 840440428,
        "part": 0,
        "railway": "subway",
        "line_name": "3 / 4",
        "colour": "#5F259F",
        "route_ids": "196854,6817178"
      }
    },
    {
      "type": "Feature",
      "geometry": {
        "type": "LineString",
        "coordinates": [
          [
            121.4446253,
            31.2549974
          ],
          [
            121.44322,
            31.2555353
          ]
        ]
      },
      "properties": {
        "osm_id": 841562183,
        "part": 0,
        "railway": "subway",
        "line_name": "3 / 4",
        "colour": "#FFD100",
        "route_ids": "196738,7448423"
      }
    },
    {
      "type": "Feature",
      "geometry": {
        "type": "LineString",
        "coordinates": [
          [
            121.4449471,
            31.2548724
          ],
          [
            121.4446253,
            31.2549974
          ]
        ]
      },
      "properties": {
        "osm_id": 841562184,
        "part": 0,
        "railway": "subway",
        "line_name": "3 / 4",
        "colour": "#FFD100",
        "route_ids": "196738,7448423"
      }
    },
    {
      "type": "Feature",
      "geometry": {
        "type": "LineString",
        "coordinates": [
          [
            121.4253343,
            31.1591392
          ],
          [
            121.4244353,
            31.1597512
          ],
          [
            121.4238134,
            31.160095
          ],
          [
            121.422921,
            31.1606074
          ],
          [
            121.4228716,
            31.1606447
          ],
          [
            121.4224749,
            31.1609439
          ],
          [
            121.4221108,
            31.1612911
          ],
          [
            121.4217656,
            31.1617566
          ],
          [
            121.4214937,
            31.1622273
          ],
          [
            121.4212573,
            31.1627357
          ],
          [
            121.4210398,
            31.163201
          ],
          [
            121.4207214,
            31.1636895
          ],
          [
            121.4204016,
            31.164067
          ],
          [
            121.4200685,
            31.164371
          ],
          [
            121.4196904,
            31.1646279
          ],
          [
            121.4192801,
            31.1648367
          ],
          [
            121.4188243,
            31.1650079
          ],
          [
            121.4183481,
            31.1651121
          ],
          [
            121.4177433,
            31.1651953
          ],
          [
            121.4169438,
            31.165323
          ],
          [
            121.4164827,
            31.1654216
          ],
          [
            121.4160052,
            31.1655815
          ],
          [
            121.4155786,
            31.1657952
          ],
          [
            121.4151626,
            31.1660533
          ],
          [
            121.4147473,
            31.1664176
          ],
          [
            121.4144494,
            31.1667773
          ],
          [
            121.4142302,
            31.1671608
          ],
          [
            121.414053,
            31.1676425
          ],
          [
            121.4139261,
            31.1682761
          ],
          [
            121.413798,
            31.1691186
          ],
          [
            121.4136249,
            31.170052
          ],
          [
            121.4135685,
            31.1702645
          ],
          [
            121.4133524,
            31.1710795
          ]
        ]
      },
      "properties": {
        "osm_id": 900821533,
        "part": 0,
        "railway": "subway",
        "line_name": "15",
        "colour": "#BBA786",
        "route_ids": "12231216"
      }
    },
    {
      "type": "Feature",
      "geometry": {
        "type": "LineString",
        "coordinates": [
          [
            121.4132351,
            31.1710549
          ],
          [
            121.4135063,
            31.1700325
          ],
          [
            121.413661,
            31.1691982
          ],
          [
            121.4136785,
            31.1691038
          ],
          [
            121.4138067,
            31.1682607
          ],
          [
            121.4139354,
            31.1676181
          ],
          [
            121.4141178,
            31.1671224
          ],
          [
            121.4143452,
            31.1667244
          ],
          [
            121.4146542,
            31.1663512
          ],
          [
            121.4150834,
            31.1659748
          ],
          [
            121.4155126,
            31.1657086
          ],
          [
            121.4159524,
            31.1654883
          ],
          [
            121.416446,
            31.165323
          ],
          [
            121.416918,
            31.1652221
          ],
          [
            121.4177227,
            31.1650935
          ],
          [
            121.4183235,
            31.1650109
          ],
          [
            121.4187848,
            31.1649099
          ],
          [
            121.4192247,
            31.1647447
          ],
          [
            121.4196217,
            31.1645427
          ],
          [
            121.4199865,
            31.1642948
          ],
          [
            121.4203083,
            31.164001
          ],
          [
            121.4206195,
            31.1636338
          ],
          [
            121.4209306,
            31.1631564
          ],
          [
            121.4211452,
            31.1626974
          ],
          [
            121.4213833,
            31.1621853
          ],
          [
            121.4216602,
            31.1617059
          ],
          [
            121.4220142,
            31.1612285
          ],
          [
            121.4223897,
            31.1608704
          ],
          [
            121.4228472,
            31.1605254
          ],
          [
            121.4237471,
            31.1600088
          ],
          [
            121.4243638,
            31.1596677
          ],
          [
            121.4252221,
            31.1590618
          ]
        ]
      },
      "properties": {
        "osm_id": 900821534,
        "part": 0,
        "railway": "subway",
        "line_name": "15",
        "colour": "#BBA786",
        "route_ids": "12231217"
      }
    },
    {
      "type": "Feature",
      "geometry": {
        "type": "LineString",
        "coordinates": [
          [
            121.4133524,
            31.1710795
          ],
          [
            121.4129146,
            31.1725017
          ],
          [
            121.4123176,
            31.1742827
          ],
          [
            121.4118517,
            31.1755973
          ],
          [
            121.4115024,
            31.1766182
          ],
          [
            121.411095,
            31.1777571
          ],
          [
            121.410875,
            31.1783522
          ],
          [
            121.4103717,
            31.1797446
          ]
        ]
      },
      "properties": {
        "osm_id": 900821535,
        "part": 0,
        "railway": "subway",
        "line_name": "15",
        "colour": "#BBA786",
        "route_ids": "12231216"
      }
    },
    {
      "type": "Feature",
      "geometry": {
        "type": "LineString",
        "coordinates": [
          [
            121.4102554,
            31.1797168
          ],
          [
            121.4107597,
            31.1783216
          ],
          [
            121.4113868,
            31.1765884
          ],
          [
            121.411736,
            31.1755678
          ],
          [
            121.4122018,
            31.1742535
          ],
          [
            121.4127982,
            31.1724743
          ],
          [
            121.4132351,
            31.1710549
          ]
        ]
      },
      "properties": {
        "osm_id": 900821536,
        "part": 0,
        "railway": "subway",
        "line_name": "15",
        "colour": "#BBA786",
        "route_ids": "12231217"
      }
    },
    {
      "type": "Feature",
      "geometry": {
        "type": "LineString",
        "coordinates": [
          [
            121.4103717,
            31.1797446
          ],
          [
            121.4100095,
            31.180987
          ],
          [
            121.4098123,
            31.1819587
          ],
          [
            121.4097524,
            31.1824965
          ],
          [
            121.4097548,
            31.1829947
          ],
          [
            121.4097297,
            31.1837647
          ],
          [
            121.4096571,
            31.1844406
          ],
          [
            121.4095473,
            31.1850864
          ],
          [
            121.4093971,
            31.1857381
          ],
          [
            121.409295,
            31.1864301
          ],
          [
            121.4092613,
            31.1866617
          ],
          [
            121.4091302,
            31.1875639
          ],
          [
            121.4088071,
            31.1886432
          ],
          [
            121.4080585,
            31.1902349
          ],
          [
            121.4077601,
            31.1909078
          ],
          [
            121.4075643,
            31.1912893
          ],
          [
            121.4073027,
            31.1917275
          ],
          [
            121.4070379,
            31.1920862
          ],
          [
            121.4066804,
            31.1924509
          ],
          [
            121.4062508,
            31.1927689
          ],
          [
            121.4057544,
            31.1930403
          ],
          [
            121.4053116,
            31.1932187
          ],
          [
            121.4046804,
            31.1933396
          ],
          [
            121.4037348,
            31.1933582
          ],
          [
            121.4007597,
            31.1934035
          ],
          [
            121.4,
            31.193415071309246
          ]
        ]
      },
      "properties": {
        "osm_id": 900821537,
        "part": 0,
        "railway": "subway",
        "line_name": "15",
        "colour": "#BBA786",
        "route_ids": "12231216"
      }
    },
    {
      "type": "Feature",
      "geometry": {
        "type": "LineString",
        "coordinates": [
          [
            121.4,
            31.193311738686866
          ],
          [
            121.4020724,
            31.1932802
          ],
          [
            121.4037323,
            31.1932549
          ],
          [
            121.4046657,
            31.1932366
          ],
          [
            121.4052723,
            31.1931204
          ],
          [
            121.4056959,
            31.1929497
          ],
          [
            121.4061785,
            31.1926859
          ],
          [
            121.4065941,
            31.1923782
          ],
          [
            121.4069402,
            31.1920251
          ],
          [
            121.4071977,
            31.1916764
          ],
          [
            121.4074552,
            31.191245
          ],
          [
            121.4076483,
            31.1908687
          ],
          [
            121.407946,
            31.1901973
          ],
          [
            121.4086921,
            31.188611
          ],
          [
            121.4090109,
            31.1875462
          ],
          [
            121.4091315,
            31.1864143
          ],
          [
            121.409177,
            31.1853824
          ],
          [
            121.4091933,
            31.185013
          ],
          [
            121.4093021,
            31.183774
          ],
          [
            121.4094186,
            31.1829478
          ],
          [
            121.4096618,
            31.1819565
          ],
          [
            121.4098916,
            31.1809645
          ],
          [
            121.4102554,
            31.1797168
          ]
        ]
      },
      "properties": {
        "osm_id": 900821538,
        "part": 0,
        "railway": "subway",
        "line_name": "15",
        "colour": "#BBA786",
        "route_ids": "12231217"
      }
    },
    {
      "type": "Feature",
      "geometry": {
        "type": "LineString",
        "coordinates": [
          [
            121.42706198503224,
            31.14
          ],
          [
            121.4269207,
            31.1403077
          ],
          [
            121.4265876,
            31.1409003
          ],
          [
            121.4261223,
            31.1415372
          ],
          [
            121.4255161,
            31.1422975
          ],
          [
            121.4251167,
            31.1428343
          ],
          [
            121.4248409,
            31.1433442
          ],
          [
            121.4246329,
            31.1438718
          ],
          [
            121.4244609,
            31.1444069
          ],
          [
            121.4243387,
            31.1450951
          ],
          [
            121.4242599,
            31.1456659
          ],
          [
            121.4240955,
            31.1465731
          ],
          [
            121.4240547,
            31.1467979
          ],
          [
            121.423984,
            31.1475717
          ],
          [
            121.4239804,
            31.1480245
          ],
          [
            121.4241038,
            31.1485348
          ],
          [
            121.4243409,
            31.1489761
          ],
          [
            121.4246651,
            31.1493967
          ],
          [
            121.4250971,
            31.1498499
          ],
          [
            121.4259996,
            31.1507488
          ],
          [
            121.4273558,
            31.1520476
          ],
          [
            121.4278598,
            31.1526758
          ],
          [
            121.4282545,
            31.1534251
          ],
          [
            121.4284243,
            31.1539385
          ],
          [
            121.4284781,
            31.1543313
          ],
          [
            121.4285111,
            31.1547705
          ],
          [
            121.4285023,
            31.1551651
          ],
          [
            121.4284525,
            31.1555727
          ],
          [
            121.4283742,
            31.1559613
          ],
          [
            121.4282185,
            31.1563682
          ],
          [
            121.4279871,
            31.1568099
          ],
          [
            121.4277086,
            31.157204
          ],
          [
            121.4273991,
            31.1575651
          ],
          [
            121.4265403,
            31.1582892
          ],
          [
            121.4257075,
            31.1588762
          ],
          [
            121.4253343,
            31.1591392
          ]
        ]
      },
      "properties": {
        "osm_id": 900821543,
        "part": 0,
        "railway": "subway",
        "line_name": "15",
        "colour": "#BBA786",
        "route_ids": "12231216"
      }
    },
    {
      "type": "Feature",
      "geometry": {
        "type": "LineString",
        "coordinates": [
          [
            121.4252221,
            31.1590618
          ],
          [
            121.4263811,
            31.1581233
          ],
          [
            121.42721,
            31.1574156
          ],
          [
            121.4274967,
            31.1570695
          ],
          [
            121.4277863,
            31.1567022
          ],
          [
            121.4280331,
            31.1562891
          ],
          [
            121.4282048,
            31.1559126
          ],
          [
            121.4283013,
            31.1555454
          ],
          [
            121.4283605,
            31.1551646
          ],
          [
            121.4283849,
            31.1547751
          ],
          [
            121.4283577,
            31.1543401
          ],
          [
            121.4283055,
            31.1539587
          ],
          [
            121.4281407,
            31.1534606
          ],
          [
            121.4277542,
            31.1527267
          ],
          [
            121.4272606,
            31.1521115
          ],
          [
            121.4259088,
            31.1508169
          ],
          [
            121.4250045,
            31.1499162
          ],
          [
            121.4245677,
            31.1494579
          ],
          [
            121.4242351,
            31.1490264
          ],
          [
            121.4239883,
            31.1485673
          ],
          [
            121.4238596,
            31.1480347
          ],
          [
            121.4238633,
            31.1475673
          ],
          [
            121.4239347,
            31.1467859
          ],
          [
            121.4241403,
            31.1456519
          ],
          [
            121.424219,
            31.1450813
          ],
          [
            121.4243426,
            31.1443854
          ],
          [
            121.4245174,
            31.1438415
          ],
          [
            121.4247286,
            31.1433058
          ],
          [
            121.4250105,
            31.1427846
          ],
          [
            121.4254153,
            31.1422406
          ],
          [
            121.4260212,
            31.1414807
          ],
          [
            121.4264817,
            31.1408503
          ],
          [
            121.42681,
            31.1402663
          ],
          [
            121.42693227051996,
            31.14
          ]
        ]
      },
      "properties": {
        "osm_id": 900821544,
        "part": 0,
        "railway": "subway",
        "line_name": "15",
        "colour": "#BBA786",
        "route_ids": "12231217"
      }
    },
    {
      "type": "Feature",
      "geometry": {
        "type": "LineString",
        "coordinates": [
          [
            121.4246183,
            31.1561234
          ],
          [
            121.4245473,
            31.1560667
          ],
          [
            121.4244737,
            31.1560077
          ],
          [
            121.4238125,
            31.1556894
          ]
        ]
      },
      "properties": {
        "osm_id": 954622166,
        "part": 0,
        "railway": "subway",
        "line_name": "",
        "colour": "#0f766e",
        "route_ids": ""
      }
    },
    {
      "type": "Feature",
      "geometry": {
        "type": "LineString",
        "coordinates": [
          [
            121.4238125,
            31.1556894
          ],
          [
            121.4236489,
            31.1556116
          ],
          [
            121.4235828,
            31.1555712
          ],
          [
            121.423403,
            31.1553974
          ]
        ]
      },
      "properties": {
        "osm_id": 954622167,
        "part": 0,
        "railway": "subway",
        "line_name": "",
        "colour": "#0f766e",
        "route_ids": ""
      }
    },
    {
      "type": "Feature",
      "geometry": {
        "type": "LineString",
        "coordinates": [
          [
            121.424887,
            31.1562468
          ],
          [
            121.4247176,
            31.1561966
          ],
          [
            121.4245976,
            31.1561486
          ],
          [
            121.4238926,
            31.1558021
          ],
          [
            121.4222431,
            31.1551338
          ],
          [
            121.4215389,
            31.1548762
          ],
          [
            121.4207175,
            31.1544746
          ],
          [
            121.4197809,
            31.153942
          ],
          [
            121.4191305,
            31.1534051
          ],
          [
            121.4180918,
            31.1524932
          ]
        ]
      },
      "properties": {
        "osm_id": 954622168,
        "part": 0,
        "railway": "subway",
        "line_name": "1",
        "colour": "#E4002B",
        "route_ids": "199200,14974356"
      }
    },
    {
      "type": "Feature",
      "geometry": {
        "type": "LineString",
        "coordinates": [
          [
            121.4181401,
            31.1524529
          ],
          [
            121.419178,
            31.1533642
          ],
          [
            121.4198233,
            31.1538969
          ],
          [
            121.4207529,
            31.1544255
          ],
          [
            121.421569,
            31.1548245
          ],
          [
            121.4222708,
            31.1550812
          ],
          [
            121.4233868,
            31.1555039
          ],
          [
            121.4239396,
            31.1556738
          ],
          [
            121.4242311,
            31.1558056
          ],
          [
            121.4248253,
            31.1561422
          ],
          [
            121.4249207,
            31.1561968
          ]
        ]
      },
      "properties": {
        "osm_id": 954622169,
        "part": 0,
        "railway": "subway",
        "line_name": "1",
        "colour": "#E4002B",
        "route_ids": "6800210,14974357"
      }
    },
    {
      "type": "Feature",
      "geometry": {
        "type": "LineString",
        "coordinates": [
          [
            121.4268906,
            31.1576452
          ],
          [
            121.4263756,
            31.1572186
          ],
          [
            121.425476,
            31.1565972
          ],
          [
            121.424887,
            31.1562468
          ]
        ]
      },
      "properties": {
        "osm_id": 954622170,
        "part": 0,
        "railway": "subway",
        "line_name": "1",
        "colour": "#E4002B",
        "route_ids": "199200,14974356"
      }
    },
    {
      "type": "Feature",
      "geometry": {
        "type": "LineString",
        "coordinates": [
          [
            121.4249207,
            31.1561968
          ],
          [
            121.4255161,
            31.1565507
          ],
          [
            121.426421,
            31.1571759
          ],
          [
            121.4269322,
            31.1575994
          ]
        ]
      },
      "properties": {
        "osm_id": 954622171,
        "part": 0,
        "railway": "subway",
        "line_name": "1",
        "colour": "#E4002B",
        "route_ids": "6800210,14974357"
      }
    },
    {
      "type": "Feature",
      "geometry": {
        "type": "LineString",
        "coordinates": [
          [
            121.421977,
            31.1848559
          ],
          [
            121.4227572,
            31.186231
          ],
          [
            121.4232104,
            31.1870418
          ]
        ]
      },
      "properties": {
        "osm_id": 954622186,
        "part": 0,
        "railway": "subway",
        "line_name": "9",
        "colour": "#71C5E8",
        "route_ids": "214629"
      }
    },
    {
      "type": "Feature",
      "geometry": {
        "type": "LineString",
        "coordinates": [
          [
            121.4231834,
            31.1870555
          ],
          [
            121.4227026,
            31.1861896
          ],
          [
            121.4219427,
            31.1848735
          ]
        ]
      },
      "properties": {
        "osm_id": 954622187,
        "part": 0,
        "railway": "subway",
        "line_name": "9",
        "colour": "#71C5E8",
        "route_ids": "7451834"
      }
    },
    {
      "type": "Feature",
      "geometry": {
        "type": "LineString",
        "coordinates": [
          [
            121.4238082,
            31.1877167
          ],
          [
            121.4239839,
            31.1874597
          ],
          [
            121.4243877,
            31.1870484
          ],
          [
            121.4245447,
            31.1868803
          ],
          [
            121.4246689,
            31.1867333
          ]
        ]
      },
      "properties": {
        "osm_id": 954622188,
        "part": 0,
        "railway": "subway",
        "line_name": "",
        "colour": "#0f766e",
        "route_ids": ""
      }
    },
    {
      "type": "Feature",
      "geometry": {
        "type": "LineString",
        "coordinates": [
          [
            121.4246689,
            31.1867333
          ],
          [
            121.4247833,
            31.1865925
          ],
          [
            121.4248885,
            31.1864221
          ],
          [
            121.4249386,
            31.1862904
          ]
        ]
      },
      "properties": {
        "osm_id": 954622189,
        "part": 0,
        "railway": "subway",
        "line_name": "",
        "colour": "#0f766e",
        "route_ids": ""
      }
    },
    {
      "type": "Feature",
      "geometry": {
        "type": "LineString",
        "coordinates": [
          [
            121.4232104,
            31.1870418
          ],
          [
            121.4242211,
            31.1888504
          ],
          [
            121.4259027,
            31.1919126
          ],
          [
            121.4264464,
            31.1928719
          ],
          [
            121.4268706,
            31.1936204
          ],
          [
            121.4268964,
            31.1936626
          ],
          [
            121.4276891,
            31.1950556
          ],
          [
            121.4283881,
            31.1958691
          ],
          [
            121.4291908,
            31.196415
          ],
          [
            121.4302226,
            31.1968816
          ],
          [
            121.4314526,
            31.1972679
          ],
          [
            121.4323716,
            31.1974667
          ],
          [
            121.4332906,
            31.1976655
          ],
          [
            121.4341725,
            31.1978102
          ],
          [
            121.4351485,
            31.1979188
          ],
          [
            121.435368,
            31.1979321
          ],
          [
            121.4362565,
            31.1979861
          ],
          [
            121.4372837,
            31.1980956
          ],
          [
            121.4382681,
            31.1983178
          ],
          [
            121.4390819,
            31.1985936
          ],
          [
            121.4398007,
            31.1988672
          ],
          [
            121.4441467,
            31.2007733
          ],
          [
            121.4457703,
            31.2013238
          ],
          [
            121.4458252,
            31.2013443
          ],
          [
            121.4458751,
            31.2013612
          ],
          [
            121.4458938,
            31.2013664
          ],
          [
            121.4496432,
            31.2026427
          ],
          [
            121.4517833,
            31.203359
          ],
          [
            121.4563758,
            31.2046098
          ],
          [
            121.4588527,
            31.2051356
          ],
          [
            121.4595719,
            31.2052927
          ],
          [
            121.4601869,
            31.2054395
          ],
          [
            121.4604304,
            31.2055475
          ],
          [
            121.4608529,
            31.2057348
          ],
          [
            121.4619634,
            31.2063299
          ],
          [
            121.4624224,
            31.2067782
          ],
          [
            121.4628876,
            31.2075524
          ],
          [
            121.4640135,
            31.2082185
          ],
          [
            121.4646459,
            31.2085654
          ],
          [
            121.4651092,
            31.2088351
          ],
          [
            121.4655888,
            31.20907
          ],
          [
            121.4659086,
            31.2095271
          ],
          [
            121.4661928,
            31.2098365
          ],
          [
            121.466606,
            31.2100981
          ],
          [
            121.4677266,
            31.2104165
          ],
          [
            121.4718691,
            31.2112298
          ],
          [
            121.4719147,
            31.2112388
          ],
          [
            121.4720339,
            31.2112622
          ],
          [
            121.4731742,
            31.2115883
          ],
          [
            121.4745206,
            31.2119531
          ],
          [
            121.4751236,
            31.2121774
          ],
          [
            121.4754561,
            31.2123747
          ],
          [
            121.4765564,
            31.2130106
          ],
          [
            121.4768482,
            31.2131317
          ],
          [
            121.4775912,
            31.2133015
          ],
          [
            121.4797477,
            31.2135859
          ],
          [
            121.4804886,
            31.2136923
          ]
        ]
      },
      "properties": {
        "osm_id": 954628973,
        "part": 0,
        "railway": "subway",
        "line_name": "9",
        "colour": "#71C5E8",
        "route_ids": "214629"
      }
    },
    {
      "type": "Feature",
      "geometry": {
        "type": "LineString",
        "coordinates": [
          [
            121.4804834,
            31.2137416
          ],
          [
            121.4797385,
            31.2136346
          ],
          [
            121.4775793,
            31.2133499
          ],
          [
            121.476828,
            31.2131782
          ],
          [
            121.4765275,
            31.2130535
          ],
          [
            121.4754235,
            31.2124154
          ],
          [
            121.4750954,
            31.2122207
          ],
          [
            121.4745003,
            31.2119994
          ],
          [
            121.4731562,
            31.2116352
          ],
          [
            121.4720223,
            31.2113075
          ],
          [
            121.4719006,
            31.2112837
          ],
          [
            121.4718552,
            31.2112748
          ],
          [
            121.4677111,
            31.2104641
          ],
          [
            121.4665856,
            31.2101443
          ],
          [
            121.4660785,
            31.209859
          ],
          [
            121.4657998,
            31.2095202
          ],
          [
            121.4654914,
            31.2091351
          ],
          [
            121.4650514,
            31.2088841
          ],
          [
            121.4645997,
            31.2086077
          ],
          [
            121.4639618,
            31.208257
          ],
          [
            121.4628437,
            31.2075949
          ],
          [
            121.4623044,
            31.2067477
          ],
          [
            121.461928,
            31.2063692
          ],
          [
            121.4608242,
            31.2057777
          ],
          [
            121.4601656,
            31.2054857
          ],
          [
            121.459557,
            31.2053404
          ],
          [
            121.45824,
            31.2050527
          ],
          [
            121.4563601,
            31.2046573
          ],
          [
            121.451764,
            31.2034056
          ],
          [
            121.449622,
            31.2026886
          ],
          [
            121.4458845,
            31.2014241
          ],
          [
            121.4458118,
            31.2013953
          ],
          [
            121.4441228,
            31.2008183
          ],
          [
            121.4397758,
            31.1989118
          ],
          [
            121.4390595,
            31.1986391
          ],
          [
            121.43825,
            31.1983648
          ],
          [
            121.4372727,
            31.1981442
          ],
          [
            121.4362509,
            31.1980353
          ],
          [
            121.4354108,
            31.1979842
          ],
          [
            121.4351427,
            31.1979679
          ],
          [
            121.4341633,
            31.197859
          ],
          [
            121.4332781,
            31.1977137
          ],
          [
            121.4323574,
            31.1975146
          ],
          [
            121.4314355,
            31.1973151
          ],
          [
            121.4301991,
            31.1969268
          ],
          [
            121.4291591,
            31.1964565
          ],
          [
            121.4283461,
            31.1959037
          ],
          [
            121.4276393,
            31.195081
          ],
          [
            121.4255501,
            31.1913182
          ],
          [
            121.4252895,
            31.1908489
          ],
          [
            121.4231834,
            31.1870555
          ]
        ]
      },
      "properties": {
        "osm_id": 954628974,
        "part": 0,
        "railway": "subway",
        "line_name": "9",
        "colour": "#71C5E8",
        "route_ids": "7451834"
      }
    },
    {
      "type": "Feature",
      "geometry": {
        "type": "LineString",
        "coordinates": [
          [
            121.5212346,
            31.2313979
          ],
          [
            121.5203231,
            31.2318161
          ]
        ]
      },
      "properties": {
        "osm_id": 954628975,
        "part": 0,
        "railway": "subway",
        "line_name": "9",
        "colour": "#71C5E8",
        "route_ids": "7451834"
      }
    },
    {
      "type": "Feature",
      "geometry": {
        "type": "LineString",
        "coordinates": [
          [
            121.5202975,
            31.2317718
          ],
          [
            121.5212057,
            31.2313551
          ]
        ]
      },
      "properties": {
        "osm_id": 954628976,
        "part": 0,
        "railway": "subway",
        "line_name": "9",
        "colour": "#71C5E8",
        "route_ids": "214629"
      }
    },
    {
      "type": "Feature",
      "geometry": {
        "type": "LineString",
        "coordinates": [
          [
            121.4664457,
            31.2443006
          ],
          [
            121.4672583,
            31.2443907
          ]
        ]
      },
      "properties": {
        "osm_id": 966464243,
        "part": 0,
        "railway": "subway",
        "line_name": "12",
        "colour": "#007B5F",
        "route_ids": "5498699"
      }
    },
    {
      "type": "Feature",
      "geometry": {
        "type": "LineString",
        "coordinates": [
          [
            121.4672498,
            31.2444396
          ],
          [
            121.4664378,
            31.2443496
          ]
        ]
      },
      "properties": {
        "osm_id": 966464244,
        "part": 0,
        "railway": "subway",
        "line_name": "12",
        "colour": "#007B5F",
        "route_ids": "7451886"
      }
    },
    {
      "type": "Feature",
      "geometry": {
        "type": "LineString",
        "coordinates": [
          [
            121.4653279,
            31.2513801
          ],
          [
            121.4650765,
            31.2522654
          ],
          [
            121.4643732,
            31.2550951
          ],
          [
            121.4635016,
            31.2576717
          ],
          [
            121.4630038,
            31.2586989
          ],
          [
            121.4629008,
            31.2594326
          ],
          [
            121.46286968393143,
            31.26
          ]
        ]
      },
      "properties": {
        "osm_id": 966464245,
        "part": 0,
        "railway": "subway",
        "line_name": "8",
        "colour": "#009FDF",
        "route_ids": "196737"
      }
    },
    {
      "type": "Feature",
      "geometry": {
        "type": "LineString",
        "coordinates": [
          [
            121.46281185830588,
            31.26
          ],
          [
            121.4628432,
            31.2594285
          ],
          [
            121.4629474,
            31.2586863
          ],
          [
            121.4634479,
            31.2576535
          ],
          [
            121.4643339,
            31.2550603
          ],
          [
            121.4650201,
            31.2522546
          ],
          [
            121.4652723,
            31.2513666
          ]
        ]
      },
      "properties": {
        "osm_id": 966464246,
        "part": 0,
        "railway": "subway",
        "line_name": "8",
        "colour": "#009FDF",
        "route_ids": "7451832"
      }
    },
    {
      "type": "Feature",
      "geometry": {
        "type": "LineString",
        "coordinates": [
          [
            121.4668902,
            31.2444785
          ],
          [
            121.4669288,
            31.2441929
          ],
          [
            121.4669849,
            31.2436044
          ]
        ]
      },
      "properties": {
        "osm_id": 966464247,
        "part": 0,
        "railway": "subway",
        "line_name": "8",
        "colour": "#009FDF",
        "route_ids": "7451832"
      }
    },
    {
      "type": "Feature",
      "geometry": {
        "type": "LineString",
        "coordinates": [
          [
            121.4670423,
            31.2436112
          ],
          [
            121.4669863,
            31.2441977
          ],
          [
            121.4669485,
            31.2444774
          ]
        ]
      },
      "properties": {
        "osm_id": 966464248,
        "part": 0,
        "railway": "subway",
        "line_name": "8",
        "colour": "#009FDF",
        "route_ids": "196737"
      }
    },
    {
      "type": "Feature",
      "geometry": {
        "type": "LineString",
        "coordinates": [
          [
            121.4675689,
            31.2444849
          ],
          [
            121.4672498,
            31.2444396
          ]
        ]
      },
      "properties": {
        "osm_id": 966464256,
        "part": 0,
        "railway": "subway",
        "line_name": "12",
        "colour": "#007B5F",
        "route_ids": "7451886"
      }
    },
    {
      "type": "Feature",
      "geometry": {
        "type": "LineString",
        "coordinates": [
          [
            121.4672583,
            31.2443907
          ],
          [
            121.4675778,
            31.244436
          ]
        ]
      },
      "properties": {
        "osm_id": 966464257,
        "part": 0,
        "railway": "subway",
        "line_name": "12",
        "colour": "#007B5F",
        "route_ids": "5498699"
      }
    },
    {
      "type": "Feature",
      "geometry": {
        "type": "LineString",
        "coordinates": [
          [
            121.4675778,
            31.244436
          ],
          [
            121.4718335,
            31.24504
          ],
          [
            121.4760672,
            31.2454419
          ],
          [
            121.4763757,
            31.2454702
          ],
          [
            121.4767177,
            31.2455127
          ],
          [
            121.4770356,
            31.2455685
          ],
          [
            121.47734,
            31.2456185
          ],
          [
            121.4776154,
            31.2456718
          ],
          [
            121.477971,
            31.2457595
          ],
          [
            121.4783788,
            31.2458765
          ],
          [
            121.4791198,
            31.2461346
          ],
          [
            121.4793385,
            31.2462292
          ],
          [
            121.4795405,
            31.2463353
          ],
          [
            121.4797335,
            31.2464558
          ],
          [
            121.4799086,
            31.2465667
          ],
          [
            121.4801854,
            31.2467324
          ],
          [
            121.4803874,
            31.2468339
          ],
          [
            121.480624,
            31.2469375
          ],
          [
            121.480893,
            31.2470524
          ],
          [
            121.4810744,
            31.2471269
          ],
          [
            121.4812889,
            31.2471957
          ],
          [
            121.4815201,
            31.247253
          ],
          [
            121.4819471,
            31.2473475
          ],
          [
            121.4823004,
            31.2474162
          ],
          [
            121.4829573,
            31.2475293
          ],
          [
            121.4836661,
            31.2476356
          ],
          [
            121.4845508,
            31.2477503
          ],
          [
            121.4854212,
            31.2478216
          ],
          [
            121.4859827,
            31.2478616
          ]
        ]
      },
      "properties": {
        "osm_id": 966464272,
        "part": 0,
        "railway": "subway",
        "line_name": "12",
        "colour": "#007B5F",
        "route_ids": "5498699"
      }
    },
    {
      "type": "Feature",
      "geometry": {
        "type": "LineString",
        "coordinates": [
          [
            121.4859557,
            31.2479168
          ],
          [
            121.4853895,
            31.2478747
          ],
          [
            121.4845406,
            31.247799
          ],
          [
            121.4836568,
            31.2476844
          ],
          [
            121.4829466,
            31.2475779
          ],
          [
            121.4822883,
            31.2474645
          ],
          [
            121.4819334,
            31.2473955
          ],
          [
            121.4815048,
            31.2473007
          ],
          [
            121.4812707,
            31.2472426
          ],
          [
            121.4810517,
            31.2471724
          ],
          [
            121.4808676,
            31.2470968
          ],
          [
            121.4805979,
            31.2469816
          ],
          [
            121.4803596,
            31.2468772
          ],
          [
            121.4801541,
            31.246774
          ],
          [
            121.4798748,
            31.2466068
          ],
          [
            121.4796993,
            31.2464956
          ],
          [
            121.4795083,
            31.2463764
          ],
          [
            121.4793103,
            31.2462724
          ],
          [
            121.4790958,
            31.2461796
          ],
          [
            121.4783587,
            31.2459229
          ],
          [
            121.4779538,
            31.2458067
          ],
          [
            121.477601,
            31.2457197
          ],
          [
            121.4773282,
            31.2456669
          ],
          [
            121.4770243,
            31.245617
          ],
          [
            121.4767077,
            31.2455614
          ],
          [
            121.4763685,
            31.2455192
          ],
          [
            121.4760609,
            31.245491
          ],
          [
            121.4718256,
            31.245089
          ],
          [
            121.4675689,
            31.2444849
          ]
        ]
      },
      "properties": {
        "osm_id": 966464273,
        "part": 0,
        "railway": "subway",
        "line_name": "12",
        "colour": "#007B5F",
        "route_ids": "7451886"
      }
    },
    {
      "type": "Feature",
      "geometry": {
        "type": "LineString",
        "coordinates": [
          [
            121.4869455,
            31.2481298
          ],
          [
            121.4866824,
            31.2480235
          ],
          [
            121.4863782,
            31.2479567
          ],
          [
            121.4859557,
            31.2479168
          ]
        ]
      },
      "properties": {
        "osm_id": 966464274,
        "part": 0,
        "railway": "subway",
        "line_name": "12",
        "colour": "#007B5F",
        "route_ids": "7451886"
      }
    },
    {
      "type": "Feature",
      "geometry": {
        "type": "LineString",
        "coordinates": [
          [
            121.4859827,
            31.2478616
          ],
          [
            121.486397,
            31.2478974
          ],
          [
            121.4866944,
            31.2479638
          ],
          [
            121.4869713,
            31.2480727
          ]
        ]
      },
      "properties": {
        "osm_id": 966464275,
        "part": 0,
        "railway": "subway",
        "line_name": "12",
        "colour": "#007B5F",
        "route_ids": "5498699"
      }
    },
    {
      "type": "Feature",
      "geometry": {
        "type": "LineString",
        "coordinates": [
          [
            121.4950314,
            31.2525795
          ],
          [
            121.4939516,
            31.2521658
          ],
          [
            121.491096,
            31.250863
          ],
          [
            121.4899778,
            31.2503333
          ],
          [
            121.4895828,
            31.2501032
          ],
          [
            121.4891174,
            31.2498134
          ],
          [
            121.4887885,
            31.249579
          ],
          [
            121.4883686,
            31.2492141
          ],
          [
            121.4880354,
            31.2488856
          ],
          [
            121.4877851,
            31.2486578
          ],
          [
            121.4875627,
            31.2484656
          ],
          [
            121.4872397,
            31.2482796
          ],
          [
            121.4869455,
            31.2481298
          ]
        ]
      },
      "properties": {
        "osm_id": 966476601,
        "part": 0,
        "railway": "subway",
        "line_name": "12",
        "colour": "#007B5F",
        "route_ids": "7451886"
      }
    },
    {
      "type": "Feature",
      "geometry": {
        "type": "LineString",
        "coordinates": [
          [
            121.4954546,
            31.2527578
          ],
          [
            121.4950314,
            31.2525795
          ]
        ]
      },
      "properties": {
        "osm_id": 966476602,
        "part": 0,
        "railway": "subway",
        "line_name": "12",
        "colour": "#007B5F",
        "route_ids": "7451886"
      }
    },
    {
      "type": "Feature",
      "geometry": {
        "type": "LineString",
        "coordinates": [
          [
            121.4869713,
            31.2480727
          ],
          [
            121.4872711,
            31.2482218
          ],
          [
            121.4875462,
            31.2483751
          ],
          [
            121.4878421,
            31.2486077
          ],
          [
            121.4880974,
            31.24884
          ],
          [
            121.4884273,
            31.2491635
          ],
          [
            121.4888418,
            31.2495333
          ],
          [
            121.4891522,
            31.2497624
          ],
          [
            121.4896215,
            31.2500533
          ],
          [
            121.4900137,
            31.2502812
          ],
          [
            121.4911396,
            31.2508142
          ],
          [
            121.4939755,
            31.2521208
          ],
          [
            121.495056,
            31.2525348
          ]
        ]
      },
      "properties": {
        "osm_id": 966476603,
        "part": 0,
        "railway": "subway",
        "line_name": "12",
        "colour": "#007B5F",
        "route_ids": "5498699"
      }
    },
    {
      "type": "Feature",
      "geometry": {
        "type": "LineString",
        "coordinates": [
          [
            121.495056,
            31.2525348
          ],
          [
            121.4954837,
            31.252715
          ]
        ]
      },
      "properties": {
        "osm_id": 966476604,
        "part": 0,
        "railway": "subway",
        "line_name": "12",
        "colour": "#007B5F",
        "route_ids": "5498699"
      }
    },
    {
      "type": "Feature",
      "geometry": {
        "type": "LineString",
        "coordinates": [
          [
            121.4960919,
            31.1842484
          ],
          [
            121.4967173,
            31.1847811
          ],
          [
            121.4971467,
            31.1850654
          ],
          [
            121.4976214,
            31.1852995
          ],
          [
            121.4986733,
            31.1856484
          ],
          [
            121.5014566,
            31.1863514
          ],
          [
            121.5041561,
            31.1871707
          ],
          [
            121.5056097,
            31.1876238
          ],
          [
            121.5056513,
            31.1876367
          ],
          [
            121.506069,
            31.1877669
          ],
          [
            121.5093841,
            31.188896
          ],
          [
            121.5110221,
            31.1889967
          ],
          [
            121.5127189,
            31.1890611
          ],
          [
            121.5130073,
            31.1891192
          ],
          [
            121.5137977,
            31.1895306
          ],
          [
            121.5157278,
            31.1900549
          ],
          [
            121.5165813,
            31.1901005
          ],
          [
            121.5198405,
            31.1896773
          ],
          [
            121.5207941,
            31.1895931
          ],
          [
            121.5217776,
            31.1895186
          ],
          [
            121.5247245,
            31.1895383
          ],
          [
            121.5293565,
            31.1896657
          ],
          [
            121.5364372,
            31.1897479
          ],
          [
            121.5403028,
            31.189836
          ],
          [
            121.5431598,
            31.1902954
          ],
          [
            121.5439375,
            31.1905172
          ],
          [
            121.5445658,
            31.1909806
          ],
          [
            121.544997,
            31.1916445
          ],
          [
            121.5452985,
            31.1921603
          ],
          [
            121.5457068,
            31.1934288
          ],
          [
            121.5460084,
            31.1944237
          ],
          [
            121.5459216,
            31.1949065
          ],
          [
            121.5455599,
            31.1957033
          ],
          [
            121.5448009,
            31.1975604
          ],
          [
            121.5435696,
            31.2002886
          ],
          [
            121.5434196,
            31.2009549
          ],
          [
            121.5435596,
            31.2015461
          ],
          [
            121.5437485,
            31.2018311
          ],
          [
            121.5439858,
            31.2020998
          ],
          [
            121.5448539,
            31.2026657
          ],
          [
            121.5480675,
            31.2043196
          ],
          [
            121.5492659,
            31.2048857
          ],
          [
            121.5506012,
            31.2052785
          ],
          [
            121.5508972,
            31.2053533
          ],
          [
            121.5513297,
            31.205449
          ],
          [
            121.5517068,
            31.2055199
          ],
          [
            121.5520974,
            31.2055692
          ],
          [
            121.5523457,
            31.2055876
          ],
          [
            121.5523802,
            31.2055895
          ],
          [
            121.5527356,
            31.2055911
          ],
          [
            121.5536323,
            31.2055862
          ],
          [
            121.5543607,
            31.2055845
          ],
          [
            121.5544774,
            31.2055836
          ],
          [
            121.5545725,
            31.2055838
          ],
          [
            121.5549008,
            31.2055844
          ],
          [
            121.5555718,
            31.2055879
          ],
          [
            121.5561917,
            31.2055761
          ],
          [
            121.556583,
            31.2055775
          ],
          [
            121.5568963,
            31.2055847
          ],
          [
            121.5571389,
            31.205597
          ],
          [
            121.5573753,
            31.2056124
          ],
          [
            121.5575529,
            31.2056296
          ],
          [
            121.5577474,
            31.2056647
          ],
          [
            121.5579351,
            31.2057117
          ],
          [
            121.5581548,
            31.2057797
          ],
          [
            121.5583139,
            31.2058403
          ],
          [
            121.5584911,
            31.205919
          ],
          [
            121.5586533,
            31.2060185
          ],
          [
            121.558759,
            31.2060985
          ],
          [
            121.5588605,
            31.206191
          ],
          [
            121.5590553,
            31.2064196
          ],
          [
            121.5594287,
            31.2068673
          ],
          [
            121.5596916,
            31.2072651
          ],
          [
            121.5597374,
            31.2077005
          ],
          [
            121.5596591,
            31.2082103
          ],
          [
            121.5596521,
            31.2082457
          ],
          [
            121.5592316,
            31.2103812
          ],
          [
            121.558496,
            31.2137836
          ],
          [
            121.5583458,
            31.2145015
          ]
        ]
      },
      "properties": {
        "osm_id": 968332494,
        "part": 0,
        "railway": "subway",
        "line_name": "7",
        "colour": "#FF6900",
        "route_ids": "6819599"
      }
    },
    {
      "type": "Feature",
      "geometry": {
        "type": "LineString",
        "coordinates": [
          [
            121.4157553,
            31.1850208
          ],
          [
            121.4156164,
            31.1851163
          ]
        ]
      },
      "properties": {
        "osm_id": 981949473,
        "part": 0,
        "railway": "subway",
        "line_name": "",
        "colour": "#0f766e",
        "route_ids": ""
      }
    },
    {
      "type": "Feature",
      "geometry": {
        "type": "LineString",
        "coordinates": [
          [
            121.4157503,
            31.1850232
          ],
          [
            121.4156142,
            31.1850887
          ]
        ]
      },
      "properties": {
        "osm_id": 981949474,
        "part": 0,
        "railway": "subway",
        "line_name": "",
        "colour": "#0f766e",
        "route_ids": ""
      }
    },
    {
      "type": "Feature",
      "geometry": {
        "type": "LineString",
        "coordinates": [
          [
            121.4157553,
            31.1850208
          ],
          [
            121.4157503,
            31.1850232
          ]
        ]
      },
      "properties": {
        "osm_id": 981949475,
        "part": 0,
        "railway": "subway",
        "line_name": "",
        "colour": "#0f766e",
        "route_ids": ""
      }
    },
    {
      "type": "Feature",
      "geometry": {
        "type": "LineString",
        "coordinates": [
          [
            121.4157553,
            31.1850208
          ],
          [
            121.415613,
            31.1850772
          ]
        ]
      },
      "properties": {
        "osm_id": 981949476,
        "part": 0,
        "railway": "subway",
        "line_name": "",
        "colour": "#0f766e",
        "route_ids": ""
      }
    },
    {
      "type": "Feature",
      "geometry": {
        "type": "LineString",
        "coordinates": [
          [
            121.41564,
            31.1852143
          ],
          [
            121.4154865,
            31.1853157
          ]
        ]
      },
      "properties": {
        "osm_id": 981949478,
        "part": 0,
        "railway": "subway",
        "line_name": "",
        "colour": "#0f766e",
        "route_ids": ""
      }
    },
    {
      "type": "Feature",
      "geometry": {
        "type": "LineString",
        "coordinates": [
          [
            121.4156888,
            31.1851821
          ],
          [
            121.41564,
            31.1852143
          ]
        ]
      },
      "properties": {
        "osm_id": 981949479,
        "part": 0,
        "railway": "subway",
        "line_name": "",
        "colour": "#0f766e",
        "route_ids": ""
      }
    },
    {
      "type": "Feature",
      "geometry": {
        "type": "LineString",
        "coordinates": [
          [
            121.4155647,
            31.1853497
          ],
          [
            121.4155607,
            31.1853533
          ]
        ]
      },
      "properties": {
        "osm_id": 981949480,
        "part": 0,
        "railway": "subway",
        "line_name": "",
        "colour": "#0f766e",
        "route_ids": ""
      }
    },
    {
      "type": "Feature",
      "geometry": {
        "type": "LineString",
        "coordinates": [
          [
            121.4156943,
            31.1852356
          ],
          [
            121.4156418,
            31.1852975
          ]
        ]
      },
      "properties": {
        "osm_id": 1007520285,
        "part": 0,
        "railway": "subway",
        "line_name": "",
        "colour": "#0f766e",
        "route_ids": ""
      }
    },
    {
      "type": "Feature",
      "geometry": {
        "type": "LineString",
        "coordinates": [
          [
            121.4669485,
            31.2444774
          ],
          [
            121.4668504,
            31.245204
          ],
          [
            121.4666467,
            31.2462687
          ],
          [
            121.4664853,
            31.2470209
          ]
        ]
      },
      "properties": {
        "osm_id": 1007651588,
        "part": 0,
        "railway": "subway",
        "line_name": "8",
        "colour": "#009FDF",
        "route_ids": "196737"
      }
    },
    {
      "type": "Feature",
      "geometry": {
        "type": "LineString",
        "coordinates": [
          [
            121.4664278,
            31.2470151
          ],
          [
            121.4665897,
            31.2462603
          ],
          [
            121.4667931,
            31.2451972
          ],
          [
            121.4668902,
            31.2444785
          ]
        ]
      },
      "properties": {
        "osm_id": 1007651589,
        "part": 0,
        "railway": "subway",
        "line_name": "8",
        "colour": "#009FDF",
        "route_ids": "7451832"
      }
    },
    {
      "type": "Feature",
      "geometry": {
        "type": "LineString",
        "coordinates": [
          [
            121.4652723,
            31.2513666
          ],
          [
            121.4659687,
            31.2489145
          ],
          [
            121.4663632,
            31.2473161
          ],
          [
            121.4664278,
            31.2470151
          ]
        ]
      },
      "properties": {
        "osm_id": 1007651590,
        "part": 0,
        "railway": "subway",
        "line_name": "8",
        "colour": "#009FDF",
        "route_ids": "7451832"
      }
    },
    {
      "type": "Feature",
      "geometry": {
        "type": "LineString",
        "coordinates": [
          [
            121.4664853,
            31.2470209
          ],
          [
            121.4664199,
            31.2473257
          ],
          [
            121.4660251,
            31.2489254
          ],
          [
            121.4653279,
            31.2513801
          ]
        ]
      },
      "properties": {
        "osm_id": 1007651591,
        "part": 0,
        "railway": "subway",
        "line_name": "8",
        "colour": "#009FDF",
        "route_ids": "196737"
      }
    },
    {
      "type": "Feature",
      "geometry": {
        "type": "LineString",
        "coordinates": [
          [
            121.4007753,
            31.2525373
          ],
          [
            121.4006866,
            31.252538
          ],
          [
            121.4004321,
            31.2525186
          ],
          [
            121.4,
            31.252446281534834
          ]
        ]
      },
      "properties": {
        "osm_id": 1017181801,
        "part": 0,
        "railway": "subway",
        "line_name": "",
        "colour": "#0f766e",
        "route_ids": ""
      }
    },
    {
      "type": "Feature",
      "geometry": {
        "type": "LineString",
        "coordinates": [
          [
            121.4158037,
            31.2426664
          ],
          [
            121.4160682,
            31.2424494
          ],
          [
            121.4161094,
            31.2424157
          ],
          [
            121.4162679,
            31.2422857
          ],
          [
            121.4162965,
            31.2422622
          ],
          [
            121.4177041,
            31.2411199
          ],
          [
            121.4177641,
            31.2410712
          ],
          [
            121.4178969,
            31.2409634
          ],
          [
            121.4179756,
            31.2408996
          ],
          [
            121.4183149,
            31.2406342
          ]
        ]
      },
      "properties": {
        "osm_id": 1017181804,
        "part": 0,
        "railway": "subway",
        "line_name": "",
        "colour": "#0f766e",
        "route_ids": ""
      }
    },
    {
      "type": "Feature",
      "geometry": {
        "type": "LineString",
        "coordinates": [
          [
            121.415842,
            31.2427072
          ],
          [
            121.4158948,
            31.2426624
          ],
          [
            121.4160682,
            31.2424494
          ],
          [
            121.4161094,
            31.2424157
          ]
        ]
      },
      "properties": {
        "osm_id": 1017181805,
        "part": 0,
        "railway": "subway",
        "line_name": "",
        "colour": "#0f766e",
        "route_ids": ""
      }
    },
    {
      "type": "Feature",
      "geometry": {
        "type": "LineString",
        "coordinates": [
          [
            121.4158604,
            31.2425429
          ],
          [
            121.4159427,
            31.2424802
          ],
          [
            121.4162679,
            31.2422857
          ],
          [
            121.4162965,
            31.2422622
          ]
        ]
      },
      "properties": {
        "osm_id": 1017181806,
        "part": 0,
        "railway": "subway",
        "line_name": "",
        "colour": "#0f766e",
        "route_ids": ""
      }
    },
    {
      "type": "Feature",
      "geometry": {
        "type": "LineString",
        "coordinates": [
          [
            121.4177041,
            31.2411199
          ],
          [
            121.4177641,
            31.2410712
          ],
          [
            121.4180002,
            31.2408057
          ],
          [
            121.4180668,
            31.2407525
          ]
        ]
      },
      "properties": {
        "osm_id": 1017181809,
        "part": 0,
        "railway": "subway",
        "line_name": "",
        "colour": "#0f766e",
        "route_ids": ""
      }
    },
    {
      "type": "Feature",
      "geometry": {
        "type": "LineString",
        "coordinates": [
          [
            121.4178969,
            31.2409634
          ],
          [
            121.4179756,
            31.2408996
          ],
          [
            121.4182935,
            31.2407132
          ],
          [
            121.4183479,
            31.2406703
          ]
        ]
      },
      "properties": {
        "osm_id": 1017181810,
        "part": 0,
        "railway": "subway",
        "line_name": "",
        "colour": "#0f766e",
        "route_ids": ""
      }
    },
    {
      "type": "Feature",
      "geometry": {
        "type": "LineString",
        "coordinates": [
          [
            121.5257685,
            31.2431719
          ],
          [
            121.5253694,
            31.2431193
          ],
          [
            121.5252914,
            31.2431043
          ]
        ]
      },
      "properties": {
        "osm_id": 1017517770,
        "part": 0,
        "railway": "subway",
        "line_name": "",
        "colour": "#0f766e",
        "route_ids": ""
      }
    },
    {
      "type": "Feature",
      "geometry": {
        "type": "LineString",
        "coordinates": [
          [
            121.5257685,
            31.2431719
          ],
          [
            121.5253508,
            31.243006
          ]
        ]
      },
      "properties": {
        "osm_id": 1017517771,
        "part": 0,
        "railway": "subway",
        "line_name": "",
        "colour": "#0f766e",
        "route_ids": ""
      }
    },
    {
      "type": "Feature",
      "geometry": {
        "type": "LineString",
        "coordinates": [
          [
            121.5300138,
            31.2442721
          ],
          [
            121.5295754,
            31.2442039
          ]
        ]
      },
      "properties": {
        "osm_id": 1017517772,
        "part": 0,
        "railway": "subway",
        "line_name": "",
        "colour": "#0f766e",
        "route_ids": ""
      }
    },
    {
      "type": "Feature",
      "geometry": {
        "type": "LineString",
        "coordinates": [
          [
            121.5254549,
            31.2430869
          ],
          [
            121.5257685,
            31.2431719
          ],
          [
            121.5279592,
            31.2437655
          ],
          [
            121.5286229,
            31.2439463
          ],
          [
            121.529064,
            31.2440662
          ],
          [
            121.5293984,
            31.2441557
          ],
          [
            121.5295754,
            31.2442039
          ],
          [
            121.530056,
            31.2443347
          ]
        ]
      },
      "properties": {
        "osm_id": 1017517773,
        "part": 0,
        "railway": "subway",
        "line_name": "",
        "colour": "#0f766e",
        "route_ids": ""
      }
    },
    {
      "type": "Feature",
      "geometry": {
        "type": "LineString",
        "coordinates": [
          [
            121.5299548,
            31.244369
          ],
          [
            121.5298816,
            31.2443362
          ],
          [
            121.5295754,
            31.2442039
          ]
        ]
      },
      "properties": {
        "osm_id": 1017517774,
        "part": 0,
        "railway": "subway",
        "line_name": "",
        "colour": "#0f766e",
        "route_ids": ""
      }
    },
    {
      "type": "Feature",
      "geometry": {
        "type": "LineString",
        "coordinates": [
          [
            121.4670599,
            31.2252589
          ],
          [
            121.4666802,
            31.2251204
          ],
          [
            121.4665944,
            31.2251036
          ]
        ]
      },
      "properties": {
        "osm_id": 1017517777,
        "part": 0,
        "railway": "subway",
        "line_name": "",
        "colour": "#0f766e",
        "route_ids": ""
      }
    },
    {
      "type": "Feature",
      "geometry": {
        "type": "LineString",
        "coordinates": [
          [
            121.4670599,
            31.2252589
          ],
          [
            121.466782,
            31.2250846
          ],
          [
            121.4666632,
            31.2250111
          ]
        ]
      },
      "properties": {
        "osm_id": 1017517778,
        "part": 0,
        "railway": "subway",
        "line_name": "",
        "colour": "#0f766e",
        "route_ids": ""
      }
    },
    {
      "type": "Feature",
      "geometry": {
        "type": "LineString",
        "coordinates": [
          [
            121.4693465,
            31.2260796
          ],
          [
            121.4693116,
            31.2260698
          ],
          [
            121.4689686,
            31.2260105
          ]
        ]
      },
      "properties": {
        "osm_id": 1017517779,
        "part": 0,
        "railway": "subway",
        "line_name": "",
        "colour": "#0f766e",
        "route_ids": ""
      }
    },
    {
      "type": "Feature",
      "geometry": {
        "type": "LineString",
        "coordinates": [
          [
            121.4693314,
            31.226124
          ],
          [
            121.4689686,
            31.2260105
          ],
          [
            121.4687291,
            31.2259356
          ],
          [
            121.4684548,
            31.2258381
          ],
          [
            121.4681591,
            31.2257288
          ],
          [
            121.4678433,
            31.2256076
          ],
          [
            121.4675875,
            31.2255009
          ],
          [
            121.4672116,
            31.2253309
          ],
          [
            121.4670599,
            31.2252589
          ],
          [
            121.4666124,
            31.2250464
          ]
        ]
      },
      "properties": {
        "osm_id": 1017517780,
        "part": 0,
        "railway": "subway",
        "line_name": "",
        "colour": "#0f766e",
        "route_ids": ""
      }
    },
    {
      "type": "Feature",
      "geometry": {
        "type": "LineString",
        "coordinates": [
          [
            121.469328,
            31.2261713
          ],
          [
            121.469262,
            31.2261403
          ],
          [
            121.4689686,
            31.2260105
          ]
        ]
      },
      "properties": {
        "osm_id": 1017517781,
        "part": 0,
        "railway": "subway",
        "line_name": "",
        "colour": "#0f766e",
        "route_ids": ""
      }
    },
    {
      "type": "Feature",
      "geometry": {
        "type": "LineString",
        "coordinates": [
          [
            121.5551127,
            31.2053078
          ],
          [
            121.5552207,
            31.2053074
          ],
          [
            121.5553789,
            31.2053246
          ],
          [
            121.5557637,
            31.2053722
          ],
          [
            121.5558961,
            31.2053933
          ],
          [
            121.5560142,
            31.2054089
          ],
          [
            121.556188,
            31.2054181
          ],
          [
            121.5568604,
            31.2053965
          ],
          [
            121.5572073,
            31.2053702
          ],
          [
            121.5575683,
            31.2053344
          ],
          [
            121.5578516,
            31.2053095
          ],
          [
            121.5580858,
            31.2052964
          ],
          [
            121.5583177,
            31.2052895
          ]
        ]
      },
      "properties": {
        "osm_id": 1025550790,
        "part": 0,
        "railway": "subway",
        "line_name": "",
        "colour": "#0f766e",
        "route_ids": ""
      }
    },
    {
      "type": "Feature",
      "geometry": {
        "type": "LineString",
        "coordinates": [
          [
            121.5542856,
            31.2051388
          ],
          [
            121.5543728,
            31.2051378
          ],
          [
            121.554568,
            31.2051491
          ],
          [
            121.5553853,
            31.205243
          ],
          [
            121.5555328,
            31.2052439
          ],
          [
            121.5560346,
            31.2052423
          ],
          [
            121.5563126,
            31.2052366
          ],
          [
            121.5566111,
            31.2052248
          ],
          [
            121.5568723,
            31.2052142
          ],
          [
            121.5571497,
            31.2051887
          ],
          [
            121.5573861,
            31.205161
          ],
          [
            121.5576649,
            31.2051196
          ],
          [
            121.5580068,
            31.2050481
          ],
          [
            121.5583443,
            31.204953
          ],
          [
            121.5585892,
            31.2048815
          ]
        ]
      },
      "properties": {
        "osm_id": 1025550791,
        "part": 0,
        "railway": "subway",
        "line_name": "停车兼折返线",
        "colour": "#0f766e",
        "route_ids": ""
      }
    },
    {
      "type": "Feature",
      "geometry": {
        "type": "LineString",
        "coordinates": [
          [
            121.5542978,
            31.2053107
          ],
          [
            121.5543717,
            31.2053104
          ],
          [
            121.5545961,
            31.2052971
          ],
          [
            121.5549235,
            31.2052544
          ],
          [
            121.5550765,
            31.2052428
          ],
          [
            121.5553853,
            31.205243
          ],
          [
            121.5555328,
            31.2052439
          ],
          [
            121.5561133,
            31.2053036
          ],
          [
            121.5562459,
            31.205303
          ],
          [
            121.5563332,
            31.2053018
          ],
          [
            121.5568378,
            31.2053466
          ],
          [
            121.5570673,
            31.2053311
          ],
          [
            121.5578116,
            31.205266
          ],
          [
            121.5580873,
            31.2052488
          ],
          [
            121.5583018,
            31.2052441
          ]
        ]
      },
      "properties": {
        "osm_id": 1025550792,
        "part": 0,
        "railway": "subway",
        "line_name": "",
        "colour": "#0f766e",
        "route_ids": ""
      }
    },
    {
      "type": "Feature",
      "geometry": {
        "type": "LineString",
        "coordinates": [
          [
            121.5568378,
            31.2053466
          ],
          [
            121.5564189,
            31.2053572
          ],
          [
            121.5561814,
            31.2053632
          ]
        ]
      },
      "properties": {
        "osm_id": 1025550793,
        "part": 0,
        "railway": "subway",
        "line_name": "",
        "colour": "#0f766e",
        "route_ids": ""
      }
    },
    {
      "type": "Feature",
      "geometry": {
        "type": "LineString",
        "coordinates": [
          [
            121.5558961,
            31.2053933
          ],
          [
            121.5557637,
            31.2053722
          ],
          [
            121.5553022,
            31.2053713
          ],
          [
            121.5551034,
            31.205371
          ]
        ]
      },
      "properties": {
        "osm_id": 1025550794,
        "part": 0,
        "railway": "subway",
        "line_name": "",
        "colour": "#0f766e",
        "route_ids": ""
      }
    },
    {
      "type": "Feature",
      "geometry": {
        "type": "LineString",
        "coordinates": [
          [
            121.5543219,
            31.2057594
          ],
          [
            121.5543632,
            31.2057595
          ],
          [
            121.5544253,
            31.2057597
          ],
          [
            121.5551329,
            31.2056901
          ],
          [
            121.5552441,
            31.2056894
          ]
        ]
      },
      "properties": {
        "osm_id": 1025550796,
        "part": 0,
        "railway": "subway",
        "line_name": "",
        "colour": "#0f766e",
        "route_ids": ""
      }
    },
    {
      "type": "Feature",
      "geometry": {
        "type": "LineString",
        "coordinates": [
          [
            121.5556732,
            31.2056864
          ],
          [
            121.555592,
            31.205687
          ],
          [
            121.554697,
            31.2055943
          ],
          [
            121.5545725,
            31.2055838
          ],
          [
            121.5544774,
            31.2055836
          ]
        ]
      },
      "properties": {
        "osm_id": 1025550797,
        "part": 0,
        "railway": "subway",
        "line_name": "",
        "colour": "#0f766e",
        "route_ids": ""
      }
    },
    {
      "type": "Feature",
      "geometry": {
        "type": "LineString",
        "coordinates": [
          [
            121.5560814,
            31.2039861
          ],
          [
            121.5561138,
            31.2039846
          ],
          [
            121.5565514,
            31.203983
          ],
          [
            121.5569918,
            31.2039813
          ],
          [
            121.5572594,
            31.2039619
          ]
        ]
      },
      "properties": {
        "osm_id": 1025550798,
        "part": 0,
        "railway": "subway",
        "line_name": "",
        "colour": "#0f766e",
        "route_ids": ""
      }
    },
    {
      "type": "Feature",
      "geometry": {
        "type": "LineString",
        "coordinates": [
          [
            121.5560765,
            31.2040312
          ],
          [
            121.5561162,
            31.2040286
          ],
          [
            121.5565514,
            31.203983
          ],
          [
            121.5569876,
            31.2039372
          ],
          [
            121.5572413,
            31.2039189
          ]
        ]
      },
      "properties": {
        "osm_id": 1025550799,
        "part": 0,
        "railway": "subway",
        "line_name": "",
        "colour": "#0f766e",
        "route_ids": ""
      }
    },
    {
      "type": "Feature",
      "geometry": {
        "type": "LineString",
        "coordinates": [
          [
            121.5527596,
            31.2023827
          ],
          [
            121.5527734,
            31.2023343
          ],
          [
            121.552817,
            31.2019979
          ],
          [
            121.5528337,
            31.2018949
          ],
          [
            121.5528621,
            31.2016622
          ],
          [
            121.5528884,
            31.2014462
          ],
          [
            121.5529108,
            31.2013671
          ],
          [
            121.5529697,
            31.2011581
          ],
          [
            121.5530535,
            31.2008873
          ],
          [
            121.5531289,
            31.2006611
          ],
          [
            121.5531991,
            31.2004863
          ],
          [
            121.5532893,
            31.2002871
          ],
          [
            121.5533286,
            31.2002003
          ],
          [
            121.5533371,
            31.2001815
          ],
          [
            121.5533821,
            31.2000877
          ],
          [
            121.5534848,
            31.1998675
          ],
          [
            121.5535243,
            31.1997836
          ]
        ]
      },
      "properties": {
        "osm_id": 1025550808,
        "part": 0,
        "railway": "subway",
        "line_name": "",
        "colour": "#0f766e",
        "route_ids": ""
      }
    },
    {
      "type": "Feature",
      "geometry": {
        "type": "LineString",
        "coordinates": [
          [
            121.5525554,
            31.2023435
          ],
          [
            121.5525685,
            31.2022982
          ],
          [
            121.5527152,
            31.2019803
          ],
          [
            121.5527582,
            31.2018873
          ],
          [
            121.5528621,
            31.2016622
          ],
          [
            121.5529552,
            31.2014604
          ],
          [
            121.552976,
            31.2013892
          ],
          [
            121.5530125,
            31.201265
          ],
          [
            121.5530815,
            31.2010471
          ],
          [
            121.5531531,
            31.2008494
          ],
          [
            121.5532492,
            31.2006081
          ],
          [
            121.5533529,
            31.2003763
          ],
          [
            121.5533782,
            31.2003248
          ],
          [
            121.5534114,
            31.2002575
          ],
          [
            121.5534736,
            31.2001201
          ],
          [
            121.5535809,
            31.1999129
          ],
          [
            121.5536259,
            31.1998213
          ]
        ]
      },
      "properties": {
        "osm_id": 1025550809,
        "part": 0,
        "railway": "subway",
        "line_name": "",
        "colour": "#0f766e",
        "route_ids": ""
      }
    },
    {
      "type": "Feature",
      "geometry": {
        "type": "LineString",
        "coordinates": [
          [
            121.552976,
            31.2013892
          ],
          [
            121.5529552,
            31.2014604
          ],
          [
            121.5528337,
            31.2018949
          ],
          [
            121.552817,
            31.2019979
          ]
        ]
      },
      "properties": {
        "osm_id": 1025550810,
        "part": 0,
        "railway": "subway",
        "line_name": "",
        "colour": "#0f766e",
        "route_ids": ""
      }
    },
    {
      "type": "Feature",
      "geometry": {
        "type": "LineString",
        "coordinates": [
          [
            121.5527152,
            31.2019803
          ],
          [
            121.5527582,
            31.2018873
          ],
          [
            121.5528884,
            31.2014462
          ],
          [
            121.5529108,
            31.2013671
          ]
        ]
      },
      "properties": {
        "osm_id": 1025550811,
        "part": 0,
        "railway": "subway",
        "line_name": "",
        "colour": "#0f766e",
        "route_ids": ""
      }
    },
    {
      "type": "Feature",
      "geometry": {
        "type": "LineString",
        "coordinates": [
          [
            121.5532893,
            31.2002871
          ],
          [
            121.5533286,
            31.2002003
          ],
          [
            121.5533617,
            31.2000805
          ],
          [
            121.5534546,
            31.1997444
          ],
          [
            121.5534783,
            31.1996829
          ]
        ]
      },
      "properties": {
        "osm_id": 1025550812,
        "part": 0,
        "railway": "subway",
        "line_name": "",
        "colour": "#0f766e",
        "route_ids": ""
      }
    },
    {
      "type": "Feature",
      "geometry": {
        "type": "LineString",
        "coordinates": [
          [
            121.5533782,
            31.2003248
          ],
          [
            121.5534114,
            31.2002575
          ],
          [
            121.5534996,
            31.2001293
          ],
          [
            121.5536977,
            31.1998422
          ],
          [
            121.5537003,
            31.1998353
          ],
          [
            121.5537199,
            31.1997832
          ]
        ]
      },
      "properties": {
        "osm_id": 1025550813,
        "part": 0,
        "railway": "subway",
        "line_name": "",
        "colour": "#0f766e",
        "route_ids": ""
      }
    },
    {
      "type": "Feature",
      "geometry": {
        "type": "LineString",
        "coordinates": [
          [
            121.4,
            31.17385829161506
          ],
          [
            121.4028128,
            31.1744336
          ],
          [
            121.4055666,
            31.1750054
          ],
          [
            121.4119043,
            31.176207
          ],
          [
            121.4141575,
            31.1767584
          ],
          [
            121.4155758,
            31.1771047
          ],
          [
            121.4171193,
            31.1777611
          ],
          [
            121.4187408,
            31.1791499
          ],
          [
            121.419127,
            31.1795538
          ],
          [
            121.4208437,
            31.1828582
          ],
          [
            121.421977,
            31.1848559
          ]
        ]
      },
      "properties": {
        "osm_id": 1029449753,
        "part": 0,
        "railway": "subway",
        "line_name": "9",
        "colour": "#71C5E8",
        "route_ids": "214629"
      }
    },
    {
      "type": "Feature",
      "geometry": {
        "type": "LineString",
        "coordinates": [
          [
            121.4219427,
            31.1848735
          ],
          [
            121.4207914,
            31.1828792
          ],
          [
            121.4190774,
            31.1795799
          ],
          [
            121.4186999,
            31.1791851
          ],
          [
            121.4170412,
            31.1778225
          ],
          [
            121.4155425,
            31.1772202
          ],
          [
            121.4135206,
            31.1767324
          ],
          [
            121.4118635,
            31.1763171
          ],
          [
            121.4077431,
            31.1755206
          ],
          [
            121.4055426,
            31.1750953
          ],
          [
            121.4027892,
            31.1745185
          ],
          [
            121.4,
            31.17395206184543
          ]
        ]
      },
      "properties": {
        "osm_id": 1029449754,
        "part": 0,
        "railway": "subway",
        "line_name": "9",
        "colour": "#71C5E8",
        "route_ids": "7451834"
      }
    },
    {
      "type": "Feature",
      "geometry": {
        "type": "LineString",
        "coordinates": [
          [
            121.420888,
            31.1834876
          ],
          [
            121.4203922,
            31.1835595
          ],
          [
            121.4200702,
            31.1835955
          ],
          [
            121.4196754,
            31.1836268
          ],
          [
            121.4191974,
            31.183656
          ],
          [
            121.4189115,
            31.1836855
          ],
          [
            121.4186366,
            31.183752
          ],
          [
            121.4183473,
            31.1838518
          ],
          [
            121.4181098,
            31.1839547
          ]
        ]
      },
      "properties": {
        "osm_id": 1029462002,
        "part": 0,
        "railway": "subway",
        "line_name": "",
        "colour": "#0f766e",
        "route_ids": ""
      }
    },
    {
      "type": "Feature",
      "geometry": {
        "type": "LineString",
        "coordinates": [
          [
            121.4180842,
            31.1839198
          ],
          [
            121.4183255,
            31.1838136
          ],
          [
            121.4186157,
            31.183713
          ],
          [
            121.4188973,
            31.1836457
          ],
          [
            121.4191931,
            31.1836206
          ],
          [
            121.4196708,
            31.1835902
          ],
          [
            121.4200816,
            31.1835514
          ],
          [
            121.4203914,
            31.183519
          ],
          [
            121.4208802,
            31.1834424
          ]
        ]
      },
      "properties": {
        "osm_id": 1029462003,
        "part": 0,
        "railway": "subway",
        "line_name": "",
        "colour": "#0f766e",
        "route_ids": ""
      }
    },
    {
      "type": "Feature",
      "geometry": {
        "type": "LineString",
        "coordinates": [
          [
            121.4208802,
            31.1834424
          ],
          [
            121.421524,
            31.1833216
          ]
        ]
      },
      "properties": {
        "osm_id": 1029462004,
        "part": 0,
        "railway": "subway",
        "line_name": "",
        "colour": "#0f766e",
        "route_ids": ""
      }
    },
    {
      "type": "Feature",
      "geometry": {
        "type": "LineString",
        "coordinates": [
          [
            121.4215304,
            31.1833608
          ],
          [
            121.420888,
            31.1834876
          ]
        ]
      },
      "properties": {
        "osm_id": 1029462005,
        "part": 0,
        "railway": "subway",
        "line_name": "",
        "colour": "#0f766e",
        "route_ids": ""
      }
    },
    {
      "type": "Feature",
      "geometry": {
        "type": "LineString",
        "coordinates": [
          [
            121.4777886,
            31.1549962
          ],
          [
            121.4766567,
            31.1552752
          ],
          [
            121.4760584,
            31.155421
          ]
        ]
      },
      "properties": {
        "osm_id": 1066594101,
        "part": 0,
        "railway": "subway",
        "line_name": "6",
        "colour": "#D9017A",
        "route_ids": "6840915"
      }
    },
    {
      "type": "Feature",
      "geometry": {
        "type": "LineString",
        "coordinates": [
          [
            121.4760396,
            31.1553749
          ],
          [
            121.4766412,
            31.1552256
          ],
          [
            121.477206,
            31.1550751
          ],
          [
            121.477761,
            31.1549079
          ]
        ]
      },
      "properties": {
        "osm_id": 1066594102,
        "part": 0,
        "railway": "subway",
        "line_name": "6",
        "colour": "#D9017A",
        "route_ids": "214736"
      }
    },
    {
      "type": "Feature",
      "geometry": {
        "type": "LineString",
        "coordinates": [
          [
            121.48601331818182,
            31.14
          ],
          [
            121.4859227,
            31.1402848
          ],
          [
            121.4856818,
            31.1409937
          ],
          [
            121.4848668,
            31.1432582
          ],
          [
            121.4843507,
            31.1447321
          ],
          [
            121.4840857,
            31.145357
          ],
          [
            121.4838835,
            31.1456961
          ],
          [
            121.4836525,
            31.1459833
          ],
          [
            121.4833431,
            31.1463226
          ],
          [
            121.4829869,
            31.1466199
          ],
          [
            121.4825661,
            31.146889
          ],
          [
            121.4820756,
            31.1471376
          ],
          [
            121.4816076,
            31.1473099
          ],
          [
            121.4811088,
            31.1474375
          ],
          [
            121.4805113,
            31.1475091
          ],
          [
            121.4798239,
            31.1475237
          ],
          [
            121.4761907,
            31.1473251
          ],
          [
            121.4756752,
            31.1473223
          ],
          [
            121.4752429,
            31.1473577
          ],
          [
            121.4748528,
            31.1474147
          ],
          [
            121.4744499,
            31.1475118
          ],
          [
            121.4740188,
            31.1476919
          ],
          [
            121.4736561,
            31.1478843
          ],
          [
            121.4732525,
            31.1481845
          ],
          [
            121.4729653,
            31.1484652
          ],
          [
            121.4726431,
            31.1488256
          ],
          [
            121.4724667,
            31.149126
          ],
          [
            121.4723008,
            31.1494829
          ],
          [
            121.4721887,
            31.1498647
          ],
          [
            121.4721514,
            31.1502067
          ],
          [
            121.4721398,
            31.1505627
          ],
          [
            121.472186,
            31.1509575
          ],
          [
            121.4722644,
            31.1513073
          ],
          [
            121.4724156,
            31.1516704
          ],
          [
            121.4725721,
            31.1519705
          ],
          [
            121.4728193,
            31.1522578
          ],
          [
            121.4733885,
            31.152796
          ],
          [
            121.4741859,
            31.1536526
          ],
          [
            121.4743653,
            31.1538259
          ],
          [
            121.475227,
            31.1547005
          ],
          [
            121.4753649,
            31.1548405
          ],
          [
            121.4758097,
            31.155278
          ]
        ]
      },
      "properties": {
        "osm_id": 1066594108,
        "part": 0,
        "railway": "subway",
        "line_name": "8",
        "colour": "#009FDF",
        "route_ids": "196737"
      }
    },
    {
      "type": "Feature",
      "geometry": {
        "type": "LineString",
        "coordinates": [
          [
            121.4758097,
            31.155278
          ],
          [
            121.4759062,
            31.1553741
          ],
          [
            121.4761032,
            31.1555661
          ]
        ]
      },
      "properties": {
        "osm_id": 1066594109,
        "part": 0,
        "railway": "subway",
        "line_name": "8",
        "colour": "#009FDF",
        "route_ids": "196737"
      }
    },
    {
      "type": "Feature",
      "geometry": {
        "type": "LineString",
        "coordinates": [
          [
            121.4761032,
            31.1555661
          ],
          [
            121.4763885,
            31.1558576
          ],
          [
            121.4774313,
            31.1570394
          ],
          [
            121.477666,
            31.1572443
          ],
          [
            121.4779191,
            31.1574425
          ],
          [
            121.4782319,
            31.1576525
          ],
          [
            121.4786191,
            31.1578626
          ],
          [
            121.4789954,
            31.1580338
          ],
          [
            121.4836438,
            31.1598613
          ],
          [
            121.4843193,
            31.1601339
          ],
          [
            121.4848823,
            31.1603826
          ],
          [
            121.4854317,
            31.1606554
          ],
          [
            121.4861185,
            31.1610066
          ],
          [
            121.4867874,
            31.1613644
          ],
          [
            121.4872306,
            31.1616126
          ],
          [
            121.4875725,
            31.1618361
          ],
          [
            121.4878903,
            31.1620623
          ],
          [
            121.4890354,
            31.1630048
          ],
          [
            121.4896811,
            31.1635553
          ],
          [
            121.4904665,
            31.1643339
          ],
          [
            121.4911373,
            31.1650924
          ],
          [
            121.4916658,
            31.1658905
          ],
          [
            121.4920612,
            31.166786
          ],
          [
            121.4922872,
            31.167764
          ],
          [
            121.492366,
            31.1688725
          ],
          [
            121.4923001,
            31.1701857
          ],
          [
            121.4921777,
            31.1713336
          ]
        ]
      },
      "properties": {
        "osm_id": 1066594232,
        "part": 0,
        "railway": "subway",
        "line_name": "8",
        "colour": "#009FDF",
        "route_ids": "196737"
      }
    },
    {
      "type": "Feature",
      "geometry": {
        "type": "LineString",
        "coordinates": [
          [
            121.4921777,
            31.1713336
          ],
          [
            121.4920489,
            31.1719211
          ],
          [
            121.4918051,
            31.1727625
          ],
          [
            121.4913194,
            31.1743078
          ]
        ]
      },
      "properties": {
        "osm_id": 1066594233,
        "part": 0,
        "railway": "subway",
        "line_name": "8",
        "colour": "#009FDF",
        "route_ids": "196737"
      }
    },
    {
      "type": "Feature",
      "geometry": {
        "type": "LineString",
        "coordinates": [
          [
            121.5212057,
            31.2313551
          ],
          [
            121.5225972,
            31.2306169
          ],
          [
            121.522632,
            31.2305968
          ],
          [
            121.5237947,
            31.2299284
          ]
        ]
      },
      "properties": {
        "osm_id": 1066735050,
        "part": 0,
        "railway": "subway",
        "line_name": "9",
        "colour": "#71C5E8",
        "route_ids": "214629"
      }
    },
    {
      "type": "Feature",
      "geometry": {
        "type": "LineString",
        "coordinates": [
          [
            121.5238224,
            31.229972
          ],
          [
            121.5226629,
            31.2306386
          ],
          [
            121.5226281,
            31.2306586
          ],
          [
            121.5212346,
            31.2313979
          ]
        ]
      },
      "properties": {
        "osm_id": 1066735051,
        "part": 0,
        "railway": "subway",
        "line_name": "9",
        "colour": "#71C5E8",
        "route_ids": "7451834"
      }
    },
    {
      "type": "Feature",
      "geometry": {
        "type": "LineString",
        "coordinates": [
          [
            121.5176067,
            31.1549572
          ],
          [
            121.5176886,
            31.1551995
          ],
          [
            121.5177423,
            31.1556723
          ],
          [
            121.5177337,
            31.1560148
          ]
        ]
      },
      "properties": {
        "osm_id": 1076854085,
        "part": 0,
        "railway": "subway",
        "line_name": "",
        "colour": "#0f766e",
        "route_ids": ""
      }
    },
    {
      "type": "Feature",
      "geometry": {
        "type": "LineString",
        "coordinates": [
          [
            121.5177337,
            31.1560148
          ],
          [
            121.5177276,
            31.1562545
          ]
        ]
      },
      "properties": {
        "osm_id": 1076854086,
        "part": 0,
        "railway": "subway",
        "line_name": "",
        "colour": "#0f766e",
        "route_ids": ""
      }
    },
    {
      "type": "Feature",
      "geometry": {
        "type": "LineString",
        "coordinates": [
          [
            121.5176663,
            31.1571051
          ],
          [
            121.5176657,
            31.1571736
          ],
          [
            121.5176511,
            31.1577346
          ],
          [
            121.5176493,
            31.1580208
          ],
          [
            121.5176463,
            31.1580401
          ],
          [
            121.5175747,
            31.1584663
          ],
          [
            121.5175654,
            31.1590236
          ],
          [
            121.5175395,
            31.1607224
          ]
        ]
      },
      "properties": {
        "osm_id": 1076854087,
        "part": 0,
        "railway": "subway",
        "line_name": "",
        "colour": "#0f766e",
        "route_ids": ""
      }
    },
    {
      "type": "Feature",
      "geometry": {
        "type": "LineString",
        "coordinates": [
          [
            121.5176811,
            31.1560099
          ],
          [
            121.5176743,
            31.1562412
          ]
        ]
      },
      "properties": {
        "osm_id": 1076854088,
        "part": 0,
        "railway": "subway",
        "line_name": "",
        "colour": "#0f766e",
        "route_ids": ""
      }
    },
    {
      "type": "Feature",
      "geometry": {
        "type": "LineString",
        "coordinates": [
          [
            121.5177276,
            31.1562545
          ],
          [
            121.5177208,
            31.1565262
          ],
          [
            121.5177162,
            31.1568825
          ]
        ]
      },
      "properties": {
        "osm_id": 1076854089,
        "part": 0,
        "railway": "subway",
        "line_name": "",
        "colour": "#0f766e",
        "route_ids": ""
      }
    },
    {
      "type": "Feature",
      "geometry": {
        "type": "LineString",
        "coordinates": [
          [
            121.5177162,
            31.1568825
          ],
          [
            121.5177136,
            31.1570853
          ]
        ]
      },
      "properties": {
        "osm_id": 1076854090,
        "part": 0,
        "railway": "subway",
        "line_name": "",
        "colour": "#0f766e",
        "route_ids": ""
      }
    },
    {
      "type": "Feature",
      "geometry": {
        "type": "LineString",
        "coordinates": [
          [
            121.5176743,
            31.1562412
          ],
          [
            121.5176682,
            31.1569009
          ]
        ]
      },
      "properties": {
        "osm_id": 1076854091,
        "part": 0,
        "railway": "subway",
        "line_name": "",
        "colour": "#0f766e",
        "route_ids": ""
      }
    },
    {
      "type": "Feature",
      "geometry": {
        "type": "LineString",
        "coordinates": [
          [
            121.5176682,
            31.1569009
          ],
          [
            121.5176663,
            31.1571051
          ]
        ]
      },
      "properties": {
        "osm_id": 1076854092,
        "part": 0,
        "railway": "subway",
        "line_name": "",
        "colour": "#0f766e",
        "route_ids": ""
      }
    },
    {
      "type": "Feature",
      "geometry": {
        "type": "LineString",
        "coordinates": [
          [
            121.5176171,
            31.1580144
          ],
          [
            121.5176511,
            31.1577346
          ]
        ]
      },
      "properties": {
        "osm_id": 1076854093,
        "part": 0,
        "railway": "subway",
        "line_name": "",
        "colour": "#0f766e",
        "route_ids": ""
      }
    },
    {
      "type": "Feature",
      "geometry": {
        "type": "LineString",
        "coordinates": [
          [
            121.5177412,
            31.1583834
          ],
          [
            121.517749,
            31.1586175
          ],
          [
            121.5177408,
            31.1590218
          ],
          [
            121.5177088,
            31.1607217
          ]
        ]
      },
      "properties": {
        "osm_id": 1076854094,
        "part": 0,
        "railway": "subway",
        "line_name": "",
        "colour": "#0f766e",
        "route_ids": ""
      }
    },
    {
      "type": "Feature",
      "geometry": {
        "type": "LineString",
        "coordinates": [
          [
            121.5178166,
            31.1583163
          ],
          [
            121.5179059,
            31.1585769
          ],
          [
            121.5179413,
            31.1586844
          ],
          [
            121.5179703,
            31.1587835
          ],
          [
            121.5179789,
            31.158944
          ],
          [
            121.5179773,
            31.1590182
          ],
          [
            121.5179762,
            31.1591263
          ],
          [
            121.5179735,
            31.1594456
          ],
          [
            121.5179657,
            31.1599776
          ],
          [
            121.5179489,
            31.1607245
          ]
        ]
      },
      "properties": {
        "osm_id": 1076854095,
        "part": 0,
        "railway": "subway",
        "line_name": "",
        "colour": "#0f766e",
        "route_ids": ""
      }
    },
    {
      "type": "Feature",
      "geometry": {
        "type": "LineString",
        "coordinates": [
          [
            121.45485739821574,
            31.26
          ],
          [
            121.454884,
            31.258975
          ],
          [
            121.4548728,
            31.2573411
          ],
          [
            121.4547409,
            31.2558077
          ],
          [
            121.4545697,
            31.2552717
          ],
          [
            121.4542713,
            31.2547105
          ],
          [
            121.4539167,
            31.2540687
          ],
          [
            121.4530458,
            31.2524756
          ],
          [
            121.4512065,
            31.2491107
          ]
        ]
      },
      "properties": {
        "osm_id": 1119656132,
        "part": 0,
        "railway": "subway",
        "line_name": "1",
        "colour": "#E4002B",
        "route_ids": "199200"
      }
    },
    {
      "type": "Feature",
      "geometry": {
        "type": "LineString",
        "coordinates": [
          [
            121.4512676,
            31.2490863
          ],
          [
            121.4539777,
            31.2540442
          ],
          [
            121.4543325,
            31.2546863
          ],
          [
            121.4546333,
            31.2552521
          ],
          [
            121.4548076,
            31.2557979
          ],
          [
            121.4549402,
            31.2573391
          ],
          [
            121.45492318879768,
            31.26
          ]
        ]
      },
      "properties": {
        "osm_id": 1119656133,
        "part": 0,
        "railway": "subway",
        "line_name": "1",
        "colour": "#E4002B",
        "route_ids": "6800210"
      }
    },
    {
      "type": "Feature",
      "geometry": {
        "type": "LineString",
        "coordinates": [
          [
            121.4720884,
            31.2328012
          ],
          [
            121.4736741,
            31.2310843
          ],
          [
            121.473894,
            31.2307885
          ],
          [
            121.4749042,
            31.2291352
          ],
          [
            121.4755613,
            31.228009
          ],
          [
            121.4759791,
            31.2272579
          ],
          [
            121.4764075,
            31.2261224
          ],
          [
            121.4768257,
            31.2251615
          ],
          [
            121.476901,
            31.2244281
          ],
          [
            121.4772133,
            31.2225031
          ],
          [
            121.4784267,
            31.2208086
          ],
          [
            121.4791571,
            31.2196203
          ],
          [
            121.4799281,
            31.2182871
          ],
          [
            121.4808194,
            31.2162862
          ],
          [
            121.4811007,
            31.215579
          ],
          [
            121.4813151,
            31.2144491
          ]
        ]
      },
      "properties": {
        "osm_id": 1125197444,
        "part": 0,
        "railway": "subway",
        "line_name": "8",
        "colour": "#009FDF",
        "route_ids": "7451832"
      }
    },
    {
      "type": "Feature",
      "geometry": {
        "type": "LineString",
        "coordinates": [
          [
            121.4813719,
            31.2144587
          ],
          [
            121.481157,
            31.215591
          ],
          [
            121.4808738,
            31.216303
          ],
          [
            121.4799811,
            31.2183069
          ],
          [
            121.4792086,
            31.2196428
          ],
          [
            121.4784849,
            31.2208201
          ],
          [
            121.4772689,
            31.2225201
          ],
          [
            121.4769585,
            31.2244337
          ],
          [
            121.4768826,
            31.2251725
          ],
          [
            121.4764621,
            31.2261386
          ],
          [
            121.4760329,
            31.2272762
          ],
          [
            121.4756133,
            31.2280307
          ],
          [
            121.4752966,
            31.2285658
          ],
          [
            121.474956,
            31.2291572
          ],
          [
            121.4739338,
            31.2308177
          ],
          [
            121.4737221,
            31.2311099
          ],
          [
            121.4721498,
            31.2328474
          ]
        ]
      },
      "properties": {
        "osm_id": 1125197445,
        "part": 0,
        "railway": "subway",
        "line_name": "8",
        "colour": "#009FDF",
        "route_ids": "196737"
      }
    },
    {
      "type": "Feature",
      "geometry": {
        "type": "LineString",
        "coordinates": [
          [
            121.4817836,
            31.2133668
          ],
          [
            121.4815219,
            31.213833
          ],
          [
            121.4814957,
            31.2138797
          ],
          [
            121.4814746,
            31.2139173
          ],
          [
            121.4813719,
            31.2144587
          ]
        ]
      },
      "properties": {
        "osm_id": 1125197446,
        "part": 0,
        "railway": "subway",
        "line_name": "8",
        "colour": "#009FDF",
        "route_ids": "196737"
      }
    },
    {
      "type": "Feature",
      "geometry": {
        "type": "LineString",
        "coordinates": [
          [
            121.4813151,
            31.2144491
          ],
          [
            121.4814189,
            31.2139023
          ],
          [
            121.4814357,
            31.2138723
          ],
          [
            121.4814619,
            31.2138257
          ],
          [
            121.4815864,
            31.2136039
          ],
          [
            121.4817311,
            31.2133461
          ]
        ]
      },
      "properties": {
        "osm_id": 1125197447,
        "part": 0,
        "railway": "subway",
        "line_name": "8",
        "colour": "#009FDF",
        "route_ids": "7451832"
      }
    },
    {
      "type": "Feature",
      "geometry": {
        "type": "LineString",
        "coordinates": [
          [
            121.5203231,
            31.2318161
          ],
          [
            121.5188081,
            31.2324013
          ],
          [
            121.5161596,
            31.2332369
          ],
          [
            121.5155878,
            31.2334046
          ],
          [
            121.5152415,
            31.2334227
          ],
          [
            121.5148814,
            31.2333836
          ],
          [
            121.5141551,
            31.233191
          ],
          [
            121.5131802,
            31.232881
          ],
          [
            121.5127453,
            31.232735
          ],
          [
            121.511807,
            31.2324199
          ],
          [
            121.5111068,
            31.2321995
          ],
          [
            121.5097008,
            31.2317308
          ],
          [
            121.5090431,
            31.231553
          ],
          [
            121.5086861,
            31.2314679
          ],
          [
            121.5082718,
            31.2313952
          ],
          [
            121.5078526,
            31.2313267
          ],
          [
            121.5064445,
            31.2310839
          ],
          [
            121.5059297,
            31.2309372
          ],
          [
            121.5055771,
            31.230806
          ],
          [
            121.5045829,
            31.2303443
          ],
          [
            121.5031436,
            31.2295847
          ],
          [
            121.5027042,
            31.2293172
          ],
          [
            121.5022762,
            31.2289412
          ],
          [
            121.5017594,
            31.2284697
          ],
          [
            121.4988533,
            31.2258779
          ],
          [
            121.4984832,
            31.2256422
          ],
          [
            121.4975018,
            31.2250659
          ],
          [
            121.4968951,
            31.2247784
          ],
          [
            121.4964721,
            31.2245913
          ],
          [
            121.4957845,
            31.2243555
          ],
          [
            121.4954835,
            31.2242139
          ]
        ]
      },
      "properties": {
        "osm_id": 1125197451,
        "part": 0,
        "railway": "subway",
        "line_name": "9",
        "colour": "#71C5E8",
        "route_ids": "7451834"
      }
    },
    {
      "type": "Feature",
      "geometry": {
        "type": "LineString",
        "coordinates": [
          [
            121.4955152,
            31.2241725
          ],
          [
            121.4958092,
            31.2243108
          ],
          [
            121.4964962,
            31.2245464
          ],
          [
            121.4969224,
            31.2247349
          ],
          [
            121.4975322,
            31.2250239
          ],
          [
            121.4985168,
            31.225602
          ],
          [
            121.4988916,
            31.2258408
          ],
          [
            121.5018013,
            31.2284357
          ],
          [
            121.5023179,
            31.2289071
          ],
          [
            121.5027419,
            31.2292796
          ],
          [
            121.5031755,
            31.2295435
          ],
          [
            121.5046119,
            31.2303016
          ],
          [
            121.505558,
            31.2307258
          ],
          [
            121.5059641,
            31.2308653
          ],
          [
            121.5064719,
            31.2309752
          ],
          [
            121.5079873,
            31.2312261
          ],
          [
            121.5084297,
            31.2313067
          ],
          [
            121.5088771,
            31.2313937
          ],
          [
            121.5093171,
            31.2314996
          ],
          [
            121.5097571,
            31.2316203
          ],
          [
            121.5104967,
            31.2318591
          ],
          [
            121.5111565,
            31.23208
          ],
          [
            121.5118575,
            31.2323077
          ],
          [
            121.5137197,
            31.2329197
          ],
          [
            121.5138738,
            31.2329703
          ],
          [
            121.5143498,
            31.2331189
          ],
          [
            121.5148933,
            31.2332647
          ],
          [
            121.5152259,
            31.2332985
          ],
          [
            121.5155414,
            31.2332955
          ],
          [
            121.5161449,
            31.2331889
          ],
          [
            121.5187862,
            31.2323556
          ],
          [
            121.5202975,
            31.2317718
          ]
        ]
      },
      "properties": {
        "osm_id": 1125197452,
        "part": 0,
        "railway": "subway",
        "line_name": "9",
        "colour": "#71C5E8",
        "route_ids": "214629"
      }
    },
    {
      "type": "Feature",
      "geometry": {
        "type": "LineString",
        "coordinates": [
          [
            121.4804886,
            31.2136923
          ],
          [
            121.4811531,
            31.2137878
          ],
          [
            121.4814619,
            31.2138257
          ],
          [
            121.4815219,
            31.213833
          ],
          [
            121.4824019,
            31.2139409
          ]
        ]
      },
      "properties": {
        "osm_id": 1125197453,
        "part": 0,
        "railway": "subway",
        "line_name": "9",
        "colour": "#71C5E8",
        "route_ids": "214629"
      }
    },
    {
      "type": "Feature",
      "geometry": {
        "type": "LineString",
        "coordinates": [
          [
            121.4823899,
            31.2139893
          ],
          [
            121.4814957,
            31.2138797
          ],
          [
            121.4814357,
            31.2138723
          ],
          [
            121.4811442,
            31.2138366
          ],
          [
            121.4804834,
            31.2137416
          ]
        ]
      },
      "properties": {
        "osm_id": 1125197454,
        "part": 0,
        "railway": "subway",
        "line_name": "9",
        "colour": "#71C5E8",
        "route_ids": "7451834"
      }
    },
    {
      "type": "Feature",
      "geometry": {
        "type": "LineString",
        "coordinates": [
          [
            121.5347364,
            31.2457327
          ],
          [
            121.5341209,
            31.2455451
          ],
          [
            121.5321276,
            31.2449541
          ],
          [
            121.5300488,
            31.2443948
          ],
          [
            121.5299548,
            31.244369
          ],
          [
            121.5264859,
            31.2434181
          ],
          [
            121.5255859,
            31.2431808
          ],
          [
            121.5252914,
            31.2431043
          ],
          [
            121.5249798,
            31.2430267
          ],
          [
            121.524635,
            31.2429751
          ],
          [
            121.5238155,
            31.2429311
          ],
          [
            121.5231339,
            31.2429017
          ],
          [
            121.5197658,
            31.2428204
          ],
          [
            121.5181912,
            31.2427843
          ]
        ]
      },
      "properties": {
        "osm_id": 1228278550,
        "part": 0,
        "railway": "subway",
        "line_name": "14",
        "colour": "#827a04",
        "route_ids": "10557250"
      }
    },
    {
      "type": "Feature",
      "geometry": {
        "type": "LineString",
        "coordinates": [
          [
            121.5182036,
            31.242677
          ],
          [
            121.5197693,
            31.2427126
          ],
          [
            121.5231389,
            31.2427939
          ],
          [
            121.5238245,
            31.2428235
          ],
          [
            121.52448,
            31.242875
          ],
          [
            121.5248407,
            31.2429071
          ],
          [
            121.5251032,
            31.2429474
          ],
          [
            121.5253508,
            31.243006
          ],
          [
            121.5256193,
            31.2430768
          ],
          [
            121.5265292,
            31.2433245
          ],
          [
            121.5300138,
            31.2442721
          ],
          [
            121.5300869,
            31.244292
          ],
          [
            121.5321672,
            31.2448518
          ],
          [
            121.5341628,
            31.2454434
          ],
          [
            121.5347877,
            31.2456199
          ]
        ]
      },
      "properties": {
        "osm_id": 1228278551,
        "part": 0,
        "railway": "subway",
        "line_name": "14",
        "colour": "#827a04",
        "route_ids": "10557251"
      }
    },
    {
      "type": "Feature",
      "geometry": {
        "type": "LineString",
        "coordinates": [
          [
            121.5181912,
            31.2427843
          ],
          [
            121.5170644,
            31.2426981
          ],
          [
            121.5159967,
            31.2426289
          ],
          [
            121.51534,
            31.2425526
          ],
          [
            121.514953,
            31.2424962
          ],
          [
            121.5144369,
            31.2424096
          ],
          [
            121.5138486,
            31.2422734
          ],
          [
            121.5120195,
            31.2417597
          ]
        ]
      },
      "properties": {
        "osm_id": 1228278552,
        "part": 0,
        "railway": "subway",
        "line_name": "14",
        "colour": "#827a04",
        "route_ids": "10557250"
      }
    },
    {
      "type": "Feature",
      "geometry": {
        "type": "LineString",
        "coordinates": [
          [
            121.5120777,
            31.2416577
          ],
          [
            121.5139174,
            31.2421549
          ],
          [
            121.5144667,
            31.2422745
          ],
          [
            121.5149527,
            31.2423591
          ],
          [
            121.515427,
            31.2424309
          ],
          [
            121.5159866,
            31.2424978
          ],
          [
            121.517078,
            31.2425909
          ],
          [
            121.5182036,
            31.242677
          ]
        ]
      },
      "properties": {
        "osm_id": 1228278553,
        "part": 0,
        "railway": "subway",
        "line_name": "14",
        "colour": "#827a04",
        "route_ids": "10557251"
      }
    },
    {
      "type": "Feature",
      "geometry": {
        "type": "LineString",
        "coordinates": [
          [
            121.4738575,
            31.2546872
          ],
          [
            121.4735662,
            31.2544861
          ],
          [
            121.4733427,
            31.2543556
          ],
          [
            121.4730937,
            31.2542289
          ],
          [
            121.4726464,
            31.2540307
          ],
          [
            121.4723926,
            31.2539157
          ],
          [
            121.4721444,
            31.2537892
          ],
          [
            121.4710848,
            31.2531988
          ],
          [
            121.4709416,
            31.2531191
          ],
          [
            121.4706842,
            31.2529631
          ],
          [
            121.4704625,
            31.2528141
          ],
          [
            121.4702236,
            31.2526422
          ],
          [
            121.4699805,
            31.2524717
          ],
          [
            121.4696144,
            31.2522109
          ]
        ]
      },
      "properties": {
        "osm_id": 1294959739,
        "part": 0,
        "railway": "subway",
        "line_name": "4",
        "colour": "#5F259F",
        "route_ids": "7448423"
      }
    },
    {
      "type": "Feature",
      "geometry": {
        "type": "LineString",
        "coordinates": [
          [
            121.4732492,
            31.2542557
          ],
          [
            121.4711594,
            31.25308
          ],
          [
            121.4696144,
            31.2522109
          ]
        ]
      },
      "properties": {
        "osm_id": 1294959740,
        "part": 0,
        "railway": "subway",
        "line_name": "3",
        "colour": "#FFD100",
        "route_ids": "196738"
      }
    },
    {
      "type": "Feature",
      "geometry": {
        "type": "LineString",
        "coordinates": [
          [
            121.4225343,
            31.1891016
          ],
          [
            121.4224137,
            31.1892449
          ],
          [
            121.422327,
            31.1893363
          ],
          [
            121.4222885,
            31.1893769
          ],
          [
            121.4221182,
            31.1895644
          ],
          [
            121.4219754,
            31.1897295
          ],
          [
            121.4216811,
            31.1900867
          ],
          [
            121.4213571,
            31.1904741
          ],
          [
            121.4213226,
            31.1905179
          ],
          [
            121.4207938,
            31.19119
          ],
          [
            121.4206759,
            31.1913436
          ],
          [
            121.4205748,
            31.1914829
          ],
          [
            121.4199383,
            31.1924096
          ],
          [
            121.4194193,
            31.1931699
          ],
          [
            121.4191759,
            31.1935274
          ],
          [
            121.4189526,
            31.1938535
          ]
        ]
      },
      "properties": {
        "osm_id": 1303209670,
        "part": 0,
        "railway": "subway",
        "line_name": "4",
        "colour": "#5F259F",
        "route_ids": "196854"
      }
    },
    {
      "type": "Feature",
      "geometry": {
        "type": "LineString",
        "coordinates": [
          [
            121.4328872,
            31.1847674
          ],
          [
            121.4318042,
            31.1845786
          ],
          [
            121.4314468,
            31.1845382
          ],
          [
            121.4309774,
            31.1844977
          ],
          [
            121.4304039,
            31.1844724
          ],
          [
            121.4297283,
            31.1844718
          ],
          [
            121.4291943,
            31.1845033
          ],
          [
            121.4287963,
            31.1845438
          ],
          [
            121.4283755,
            31.1846095
          ],
          [
            121.4279941,
            31.1847051
          ],
          [
            121.4276788,
            31.1848084
          ],
          [
            121.4273692,
            31.1849223
          ],
          [
            121.4270898,
            31.1850711
          ],
          [
            121.4268185,
            31.1852431
          ],
          [
            121.4265624,
            31.1854158
          ],
          [
            121.426002,
            31.1858367
          ],
          [
            121.4246266,
            31.1869895
          ],
          [
            121.4240942,
            31.1874566
          ],
          [
            121.4238082,
            31.1877167
          ],
          [
            121.423573,
            31.1879491
          ],
          [
            121.4233974,
            31.1881332
          ],
          [
            121.4232778,
            31.1882676
          ],
          [
            121.4225343,
            31.1891016
          ]
        ]
      },
      "properties": {
        "osm_id": 1303209671,
        "part": 0,
        "railway": "subway",
        "line_name": "4",
        "colour": "#5F259F",
        "route_ids": "196854"
      }
    },
    {
      "type": "Feature",
      "geometry": {
        "type": "LineString",
        "coordinates": [
          [
            121.4187603,
            31.1938648
          ],
          [
            121.4190258,
            31.19349
          ],
          [
            121.4192646,
            31.1931346
          ],
          [
            121.4195192,
            31.1927675
          ],
          [
            121.4198267,
            31.192327
          ],
          [
            121.4200764,
            31.1919473
          ],
          [
            121.4201925,
            31.1917643
          ],
          [
            121.4202561,
            31.1916561
          ],
          [
            121.4203491,
            31.1914854
          ],
          [
            121.4204388,
            31.1913479
          ],
          [
            121.4205221,
            31.1912407
          ],
          [
            121.4205986,
            31.1911608
          ],
          [
            121.4206918,
            31.1910747
          ],
          [
            121.4210265,
            31.1907763
          ],
          [
            121.4211231,
            31.1906869
          ],
          [
            121.4212065,
            31.1906013
          ],
          [
            121.4212756,
            31.1905146
          ],
          [
            121.4214881,
            31.1902171
          ],
          [
            121.4217561,
            31.189857
          ],
          [
            121.4220193,
            31.1895181
          ],
          [
            121.4222111,
            31.1892825
          ],
          [
            121.4222448,
            31.189244
          ],
          [
            121.4226452,
            31.1887868
          ],
          [
            121.4227366,
            31.1886824
          ],
          [
            121.4232867,
            31.1880675
          ],
          [
            121.423464,
            31.1878754
          ],
          [
            121.423698,
            31.1876408
          ],
          [
            121.4239457,
            31.1873861
          ],
          [
            121.4242326,
            31.187093
          ],
          [
            121.4244597,
            31.1868683
          ],
          [
            121.4246487,
            31.1866828
          ],
          [
            121.4249383,
            31.1864162
          ],
          [
            121.4251171,
            31.1862637
          ],
          [
            121.4253508,
            31.1860658
          ],
          [
            121.4256634,
            31.1858214
          ],
          [
            121.4259194,
            31.1856095
          ],
          [
            121.4261528,
            31.1854247
          ],
          [
            121.4265352,
            31.185143
          ],
          [
            121.426767,
            31.1849991
          ],
          [
            121.4270401,
            31.1847994
          ],
          [
            121.4272629,
            31.1846722
          ],
          [
            121.4274519,
            31.1845842
          ],
          [
            121.4276575,
            31.1845157
          ],
          [
            121.4279016,
            31.1844496
          ],
          [
            121.4281318,
            31.1844105
          ],
          [
            121.4284252,
            31.1843832
          ],
          [
            121.4288263,
            31.1843664
          ],
          [
            121.4294887,
            31.1843624
          ],
          [
            121.430003,
            31.1843753
          ],
          [
            121.4304909,
            31.1843944
          ],
          [
            121.4309761,
            31.1844229
          ],
          [
            121.4312475,
            31.1844449
          ],
          [
            121.4314268,
            31.1844594
          ],
          [
            121.4317926,
            31.1845118
          ],
          [
            121.4319934,
            31.1845406
          ],
          [
            121.4329089,
            31.1847057
          ]
        ]
      },
      "properties": {
        "osm_id": 1303209672,
        "part": 0,
        "railway": "subway",
        "line_name": "4",
        "colour": "#5F259F",
        "route_ids": "7448423"
      }
    },
    {
      "type": "Feature",
      "geometry": {
        "type": "LineString",
        "coordinates": [
          [
            121.4248253,
            31.1561422
          ],
          [
            121.4246467,
            31.1560864
          ],
          [
            121.4245473,
            31.1560667
          ],
          [
            121.4244309,
            31.1560333
          ]
        ]
      },
      "properties": {
        "osm_id": 1340160964,
        "part": 0,
        "railway": "subway",
        "line_name": "",
        "colour": "#0f766e",
        "route_ids": ""
      }
    },
    {
      "type": "Feature",
      "geometry": {
        "type": "LineString",
        "coordinates": [
          [
            121.4180918,
            31.1524932
          ],
          [
            121.4178723,
            31.152293
          ],
          [
            121.4166785,
            31.151184
          ],
          [
            121.4117816,
            31.1465815
          ],
          [
            121.411553,
            31.1463578
          ],
          [
            121.4113498,
            31.1461081
          ],
          [
            121.4107042,
            31.1452795
          ],
          [
            121.4104632,
            31.1450132
          ],
          [
            121.4102031,
            31.1447554
          ],
          [
            121.4101876,
            31.1447411
          ]
        ]
      },
      "properties": {
        "osm_id": 1356811211,
        "part": 0,
        "railway": "subway",
        "line_name": "1",
        "colour": "#E4002B",
        "route_ids": "199200,14974356"
      }
    },
    {
      "type": "Feature",
      "geometry": {
        "type": "LineString",
        "coordinates": [
          [
            121.4101876,
            31.1447411
          ],
          [
            121.4094802,
            31.1440955
          ],
          [
            121.4088075,
            31.1434119
          ]
        ]
      },
      "properties": {
        "osm_id": 1356811212,
        "part": 0,
        "railway": "subway",
        "line_name": "1",
        "colour": "#E4002B",
        "route_ids": "199200,14974356"
      }
    },
    {
      "type": "Feature",
      "geometry": {
        "type": "LineString",
        "coordinates": [
          [
            121.40532903480609,
            31.14
          ],
          [
            121.4056435,
            31.1403297
          ],
          [
            121.407698,
            31.1422954
          ],
          [
            121.4083093,
            31.1428733
          ],
          [
            121.4086842,
            31.1432285
          ],
          [
            121.4088381,
            31.1433883
          ]
        ]
      },
      "properties": {
        "osm_id": 1356811213,
        "part": 0,
        "railway": "subway",
        "line_name": "1",
        "colour": "#E4002B",
        "route_ids": "6800210,14974357"
      }
    },
    {
      "type": "Feature",
      "geometry": {
        "type": "LineString",
        "coordinates": [
          [
            121.4088381,
            31.1433883
          ],
          [
            121.4095046,
            31.1440802
          ],
          [
            121.4102246,
            31.1447125
          ]
        ]
      },
      "properties": {
        "osm_id": 1356811214,
        "part": 0,
        "railway": "subway",
        "line_name": "1",
        "colour": "#E4002B",
        "route_ids": "6800210,14974357"
      }
    },
    {
      "type": "Feature",
      "geometry": {
        "type": "LineString",
        "coordinates": [
          [
            121.4755367,
            31.155502
          ],
          [
            121.4760396,
            31.1553749
          ]
        ]
      },
      "properties": {
        "osm_id": 1359266595,
        "part": 0,
        "railway": "subway",
        "line_name": "上海地铁6号线",
        "colour": "#0f766e",
        "route_ids": ""
      }
    },
    {
      "type": "Feature",
      "geometry": {
        "type": "LineString",
        "coordinates": [
          [
            121.4755515,
            31.1555421
          ],
          [
            121.4752561,
            31.1556151
          ],
          [
            121.4737859,
            31.1559884
          ]
        ]
      },
      "properties": {
        "osm_id": 1359266596,
        "part": 0,
        "railway": "subway",
        "line_name": "上海地铁6号线",
        "colour": "#0f766e",
        "route_ids": ""
      }
    },
    {
      "type": "Feature",
      "geometry": {
        "type": "LineString",
        "coordinates": [
          [
            121.4760584,
            31.155421
          ],
          [
            121.4755515,
            31.1555421
          ]
        ]
      },
      "properties": {
        "osm_id": 1359266597,
        "part": 0,
        "railway": "subway",
        "line_name": "上海地铁6号线",
        "colour": "#0f766e",
        "route_ids": ""
      }
    },
    {
      "type": "Feature",
      "geometry": {
        "type": "LineString",
        "coordinates": [
          [
            121.4755367,
            31.155502
          ],
          [
            121.4752364,
            31.1555774
          ],
          [
            121.4729358,
            31.1561404
          ],
          [
            121.4720242,
            31.1563635
          ]
        ]
      },
      "properties": {
        "osm_id": 1359266598,
        "part": 0,
        "railway": "subway",
        "line_name": "上海地铁6号线",
        "colour": "#0f766e",
        "route_ids": ""
      }
    },
    {
      "type": "Feature",
      "geometry": {
        "type": "LineString",
        "coordinates": [
          [
            121.4752364,
            31.1555774
          ],
          [
            121.4753932,
            31.1555599
          ],
          [
            121.4755515,
            31.1555421
          ]
        ]
      },
      "properties": {
        "osm_id": 1359266599,
        "part": 0,
        "railway": "subway",
        "line_name": "",
        "colour": "#0f766e",
        "route_ids": ""
      }
    },
    {
      "type": "Feature",
      "geometry": {
        "type": "LineString",
        "coordinates": [
          [
            121.4755367,
            31.155502
          ],
          [
            121.4753932,
            31.1555599
          ],
          [
            121.4752561,
            31.1556151
          ]
        ]
      },
      "properties": {
        "osm_id": 1359266600,
        "part": 0,
        "railway": "subway",
        "line_name": "",
        "colour": "#0f766e",
        "route_ids": ""
      }
    },
    {
      "type": "Feature",
      "geometry": {
        "type": "LineString",
        "coordinates": [
          [
            121.4768964,
            31.1565814
          ],
          [
            121.4765492,
            31.1562908
          ],
          [
            121.4763861,
            31.1561787
          ],
          [
            121.476223,
            31.1560943
          ],
          [
            121.4760342,
            31.1560263
          ],
          [
            121.4758346,
            31.1559786
          ],
          [
            121.4756415,
            31.1559511
          ],
          [
            121.4753969,
            31.1559455
          ],
          [
            121.4734464,
            31.1560869
          ],
          [
            121.4732082,
            31.1561071
          ],
          [
            121.4729358,
            31.1561404
          ]
        ]
      },
      "properties": {
        "osm_id": 1359266602,
        "part": 0,
        "railway": "subway",
        "line_name": "",
        "colour": "#0f766e",
        "route_ids": ""
      }
    },
    {
      "type": "Feature",
      "geometry": {
        "type": "LineString",
        "coordinates": [
          [
            121.4748715,
            31.154468
          ],
          [
            121.4746929,
            31.1542889
          ],
          [
            121.4737071,
            31.1533004
          ]
        ]
      },
      "properties": {
        "osm_id": 1359266603,
        "part": 0,
        "railway": "subway",
        "line_name": "",
        "colour": "#0f766e",
        "route_ids": ""
      }
    },
    {
      "type": "Feature",
      "geometry": {
        "type": "LineString",
        "coordinates": [
          [
            121.4737413,
            31.1532809
          ],
          [
            121.4747124,
            31.1542565
          ],
          [
            121.4749056,
            31.1544499
          ]
        ]
      },
      "properties": {
        "osm_id": 1359266604,
        "part": 0,
        "railway": "subway",
        "line_name": "",
        "colour": "#0f766e",
        "route_ids": ""
      }
    },
    {
      "type": "Feature",
      "geometry": {
        "type": "LineString",
        "coordinates": [
          [
            121.4750946,
            31.1547574
          ],
          [
            121.4748715,
            31.154468
          ],
          [
            121.4747947,
            31.154366
          ],
          [
            121.4747124,
            31.1542565
          ]
        ]
      },
      "properties": {
        "osm_id": 1359266605,
        "part": 0,
        "railway": "subway",
        "line_name": "",
        "colour": "#0f766e",
        "route_ids": ""
      }
    },
    {
      "type": "Feature",
      "geometry": {
        "type": "LineString",
        "coordinates": [
          [
            121.4746929,
            31.1542889
          ],
          [
            121.4747947,
            31.154366
          ],
          [
            121.4749056,
            31.1544499
          ],
          [
            121.475227,
            31.1547005
          ]
        ]
      },
      "properties": {
        "osm_id": 1359266606,
        "part": 0,
        "railway": "subway",
        "line_name": "",
        "colour": "#0f766e",
        "route_ids": ""
      }
    },
    {
      "type": "Feature",
      "geometry": {
        "type": "LineString",
        "coordinates": [
          [
            121.4792519,
            31.1862471
          ],
          [
            121.4794074,
            31.1857834
          ],
          [
            121.4795323,
            31.185411
          ],
          [
            121.4800804,
            31.1837768
          ],
          [
            121.4801903,
            31.1834489
          ],
          [
            121.4803431,
            31.1829934
          ]
        ]
      },
      "properties": {
        "osm_id": 1359273470,
        "part": 0,
        "railway": "subway",
        "line_name": "",
        "colour": "#0f766e",
        "route_ids": ""
      }
    },
    {
      "type": "Feature",
      "geometry": {
        "type": "LineString",
        "coordinates": [
          [
            121.4792594,
            31.186089
          ],
          [
            121.4794074,
            31.1857834
          ]
        ]
      },
      "properties": {
        "osm_id": 1359273471,
        "part": 0,
        "railway": "subway",
        "line_name": "",
        "colour": "#0f766e",
        "route_ids": ""
      }
    },
    {
      "type": "Feature",
      "geometry": {
        "type": "LineString",
        "coordinates": [
          [
            121.4794259,
            31.1861644
          ],
          [
            121.4795323,
            31.185411
          ]
        ]
      },
      "properties": {
        "osm_id": 1359273472,
        "part": 0,
        "railway": "subway",
        "line_name": "",
        "colour": "#0f766e",
        "route_ids": ""
      }
    },
    {
      "type": "Feature",
      "geometry": {
        "type": "LineString",
        "coordinates": [
          [
            121.4801903,
            31.1834489
          ],
          [
            121.4802378,
            31.1831509
          ]
        ]
      },
      "properties": {
        "osm_id": 1359273473,
        "part": 0,
        "railway": "subway",
        "line_name": "",
        "colour": "#0f766e",
        "route_ids": ""
      }
    },
    {
      "type": "Feature",
      "geometry": {
        "type": "LineString",
        "coordinates": [
          [
            121.4800804,
            31.1837768
          ],
          [
            121.4804143,
            31.1831925
          ]
        ]
      },
      "properties": {
        "osm_id": 1359273474,
        "part": 0,
        "railway": "subway",
        "line_name": "",
        "colour": "#0f766e",
        "route_ids": ""
      }
    },
    {
      "type": "Feature",
      "geometry": {
        "type": "LineString",
        "coordinates": [
          [
            121.5127453,
            31.232735
          ],
          [
            121.5137197,
            31.2329197
          ]
        ]
      },
      "properties": {
        "osm_id": 1359488783,
        "part": 0,
        "railway": "subway",
        "line_name": "",
        "colour": "#0f766e",
        "route_ids": ""
      }
    },
    {
      "type": "Feature",
      "geometry": {
        "type": "LineString",
        "coordinates": [
          [
            121.4940559,
            31.2219294
          ],
          [
            121.4942482,
            31.2225648
          ],
          [
            121.4944768,
            31.2232046
          ],
          [
            121.4946638,
            31.2235067
          ],
          [
            121.4949444,
            31.2237955
          ],
          [
            121.4955152,
            31.2241725
          ]
        ]
      },
      "properties": {
        "osm_id": 1360101970,
        "part": 0,
        "railway": "subway",
        "line_name": "9",
        "colour": "#71C5E8",
        "route_ids": "214629"
      }
    },
    {
      "type": "Feature",
      "geometry": {
        "type": "LineString",
        "coordinates": [
          [
            121.4824019,
            31.2139409
          ],
          [
            121.4857746,
            31.2143543
          ],
          [
            121.4883066,
            31.2146846
          ],
          [
            121.4902378,
            31.2149415
          ],
          [
            121.4920402,
            31.215749
          ],
          [
            121.4926816,
            31.2163683
          ],
          [
            121.4933706,
            31.2170336
          ],
          [
            121.4940157,
            31.2187675
          ],
          [
            121.4940871,
            31.2190057
          ],
          [
            121.4940918,
            31.2193424
          ],
          [
            121.4940975,
            31.2197522
          ],
          [
            121.4940291,
            31.2213063
          ],
          [
            121.4940248,
            31.2214051
          ],
          [
            121.4940559,
            31.2219294
          ]
        ]
      },
      "properties": {
        "osm_id": 1360101971,
        "part": 0,
        "railway": "subway",
        "line_name": "9",
        "colour": "#71C5E8",
        "route_ids": "214629"
      }
    },
    {
      "type": "Feature",
      "geometry": {
        "type": "LineString",
        "coordinates": [
          [
            121.4939985,
            31.2219369
          ],
          [
            121.493967,
            31.2214054
          ],
          [
            121.4939714,
            31.2213045
          ],
          [
            121.4940398,
            31.2197516
          ],
          [
            121.4940341,
            31.219343
          ],
          [
            121.4940295,
            31.2190122
          ],
          [
            121.4939602,
            31.2187811
          ],
          [
            121.4933193,
            31.2170585
          ],
          [
            121.4926384,
            31.216401
          ],
          [
            121.492004,
            31.2157885
          ],
          [
            121.4914737,
            31.2155509
          ],
          [
            121.4902195,
            31.214989
          ],
          [
            121.4882978,
            31.2147334
          ],
          [
            121.4857662,
            31.2144031
          ],
          [
            121.4823899,
            31.2139893
          ]
        ]
      },
      "properties": {
        "osm_id": 1360101972,
        "part": 0,
        "railway": "subway",
        "line_name": "9",
        "colour": "#71C5E8",
        "route_ids": "7451834"
      }
    },
    {
      "type": "Feature",
      "geometry": {
        "type": "LineString",
        "coordinates": [
          [
            121.4954835,
            31.2242139
          ],
          [
            121.4949041,
            31.2238312
          ],
          [
            121.4946156,
            31.2235343
          ],
          [
            121.4944232,
            31.2232235
          ],
          [
            121.4941926,
            31.2225782
          ],
          [
            121.4939985,
            31.2219369
          ]
        ]
      },
      "properties": {
        "osm_id": 1360101973,
        "part": 0,
        "railway": "subway",
        "line_name": "9",
        "colour": "#71C5E8",
        "route_ids": "7451834"
      }
    },
    {
      "type": "Feature",
      "geometry": {
        "type": "LineString",
        "coordinates": [
          [
            121.4512065,
            31.2491107
          ],
          [
            121.450424,
            31.2476804
          ],
          [
            121.4503029,
            31.2473628
          ],
          [
            121.4502887,
            31.2472875
          ],
          [
            121.4502409,
            31.2469663
          ],
          [
            121.4502693,
            31.2465861
          ],
          [
            121.450271,
            31.2465745
          ],
          [
            121.4502872,
            31.2464659
          ],
          [
            121.45031,
            31.2463129
          ],
          [
            121.450354,
            31.2460806
          ],
          [
            121.4504169,
            31.2458102
          ],
          [
            121.4505475,
            31.2454824
          ],
          [
            121.4506727,
            31.2452654
          ],
          [
            121.4508019,
            31.2450535
          ],
          [
            121.4509656,
            31.2448729
          ],
          [
            121.4512261,
            31.2446335
          ],
          [
            121.4514209,
            31.2445033
          ],
          [
            121.4515752,
            31.2444137
          ],
          [
            121.4517468,
            31.2443263
          ],
          [
            121.4518987,
            31.2442666
          ],
          [
            121.4519775,
            31.2442356
          ],
          [
            121.4519932,
            31.2442302
          ],
          [
            121.4523484,
            31.2441081
          ],
          [
            121.4528639,
            31.2439602
          ],
          [
            121.4537124,
            31.2437538
          ],
          [
            121.4553069,
            31.2433557
          ],
          [
            121.4570371,
            31.2428624
          ],
          [
            121.4587379,
            31.2423106
          ],
          [
            121.4619278,
            31.2411963
          ],
          [
            121.4636428,
            31.2405396
          ],
          [
            121.4669575,
            31.2392467
          ],
          [
            121.4680326,
            31.2383707
          ],
          [
            121.4684831,
            31.2378726
          ],
          [
            121.4688767,
            31.2372605
          ],
          [
            121.4691385,
            31.2368369
          ],
          [
            121.4695517,
            31.2361024
          ]
        ]
      },
      "properties": {
        "osm_id": 1389669270,
        "part": 0,
        "railway": "subway",
        "line_name": "1",
        "colour": "#E4002B",
        "route_ids": "199200,14974356"
      }
    },
    {
      "type": "Feature",
      "geometry": {
        "type": "LineString",
        "coordinates": [
          [
            121.4696429,
            31.2361385
          ],
          [
            121.4692506,
            31.2368426
          ],
          [
            121.4690423,
            31.2371855
          ],
          [
            121.4685635,
            31.237935
          ],
          [
            121.4681103,
            31.2384194
          ],
          [
            121.4670041,
            31.2393081
          ],
          [
            121.4636702,
            31.2405923
          ],
          [
            121.4619543,
            31.2412493
          ],
          [
            121.4587626,
            31.2423642
          ],
          [
            121.4570597,
            31.2429167
          ],
          [
            121.455327,
            31.2434107
          ],
          [
            121.4537311,
            31.2438092
          ],
          [
            121.4528839,
            31.2440153
          ],
          [
            121.4523717,
            31.2441622
          ],
          [
            121.4520042,
            31.2442885
          ],
          [
            121.4517782,
            31.2443774
          ],
          [
            121.4516114,
            31.2444623
          ],
          [
            121.4514606,
            31.2445499
          ],
          [
            121.4512718,
            31.2446761
          ],
          [
            121.451017,
            31.2449102
          ],
          [
            121.4508589,
            31.2450847
          ],
          [
            121.4507328,
            31.2452915
          ],
          [
            121.4505972,
            31.2455022
          ],
          [
            121.4504821,
            31.2458252
          ],
          [
            121.4504203,
            31.2460908
          ],
          [
            121.4503767,
            31.2463211
          ],
          [
            121.4503364,
            31.2465916
          ],
          [
            121.4503086,
            31.2469645
          ],
          [
            121.4503554,
            31.2472793
          ],
          [
            121.4503686,
            31.2473492
          ],
          [
            121.4504868,
            31.2476592
          ],
          [
            121.4512676,
            31.2490863
          ]
        ]
      },
      "properties": {
        "osm_id": 1389669271,
        "part": 0,
        "railway": "subway",
        "line_name": "1",
        "colour": "#E4002B",
        "route_ids": "6800210,14974357"
      }
    },
    {
      "type": "Feature",
      "geometry": {
        "type": "LineString",
        "coordinates": [
          [
            121.4698175,
            31.23563
          ],
          [
            121.4708951,
            31.2340677
          ],
          [
            121.471146,
            31.2336915
          ],
          [
            121.4713894,
            31.2333177
          ],
          [
            121.471928,
            31.2327012
          ]
        ]
      },
      "properties": {
        "osm_id": 1389669272,
        "part": 0,
        "railway": "subway",
        "line_name": "1",
        "colour": "#E4002B",
        "route_ids": "199200,14974356"
      }
    },
    {
      "type": "Feature",
      "geometry": {
        "type": "LineString",
        "coordinates": [
          [
            121.4719962,
            31.2327408
          ],
          [
            121.4717852,
            31.2329858
          ],
          [
            121.471454,
            31.2333703
          ],
          [
            121.4709758,
            31.234099
          ],
          [
            121.469912,
            31.2356556
          ]
        ]
      },
      "properties": {
        "osm_id": 1389669273,
        "part": 0,
        "railway": "subway",
        "line_name": "1",
        "colour": "#E4002B",
        "route_ids": "6800210,14974357"
      }
    },
    {
      "type": "Feature",
      "geometry": {
        "type": "LineString",
        "coordinates": [
          [
            121.4670567,
            31.2341965
          ],
          [
            121.4675049,
            31.234406
          ],
          [
            121.467668,
            31.2344856
          ],
          [
            121.468056,
            31.2346819
          ],
          [
            121.4682667,
            31.2347605
          ]
        ]
      },
      "properties": {
        "osm_id": 1389669274,
        "part": 0,
        "railway": "subway",
        "line_name": "",
        "colour": "#0f766e",
        "route_ids": ""
      }
    },
    {
      "type": "Feature",
      "geometry": {
        "type": "LineString",
        "coordinates": [
          [
            121.4669849,
            31.2436044
          ],
          [
            121.4671064,
            31.2430746
          ],
          [
            121.4673122,
            31.2426076
          ],
          [
            121.4680641,
            31.2415816
          ],
          [
            121.4683549,
            31.241076
          ],
          [
            121.4687863,
            31.2401238
          ],
          [
            121.4696715,
            31.2365976
          ],
          [
            121.4697737,
            31.2362007
          ],
          [
            121.469871,
            31.2359301
          ],
          [
            121.4699263,
            31.2358106
          ],
          [
            121.4699945,
            31.2356947
          ]
        ]
      },
      "properties": {
        "osm_id": 1389669275,
        "part": 0,
        "railway": "subway",
        "line_name": "8",
        "colour": "#009FDF",
        "route_ids": "7451832"
      }
    },
    {
      "type": "Feature",
      "geometry": {
        "type": "LineString",
        "coordinates": [
          [
            121.4700726,
            31.2357367
          ],
          [
            121.4700113,
            31.2358422
          ],
          [
            121.4699586,
            31.2359551
          ],
          [
            121.4698621,
            31.2362208
          ],
          [
            121.4697589,
            31.2366
          ],
          [
            121.4688409,
            31.2401401
          ],
          [
            121.4684079,
            31.2410959
          ],
          [
            121.4681147,
            31.2416057
          ],
          [
            121.4673643,
            31.2426297
          ],
          [
            121.4671622,
            31.2430882
          ],
          [
            121.4670423,
            31.2436112
          ]
        ]
      },
      "properties": {
        "osm_id": 1389669276,
        "part": 0,
        "railway": "subway",
        "line_name": "8",
        "colour": "#009FDF",
        "route_ids": "196737"
      }
    },
    {
      "type": "Feature",
      "geometry": {
        "type": "LineString",
        "coordinates": [
          [
            121.4699945,
            31.2356947
          ],
          [
            121.4710582,
            31.2341272
          ],
          [
            121.4715276,
            31.2334084
          ],
          [
            121.471879,
            31.2330279
          ],
          [
            121.4720884,
            31.2328012
          ]
        ]
      },
      "properties": {
        "osm_id": 1389669277,
        "part": 0,
        "railway": "subway",
        "line_name": "8",
        "colour": "#009FDF",
        "route_ids": "7451832"
      }
    },
    {
      "type": "Feature",
      "geometry": {
        "type": "LineString",
        "coordinates": [
          [
            121.4721498,
            31.2328474
          ],
          [
            121.4715986,
            31.2334565
          ],
          [
            121.4711371,
            31.2341554
          ],
          [
            121.4700726,
            31.2357367
          ]
        ]
      },
      "properties": {
        "osm_id": 1389669278,
        "part": 0,
        "railway": "subway",
        "line_name": "8",
        "colour": "#009FDF",
        "route_ids": "196737"
      }
    },
    {
      "type": "Feature",
      "geometry": {
        "type": "LineString",
        "coordinates": [
          [
            121.469912,
            31.2356556
          ],
          [
            121.4696429,
            31.2361385
          ]
        ]
      },
      "properties": {
        "osm_id": 1389669279,
        "part": 0,
        "railway": "subway",
        "line_name": "1",
        "colour": "#E4002B",
        "route_ids": "6800210,14974357"
      }
    },
    {
      "type": "Feature",
      "geometry": {
        "type": "LineString",
        "coordinates": [
          [
            121.4695517,
            31.2361024
          ],
          [
            121.4698175,
            31.23563
          ]
        ]
      },
      "properties": {
        "osm_id": 1389669280,
        "part": 0,
        "railway": "subway",
        "line_name": "1",
        "colour": "#E4002B",
        "route_ids": "199200,14974356"
      }
    },
    {
      "type": "Feature",
      "geometry": {
        "type": "LineString",
        "coordinates": [
          [
            121.4655491,
            31.244189
          ],
          [
            121.4664457,
            31.2443006
          ]
        ]
      },
      "properties": {
        "osm_id": 1503924537,
        "part": 0,
        "railway": "subway",
        "line_name": "12",
        "colour": "#007B5F",
        "route_ids": "5498699"
      }
    },
    {
      "type": "Feature",
      "geometry": {
        "type": "LineString",
        "coordinates": [
          [
            121.5342872,
            31.2487037
          ],
          [
            121.5340168,
            31.2490057
          ],
          [
            121.5336407,
            31.2493571
          ],
          [
            121.5297424,
            31.2522059
          ],
          [
            121.5293424,
            31.2525029
          ],
          [
            121.5290298,
            31.2528147
          ],
          [
            121.5287258,
            31.2531644
          ],
          [
            121.5284102,
            31.2536148
          ],
          [
            121.5273292,
            31.255319
          ],
          [
            121.5265046,
            31.256434
          ],
          [
            121.526101,
            31.2569392
          ],
          [
            121.5258256,
            31.2572703
          ],
          [
            121.5234779,
            31.2599169
          ],
          [
            121.52341533587872,
            31.26
          ]
        ]
      },
      "properties": {
        "osm_id": 1507145927,
        "part": 0,
        "railway": "subway",
        "line_name": "18",
        "colour": "#d6a461",
        "route_ids": "10095916"
      }
    },
    {
      "type": "Feature",
      "geometry": {
        "type": "LineString",
        "coordinates": [
          [
            121.52325915245426,
            31.26
          ],
          [
            121.5233702,
            31.2598525
          ],
          [
            121.5257193,
            31.2572043
          ],
          [
            121.5259942,
            31.2568658
          ],
          [
            121.5263951,
            31.256372
          ],
          [
            121.5272158,
            31.2552622
          ],
          [
            121.528296,
            31.2535591
          ],
          [
            121.5286165,
            31.2531019
          ],
          [
            121.5289271,
            31.2527445
          ],
          [
            121.5292489,
            31.2524235
          ],
          [
            121.5296566,
            31.2521209
          ],
          [
            121.5335492,
            31.2492762
          ],
          [
            121.533916,
            31.2489335
          ],
          [
            121.5341788,
            31.24864
          ]
        ]
      },
      "properties": {
        "osm_id": 1507145928,
        "part": 0,
        "railway": "subway",
        "line_name": "18",
        "colour": "#d6a461",
        "route_ids": "10095917"
      }
    }
  ]
}