{
  "type": "FeatureCollection",
  "features": [
    {
      "type": "Feature",
      "geometry": {
        "type": "Point",
        "coordinates": [
          121.4805959,
          31.2437114
        ]
      },
      "properties": {
        "addr:housenumber": "444"
      }
    },
    {
      "type": "Feature",
      "geometry": {
        "type": "Point",
        "coordinates": [
          121.4716535,
          31.2346453
        ]
      },
      "properties": {
        "addr:housenumber": "290"
      }
    },
    {
      "type": "Feature",
      "geometry": {
        "type": "Point",
        "coordinates": [
          121.4717101,
          31.2367348
        ]
      },
      "properties": {
        "addr:housenumber": "789"
      }
    },
    {
      "type": "Feature",
      "geometry": {
        "type": "Point",
        "coordinates": [
          121.476964,
          31.2352897
        ]
      },
      "properties": {
        "addr:housenumber": "465号"
      }
    },
    {
      "type": "Feature",
      "geometry": {
        "type": "Point",
        "coordinates": [
          121.4889614,
          31.2346608
        ]
      },
      "properties": {
        "addr:housenumber": "141"
      }
    },
    {
      "type": "Feature",
      "geometry": {
        "type": "Point",
        "coordinates": [
          121.4520702,
          31.2320692
        ]
      },
      "properties": {
        "addr:housenumber": "258"
      }
    },
    {
      "type": "Feature",
      "geometry": {
        "type": "Point",
        "coordinates": [
          121.4509634,
          31.2349756
        ]
      },
      "properties": {
        "addr:housenumber": "1051"
      }
    },
    {
      "type": "Feature",
      "geometry": {
        "type": "Point",
        "coordinates": [
          121.5275812,
          31.2430926
        ]
      },
      "properties": {
        "addr:housenumber": "988"
      }
    },
    {
      "type": "Feature",
      "geometry": {
        "type": "Point",
        "coordinates": [
          121.441134,
          31.2258172
        ]
      },
      "properties": {
        "addr:housenumber": "1618"
      }
    },
    {
      "type": "Feature",
      "geometry": {
        "type": "Point",
        "coordinates": [
          121.4294207,
          31.2150625
        ]
      },
      "properties": {
        "addr:housenumber": "203"
      }
    },
    {
      "type": "Feature",
      "geometry": {
        "type": "Point",
        "coordinates": [
          121.4295445,
          31.2153416
        ]
      },
      "properties": {
        "addr:housenumber": "182"
      }
    },
    {
      "type": "Feature",
      "geometry": {
        "type": "Point",
        "coordinates": [
          121.4295843,
          31.2153605
        ]
      },
      "properties": {
        "addr:housenumber": "180"
      }
    },
    {
      "type": "Feature",
      "geometry": {
        "type": "Point",
        "coordinates": [
          121.4295025,
          31.2153269
        ]
      },
      "properties": {
        "addr:housenumber": "184"
      }
    },
    {
      "type": "Feature",
      "geometry": {
        "type": "Point",
        "coordinates": [
          121.4289662,
          31.2217995
        ]
      },
      "properties": {
        "addr:housenumber": "817"
      }
    },
    {
      "type": "Feature",
      "geometry": {
        "type": "Point",
        "coordinates": [
          121.428104,
          31.2215372
        ]
      },
      "properties": {
        "addr:housenumber": "865"
      }
    },
    {
      "type": "Feature",
      "geometry": {
        "type": "Point",
        "coordinates": [
          121.4752428,
          31.237866
        ]
      },
      "properties": {
        "addr:housenumber": "558号"
      }
    },
    {
      "type": "Feature",
      "geometry": {
        "type": "Point",
        "coordinates": [
          121.4723645,
          31.2367321
        ]
      },
      "properties": {
        "addr:housenumber": "700"
      }
    },
    {
      "type": "Feature",
      "geometry": {
        "type": "Point",
        "coordinates": [
          121.4664011,
          31.2062423
        ]
      },
      "properties": {
        "addr:housenumber": "15"
      }
    },
    {
      "type": "Feature",
      "geometry": {
        "type": "Point",
        "coordinates": [
          121.4801517,
          31.2342529
        ]
      },
      "properties": {
        "addr:housenumber": "339"
      }
    },
    {
      "type": "Feature",
      "geometry": {
        "type": "Point",
        "coordinates": [
          121.4849665,
          31.2373006
        ]
      },
      "properties": {
        "addr:housenumber": "37"
      }
    },
    {
      "type": "Feature",
      "geometry": {
        "type": "Point",
        "coordinates": [
          121.4123686,
          31.1724481
        ]
      },
      "properties": {
        "addr:housenumber": "402"
      }
    },
    {
      "type": "Feature",
      "geometry": {
        "type": "Point",
        "coordinates": [
          121.4186093,
          31.148415
        ]
      },
      "properties": {
        "addr:housenumber": "130"
      }
    },
    {
      "type": "Feature",
      "geometry": {
        "type": "Point",
        "coordinates": [
          121.4827921,
          31.2491318
        ]
      },
      "properties": {
        "addr:housenumber": "161"
      }
    },
    {
      "type": "Feature",
      "geometry": {
        "type": "Point",
        "coordinates": [
          121.4227127,
          31.225477
        ]
      },
      "properties": {
        "addr:housenumber": "351"
      }
    },
    {
      "type": "Feature",
      "geometry": {
        "type": "Point",
        "coordinates": [
          121.4369423,
          31.2317817
        ]
      },
      "properties": {
        "addr:housenumber": "1088-1"
      }
    },
    {
      "type": "Feature",
      "geometry": {
        "type": "Point",
        "coordinates": [
          121.4212135,
          31.1429853
        ]
      },
      "properties": {
        "addr:housenumber": "130"
      }
    },
    {
      "type": "Feature",
      "geometry": {
        "type": "Point",
        "coordinates": [
          121.4389219,
          31.2125778
        ]
      },
      "properties": {
        "addr:housenumber": "82"
      }
    },
    {
      "type": "Feature",
      "geometry": {
        "type": "Point",
        "coordinates": [
          121.5205264,
          31.2409754
        ]
      },
      "properties": {
        "addr:housenumber": "728"
      }
    },
    {
      "type": "Feature",
      "geometry": {
        "type": "Point",
        "coordinates": [
          121.479679,
          31.2326203
        ]
      },
      "properties": {
        "addr:housenumber": "17"
      }
    },
    {
      "type": "Feature",
      "geometry": {
        "type": "Point",
        "coordinates": [
          121.4387049,
          31.1808732
        ]
      },
      "properties": {
        "addr:housenumber": "1089"
      }
    },
    {
      "type": "Feature",
      "geometry": {
        "type": "Point",
        "coordinates": [
          121.4222248,
          31.2051262
        ]
      },
      "properties": {
        "addr:housenumber": "294"
      }
    },
    {
      "type": "Feature",
      "geometry": {
        "type": "Point",
        "coordinates": [
          121.4332585,
          31.21174
        ]
      },
      "properties": {
        "addr:housenumber": "38"
      }
    },
    {
      "type": "Feature",
      "geometry": {
        "type": "Point",
        "coordinates": [
          121.4371876,
          31.2309273
        ]
      },
      "properties": {
        "addr:housenumber": "36"
      }
    },
    {
      "type": "Feature",
      "geometry": {
        "type": "Point",
        "coordinates": [
          121.4394507,
          31.2132893
        ]
      },
      "properties": {
        "addr:housenumber": "47"
      }
    },
    {
      "type": "Feature",
      "geometry": {
        "type": "Point",
        "coordinates": [
          121.4484131,
          31.2196664
        ]
      },
      "properties": {
        "addr:housenumber": "291"
      }
    },
    {
      "type": "Feature",
      "geometry": {
        "type": "Point",
        "coordinates": [
          121.4344693,
          31.2086299
        ]
      },
      "properties": {
        "addr:housenumber": "376"
      }
    },
    {
      "type": "Feature",
      "geometry": {
        "type": "Point",
        "coordinates": [
          121.495396,
          31.2365031
        ]
      },
      "properties": {
        "addr:housenumber": "99"
      }
    },
    {
      "type": "Feature",
      "geometry": {
        "type": "Point",
        "coordinates": [
          121.5217749,
          31.1928886
        ]
      },
      "properties": {
        "addr:housenumber": "62"
      }
    },
    {
      "type": "Feature",
      "geometry": {
        "type": "Point",
        "coordinates": [
          121.4101633,
          31.2251527
        ]
      },
      "properties": {
        "addr:housenumber": "1562"
      }
    },
    {
      "type": "Feature",
      "geometry": {
        "type": "Point",
        "coordinates": [
          121.4951713,
          31.2263584
        ]
      },
      "properties": {
        "addr:housenumber": "36"
      }
    },
    {
      "type": "Feature",
      "geometry": {
        "type": "Point",
        "coordinates": [
          121.4381225,
          31.2311668
        ]
      },
      "properties": {
        "addr:housenumber": "319"
      }
    },
    {
      "type": "Feature",
      "geometry": {
        "type": "Point",
        "coordinates": [
          121.4523497,
          31.2039804
        ]
      },
      "properties": {
        "addr:housenumber": "苏浙汇总店"
      }
    },
    {
      "type": "Feature",
      "geometry": {
        "type": "Point",
        "coordinates": [
          121.4630275,
          31.2331596
        ]
      },
      "properties": {
        "addr:housenumber": "700"
      }
    },
    {
      "type": "Feature",
      "geometry": {
        "type": "Point",
        "coordinates": [
          121.476324,
          31.2375328
        ]
      },
      "properties": {
        "addr:housenumber": "505"
      }
    },
    {
      "type": "Feature",
      "geometry": {
        "type": "Point",
        "coordinates": [
          121.4500411,
          31.2306754
        ]
      },
      "properties": {
        "addr:housenumber": "278"
      }
    },
    {
      "type": "Feature",
      "geometry": {
        "type": "Point",
        "coordinates": [
          121.4507224,
          31.22968
        ]
      },
      "properties": {
        "addr:housenumber": "1170"
      }
    },
    {
      "type": "Feature",
      "geometry": {
        "type": "Point",
        "coordinates": [
          121.4478953,
          31.228758
        ]
      },
      "properties": {
        "addr:housenumber": "1376"
      }
    },
    {
      "type": "Feature",
      "geometry": {
        "type": "Point",
        "coordinates": [
          121.4466454,
          31.2286708
        ]
      },
      "properties": {
        "addr:housenumber": "1376"
      }
    },
    {
      "type": "Feature",
      "geometry": {
        "type": "Point",
        "coordinates": [
          121.4508082,
          31.2296983
        ]
      },
      "properties": {
        "addr:housenumber": "1168"
      }
    },
    {
      "type": "Feature",
      "geometry": {
        "type": "Point",
        "coordinates": [
          121.4506258,
          31.2297534
        ]
      },
      "properties": {
        "addr:housenumber": "1168"
      }
    },
    {
      "type": "Feature",
      "geometry": {
        "type": "Point",
        "coordinates": [
          121.5198686,
          31.1627802
        ]
      },
      "properties": {
        "addr:housenumber": "2671"
      }
    },
    {
      "type": "Feature",
      "geometry": {
        "type": "Point",
        "coordinates": [
          121.5284021,
          31.1830221
        ]
      },
      "properties": {
        "addr:housenumber": "399"
      }
    },
    {
      "type": "Feature",
      "geometry": {
        "type": "Point",
        "coordinates": [
          121.4968072,
          31.2385571
        ]
      },
      "properties": {
        "addr:housenumber": "8"
      }
    },
    {
      "type": "Feature",
      "geometry": {
        "type": "Point",
        "coordinates": [
          121.4191005,
          31.2087638
        ]
      },
      "properties": {
        "addr:housenumber": "685号"
      }
    },
    {
      "type": "Feature",
      "geometry": {
        "type": "Point",
        "coordinates": [
          121.4523903,
          31.2453428
        ]
      },
      "properties": {
        "addr:housenumber": "228"
      }
    },
    {
      "type": "Feature",
      "geometry": {
        "type": "Point",
        "coordinates": [
          121.4405466,
          31.2106739
        ]
      },
      "properties": {
        "addr:housenumber": "1554"
      }
    },
    {
      "type": "Feature",
      "geometry": {
        "type": "Point",
        "coordinates": [
          121.460336,
          31.2132386
        ]
      },
      "properties": {
        "addr:housenumber": "15"
      }
    },
    {
      "type": "Feature",
      "geometry": {
        "type": "Point",
        "coordinates": [
          121.5561671,
          31.2285781
        ]
      },
      "properties": {
        "addr:housenumber": "1199"
      }
    },
    {
      "type": "Feature",
      "geometry": {
        "type": "Point",
        "coordinates": [
          121.4633838,
          31.2378248
        ]
      },
      "properties": {
        "addr:housenumber": "313"
      }
    },
    {
      "type": "Feature",
      "geometry": {
        "type": "Point",
        "coordinates": [
          121.4248923,
          31.2041891
        ]
      },
      "properties": {
        "addr:housenumber": "123"
      }
    },
    {
      "type": "Feature",
      "geometry": {
        "type": "Point",
        "coordinates": [
          121.4871017,
          31.2285341
        ]
      },
      "properties": {
        "addr:housenumber": "85"
      }
    },
    {
      "type": "Feature",
      "geometry": {
        "type": "Point",
        "coordinates": [
          121.4851904,
          31.2403725
        ]
      },
      "properties": {
        "addr:housenumber": "18"
      }
    },
    {
      "type": "Feature",
      "geometry": {
        "type": "Point",
        "coordinates": [
          121.531772,
          31.1651193
        ]
      },
      "properties": {
        "addr:housenumber": "476"
      }
    },
    {
      "type": "Feature",
      "geometry": {
        "type": "Point",
        "coordinates": [
          121.4600675,
          31.2424033
        ]
      },
      "properties": {
        "addr:housenumber": "1307"
      }
    },
    {
      "type": "Feature",
      "geometry": {
        "type": "Point",
        "coordinates": [
          121.4455378,
          31.22324
        ]
      },
      "properties": {
        "addr:housenumber": "51"
      }
    },
    {
      "type": "Feature",
      "geometry": {
        "type": "Point",
        "coordinates": [
          121.4577001,
          31.1995273
        ]
      },
      "properties": {
        "addr:housenumber": "303"
      }
    },
    {
      "type": "Feature",
      "geometry": {
        "type": "Point",
        "coordinates": [
          121.4416546,
          31.2141023
        ]
      },
      "properties": {
        "addr:housenumber": "247"
      }
    },
    {
      "type": "Feature",
      "geometry": {
        "type": "Point",
        "coordinates": [
          121.4405687,
          31.2168268
        ]
      },
      "properties": {
        "addr:housenumber": "99"
      }
    },
    {
      "type": "Feature",
      "geometry": {
        "type": "Point",
        "coordinates": [
          121.5458305,
          31.2122298
        ]
      },
      "properties": {
        "addr:housenumber": "800"
      }
    },
    {
      "type": "Feature",
      "geometry": {
        "type": "Point",
        "coordinates": [
          121.4579075,
          31.2055164
        ]
      },
      "properties": {
        "addr:housenumber": "212"
      }
    },
    {
      "type": "Feature",
      "geometry": {
        "type": "Point",
        "coordinates": [
          121.4031302,
          31.1809417
        ]
      },
      "properties": {
        "addr:housenumber": "461"
      }
    },
    {
      "type": "Feature",
      "geometry": {
        "type": "Point",
        "coordinates": [
          121.4495332,
          31.2298999
        ]
      },
      "properties": {
        "addr:housenumber": "1266"
      }
    },
    {
      "type": "Feature",
      "geometry": {
        "type": "Point",
        "coordinates": [
          121.4496609,
          31.2298317
        ]
      },
      "properties": {
        "addr:housenumber": "1266"
      }
    },
    {
      "type": "Feature",
      "geometry": {
        "type": "Point",
        "coordinates": [
          121.4574356,
          31.2055738
        ]
      },
      "properties": {
        "addr:housenumber": "212"
      }
    },
    {
      "type": "Feature",
      "geometry": {
        "type": "Point",
        "coordinates": [
          121.5483602,
          31.1870394
        ]
      },
      "properties": {
        "addr:housenumber": "246"
      }
    },
    {
      "type": "Feature",
      "geometry": {
        "type": "Point",
        "coordinates": [
          121.4203619,
          31.1462474
        ]
      },
      "properties": {
        "addr:housenumber": "130"
      }
    },
    {
      "type": "Feature",
      "geometry": {
        "type": "Point",
        "coordinates": [
          121.4173954,
          31.1469578
        ]
      },
      "properties": {
        "addr:housenumber": "130"
      }
    },
    {
      "type": "Feature",
      "geometry": {
        "type": "Point",
        "coordinates": [
          121.4563479,
          31.2197247
        ]
      },
      "properties": {
        "addr:housenumber": "888"
      }
    },
    {
      "type": "Feature",
      "geometry": {
        "type": "Point",
        "coordinates": [
          121.4213905,
          31.1931064
        ]
      },
      "properties": {
        "addr:housenumber": "1199"
      }
    },
    {
      "type": "Feature",
      "geometry": {
        "type": "Point",
        "coordinates": [
          121.4759096,
          31.2256144
        ]
      },
      "properties": {
        "addr:housenumber": "98"
      }
    },
    {
      "type": "Feature",
      "geometry": {
        "type": "Point",
        "coordinates": [
          121.4334754,
          31.2077105
        ]
      },
      "properties": {
        "addr:housenumber": "37"
      }
    },
    {
      "type": "Feature",
      "geometry": {
        "type": "Point",
        "coordinates": [
          121.4360253,
          31.2117608
        ]
      },
      "properties": {
        "addr:housenumber": "202"
      }
    },
    {
      "type": "Feature",
      "geometry": {
        "type": "Point",
        "coordinates": [
          121.4601929,
          31.1859164
        ]
      },
      "properties": {
        "addr:housenumber": "3398"
      }
    },
    {
      "type": "Feature",
      "geometry": {
        "type": "Point",
        "coordinates": [
          121.4443789,
          31.2068446
        ]
      },
      "properties": {
        "addr:housenumber": "121"
      }
    },
    {
      "type": "Feature",
      "geometry": {
        "type": "Point",
        "coordinates": [
          121.4447272,
          31.2067148
        ]
      },
      "properties": {
        "addr:housenumber": "595"
      }
    },
    {
      "type": "Feature",
      "geometry": {
        "type": "Point",
        "coordinates": [
          121.4531957,
          31.2446025
        ]
      },
      "properties": {
        "addr:housenumber": "289"
      }
    },
    {
      "type": "Feature",
      "geometry": {
        "type": "Point",
        "coordinates": [
          121.4404387,
          31.2307442
        ]
      },
      "properties": {
        "addr:housenumber": "1702"
      }
    },
    {
      "type": "Feature",
      "geometry": {
        "type": "Point",
        "coordinates": [
          121.4532466,
          31.2224217
        ]
      },
      "properties": {
        "addr:housenumber": "37"
      }
    },
    {
      "type": "Feature",
      "geometry": {
        "type": "Point",
        "coordinates": [
          121.4802027,
          31.2535981
        ]
      },
      "properties": {
        "addr:housenumber": "1318"
      }
    },
    {
      "type": "Feature",
      "geometry": {
        "type": "Point",
        "coordinates": [
          121.4801657,
          31.2536034
        ]
      },
      "properties": {
        "addr:housenumber": "1318"
      }
    },
    {
      "type": "Feature",
      "geometry": {
        "type": "Point",
        "coordinates": [
          121.4796257,
          31.2098522
        ]
      },
      "properties": {
        "addr:housenumber": "228"
      }
    },
    {
      "type": "Feature",
      "geometry": {
        "type": "Point",
        "coordinates": [
          121.4469716,
          31.2105377
        ]
      },
      "properties": {
        "addr:housenumber": "1"
      }
    },
    {
      "type": "Feature",
      "geometry": {
        "type": "Point",
        "coordinates": [
          121.4463087,
          31.2109463
        ]
      },
      "properties": {
        "addr:housenumber": "3"
      }
    },
    {
      "type": "Feature",
      "geometry": {
        "type": "Point",
        "coordinates": [
          121.4645476,
          31.2290405
        ]
      },
      "properties": {
        "addr:housenumber": "20th lane, 155"
      }
    },
    {
      "type": "Feature",
      "geometry": {
        "type": "Point",
        "coordinates": [
          121.4609764,
          31.2343185
        ]
      },
      "properties": {
        "addr:housenumber": "580"
      }
    },
    {
      "type": "Feature",
      "geometry": {
        "type": "Point",
        "coordinates": [
          121.4643319,
          31.2172204
        ]
      },
      "properties": {
        "addr:housenumber": "521"
      }
    },
    {
      "type": "Feature",
      "geometry": {
        "type": "Point",
        "coordinates": [
          121.4456557,
          31.2105559
        ]
      },
      "properties": {
        "addr:housenumber": "6"
      }
    },
    {
      "type": "Feature",
      "geometry": {
        "type": "Point",
        "coordinates": [
          121.4784627,
          31.2360191
        ]
      },
      "properties": {
        "addr:housenumber": "390"
      }
    },
    {
      "type": "Feature",
      "geometry": {
        "type": "Point",
        "coordinates": [
          121.4333322,
          31.1441125
        ]
      },
      "properties": {
        "addr:housenumber": "989"
      }
    },
    {
      "type": "Feature",
      "geometry": {
        "type": "Point",
        "coordinates": [
          121.4665433,
          31.2306786
        ]
      },
      "properties": {
        "addr:housenumber": "2"
      }
    },
    {
      "type": "Feature",
      "geometry": {
        "type": "Point",
        "coordinates": [
          121.4532458,
          31.2086739
        ]
      },
      "properties": {
        "addr:housenumber": "404"
      }
    },
    {
      "type": "Feature",
      "geometry": {
        "type": "Point",
        "coordinates": [
          121.436522,
          31.2134232
        ]
      },
      "properties": {
        "addr:housenumber": "97"
      }
    },
    {
      "type": "Feature",
      "geometry": {
        "type": "Point",
        "coordinates": [
          121.4425711,
          31.2434635
        ]
      },
      "properties": {
        "addr:housenumber": "667"
      }
    },
    {
      "type": "Feature",
      "geometry": {
        "type": "Point",
        "coordinates": [
          121.4830203,
          31.2431755
        ]
      },
      "properties": {
        "addr:housenumber": "20"
      }
    },
    {
      "type": "Feature",
      "geometry": {
        "type": "Point",
        "coordinates": [
          121.4574808,
          31.2340478
        ]
      },
      "properties": {
        "addr:housenumber": "50B"
      }
    },
    {
      "type": "Feature",
      "geometry": {
        "type": "Point",
        "coordinates": [
          121.4637986,
          31.2003517
        ]
      },
      "properties": {
        "addr:housenumber": "518"
      }
    },
    {
      "type": "Feature",
      "geometry": {
        "type": "Point",
        "coordinates": [
          121.4598329,
          31.2063657
        ]
      },
      "properties": {
        "addr:housenumber": "128"
      }
    },
    {
      "type": "Feature",
      "geometry": {
        "type": "Point",
        "coordinates": [
          121.5009688,
          31.1932032
        ]
      },
      "properties": {
        "addr:housenumber": "3588号"
      }
    },
    {
      "type": "Feature",
      "geometry": {
        "type": "Point",
        "coordinates": [
          121.4582589,
          31.2039603
        ]
      },
      "properties": {
        "addr:housenumber": "243"
      }
    },
    {
      "type": "Feature",
      "geometry": {
        "type": "Point",
        "coordinates": [
          121.4563792,
          31.209417
        ]
      },
      "properties": {
        "addr:housenumber": "B101"
      }
    },
    {
      "type": "Feature",
      "geometry": {
        "type": "Point",
        "coordinates": [
          121.4000048,
          31.2331819
        ]
      },
      "properties": {
        "addr:housenumber": "43甲"
      }
    },
    {
      "type": "Feature",
      "geometry": {
        "type": "Point",
        "coordinates": [
          121.4642172,
          31.24047
        ]
      },
      "properties": {
        "addr:housenumber": "213号"
      }
    },
    {
      "type": "Feature",
      "geometry": {
        "type": "Point",
        "coordinates": [
          121.4797223,
          31.2361563
        ]
      },
      "properties": {
        "addr:housenumber": "263"
      }
    },
    {
      "type": "Feature",
      "geometry": {
        "type": "Point",
        "coordinates": [
          121.475538,
          31.234808
        ]
      },
      "properties": {
        "addr:housenumber": "555"
      }
    },
    {
      "type": "Feature",
      "geometry": {
        "type": "Point",
        "coordinates": [
          121.4846425,
          31.2240859
        ]
      },
      "properties": {
        "addr:housenumber": "789"
      }
    },
    {
      "type": "Feature",
      "geometry": {
        "type": "Point",
        "coordinates": [
          121.4848219,
          31.2374682
        ]
      },
      "properties": {
        "addr:housenumber": "60"
      }
    },
    {
      "type": "Feature",
      "geometry": {
        "type": "Point",
        "coordinates": [
          121.4495069,
          31.2163967
        ]
      },
      "properties": {
        "addr:housenumber": "1155"
      }
    },
    {
      "type": "Feature",
      "geometry": {
        "type": "Point",
        "coordinates": [
          121.4836384,
          31.2375682
        ]
      },
      "properties": {
        "addr:housenumber": "120"
      }
    },
    {
      "type": "Feature",
      "geometry": {
        "type": "Point",
        "coordinates": [
          121.4529113,
          31.2181741
        ]
      },
      "properties": {
        "addr:housenumber": "1008-4"
      }
    },
    {
      "type": "Feature",
      "geometry": {
        "type": "Point",
        "coordinates": [
          121.4493509,
          31.2167006
        ]
      },
      "properties": {
        "addr:housenumber": "1160"
      }
    },
    {
      "type": "Feature",
      "geometry": {
        "type": "Point",
        "coordinates": [
          121.4529693,
          31.2181941
        ]
      },
      "properties": {
        "addr:housenumber": "1008-3"
      }
    },
    {
      "type": "Feature",
      "geometry": {
        "type": "Point",
        "coordinates": [
          121.427307,
          31.2158646
        ]
      },
      "properties": {
        "addr:housenumber": "939"
      }
    },
    {
      "type": "Feature",
      "geometry": {
        "type": "Point",
        "coordinates": [
          121.4802102,
          31.2296021
        ]
      },
      "properties": {
        "addr:housenumber": "835"
      }
    },
    {
      "type": "Feature",
      "geometry": {
        "type": "Point",
        "coordinates": [
          121.4306886,
          31.2181978
        ]
      },
      "properties": {
        "addr:housenumber": "620"
      }
    },
    {
      "type": "Feature",
      "geometry": {
        "type": "Point",
        "coordinates": [
          121.4796694,
          31.2394928
        ]
      },
      "properties": {
        "addr:housenumber": "300 号"
      }
    },
    {
      "type": "Feature",
      "geometry": {
        "type": "Point",
        "coordinates": [
          121.4146186,
          31.2113561
        ]
      },
      "properties": {
        "addr:housenumber": "1609号"
      }
    },
    {
      "type": "Feature",
      "geometry": {
        "type": "Point",
        "coordinates": [
          121.5591707,
          31.2153329
        ]
      },
      "properties": {
        "addr:housenumber": "1388"
      }
    },
    {
      "type": "Feature",
      "geometry": {
        "type": "Point",
        "coordinates": [
          121.4402213,
          31.2123691
        ]
      },
      "properties": {
        "addr:housenumber": "59"
      }
    },
    {
      "type": "Feature",
      "geometry": {
        "type": "Point",
        "coordinates": [
          121.4464448,
          31.210527
        ]
      },
      "properties": {
        "addr:housenumber": "2"
      }
    },
    {
      "type": "Feature",
      "geometry": {
        "type": "Point",
        "coordinates": [
          121.4770715,
          31.2415221
        ]
      },
      "properties": {
        "addr:housenumber": "350"
      }
    },
    {
      "type": "Feature",
      "geometry": {
        "type": "Point",
        "coordinates": [
          121.4288016,
          31.2486911
        ]
      },
      "properties": {
        "addr:housenumber": "光复西路133弄1号楼"
      }
    },
    {
      "type": "Feature",
      "geometry": {
        "type": "Point",
        "coordinates": [
          121.4637939,
          31.2330359
        ]
      },
      "properties": {
        "addr:housenumber": "456-1"
      }
    },
    {
      "type": "Feature",
      "geometry": {
        "type": "Point",
        "coordinates": [
          121.4611603,
          31.2328469
        ]
      },
      "properties": {
        "addr:housenumber": "596"
      }
    },
    {
      "type": "Feature",
      "geometry": {
        "type": "Point",
        "coordinates": [
          121.4665131,
          31.2307679
        ]
      },
      "properties": {
        "addr:housenumber": "205-1"
      }
    },
    {
      "type": "Feature",
      "geometry": {
        "type": "Point",
        "coordinates": [
          121.4659166,
          31.2319613
        ]
      },
      "properties": {
        "addr:housenumber": "279"
      }
    },
    {
      "type": "Feature",
      "geometry": {
        "type": "Point",
        "coordinates": [
          121.465106,
          31.2289958
        ]
      },
      "properties": {
        "addr:housenumber": "211"
      }
    },
    {
      "type": "Feature",
      "geometry": {
        "type": "Point",
        "coordinates": [
          121.4810288,
          31.2415417
        ]
      },
      "properties": {
        "addr:housenumber": "4"
      }
    },
    {
      "type": "Feature",
      "geometry": {
        "type": "Point",
        "coordinates": [
          121.4614988,
          31.2057045
        ]
      },
      "properties": {
        "addr:housenumber": "7"
      }
    },
    {
      "type": "Feature",
      "geometry": {
        "type": "Point",
        "coordinates": [
          121.428069,
          31.1874178
        ]
      },
      "properties": {
        "addr:housenumber": "199"
      }
    },
    {
      "type": "Feature",
      "geometry": {
        "type": "Point",
        "coordinates": [
          121.5115946,
          31.22449
        ]
      },
      "properties": {
        "addr:housenumber": "116"
      }
    },
    {
      "type": "Feature",
      "geometry": {
        "type": "Point",
        "coordinates": [
          121.4702184,
          31.220565
        ]
      },
      "properties": {
        "addr:housenumber": "185"
      }
    },
    {
      "type": "Feature",
      "geometry": {
        "type": "Point",
        "coordinates": [
          121.4641966,
          31.2095791
        ]
      },
      "properties": {
        "addr:housenumber": "No 11, Lane 248"
      }
    },
    {
      "type": "Feature",
      "geometry": {
        "type": "Point",
        "coordinates": [
          121.4875348,
          31.2206661
        ]
      },
      "properties": {
        "addr:housenumber": "25"
      }
    },
    {
      "type": "Feature",
      "geometry": {
        "type": "Point",
        "coordinates": [
          121.4449193,
          31.2279842
        ]
      },
      "properties": {
        "addr:housenumber": "18"
      }
    },
    {
      "type": "Feature",
      "geometry": {
        "type": "Point",
        "coordinates": [
          121.4450805,
          31.2280255
        ]
      },
      "properties": {
        "addr:housenumber": "8"
      }
    },
    {
      "type": "Feature",
      "geometry": {
        "type": "Point",
        "coordinates": [
          121.4451194,
          31.2280369
        ]
      },
      "properties": {
        "addr:housenumber": "6"
      }
    },
    {
      "type": "Feature",
      "geometry": {
        "type": "Point",
        "coordinates": [
          121.4451659,
          31.2280514
        ]
      },
      "properties": {
        "addr:housenumber": "4"
      }
    },
    {
      "type": "Feature",
      "geometry": {
        "type": "Point",
        "coordinates": [
          121.4450388,
          31.2293202
        ]
      },
      "properties": {
        "addr:housenumber": "304"
      }
    },
    {
      "type": "Feature",
      "geometry": {
        "type": "Point",
        "coordinates": [
          121.4353987,
          31.1981312
        ]
      },
      "properties": {
        "addr:housenumber": "880"
      }
    },
    {
      "type": "Feature",
      "geometry": {
        "type": "Point",
        "coordinates": [
          121.441446,
          31.2140517
        ]
      },
      "properties": {
        "addr:housenumber": "274 Wulumuqi Lu"
      }
    },
    {
      "type": "Feature",
      "geometry": {
        "type": "Point",
        "coordinates": [
          121.4411598,
          31.1926147
        ]
      },
      "properties": {
        "addr:housenumber": "2451号"
      }
    },
    {
      "type": "Feature",
      "geometry": {
        "type": "Point",
        "coordinates": [
          121.4418709,
          31.2033721
        ]
      },
      "properties": {
        "addr:housenumber": "9"
      }
    },
    {
      "type": "Feature",
      "geometry": {
        "type": "Point",
        "coordinates": [
          121.4456597,
          31.2082629
        ]
      },
      "properties": {
        "addr:housenumber": "570"
      }
    },
    {
      "type": "Feature",
      "geometry": {
        "type": "Point",
        "coordinates": [
          121.4678745,
          31.2388373
        ]
      },
      "properties": {
        "addr:housenumber": "55号"
      }
    },
    {
      "type": "Feature",
      "geometry": {
        "type": "Point",
        "coordinates": [
          121.4822708,
          31.2524441
        ]
      },
      "properties": {
        "addr:housenumber": "349-351"
      }
    },
    {
      "type": "Feature",
      "geometry": {
        "type": "Point",
        "coordinates": [
          121.4680283,
          31.2542767
        ]
      },
      "properties": {
        "addr:housenumber": "50"
      }
    },
    {
      "type": "Feature",
      "geometry": {
        "type": "Point",
        "coordinates": [
          121.4822643,
          31.2523947
        ]
      },
      "properties": {
        "addr:housenumber": "349"
      }
    },
    {
      "type": "Feature",
      "geometry": {
        "type": "Point",
        "coordinates": [
          121.4861979,
          31.2423151
        ]
      },
      "properties": {
        "addr:housenumber": "387"
      }
    },
    {
      "type": "Feature",
      "geometry": {
        "type": "Point",
        "coordinates": [
          121.4372678,
          31.2549409
        ]
      },
      "properties": {
        "addr:housenumber": "88"
      }
    },
    {
      "type": "Feature",
      "geometry": {
        "type": "Point",
        "coordinates": [
          121.4554821,
          31.2439909
        ]
      },
      "properties": {
        "addr:housenumber": "77"
      }
    },
    {
      "type": "Feature",
      "geometry": {
        "type": "Point",
        "coordinates": [
          121.4370391,
          31.2554947
        ]
      },
      "properties": {
        "addr:housenumber": "99"
      }
    },
    {
      "type": "Feature",
      "geometry": {
        "type": "Point",
        "coordinates": [
          121.4372056,
          31.2555193
        ]
      },
      "properties": {
        "addr:housenumber": "100"
      }
    },
    {
      "type": "Feature",
      "geometry": {
        "type": "Point",
        "coordinates": [
          121.4370255,
          31.2084023
        ]
      },
      "properties": {
        "addr:housenumber": "1712"
      }
    },
    {
      "type": "Feature",
      "geometry": {
        "type": "Point",
        "coordinates": [
          121.5239652,
          31.2256957
        ]
      },
      "properties": {
        "addr:housenumber": "889"
      }
    },
    {
      "type": "Feature",
      "geometry": {
        "type": "Point",
        "coordinates": [
          121.5134181,
          31.2316947
        ]
      },
      "properties": {
        "addr:housenumber": "528-N1 37"
      }
    },
    {
      "type": "Feature",
      "geometry": {
        "type": "Point",
        "coordinates": [
          121.4187406,
          31.2137865
        ]
      },
      "properties": {
        "addr:housenumber": "1112"
      }
    },
    {
      "type": "Feature",
      "geometry": {
        "type": "Point",
        "coordinates": [
          121.4322608,
          31.2324883
        ]
      },
      "properties": {
        "addr:housenumber": "1018"
      }
    },
    {
      "type": "Feature",
      "geometry": {
        "type": "Point",
        "coordinates": [
          121.5012643,
          31.2355843
        ]
      },
      "properties": {
        "addr:housenumber": "479"
      }
    },
    {
      "type": "Feature",
      "geometry": {
        "type": "Point",
        "coordinates": [
          121.490444,
          31.2533303
        ]
      },
      "properties": {
        "addr:housenumber": "309"
      }
    },
    {
      "type": "Feature",
      "geometry": {
        "type": "Point",
        "coordinates": [
          121.4686291,
          31.2384641
        ]
      },
      "properties": {
        "addr:housenumber": "555"
      }
    },
    {
      "type": "Feature",
      "geometry": {
        "type": "Point",
        "coordinates": [
          121.446685,
          31.221166
        ]
      },
      "properties": {
        "addr:housenumber": "183"
      }
    },
    {
      "type": "Feature",
      "geometry": {
        "type": "Point",
        "coordinates": [
          121.4447625,
          31.2298382
        ]
      },
      "properties": {
        "addr:housenumber": "1"
      }
    },
    {
      "type": "Feature",
      "geometry": {
        "type": "Point",
        "coordinates": [
          121.4450015,
          31.2299569
        ]
      },
      "properties": {
        "addr:housenumber": "1363"
      }
    },
    {
      "type": "Feature",
      "geometry": {
        "type": "Point",
        "coordinates": [
          121.4470948,
          31.2309582
        ]
      },
      "properties": {
        "addr:housenumber": "1237"
      }
    },
    {
      "type": "Feature",
      "geometry": {
        "type": "Point",
        "coordinates": [
          121.4481498,
          31.2313146
        ]
      },
      "properties": {
        "addr:housenumber": "1181"
      }
    },
    {
      "type": "Feature",
      "geometry": {
        "type": "Point",
        "coordinates": [
          121.4514699,
          31.2322591
        ]
      },
      "properties": {
        "addr:housenumber": "997"
      }
    },
    {
      "type": "Feature",
      "geometry": {
        "type": "Point",
        "coordinates": [
          121.4551792,
          31.2338089
        ]
      },
      "properties": {
        "addr:housenumber": "779"
      }
    },
    {
      "type": "Feature",
      "geometry": {
        "type": "Point",
        "coordinates": [
          121.44588,
          31.221637
        ]
      },
      "properties": {
        "addr:housenumber": "805"
      }
    },
    {
      "type": "Feature",
      "geometry": {
        "type": "Point",
        "coordinates": [
          121.4494006,
          31.2180719
        ]
      },
      "properties": {
        "addr:housenumber": "7"
      }
    },
    {
      "type": "Feature",
      "geometry": {
        "type": "Point",
        "coordinates": [
          121.4331941,
          31.2033274
        ]
      },
      "properties": {
        "addr:housenumber": "73"
      }
    },
    {
      "type": "Feature",
      "geometry": {
        "type": "Point",
        "coordinates": [
          121.4468944,
          31.2204543
        ]
      },
      "properties": {
        "addr:housenumber": "215"
      }
    },
    {
      "type": "Feature",
      "geometry": {
        "type": "Point",
        "coordinates": [
          121.4641364,
          31.2305296
        ]
      },
      "properties": {
        "addr:housenumber": "311"
      }
    },
    {
      "type": "Feature",
      "geometry": {
        "type": "Point",
        "coordinates": [
          121.4641483,
          31.230505
        ]
      },
      "properties": {
        "addr:housenumber": "309"
      }
    },
    {
      "type": "Feature",
      "geometry": {
        "type": "Point",
        "coordinates": [
          121.4648142,
          31.2300656
        ]
      },
      "properties": {
        "addr:housenumber": "270"
      }
    },
    {
      "type": "Feature",
      "geometry": {
        "type": "Point",
        "coordinates": [
          121.464566,
          31.2298263
        ]
      },
      "properties": {
        "addr:housenumber": "114"
      }
    },
    {
      "type": "Feature",
      "geometry": {
        "type": "Point",
        "coordinates": [
          121.4656945,
          31.2281332
        ]
      },
      "properties": {
        "addr:housenumber": "188"
      }
    },
    {
      "type": "Feature",
      "geometry": {
        "type": "Point",
        "coordinates": [
          121.4655859,
          31.2283959
        ]
      },
      "properties": {
        "addr:housenumber": "180"
      }
    },
    {
      "type": "Feature",
      "geometry": {
        "type": "Point",
        "coordinates": [
          121.4655524,
          31.2284621
        ]
      },
      "properties": {
        "addr:housenumber": "188"
      }
    },
    {
      "type": "Feature",
      "geometry": {
        "type": "Point",
        "coordinates": [
          121.465386,
          31.2288918
        ]
      },
      "properties": {
        "addr:housenumber": "208"
      }
    },
    {
      "type": "Feature",
      "geometry": {
        "type": "Point",
        "coordinates": [
          121.4653021,
          31.2291429
        ]
      },
      "properties": {
        "addr:housenumber": "226"
      }
    },
    {
      "type": "Feature",
      "geometry": {
        "type": "Point",
        "coordinates": [
          121.4845876,
          31.2386335
        ]
      },
      "properties": {
        "addr:housenumber": "11"
      }
    },
    {
      "type": "Feature",
      "geometry": {
        "type": "Point",
        "coordinates": [
          121.4440235,
          31.2105262
        ]
      },
      "properties": {
        "addr:housenumber": "15"
      }
    },
    {
      "type": "Feature",
      "geometry": {
        "type": "Point",
        "coordinates": [
          121.440948,
          31.2265772
        ]
      },
      "properties": {
        "addr:housenumber": "108"
      }
    },
    {
      "type": "Feature",
      "geometry": {
        "type": "Point",
        "coordinates": [
          121.4384685,
          31.2126164
        ]
      },
      "properties": {
        "addr:housenumber": "100"
      }
    },
    {
      "type": "Feature",
      "geometry": {
        "type": "Point",
        "coordinates": [
          121.4328786,
          31.1934866
        ]
      },
      "properties": {
        "addr:housenumber": "681"
      }
    },
    {
      "type": "Feature",
      "geometry": {
        "type": "Point",
        "coordinates": [
          121.4487052,
          31.2409219
        ]
      },
      "properties": {
        "addr:housenumber": "68号601"
      }
    },
    {
      "type": "Feature",
      "geometry": {
        "type": "Point",
        "coordinates": [
          121.4402591,
          31.2460421
        ]
      },
      "properties": {
        "addr:housenumber": "69"
      }
    },
    {
      "type": "Feature",
      "geometry": {
        "type": "Point",
        "coordinates": [
          121.4403405,
          31.2460822
        ]
      },
      "properties": {
        "addr:housenumber": "59"
      }
    },
    {
      "type": "Feature",
      "geometry": {
        "type": "Point",
        "coordinates": [
          121.4424521,
          31.2436512
        ]
      },
      "properties": {
        "addr:housenumber": "127"
      }
    },
    {
      "type": "Feature",
      "geometry": {
        "type": "Point",
        "coordinates": [
          121.4428421,
          31.2435084
        ]
      },
      "properties": {
        "addr:housenumber": "667"
      }
    },
    {
      "type": "Feature",
      "geometry": {
        "type": "Point",
        "coordinates": [
          121.456542,
          31.232732
        ]
      },
      "properties": {
        "addr:housenumber": "818"
      }
    },
    {
      "type": "Feature",
      "geometry": {
        "type": "Point",
        "coordinates": [
          121.46145,
          31.2329327
        ]
      },
      "properties": {
        "addr:housenumber": "580"
      }
    },
    {
      "type": "Feature",
      "geometry": {
        "type": "Point",
        "coordinates": [
          121.4350687,
          31.1989649
        ]
      },
      "properties": {
        "addr:housenumber": "245号"
      }
    },
    {
      "type": "Feature",
      "geometry": {
        "type": "Point",
        "coordinates": [
          121.4278003,
          31.2401071
        ]
      },
      "properties": {
        "addr:housenumber": "652号F座"
      }
    },
    {
      "type": "Feature",
      "geometry": {
        "type": "Point",
        "coordinates": [
          121.4380361,
          31.1871837
        ]
      },
      "properties": {
        "addr:housenumber": "580"
      }
    },
    {
      "type": "Feature",
      "geometry": {
        "type": "Point",
        "coordinates": [
          121.464012,
          31.2308462
        ]
      },
      "properties": {
        "addr:housenumber": "4"
      }
    },
    {
      "type": "Feature",
      "geometry": {
        "type": "Point",
        "coordinates": [
          121.4379053,
          31.1869295
        ]
      },
      "properties": {
        "addr:housenumber": "715"
      }
    },
    {
      "type": "Feature",
      "geometry": {
        "type": "Point",
        "coordinates": [
          121.438187,
          31.187175
        ]
      },
      "properties": {
        "addr:housenumber": "709"
      }
    },
    {
      "type": "Feature",
      "geometry": {
        "type": "Point",
        "coordinates": [
          121.4392143,
          31.185516
        ]
      },
      "properties": {
        "addr:housenumber": "855号"
      }
    },
    {
      "type": "Feature",
      "geometry": {
        "type": "Point",
        "coordinates": [
          121.4375643,
          31.1898222
        ]
      },
      "properties": {
        "addr:housenumber": "333号"
      }
    },
    {
      "type": "Feature",
      "geometry": {
        "type": "Point",
        "coordinates": [
          121.4412042,
          31.192877
        ]
      },
      "properties": {
        "addr:housenumber": "No. 8"
      }
    },
    {
      "type": "Feature",
      "geometry": {
        "type": "Point",
        "coordinates": [
          121.4383868,
          31.187861
        ]
      },
      "properties": {
        "addr:housenumber": "567"
      }
    },
    {
      "type": "Feature",
      "geometry": {
        "type": "Point",
        "coordinates": [
          121.4375213,
          31.1910142
        ]
      },
      "properties": {
        "addr:housenumber": "323号"
      }
    },
    {
      "type": "Feature",
      "geometry": {
        "type": "Point",
        "coordinates": [
          121.4376947,
          31.1916624
        ]
      },
      "properties": {
        "addr:housenumber": "309号"
      }
    },
    {
      "type": "Feature",
      "geometry": {
        "type": "Point",
        "coordinates": [
          121.4379917,
          31.1876307
        ]
      },
      "properties": {
        "addr:housenumber": "568"
      }
    },
    {
      "type": "Feature",
      "geometry": {
        "type": "Point",
        "coordinates": [
          121.437697,
          31.1886277
        ]
      },
      "properties": {
        "addr:housenumber": "498"
      }
    },
    {
      "type": "Feature",
      "geometry": {
        "type": "Point",
        "coordinates": [
          121.437842,
          31.1881412
        ]
      },
      "properties": {
        "addr:housenumber": "518"
      }
    },
    {
      "type": "Feature",
      "geometry": {
        "type": "Point",
        "coordinates": [
          121.4391242,
          31.1921391
        ]
      },
      "properties": {
        "addr:housenumber": "100弄1号"
      }
    },
    {
      "type": "Feature",
      "geometry": {
        "type": "Point",
        "coordinates": [
          121.4375703,
          31.1891861
        ]
      },
      "properties": {
        "addr:housenumber": "458号"
      }
    },
    {
      "type": "Feature",
      "geometry": {
        "type": "Point",
        "coordinates": [
          121.4468513,
          31.2222819
        ]
      },
      "properties": {
        "addr:housenumber": "758"
      }
    },
    {
      "type": "Feature",
      "geometry": {
        "type": "Point",
        "coordinates": [
          121.4812196,
          31.2399726
        ]
      },
      "properties": {
        "addr:housenumber": "198"
      }
    },
    {
      "type": "Feature",
      "geometry": {
        "type": "Point",
        "coordinates": [
          121.4803964,
          31.2401711
        ]
      },
      "properties": {
        "addr:housenumber": "438"
      }
    },
    {
      "type": "Feature",
      "geometry": {
        "type": "Point",
        "coordinates": [
          121.4492473,
          31.2191669
        ]
      },
      "properties": {
        "addr:housenumber": "158"
      }
    },
    {
      "type": "Feature",
      "geometry": {
        "type": "Point",
        "coordinates": [
          121.4493632,
          31.2191967
        ]
      },
      "properties": {
        "addr:housenumber": "158-3"
      }
    },
    {
      "type": "Feature",
      "geometry": {
        "type": "Point",
        "coordinates": [
          121.449504,
          31.2192328
        ]
      },
      "properties": {
        "addr:housenumber": "158-1"
      }
    },
    {
      "type": "Feature",
      "geometry": {
        "type": "Point",
        "coordinates": [
          121.4359196,
          31.195147
        ]
      },
      "properties": {
        "addr:housenumber": "30号"
      }
    },
    {
      "type": "Feature",
      "geometry": {
        "type": "Point",
        "coordinates": [
          121.4372805,
          31.1920149
        ]
      },
      "properties": {
        "addr:housenumber": "258号"
      }
    },
    {
      "type": "Feature",
      "geometry": {
        "type": "Point",
        "coordinates": [
          121.4369424,
          31.194472
        ]
      },
      "properties": {
        "addr:housenumber": "90号"
      }
    },
    {
      "type": "Feature",
      "geometry": {
        "type": "Point",
        "coordinates": [
          121.4385577,
          31.1874603
        ]
      },
      "properties": {
        "addr:housenumber": "567"
      }
    },
    {
      "type": "Feature",
      "geometry": {
        "type": "Point",
        "coordinates": [
          121.4384922,
          31.1876139
        ]
      },
      "properties": {
        "addr:housenumber": "567"
      }
    },
    {
      "type": "Feature",
      "geometry": {
        "type": "Point",
        "coordinates": [
          121.4377458,
          31.1892799
        ]
      },
      "properties": {
        "addr:housenumber": "333号"
      }
    },
    {
      "type": "Feature",
      "geometry": {
        "type": "Point",
        "coordinates": [
          121.4027198,
          31.1997915
        ]
      },
      "properties": {
        "addr:housenumber": "1187"
      }
    },
    {
      "type": "Feature",
      "geometry": {
        "type": "Point",
        "coordinates": [
          121.4670434,
          31.1918049
        ]
      },
      "properties": {
        "addr:housenumber": "1"
      }
    },
    {
      "type": "Feature",
      "geometry": {
        "type": "Point",
        "coordinates": [
          121.4444083,
          31.2279765
        ]
      },
      "properties": {
        "addr:housenumber": "22"
      }
    },
    {
      "type": "Feature",
      "geometry": {
        "type": "Point",
        "coordinates": [
          121.4640313,
          31.2309815
        ]
      },
      "properties": {
        "addr:housenumber": "342"
      }
    },
    {
      "type": "Feature",
      "geometry": {
        "type": "Point",
        "coordinates": [
          121.4640142,
          31.2310107
        ]
      },
      "properties": {
        "addr:housenumber": "344"
      }
    },
    {
      "type": "Feature",
      "geometry": {
        "type": "Point",
        "coordinates": [
          121.4639836,
          31.2310883
        ]
      },
      "properties": {
        "addr:housenumber": "346"
      }
    },
    {
      "type": "Feature",
      "geometry": {
        "type": "Point",
        "coordinates": [
          121.4639699,
          31.2311097
        ]
      },
      "properties": {
        "addr:housenumber": "348"
      }
    },
    {
      "type": "Feature",
      "geometry": {
        "type": "Point",
        "coordinates": [
          121.4639563,
          31.231135
        ]
      },
      "properties": {
        "addr:housenumber": "350"
      }
    },
    {
      "type": "Feature",
      "geometry": {
        "type": "Point",
        "coordinates": [
          121.4639438,
          31.2311651
        ]
      },
      "properties": {
        "addr:housenumber": "352"
      }
    },
    {
      "type": "Feature",
      "geometry": {
        "type": "Point",
        "coordinates": [
          121.4639313,
          31.2311942
        ]
      },
      "properties": {
        "addr:housenumber": "354"
      }
    },
    {
      "type": "Feature",
      "geometry": {
        "type": "Point",
        "coordinates": [
          121.4639245,
          31.2312165
        ]
      },
      "properties": {
        "addr:housenumber": "356"
      }
    },
    {
      "type": "Feature",
      "geometry": {
        "type": "Point",
        "coordinates": [
          121.4639143,
          31.231234
        ]
      },
      "properties": {
        "addr:housenumber": "358"
      }
    },
    {
      "type": "Feature",
      "geometry": {
        "type": "Point",
        "coordinates": [
          121.4639029,
          31.2312602
        ]
      },
      "properties": {
        "addr:housenumber": "360"
      }
    },
    {
      "type": "Feature",
      "geometry": {
        "type": "Point",
        "coordinates": [
          121.4638882,
          31.2312923
        ]
      },
      "properties": {
        "addr:housenumber": "362"
      }
    },
    {
      "type": "Feature",
      "geometry": {
        "type": "Point",
        "coordinates": [
          121.4638575,
          31.2313661
        ]
      },
      "properties": {
        "addr:housenumber": "366"
      }
    },
    {
      "type": "Feature",
      "geometry": {
        "type": "Point",
        "coordinates": [
          121.4638745,
          31.2313942
        ]
      },
      "properties": {
        "addr:housenumber": "368"
      }
    },
    {
      "type": "Feature",
      "geometry": {
        "type": "Point",
        "coordinates": [
          121.4638745,
          31.2313165
        ]
      },
      "properties": {
        "addr:housenumber": "364"
      }
    },
    {
      "type": "Feature",
      "geometry": {
        "type": "Point",
        "coordinates": [
          121.4649604,
          31.2316008
        ]
      },
      "properties": {
        "addr:housenumber": "65-3"
      }
    },
    {
      "type": "Feature",
      "geometry": {
        "type": "Point",
        "coordinates": [
          121.4649093,
          31.2316308
        ]
      },
      "properties": {
        "addr:housenumber": "65-1"
      }
    },
    {
      "type": "Feature",
      "geometry": {
        "type": "Point",
        "coordinates": [
          121.4648547,
          31.2316503
        ]
      },
      "properties": {
        "addr:housenumber": "65-2"
      }
    },
    {
      "type": "Feature",
      "geometry": {
        "type": "Point",
        "coordinates": [
          121.4647206,
          31.2316721
        ]
      },
      "properties": {
        "addr:housenumber": "65边门"
      }
    },
    {
      "type": "Feature",
      "geometry": {
        "type": "Point",
        "coordinates": [
          121.4642351,
          31.2314855
        ]
      },
      "properties": {
        "addr:housenumber": "101"
      }
    },
    {
      "type": "Feature",
      "geometry": {
        "type": "Point",
        "coordinates": [
          121.4643235,
          31.2315225
        ]
      },
      "properties": {
        "addr:housenumber": "97"
      }
    },
    {
      "type": "Feature",
      "geometry": {
        "type": "Point",
        "coordinates": [
          121.4644245,
          31.2315611
        ]
      },
      "properties": {
        "addr:housenumber": "95"
      }
    },
    {
      "type": "Feature",
      "geometry": {
        "type": "Point",
        "coordinates": [
          121.4645043,
          31.2315973
        ]
      },
      "properties": {
        "addr:housenumber": "93"
      }
    },
    {
      "type": "Feature",
      "geometry": {
        "type": "Point",
        "coordinates": [
          121.4640537,
          31.231436
        ]
      },
      "properties": {
        "addr:housenumber": "107"
      }
    },
    {
      "type": "Feature",
      "geometry": {
        "type": "Point",
        "coordinates": [
          121.4415849,
          31.1839269
        ]
      },
      "properties": {
        "addr:housenumber": "Lane 988"
      }
    },
    {
      "type": "Feature",
      "geometry": {
        "type": "Point",
        "coordinates": [
          121.4464699,
          31.2271872
        ]
      },
      "properties": {
        "addr:housenumber": "1371"
      }
    },
    {
      "type": "Feature",
      "geometry": {
        "type": "Point",
        "coordinates": [
          121.4653625,
          31.2078826
        ]
      },
      "properties": {
        "addr:housenumber": "560号"
      }
    },
    {
      "type": "Feature",
      "geometry": {
        "type": "Point",
        "coordinates": [
          121.4350327,
          31.1954422
        ]
      },
      "properties": {
        "addr:housenumber": "1111号"
      }
    },
    {
      "type": "Feature",
      "geometry": {
        "type": "Point",
        "coordinates": [
          121.4629493,
          31.2304701
        ]
      },
      "properties": {
        "addr:housenumber": "288临"
      }
    },
    {
      "type": "Feature",
      "geometry": {
        "type": "Point",
        "coordinates": [
          121.4629442,
          31.2305361
        ]
      },
      "properties": {
        "addr:housenumber": "288"
      }
    },
    {
      "type": "Feature",
      "geometry": {
        "type": "Point",
        "coordinates": [
          121.4629295,
          31.2308041
        ]
      },
      "properties": {
        "addr:housenumber": "290"
      }
    },
    {
      "type": "Feature",
      "geometry": {
        "type": "Point",
        "coordinates": [
          121.463035,
          31.2312602
        ]
      },
      "properties": {
        "addr:housenumber": "338"
      }
    },
    {
      "type": "Feature",
      "geometry": {
        "type": "Point",
        "coordinates": [
          121.4630296,
          31.2312901
        ]
      },
      "properties": {
        "addr:housenumber": "340"
      }
    },
    {
      "type": "Feature",
      "geometry": {
        "type": "Point",
        "coordinates": [
          121.4630245,
          31.2313185
        ]
      },
      "properties": {
        "addr:housenumber": "342"
      }
    },
    {
      "type": "Feature",
      "geometry": {
        "type": "Point",
        "coordinates": [
          121.4630107,
          31.2313957
        ]
      },
      "properties": {
        "addr:housenumber": "346"
      }
    },
    {
      "type": "Feature",
      "geometry": {
        "type": "Point",
        "coordinates": [
          121.4630161,
          31.2313641
        ]
      },
      "properties": {
        "addr:housenumber": "344"
      }
    },
    {
      "type": "Feature",
      "geometry": {
        "type": "Point",
        "coordinates": [
          121.4629717,
          31.2316128
        ]
      },
      "properties": {
        "addr:housenumber": "360"
      }
    },
    {
      "type": "Feature",
      "geometry": {
        "type": "Point",
        "coordinates": [
          121.4629612,
          31.2316712
        ]
      },
      "properties": {
        "addr:housenumber": "362"
      }
    },
    {
      "type": "Feature",
      "geometry": {
        "type": "Point",
        "coordinates": [
          121.4628523,
          31.2319761
        ]
      },
      "properties": {
        "addr:housenumber": "408"
      }
    },
    {
      "type": "Feature",
      "geometry": {
        "type": "Point",
        "coordinates": [
          121.4628273,
          31.2321625
        ]
      },
      "properties": {
        "addr:housenumber": "408-1"
      }
    },
    {
      "type": "Feature",
      "geometry": {
        "type": "Point",
        "coordinates": [
          121.4624097,
          31.2352376
        ]
      },
      "properties": {
        "addr:housenumber": "580"
      }
    },
    {
      "type": "Feature",
      "geometry": {
        "type": "Point",
        "coordinates": [
          121.4623346,
          31.2359043
        ]
      },
      "properties": {
        "addr:housenumber": "600"
      }
    },
    {
      "type": "Feature",
      "geometry": {
        "type": "Point",
        "coordinates": [
          121.4617152,
          31.2346461
        ]
      },
      "properties": {
        "addr:housenumber": "525"
      }
    },
    {
      "type": "Feature",
      "geometry": {
        "type": "Point",
        "coordinates": [
          121.4616146,
          31.2346559
        ]
      },
      "properties": {
        "addr:housenumber": "527"
      }
    },
    {
      "type": "Feature",
      "geometry": {
        "type": "Point",
        "coordinates": [
          121.4615357,
          31.2346428
        ]
      },
      "properties": {
        "addr:housenumber": "529"
      }
    },
    {
      "type": "Feature",
      "geometry": {
        "type": "Point",
        "coordinates": [
          121.4614848,
          31.2346343
        ]
      },
      "properties": {
        "addr:housenumber": "531"
      }
    },
    {
      "type": "Feature",
      "geometry": {
        "type": "Point",
        "coordinates": [
          121.4614232,
          31.2346241
        ]
      },
      "properties": {
        "addr:housenumber": "533"
      }
    },
    {
      "type": "Feature",
      "geometry": {
        "type": "Point",
        "coordinates": [
          121.4613695,
          31.2346152
        ]
      },
      "properties": {
        "addr:housenumber": "535"
      }
    },
    {
      "type": "Feature",
      "geometry": {
        "type": "Point",
        "coordinates": [
          121.4613423,
          31.2346107
        ]
      },
      "properties": {
        "addr:housenumber": "537"
      }
    },
    {
      "type": "Feature",
      "geometry": {
        "type": "Point",
        "coordinates": [
          121.4606515,
          31.234586
        ]
      },
      "properties": {
        "addr:housenumber": "578"
      }
    },
    {
      "type": "Feature",
      "geometry": {
        "type": "Point",
        "coordinates": [
          121.4607239,
          31.2346043
        ]
      },
      "properties": {
        "addr:housenumber": "576"
      }
    },
    {
      "type": "Feature",
      "geometry": {
        "type": "Point",
        "coordinates": [
          121.4607848,
          31.2346197
        ]
      },
      "properties": {
        "addr:housenumber": "572"
      }
    },
    {
      "type": "Feature",
      "geometry": {
        "type": "Point",
        "coordinates": [
          121.4608886,
          31.234646
        ]
      },
      "properties": {
        "addr:housenumber": "570"
      }
    },
    {
      "type": "Feature",
      "geometry": {
        "type": "Point",
        "coordinates": [
          121.4609912,
          31.234672
        ]
      },
      "properties": {
        "addr:housenumber": "568"
      }
    },
    {
      "type": "Feature",
      "geometry": {
        "type": "Point",
        "coordinates": [
          121.4610554,
          31.2346878
        ]
      },
      "properties": {
        "addr:housenumber": "566"
      }
    },
    {
      "type": "Feature",
      "geometry": {
        "type": "Point",
        "coordinates": [
          121.4601385,
          31.234542
        ]
      },
      "properties": {
        "addr:housenumber": "598"
      }
    },
    {
      "type": "Feature",
      "geometry": {
        "type": "Point",
        "coordinates": [
          121.4598694,
          31.2343155
        ]
      },
      "properties": {
        "addr:housenumber": "614"
      }
    },
    {
      "type": "Feature",
      "geometry": {
        "type": "Point",
        "coordinates": [
          121.4598437,
          31.2342748
        ]
      },
      "properties": {
        "addr:housenumber": "618"
      }
    },
    {
      "type": "Feature",
      "geometry": {
        "type": "Point",
        "coordinates": [
          121.4597188,
          31.2342029
        ]
      },
      "properties": {
        "addr:housenumber": "630"
      }
    },
    {
      "type": "Feature",
      "geometry": {
        "type": "Point",
        "coordinates": [
          121.45969,
          31.234189
        ]
      },
      "properties": {
        "addr:housenumber": "632"
      }
    },
    {
      "type": "Feature",
      "geometry": {
        "type": "Point",
        "coordinates": [
          121.4595215,
          31.2341083
        ]
      },
      "properties": {
        "addr:housenumber": "638-1"
      }
    },
    {
      "type": "Feature",
      "geometry": {
        "type": "Point",
        "coordinates": [
          121.4594841,
          31.2340904
        ]
      },
      "properties": {
        "addr:housenumber": "640-1"
      }
    },
    {
      "type": "Feature",
      "geometry": {
        "type": "Point",
        "coordinates": [
          121.4592203,
          31.233964
        ]
      },
      "properties": {
        "addr:housenumber": "652"
      }
    },
    {
      "type": "Feature",
      "geometry": {
        "type": "Point",
        "coordinates": [
          121.4571346,
          31.233653
        ]
      },
      "properties": {
        "addr:housenumber": "19-4"
      }
    },
    {
      "type": "Feature",
      "geometry": {
        "type": "Point",
        "coordinates": [
          121.4572035,
          31.23355
        ]
      },
      "properties": {
        "addr:housenumber": "19-1"
      }
    },
    {
      "type": "Feature",
      "geometry": {
        "type": "Point",
        "coordinates": [
          121.4572949,
          31.2333715
        ]
      },
      "properties": {
        "addr:housenumber": "9"
      }
    },
    {
      "type": "Feature",
      "geometry": {
        "type": "Point",
        "coordinates": [
          121.4573967,
          31.2330861
        ]
      },
      "properties": {
        "addr:housenumber": "3"
      }
    },
    {
      "type": "Feature",
      "geometry": {
        "type": "Point",
        "coordinates": [
          121.4573904,
          31.2330578
        ]
      },
      "properties": {
        "addr:housenumber": "1"
      }
    },
    {
      "type": "Feature",
      "geometry": {
        "type": "Point",
        "coordinates": [
          121.4573717,
          31.2330282
        ]
      },
      "properties": {
        "addr:housenumber": "776"
      }
    },
    {
      "type": "Feature",
      "geometry": {
        "type": "Point",
        "coordinates": [
          121.4573372,
          31.2329969
        ]
      },
      "properties": {
        "addr:housenumber": "778"
      }
    },
    {
      "type": "Feature",
      "geometry": {
        "type": "Point",
        "coordinates": [
          121.4571806,
          31.2329684
        ]
      },
      "properties": {
        "addr:housenumber": "784"
      }
    },
    {
      "type": "Feature",
      "geometry": {
        "type": "Point",
        "coordinates": [
          121.4570023,
          31.2329102
        ]
      },
      "properties": {
        "addr:housenumber": "788"
      }
    },
    {
      "type": "Feature",
      "geometry": {
        "type": "Point",
        "coordinates": [
          121.4569367,
          31.2328927
        ]
      },
      "properties": {
        "addr:housenumber": "790"
      }
    },
    {
      "type": "Feature",
      "geometry": {
        "type": "Point",
        "coordinates": [
          121.4565832,
          31.2334962
        ]
      },
      "properties": {
        "addr:housenumber": "61"
      }
    },
    {
      "type": "Feature",
      "geometry": {
        "type": "Point",
        "coordinates": [
          121.4566254,
          31.2335109
        ]
      },
      "properties": {
        "addr:housenumber": "59-2"
      }
    },
    {
      "type": "Feature",
      "geometry": {
        "type": "Point",
        "coordinates": [
          121.4566607,
          31.2335256
        ]
      },
      "properties": {
        "addr:housenumber": "59-1"
      }
    },
    {
      "type": "Feature",
      "geometry": {
        "type": "Point",
        "coordinates": [
          121.4567226,
          31.2335447
        ]
      },
      "properties": {
        "addr:housenumber": "57"
      }
    },
    {
      "type": "Feature",
      "geometry": {
        "type": "Point",
        "coordinates": [
          121.4567855,
          31.2335668
        ]
      },
      "properties": {
        "addr:housenumber": "55-1"
      }
    },
    {
      "type": "Feature",
      "geometry": {
        "type": "Point",
        "coordinates": [
          121.4572113,
          31.233539
        ]
      },
      "properties": {
        "addr:housenumber": "19"
      }
    },
    {
      "type": "Feature",
      "geometry": {
        "type": "Point",
        "coordinates": [
          121.4580288,
          31.233032
        ]
      },
      "properties": {
        "addr:housenumber": "762"
      }
    },
    {
      "type": "Feature",
      "geometry": {
        "type": "Point",
        "coordinates": [
          121.4580504,
          31.233033
        ]
      },
      "properties": {
        "addr:housenumber": "760"
      }
    },
    {
      "type": "Feature",
      "geometry": {
        "type": "Point",
        "coordinates": [
          121.4584258,
          31.23305
        ]
      },
      "properties": {
        "addr:housenumber": "758"
      }
    },
    {
      "type": "Feature",
      "geometry": {
        "type": "Point",
        "coordinates": [
          121.4590947,
          31.232995
        ]
      },
      "properties": {
        "addr:housenumber": "702-2"
      }
    },
    {
      "type": "Feature",
      "geometry": {
        "type": "Point",
        "coordinates": [
          121.4591192,
          31.232998
        ]
      },
      "properties": {
        "addr:housenumber": "702-1"
      }
    },
    {
      "type": "Feature",
      "geometry": {
        "type": "Point",
        "coordinates": [
          121.459209,
          31.2330073
        ]
      },
      "properties": {
        "addr:housenumber": "702"
      }
    },
    {
      "type": "Feature",
      "geometry": {
        "type": "Point",
        "coordinates": [
          121.4593832,
          31.2330309
        ]
      },
      "properties": {
        "addr:housenumber": "700-2"
      }
    },
    {
      "type": "Feature",
      "geometry": {
        "type": "Point",
        "coordinates": [
          121.4596932,
          31.2330782
        ]
      },
      "properties": {
        "addr:housenumber": "698"
      }
    },
    {
      "type": "Feature",
      "geometry": {
        "type": "Point",
        "coordinates": [
          121.4606234,
          31.2328651
        ]
      },
      "properties": {
        "addr:housenumber": "628"
      }
    },
    {
      "type": "Feature",
      "geometry": {
        "type": "Point",
        "coordinates": [
          121.4609274,
          31.2328495
        ]
      },
      "properties": {
        "addr:housenumber": "604"
      }
    },
    {
      "type": "Feature",
      "geometry": {
        "type": "Point",
        "coordinates": [
          121.4659442,
          31.2319739
        ]
      },
      "properties": {
        "addr:housenumber": "279-1边门"
      }
    },
    {
      "type": "Feature",
      "geometry": {
        "type": "Point",
        "coordinates": [
          121.4659776,
          31.2319695
        ]
      },
      "properties": {
        "addr:housenumber": "255"
      }
    },
    {
      "type": "Feature",
      "geometry": {
        "type": "Point",
        "coordinates": [
          121.4660921,
          31.2317
        ]
      },
      "properties": {
        "addr:housenumber": "251"
      }
    },
    {
      "type": "Feature",
      "geometry": {
        "type": "Point",
        "coordinates": [
          121.4661329,
          31.2316346
        ]
      },
      "properties": {
        "addr:housenumber": "253"
      }
    },
    {
      "type": "Feature",
      "geometry": {
        "type": "Point",
        "coordinates": [
          121.4664227,
          31.2310378
        ]
      },
      "properties": {
        "addr:housenumber": "211"
      }
    },
    {
      "type": "Feature",
      "geometry": {
        "type": "Point",
        "coordinates": [
          121.4664355,
          31.2310012
        ]
      },
      "properties": {
        "addr:housenumber": "205-2"
      }
    },
    {
      "type": "Feature",
      "geometry": {
        "type": "Point",
        "coordinates": [
          121.4664747,
          31.2308211
        ]
      },
      "properties": {
        "addr:housenumber": "199"
      }
    },
    {
      "type": "Feature",
      "geometry": {
        "type": "Point",
        "coordinates": [
          121.4665144,
          31.2305998
        ]
      },
      "properties": {
        "addr:housenumber": "10"
      }
    },
    {
      "type": "Feature",
      "geometry": {
        "type": "Point",
        "coordinates": [
          121.4663458,
          31.2303848
        ]
      },
      "properties": {
        "addr:housenumber": "20-1"
      }
    },
    {
      "type": "Feature",
      "geometry": {
        "type": "Point",
        "coordinates": [
          121.4663229,
          31.2303714
        ]
      },
      "properties": {
        "addr:housenumber": "20-2"
      }
    },
    {
      "type": "Feature",
      "geometry": {
        "type": "Point",
        "coordinates": [
          121.4662845,
          31.230349
        ]
      },
      "properties": {
        "addr:housenumber": "20"
      }
    },
    {
      "type": "Feature",
      "geometry": {
        "type": "Point",
        "coordinates": [
          121.4662061,
          31.2303032
        ]
      },
      "properties": {
        "addr:housenumber": "20"
      }
    },
    {
      "type": "Feature",
      "geometry": {
        "type": "Point",
        "coordinates": [
          121.4656064,
          31.2300031
        ]
      },
      "properties": {
        "addr:housenumber": "62"
      }
    },
    {
      "type": "Feature",
      "geometry": {
        "type": "Point",
        "coordinates": [
          121.4652545,
          31.2298159
        ]
      },
      "properties": {
        "addr:housenumber": "82"
      }
    },
    {
      "type": "Feature",
      "geometry": {
        "type": "Point",
        "coordinates": [
          121.4652107,
          31.2297955
        ]
      },
      "properties": {
        "addr:housenumber": "84"
      }
    },
    {
      "type": "Feature",
      "geometry": {
        "type": "Point",
        "coordinates": [
          121.4651604,
          31.2297722
        ]
      },
      "properties": {
        "addr:housenumber": "86"
      }
    },
    {
      "type": "Feature",
      "geometry": {
        "type": "Point",
        "coordinates": [
          121.4651312,
          31.2297587
        ]
      },
      "properties": {
        "addr:housenumber": "90"
      }
    },
    {
      "type": "Feature",
      "geometry": {
        "type": "Point",
        "coordinates": [
          121.4650351,
          31.2297141
        ]
      },
      "properties": {
        "addr:housenumber": "92弄3-14号"
      }
    },
    {
      "type": "Feature",
      "geometry": {
        "type": "Point",
        "coordinates": [
          121.4648907,
          31.2297271
        ]
      },
      "properties": {
        "addr:housenumber": "94"
      }
    },
    {
      "type": "Feature",
      "geometry": {
        "type": "Point",
        "coordinates": [
          121.4648631,
          31.2297267
        ]
      },
      "properties": {
        "addr:housenumber": "94-1"
      }
    },
    {
      "type": "Feature",
      "geometry": {
        "type": "Point",
        "coordinates": [
          121.4648287,
          31.2297261
        ]
      },
      "properties": {
        "addr:housenumber": "108-1"
      }
    },
    {
      "type": "Feature",
      "geometry": {
        "type": "Point",
        "coordinates": [
          121.4648067,
          31.2297258
        ]
      },
      "properties": {
        "addr:housenumber": "108"
      }
    },
    {
      "type": "Feature",
      "geometry": {
        "type": "Point",
        "coordinates": [
          121.4647128,
          31.2297243
        ]
      },
      "properties": {
        "addr:housenumber": "114"
      }
    },
    {
      "type": "Feature",
      "geometry": {
        "type": "Point",
        "coordinates": [
          121.4650839,
          31.2297367
        ]
      },
      "properties": {
        "addr:housenumber": "82"
      }
    },
    {
      "type": "Feature",
      "geometry": {
        "type": "Point",
        "coordinates": [
          121.4577628,
          31.2231959
        ]
      },
      "properties": {
        "addr:housenumber": "352"
      }
    },
    {
      "type": "Feature",
      "geometry": {
        "type": "Point",
        "coordinates": [
          121.4629192,
          31.231053
        ]
      },
      "properties": {
        "addr:housenumber": "171"
      }
    },
    {
      "type": "Feature",
      "geometry": {
        "type": "Point",
        "coordinates": [
          121.4629277,
          31.230396
        ]
      },
      "properties": {
        "addr:housenumber": "272"
      }
    },
    {
      "type": "Feature",
      "geometry": {
        "type": "Point",
        "coordinates": [
          121.4629456,
          31.2301858
        ]
      },
      "properties": {
        "addr:housenumber": "252"
      }
    },
    {
      "type": "Feature",
      "geometry": {
        "type": "Point",
        "coordinates": [
          121.4629578,
          31.2301392
        ]
      },
      "properties": {
        "addr:housenumber": "248"
      }
    },
    {
      "type": "Feature",
      "geometry": {
        "type": "Point",
        "coordinates": [
          121.463017,
          31.2297551
        ]
      },
      "properties": {
        "addr:housenumber": "一九〇弄9号"
      }
    },
    {
      "type": "Feature",
      "geometry": {
        "type": "Point",
        "coordinates": [
          121.4622035,
          31.2302654
        ]
      },
      "properties": {
        "addr:housenumber": "333"
      }
    },
    {
      "type": "Feature",
      "geometry": {
        "type": "Point",
        "coordinates": [
          121.461817,
          31.2310078
        ]
      },
      "properties": {
        "addr:housenumber": "335"
      }
    },
    {
      "type": "Feature",
      "geometry": {
        "type": "Point",
        "coordinates": [
          121.4623158,
          31.231223
        ]
      },
      "properties": {
        "addr:housenumber": "337南门"
      }
    },
    {
      "type": "Feature",
      "geometry": {
        "type": "Point",
        "coordinates": [
          121.4623012,
          31.2313242
        ]
      },
      "properties": {
        "addr:housenumber": "337北门"
      }
    },
    {
      "type": "Feature",
      "geometry": {
        "type": "Point",
        "coordinates": [
          121.4566163,
          31.2079064
        ]
      },
      "properties": {
        "addr:housenumber": "7"
      }
    },
    {
      "type": "Feature",
      "geometry": {
        "type": "Point",
        "coordinates": [
          121.4364067,
          31.231147
        ]
      },
      "properties": {
        "addr:housenumber": "128"
      }
    },
    {
      "type": "Feature",
      "geometry": {
        "type": "Point",
        "coordinates": [
          121.4361912,
          31.2309869
        ]
      },
      "properties": {
        "addr:housenumber": "135"
      }
    },
    {
      "type": "Feature",
      "geometry": {
        "type": "Point",
        "coordinates": [
          121.4621368,
          31.2317128
        ]
      },
      "properties": {
        "addr:housenumber": "363"
      }
    },
    {
      "type": "Feature",
      "geometry": {
        "type": "Point",
        "coordinates": [
          121.4621427,
          31.2316989
        ]
      },
      "properties": {
        "addr:housenumber": "363-1"
      }
    },
    {
      "type": "Feature",
      "geometry": {
        "type": "Point",
        "coordinates": [
          121.4621302,
          31.2317296
        ]
      },
      "properties": {
        "addr:housenumber": "367"
      }
    },
    {
      "type": "Feature",
      "geometry": {
        "type": "Point",
        "coordinates": [
          121.462102,
          31.231843
        ]
      },
      "properties": {
        "addr:housenumber": "367-1"
      }
    },
    {
      "type": "Feature",
      "geometry": {
        "type": "Point",
        "coordinates": [
          121.4621074,
          31.2318156
        ]
      },
      "properties": {
        "addr:housenumber": "367-2"
      }
    },
    {
      "type": "Feature",
      "geometry": {
        "type": "Point",
        "coordinates": [
          121.4621134,
          31.2317914
        ]
      },
      "properties": {
        "addr:housenumber": "367-3"
      }
    },
    {
      "type": "Feature",
      "geometry": {
        "type": "Point",
        "coordinates": [
          121.4621161,
          31.2317686
        ]
      },
      "properties": {
        "addr:housenumber": "367-4"
      }
    },
    {
      "type": "Feature",
      "geometry": {
        "type": "Point",
        "coordinates": [
          121.462121,
          31.2317482
        ]
      },
      "properties": {
        "addr:housenumber": "367-5"
      }
    },
    {
      "type": "Feature",
      "geometry": {
        "type": "Point",
        "coordinates": [
          121.4621323,
          31.2318735
        ]
      },
      "properties": {
        "addr:housenumber": "369"
      }
    },
    {
      "type": "Feature",
      "geometry": {
        "type": "Point",
        "coordinates": [
          121.4621256,
          31.2319301
        ]
      },
      "properties": {
        "addr:housenumber": "371"
      }
    },
    {
      "type": "Feature",
      "geometry": {
        "type": "Point",
        "coordinates": [
          121.4621256,
          31.231994
        ]
      },
      "properties": {
        "addr:housenumber": "373"
      }
    },
    {
      "type": "Feature",
      "geometry": {
        "type": "Point",
        "coordinates": [
          121.4359271,
          31.1968398
        ]
      },
      "properties": {
        "addr:housenumber": "1000號"
      }
    },
    {
      "type": "Feature",
      "geometry": {
        "type": "Point",
        "coordinates": [
          121.4178547,
          31.2177579
        ]
      },
      "properties": {
        "addr:housenumber": "1273"
      }
    },
    {
      "type": "Feature",
      "geometry": {
        "type": "Point",
        "coordinates": [
          121.4414445,
          31.2220342
        ]
      },
      "properties": {
        "addr:housenumber": "231"
      }
    },
    {
      "type": "Feature",
      "geometry": {
        "type": "Point",
        "coordinates": [
          121.4363137,
          31.1970253
        ]
      },
      "properties": {
        "addr:housenumber": "1000號"
      }
    },
    {
      "type": "Feature",
      "geometry": {
        "type": "Point",
        "coordinates": [
          121.4787198,
          31.229013
        ]
      },
      "properties": {
        "addr:housenumber": "6号"
      }
    },
    {
      "type": "Feature",
      "geometry": {
        "type": "Point",
        "coordinates": [
          121.4754365,
          31.2276613
        ]
      },
      "properties": {
        "addr:housenumber": "2-8号兰生大厦1F"
      }
    },
    {
      "type": "Feature",
      "geometry": {
        "type": "Point",
        "coordinates": [
          121.4533374,
          31.2128007
        ]
      },
      "properties": {
        "addr:housenumber": "80"
      }
    },
    {
      "type": "Feature",
      "geometry": {
        "type": "Point",
        "coordinates": [
          121.481584,
          31.2544031
        ]
      },
      "properties": {
        "addr:housenumber": "234"
      }
    },
    {
      "type": "Feature",
      "geometry": {
        "type": "Point",
        "coordinates": [
          121.4620093,
          31.2323997
        ]
      },
      "properties": {
        "addr:housenumber": "555 B1"
      }
    },
    {
      "type": "Feature",
      "geometry": {
        "type": "Point",
        "coordinates": [
          121.4322656,
          31.1845552
        ]
      },
      "properties": {
        "addr:housenumber": "899号"
      }
    },
    {
      "type": "Feature",
      "geometry": {
        "type": "Point",
        "coordinates": [
          121.4445523,
          31.2416738
        ]
      },
      "properties": {
        "addr:housenumber": "190号"
      }
    },
    {
      "type": "Feature",
      "geometry": {
        "type": "Point",
        "coordinates": [
          121.4432969,
          31.2245539
        ]
      },
      "properties": {
        "addr:housenumber": "1601"
      }
    },
    {
      "type": "Feature",
      "geometry": {
        "type": "Point",
        "coordinates": [
          121.4705773,
          31.2187697
        ]
      },
      "properties": {
        "addr:housenumber": "245"
      }
    },
    {
      "type": "Feature",
      "geometry": {
        "type": "Point",
        "coordinates": [
          121.4300069,
          31.1939981
        ]
      },
      "properties": {
        "addr:housenumber": "100"
      }
    },
    {
      "type": "Feature",
      "geometry": {
        "type": "Point",
        "coordinates": [
          121.4297869,
          31.1942734
        ]
      },
      "properties": {
        "addr:housenumber": "100"
      }
    },
    {
      "type": "Feature",
      "geometry": {
        "type": "Point",
        "coordinates": [
          121.4435208,
          31.2410321
        ]
      },
      "properties": {
        "addr:housenumber": "777号"
      }
    },
    {
      "type": "Feature",
      "geometry": {
        "type": "Point",
        "coordinates": [
          121.4253229,
          31.2350715
        ]
      },
      "properties": {
        "addr:housenumber": "943号"
      }
    },
    {
      "type": "Feature",
      "geometry": {
        "type": "Point",
        "coordinates": [
          121.4460519,
          31.2590125
        ]
      },
      "properties": {
        "addr:housenumber": "555弄"
      }
    },
    {
      "type": "Feature",
      "geometry": {
        "type": "Point",
        "coordinates": [
          121.4350881,
          31.2434491
        ]
      },
      "properties": {
        "addr:housenumber": "247号"
      }
    },
    {
      "type": "Feature",
      "geometry": {
        "type": "Point",
        "coordinates": [
          121.5242361,
          31.2238576
        ]
      },
      "properties": {
        "addr:housenumber": "985号"
      }
    },
    {
      "type": "Feature",
      "geometry": {
        "type": "Point",
        "coordinates": [
          121.4411473,
          31.1920409
        ]
      },
      "properties": {
        "addr:housenumber": "2455号"
      }
    },
    {
      "type": "Feature",
      "geometry": {
        "type": "Point",
        "coordinates": [
          121.4380721,
          31.1920267
        ]
      },
      "properties": {
        "addr:housenumber": "129号"
      }
    },
    {
      "type": "Feature",
      "geometry": {
        "type": "Point",
        "coordinates": [
          121.4384026,
          31.1918654
        ]
      },
      "properties": {
        "addr:housenumber": "106号"
      }
    },
    {
      "type": "Feature",
      "geometry": {
        "type": "Point",
        "coordinates": [
          121.4354742,
          31.1951609
        ]
      },
      "properties": {
        "addr:housenumber": "1111号，美罗城"
      }
    },
    {
      "type": "Feature",
      "geometry": {
        "type": "Point",
        "coordinates": [
          121.438046,
          31.2089575
        ]
      },
      "properties": {
        "addr:housenumber": "1670弄"
      }
    },
    {
      "type": "Feature",
      "geometry": {
        "type": "Point",
        "coordinates": [
          121.430508,
          31.2397369
        ]
      },
      "properties": {
        "addr:housenumber": "527号"
      }
    },
    {
      "type": "Feature",
      "geometry": {
        "type": "Point",
        "coordinates": [
          121.4498301,
          31.203115
        ]
      },
      "properties": {
        "addr:housenumber": "500-2"
      }
    },
    {
      "type": "Feature",
      "geometry": {
        "type": "Point",
        "coordinates": [
          121.4367513,
          31.1966235
        ]
      },
      "properties": {
        "addr:housenumber": "1065"
      }
    },
    {
      "type": "Feature",
      "geometry": {
        "type": "Point",
        "coordinates": [
          121.4528409,
          31.2181491
        ]
      },
      "properties": {
        "addr:housenumber": "1008-6"
      }
    },
    {
      "type": "Feature",
      "geometry": {
        "type": "Point",
        "coordinates": [
          121.4528778,
          31.2181599
        ]
      },
      "properties": {
        "addr:housenumber": "1008-5"
      }
    },
    {
      "type": "Feature",
      "geometry": {
        "type": "Point",
        "coordinates": [
          121.453011,
          31.2182096
        ]
      },
      "properties": {
        "addr:housenumber": "1008-2"
      }
    },
    {
      "type": "Feature",
      "geometry": {
        "type": "Point",
        "coordinates": [
          121.4530525,
          31.2182245
        ]
      },
      "properties": {
        "addr:housenumber": "1008-1"
      }
    },
    {
      "type": "Feature",
      "geometry": {
        "type": "Point",
        "coordinates": [
          121.4531067,
          31.2182912
        ]
      },
      "properties": {
        "addr:housenumber": "1006"
      }
    },
    {
      "type": "Feature",
      "geometry": {
        "type": "Point",
        "coordinates": [
          121.453669,
          31.2185152
        ]
      },
      "properties": {
        "addr:housenumber": "1000"
      }
    },
    {
      "type": "Feature",
      "geometry": {
        "type": "Point",
        "coordinates": [
          121.4537878,
          31.2185461
        ]
      },
      "properties": {
        "addr:housenumber": "988临"
      }
    },
    {
      "type": "Feature",
      "geometry": {
        "type": "Point",
        "coordinates": [
          121.4538754,
          31.2185804
        ]
      },
      "properties": {
        "addr:housenumber": "988"
      }
    },
    {
      "type": "Feature",
      "geometry": {
        "type": "Point",
        "coordinates": [
          121.4539721,
          31.2186149
        ]
      },
      "properties": {
        "addr:housenumber": "988-3临"
      }
    },
    {
      "type": "Feature",
      "geometry": {
        "type": "Point",
        "coordinates": [
          121.4540921,
          31.2186645
        ]
      },
      "properties": {
        "addr:housenumber": "988-1"
      }
    },
    {
      "type": "Feature",
      "geometry": {
        "type": "Point",
        "coordinates": [
          121.455331,
          31.2192377
        ]
      },
      "properties": {
        "addr:housenumber": "900"
      }
    },
    {
      "type": "Feature",
      "geometry": {
        "type": "Point",
        "coordinates": [
          121.4646326,
          31.2317342
        ]
      },
      "properties": {
        "addr:housenumber": "72-1"
      }
    },
    {
      "type": "Feature",
      "geometry": {
        "type": "Point",
        "coordinates": [
          121.4645549,
          31.2317041
        ]
      },
      "properties": {
        "addr:housenumber": "76"
      }
    },
    {
      "type": "Feature",
      "geometry": {
        "type": "Point",
        "coordinates": [
          121.4645288,
          31.2316943
        ]
      },
      "properties": {
        "addr:housenumber": "78"
      }
    },
    {
      "type": "Feature",
      "geometry": {
        "type": "Point",
        "coordinates": [
          121.4644476,
          31.2316607
        ]
      },
      "properties": {
        "addr:housenumber": "82"
      }
    },
    {
      "type": "Feature",
      "geometry": {
        "type": "Point",
        "coordinates": [
          121.464404,
          31.2316475
        ]
      },
      "properties": {
        "addr:housenumber": "84"
      }
    },
    {
      "type": "Feature",
      "geometry": {
        "type": "Point",
        "coordinates": [
          121.4642934,
          31.2316052
        ]
      },
      "properties": {
        "addr:housenumber": "96"
      }
    },
    {
      "type": "Feature",
      "geometry": {
        "type": "Point",
        "coordinates": [
          121.4641358,
          31.2315497
        ]
      },
      "properties": {
        "addr:housenumber": "104边门"
      }
    },
    {
      "type": "Feature",
      "geometry": {
        "type": "Point",
        "coordinates": [
          121.4640845,
          31.2315386
        ]
      },
      "properties": {
        "addr:housenumber": "104"
      }
    },
    {
      "type": "Feature",
      "geometry": {
        "type": "Point",
        "coordinates": [
          121.4640001,
          31.2315102
        ]
      },
      "properties": {
        "addr:housenumber": "108"
      }
    },
    {
      "type": "Feature",
      "geometry": {
        "type": "Point",
        "coordinates": [
          121.4639481,
          31.2314896
        ]
      },
      "properties": {
        "addr:housenumber": "110"
      }
    },
    {
      "type": "Feature",
      "geometry": {
        "type": "Point",
        "coordinates": [
          121.4638295,
          31.2314669
        ]
      },
      "properties": {
        "addr:housenumber": "120"
      }
    },
    {
      "type": "Feature",
      "geometry": {
        "type": "Point",
        "coordinates": [
          121.4637362,
          31.2314346
        ]
      },
      "properties": {
        "addr:housenumber": "124"
      }
    },
    {
      "type": "Feature",
      "geometry": {
        "type": "Point",
        "coordinates": [
          121.4637153,
          31.2313486
        ]
      },
      "properties": {
        "addr:housenumber": "135边门"
      }
    },
    {
      "type": "Feature",
      "geometry": {
        "type": "Point",
        "coordinates": [
          121.4682999,
          31.2260132
        ]
      },
      "properties": {
        "addr:housenumber": "40"
      }
    },
    {
      "type": "Feature",
      "geometry": {
        "type": "Point",
        "coordinates": [
          121.4558937,
          31.2154603
        ]
      },
      "properties": {
        "addr:housenumber": "388"
      }
    },
    {
      "type": "Feature",
      "geometry": {
        "type": "Point",
        "coordinates": [
          121.4660009,
          31.2366304
        ]
      },
      "properties": {
        "addr:housenumber": "97"
      }
    },
    {
      "type": "Feature",
      "geometry": {
        "type": "Point",
        "coordinates": [
          121.4682483,
          31.2282583
        ]
      },
      "properties": {
        "addr:housenumber": "1"
      }
    },
    {
      "type": "Feature",
      "geometry": {
        "type": "Point",
        "coordinates": [
          121.4430283,
          31.1850398
        ]
      },
      "properties": {
        "addr:housenumber": "960弄"
      }
    },
    {
      "type": "Feature",
      "geometry": {
        "type": "Point",
        "coordinates": [
          121.4444145,
          31.1862639
        ]
      },
      "properties": {
        "addr:housenumber": "920号"
      }
    },
    {
      "type": "Feature",
      "geometry": {
        "type": "Point",
        "coordinates": [
          121.4380286,
          31.18211
        ]
      },
      "properties": {
        "addr:housenumber": "666号南区66-68轴"
      }
    },
    {
      "type": "Feature",
      "geometry": {
        "type": "Point",
        "coordinates": [
          121.5579994,
          31.1672436
        ]
      },
      "properties": {
        "addr:housenumber": "2000号"
      }
    },
    {
      "type": "Feature",
      "geometry": {
        "type": "Point",
        "coordinates": [
          121.4451759,
          31.1882859
        ]
      },
      "properties": {
        "addr:housenumber": "660号"
      }
    },
    {
      "type": "Feature",
      "geometry": {
        "type": "Point",
        "coordinates": [
          121.4453285,
          31.188063
        ]
      },
      "properties": {
        "addr:housenumber": "664号"
      }
    },
    {
      "type": "Feature",
      "geometry": {
        "type": "Point",
        "coordinates": [
          121.4365168,
          31.1824242
        ]
      },
      "properties": {
        "addr:housenumber": "666号"
      }
    },
    {
      "type": "Feature",
      "geometry": {
        "type": "Point",
        "coordinates": [
          121.4461405,
          31.1868469
        ]
      },
      "properties": {
        "addr:housenumber": "800号"
      }
    },
    {
      "type": "Feature",
      "geometry": {
        "type": "Point",
        "coordinates": [
          121.4453382,
          31.2293368
        ]
      },
      "properties": {
        "addr:housenumber": "315"
      }
    },
    {
      "type": "Feature",
      "geometry": {
        "type": "Point",
        "coordinates": [
          121.4455714,
          31.2294388
        ]
      },
      "properties": {
        "addr:housenumber": "209弄1-9号"
      }
    },
    {
      "type": "Feature",
      "geometry": {
        "type": "Point",
        "coordinates": [
          121.4456616,
          31.2294786
        ]
      },
      "properties": {
        "addr:housenumber": "278"
      }
    },
    {
      "type": "Feature",
      "geometry": {
        "type": "Point",
        "coordinates": [
          121.4458097,
          31.2295685
        ]
      },
      "properties": {
        "addr:housenumber": "105"
      }
    },
    {
      "type": "Feature",
      "geometry": {
        "type": "Point",
        "coordinates": [
          121.4457294,
          31.229543
        ]
      },
      "properties": {
        "addr:housenumber": "201"
      }
    },
    {
      "type": "Feature",
      "geometry": {
        "type": "Point",
        "coordinates": [
          121.44605,
          31.2296698
        ]
      },
      "properties": {
        "addr:housenumber": "183弄1-2号"
      }
    },
    {
      "type": "Feature",
      "geometry": {
        "type": "Point",
        "coordinates": [
          121.4463868,
          31.2299054
        ]
      },
      "properties": {
        "addr:housenumber": "154"
      }
    },
    {
      "type": "Feature",
      "geometry": {
        "type": "Point",
        "coordinates": [
          121.446579,
          31.2298976
        ]
      },
      "properties": {
        "addr:housenumber": "145"
      }
    },
    {
      "type": "Feature",
      "geometry": {
        "type": "Point",
        "coordinates": [
          121.4466555,
          31.2299389
        ]
      },
      "properties": {
        "addr:housenumber": "125"
      }
    },
    {
      "type": "Feature",
      "geometry": {
        "type": "Point",
        "coordinates": [
          121.4466781,
          31.2299547
        ]
      },
      "properties": {
        "addr:housenumber": "123边门"
      }
    },
    {
      "type": "Feature",
      "geometry": {
        "type": "Point",
        "coordinates": [
          121.4475865,
          31.2302012
        ]
      },
      "properties": {
        "addr:housenumber": "90-5"
      }
    },
    {
      "type": "Feature",
      "geometry": {
        "type": "Point",
        "coordinates": [
          121.4476205,
          31.2302099
        ]
      },
      "properties": {
        "addr:housenumber": "90-4"
      }
    },
    {
      "type": "Feature",
      "geometry": {
        "type": "Point",
        "coordinates": [
          121.4476514,
          31.2302202
        ]
      },
      "properties": {
        "addr:housenumber": "90-3"
      }
    },
    {
      "type": "Feature",
      "geometry": {
        "type": "Point",
        "coordinates": [
          121.4476829,
          31.2302265
        ]
      },
      "properties": {
        "addr:housenumber": "90-2"
      }
    },
    {
      "type": "Feature",
      "geometry": {
        "type": "Point",
        "coordinates": [
          121.447709,
          31.2302386
        ]
      },
      "properties": {
        "addr:housenumber": "90"
      }
    },
    {
      "type": "Feature",
      "geometry": {
        "type": "Point",
        "coordinates": [
          121.4477734,
          31.2302592
        ]
      },
      "properties": {
        "addr:housenumber": "72-6"
      }
    },
    {
      "type": "Feature",
      "geometry": {
        "type": "Point",
        "coordinates": [
          121.4477976,
          31.2302644
        ]
      },
      "properties": {
        "addr:housenumber": "72-5"
      }
    },
    {
      "type": "Feature",
      "geometry": {
        "type": "Point",
        "coordinates": [
          121.4478217,
          31.2302707
        ]
      },
      "properties": {
        "addr:housenumber": "72-2"
      }
    },
    {
      "type": "Feature",
      "geometry": {
        "type": "Point",
        "coordinates": [
          121.4478452,
          31.2302764
        ]
      },
      "properties": {
        "addr:housenumber": "72-1"
      }
    },
    {
      "type": "Feature",
      "geometry": {
        "type": "Point",
        "coordinates": [
          121.4860334,
          31.2415716
        ]
      },
      "properties": {
        "addr:housenumber": "341"
      }
    },
    {
      "type": "Feature",
      "geometry": {
        "type": "Point",
        "coordinates": [
          121.4860404,
          31.2416183
        ]
      },
      "properties": {
        "addr:housenumber": "345"
      }
    },
    {
      "type": "Feature",
      "geometry": {
        "type": "Point",
        "coordinates": [
          121.4860359,
          31.241717
        ]
      },
      "properties": {
        "addr:housenumber": "351"
      }
    },
    {
      "type": "Feature",
      "geometry": {
        "type": "Point",
        "coordinates": [
          121.4860899,
          31.2418419
        ]
      },
      "properties": {
        "addr:housenumber": "357"
      }
    },
    {
      "type": "Feature",
      "geometry": {
        "type": "Point",
        "coordinates": [
          121.4861051,
          31.2419173
        ]
      },
      "properties": {
        "addr:housenumber": "361"
      }
    },
    {
      "type": "Feature",
      "geometry": {
        "type": "Point",
        "coordinates": [
          121.4861363,
          31.2420535
        ]
      },
      "properties": {
        "addr:housenumber": "365"
      }
    },
    {
      "type": "Feature",
      "geometry": {
        "type": "Point",
        "coordinates": [
          121.4861789,
          31.2422612
        ]
      },
      "properties": {
        "addr:housenumber": "365"
      }
    },
    {
      "type": "Feature",
      "geometry": {
        "type": "Point",
        "coordinates": [
          121.4473922,
          31.2301782
        ]
      },
      "properties": {
        "addr:housenumber": "100"
      }
    },
    {
      "type": "Feature",
      "geometry": {
        "type": "Point",
        "coordinates": [
          121.4528581,
          31.2438916
        ]
      },
      "properties": {
        "addr:housenumber": "188"
      }
    },
    {
      "type": "Feature",
      "geometry": {
        "type": "Point",
        "coordinates": [
          121.4843806,
          31.2396756
        ]
      },
      "properties": {
        "addr:housenumber": "50号"
      }
    },
    {
      "type": "Feature",
      "geometry": {
        "type": "Point",
        "coordinates": [
          121.4809432,
          31.2368946
        ]
      },
      "properties": {
        "addr:housenumber": "221"
      }
    },
    {
      "type": "Feature",
      "geometry": {
        "type": "Point",
        "coordinates": [
          121.442775,
          31.2168058
        ]
      },
      "properties": {
        "addr:housenumber": "37"
      }
    },
    {
      "type": "Feature",
      "geometry": {
        "type": "Point",
        "coordinates": [
          121.4423683,
          31.2166254
        ]
      },
      "properties": {
        "addr:housenumber": "53-57"
      }
    },
    {
      "type": "Feature",
      "geometry": {
        "type": "Point",
        "coordinates": [
          121.4084809,
          31.2363888
        ]
      },
      "properties": {
        "addr:housenumber": "3300号环球港3楼"
      }
    },
    {
      "type": "Feature",
      "geometry": {
        "type": "Point",
        "coordinates": [
          121.4844672,
          31.2394782
        ]
      },
      "properties": {
        "addr:housenumber": "47号"
      }
    },
    {
      "type": "Feature",
      "geometry": {
        "type": "Point",
        "coordinates": [
          121.478763,
          31.2135932
        ]
      },
      "properties": {
        "addr:housenumber": "1339号"
      }
    },
    {
      "type": "Feature",
      "geometry": {
        "type": "Point",
        "coordinates": [
          121.4786547,
          31.2137224
        ]
      },
      "properties": {
        "addr:housenumber": "555号"
      }
    },
    {
      "type": "Feature",
      "geometry": {
        "type": "Point",
        "coordinates": [
          121.4786164,
          31.2139561
        ]
      },
      "properties": {
        "addr:housenumber": "543号"
      }
    },
    {
      "type": "Feature",
      "geometry": {
        "type": "Point",
        "coordinates": [
          121.5055225,
          31.2561315
        ]
      },
      "properties": {
        "addr:housenumber": "59"
      }
    },
    {
      "type": "Feature",
      "geometry": {
        "type": "Point",
        "coordinates": [
          121.4785861,
          31.2132888
        ]
      },
      "properties": {
        "addr:housenumber": "1378号"
      }
    },
    {
      "type": "Feature",
      "geometry": {
        "type": "Point",
        "coordinates": [
          121.4379945,
          31.2247011
        ]
      },
      "properties": {
        "addr:housenumber": "18"
      }
    },
    {
      "type": "Feature",
      "geometry": {
        "type": "Point",
        "coordinates": [
          121.4406619,
          31.2263452
        ]
      },
      "properties": {
        "addr:housenumber": "132"
      }
    },
    {
      "type": "Feature",
      "geometry": {
        "type": "Point",
        "coordinates": [
          121.4807572,
          31.2407102
        ]
      },
      "properties": {
        "addr:housenumber": "11"
      }
    },
    {
      "type": "Feature",
      "geometry": {
        "type": "Point",
        "coordinates": [
          121.4803707,
          31.2407263
        ]
      },
      "properties": {
        "addr:housenumber": "66"
      }
    },
    {
      "type": "Feature",
      "geometry": {
        "type": "Point",
        "coordinates": [
          121.4803435,
          31.2402944
        ]
      },
      "properties": {
        "addr:housenumber": "438"
      }
    },
    {
      "type": "Feature",
      "geometry": {
        "type": "Point",
        "coordinates": [
          121.4508632,
          31.2236786
        ]
      },
      "properties": {
        "addr:housenumber": "568"
      }
    },
    {
      "type": "Feature",
      "geometry": {
        "type": "Point",
        "coordinates": [
          121.5375195,
          31.2420012
        ]
      },
      "properties": {
        "addr:housenumber": "480"
      }
    },
    {
      "type": "Feature",
      "geometry": {
        "type": "Point",
        "coordinates": [
          121.4551253,
          31.2303934
        ]
      },
      "properties": {
        "addr:housenumber": "99"
      }
    },
    {
      "type": "Feature",
      "geometry": {
        "type": "Point",
        "coordinates": [
          121.4309493,
          31.1543068
        ]
      },
      "properties": {
        "addr:housenumber": "880号"
      }
    },
    {
      "type": "Feature",
      "geometry": {
        "type": "Point",
        "coordinates": [
          121.4293519,
          31.2173452
        ]
      },
      "properties": {
        "addr:housenumber": "726"
      }
    },
    {
      "type": "Feature",
      "geometry": {
        "type": "Point",
        "coordinates": [
          121.4580869,
          31.2372977
        ]
      },
      "properties": {
        "addr:housenumber": "510"
      }
    },
    {
      "type": "Feature",
      "geometry": {
        "type": "Point",
        "coordinates": [
          121.4172708,
          31.176934
        ]
      },
      "properties": {
        "addr:housenumber": "宜山路691弄入口"
      }
    },
    {
      "type": "Feature",
      "geometry": {
        "type": "Point",
        "coordinates": [
          121.4521274,
          31.2319694
        ]
      },
      "properties": {
        "addr:housenumber": "73"
      }
    },
    {
      "type": "Feature",
      "geometry": {
        "type": "Point",
        "coordinates": [
          121.4472102,
          31.2304363
        ]
      },
      "properties": {
        "addr:housenumber": "118"
      }
    },
    {
      "type": "Feature",
      "geometry": {
        "type": "Point",
        "coordinates": [
          121.4580995,
          31.2341755
        ]
      },
      "properties": {
        "addr:housenumber": "605弄后门"
      }
    },
    {
      "type": "Feature",
      "geometry": {
        "type": "Point",
        "coordinates": [
          121.4677712,
          31.2077768
        ]
      },
      "properties": {
        "addr:housenumber": "1016"
      }
    },
    {
      "type": "Feature",
      "geometry": {
        "type": "Point",
        "coordinates": [
          121.4121438,
          31.2109995
        ]
      },
      "properties": {
        "addr:housenumber": "851"
      }
    },
    {
      "type": "Feature",
      "geometry": {
        "type": "Point",
        "coordinates": [
          121.4488971,
          31.2542749
        ]
      },
      "properties": {
        "addr:housenumber": "1688"
      }
    },
    {
      "type": "Feature",
      "geometry": {
        "type": "Point",
        "coordinates": [
          121.4386028,
          31.2093589
        ]
      },
      "properties": {
        "addr:housenumber": "1640"
      }
    },
    {
      "type": "Feature",
      "geometry": {
        "type": "Point",
        "coordinates": [
          121.4171833,
          31.1771219
        ]
      },
      "properties": {
        "addr:housenumber": "580号"
      }
    },
    {
      "type": "Feature",
      "geometry": {
        "type": "Point",
        "coordinates": [
          121.4656474,
          31.2318173
        ]
      },
      "properties": {
        "addr:housenumber": "17"
      }
    },
    {
      "type": "Feature",
      "geometry": {
        "type": "Point",
        "coordinates": [
          121.437724,
          31.2318988
        ]
      },
      "properties": {
        "addr:housenumber": "1050"
      }
    },
    {
      "type": "Feature",
      "geometry": {
        "type": "Point",
        "coordinates": [
          121.478515,
          31.2044919
        ]
      },
      "properties": {
        "addr:housenumber": "547"
      }
    },
    {
      "type": "Feature",
      "geometry": {
        "type": "Point",
        "coordinates": [
          121.4447815,
          31.2299432
        ]
      },
      "properties": {
        "addr:housenumber": "1381"
      }
    },
    {
      "type": "Feature",
      "geometry": {
        "type": "Point",
        "coordinates": [
          121.4446761,
          31.2300351
        ]
      },
      "properties": {
        "addr:housenumber": "1380"
      }
    },
    {
      "type": "Feature",
      "geometry": {
        "type": "Point",
        "coordinates": [
          121.4461338,
          31.2306926
        ]
      },
      "properties": {
        "addr:housenumber": "1298"
      }
    },
    {
      "type": "Feature",
      "geometry": {
        "type": "Point",
        "coordinates": [
          121.4461825,
          31.2307128
        ]
      },
      "properties": {
        "addr:housenumber": "1298"
      }
    },
    {
      "type": "Feature",
      "geometry": {
        "type": "Point",
        "coordinates": [
          121.4462382,
          31.2307282
        ]
      },
      "properties": {
        "addr:housenumber": "1296"
      }
    },
    {
      "type": "Feature",
      "geometry": {
        "type": "Point",
        "coordinates": [
          121.4462674,
          31.230739
        ]
      },
      "properties": {
        "addr:housenumber": "1290"
      }
    },
    {
      "type": "Feature",
      "geometry": {
        "type": "Point",
        "coordinates": [
          121.4462951,
          31.2307508
        ]
      },
      "properties": {
        "addr:housenumber": "1288"
      }
    },
    {
      "type": "Feature",
      "geometry": {
        "type": "Point",
        "coordinates": [
          121.446317,
          31.2307584
        ]
      },
      "properties": {
        "addr:housenumber": "1288-1"
      }
    },
    {
      "type": "Feature",
      "geometry": {
        "type": "Point",
        "coordinates": [
          121.44634,
          31.230766
        ]
      },
      "properties": {
        "addr:housenumber": "1280"
      }
    },
    {
      "type": "Feature",
      "geometry": {
        "type": "Point",
        "coordinates": [
          121.4463593,
          31.2307725
        ]
      },
      "properties": {
        "addr:housenumber": "1288"
      }
    },
    {
      "type": "Feature",
      "geometry": {
        "type": "Point",
        "coordinates": [
          121.4465028,
          31.2308249
        ]
      },
      "properties": {
        "addr:housenumber": "1278"
      }
    },
    {
      "type": "Feature",
      "geometry": {
        "type": "Point",
        "coordinates": [
          121.4465321,
          31.2308384
        ]
      },
      "properties": {
        "addr:housenumber": "1272-1"
      }
    },
    {
      "type": "Feature",
      "geometry": {
        "type": "Point",
        "coordinates": [
          121.4465538,
          31.2308458
        ]
      },
      "properties": {
        "addr:housenumber": "1272"
      }
    },
    {
      "type": "Feature",
      "geometry": {
        "type": "Point",
        "coordinates": [
          121.4465914,
          31.2308619
        ]
      },
      "properties": {
        "addr:housenumber": "1270"
      }
    },
    {
      "type": "Feature",
      "geometry": {
        "type": "Point",
        "coordinates": [
          121.4466285,
          31.230879
        ]
      },
      "properties": {
        "addr:housenumber": "1266甲"
      }
    },
    {
      "type": "Feature",
      "geometry": {
        "type": "Point",
        "coordinates": [
          121.4467298,
          31.230927
        ]
      },
      "properties": {
        "addr:housenumber": "1266乙"
      }
    },
    {
      "type": "Feature",
      "geometry": {
        "type": "Point",
        "coordinates": [
          121.4738288,
          31.2274135
        ]
      },
      "properties": {
        "addr:housenumber": "138"
      }
    },
    {
      "type": "Feature",
      "geometry": {
        "type": "Point",
        "coordinates": [
          121.4470995,
          31.2305585
        ]
      },
      "properties": {
        "addr:housenumber": "140边门"
      }
    },
    {
      "type": "Feature",
      "geometry": {
        "type": "Point",
        "coordinates": [
          121.4471107,
          31.2305012
        ]
      },
      "properties": {
        "addr:housenumber": "112后门"
      }
    },
    {
      "type": "Feature",
      "geometry": {
        "type": "Point",
        "coordinates": [
          121.4377314,
          31.2316823
        ]
      },
      "properties": {
        "addr:housenumber": "1081"
      }
    },
    {
      "type": "Feature",
      "geometry": {
        "type": "Point",
        "coordinates": [
          121.4533607,
          31.2126808
        ]
      },
      "properties": {
        "addr:housenumber": "73"
      }
    },
    {
      "type": "Feature",
      "geometry": {
        "type": "Point",
        "coordinates": [
          121.4504467,
          31.2179418
        ]
      },
      "properties": {
        "addr:housenumber": "20"
      }
    },
    {
      "type": "Feature",
      "geometry": {
        "type": "Point",
        "coordinates": [
          121.450311,
          31.2179925
        ]
      },
      "properties": {
        "addr:housenumber": "20"
      }
    },
    {
      "type": "Feature",
      "geometry": {
        "type": "Point",
        "coordinates": [
          121.4538703,
          31.219686
        ]
      },
      "properties": {
        "addr:housenumber": "230"
      }
    },
    {
      "type": "Feature",
      "geometry": {
        "type": "Point",
        "coordinates": [
          121.4570652,
          31.2188781
        ]
      },
      "properties": {
        "addr:housenumber": "137"
      }
    },
    {
      "type": "Feature",
      "geometry": {
        "type": "Point",
        "coordinates": [
          121.4570849,
          31.2188187
        ]
      },
      "properties": {
        "addr:housenumber": "139"
      }
    },
    {
      "type": "Feature",
      "geometry": {
        "type": "Point",
        "coordinates": [
          121.4570405,
          31.2189531
        ]
      },
      "properties": {
        "addr:housenumber": "135"
      }
    },
    {
      "type": "Feature",
      "geometry": {
        "type": "Point",
        "coordinates": [
          121.4476178,
          31.2150439
        ]
      },
      "properties": {
        "addr:housenumber": "8"
      }
    },
    {
      "type": "Feature",
      "geometry": {
        "type": "Point",
        "coordinates": [
          121.4840113,
          31.2200212
        ]
      },
      "properties": {
        "addr:housenumber": "36"
      }
    },
    {
      "type": "Feature",
      "geometry": {
        "type": "Point",
        "coordinates": [
          121.4404952,
          31.2262608
        ]
      },
      "properties": {
        "addr:housenumber": "136"
      }
    },
    {
      "type": "Feature",
      "geometry": {
        "type": "Point",
        "coordinates": [
          121.4598685,
          31.2344093
        ]
      },
      "properties": {
        "addr:housenumber": "105"
      }
    },
    {
      "type": "Feature",
      "geometry": {
        "type": "Point",
        "coordinates": [
          121.4412531,
          31.1829078
        ]
      },
      "properties": {
        "addr:housenumber": "1013号"
      }
    },
    {
      "type": "Feature",
      "geometry": {
        "type": "Point",
        "coordinates": [
          121.4368624,
          31.2082412
        ]
      },
      "properties": {
        "addr:housenumber": "1712號"
      }
    },
    {
      "type": "Feature",
      "geometry": {
        "type": "Point",
        "coordinates": [
          121.459807,
          31.2205869
        ]
      },
      "properties": {
        "addr:housenumber": "No. 755"
      }
    },
    {
      "type": "Feature",
      "geometry": {
        "type": "Point",
        "coordinates": [
          121.4565939,
          31.2326677
        ]
      },
      "properties": {
        "addr:housenumber": "818"
      }
    },
    {
      "type": "Feature",
      "geometry": {
        "type": "Point",
        "coordinates": [
          121.4331012,
          31.206572
        ]
      },
      "properties": {
        "addr:housenumber": "277"
      }
    },
    {
      "type": "Feature",
      "geometry": {
        "type": "Point",
        "coordinates": [
          121.4395448,
          31.2080884
        ]
      },
      "properties": {
        "addr:housenumber": "1, no. 11"
      }
    },
    {
      "type": "Feature",
      "geometry": {
        "type": "Point",
        "coordinates": [
          121.4414742,
          31.2125648
        ]
      },
      "properties": {
        "addr:housenumber": "32 room w"
      }
    },
    {
      "type": "Feature",
      "geometry": {
        "type": "Point",
        "coordinates": [
          121.4424331,
          31.2016092
        ]
      },
      "properties": {
        "addr:housenumber": "102"
      }
    },
    {
      "type": "Feature",
      "geometry": {
        "type": "Point",
        "coordinates": [
          121.4422496,
          31.21462
        ]
      },
      "properties": {
        "addr:housenumber": "89"
      }
    },
    {
      "type": "Feature",
      "geometry": {
        "type": "Point",
        "coordinates": [
          121.4313619,
          31.210705
        ]
      },
      "properties": {
        "addr:housenumber": "91"
      }
    },
    {
      "type": "Feature",
      "geometry": {
        "type": "Point",
        "coordinates": [
          121.4002957,
          31.2160945
        ]
      },
      "properties": {
        "addr:housenumber": "846"
      }
    },
    {
      "type": "Feature",
      "geometry": {
        "type": "Point",
        "coordinates": [
          121.458507,
          31.2107341
        ]
      },
      "properties": {
        "addr:housenumber": "25, 1st floor"
      }
    },
    {
      "type": "Feature",
      "geometry": {
        "type": "Point",
        "coordinates": [
          121.4357122,
          31.2141739
        ]
      },
      "properties": {
        "addr:housenumber": "60"
      }
    },
    {
      "type": "Feature",
      "geometry": {
        "type": "Point",
        "coordinates": [
          121.4387616,
          31.2124639
        ]
      },
      "properties": {
        "addr:housenumber": "133"
      }
    },
    {
      "type": "Feature",
      "geometry": {
        "type": "Point",
        "coordinates": [
          121.4498672,
          31.2220409
        ]
      },
      "properties": {
        "addr:housenumber": "12"
      }
    },
    {
      "type": "Feature",
      "geometry": {
        "type": "Point",
        "coordinates": [
          121.4412158,
          31.2144812
        ]
      },
      "properties": {
        "addr:housenumber": "210"
      }
    },
    {
      "type": "Feature",
      "geometry": {
        "type": "Point",
        "coordinates": [
          121.4296082,
          31.206771
        ]
      },
      "properties": {
        "addr:housenumber": "39"
      }
    },
    {
      "type": "Feature",
      "geometry": {
        "type": "Point",
        "coordinates": [
          121.4436532,
          31.2410662
        ]
      },
      "properties": {
        "addr:housenumber": "782号"
      }
    },
    {
      "type": "Feature",
      "geometry": {
        "type": "Point",
        "coordinates": [
          121.4395849,
          31.2142245
        ]
      },
      "properties": {
        "addr:housenumber": "250"
      }
    },
    {
      "type": "Feature",
      "geometry": {
        "type": "Point",
        "coordinates": [
          121.4297534,
          31.1720487
        ]
      },
      "properties": {
        "addr:housenumber": "250"
      }
    },
    {
      "type": "Feature",
      "geometry": {
        "type": "Point",
        "coordinates": [
          121.4412249,
          31.2267051
        ]
      },
      "properties": {
        "addr:housenumber": "98"
      }
    },
    {
      "type": "Feature",
      "geometry": {
        "type": "Point",
        "coordinates": [
          121.4360354,
          31.1989401
        ]
      },
      "properties": {
        "addr:housenumber": "838"
      }
    },
    {
      "type": "Feature",
      "geometry": {
        "type": "Point",
        "coordinates": [
          121.4460612,
          31.2223025
        ]
      },
      "properties": {
        "addr:housenumber": "87"
      }
    },
    {
      "type": "Feature",
      "geometry": {
        "type": "Point",
        "coordinates": [
          121.4459653,
          31.2224582
        ]
      },
      "properties": {
        "addr:housenumber": "85"
      }
    },
    {
      "type": "Feature",
      "geometry": {
        "type": "Point",
        "coordinates": [
          121.4459634,
          31.2268873
        ]
      },
      "properties": {
        "addr:housenumber": "142"
      }
    },
    {
      "type": "Feature",
      "geometry": {
        "type": "Point",
        "coordinates": [
          121.4460168,
          31.2268209
        ]
      },
      "properties": {
        "addr:housenumber": "128"
      }
    },
    {
      "type": "Feature",
      "geometry": {
        "type": "Point",
        "coordinates": [
          121.4456303,
          31.2230018
        ]
      },
      "properties": {
        "addr:housenumber": "59"
      }
    },
    {
      "type": "Feature",
      "geometry": {
        "type": "Point",
        "coordinates": [
          121.446165,
          31.2265542
        ]
      },
      "properties": {
        "addr:housenumber": "128"
      }
    },
    {
      "type": "Feature",
      "geometry": {
        "type": "Point",
        "coordinates": [
          121.5024107,
          31.2204208
        ]
      },
      "properties": {
        "addr:housenumber": "579号"
      }
    },
    {
      "type": "Feature",
      "geometry": {
        "type": "Point",
        "coordinates": [
          121.4850282,
          31.2351239
        ]
      },
      "properties": {
        "addr:housenumber": "33"
      }
    },
    {
      "type": "Feature",
      "geometry": {
        "type": "Point",
        "coordinates": [
          121.4847725,
          31.2367029
        ]
      },
      "properties": {
        "addr:housenumber": "136号"
      }
    },
    {
      "type": "Feature",
      "geometry": {
        "type": "Point",
        "coordinates": [
          121.4994394,
          31.1809911
        ]
      },
      "properties": {
        "addr:housenumber": "258号"
      }
    },
    {
      "type": "Feature",
      "geometry": {
        "type": "Point",
        "coordinates": [
          121.4386395,
          31.2156729
        ]
      },
      "properties": {
        "addr:housenumber": "201"
      }
    },
    {
      "type": "Feature",
      "geometry": {
        "type": "Point",
        "coordinates": [
          121.4368602,
          31.2448323
        ]
      },
      "properties": {
        "addr:housenumber": "155号"
      }
    },
    {
      "type": "Feature",
      "geometry": {
        "type": "Point",
        "coordinates": [
          121.4369405,
          31.2304175
        ]
      },
      "properties": {
        "addr:housenumber": "98"
      }
    },
    {
      "type": "Feature",
      "geometry": {
        "type": "Point",
        "coordinates": [
          121.4307619,
          31.2398278
        ]
      },
      "properties": {
        "addr:housenumber": "517号"
      }
    },
    {
      "type": "Feature",
      "geometry": {
        "type": "Point",
        "coordinates": [
          121.4371287,
          31.1944983
        ]
      },
      "properties": {
        "addr:housenumber": "No. 105"
      }
    },
    {
      "type": "Feature",
      "geometry": {
        "type": "Point",
        "coordinates": [
          121.4627356,
          31.2078759
        ]
      },
      "properties": {
        "addr:housenumber": "No. 438"
      }
    },
    {
      "type": "Feature",
      "geometry": {
        "type": "Point",
        "coordinates": [
          121.4580853,
          31.2105383
        ]
      },
      "properties": {
        "addr:housenumber": "27号"
      }
    },
    {
      "type": "Feature",
      "geometry": {
        "type": "Point",
        "coordinates": [
          121.4391301,
          31.2125529
        ]
      },
      "properties": {
        "addr:housenumber": "76"
      }
    },
    {
      "type": "Feature",
      "geometry": {
        "type": "Point",
        "coordinates": [
          121.4637222,
          31.2102546
        ]
      },
      "properties": {
        "addr:housenumber": "155, #39"
      }
    },
    {
      "type": "Feature",
      "geometry": {
        "type": "Point",
        "coordinates": [
          121.4426336,
          31.2167138
        ]
      },
      "properties": {
        "addr:housenumber": "45"
      }
    },
    {
      "type": "Feature",
      "geometry": {
        "type": "Point",
        "coordinates": [
          121.4073355,
          31.2040602
        ]
      },
      "properties": {
        "addr:housenumber": "908"
      }
    },
    {
      "type": "Feature",
      "geometry": {
        "type": "Point",
        "coordinates": [
          121.4593564,
          31.2348324
        ]
      },
      "properties": {
        "addr:housenumber": "129弄1号A座10G"
      }
    },
    {
      "type": "Feature",
      "geometry": {
        "type": "Point",
        "coordinates": [
          121.4466538,
          31.2102533
        ]
      },
      "properties": {
        "addr:housenumber": "5"
      }
    },
    {
      "type": "Feature",
      "geometry": {
        "type": "Point",
        "coordinates": [
          121.497896,
          31.2386416
        ]
      },
      "properties": {
        "addr:housenumber": "No. 8"
      }
    },
    {
      "type": "Feature",
      "geometry": {
        "type": "Point",
        "coordinates": [
          121.4969015,
          31.2387415
        ]
      },
      "properties": {
        "addr:housenumber": "No. 8"
      }
    },
    {
      "type": "Feature",
      "geometry": {
        "type": "Point",
        "coordinates": [
          121.4381461,
          31.1873193
        ]
      },
      "properties": {
        "addr:housenumber": "576"
      }
    },
    {
      "type": "Feature",
      "geometry": {
        "type": "Point",
        "coordinates": [
          121.4540236,
          31.188547
        ]
      },
      "properties": {
        "addr:housenumber": "599"
      }
    },
    {
      "type": "Feature",
      "geometry": {
        "type": "Point",
        "coordinates": [
          121.4438453,
          31.185221
        ]
      },
      "properties": {
        "addr:housenumber": "941号"
      }
    },
    {
      "type": "Feature",
      "geometry": {
        "type": "Point",
        "coordinates": [
          121.4499051,
          31.20061
        ]
      },
      "properties": {
        "addr:housenumber": "81号"
      }
    },
    {
      "type": "Feature",
      "geometry": {
        "type": "Point",
        "coordinates": [
          121.449978,
          31.2004416
        ]
      },
      "properties": {
        "addr:housenumber": "97号"
      }
    },
    {
      "type": "Feature",
      "geometry": {
        "type": "Point",
        "coordinates": [
          121.443056,
          31.225078
        ]
      },
      "properties": {
        "addr:housenumber": "1601"
      }
    },
    {
      "type": "Feature",
      "geometry": {
        "type": "Point",
        "coordinates": [
          121.4663129,
          31.236418
        ]
      },
      "properties": {
        "addr:housenumber": "90"
      }
    },
    {
      "type": "Feature",
      "geometry": {
        "type": "Point",
        "coordinates": [
          121.4526794,
          31.2233345
        ]
      },
      "properties": {
        "addr:housenumber": "27"
      }
    },
    {
      "type": "Feature",
      "geometry": {
        "type": "Point",
        "coordinates": [
          121.4771258,
          31.2396849
        ]
      },
      "properties": {
        "addr:housenumber": "258"
      }
    },
    {
      "type": "Feature",
      "geometry": {
        "type": "Point",
        "coordinates": [
          121.4296427,
          31.1719898
        ]
      },
      "properties": {
        "addr:housenumber": "260"
      }
    },
    {
      "type": "Feature",
      "geometry": {
        "type": "Point",
        "coordinates": [
          121.4240903,
          31.1651311
        ]
      },
      "properties": {
        "addr:housenumber": "211号"
      }
    },
    {
      "type": "Feature",
      "geometry": {
        "type": "Point",
        "coordinates": [
          121.4233921,
          31.165098
        ]
      },
      "properties": {
        "addr:housenumber": "223号"
      }
    },
    {
      "type": "Feature",
      "geometry": {
        "type": "Point",
        "coordinates": [
          121.4327255,
          31.1900553
        ]
      },
      "properties": {
        "addr:housenumber": "559号"
      }
    },
    {
      "type": "Feature",
      "geometry": {
        "type": "Point",
        "coordinates": [
          121.4329408,
          31.1908374
        ]
      },
      "properties": {
        "addr:housenumber": "396號"
      }
    },
    {
      "type": "Feature",
      "geometry": {
        "type": "Point",
        "coordinates": [
          121.4776309,
          31.2047482
        ]
      },
      "properties": {
        "addr:housenumber": "468"
      }
    },
    {
      "type": "Feature",
      "geometry": {
        "type": "Point",
        "coordinates": [
          121.4545717,
          31.2311353
        ]
      },
      "properties": {
        "addr:housenumber": "277号"
      }
    },
    {
      "type": "Feature",
      "geometry": {
        "type": "Point",
        "coordinates": [
          121.4737278,
          31.2274926
        ]
      },
      "properties": {
        "addr:housenumber": "138"
      }
    },
    {
      "type": "Feature",
      "geometry": {
        "type": "Point",
        "coordinates": [
          121.4356209,
          31.231611
        ]
      },
      "properties": {
        "addr:housenumber": "167"
      }
    },
    {
      "type": "Feature",
      "geometry": {
        "type": "Point",
        "coordinates": [
          121.4331536,
          31.2056395
        ]
      },
      "properties": {
        "addr:housenumber": "1879号"
      }
    },
    {
      "type": "Feature",
      "geometry": {
        "type": "Point",
        "coordinates": [
          121.4331716,
          31.2054731
        ]
      },
      "properties": {
        "addr:housenumber": "1877"
      }
    },
    {
      "type": "Feature",
      "geometry": {
        "type": "Point",
        "coordinates": [
          121.5534943,
          31.1958674
        ]
      },
      "properties": {
        "addr:housenumber": "394"
      }
    },
    {
      "type": "Feature",
      "geometry": {
        "type": "Point",
        "coordinates": [
          121.4416405,
          31.2272133
        ]
      },
      "properties": {
        "addr:housenumber": "118, B2"
      }
    },
    {
      "type": "Feature",
      "geometry": {
        "type": "Point",
        "coordinates": [
          121.5263111,
          31.2275304
        ]
      },
      "properties": {
        "addr:housenumber": "380号"
      }
    },
    {
      "type": "Feature",
      "geometry": {
        "type": "Point",
        "coordinates": [
          121.4188313,
          31.1983205
        ]
      },
      "properties": {
        "addr:housenumber": "555号"
      }
    },
    {
      "type": "Feature",
      "geometry": {
        "type": "Point",
        "coordinates": [
          121.4257015,
          31.2063856
        ]
      },
      "properties": {
        "addr:housenumber": "381"
      }
    },
    {
      "type": "Feature",
      "geometry": {
        "type": "Point",
        "coordinates": [
          121.4653415,
          31.213944
        ]
      },
      "properties": {
        "addr:housenumber": "280"
      }
    },
    {
      "type": "Feature",
      "geometry": {
        "type": "Point",
        "coordinates": [
          121.4680316,
          31.2143785
        ]
      },
      "properties": {
        "addr:housenumber": "227"
      }
    },
    {
      "type": "Feature",
      "geometry": {
        "type": "Point",
        "coordinates": [
          121.4406229,
          31.237404
        ]
      },
      "properties": {
        "addr:housenumber": "685"
      }
    },
    {
      "type": "Feature",
      "geometry": {
        "type": "Point",
        "coordinates": [
          121.4242237,
          31.2375175
        ]
      },
      "properties": {
        "addr:housenumber": "822 building 69"
      }
    },
    {
      "type": "Feature",
      "geometry": {
        "type": "Point",
        "coordinates": [
          121.4359815,
          31.2389076
        ]
      },
      "properties": {
        "addr:housenumber": "1045"
      }
    },
    {
      "type": "Feature",
      "geometry": {
        "type": "Point",
        "coordinates": [
          121.4400747,
          31.2418837
        ]
      },
      "properties": {
        "addr:housenumber": "1163"
      }
    },
    {
      "type": "Feature",
      "geometry": {
        "type": "Point",
        "coordinates": [
          121.4343322,
          31.2353317
        ]
      },
      "properties": {
        "addr:housenumber": "888-8"
      }
    },
    {
      "type": "Feature",
      "geometry": {
        "type": "Point",
        "coordinates": [
          121.4425667,
          31.2366025
        ]
      },
      "properties": {
        "addr:housenumber": "608-1"
      }
    },
    {
      "type": "Feature",
      "geometry": {
        "type": "Point",
        "coordinates": [
          121.4929931,
          31.2304078
        ]
      },
      "properties": {
        "addr:housenumber": "505號"
      }
    },
    {
      "type": "Feature",
      "geometry": {
        "type": "Point",
        "coordinates": [
          121.4376832,
          31.1894142
        ]
      },
      "properties": {
        "addr:housenumber": "333號"
      }
    },
    {
      "type": "Feature",
      "geometry": {
        "type": "Point",
        "coordinates": [
          121.4080448,
          31.1876663
        ]
      },
      "properties": {
        "addr:housenumber": "369号"
      }
    },
    {
      "type": "Feature",
      "geometry": {
        "type": "Point",
        "coordinates": [
          121.4079799,
          31.1880677
        ]
      },
      "properties": {
        "addr:housenumber": "369号"
      }
    },
    {
      "type": "Feature",
      "geometry": {
        "type": "Point",
        "coordinates": [
          121.4327076,
          31.2077869
        ]
      },
      "properties": {
        "addr:housenumber": "201号"
      }
    },
    {
      "type": "Feature",
      "geometry": {
        "type": "Point",
        "coordinates": [
          121.4704112,
          31.2383645
        ]
      },
      "properties": {
        "addr:housenumber": "98号"
      }
    },
    {
      "type": "Feature",
      "geometry": {
        "type": "Point",
        "coordinates": [
          121.4588659,
          31.2284226
        ]
      },
      "properties": {
        "addr:housenumber": "116号"
      }
    },
    {
      "type": "Feature",
      "geometry": {
        "type": "Point",
        "coordinates": [
          121.4528545,
          31.2218254
        ]
      },
      "properties": {
        "addr:housenumber": "325"
      }
    },
    {
      "type": "Feature",
      "geometry": {
        "type": "Point",
        "coordinates": [
          121.4778344,
          31.2424481
        ]
      },
      "properties": {
        "addr:housenumber": "200001"
      }
    },
    {
      "type": "Feature",
      "geometry": {
        "type": "Point",
        "coordinates": [
          121.4294103,
          31.216309
        ]
      },
      "properties": {
        "addr:housenumber": "719"
      }
    },
    {
      "type": "Feature",
      "geometry": {
        "type": "Point",
        "coordinates": [
          121.4526123,
          31.1884553
        ]
      },
      "properties": {
        "addr:housenumber": "699"
      }
    },
    {
      "type": "Feature",
      "geometry": {
        "type": "Point",
        "coordinates": [
          121.5265844,
          31.1843046
        ]
      },
      "properties": {
        "addr:housenumber": "312号"
      }
    },
    {
      "type": "Feature",
      "geometry": {
        "type": "Point",
        "coordinates": [
          121.4542916,
          31.1886596
        ]
      },
      "properties": {
        "addr:housenumber": "699号"
      }
    },
    {
      "type": "Feature",
      "geometry": {
        "type": "Point",
        "coordinates": [
          121.4685158,
          31.2300155
        ]
      },
      "properties": {
        "addr:housenumber": "288号"
      }
    },
    {
      "type": "Feature",
      "geometry": {
        "type": "Point",
        "coordinates": [
          121.4529263,
          31.2572714
        ]
      },
      "properties": {
        "addr:housenumber": "115号"
      }
    },
    {
      "type": "Feature",
      "geometry": {
        "type": "Point",
        "coordinates": [
          121.4323803,
          31.1618675
        ]
      },
      "properties": {
        "addr:housenumber": "969号"
      }
    },
    {
      "type": "Feature",
      "geometry": {
        "type": "Point",
        "coordinates": [
          121.4665589,
          31.2359941
        ]
      },
      "properties": {
        "addr:housenumber": "50號"
      }
    },
    {
      "type": "Feature",
      "geometry": {
        "type": "Point",
        "coordinates": [
          121.4664239,
          31.234463
        ]
      },
      "properties": {
        "addr:housenumber": "258"
      }
    },
    {
      "type": "Feature",
      "geometry": {
        "type": "Point",
        "coordinates": [
          121.4474985,
          31.2342613
        ]
      },
      "properties": {
        "addr:housenumber": "1250"
      }
    },
    {
      "type": "Feature",
      "geometry": {
        "type": "Point",
        "coordinates": [
          121.4187764,
          31.1788973
        ]
      },
      "properties": {
        "addr:housenumber": "19"
      }
    },
    {
      "type": "Feature",
      "geometry": {
        "type": "Point",
        "coordinates": [
          121.4390818,
          31.2157669
        ]
      },
      "properties": {
        "addr:housenumber": "195"
      }
    },
    {
      "type": "Feature",
      "geometry": {
        "type": "Point",
        "coordinates": [
          121.4117538,
          31.1768242
        ]
      },
      "properties": {
        "addr:housenumber": "706"
      }
    },
    {
      "type": "Feature",
      "geometry": {
        "type": "Point",
        "coordinates": [
          121.4756429,
          31.2378654
        ]
      },
      "properties": {
        "addr:housenumber": "536号"
      }
    },
    {
      "type": "Feature",
      "geometry": {
        "type": "Point",
        "coordinates": [
          121.4792172,
          31.2411817
        ]
      },
      "properties": {
        "addr:housenumber": "178"
      }
    },
    {
      "type": "Feature",
      "geometry": {
        "type": "Point",
        "coordinates": [
          121.4410846,
          31.2175777
        ]
      },
      "properties": {
        "addr:housenumber": "938"
      }
    },
    {
      "type": "Feature",
      "geometry": {
        "type": "Point",
        "coordinates": [
          121.4333182,
          31.2046888
        ]
      },
      "properties": {
        "addr:housenumber": "41"
      }
    },
    {
      "type": "Feature",
      "geometry": {
        "type": "Point",
        "coordinates": [
          121.4357385,
          31.1957485
        ]
      },
      "properties": {
        "addr:housenumber": "1111"
      }
    },
    {
      "type": "Feature",
      "geometry": {
        "type": "Point",
        "coordinates": [
          121.4417928,
          31.2130525
        ]
      },
      "properties": {
        "addr:housenumber": "344"
      }
    },
    {
      "type": "Feature",
      "geometry": {
        "type": "Point",
        "coordinates": [
          121.4712387,
          31.226017
        ]
      },
      "properties": {
        "addr:housenumber": "222"
      }
    },
    {
      "type": "Feature",
      "geometry": {
        "type": "Point",
        "coordinates": [
          121.4458838,
          31.2247323
        ]
      },
      "properties": {
        "addr:housenumber": "1218"
      }
    },
    {
      "type": "Feature",
      "geometry": {
        "type": "Point",
        "coordinates": [
          121.4481368,
          31.2187878
        ]
      },
      "properties": {
        "addr:housenumber": "206"
      }
    },
    {
      "type": "Feature",
      "geometry": {
        "type": "Point",
        "coordinates": [
          121.4511678,
          31.2321919
        ]
      },
      "properties": {
        "addr:housenumber": "1013"
      }
    },
    {
      "type": "Feature",
      "geometry": {
        "type": "Point",
        "coordinates": [
          121.4764891,
          31.2293948
        ]
      },
      "properties": {
        "addr:housenumber": "71"
      }
    },
    {
      "type": "Feature",
      "geometry": {
        "type": "Point",
        "coordinates": [
          121.4529857,
          31.2139322
        ]
      },
      "properties": {
        "addr:housenumber": "203"
      }
    },
    {
      "type": "Feature",
      "geometry": {
        "type": "Point",
        "coordinates": [
          121.4391464,
          31.2035588
        ]
      },
      "properties": {
        "addr:housenumber": "516"
      }
    },
    {
      "type": "Feature",
      "geometry": {
        "type": "Point",
        "coordinates": [
          121.458874,
          31.2557551
        ]
      },
      "properties": {
        "addr:housenumber": "638号"
      }
    },
    {
      "type": "Feature",
      "geometry": {
        "type": "Point",
        "coordinates": [
          121.4273639,
          31.2331354
        ]
      },
      "properties": {
        "addr:housenumber": "448号"
      }
    },
    {
      "type": "Feature",
      "geometry": {
        "type": "Point",
        "coordinates": [
          121.4990505,
          31.2091321
        ]
      },
      "properties": {
        "addr:housenumber": "1288号"
      }
    },
    {
      "type": "Feature",
      "geometry": {
        "type": "Point",
        "coordinates": [
          121.4782803,
          31.2374148
        ]
      },
      "properties": {
        "addr:housenumber": "399"
      }
    },
    {
      "type": "Feature",
      "geometry": {
        "type": "Point",
        "coordinates": [
          121.4748245,
          31.2357793
        ]
      },
      "properties": {
        "addr:housenumber": "589"
      }
    },
    {
      "type": "Feature",
      "geometry": {
        "type": "Point",
        "coordinates": [
          121.433314,
          31.2191304
        ]
      },
      "properties": {
        "addr:housenumber": "429"
      }
    },
    {
      "type": "Feature",
      "geometry": {
        "type": "Point",
        "coordinates": [
          121.4609217,
          31.2252848
        ]
      },
      "properties": {
        "addr:housenumber": "158"
      }
    },
    {
      "type": "Feature",
      "geometry": {
        "type": "Point",
        "coordinates": [
          121.4667284,
          31.2275054
        ]
      },
      "properties": {
        "addr:housenumber": "1292弄6-40号"
      }
    },
    {
      "type": "Feature",
      "geometry": {
        "type": "Point",
        "coordinates": [
          121.4665131,
          31.2274289
        ]
      },
      "properties": {
        "addr:housenumber": "1310弄5号"
      }
    },
    {
      "type": "Feature",
      "geometry": {
        "type": "Point",
        "coordinates": [
          121.4665077,
          31.2274384
        ]
      },
      "properties": {
        "addr:housenumber": "1310弄3号"
      }
    },
    {
      "type": "Feature",
      "geometry": {
        "type": "Point",
        "coordinates": [
          121.4524331,
          31.2151706
        ]
      },
      "properties": {
        "addr:housenumber": "174-2"
      }
    },
    {
      "type": "Feature",
      "geometry": {
        "type": "Point",
        "coordinates": [
          121.4470001,
          31.2199885
        ]
      },
      "properties": {
        "addr:housenumber": "184"
      }
    },
    {
      "type": "Feature",
      "geometry": {
        "type": "Point",
        "coordinates": [
          121.4704041,
          31.2210932
        ]
      },
      "properties": {
        "addr:housenumber": "245"
      }
    },
    {
      "type": "Feature",
      "geometry": {
        "type": "Point",
        "coordinates": [
          121.4470236,
          31.2127239
        ]
      },
      "properties": {
        "addr:housenumber": "1363"
      }
    },
    {
      "type": "Feature",
      "geometry": {
        "type": "Point",
        "coordinates": [
          121.4704157,
          31.2209788
        ]
      },
      "properties": {
        "addr:housenumber": "245"
      }
    },
    {
      "type": "Feature",
      "geometry": {
        "type": "Point",
        "coordinates": [
          121.4391436,
          31.213614
        ]
      },
      "properties": {
        "addr:housenumber": "2"
      }
    },
    {
      "type": "Feature",
      "geometry": {
        "type": "Point",
        "coordinates": [
          121.4520814,
          31.2271174
        ]
      },
      "properties": {
        "addr:housenumber": "80"
      }
    },
    {
      "type": "Feature",
      "geometry": {
        "type": "Point",
        "coordinates": [
          121.4610512,
          31.2546369
        ]
      },
      "properties": {
        "addr:housenumber": "1558"
      }
    },
    {
      "type": "Feature",
      "geometry": {
        "type": "Point",
        "coordinates": [
          121.4646727,
          31.2356028
        ]
      },
      "properties": {
        "addr:housenumber": "168"
      }
    },
    {
      "type": "Feature",
      "geometry": {
        "type": "Point",
        "coordinates": [
          121.4644983,
          31.2357819
        ]
      },
      "properties": {
        "addr:housenumber": "170"
      }
    },
    {
      "type": "Feature",
      "geometry": {
        "type": "Point",
        "coordinates": [
          121.4641286,
          31.2364568
        ]
      },
      "properties": {
        "addr:housenumber": "220"
      }
    },
    {
      "type": "Feature",
      "geometry": {
        "type": "Point",
        "coordinates": [
          121.4605836,
          31.2170628
        ]
      },
      "properties": {
        "addr:housenumber": "579"
      }
    },
    {
      "type": "Feature",
      "geometry": {
        "type": "Point",
        "coordinates": [
          121.4516578,
          31.2323197
        ]
      },
      "properties": {
        "addr:housenumber": "1013号"
      }
    },
    {
      "type": "Feature",
      "geometry": {
        "type": "Point",
        "coordinates": [
          121.4688418,
          31.2250469
        ]
      },
      "properties": {
        "addr:housenumber": "159"
      }
    },
    {
      "type": "Feature",
      "geometry": {
        "type": "Point",
        "coordinates": [
          121.4699668,
          31.2179984
        ]
      },
      "properties": {
        "addr:housenumber": "181"
      }
    },
    {
      "type": "Feature",
      "geometry": {
        "type": "Point",
        "coordinates": [
          121.4416236,
          31.2141704
        ]
      },
      "properties": {
        "addr:housenumber": "247-2"
      }
    },
    {
      "type": "Feature",
      "geometry": {
        "type": "Point",
        "coordinates": [
          121.4349427,
          31.1952197
        ]
      },
      "properties": {
        "addr:housenumber": "1111"
      }
    },
    {
      "type": "Feature",
      "geometry": {
        "type": "Point",
        "coordinates": [
          121.5263835,
          31.1790454
        ]
      },
      "properties": {
        "addr:housenumber": "1768"
      }
    },
    {
      "type": "Feature",
      "geometry": {
        "type": "Point",
        "coordinates": [
          121.4373453,
          31.2317245
        ]
      },
      "properties": {
        "addr:housenumber": "1058"
      }
    },
    {
      "type": "Feature",
      "geometry": {
        "type": "Point",
        "coordinates": [
          121.4550212,
          31.2310287
        ]
      },
      "properties": {
        "addr:housenumber": "175号4楼"
      }
    },
    {
      "type": "Feature",
      "geometry": {
        "type": "Point",
        "coordinates": [
          121.4474742,
          31.2196369
        ]
      },
      "properties": {
        "addr:housenumber": "271"
      }
    },
    {
      "type": "Feature",
      "geometry": {
        "type": "Point",
        "coordinates": [
          121.4534735,
          31.2179557
        ]
      },
      "properties": {
        "addr:housenumber": "999"
      }
    },
    {
      "type": "Feature",
      "geometry": {
        "type": "Point",
        "coordinates": [
          121.4070754,
          31.2337296
        ]
      },
      "properties": {
        "addr:housenumber": "3300"
      }
    },
    {
      "type": "Feature",
      "geometry": {
        "type": "Point",
        "coordinates": [
          121.4849977,
          31.2503941
        ]
      },
      "properties": {
        "addr:housenumber": "297"
      }
    },
    {
      "type": "Feature",
      "geometry": {
        "type": "Point",
        "coordinates": [
          121.4707586,
          31.21872
        ]
      },
      "properties": {
        "addr:housenumber": "245"
      }
    },
    {
      "type": "Feature",
      "geometry": {
        "type": "Point",
        "coordinates": [
          121.4531395,
          31.1886293
        ]
      },
      "properties": {
        "addr:housenumber": "699"
      }
    },
    {
      "type": "Feature",
      "geometry": {
        "type": "Point",
        "coordinates": [
          121.4327375,
          31.232422
        ]
      },
      "properties": {
        "addr:housenumber": "1025"
      }
    },
    {
      "type": "Feature",
      "geometry": {
        "type": "Point",
        "coordinates": [
          121.4370306,
          31.1947276
        ]
      },
      "properties": {
        "addr:housenumber": "93号"
      }
    },
    {
      "type": "Feature",
      "geometry": {
        "type": "Point",
        "coordinates": [
          121.4366621,
          31.1948831
        ]
      },
      "properties": {
        "addr:housenumber": "86号"
      }
    },
    {
      "type": "Feature",
      "geometry": {
        "type": "Point",
        "coordinates": [
          121.4364503,
          31.1953085
        ]
      },
      "properties": {
        "addr:housenumber": "68号"
      }
    },
    {
      "type": "Feature",
      "geometry": {
        "type": "Point",
        "coordinates": [
          121.4803649,
          31.2170046
        ]
      },
      "properties": {
        "addr:housenumber": "760 - Floor 14"
      }
    },
    {
      "type": "Feature",
      "geometry": {
        "type": "Point",
        "coordinates": [
          121.4361615,
          31.1948258
        ]
      },
      "properties": {
        "addr:housenumber": "30号"
      }
    },
    {
      "type": "Feature",
      "geometry": {
        "type": "Point",
        "coordinates": [
          121.4370945,
          31.1947864
        ]
      },
      "properties": {
        "addr:housenumber": "65号"
      }
    },
    {
      "type": "Feature",
      "geometry": {
        "type": "Point",
        "coordinates": [
          121.4462509,
          31.2317825
        ]
      },
      "properties": {
        "addr:housenumber": "252号"
      }
    },
    {
      "type": "Feature",
      "geometry": {
        "type": "Point",
        "coordinates": [
          121.4465953,
          31.2309812
        ]
      },
      "properties": {
        "addr:housenumber": "1266号"
      }
    },
    {
      "type": "Feature",
      "geometry": {
        "type": "Point",
        "coordinates": [
          121.4401782,
          31.2325872
        ]
      },
      "properties": {
        "addr:housenumber": "877"
      }
    },
    {
      "type": "Feature",
      "geometry": {
        "type": "Point",
        "coordinates": [
          121.4400889,
          31.2321244
        ]
      },
      "properties": {
        "addr:housenumber": "881"
      }
    },
    {
      "type": "Feature",
      "geometry": {
        "type": "Point",
        "coordinates": [
          121.4469196,
          31.2074523
        ]
      },
      "properties": {
        "addr:housenumber": "519"
      }
    },
    {
      "type": "Feature",
      "geometry": {
        "type": "Point",
        "coordinates": [
          121.4525277,
          31.2151441
        ]
      },
      "properties": {
        "addr:housenumber": "174"
      }
    },
    {
      "type": "Feature",
      "geometry": {
        "type": "Point",
        "coordinates": [
          121.4862384,
          31.2493594
        ]
      },
      "properties": {
        "addr:housenumber": "260"
      }
    },
    {
      "type": "Feature",
      "geometry": {
        "type": "Point",
        "coordinates": [
          121.4430802,
          31.2266222
        ]
      },
      "properties": {
        "addr:housenumber": "195"
      }
    },
    {
      "type": "Feature",
      "geometry": {
        "type": "Point",
        "coordinates": [
          121.4105573,
          31.2004555
        ]
      },
      "properties": {
        "addr:housenumber": "1055"
      }
    },
    {
      "type": "Feature",
      "geometry": {
        "type": "Point",
        "coordinates": [
          121.4192625,
          31.2211925
        ]
      },
      "properties": {
        "addr:housenumber": "1320"
      }
    },
    {
      "type": "Feature",
      "geometry": {
        "type": "Point",
        "coordinates": [
          121.419241,
          31.2216466
        ]
      },
      "properties": {
        "addr:housenumber": "1320"
      }
    },
    {
      "type": "Feature",
      "geometry": {
        "type": "Point",
        "coordinates": [
          121.4196487,
          31.2212199
        ]
      },
      "properties": {
        "addr:housenumber": "1294"
      }
    },
    {
      "type": "Feature",
      "geometry": {
        "type": "Point",
        "coordinates": [
          121.4196433,
          31.2216236
        ]
      },
      "properties": {
        "addr:housenumber": "1320"
      }
    },
    {
      "type": "Feature",
      "geometry": {
        "type": "Point",
        "coordinates": [
          121.4224671,
          31.2118655
        ]
      },
      "properties": {
        "addr:housenumber": "1262"
      }
    },
    {
      "type": "Feature",
      "geometry": {
        "type": "Point",
        "coordinates": [
          121.4349521,
          31.1975992
        ]
      },
      "properties": {
        "addr:housenumber": "890弄3号"
      }
    },
    {
      "type": "Feature",
      "geometry": {
        "type": "Point",
        "coordinates": [
          121.4418683,
          31.1949618
        ]
      },
      "properties": {
        "addr:housenumber": "262号"
      }
    },
    {
      "type": "Feature",
      "geometry": {
        "type": "Point",
        "coordinates": [
          121.4934426,
          31.2178928
        ]
      },
      "properties": {
        "addr:housenumber": "581"
      }
    },
    {
      "type": "Feature",
      "geometry": {
        "type": "Point",
        "coordinates": [
          121.5053932,
          31.2264497
        ]
      },
      "properties": {
        "addr:housenumber": "22"
      }
    },
    {
      "type": "Feature",
      "geometry": {
        "type": "Point",
        "coordinates": [
          121.4445004,
          31.2134464
        ]
      },
      "properties": {
        "addr:housenumber": "1333"
      }
    },
    {
      "type": "Feature",
      "geometry": {
        "type": "Point",
        "coordinates": [
          121.5382793,
          31.2172298
        ]
      },
      "properties": {
        "addr:housenumber": "330"
      }
    },
    {
      "type": "Feature",
      "geometry": {
        "type": "Point",
        "coordinates": [
          121.463086,
          31.2408972
        ]
      },
      "properties": {
        "addr:housenumber": "245号"
      }
    },
    {
      "type": "Feature",
      "geometry": {
        "type": "Point",
        "coordinates": [
          121.4314466,
          31.2227519
        ]
      },
      "properties": {
        "addr:housenumber": "698"
      }
    },
    {
      "type": "Feature",
      "geometry": {
        "type": "Point",
        "coordinates": [
          121.4196347,
          31.2219036
        ]
      },
      "properties": {
        "addr:housenumber": "1320"
      }
    },
    {
      "type": "Feature",
      "geometry": {
        "type": "Point",
        "coordinates": [
          121.4417222,
          31.1893729
        ]
      },
      "properties": {
        "addr:housenumber": "628号"
      }
    },
    {
      "type": "Feature",
      "geometry": {
        "type": "Point",
        "coordinates": [
          121.4556599,
          31.2162084
        ]
      },
      "properties": {
        "addr:housenumber": "368"
      }
    },
    {
      "type": "Feature",
      "geometry": {
        "type": "Point",
        "coordinates": [
          121.4557895,
          31.2159602
        ]
      },
      "properties": {
        "addr:housenumber": "368"
      }
    },
    {
      "type": "Feature",
      "geometry": {
        "type": "Point",
        "coordinates": [
          121.4567933,
          31.2201193
        ]
      },
      "properties": {
        "addr:housenumber": "870"
      }
    },
    {
      "type": "Feature",
      "geometry": {
        "type": "Point",
        "coordinates": [
          121.4455143,
          31.2264552
        ]
      },
      "properties": {
        "addr:housenumber": "1551"
      }
    },
    {
      "type": "Feature",
      "geometry": {
        "type": "Point",
        "coordinates": [
          121.4537843,
          31.2175278
        ]
      },
      "properties": {
        "addr:housenumber": "999"
      }
    },
    {
      "type": "Feature",
      "geometry": {
        "type": "Point",
        "coordinates": [
          121.4984438,
          31.2382358
        ]
      },
      "properties": {
        "addr:housenumber": "8"
      }
    },
    {
      "type": "Feature",
      "geometry": {
        "type": "Point",
        "coordinates": [
          121.4498039,
          31.2309436
        ]
      },
      "properties": {
        "addr:housenumber": "312"
      }
    },
    {
      "type": "Feature",
      "geometry": {
        "type": "Point",
        "coordinates": [
          121.4626412,
          31.2105023
        ]
      },
      "properties": {
        "addr:housenumber": "169"
      }
    },
    {
      "type": "Feature",
      "geometry": {
        "type": "Point",
        "coordinates": [
          121.4549195,
          31.2234885
        ]
      },
      "properties": {
        "addr:housenumber": "226"
      }
    },
    {
      "type": "Feature",
      "geometry": {
        "type": "Point",
        "coordinates": [
          121.4719834,
          31.2387627
        ]
      },
      "properties": {
        "addr:housenumber": "586"
      }
    },
    {
      "type": "Feature",
      "geometry": {
        "type": "Point",
        "coordinates": [
          121.4698463,
          31.2379349
        ]
      },
      "properties": {
        "addr:housenumber": "216"
      }
    },
    {
      "type": "Feature",
      "geometry": {
        "type": "Point",
        "coordinates": [
          121.4386093,
          31.2027806
        ]
      },
      "properties": {
        "addr:housenumber": "838"
      }
    },
    {
      "type": "Feature",
      "geometry": {
        "type": "Point",
        "coordinates": [
          121.4469249,
          31.24771
        ]
      },
      "properties": {
        "addr:housenumber": "511"
      }
    },
    {
      "type": "Feature",
      "geometry": {
        "type": "Point",
        "coordinates": [
          121.4895923,
          31.2326792
        ]
      },
      "properties": {
        "addr:housenumber": "22"
      }
    },
    {
      "type": "Feature",
      "geometry": {
        "type": "Point",
        "coordinates": [
          121.4951449,
          31.2392375
        ]
      },
      "properties": {
        "addr:housenumber": "168"
      }
    },
    {
      "type": "Feature",
      "geometry": {
        "type": "Point",
        "coordinates": [
          121.4706084,
          31.220909
        ]
      },
      "properties": {
        "addr:housenumber": "123"
      }
    },
    {
      "type": "Feature",
      "geometry": {
        "type": "Point",
        "coordinates": [
          121.444073,
          31.2226142
        ]
      },
      "properties": {
        "addr:housenumber": "1123"
      }
    },
    {
      "type": "Feature",
      "geometry": {
        "type": "Point",
        "coordinates": [
          121.4703426,
          31.2215156
        ]
      },
      "properties": {
        "addr:housenumber": "123号6号楼5楼"
      }
    },
    {
      "type": "Feature",
      "geometry": {
        "type": "Point",
        "coordinates": [
          121.4285716,
          31.1798058
        ]
      },
      "properties": {
        "addr:housenumber": "126"
      }
    },
    {
      "type": "Feature",
      "geometry": {
        "type": "Point",
        "coordinates": [
          121.4952448,
          31.2378153
        ]
      },
      "properties": {
        "addr:housenumber": "33"
      }
    },
    {
      "type": "Feature",
      "geometry": {
        "type": "Point",
        "coordinates": [
          121.4502477,
          31.218016
        ]
      },
      "properties": {
        "addr:housenumber": "20"
      }
    },
    {
      "type": "Feature",
      "geometry": {
        "type": "Point",
        "coordinates": [
          121.432668,
          31.1989326
        ]
      },
      "properties": {
        "addr:housenumber": "2038"
      }
    },
    {
      "type": "Feature",
      "geometry": {
        "type": "Point",
        "coordinates": [
          121.4325807,
          31.1991044
        ]
      },
      "properties": {
        "addr:housenumber": "2038"
      }
    },
    {
      "type": "Feature",
      "geometry": {
        "type": "Point",
        "coordinates": [
          121.4327152,
          31.1988398
        ]
      },
      "properties": {
        "addr:housenumber": "2038"
      }
    },
    {
      "type": "Feature",
      "geometry": {
        "type": "Point",
        "coordinates": [
          121.4327857,
          31.1987011
        ]
      },
      "properties": {
        "addr:housenumber": "2038"
      }
    },
    {
      "type": "Feature",
      "geometry": {
        "type": "Point",
        "coordinates": [
          121.4325097,
          31.1992442
        ]
      },
      "properties": {
        "addr:housenumber": "2038"
      }
    },
    {
      "type": "Feature",
      "geometry": {
        "type": "Point",
        "coordinates": [
          121.4511052,
          31.2177705
        ]
      },
      "properties": {
        "addr:housenumber": "1028"
      }
    },
    {
      "type": "Feature",
      "geometry": {
        "type": "Point",
        "coordinates": [
          121.4559447,
          31.2406764
        ]
      },
      "properties": {
        "addr:housenumber": "5号"
      }
    },
    {
      "type": "Feature",
      "geometry": {
        "type": "Point",
        "coordinates": [
          121.4326641,
          31.1985956
        ]
      },
      "properties": {
        "addr:housenumber": "2068"
      }
    },
    {
      "type": "Feature",
      "geometry": {
        "type": "Point",
        "coordinates": [
          121.4395953,
          31.2386872
        ]
      },
      "properties": {
        "addr:housenumber": "770 2层"
      }
    },
    {
      "type": "Feature",
      "geometry": {
        "type": "Point",
        "coordinates": [
          121.4261088,
          31.2063294
        ]
      },
      "properties": {
        "addr:housenumber": "67"
      }
    },
    {
      "type": "Feature",
      "geometry": {
        "type": "Point",
        "coordinates": [
          121.4026055,
          31.2076687
        ]
      },
      "properties": {
        "addr:housenumber": "99"
      }
    },
    {
      "type": "Feature",
      "geometry": {
        "type": "Point",
        "coordinates": [
          121.4305864,
          31.2217711
        ]
      },
      "properties": {
        "addr:housenumber": "753, bld B"
      }
    },
    {
      "type": "Feature",
      "geometry": {
        "type": "Point",
        "coordinates": [
          121.4183126,
          31.2216308
        ]
      },
      "properties": {
        "addr:housenumber": "34"
      }
    },
    {
      "type": "Feature",
      "geometry": {
        "type": "Point",
        "coordinates": [
          121.4274968,
          31.2526258
        ]
      },
      "properties": {
        "addr:housenumber": "1855"
      }
    },
    {
      "type": "Feature",
      "geometry": {
        "type": "Point",
        "coordinates": [
          121.4415208,
          31.2216432
        ]
      },
      "properties": {
        "addr:housenumber": "249"
      }
    },
    {
      "type": "Feature",
      "geometry": {
        "type": "Point",
        "coordinates": [
          121.4415032,
          31.2216797
        ]
      },
      "properties": {
        "addr:housenumber": "247"
      }
    },
    {
      "type": "Feature",
      "geometry": {
        "type": "Point",
        "coordinates": [
          121.4366378,
          31.2080663
        ]
      },
      "properties": {
        "addr:housenumber": "1720"
      }
    },
    {
      "type": "Feature",
      "geometry": {
        "type": "Point",
        "coordinates": [
          121.4312924,
          31.2066962
        ]
      },
      "properties": {
        "addr:housenumber": "9"
      }
    },
    {
      "type": "Feature",
      "geometry": {
        "type": "Point",
        "coordinates": [
          121.4419568,
          31.2027938
        ]
      },
      "properties": {
        "addr:housenumber": "641"
      }
    },
    {
      "type": "Feature",
      "geometry": {
        "type": "Point",
        "coordinates": [
          121.469259,
          31.2254303
        ]
      },
      "properties": {
        "addr:housenumber": "300/3F/306"
      }
    },
    {
      "type": "Feature",
      "geometry": {
        "type": "Point",
        "coordinates": [
          121.4232993,
          31.2295751
        ]
      },
      "properties": {
        "addr:housenumber": "88/B1"
      }
    },
    {
      "type": "Feature",
      "geometry": {
        "type": "Point",
        "coordinates": [
          121.4765985,
          31.2029738
        ]
      },
      "properties": {
        "addr:housenumber": "841"
      }
    },
    {
      "type": "Feature",
      "geometry": {
        "type": "Point",
        "coordinates": [
          121.4206703,
          31.1696415
        ]
      },
      "properties": {
        "addr:housenumber": "103号"
      }
    },
    {
      "type": "Feature",
      "geometry": {
        "type": "Point",
        "coordinates": [
          121.4287653,
          31.2068881
        ]
      },
      "properties": {
        "addr:housenumber": "1520"
      }
    },
    {
      "type": "Feature",
      "geometry": {
        "type": "Point",
        "coordinates": [
          121.4286015,
          31.2220251
        ]
      },
      "properties": {
        "addr:housenumber": "816"
      }
    },
    {
      "type": "Feature",
      "geometry": {
        "type": "Point",
        "coordinates": [
          121.4522891,
          31.2164768
        ]
      },
      "properties": {
        "addr:housenumber": "92"
      }
    },
    {
      "type": "Feature",
      "geometry": {
        "type": "Point",
        "coordinates": [
          121.457139,
          31.211962
        ]
      },
      "properties": {
        "addr:housenumber": "45"
      }
    },
    {
      "type": "Feature",
      "geometry": {
        "type": "Point",
        "coordinates": [
          121.4606368,
          31.2187056
        ]
      },
      "properties": {
        "addr:housenumber": "22号"
      }
    },
    {
      "type": "Feature",
      "geometry": {
        "type": "Point",
        "coordinates": [
          121.4601378,
          31.2185995
        ]
      },
      "properties": {
        "addr:housenumber": "28號"
      }
    },
    {
      "type": "Feature",
      "geometry": {
        "type": "Point",
        "coordinates": [
          121.488439,
          31.1903242
        ]
      },
      "properties": {
        "addr:housenumber": "Floor 6"
      }
    },
    {
      "type": "Feature",
      "geometry": {
        "type": "Point",
        "coordinates": [
          121.4657704,
          31.2118255
        ]
      },
      "properties": {
        "addr:housenumber": "101"
      }
    },
    {
      "type": "Feature",
      "geometry": {
        "type": "Point",
        "coordinates": [
          121.4655911,
          31.2117488
        ]
      },
      "properties": {
        "addr:housenumber": "76"
      }
    },
    {
      "type": "Feature",
      "geometry": {
        "type": "Point",
        "coordinates": [
          121.4315694,
          31.2227789
        ]
      },
      "properties": {
        "addr:housenumber": "666"
      }
    },
    {
      "type": "Feature",
      "geometry": {
        "type": "Point",
        "coordinates": [
          121.4607777,
          31.213319
        ]
      },
      "properties": {
        "addr:housenumber": "120-4"
      }
    },
    {
      "type": "Feature",
      "geometry": {
        "type": "Point",
        "coordinates": [
          121.4537374,
          31.2048595
        ]
      },
      "properties": {
        "addr:housenumber": "578"
      }
    },
    {
      "type": "Feature",
      "geometry": {
        "type": "Point",
        "coordinates": [
          121.4667101,
          31.210032
        ]
      },
      "properties": {
        "addr:housenumber": "9号"
      }
    },
    {
      "type": "Feature",
      "geometry": {
        "type": "Point",
        "coordinates": [
          121.4662939,
          31.2107036
        ]
      },
      "properties": {
        "addr:housenumber": "88弄"
      }
    },
    {
      "type": "Feature",
      "geometry": {
        "type": "Point",
        "coordinates": [
          121.5208071,
          31.2136499
        ]
      },
      "properties": {
        "addr:housenumber": "490号"
      }
    },
    {
      "type": "Feature",
      "geometry": {
        "type": "Point",
        "coordinates": [
          121.4663151,
          31.2108903
        ]
      },
      "properties": {
        "addr:housenumber": "111号"
      }
    },
    {
      "type": "Feature",
      "geometry": {
        "type": "Point",
        "coordinates": [
          121.4665389,
          31.2124987
        ]
      },
      "properties": {
        "addr:housenumber": "10号8号桥"
      }
    },
    {
      "type": "Feature",
      "geometry": {
        "type": "Point",
        "coordinates": [
          121.4433776,
          31.218983
        ]
      },
      "properties": {
        "addr:housenumber": "89"
      }
    },
    {
      "type": "Feature",
      "geometry": {
        "type": "Point",
        "coordinates": [
          121.473111,
          31.2150408
        ]
      },
      "properties": {
        "addr:housenumber": "751"
      }
    },
    {
      "type": "Feature",
      "geometry": {
        "type": "Point",
        "coordinates": [
          121.4788005,
          31.2378478
        ]
      },
      "properties": {
        "addr:housenumber": "333号"
      }
    },
    {
      "type": "Feature",
      "geometry": {
        "type": "Point",
        "coordinates": [
          121.4657992,
          31.2098223
        ]
      },
      "properties": {
        "addr:housenumber": "25"
      }
    },
    {
      "type": "Feature",
      "geometry": {
        "type": "Point",
        "coordinates": [
          121.470642,
          31.2228612
        ]
      },
      "properties": {
        "addr:housenumber": "338"
      }
    },
    {
      "type": "Feature",
      "geometry": {
        "type": "Point",
        "coordinates": [
          121.4756743,
          31.2298574
        ]
      },
      "properties": {
        "addr:housenumber": "100"
      }
    },
    {
      "type": "Feature",
      "geometry": {
        "type": "Point",
        "coordinates": [
          121.4653806,
          31.2229246
        ]
      },
      "properties": {
        "addr:housenumber": "14"
      }
    },
    {
      "type": "Feature",
      "geometry": {
        "type": "Point",
        "coordinates": [
          121.4718338,
          31.2364918
        ]
      },
      "properties": {
        "addr:housenumber": "5"
      }
    },
    {
      "type": "Feature",
      "geometry": {
        "type": "Point",
        "coordinates": [
          121.4649069,
          31.2124281
        ]
      },
      "properties": {
        "addr:housenumber": "72"
      }
    },
    {
      "type": "Feature",
      "geometry": {
        "type": "Point",
        "coordinates": [
          121.4341916,
          31.2042174
        ]
      },
      "properties": {
        "addr:housenumber": "80号"
      }
    },
    {
      "type": "Feature",
      "geometry": {
        "type": "Point",
        "coordinates": [
          121.45284,
          31.2321
        ]
      },
      "properties": {
        "addr:housenumber": "218"
      }
    },
    {
      "type": "Feature",
      "geometry": {
        "type": "Point",
        "coordinates": [
          121.4386258,
          31.1809984
        ]
      },
      "properties": {
        "addr:housenumber": "1089"
      }
    },
    {
      "type": "Feature",
      "geometry": {
        "type": "Point",
        "coordinates": [
          121.4384925,
          31.1808634
        ]
      },
      "properties": {
        "addr:housenumber": "1089号"
      }
    },
    {
      "type": "Feature",
      "geometry": {
        "type": "Point",
        "coordinates": [
          121.4802389,
          31.238734
        ]
      },
      "properties": {
        "addr:housenumber": "288"
      }
    },
    {
      "type": "Feature",
      "geometry": {
        "type": "Point",
        "coordinates": [
          121.446325,
          31.2251348
        ]
      },
      "properties": {
        "addr:housenumber": "88"
      }
    },
    {
      "type": "Feature",
      "geometry": {
        "type": "Point",
        "coordinates": [
          121.4795701,
          31.2542199
        ]
      },
      "properties": {
        "addr:housenumber": "1363"
      }
    },
    {
      "type": "Feature",
      "geometry": {
        "type": "Point",
        "coordinates": [
          121.4435459,
          31.2351129
        ]
      },
      "properties": {
        "addr:housenumber": "458"
      }
    },
    {
      "type": "Feature",
      "geometry": {
        "type": "Point",
        "coordinates": [
          121.4604785,
          31.2426257
        ]
      },
      "properties": {
        "addr:housenumber": "1295"
      }
    },
    {
      "type": "Feature",
      "geometry": {
        "type": "Point",
        "coordinates": [
          121.43964,
          31.19511
        ]
      },
      "properties": {
        "addr:housenumber": "3"
      }
    },
    {
      "type": "Feature",
      "geometry": {
        "type": "Point",
        "coordinates": [
          121.4420673,
          31.2128542
        ]
      },
      "properties": {
        "addr:housenumber": "361"
      }
    },
    {
      "type": "Feature",
      "geometry": {
        "type": "Point",
        "coordinates": [
          121.4493676,
          31.2134456
        ]
      },
      "properties": {
        "addr:housenumber": "1321"
      }
    },
    {
      "type": "Feature",
      "geometry": {
        "type": "Point",
        "coordinates": [
          121.4747819,
          31.2272967
        ]
      },
      "properties": {
        "addr:housenumber": "88号"
      }
    },
    {
      "type": "Feature",
      "geometry": {
        "type": "Point",
        "coordinates": [
          121.4389632,
          31.2386313
        ]
      },
      "properties": {
        "addr:housenumber": "537"
      }
    },
    {
      "type": "Feature",
      "geometry": {
        "type": "Point",
        "coordinates": [
          121.4635916,
          31.2407069
        ]
      },
      "properties": {
        "addr:housenumber": "233号"
      }
    },
    {
      "type": "Feature",
      "geometry": {
        "type": "Point",
        "coordinates": [
          121.4125113,
          31.1726254
        ]
      },
      "properties": {
        "addr:housenumber": "402号"
      }
    },
    {
      "type": "Feature",
      "geometry": {
        "type": "Point",
        "coordinates": [
          121.4115593,
          31.1741842
        ]
      },
      "properties": {
        "addr:housenumber": "402"
      }
    },
    {
      "type": "Feature",
      "geometry": {
        "type": "Point",
        "coordinates": [
          121.425163,
          31.2042868
        ]
      },
      "properties": {
        "addr:housenumber": "160"
      }
    },
    {
      "type": "Feature",
      "geometry": {
        "type": "Point",
        "coordinates": [
          121.4473652,
          31.2199733
        ]
      },
      "properties": {
        "addr:housenumber": "209"
      }
    },
    {
      "type": "Feature",
      "geometry": {
        "type": "Point",
        "coordinates": [
          121.4402215,
          31.2034556
        ]
      },
      "properties": {
        "addr:housenumber": "215"
      }
    },
    {
      "type": "Feature",
      "geometry": {
        "type": "Point",
        "coordinates": [
          121.4387479,
          31.2057407
        ]
      },
      "properties": {
        "addr:housenumber": "69"
      }
    },
    {
      "type": "Feature",
      "geometry": {
        "type": "Point",
        "coordinates": [
          121.4246895,
          31.2113837
        ]
      },
      "properties": {
        "addr:housenumber": "46"
      }
    },
    {
      "type": "Feature",
      "geometry": {
        "type": "Point",
        "coordinates": [
          121.4249498,
          31.2117039
        ]
      },
      "properties": {
        "addr:housenumber": "1"
      }
    },
    {
      "type": "Feature",
      "geometry": {
        "type": "Point",
        "coordinates": [
          121.4246608,
          31.2112036
        ]
      },
      "properties": {
        "addr:housenumber": "48"
      }
    },
    {
      "type": "Feature",
      "geometry": {
        "type": "Point",
        "coordinates": [
          121.4264886,
          31.2153562
        ]
      },
      "properties": {
        "addr:housenumber": "969"
      }
    },
    {
      "type": "Feature",
      "geometry": {
        "type": "Point",
        "coordinates": [
          121.4515583,
          31.2143616
        ]
      },
      "properties": {
        "addr:housenumber": "9弄14号204室"
      }
    },
    {
      "type": "Feature",
      "geometry": {
        "type": "Point",
        "coordinates": [
          121.410672,
          31.175327
        ]
      },
      "properties": {
        "addr:housenumber": "132号10-12号"
      }
    },
    {
      "type": "Feature",
      "geometry": {
        "type": "Point",
        "coordinates": [
          121.4113133,
          31.174131
        ]
      },
      "properties": {
        "addr:housenumber": "402"
      }
    },
    {
      "type": "Feature",
      "geometry": {
        "type": "Point",
        "coordinates": [
          121.4110418,
          31.1759669
        ]
      },
      "properties": {
        "addr:housenumber": "705号101B"
      }
    },
    {
      "type": "Feature",
      "geometry": {
        "type": "Point",
        "coordinates": [
          121.4249122,
          31.2120335
        ]
      },
      "properties": {
        "addr:housenumber": "1"
      }
    },
    {
      "type": "Feature",
      "geometry": {
        "type": "Point",
        "coordinates": [
          121.4266178,
          31.2145262
        ]
      },
      "properties": {
        "addr:housenumber": "990"
      }
    },
    {
      "type": "Feature",
      "geometry": {
        "type": "Point",
        "coordinates": [
          121.4262488,
          31.2134702
        ]
      },
      "properties": {
        "addr:housenumber": "1088"
      }
    },
    {
      "type": "Feature",
      "geometry": {
        "type": "Point",
        "coordinates": [
          121.4261394,
          31.2121155
        ]
      },
      "properties": {
        "addr:housenumber": "1146"
      }
    },
    {
      "type": "Feature",
      "geometry": {
        "type": "Point",
        "coordinates": [
          121.475311,
          31.234203
        ]
      },
      "properties": {
        "addr:housenumber": "136"
      }
    },
    {
      "type": "Feature",
      "geometry": {
        "type": "Point",
        "coordinates": [
          121.412638,
          31.1770024
        ]
      },
      "properties": {
        "addr:housenumber": "704-5"
      }
    },
    {
      "type": "Feature",
      "geometry": {
        "type": "Point",
        "coordinates": [
          121.4120497,
          31.17595
        ]
      },
      "properties": {
        "addr:housenumber": "445"
      }
    },
    {
      "type": "Feature",
      "geometry": {
        "type": "Point",
        "coordinates": [
          121.417562,
          31.1982767
        ]
      },
      "properties": {
        "addr:housenumber": "1582-6"
      }
    },
    {
      "type": "Feature",
      "geometry": {
        "type": "Point",
        "coordinates": [
          121.444607,
          31.2280975
        ]
      },
      "properties": {
        "addr:housenumber": "1F"
      }
    },
    {
      "type": "Feature",
      "geometry": {
        "type": "Point",
        "coordinates": [
          121.4394902,
          31.2020932
        ]
      },
      "properties": {
        "addr:housenumber": "691"
      }
    },
    {
      "type": "Feature",
      "geometry": {
        "type": "Point",
        "coordinates": [
          121.4762445,
          31.2333885
        ]
      },
      "properties": {
        "addr:housenumber": "70"
      }
    },
    {
      "type": "Feature",
      "geometry": {
        "type": "Point",
        "coordinates": [
          121.4225423,
          31.230348
        ]
      },
      "properties": {
        "addr:housenumber": "88"
      }
    },
    {
      "type": "Feature",
      "geometry": {
        "type": "Point",
        "coordinates": [
          121.4225527,
          31.2304607
        ]
      },
      "properties": {
        "addr:housenumber": "88"
      }
    },
    {
      "type": "Feature",
      "geometry": {
        "type": "Point",
        "coordinates": [
          121.4394653,
          31.238375
        ]
      },
      "properties": {
        "addr:housenumber": "22/404"
      }
    },
    {
      "type": "Feature",
      "geometry": {
        "type": "Point",
        "coordinates": [
          121.4522693,
          31.2165937
        ]
      },
      "properties": {
        "addr:housenumber": "102号"
      }
    },
    {
      "type": "Feature",
      "geometry": {
        "type": "Point",
        "coordinates": [
          121.4532473,
          31.218379
        ]
      },
      "properties": {
        "addr:housenumber": "1008"
      }
    },
    {
      "type": "Feature",
      "geometry": {
        "type": "Point",
        "coordinates": [
          121.4718591,
          31.2386869
        ]
      },
      "properties": {
        "addr:housenumber": "586-1"
      }
    },
    {
      "type": "Feature",
      "geometry": {
        "type": "Point",
        "coordinates": [
          121.425463,
          31.2166961
        ]
      },
      "properties": {
        "addr:housenumber": "102"
      }
    },
    {
      "type": "Feature",
      "geometry": {
        "type": "Point",
        "coordinates": [
          121.4490202,
          31.2182078
        ]
      },
      "properties": {
        "addr:housenumber": "9"
      }
    },
    {
      "type": "Feature",
      "geometry": {
        "type": "Point",
        "coordinates": [
          121.4407471,
          31.2156835
        ]
      },
      "properties": {
        "addr:housenumber": "154"
      }
    },
    {
      "type": "Feature",
      "geometry": {
        "type": "Point",
        "coordinates": [
          121.4493979,
          31.2153248
        ]
      },
      "properties": {
        "addr:housenumber": "20"
      }
    },
    {
      "type": "Feature",
      "geometry": {
        "type": "Point",
        "coordinates": [
          121.4698147,
          31.2104297
        ]
      },
      "properties": {
        "addr:housenumber": "521"
      }
    },
    {
      "type": "Feature",
      "geometry": {
        "type": "Point",
        "coordinates": [
          121.4416809,
          31.2140409
        ]
      },
      "properties": {
        "addr:housenumber": "247"
      }
    },
    {
      "type": "Feature",
      "geometry": {
        "type": "Point",
        "coordinates": [
          121.4764222,
          31.2158143
        ]
      },
      "properties": {
        "addr:housenumber": "10"
      }
    },
    {
      "type": "Feature",
      "geometry": {
        "type": "Point",
        "coordinates": [
          121.4292888,
          31.1762933
        ]
      },
      "properties": {
        "addr:housenumber": "75号"
      }
    },
    {
      "type": "Feature",
      "geometry": {
        "type": "Point",
        "coordinates": [
          121.4427093,
          31.2167914
        ]
      },
      "properties": {
        "addr:housenumber": "39"
      }
    },
    {
      "type": "Feature",
      "geometry": {
        "type": "Point",
        "coordinates": [
          121.4619902,
          31.2420013
        ]
      },
      "properties": {
        "addr:housenumber": "1247"
      }
    },
    {
      "type": "Feature",
      "geometry": {
        "type": "Point",
        "coordinates": [
          121.4675369,
          31.2427948
        ]
      },
      "properties": {
        "addr:housenumber": "18"
      }
    },
    {
      "type": "Feature",
      "geometry": {
        "type": "Point",
        "coordinates": [
          121.4550161,
          31.2303453
        ]
      },
      "properties": {
        "addr:housenumber": "99 2F"
      }
    },
    {
      "type": "Feature",
      "geometry": {
        "type": "Point",
        "coordinates": [
          121.4871611,
          31.2564655
        ]
      },
      "properties": {
        "addr:housenumber": "611"
      }
    },
    {
      "type": "Feature",
      "geometry": {
        "type": "Point",
        "coordinates": [
          121.4491032,
          31.2181761
        ]
      },
      "properties": {
        "addr:housenumber": "9"
      }
    },
    {
      "type": "Feature",
      "geometry": {
        "type": "Point",
        "coordinates": [
          121.4498533,
          31.2209153
        ]
      },
      "properties": {
        "addr:housenumber": "626"
      }
    },
    {
      "type": "Feature",
      "geometry": {
        "type": "Point",
        "coordinates": [
          121.4462971,
          31.2314092
        ]
      },
      "properties": {
        "addr:housenumber": "225"
      }
    },
    {
      "type": "Feature",
      "geometry": {
        "type": "Point",
        "coordinates": [
          121.4357134,
          31.2151768
        ]
      },
      "properties": {
        "addr:housenumber": "322"
      }
    },
    {
      "type": "Feature",
      "geometry": {
        "type": "Point",
        "coordinates": [
          121.4466448,
          31.2356484
        ]
      },
      "properties": {
        "addr:housenumber": "670"
      }
    },
    {
      "type": "Feature",
      "geometry": {
        "type": "Point",
        "coordinates": [
          121.50676,
          31.2383263
        ]
      },
      "properties": {
        "addr:housenumber": "528"
      }
    },
    {
      "type": "Feature",
      "geometry": {
        "type": "Point",
        "coordinates": [
          121.447697,
          31.2289806
        ]
      },
      "properties": {
        "addr:housenumber": "1376"
      }
    },
    {
      "type": "Feature",
      "geometry": {
        "type": "Point",
        "coordinates": [
          121.4533028,
          31.2070684
        ]
      },
      "properties": {
        "addr:housenumber": "328"
      }
    },
    {
      "type": "Feature",
      "geometry": {
        "type": "Point",
        "coordinates": [
          121.4433156,
          31.2191168
        ]
      },
      "properties": {
        "addr:housenumber": "83,F3"
      }
    },
    {
      "type": "Feature",
      "geometry": {
        "type": "Point",
        "coordinates": [
          121.5309754,
          31.1524477
        ]
      },
      "properties": {
        "addr:housenumber": "293"
      }
    },
    {
      "type": "Feature",
      "geometry": {
        "type": "Point",
        "coordinates": [
          121.4580612,
          31.208713
        ]
      },
      "properties": {
        "addr:housenumber": "586"
      }
    },
    {
      "type": "Feature",
      "geometry": {
        "type": "Point",
        "coordinates": [
          121.4440898,
          31.2345668
        ]
      },
      "properties": {
        "addr:housenumber": "624"
      }
    },
    {
      "type": "Feature",
      "geometry": {
        "type": "Point",
        "coordinates": [
          121.4508647,
          31.2309526
        ]
      },
      "properties": {
        "addr:housenumber": "284"
      }
    },
    {
      "type": "Feature",
      "geometry": {
        "type": "Point",
        "coordinates": [
          121.4297588,
          31.1983172
        ]
      },
      "properties": {
        "addr:housenumber": "88"
      }
    },
    {
      "type": "Feature",
      "geometry": {
        "type": "Point",
        "coordinates": [
          121.4478215,
          31.2361747
        ]
      },
      "properties": {
        "addr:housenumber": "409"
      }
    },
    {
      "type": "Feature",
      "geometry": {
        "type": "Point",
        "coordinates": [
          121.4558769,
          31.2364658
        ]
      },
      "properties": {
        "addr:housenumber": "223"
      }
    },
    {
      "type": "Feature",
      "geometry": {
        "type": "Point",
        "coordinates": [
          121.4514512,
          31.1978228
        ]
      },
      "properties": {
        "addr:housenumber": "1646号"
      }
    },
    {
      "type": "Feature",
      "geometry": {
        "type": "Point",
        "coordinates": [
          121.4513457,
          31.1977843
        ]
      },
      "properties": {
        "addr:housenumber": "1646号"
      }
    },
    {
      "type": "Feature",
      "geometry": {
        "type": "Point",
        "coordinates": [
          121.4218984,
          31.2066559
        ]
      },
      "properties": {
        "addr:housenumber": "455-14"
      }
    },
    {
      "type": "Feature",
      "geometry": {
        "type": "Point",
        "coordinates": [
          121.4832481,
          31.2427843
        ]
      },
      "properties": {
        "addr:housenumber": "130"
      }
    },
    {
      "type": "Feature",
      "geometry": {
        "type": "Point",
        "coordinates": [
          121.4502096,
          31.1999997
        ]
      },
      "properties": {
        "addr:housenumber": "155号"
      }
    },
    {
      "type": "Feature",
      "geometry": {
        "type": "Point",
        "coordinates": [
          121.4501061,
          31.2002294
        ]
      },
      "properties": {
        "addr:housenumber": "137号"
      }
    },
    {
      "type": "Feature",
      "geometry": {
        "type": "Point",
        "coordinates": [
          121.4503624,
          31.1997182
        ]
      },
      "properties": {
        "addr:housenumber": "167号"
      }
    },
    {
      "type": "Feature",
      "geometry": {
        "type": "Point",
        "coordinates": [
          121.4502845,
          31.1998445
        ]
      },
      "properties": {
        "addr:housenumber": "161号"
      }
    },
    {
      "type": "Feature",
      "geometry": {
        "type": "Point",
        "coordinates": [
          121.4575547,
          31.2001908
        ]
      },
      "properties": {
        "addr:housenumber": "1393号"
      }
    },
    {
      "type": "Feature",
      "geometry": {
        "type": "Point",
        "coordinates": [
          121.4496427,
          31.2029917
        ]
      },
      "properties": {
        "addr:housenumber": "500号"
      }
    },
    {
      "type": "Feature",
      "geometry": {
        "type": "Point",
        "coordinates": [
          121.4574826,
          31.200253
        ]
      },
      "properties": {
        "addr:housenumber": "257号"
      }
    },
    {
      "type": "Feature",
      "geometry": {
        "type": "Point",
        "coordinates": [
          121.4666204,
          31.2326171
        ]
      },
      "properties": {
        "addr:housenumber": "325"
      }
    },
    {
      "type": "Feature",
      "geometry": {
        "type": "Point",
        "coordinates": [
          121.433208,
          31.2428884
        ]
      },
      "properties": {
        "addr:housenumber": "406"
      }
    },
    {
      "type": "Feature",
      "geometry": {
        "type": "Point",
        "coordinates": [
          121.4346047,
          31.2413462
        ]
      },
      "properties": {
        "addr:housenumber": "1168"
      }
    },
    {
      "type": "Feature",
      "geometry": {
        "type": "Point",
        "coordinates": [
          121.4350315,
          31.2088099
        ]
      },
      "properties": {
        "addr:housenumber": "368"
      }
    },
    {
      "type": "Feature",
      "geometry": {
        "type": "Point",
        "coordinates": [
          121.4720734,
          31.2132321
        ]
      },
      "properties": {
        "addr:housenumber": "838弄"
      }
    },
    {
      "type": "Feature",
      "geometry": {
        "type": "Point",
        "coordinates": [
          121.418058,
          31.1983074
        ]
      },
      "properties": {
        "addr:housenumber": "676"
      }
    },
    {
      "type": "Feature",
      "geometry": {
        "type": "Point",
        "coordinates": [
          121.4331775,
          31.206071
        ]
      },
      "properties": {
        "addr:housenumber": "378"
      }
    },
    {
      "type": "Feature",
      "geometry": {
        "type": "Point",
        "coordinates": [
          121.4690704,
          31.2048701
        ]
      },
      "properties": {
        "addr:housenumber": "645号"
      }
    },
    {
      "type": "Feature",
      "geometry": {
        "type": "Point",
        "coordinates": [
          121.4356699,
          31.2167108
        ]
      },
      "properties": {
        "addr:housenumber": "1242号"
      }
    },
    {
      "type": "Feature",
      "geometry": {
        "type": "Point",
        "coordinates": [
          121.4543192,
          31.2436959
        ]
      },
      "properties": {
        "addr:housenumber": "222号"
      }
    },
    {
      "type": "Feature",
      "geometry": {
        "type": "Point",
        "coordinates": [
          121.4358808,
          31.232698
        ]
      },
      "properties": {
        "addr:housenumber": "749"
      }
    },
    {
      "type": "Feature",
      "geometry": {
        "type": "Point",
        "coordinates": [
          121.4471483,
          31.2171232
        ]
      },
      "properties": {
        "addr:housenumber": "121"
      }
    },
    {
      "type": "Feature",
      "geometry": {
        "type": "Point",
        "coordinates": [
          121.4587466,
          31.19993
        ]
      },
      "properties": {
        "addr:housenumber": "20"
      }
    },
    {
      "type": "Feature",
      "geometry": {
        "type": "Point",
        "coordinates": [
          121.4491749,
          31.2121989
        ]
      },
      "properties": {
        "addr:housenumber": "110"
      }
    },
    {
      "type": "Feature",
      "geometry": {
        "type": "Point",
        "coordinates": [
          121.4465792,
          31.2207706
        ]
      },
      "properties": {
        "addr:housenumber": "158"
      }
    },
    {
      "type": "Feature",
      "geometry": {
        "type": "Point",
        "coordinates": [
          121.4699492,
          31.2234025
        ]
      },
      "properties": {
        "addr:housenumber": "178"
      }
    },
    {
      "type": "Feature",
      "geometry": {
        "type": "Point",
        "coordinates": [
          121.500467,
          31.2357631
        ]
      },
      "properties": {
        "addr:housenumber": "B2"
      }
    },
    {
      "type": "Feature",
      "geometry": {
        "type": "Point",
        "coordinates": [
          121.4490668,
          31.2203964
        ]
      },
      "properties": {
        "addr:housenumber": "666"
      }
    },
    {
      "type": "Feature",
      "geometry": {
        "type": "Point",
        "coordinates": [
          121.4405636,
          31.2160593
        ]
      },
      "properties": {
        "addr:housenumber": "143"
      }
    },
    {
      "type": "Feature",
      "geometry": {
        "type": "Point",
        "coordinates": [
          121.4360298,
          31.2327936
        ]
      },
      "properties": {
        "addr:housenumber": "873"
      }
    },
    {
      "type": "Feature",
      "geometry": {
        "type": "Point",
        "coordinates": [
          121.4708676,
          31.2372757
        ]
      },
      "properties": {
        "addr:housenumber": "800"
      }
    },
    {
      "type": "Feature",
      "geometry": {
        "type": "Point",
        "coordinates": [
          121.4708628,
          31.25646
        ]
      },
      "properties": {
        "addr:housenumber": "88号"
      }
    },
    {
      "type": "Feature",
      "geometry": {
        "type": "Point",
        "coordinates": [
          121.4414205,
          31.2126221
        ]
      },
      "properties": {
        "addr:housenumber": "44"
      }
    },
    {
      "type": "Feature",
      "geometry": {
        "type": "Point",
        "coordinates": [
          121.4132877,
          31.2099243
        ]
      },
      "properties": {
        "addr:housenumber": "1686"
      }
    },
    {
      "type": "Feature",
      "geometry": {
        "type": "Point",
        "coordinates": [
          121.4842513,
          31.2453415
        ]
      },
      "properties": {
        "addr:housenumber": "76"
      }
    },
    {
      "type": "Feature",
      "geometry": {
        "type": "Point",
        "coordinates": [
          121.4443212,
          31.2132751
        ]
      },
      "properties": {
        "addr:housenumber": "1337号"
      }
    },
    {
      "type": "Feature",
      "geometry": {
        "type": "Point",
        "coordinates": [
          121.4297422,
          31.2196739
        ]
      },
      "properties": {
        "addr:housenumber": "103"
      }
    },
    {
      "type": "Feature",
      "geometry": {
        "type": "Point",
        "coordinates": [
          121.4952595,
          31.1804303
        ]
      },
      "properties": {
        "addr:housenumber": "121弄24号"
      }
    },
    {
      "type": "Feature",
      "geometry": {
        "type": "Point",
        "coordinates": [
          121.4398783,
          31.2053614
        ]
      },
      "properties": {
        "addr:housenumber": "20"
      }
    },
    {
      "type": "Feature",
      "geometry": {
        "type": "Point",
        "coordinates": [
          121.455564,
          31.2236972
        ]
      },
      "properties": {
        "addr:housenumber": "46"
      }
    },
    {
      "type": "Feature",
      "geometry": {
        "type": "Point",
        "coordinates": [
          121.4770598,
          31.2416364
        ]
      },
      "properties": {
        "addr:housenumber": "465"
      }
    },
    {
      "type": "Feature",
      "geometry": {
        "type": "Point",
        "coordinates": [
          121.4577391,
          31.2187721
        ]
      },
      "properties": {
        "addr:housenumber": "296"
      }
    },
    {
      "type": "Feature",
      "geometry": {
        "type": "Point",
        "coordinates": [
          121.4266131,
          31.2154317
        ]
      },
      "properties": {
        "addr:housenumber": "961"
      }
    },
    {
      "type": "Feature",
      "geometry": {
        "type": "Point",
        "coordinates": [
          121.4815696,
          31.201142
        ]
      },
      "properties": {
        "addr:housenumber": "789号"
      }
    },
    {
      "type": "Feature",
      "geometry": {
        "type": "Point",
        "coordinates": [
          121.4239722,
          31.2117622
        ]
      },
      "properties": {
        "addr:housenumber": "1166"
      }
    },
    {
      "type": "Feature",
      "geometry": {
        "type": "Point",
        "coordinates": [
          121.460314,
          31.2168218
        ]
      },
      "properties": {
        "addr:housenumber": "580"
      }
    },
    {
      "type": "Feature",
      "geometry": {
        "type": "Point",
        "coordinates": [
          121.4528447,
          31.2146378
        ]
      },
      "properties": {
        "addr:housenumber": "1272"
      }
    },
    {
      "type": "Feature",
      "geometry": {
        "type": "Point",
        "coordinates": [
          121.4328604,
          31.2076012
        ]
      },
      "properties": {
        "addr:housenumber": "40"
      }
    },
    {
      "type": "Feature",
      "geometry": {
        "type": "Point",
        "coordinates": [
          121.4346321,
          31.2354339
        ]
      },
      "properties": {
        "addr:housenumber": "888"
      }
    },
    {
      "type": "Feature",
      "geometry": {
        "type": "Point",
        "coordinates": [
          121.4642286,
          31.2329813
        ]
      },
      "properties": {
        "addr:housenumber": "388"
      }
    },
    {
      "type": "Feature",
      "geometry": {
        "type": "Point",
        "coordinates": [
          121.4207674,
          31.2152735
        ]
      },
      "properties": {
        "addr:housenumber": "269"
      }
    },
    {
      "type": "Feature",
      "geometry": {
        "type": "Point",
        "coordinates": [
          121.4183519,
          31.2149669
        ]
      },
      "properties": {
        "addr:housenumber": "401"
      }
    },
    {
      "type": "Feature",
      "geometry": {
        "type": "Point",
        "coordinates": [
          121.4187455,
          31.2148667
        ]
      },
      "properties": {
        "addr:housenumber": "349"
      }
    },
    {
      "type": "Feature",
      "geometry": {
        "type": "Point",
        "coordinates": [
          121.4183068,
          31.2149504
        ]
      },
      "properties": {
        "addr:housenumber": "401"
      }
    },
    {
      "type": "Feature",
      "geometry": {
        "type": "Point",
        "coordinates": [
          121.4250338,
          31.2154005
        ]
      },
      "properties": {
        "addr:housenumber": "70"
      }
    },
    {
      "type": "Feature",
      "geometry": {
        "type": "Point",
        "coordinates": [
          121.4263203,
          31.1945194
        ]
      },
      "properties": {
        "addr:housenumber": "412"
      }
    },
    {
      "type": "Feature",
      "geometry": {
        "type": "Point",
        "coordinates": [
          121.4157494,
          31.1796547
        ]
      },
      "properties": {
        "addr:housenumber": "588号A2"
      }
    },
    {
      "type": "Feature",
      "geometry": {
        "type": "Point",
        "coordinates": [
          121.4479224,
          31.2181272
        ]
      },
      "properties": {
        "addr:housenumber": "25"
      }
    },
    {
      "type": "Feature",
      "geometry": {
        "type": "Point",
        "coordinates": [
          121.4068924,
          31.1949116
        ]
      },
      "properties": {
        "addr:housenumber": "91"
      }
    },
    {
      "type": "Feature",
      "geometry": {
        "type": "Point",
        "coordinates": [
          121.4079743,
          31.194872
        ]
      },
      "properties": {
        "addr:housenumber": "65"
      }
    },
    {
      "type": "Feature",
      "geometry": {
        "type": "Point",
        "coordinates": [
          121.4184174,
          31.197699
        ]
      },
      "properties": {
        "addr:housenumber": "519"
      }
    },
    {
      "type": "Feature",
      "geometry": {
        "type": "Point",
        "coordinates": [
          121.4249239,
          31.2118097
        ]
      },
      "properties": {
        "addr:housenumber": "3"
      }
    },
    {
      "type": "Feature",
      "geometry": {
        "type": "Point",
        "coordinates": [
          121.4247469,
          31.2090335
        ]
      },
      "properties": {
        "addr:housenumber": "190"
      }
    },
    {
      "type": "Feature",
      "geometry": {
        "type": "Point",
        "coordinates": [
          121.4088952,
          31.1984705
        ]
      },
      "properties": {
        "addr:housenumber": "1019"
      }
    },
    {
      "type": "Feature",
      "geometry": {
        "type": "Point",
        "coordinates": [
          121.4086481,
          31.1984998
        ]
      },
      "properties": {
        "addr:housenumber": "1025"
      }
    },
    {
      "type": "Feature",
      "geometry": {
        "type": "Point",
        "coordinates": [
          121.4087679,
          31.1984856
        ]
      },
      "properties": {
        "addr:housenumber": "1023"
      }
    },
    {
      "type": "Feature",
      "geometry": {
        "type": "Point",
        "coordinates": [
          121.4089865,
          31.1984597
        ]
      },
      "properties": {
        "addr:housenumber": "1019"
      }
    },
    {
      "type": "Feature",
      "geometry": {
        "type": "Point",
        "coordinates": [
          121.4088248,
          31.1984789
        ]
      },
      "properties": {
        "addr:housenumber": "1021"
      }
    },
    {
      "type": "Feature",
      "geometry": {
        "type": "Point",
        "coordinates": [
          121.4085959,
          31.198506
        ]
      },
      "properties": {
        "addr:housenumber": "1025"
      }
    },
    {
      "type": "Feature",
      "geometry": {
        "type": "Point",
        "coordinates": [
          121.4085427,
          31.1985123
        ]
      },
      "properties": {
        "addr:housenumber": "1027"
      }
    },
    {
      "type": "Feature",
      "geometry": {
        "type": "Point",
        "coordinates": [
          121.4208285,
          31.2187532
        ]
      },
      "properties": {
        "addr:housenumber": "233"
      }
    },
    {
      "type": "Feature",
      "geometry": {
        "type": "Point",
        "coordinates": [
          121.4328638,
          31.1871622
        ]
      },
      "properties": {
        "addr:housenumber": "1"
      }
    },
    {
      "type": "Feature",
      "geometry": {
        "type": "Point",
        "coordinates": [
          121.4249362,
          31.2117564
        ]
      },
      "properties": {
        "addr:housenumber": "3"
      }
    },
    {
      "type": "Feature",
      "geometry": {
        "type": "Point",
        "coordinates": [
          121.411698,
          31.193826
        ]
      },
      "properties": {
        "addr:housenumber": "1420"
      }
    },
    {
      "type": "Feature",
      "geometry": {
        "type": "Point",
        "coordinates": [
          121.4251177,
          31.2142399
        ]
      },
      "properties": {
        "addr:housenumber": "1023"
      }
    },
    {
      "type": "Feature",
      "geometry": {
        "type": "Point",
        "coordinates": [
          121.4182957,
          31.2163676
        ]
      },
      "properties": {
        "addr:housenumber": "1226"
      }
    },
    {
      "type": "Feature",
      "geometry": {
        "type": "Point",
        "coordinates": [
          121.450286,
          31.2211898
        ]
      },
      "properties": {
        "addr:housenumber": "52"
      }
    },
    {
      "type": "Feature",
      "geometry": {
        "type": "Point",
        "coordinates": [
          121.4419246,
          31.2267136
        ]
      },
      "properties": {
        "addr:housenumber": "85"
      }
    },
    {
      "type": "Feature",
      "geometry": {
        "type": "Point",
        "coordinates": [
          121.4838972,
          31.2293768
        ]
      },
      "properties": {
        "addr:housenumber": "159"
      }
    },
    {
      "type": "Feature",
      "geometry": {
        "type": "Point",
        "coordinates": [
          121.5032707,
          31.2364277
        ]
      },
      "properties": {
        "addr:housenumber": "8"
      }
    },
    {
      "type": "Feature",
      "geometry": {
        "type": "Point",
        "coordinates": [
          121.4500115,
          31.2134267
        ]
      },
      "properties": {
        "addr:housenumber": "44"
      }
    },
    {
      "type": "Feature",
      "geometry": {
        "type": "Point",
        "coordinates": [
          121.4421794,
          31.214801
        ]
      },
      "properties": {
        "addr:housenumber": "124"
      }
    },
    {
      "type": "Feature",
      "geometry": {
        "type": "Point",
        "coordinates": [
          121.4377766,
          31.2100752
        ]
      },
      "properties": {
        "addr:housenumber": "11"
      }
    },
    {
      "type": "Feature",
      "geometry": {
        "type": "Point",
        "coordinates": [
          121.4825083,
          31.2520182
        ]
      },
      "properties": {
        "addr:housenumber": "342"
      }
    },
    {
      "type": "Feature",
      "geometry": {
        "type": "Point",
        "coordinates": [
          121.4453147,
          31.2145693
        ]
      },
      "properties": {
        "addr:housenumber": "1325"
      }
    },
    {
      "type": "Feature",
      "geometry": {
        "type": "Point",
        "coordinates": [
          121.405762,
          31.214537
        ]
      },
      "properties": {
        "addr:housenumber": "152"
      }
    },
    {
      "type": "Feature",
      "geometry": {
        "type": "Point",
        "coordinates": [
          121.4032035,
          31.2149112
        ]
      },
      "properties": {
        "addr:housenumber": "314"
      }
    },
    {
      "type": "Feature",
      "geometry": {
        "type": "Point",
        "coordinates": [
          121.4095603,
          31.2143766
        ]
      },
      "properties": {
        "addr:housenumber": "780"
      }
    },
    {
      "type": "Feature",
      "geometry": {
        "type": "Point",
        "coordinates": [
          121.4096693,
          31.2143775
        ]
      },
      "properties": {
        "addr:housenumber": "778"
      }
    },
    {
      "type": "Feature",
      "geometry": {
        "type": "Point",
        "coordinates": [
          121.4049701,
          31.2144545
        ]
      },
      "properties": {
        "addr:housenumber": "197号103"
      }
    },
    {
      "type": "Feature",
      "geometry": {
        "type": "Point",
        "coordinates": [
          121.4104771,
          31.2144861
        ]
      },
      "properties": {
        "addr:housenumber": "736"
      }
    },
    {
      "type": "Feature",
      "geometry": {
        "type": "Point",
        "coordinates": [
          121.4188738,
          31.1789961
        ]
      },
      "properties": {
        "addr:housenumber": "19"
      }
    },
    {
      "type": "Feature",
      "geometry": {
        "type": "Point",
        "coordinates": [
          121.4218496,
          31.1835902
        ]
      },
      "properties": {
        "addr:housenumber": "485"
      }
    },
    {
      "type": "Feature",
      "geometry": {
        "type": "Point",
        "coordinates": [
          121.4017747,
          31.206721
        ]
      },
      "properties": {
        "addr:housenumber": "80"
      }
    },
    {
      "type": "Feature",
      "geometry": {
        "type": "Point",
        "coordinates": [
          121.4399123,
          31.1927756
        ]
      },
      "properties": {
        "addr:housenumber": "101"
      }
    },
    {
      "type": "Feature",
      "geometry": {
        "type": "Point",
        "coordinates": [
          121.455641,
          31.2243627
        ]
      },
      "properties": {
        "addr:housenumber": "18"
      }
    },
    {
      "type": "Feature",
      "geometry": {
        "type": "Point",
        "coordinates": [
          121.4102276,
          31.1750883
        ]
      },
      "properties": {
        "addr:housenumber": "406"
      }
    },
    {
      "type": "Feature",
      "geometry": {
        "type": "Point",
        "coordinates": [
          121.4307251,
          31.2181933
        ]
      },
      "properties": {
        "addr:housenumber": "618"
      }
    },
    {
      "type": "Feature",
      "geometry": {
        "type": "Point",
        "coordinates": [
          121.4305555,
          31.2180211
        ]
      },
      "properties": {
        "addr:housenumber": "626"
      }
    },
    {
      "type": "Feature",
      "geometry": {
        "type": "Point",
        "coordinates": [
          121.4263053,
          31.2154708
        ]
      },
      "properties": {
        "addr:housenumber": "19"
      }
    },
    {
      "type": "Feature",
      "geometry": {
        "type": "Point",
        "coordinates": [
          121.4296786,
          31.2174001
        ]
      },
      "properties": {
        "addr:housenumber": "676"
      }
    },
    {
      "type": "Feature",
      "geometry": {
        "type": "Point",
        "coordinates": [
          121.4451262,
          31.2503669
        ]
      },
      "properties": {
        "addr:housenumber": "number 50"
      }
    },
    {
      "type": "Feature",
      "geometry": {
        "type": "Point",
        "coordinates": [
          121.4424733,
          31.2148935
        ]
      },
      "properties": {
        "addr:housenumber": "98"
      }
    },
    {
      "type": "Feature",
      "geometry": {
        "type": "Point",
        "coordinates": [
          121.4532702,
          31.2204101
        ]
      },
      "properties": {
        "addr:housenumber": "86"
      }
    },
    {
      "type": "Feature",
      "geometry": {
        "type": "Point",
        "coordinates": [
          121.4697938,
          31.2226088
        ]
      },
      "properties": {
        "addr:housenumber": "159"
      }
    },
    {
      "type": "Feature",
      "geometry": {
        "type": "Point",
        "coordinates": [
          121.4142443,
          31.1772024
        ]
      },
      "properties": {
        "addr:housenumber": "672"
      }
    },
    {
      "type": "Feature",
      "geometry": {
        "type": "Point",
        "coordinates": [
          121.4124276,
          31.1767069
        ]
      },
      "properties": {
        "addr:housenumber": "706-6"
      }
    },
    {
      "type": "Feature",
      "geometry": {
        "type": "Point",
        "coordinates": [
          121.4126877,
          31.1768859
        ]
      },
      "properties": {
        "addr:housenumber": "704-4"
      }
    },
    {
      "type": "Feature",
      "geometry": {
        "type": "Point",
        "coordinates": [
          121.4090005,
          31.1829422
        ]
      },
      "properties": {
        "addr:housenumber": "858"
      }
    },
    {
      "type": "Feature",
      "geometry": {
        "type": "Point",
        "coordinates": [
          121.420052,
          31.180453
        ]
      },
      "properties": {
        "addr:housenumber": "631"
      }
    },
    {
      "type": "Feature",
      "geometry": {
        "type": "Point",
        "coordinates": [
          121.454831,
          31.2133705
        ]
      },
      "properties": {
        "addr:housenumber": "87"
      }
    },
    {
      "type": "Feature",
      "geometry": {
        "type": "Point",
        "coordinates": [
          121.4495134,
          31.212516
        ]
      },
      "properties": {
        "addr:housenumber": "77号-1"
      }
    },
    {
      "type": "Feature",
      "geometry": {
        "type": "Point",
        "coordinates": [
          121.4554823,
          31.2237976
        ]
      },
      "properties": {
        "addr:housenumber": "46"
      }
    },
    {
      "type": "Feature",
      "geometry": {
        "type": "Point",
        "coordinates": [
          121.4426894,
          31.2069748
        ]
      },
      "properties": {
        "addr:housenumber": "199"
      }
    },
    {
      "type": "Feature",
      "geometry": {
        "type": "Point",
        "coordinates": [
          121.4323,
          31.207649
        ]
      },
      "properties": {
        "addr:housenumber": "50"
      }
    },
    {
      "type": "Feature",
      "geometry": {
        "type": "Point",
        "coordinates": [
          121.4392738,
          31.2391209
        ]
      },
      "properties": {
        "addr:housenumber": "555"
      }
    },
    {
      "type": "Feature",
      "geometry": {
        "type": "Point",
        "coordinates": [
          121.4451906,
          31.2081555
        ]
      },
      "properties": {
        "addr:housenumber": "570"
      }
    },
    {
      "type": "Feature",
      "geometry": {
        "type": "Point",
        "coordinates": [
          121.4277698,
          31.1938775
        ]
      },
      "properties": {
        "addr:housenumber": "188-5"
      }
    },
    {
      "type": "Feature",
      "geometry": {
        "type": "Point",
        "coordinates": [
          121.4331026,
          31.2046943
        ]
      },
      "properties": {
        "addr:housenumber": "34"
      }
    },
    {
      "type": "Feature",
      "geometry": {
        "type": "Point",
        "coordinates": [
          121.4331214,
          31.2050279
        ]
      },
      "properties": {
        "addr:housenumber": "30"
      }
    },
    {
      "type": "Feature",
      "geometry": {
        "type": "Point",
        "coordinates": [
          121.4334655,
          31.2057701
        ]
      },
      "properties": {
        "addr:housenumber": "1"
      }
    },
    {
      "type": "Feature",
      "geometry": {
        "type": "Point",
        "coordinates": [
          121.4330302,
          31.2055564
        ]
      },
      "properties": {
        "addr:housenumber": "1881"
      }
    },
    {
      "type": "Feature",
      "geometry": {
        "type": "Point",
        "coordinates": [
          121.4258937,
          31.2103459
        ]
      },
      "properties": {
        "addr:housenumber": "38"
      }
    },
    {
      "type": "Feature",
      "geometry": {
        "type": "Point",
        "coordinates": [
          121.4257375,
          31.2103398
        ]
      },
      "properties": {
        "addr:housenumber": "38"
      }
    },
    {
      "type": "Feature",
      "geometry": {
        "type": "Point",
        "coordinates": [
          121.4268851,
          31.209334
        ]
      },
      "properties": {
        "addr:housenumber": "298"
      }
    },
    {
      "type": "Feature",
      "geometry": {
        "type": "Point",
        "coordinates": [
          121.4659914,
          31.2098705
        ]
      },
      "properties": {
        "addr:housenumber": "21"
      }
    },
    {
      "type": "Feature",
      "geometry": {
        "type": "Point",
        "coordinates": [
          121.4498731,
          31.2323455
        ]
      },
      "properties": {
        "addr:housenumber": "45"
      }
    },
    {
      "type": "Feature",
      "geometry": {
        "type": "Point",
        "coordinates": [
          121.5501888,
          31.2067564
        ]
      },
      "properties": {
        "addr:housenumber": "393"
      }
    },
    {
      "type": "Feature",
      "geometry": {
        "type": "Point",
        "coordinates": [
          121.5576989,
          31.2109702
        ]
      },
      "properties": {
        "addr:housenumber": "869"
      }
    },
    {
      "type": "Feature",
      "geometry": {
        "type": "Point",
        "coordinates": [
          121.5551984,
          31.2081468
        ]
      },
      "properties": {
        "addr:housenumber": "191"
      }
    },
    {
      "type": "Feature",
      "geometry": {
        "type": "Point",
        "coordinates": [
          121.4247228,
          31.214528
        ]
      },
      "properties": {
        "addr:housenumber": "5"
      }
    },
    {
      "type": "Feature",
      "geometry": {
        "type": "Point",
        "coordinates": [
          121.4346027,
          31.2083305
        ]
      },
      "properties": {
        "addr:housenumber": "378"
      }
    },
    {
      "type": "Feature",
      "geometry": {
        "type": "Point",
        "coordinates": [
          121.4295833,
          31.1980494
        ]
      },
      "properties": {
        "addr:housenumber": "88-9临"
      }
    },
    {
      "type": "Feature",
      "geometry": {
        "type": "Point",
        "coordinates": [
          121.4534522,
          31.2232592
        ]
      },
      "properties": {
        "addr:housenumber": "222"
      }
    },
    {
      "type": "Feature",
      "geometry": {
        "type": "Point",
        "coordinates": [
          121.4534284,
          31.2279508
        ]
      },
      "properties": {
        "addr:housenumber": "724"
      }
    },
    {
      "type": "Feature",
      "geometry": {
        "type": "Point",
        "coordinates": [
          121.4867246,
          31.2346899
        ]
      },
      "properties": {
        "addr:housenumber": "7 7Floor"
      }
    },
    {
      "type": "Feature",
      "geometry": {
        "type": "Point",
        "coordinates": [
          121.4193017,
          31.2088003
        ]
      },
      "properties": {
        "addr:housenumber": "685号"
      }
    },
    {
      "type": "Feature",
      "geometry": {
        "type": "Point",
        "coordinates": [
          121.4606723,
          31.2176619
        ]
      },
      "properties": {
        "addr:housenumber": "32"
      }
    },
    {
      "type": "Feature",
      "geometry": {
        "type": "Point",
        "coordinates": [
          121.4589667,
          31.2194632
        ]
      },
      "properties": {
        "addr:housenumber": "264"
      }
    },
    {
      "type": "Feature",
      "geometry": {
        "type": "Point",
        "coordinates": [
          121.4390204,
          31.2385184
        ]
      },
      "properties": {
        "addr:housenumber": "555"
      }
    },
    {
      "type": "Feature",
      "geometry": {
        "type": "Point",
        "coordinates": [
          121.4606248,
          31.215274
        ]
      },
      "properties": {
        "addr:housenumber": "118"
      }
    },
    {
      "type": "Feature",
      "geometry": {
        "type": "Point",
        "coordinates": [
          121.4606091,
          31.2153288
        ]
      },
      "properties": {
        "addr:housenumber": "116"
      }
    },
    {
      "type": "Feature",
      "geometry": {
        "type": "Point",
        "coordinates": [
          121.4786129,
          31.2360765
        ]
      },
      "properties": {
        "addr:housenumber": "390"
      }
    },
    {
      "type": "Feature",
      "geometry": {
        "type": "Point",
        "coordinates": [
          121.4163306,
          31.1783239
        ]
      },
      "properties": {
        "addr:housenumber": "650"
      }
    },
    {
      "type": "Feature",
      "geometry": {
        "type": "Point",
        "coordinates": [
          121.4160137,
          31.1786778
        ]
      },
      "properties": {
        "addr:housenumber": "588"
      }
    },
    {
      "type": "Feature",
      "geometry": {
        "type": "Point",
        "coordinates": [
          121.4158246,
          31.1790469
        ]
      },
      "properties": {
        "addr:housenumber": "588"
      }
    },
    {
      "type": "Feature",
      "geometry": {
        "type": "Point",
        "coordinates": [
          121.4157662,
          31.1792782
        ]
      },
      "properties": {
        "addr:housenumber": "588"
      }
    },
    {
      "type": "Feature",
      "geometry": {
        "type": "Point",
        "coordinates": [
          121.4157544,
          31.1794408
        ]
      },
      "properties": {
        "addr:housenumber": "588"
      }
    },
    {
      "type": "Feature",
      "geometry": {
        "type": "Point",
        "coordinates": [
          121.4110806,
          31.174087
        ]
      },
      "properties": {
        "addr:housenumber": "402号76幢113室"
      }
    },
    {
      "type": "Feature",
      "geometry": {
        "type": "Point",
        "coordinates": [
          121.4518431,
          31.2331948
        ]
      },
      "properties": {
        "addr:housenumber": "968"
      }
    },
    {
      "type": "Feature",
      "geometry": {
        "type": "Point",
        "coordinates": [
          121.4256594,
          31.2197883
        ]
      },
      "properties": {
        "addr:housenumber": "52"
      }
    },
    {
      "type": "Feature",
      "geometry": {
        "type": "Point",
        "coordinates": [
          121.4221082,
          31.2189928
        ]
      },
      "properties": {
        "addr:housenumber": "161"
      }
    },
    {
      "type": "Feature",
      "geometry": {
        "type": "Point",
        "coordinates": [
          121.4203566,
          31.2170865
        ]
      },
      "properties": {
        "addr:housenumber": "639"
      }
    },
    {
      "type": "Feature",
      "geometry": {
        "type": "Point",
        "coordinates": [
          121.4104379,
          31.1750105
        ]
      },
      "properties": {
        "addr:housenumber": "406"
      }
    },
    {
      "type": "Feature",
      "geometry": {
        "type": "Point",
        "coordinates": [
          121.410297,
          31.1749882
        ]
      },
      "properties": {
        "addr:housenumber": "406"
      }
    },
    {
      "type": "Feature",
      "geometry": {
        "type": "Point",
        "coordinates": [
          121.4103719,
          31.1753143
        ]
      },
      "properties": {
        "addr:housenumber": "406号1幢1层107室"
      }
    },
    {
      "type": "Feature",
      "geometry": {
        "type": "Point",
        "coordinates": [
          121.4098147,
          31.1751716
        ]
      },
      "properties": {
        "addr:housenumber": "717号2号楼一层1001室"
      }
    },
    {
      "type": "Feature",
      "geometry": {
        "type": "Point",
        "coordinates": [
          121.4337468,
          31.2327767
        ]
      },
      "properties": {
        "addr:housenumber": "985"
      }
    },
    {
      "type": "Feature",
      "geometry": {
        "type": "Point",
        "coordinates": [
          121.4416388,
          31.2136668
        ]
      },
      "properties": {
        "addr:housenumber": "294"
      }
    },
    {
      "type": "Feature",
      "geometry": {
        "type": "Point",
        "coordinates": [
          121.4554434,
          31.2078467
        ]
      },
      "properties": {
        "addr:housenumber": "256"
      }
    },
    {
      "type": "Feature",
      "geometry": {
        "type": "Point",
        "coordinates": [
          121.4627142,
          31.2205213
        ]
      },
      "properties": {
        "addr:housenumber": "162"
      }
    },
    {
      "type": "Feature",
      "geometry": {
        "type": "Point",
        "coordinates": [
          121.4573664,
          31.2200626
        ]
      },
      "properties": {
        "addr:housenumber": "845"
      }
    },
    {
      "type": "Feature",
      "geometry": {
        "type": "Point",
        "coordinates": [
          121.4610996,
          31.2275274
        ]
      },
      "properties": {
        "addr:housenumber": "392"
      }
    },
    {
      "type": "Feature",
      "geometry": {
        "type": "Point",
        "coordinates": [
          121.4469729,
          31.2283288
        ]
      },
      "properties": {
        "addr:housenumber": "1376, 2F"
      }
    },
    {
      "type": "Feature",
      "geometry": {
        "type": "Point",
        "coordinates": [
          121.4416026,
          31.2234136
        ]
      },
      "properties": {
        "addr:housenumber": "1649"
      }
    },
    {
      "type": "Feature",
      "geometry": {
        "type": "Point",
        "coordinates": [
          121.4238597,
          31.2331573
        ]
      },
      "properties": {
        "addr:housenumber": "1017"
      }
    },
    {
      "type": "Feature",
      "geometry": {
        "type": "Point",
        "coordinates": [
          121.4777819,
          31.2282728
        ]
      },
      "properties": {
        "addr:housenumber": "49"
      }
    },
    {
      "type": "Feature",
      "geometry": {
        "type": "Point",
        "coordinates": [
          121.5256505,
          31.2411052
        ]
      },
      "properties": {
        "addr:housenumber": "168"
      }
    },
    {
      "type": "Feature",
      "geometry": {
        "type": "Point",
        "coordinates": [
          121.5207692,
          31.2240952
        ]
      },
      "properties": {
        "addr:housenumber": "664"
      }
    },
    {
      "type": "Feature",
      "geometry": {
        "type": "Point",
        "coordinates": [
          121.4373405,
          31.1917957
        ]
      },
      "properties": {
        "addr:housenumber": "141"
      }
    },
    {
      "type": "Feature",
      "geometry": {
        "type": "Point",
        "coordinates": [
          121.4432831,
          31.2191499
        ]
      },
      "properties": {
        "addr:housenumber": "81"
      }
    },
    {
      "type": "Feature",
      "geometry": {
        "type": "Point",
        "coordinates": [
          121.4642934,
          31.2108206
        ]
      },
      "properties": {
        "addr:housenumber": "41-248"
      }
    },
    {
      "type": "Feature",
      "geometry": {
        "type": "Point",
        "coordinates": [
          121.4843465,
          31.2380763
        ]
      },
      "properties": {
        "addr:housenumber": "218"
      }
    },
    {
      "type": "Feature",
      "geometry": {
        "type": "Point",
        "coordinates": [
          121.4398809,
          31.2161486
        ]
      },
      "properties": {
        "addr:housenumber": "166"
      }
    },
    {
      "type": "Feature",
      "geometry": {
        "type": "Point",
        "coordinates": [
          121.4540632,
          31.2306921
        ]
      },
      "properties": {
        "addr:housenumber": "281"
      }
    },
    {
      "type": "Feature",
      "geometry": {
        "type": "Point",
        "coordinates": [
          121.4399607,
          31.2260418
        ]
      },
      "properties": {
        "addr:housenumber": "168"
      }
    },
    {
      "type": "Feature",
      "geometry": {
        "type": "Point",
        "coordinates": [
          121.40176,
          31.2062843
        ]
      },
      "properties": {
        "addr:housenumber": "88"
      }
    },
    {
      "type": "Feature",
      "geometry": {
        "type": "Point",
        "coordinates": [
          121.444313,
          31.2161347
        ]
      },
      "properties": {
        "addr:housenumber": "191"
      }
    },
    {
      "type": "Feature",
      "geometry": {
        "type": "Point",
        "coordinates": [
          121.4426786,
          31.2167737
        ]
      },
      "properties": {
        "addr:housenumber": "39"
      }
    },
    {
      "type": "Feature",
      "geometry": {
        "type": "Point",
        "coordinates": [
          121.440647,
          31.2054845
        ]
      },
      "properties": {
        "addr:housenumber": "30"
      }
    },
    {
      "type": "Feature",
      "geometry": {
        "type": "Point",
        "coordinates": [
          121.4628539,
          31.2205691
        ]
      },
      "properties": {
        "addr:housenumber": "164"
      }
    },
    {
      "type": "Feature",
      "geometry": {
        "type": "Point",
        "coordinates": [
          121.4297251,
          31.2068023
        ]
      },
      "properties": {
        "addr:housenumber": "139"
      }
    },
    {
      "type": "Feature",
      "geometry": {
        "type": "Point",
        "coordinates": [
          121.4478863,
          31.2189837
        ]
      },
      "properties": {
        "addr:housenumber": "291"
      }
    },
    {
      "type": "Feature",
      "geometry": {
        "type": "Point",
        "coordinates": [
          121.456632,
          31.2202752
        ]
      },
      "properties": {
        "addr:housenumber": "129"
      }
    },
    {
      "type": "Feature",
      "geometry": {
        "type": "Point",
        "coordinates": [
          121.4691985,
          31.2398669
        ]
      },
      "properties": {
        "addr:housenumber": "632"
      }
    },
    {
      "type": "Feature",
      "geometry": {
        "type": "Point",
        "coordinates": [
          121.4641615,
          31.2450112
        ]
      },
      "properties": {
        "addr:housenumber": "125-127号"
      }
    },
    {
      "type": "Feature",
      "geometry": {
        "type": "Point",
        "coordinates": [
          121.4638641,
          31.2449756
        ]
      },
      "properties": {
        "addr:housenumber": "153号"
      }
    },
    {
      "type": "Feature",
      "geometry": {
        "type": "Point",
        "coordinates": [
          121.4647592,
          31.2451139
        ]
      },
      "properties": {
        "addr:housenumber": "81号"
      }
    },
    {
      "type": "Feature",
      "geometry": {
        "type": "Point",
        "coordinates": [
          121.4394676,
          31.2253081
        ]
      },
      "properties": {
        "addr:housenumber": "195"
      }
    },
    {
      "type": "Feature",
      "geometry": {
        "type": "Point",
        "coordinates": [
          121.4476857,
          31.2158312
        ]
      },
      "properties": {
        "addr:housenumber": "1250"
      }
    },
    {
      "type": "Feature",
      "geometry": {
        "type": "Point",
        "coordinates": [
          121.4529007,
          31.2485847
        ]
      },
      "properties": {
        "addr:housenumber": "123"
      }
    },
    {
      "type": "Feature",
      "geometry": {
        "type": "Point",
        "coordinates": [
          121.4805657,
          31.2299228
        ]
      },
      "properties": {
        "addr:housenumber": "775"
      }
    },
    {
      "type": "Feature",
      "geometry": {
        "type": "Point",
        "coordinates": [
          121.4867543,
          31.2357911
        ]
      },
      "properties": {
        "addr:housenumber": "1"
      }
    },
    {
      "type": "Feature",
      "geometry": {
        "type": "Point",
        "coordinates": [
          121.412873,
          31.248608
        ]
      },
      "properties": {
        "addr:housenumber": "475"
      }
    },
    {
      "type": "Feature",
      "geometry": {
        "type": "Point",
        "coordinates": [
          121.4393668,
          31.2016721
        ]
      },
      "properties": {
        "addr:housenumber": "189"
      }
    },
    {
      "type": "Feature",
      "geometry": {
        "type": "Point",
        "coordinates": [
          121.4389347,
          31.1777348
        ]
      },
      "properties": {
        "addr:housenumber": "535号"
      }
    },
    {
      "type": "Feature",
      "geometry": {
        "type": "Point",
        "coordinates": [
          121.4448127,
          31.1822978
        ]
      },
      "properties": {
        "addr:housenumber": "450号"
      }
    },
    {
      "type": "Feature",
      "geometry": {
        "type": "Point",
        "coordinates": [
          121.445133,
          31.1817361
        ]
      },
      "properties": {
        "addr:housenumber": "115号"
      }
    },
    {
      "type": "Feature",
      "geometry": {
        "type": "Point",
        "coordinates": [
          121.4337089,
          31.1933993
        ]
      },
      "properties": {
        "addr:housenumber": "201号"
      }
    },
    {
      "type": "Feature",
      "geometry": {
        "type": "Point",
        "coordinates": [
          121.4343478,
          31.1944659
        ]
      },
      "properties": {
        "addr:housenumber": "1111号"
      }
    },
    {
      "type": "Feature",
      "geometry": {
        "type": "Point",
        "coordinates": [
          121.43431,
          31.1942975
        ]
      },
      "properties": {
        "addr:housenumber": "1111号4楼"
      }
    },
    {
      "type": "Feature",
      "geometry": {
        "type": "Point",
        "coordinates": [
          121.4406748,
          31.2181844
        ]
      },
      "properties": {
        "addr:housenumber": "4"
      }
    },
    {
      "type": "Feature",
      "geometry": {
        "type": "Point",
        "coordinates": [
          121.4389732,
          31.2157438
        ]
      },
      "properties": {
        "addr:housenumber": "195"
      }
    },
    {
      "type": "Feature",
      "geometry": {
        "type": "Point",
        "coordinates": [
          121.4417906,
          31.1892949
        ]
      },
      "properties": {
        "addr:housenumber": "628号"
      }
    },
    {
      "type": "Feature",
      "geometry": {
        "type": "Point",
        "coordinates": [
          121.4433312,
          31.2417401
        ]
      },
      "properties": {
        "addr:housenumber": "838号"
      }
    },
    {
      "type": "Feature",
      "geometry": {
        "type": "Point",
        "coordinates": [
          121.4435384,
          31.2414033
        ]
      },
      "properties": {
        "addr:housenumber": "228号"
      }
    },
    {
      "type": "Feature",
      "geometry": {
        "type": "Point",
        "coordinates": [
          121.4445451,
          31.2365356
        ]
      },
      "properties": {
        "addr:housenumber": "826弄"
      }
    },
    {
      "type": "Feature",
      "geometry": {
        "type": "Point",
        "coordinates": [
          121.4685036,
          31.2415481
        ]
      },
      "properties": {
        "addr:housenumber": "728号"
      }
    },
    {
      "type": "Feature",
      "geometry": {
        "type": "Point",
        "coordinates": [
          121.4674378,
          31.2431132
        ]
      },
      "properties": {
        "addr:housenumber": "18号"
      }
    },
    {
      "type": "Feature",
      "geometry": {
        "type": "Point",
        "coordinates": [
          121.4691416,
          31.2398969
        ]
      },
      "properties": {
        "addr:housenumber": "620"
      }
    },
    {
      "type": "Feature",
      "geometry": {
        "type": "Point",
        "coordinates": [
          121.4700785,
          31.2379227
        ]
      },
      "properties": {
        "addr:housenumber": "830"
      }
    },
    {
      "type": "Feature",
      "geometry": {
        "type": "Point",
        "coordinates": [
          121.4399895,
          31.2161661
        ]
      },
      "properties": {
        "addr:housenumber": "164"
      }
    },
    {
      "type": "Feature",
      "geometry": {
        "type": "Point",
        "coordinates": [
          121.4400981,
          31.2161803
        ]
      },
      "properties": {
        "addr:housenumber": "162"
      }
    },
    {
      "type": "Feature",
      "geometry": {
        "type": "Point",
        "coordinates": [
          121.4401855,
          31.2162018
        ]
      },
      "properties": {
        "addr:housenumber": "160"
      }
    },
    {
      "type": "Feature",
      "geometry": {
        "type": "Point",
        "coordinates": [
          121.442707,
          31.2179269
        ]
      },
      "properties": {
        "addr:housenumber": "816"
      }
    },
    {
      "type": "Feature",
      "geometry": {
        "type": "Point",
        "coordinates": [
          121.4426862,
          31.2180348
        ]
      },
      "properties": {
        "addr:housenumber": "10"
      }
    },
    {
      "type": "Feature",
      "geometry": {
        "type": "Point",
        "coordinates": [
          121.4427214,
          31.2180425
        ]
      },
      "properties": {
        "addr:housenumber": "9"
      }
    },
    {
      "type": "Feature",
      "geometry": {
        "type": "Point",
        "coordinates": [
          121.4427508,
          31.2179412
        ]
      },
      "properties": {
        "addr:housenumber": "814"
      }
    },
    {
      "type": "Feature",
      "geometry": {
        "type": "Point",
        "coordinates": [
          121.4427467,
          31.2180485
        ]
      },
      "properties": {
        "addr:housenumber": "8"
      }
    },
    {
      "type": "Feature",
      "geometry": {
        "type": "Point",
        "coordinates": [
          121.4428924,
          31.2180931
        ]
      },
      "properties": {
        "addr:housenumber": "7"
      }
    },
    {
      "type": "Feature",
      "geometry": {
        "type": "Point",
        "coordinates": [
          121.4429623,
          31.2179978
        ]
      },
      "properties": {
        "addr:housenumber": "810"
      }
    },
    {
      "type": "Feature",
      "geometry": {
        "type": "Point",
        "coordinates": [
          121.443042,
          31.2180287
        ]
      },
      "properties": {
        "addr:housenumber": "808"
      }
    },
    {
      "type": "Feature",
      "geometry": {
        "type": "Point",
        "coordinates": [
          121.4429844,
          31.2181258
        ]
      },
      "properties": {
        "addr:housenumber": "6"
      }
    },
    {
      "type": "Feature",
      "geometry": {
        "type": "Point",
        "coordinates": [
          121.4430843,
          31.2180442
        ]
      },
      "properties": {
        "addr:housenumber": "806"
      }
    },
    {
      "type": "Feature",
      "geometry": {
        "type": "Point",
        "coordinates": [
          121.4430626,
          31.2181517
        ]
      },
      "properties": {
        "addr:housenumber": "116"
      }
    },
    {
      "type": "Feature",
      "geometry": {
        "type": "Point",
        "coordinates": [
          121.4431394,
          31.218064
        ]
      },
      "properties": {
        "addr:housenumber": "804"
      }
    },
    {
      "type": "Feature",
      "geometry": {
        "type": "Point",
        "coordinates": [
          121.4431783,
          31.2180859
        ]
      },
      "properties": {
        "addr:housenumber": "3"
      }
    },
    {
      "type": "Feature",
      "geometry": {
        "type": "Point",
        "coordinates": [
          121.4432054,
          31.2180915
        ]
      },
      "properties": {
        "addr:housenumber": "2"
      }
    },
    {
      "type": "Feature",
      "geometry": {
        "type": "Point",
        "coordinates": [
          121.4431699,
          31.2181806
        ]
      },
      "properties": {
        "addr:housenumber": "2"
      }
    },
    {
      "type": "Feature",
      "geometry": {
        "type": "Point",
        "coordinates": [
          121.4432227,
          31.2181011
        ]
      },
      "properties": {
        "addr:housenumber": "1"
      }
    },
    {
      "type": "Feature",
      "geometry": {
        "type": "Point",
        "coordinates": [
          121.4432465,
          31.2185119
        ]
      },
      "properties": {
        "addr:housenumber": "106 -4"
      }
    },
    {
      "type": "Feature",
      "geometry": {
        "type": "Point",
        "coordinates": [
          121.4432543,
          31.2184812
        ]
      },
      "properties": {
        "addr:housenumber": "106 -3"
      }
    },
    {
      "type": "Feature",
      "geometry": {
        "type": "Point",
        "coordinates": [
          121.4447476,
          31.2329874
        ]
      },
      "properties": {
        "addr:housenumber": "1428号"
      }
    },
    {
      "type": "Feature",
      "geometry": {
        "type": "Point",
        "coordinates": [
          121.4439835,
          31.232661
        ]
      },
      "properties": {
        "addr:housenumber": "1508号"
      }
    },
    {
      "type": "Feature",
      "geometry": {
        "type": "Point",
        "coordinates": [
          121.4435893,
          31.2324486
        ]
      },
      "properties": {
        "addr:housenumber": "1518号"
      }
    },
    {
      "type": "Feature",
      "geometry": {
        "type": "Point",
        "coordinates": [
          121.4450881,
          31.2331569
        ]
      },
      "properties": {
        "addr:housenumber": "1418号"
      }
    },
    {
      "type": "Feature",
      "geometry": {
        "type": "Point",
        "coordinates": [
          121.4385618,
          31.2266565
        ]
      },
      "properties": {
        "addr:housenumber": "1757号"
      }
    },
    {
      "type": "Feature",
      "geometry": {
        "type": "Point",
        "coordinates": [
          121.440606,
          31.2044794
        ]
      },
      "properties": {
        "addr:housenumber": "315号"
      }
    },
    {
      "type": "Feature",
      "geometry": {
        "type": "Point",
        "coordinates": [
          121.4381838,
          31.2016678
        ]
      },
      "properties": {
        "addr:housenumber": "594号"
      }
    },
    {
      "type": "Feature",
      "geometry": {
        "type": "Point",
        "coordinates": [
          121.4340122,
          31.1967669
        ]
      },
      "properties": {
        "addr:housenumber": "932"
      }
    },
    {
      "type": "Feature",
      "geometry": {
        "type": "Point",
        "coordinates": [
          121.4428779,
          31.2195714
        ]
      },
      "properties": {
        "addr:housenumber": "55号"
      }
    },
    {
      "type": "Feature",
      "geometry": {
        "type": "Point",
        "coordinates": [
          121.4436698,
          31.2198148
        ]
      },
      "properties": {
        "addr:housenumber": "889号"
      }
    },
    {
      "type": "Feature",
      "geometry": {
        "type": "Point",
        "coordinates": [
          121.4429317,
          31.2194384
        ]
      },
      "properties": {
        "addr:housenumber": "889号"
      }
    },
    {
      "type": "Feature",
      "geometry": {
        "type": "Point",
        "coordinates": [
          121.4428335,
          31.2192068
        ]
      },
      "properties": {
        "addr:housenumber": "8号"
      }
    },
    {
      "type": "Feature",
      "geometry": {
        "type": "Point",
        "coordinates": [
          121.4432294,
          31.2192342
        ]
      },
      "properties": {
        "addr:housenumber": "75"
      }
    },
    {
      "type": "Feature",
      "geometry": {
        "type": "Point",
        "coordinates": [
          121.4432688,
          31.2191201
        ]
      },
      "properties": {
        "addr:housenumber": "83"
      }
    },
    {
      "type": "Feature",
      "geometry": {
        "type": "Point",
        "coordinates": [
          121.4507363,
          31.2034702
        ]
      },
      "properties": {
        "addr:housenumber": "466弄"
      }
    },
    {
      "type": "Feature",
      "geometry": {
        "type": "Point",
        "coordinates": [
          121.450884,
          31.2034473
        ]
      },
      "properties": {
        "addr:housenumber": "446弄"
      }
    },
    {
      "type": "Feature",
      "geometry": {
        "type": "Point",
        "coordinates": [
          121.4619368,
          31.2197106
        ]
      },
      "properties": {
        "addr:housenumber": "36-2"
      }
    },
    {
      "type": "Feature",
      "geometry": {
        "type": "Point",
        "coordinates": [
          121.4471533,
          31.2103228
        ]
      },
      "properties": {
        "addr:housenumber": "12"
      }
    },
    {
      "type": "Feature",
      "geometry": {
        "type": "Point",
        "coordinates": [
          121.4469238,
          31.2104604
        ]
      },
      "properties": {
        "addr:housenumber": "1"
      }
    },
    {
      "type": "Feature",
      "geometry": {
        "type": "Point",
        "coordinates": [
          121.4457214,
          31.2102947
        ]
      },
      "properties": {
        "addr:housenumber": "9"
      }
    },
    {
      "type": "Feature",
      "geometry": {
        "type": "Point",
        "coordinates": [
          121.445987,
          31.210524
        ]
      },
      "properties": {
        "addr:housenumber": "2-10"
      }
    },
    {
      "type": "Feature",
      "geometry": {
        "type": "Point",
        "coordinates": [
          121.4452441,
          31.2105385
        ]
      },
      "properties": {
        "addr:housenumber": "10"
      }
    },
    {
      "type": "Feature",
      "geometry": {
        "type": "Point",
        "coordinates": [
          121.4436071,
          31.2107053
        ]
      },
      "properties": {
        "addr:housenumber": "20"
      }
    },
    {
      "type": "Feature",
      "geometry": {
        "type": "Point",
        "coordinates": [
          121.44491,
          31.2370624
        ]
      },
      "properties": {
        "addr:housenumber": "768号"
      }
    },
    {
      "type": "Feature",
      "geometry": {
        "type": "Point",
        "coordinates": [
          121.4447706,
          31.2397172
        ]
      },
      "properties": {
        "addr:housenumber": "688号"
      }
    },
    {
      "type": "Feature",
      "geometry": {
        "type": "Point",
        "coordinates": [
          121.4453186,
          31.2120866
        ]
      },
      "properties": {
        "addr:housenumber": "20"
      }
    },
    {
      "type": "Feature",
      "geometry": {
        "type": "Point",
        "coordinates": [
          121.4452734,
          31.2122979
        ]
      },
      "properties": {
        "addr:housenumber": "16"
      }
    },
    {
      "type": "Feature",
      "geometry": {
        "type": "Point",
        "coordinates": [
          121.4196265,
          31.2057402
        ]
      },
      "properties": {
        "addr:housenumber": "426"
      }
    },
    {
      "type": "Feature",
      "geometry": {
        "type": "Point",
        "coordinates": [
          121.4385954,
          31.2156635
        ]
      },
      "properties": {
        "addr:housenumber": "201"
      }
    },
    {
      "type": "Feature",
      "geometry": {
        "type": "Point",
        "coordinates": [
          121.4388422,
          31.215716
        ]
      },
      "properties": {
        "addr:housenumber": "201"
      }
    },
    {
      "type": "Feature",
      "geometry": {
        "type": "Point",
        "coordinates": [
          121.4389529,
          31.2157395
        ]
      },
      "properties": {
        "addr:housenumber": "195"
      }
    },
    {
      "type": "Feature",
      "geometry": {
        "type": "Point",
        "coordinates": [
          121.4394562,
          31.2160468
        ]
      },
      "properties": {
        "addr:housenumber": "186"
      }
    },
    {
      "type": "Feature",
      "geometry": {
        "type": "Point",
        "coordinates": [
          121.4493329,
          31.2304506
        ]
      },
      "properties": {
        "addr:housenumber": "288"
      }
    },
    {
      "type": "Feature",
      "geometry": {
        "type": "Point",
        "coordinates": [
          121.4787638,
          31.2386804
        ]
      },
      "properties": {
        "addr:housenumber": "6 этаж"
      }
    },
    {
      "type": "Feature",
      "geometry": {
        "type": "Point",
        "coordinates": [
          121.4154204,
          31.2068706
        ]
      },
      "properties": {
        "addr:housenumber": "679"
      }
    },
    {
      "type": "Feature",
      "geometry": {
        "type": "Point",
        "coordinates": [
          121.4186699,
          31.2122479
        ]
      },
      "properties": {
        "addr:housenumber": "999"
      }
    },
    {
      "type": "Feature",
      "geometry": {
        "type": "Point",
        "coordinates": [
          121.4528047,
          31.2148224
        ]
      },
      "properties": {
        "addr:housenumber": "189"
      }
    },
    {
      "type": "Feature",
      "geometry": {
        "type": "Point",
        "coordinates": [
          121.441883,
          31.2130055
        ]
      },
      "properties": {
        "addr:housenumber": "328"
      }
    },
    {
      "type": "Feature",
      "geometry": {
        "type": "Point",
        "coordinates": [
          121.4693774,
          31.207183
        ]
      },
      "properties": {
        "addr:housenumber": "166"
      }
    },
    {
      "type": "Feature",
      "geometry": {
        "type": "Point",
        "coordinates": [
          121.4559759,
          31.2366401
        ]
      },
      "properties": {
        "addr:housenumber": "258号"
      }
    },
    {
      "type": "Feature",
      "geometry": {
        "type": "Point",
        "coordinates": [
          121.4558442,
          31.2366719
        ]
      },
      "properties": {
        "addr:housenumber": "829号"
      }
    },
    {
      "type": "Feature",
      "geometry": {
        "type": "Point",
        "coordinates": [
          121.4544851,
          31.2362177
        ]
      },
      "properties": {
        "addr:housenumber": "849号"
      }
    },
    {
      "type": "Feature",
      "geometry": {
        "type": "Point",
        "coordinates": [
          121.4377466,
          31.1869491
        ]
      },
      "properties": {
        "addr:housenumber": "580"
      }
    },
    {
      "type": "Feature",
      "geometry": {
        "type": "Point",
        "coordinates": [
          121.5489644,
          31.2260385
        ]
      },
      "properties": {
        "addr:housenumber": "767"
      }
    },
    {
      "type": "Feature",
      "geometry": {
        "type": "Point",
        "coordinates": [
          121.4748023,
          31.2377901
        ]
      },
      "properties": {
        "addr:housenumber": "588号"
      }
    },
    {
      "type": "Feature",
      "geometry": {
        "type": "Point",
        "coordinates": [
          121.4687905,
          31.2215489
        ]
      },
      "properties": {
        "addr:housenumber": "178"
      }
    },
    {
      "type": "Feature",
      "geometry": {
        "type": "Point",
        "coordinates": [
          121.4153624,
          31.237839
        ]
      },
      "properties": {
        "addr:housenumber": "419"
      }
    },
    {
      "type": "Feature",
      "geometry": {
        "type": "Point",
        "coordinates": [
          121.4124613,
          31.2145874
        ]
      },
      "properties": {
        "addr:housenumber": "658"
      }
    },
    {
      "type": "Feature",
      "geometry": {
        "type": "Point",
        "coordinates": [
          121.4486843,
          31.2464778
        ]
      },
      "properties": {
        "addr:housenumber": "500"
      }
    },
    {
      "type": "Feature",
      "geometry": {
        "type": "Point",
        "coordinates": [
          121.4539856,
          31.2287263
        ]
      },
      "properties": {
        "addr:housenumber": "162"
      }
    },
    {
      "type": "Feature",
      "geometry": {
        "type": "Point",
        "coordinates": [
          121.4798765,
          31.2373015
        ]
      },
      "properties": {
        "addr:housenumber": "255"
      }
    },
    {
      "type": "Feature",
      "geometry": {
        "type": "Point",
        "coordinates": [
          121.401428,
          31.2086238
        ]
      },
      "properties": {
        "addr:housenumber": "24"
      }
    },
    {
      "type": "Feature",
      "geometry": {
        "type": "Point",
        "coordinates": [
          121.4022731,
          31.2096196
        ]
      },
      "properties": {
        "addr:housenumber": "123"
      }
    },
    {
      "type": "Feature",
      "geometry": {
        "type": "Point",
        "coordinates": [
          121.4022326,
          31.2095053
        ]
      },
      "properties": {
        "addr:housenumber": "115"
      }
    },
    {
      "type": "Feature",
      "geometry": {
        "type": "Point",
        "coordinates": [
          121.4013724,
          31.2088876
        ]
      },
      "properties": {
        "addr:housenumber": "1-12"
      }
    },
    {
      "type": "Feature",
      "geometry": {
        "type": "Point",
        "coordinates": [
          121.4029652,
          31.2092194
        ]
      },
      "properties": {
        "addr:housenumber": "100"
      }
    },
    {
      "type": "Feature",
      "geometry": {
        "type": "Point",
        "coordinates": [
          121.4796919,
          31.2110573
        ]
      },
      "properties": {
        "addr:housenumber": "333弄"
      }
    },
    {
      "type": "Feature",
      "geometry": {
        "type": "Point",
        "coordinates": [
          121.4639691,
          31.2279986
        ]
      },
      "properties": {
        "addr:housenumber": "288"
      }
    },
    {
      "type": "Feature",
      "geometry": {
        "type": "Point",
        "coordinates": [
          121.4275236,
          31.2488755
        ]
      },
      "properties": {
        "addr:housenumber": "3"
      }
    },
    {
      "type": "Feature",
      "geometry": {
        "type": "Point",
        "coordinates": [
          121.4466278,
          31.2079979
        ]
      },
      "properties": {
        "addr:housenumber": "4"
      }
    },
    {
      "type": "Feature",
      "geometry": {
        "type": "Point",
        "coordinates": [
          121.4589483,
          31.2272174
        ]
      },
      "properties": {
        "addr:housenumber": "518"
      }
    },
    {
      "type": "Feature",
      "geometry": {
        "type": "Point",
        "coordinates": [
          121.4482132,
          31.2187933
        ]
      },
      "properties": {
        "addr:housenumber": "204"
      }
    },
    {
      "type": "Feature",
      "geometry": {
        "type": "Point",
        "coordinates": [
          121.4537364,
          31.2036624
        ]
      },
      "properties": {
        "addr:housenumber": "407"
      }
    },
    {
      "type": "Feature",
      "geometry": {
        "type": "Point",
        "coordinates": [
          121.4617964,
          31.2331797
        ]
      },
      "properties": {
        "addr:housenumber": "580"
      }
    },
    {
      "type": "Feature",
      "geometry": {
        "type": "Point",
        "coordinates": [
          121.4333818,
          31.2236151
        ]
      },
      "properties": {
        "addr:housenumber": "546"
      }
    },
    {
      "type": "Feature",
      "geometry": {
        "type": "Point",
        "coordinates": [
          121.4359711,
          31.2152286
        ]
      },
      "properties": {
        "addr:housenumber": "308"
      }
    },
    {
      "type": "Feature",
      "geometry": {
        "type": "Point",
        "coordinates": [
          121.4310589,
          31.1997068
        ]
      },
      "properties": {
        "addr:housenumber": "45号"
      }
    },
    {
      "type": "Feature",
      "geometry": {
        "type": "Point",
        "coordinates": [
          121.4309085,
          31.1995881
        ]
      },
      "properties": {
        "addr:housenumber": "45号"
      }
    },
    {
      "type": "Feature",
      "geometry": {
        "type": "Point",
        "coordinates": [
          121.431305,
          31.1998285
        ]
      },
      "properties": {
        "addr:housenumber": "45号"
      }
    },
    {
      "type": "Feature",
      "geometry": {
        "type": "Point",
        "coordinates": [
          121.4314006,
          31.1999013
        ]
      },
      "properties": {
        "addr:housenumber": "45号"
      }
    },
    {
      "type": "Feature",
      "geometry": {
        "type": "Point",
        "coordinates": [
          121.4415702,
          31.2178641
        ]
      },
      "properties": {
        "addr:housenumber": "1"
      }
    },
    {
      "type": "Feature",
      "geometry": {
        "type": "Point",
        "coordinates": [
          121.4557489,
          31.2117356
        ]
      },
      "properties": {
        "addr:housenumber": "110"
      }
    },
    {
      "type": "Feature",
      "geometry": {
        "type": "Point",
        "coordinates": [
          121.4072165,
          31.2109837
        ]
      },
      "properties": {
        "addr:housenumber": "662"
      }
    },
    {
      "type": "Feature",
      "geometry": {
        "type": "Point",
        "coordinates": [
          121.4470224,
          31.2348572
        ]
      },
      "properties": {
        "addr:housenumber": "600"
      }
    },
    {
      "type": "Feature",
      "geometry": {
        "type": "Point",
        "coordinates": [
          121.4479034,
          31.2330904
        ]
      },
      "properties": {
        "addr:housenumber": "495号"
      }
    },
    {
      "type": "Feature",
      "geometry": {
        "type": "Point",
        "coordinates": [
          121.4539103,
          31.2309576
        ]
      },
      "properties": {
        "addr:housenumber": "993"
      }
    },
    {
      "type": "Feature",
      "geometry": {
        "type": "Point",
        "coordinates": [
          121.423226,
          31.2329036
        ]
      },
      "properties": {
        "addr:housenumber": "1112"
      }
    },
    {
      "type": "Feature",
      "geometry": {
        "type": "Point",
        "coordinates": [
          121.4500151,
          31.2369477
        ]
      },
      "properties": {
        "addr:housenumber": "300"
      }
    },
    {
      "type": "Feature",
      "geometry": {
        "type": "Point",
        "coordinates": [
          121.4723724,
          31.2108969
        ]
      },
      "properties": {
        "addr:housenumber": "193"
      }
    },
    {
      "type": "Feature",
      "geometry": {
        "type": "Point",
        "coordinates": [
          121.435435,
          31.2436016
        ]
      },
      "properties": {
        "addr:housenumber": "235"
      }
    },
    {
      "type": "Feature",
      "geometry": {
        "type": "Point",
        "coordinates": [
          121.4399662,
          31.2250604
        ]
      },
      "properties": {
        "addr:housenumber": "27"
      }
    },
    {
      "type": "Feature",
      "geometry": {
        "type": "Point",
        "coordinates": [
          121.4411164,
          31.2256864
        ]
      },
      "properties": {
        "addr:housenumber": "41"
      }
    },
    {
      "type": "Feature",
      "geometry": {
        "type": "Point",
        "coordinates": [
          121.4644073,
          31.177327
        ]
      },
      "properties": {
        "addr:housenumber": "16"
      }
    },
    {
      "type": "Feature",
      "geometry": {
        "type": "Point",
        "coordinates": [
          121.5031057,
          31.2357434
        ]
      },
      "properties": {
        "addr:housenumber": "3F"
      }
    },
    {
      "type": "Feature",
      "geometry": {
        "type": "Point",
        "coordinates": [
          121.4465314,
          31.2209264
        ]
      },
      "properties": {
        "addr:housenumber": "148"
      }
    },
    {
      "type": "Feature",
      "geometry": {
        "type": "Point",
        "coordinates": [
          121.4612394,
          31.2250261
        ]
      },
      "properties": {
        "addr:housenumber": "B1/158"
      }
    },
    {
      "type": "Feature",
      "geometry": {
        "type": "Point",
        "coordinates": [
          121.457832,
          31.2072536
        ]
      },
      "properties": {
        "addr:housenumber": "331"
      }
    },
    {
      "type": "Feature",
      "geometry": {
        "type": "Point",
        "coordinates": [
          121.4020872,
          31.2077845
        ]
      },
      "properties": {
        "addr:housenumber": "99"
      }
    },
    {
      "type": "Feature",
      "geometry": {
        "type": "Point",
        "coordinates": [
          121.436921,
          31.2311428
        ]
      },
      "properties": {
        "addr:housenumber": "1"
      }
    },
    {
      "type": "Feature",
      "geometry": {
        "type": "Point",
        "coordinates": [
          121.4384916,
          31.2321902
        ]
      },
      "properties": {
        "addr:housenumber": "999"
      }
    },
    {
      "type": "Feature",
      "geometry": {
        "type": "Point",
        "coordinates": [
          121.45811,
          31.2321246
        ]
      },
      "properties": {
        "addr:housenumber": "366号太古汇N212"
      }
    },
    {
      "type": "Feature",
      "geometry": {
        "type": "Point",
        "coordinates": [
          121.5515451,
          31.2262
        ]
      },
      "properties": {
        "addr:housenumber": "880"
      }
    },
    {
      "type": "Feature",
      "geometry": {
        "type": "Point",
        "coordinates": [
          121.4127948,
          31.2213337
        ]
      },
      "properties": {
        "addr:housenumber": "1018号龙之梦购物中心6楼"
      }
    },
    {
      "type": "Feature",
      "geometry": {
        "type": "Point",
        "coordinates": [
          121.5536435,
          31.2276985
        ]
      },
      "properties": {
        "addr:housenumber": "24"
      }
    },
    {
      "type": "Feature",
      "geometry": {
        "type": "Point",
        "coordinates": [
          121.5538056,
          31.2277324
        ]
      },
      "properties": {
        "addr:housenumber": "34-35"
      }
    },
    {
      "type": "Feature",
      "geometry": {
        "type": "Point",
        "coordinates": [
          121.4897311,
          31.2323887
        ]
      },
      "properties": {
        "addr:housenumber": "22"
      }
    },
    {
      "type": "Feature",
      "geometry": {
        "type": "Point",
        "coordinates": [
          121.4474978,
          31.2483871
        ]
      },
      "properties": {
        "addr:housenumber": "1109"
      }
    },
    {
      "type": "Feature",
      "geometry": {
        "type": "Point",
        "coordinates": [
          121.4686009,
          31.2391797
        ]
      },
      "properties": {
        "addr:housenumber": "500号"
      }
    },
    {
      "type": "Feature",
      "geometry": {
        "type": "Point",
        "coordinates": [
          121.4704339,
          31.2370641
        ]
      },
      "properties": {
        "addr:housenumber": "830"
      }
    },
    {
      "type": "Feature",
      "geometry": {
        "type": "Point",
        "coordinates": [
          121.4596757,
          31.2271181
        ]
      },
      "properties": {
        "addr:housenumber": "509"
      }
    },
    {
      "type": "Feature",
      "geometry": {
        "type": "Point",
        "coordinates": [
          121.4779474,
          31.2204972
        ]
      },
      "properties": {
        "addr:housenumber": "1"
      }
    },
    {
      "type": "Feature",
      "geometry": {
        "type": "Point",
        "coordinates": [
          121.4376079,
          31.1907358
        ]
      },
      "properties": {
        "addr:housenumber": "323"
      }
    },
    {
      "type": "Feature",
      "geometry": {
        "type": "Point",
        "coordinates": [
          121.4498092,
          31.2365951
        ]
      },
      "properties": {
        "addr:housenumber": "327"
      }
    },
    {
      "type": "Feature",
      "geometry": {
        "type": "Point",
        "coordinates": [
          121.4812481,
          31.2295855
        ]
      },
      "properties": {
        "addr:housenumber": "777"
      }
    },
    {
      "type": "Feature",
      "geometry": {
        "type": "Point",
        "coordinates": [
          121.4392662,
          31.2241028
        ]
      },
      "properties": {
        "addr:housenumber": "1788"
      }
    },
    {
      "type": "Feature",
      "geometry": {
        "type": "Point",
        "coordinates": [
          121.4409062,
          31.2043838
        ]
      },
      "properties": {
        "addr:housenumber": "30"
      }
    },
    {
      "type": "Feature",
      "geometry": {
        "type": "Point",
        "coordinates": [
          121.4023692,
          31.2098857
        ]
      },
      "properties": {
        "addr:housenumber": "125"
      }
    },
    {
      "type": "Feature",
      "geometry": {
        "type": "Point",
        "coordinates": [
          121.4564463,
          31.2285636
        ]
      },
      "properties": {
        "addr:housenumber": "16C;16D"
      }
    },
    {
      "type": "Feature",
      "geometry": {
        "type": "Point",
        "coordinates": [
          121.4486648,
          31.2316962
        ]
      },
      "properties": {
        "addr:housenumber": "408"
      }
    },
    {
      "type": "Feature",
      "geometry": {
        "type": "Point",
        "coordinates": [
          121.431168,
          31.2209523
        ]
      },
      "properties": {
        "addr:housenumber": "753"
      }
    },
    {
      "type": "Feature",
      "geometry": {
        "type": "Point",
        "coordinates": [
          121.4853817,
          31.2573134
        ]
      },
      "properties": {
        "addr:housenumber": "160, A105"
      }
    },
    {
      "type": "Feature",
      "geometry": {
        "type": "Point",
        "coordinates": [
          121.4298522,
          31.2054951
        ]
      },
      "properties": {
        "addr:housenumber": "1603"
      }
    },
    {
      "type": "Feature",
      "geometry": {
        "type": "Point",
        "coordinates": [
          121.4756444,
          31.2351312
        ]
      },
      "properties": {
        "addr:housenumber": "556"
      }
    },
    {
      "type": "Feature",
      "geometry": {
        "type": "Point",
        "coordinates": [
          121.4480568,
          31.2367588
        ]
      },
      "properties": {
        "addr:housenumber": "3/F"
      }
    },
    {
      "type": "Feature",
      "geometry": {
        "type": "Point",
        "coordinates": [
          121.4970272,
          31.2521563
        ]
      },
      "properties": {
        "addr:housenumber": "687"
      }
    },
    {
      "type": "Feature",
      "geometry": {
        "type": "Point",
        "coordinates": [
          121.4474713,
          31.2494991
        ]
      },
      "properties": {
        "addr:housenumber": "B-315"
      }
    },
    {
      "type": "Feature",
      "geometry": {
        "type": "Point",
        "coordinates": [
          121.4302813,
          31.2177833
        ]
      },
      "properties": {
        "addr:housenumber": "660"
      }
    },
    {
      "type": "Feature",
      "geometry": {
        "type": "Point",
        "coordinates": [
          121.4594047,
          31.1665266
        ]
      },
      "properties": {
        "addr:housenumber": "2350"
      }
    },
    {
      "type": "Feature",
      "geometry": {
        "type": "Point",
        "coordinates": [
          121.4607887,
          31.2250402
        ]
      },
      "properties": {
        "addr:housenumber": "158"
      }
    },
    {
      "type": "Feature",
      "geometry": {
        "type": "Point",
        "coordinates": [
          121.5536371,
          31.198093
        ]
      },
      "properties": {
        "addr:housenumber": "381号"
      }
    },
    {
      "type": "Feature",
      "geometry": {
        "type": "Point",
        "coordinates": [
          121.4392964,
          31.2288509
        ]
      },
      "properties": {
        "addr:housenumber": "171"
      }
    },
    {
      "type": "Feature",
      "geometry": {
        "type": "Point",
        "coordinates": [
          121.4362857,
          31.2387023
        ]
      },
      "properties": {
        "addr:housenumber": "1042"
      }
    },
    {
      "type": "Feature",
      "geometry": {
        "type": "Point",
        "coordinates": [
          121.4526216,
          31.2442865
        ]
      },
      "properties": {
        "addr:housenumber": "299"
      }
    },
    {
      "type": "Feature",
      "geometry": {
        "type": "Point",
        "coordinates": [
          121.4336694,
          31.2421563
        ]
      },
      "properties": {
        "addr:housenumber": "396"
      }
    },
    {
      "type": "Feature",
      "geometry": {
        "type": "Point",
        "coordinates": [
          121.4481287,
          31.2370583
        ]
      },
      "properties": {
        "addr:housenumber": "428"
      }
    },
    {
      "type": "Feature",
      "geometry": {
        "type": "Point",
        "coordinates": [
          121.461222,
          31.2167307
        ]
      },
      "properties": {
        "addr:housenumber": "579"
      }
    },
    {
      "type": "Feature",
      "geometry": {
        "type": "Point",
        "coordinates": [
          121.4612485,
          31.2167354
        ]
      },
      "properties": {
        "addr:housenumber": "579"
      }
    },
    {
      "type": "Feature",
      "geometry": {
        "type": "Point",
        "coordinates": [
          121.4686857,
          31.199111
        ]
      },
      "properties": {
        "addr:housenumber": "451"
      }
    },
    {
      "type": "Feature",
      "geometry": {
        "type": "Point",
        "coordinates": [
          121.4820363,
          31.2009182
        ]
      },
      "properties": {
        "addr:housenumber": "833"
      }
    },
    {
      "type": "Feature",
      "geometry": {
        "type": "Point",
        "coordinates": [
          121.4376061,
          31.2316511
        ]
      },
      "properties": {
        "addr:housenumber": "1085"
      }
    },
    {
      "type": "Feature",
      "geometry": {
        "type": "Point",
        "coordinates": [
          121.4433653,
          31.1936671
        ]
      },
      "properties": {
        "addr:housenumber": "2364"
      }
    },
    {
      "type": "Feature",
      "geometry": {
        "type": "Point",
        "coordinates": [
          121.5108716,
          31.2333264
        ]
      },
      "properties": {
        "addr:housenumber": "899 B1"
      }
    },
    {
      "type": "Feature",
      "geometry": {
        "type": "Point",
        "coordinates": [
          121.5103896,
          31.2341408
        ]
      },
      "properties": {
        "addr:housenumber": "855"
      }
    },
    {
      "type": "Feature",
      "geometry": {
        "type": "Point",
        "coordinates": [
          121.4592063,
          31.1860208
        ]
      },
      "properties": {
        "addr:housenumber": "3398"
      }
    },
    {
      "type": "Feature",
      "geometry": {
        "type": "Point",
        "coordinates": [
          121.4391185,
          31.2161148
        ]
      },
      "properties": {
        "addr:housenumber": "198-208号"
      }
    },
    {
      "type": "Feature",
      "geometry": {
        "type": "Point",
        "coordinates": [
          121.4541542,
          31.2307163
        ]
      },
      "properties": {
        "addr:housenumber": "281"
      }
    },
    {
      "type": "Feature",
      "geometry": {
        "type": "Point",
        "coordinates": [
          121.4771736,
          31.2293744
        ]
      },
      "properties": {
        "addr:housenumber": "531"
      }
    },
    {
      "type": "Feature",
      "geometry": {
        "type": "Point",
        "coordinates": [
          121.441931,
          31.2128387
        ]
      },
      "properties": {
        "addr:housenumber": "296"
      }
    },
    {
      "type": "Feature",
      "geometry": {
        "type": "Point",
        "coordinates": [
          121.4413177,
          31.2142798
        ]
      },
      "properties": {
        "addr:housenumber": "270"
      }
    },
    {
      "type": "Feature",
      "geometry": {
        "type": "Point",
        "coordinates": [
          121.4503307,
          31.221212
        ]
      },
      "properties": {
        "addr:housenumber": "58"
      }
    },
    {
      "type": "Feature",
      "geometry": {
        "type": "Point",
        "coordinates": [
          121.4734952,
          31.2343235
        ]
      },
      "properties": {
        "addr:housenumber": "666号"
      }
    },
    {
      "type": "Feature",
      "geometry": {
        "type": "Point",
        "coordinates": [
          121.4113358,
          31.2208782
        ]
      },
      "properties": {
        "addr:housenumber": "1018号7楼"
      }
    },
    {
      "type": "Feature",
      "geometry": {
        "type": "Point",
        "coordinates": [
          121.5097486,
          31.2465827
        ]
      },
      "properties": {
        "addr:housenumber": "1777"
      }
    },
    {
      "type": "Feature",
      "geometry": {
        "type": "Point",
        "coordinates": [
          121.453248,
          31.2144422
        ]
      },
      "properties": {
        "addr:housenumber": "1251-1"
      }
    },
    {
      "type": "Feature",
      "geometry": {
        "type": "Point",
        "coordinates": [
          121.4704007,
          31.2222446
        ]
      },
      "properties": {
        "addr:housenumber": "181-10"
      }
    },
    {
      "type": "Feature",
      "geometry": {
        "type": "Point",
        "coordinates": [
          121.4764068,
          31.2095642
        ]
      },
      "properties": {
        "addr:housenumber": "565-9"
      }
    },
    {
      "type": "Feature",
      "geometry": {
        "type": "Point",
        "coordinates": [
          121.4835745,
          31.2382138
        ]
      },
      "properties": {
        "addr:housenumber": "213"
      }
    },
    {
      "type": "Feature",
      "geometry": {
        "type": "Point",
        "coordinates": [
          121.4648262,
          31.2097271
        ]
      },
      "properties": {
        "addr:housenumber": "210"
      }
    },
    {
      "type": "Feature",
      "geometry": {
        "type": "Point",
        "coordinates": [
          121.4414324,
          31.2274857
        ]
      },
      "properties": {
        "addr:housenumber": "68号晶品4F"
      }
    },
    {
      "type": "Feature",
      "geometry": {
        "type": "Point",
        "coordinates": [
          121.4586559,
          31.2047883
        ]
      },
      "properties": {
        "addr:housenumber": "221"
      }
    },
    {
      "type": "Feature",
      "geometry": {
        "type": "Point",
        "coordinates": [
          121.4031529,
          31.2053813
        ]
      },
      "properties": {
        "addr:housenumber": "2077"
      }
    },
    {
      "type": "Feature",
      "geometry": {
        "type": "Point",
        "coordinates": [
          121.5161007,
          31.2463304
        ]
      },
      "properties": {
        "addr:housenumber": "1862"
      }
    },
    {
      "type": "Feature",
      "geometry": {
        "type": "Point",
        "coordinates": [
          121.4717904,
          31.2184245
        ]
      },
      "properties": {
        "addr:housenumber": "301"
      }
    },
    {
      "type": "Feature",
      "geometry": {
        "type": "Point",
        "coordinates": [
          121.4473853,
          31.2185929
        ]
      },
      "properties": {
        "addr:housenumber": "4"
      }
    },
    {
      "type": "Feature",
      "geometry": {
        "type": "Point",
        "coordinates": [
          121.5538814,
          31.2122883
        ]
      },
      "properties": {
        "addr:housenumber": "1003"
      }
    },
    {
      "type": "Feature",
      "geometry": {
        "type": "Point",
        "coordinates": [
          121.4503102,
          31.2214525
        ]
      },
      "properties": {
        "addr:housenumber": "27-1"
      }
    },
    {
      "type": "Feature",
      "geometry": {
        "type": "Point",
        "coordinates": [
          121.4289982,
          31.2218837
        ]
      },
      "properties": {
        "addr:housenumber": "769"
      }
    },
    {
      "type": "Feature",
      "geometry": {
        "type": "Point",
        "coordinates": [
          121.5284033,
          31.1516985
        ]
      },
      "properties": {
        "addr:housenumber": "77号"
      }
    },
    {
      "type": "Feature",
      "geometry": {
        "type": "Point",
        "coordinates": [
          121.4295947,
          31.2219906
        ]
      },
      "properties": {
        "addr:housenumber": "769-3"
      }
    },
    {
      "type": "Feature",
      "geometry": {
        "type": "Point",
        "coordinates": [
          121.4612318,
          31.2252108
        ]
      },
      "properties": {
        "addr:housenumber": "158"
      }
    },
    {
      "type": "Feature",
      "geometry": {
        "type": "Point",
        "coordinates": [
          121.4415252,
          31.2143501
        ]
      },
      "properties": {
        "addr:housenumber": "243"
      }
    },
    {
      "type": "Feature",
      "geometry": {
        "type": "Point",
        "coordinates": [
          121.4688847,
          31.2379786
        ]
      },
      "properties": {
        "addr:housenumber": "525"
      }
    },
    {
      "type": "Feature",
      "geometry": {
        "type": "Point",
        "coordinates": [
          121.5075278,
          31.2343417
        ]
      },
      "properties": {
        "addr:housenumber": "518号"
      }
    },
    {
      "type": "Feature",
      "geometry": {
        "type": "Point",
        "coordinates": [
          121.4785794,
          31.2410913
        ]
      },
      "properties": {
        "addr:housenumber": "214"
      }
    },
    {
      "type": "Feature",
      "geometry": {
        "type": "Point",
        "coordinates": [
          121.4754676,
          31.2384926
        ]
      },
      "properties": {
        "addr:housenumber": "353号"
      }
    },
    {
      "type": "Feature",
      "geometry": {
        "type": "Point",
        "coordinates": [
          121.4754759,
          31.2383918
        ]
      },
      "properties": {
        "addr:housenumber": "363号"
      }
    },
    {
      "type": "Feature",
      "geometry": {
        "type": "Point",
        "coordinates": [
          121.4699796,
          31.2203705
        ]
      },
      "properties": {
        "addr:housenumber": "232号"
      }
    },
    {
      "type": "Feature",
      "geometry": {
        "type": "Point",
        "coordinates": [
          121.4618848,
          31.2274222
        ]
      },
      "properties": {
        "addr:housenumber": "397"
      }
    },
    {
      "type": "Feature",
      "geometry": {
        "type": "Point",
        "coordinates": [
          121.4540107,
          31.2181403
        ]
      },
      "properties": {
        "addr:housenumber": "999号3楼"
      }
    },
    {
      "type": "Feature",
      "geometry": {
        "type": "Point",
        "coordinates": [
          121.4318157,
          31.1866279
        ]
      },
      "properties": {
        "addr:housenumber": "740号"
      }
    },
    {
      "type": "Feature",
      "geometry": {
        "type": "Point",
        "coordinates": [
          121.447634,
          31.2154722
        ]
      },
      "properties": {
        "addr:housenumber": "989"
      }
    },
    {
      "type": "Feature",
      "geometry": {
        "type": "Point",
        "coordinates": [
          121.4511088,
          31.2191206
        ]
      },
      "properties": {
        "addr:housenumber": "100"
      }
    },
    {
      "type": "Feature",
      "geometry": {
        "type": "Point",
        "coordinates": [
          121.4144688,
          31.2209425
        ]
      },
      "properties": {
        "addr:housenumber": "890"
      }
    },
    {
      "type": "Feature",
      "geometry": {
        "type": "Point",
        "coordinates": [
          121.4451118,
          31.2261388
        ]
      },
      "properties": {
        "addr:housenumber": "15151"
      }
    },
    {
      "type": "Feature",
      "geometry": {
        "type": "Point",
        "coordinates": [
          121.4834824,
          31.2381911
        ]
      },
      "properties": {
        "addr:housenumber": "213"
      }
    },
    {
      "type": "Feature",
      "geometry": {
        "type": "Point",
        "coordinates": [
          121.4833697,
          31.2379984
        ]
      },
      "properties": {
        "addr:housenumber": "213"
      }
    },
    {
      "type": "Feature",
      "geometry": {
        "type": "Point",
        "coordinates": [
          121.4833858,
          31.237925
        ]
      },
      "properties": {
        "addr:housenumber": "213"
      }
    },
    {
      "type": "Feature",
      "geometry": {
        "type": "Point",
        "coordinates": [
          121.4836184,
          31.2377847
        ]
      },
      "properties": {
        "addr:housenumber": "213"
      }
    },
    {
      "type": "Feature",
      "geometry": {
        "type": "Point",
        "coordinates": [
          121.4836908,
          31.2378122
        ]
      },
      "properties": {
        "addr:housenumber": "213"
      }
    },
    {
      "type": "Feature",
      "geometry": {
        "type": "Point",
        "coordinates": [
          121.4833099,
          31.2381631
        ]
      },
      "properties": {
        "addr:housenumber": "213"
      }
    },
    {
      "type": "Feature",
      "geometry": {
        "type": "Point",
        "coordinates": [
          121.483377,
          31.2381998
        ]
      },
      "properties": {
        "addr:housenumber": "213"
      }
    },
    {
      "type": "Feature",
      "geometry": {
        "type": "Point",
        "coordinates": [
          121.4834843,
          31.2382365
        ]
      },
      "properties": {
        "addr:housenumber": "213"
      }
    },
    {
      "type": "Feature",
      "geometry": {
        "type": "Point",
        "coordinates": [
          121.4835701,
          31.2382686
        ]
      },
      "properties": {
        "addr:housenumber": "213"
      }
    },
    {
      "type": "Feature",
      "geometry": {
        "type": "Point",
        "coordinates": [
          121.4836666,
          31.2382823
        ]
      },
      "properties": {
        "addr:housenumber": "213"
      }
    },
    {
      "type": "Feature",
      "geometry": {
        "type": "Point",
        "coordinates": [
          121.4837525,
          31.2382869
        ]
      },
      "properties": {
        "addr:housenumber": "213"
      }
    },
    {
      "type": "Feature",
      "geometry": {
        "type": "Point",
        "coordinates": [
          121.4838276,
          31.2383099
        ]
      },
      "properties": {
        "addr:housenumber": "213"
      }
    },
    {
      "type": "Feature",
      "geometry": {
        "type": "Point",
        "coordinates": [
          121.4833582,
          31.2381035
        ]
      },
      "properties": {
        "addr:housenumber": "213"
      }
    },
    {
      "type": "Feature",
      "geometry": {
        "type": "Point",
        "coordinates": [
          121.4834655,
          31.2381218
        ]
      },
      "properties": {
        "addr:housenumber": "213"
      }
    },
    {
      "type": "Feature",
      "geometry": {
        "type": "Point",
        "coordinates": [
          121.4835352,
          31.2381402
        ]
      },
      "properties": {
        "addr:housenumber": "213"
      }
    },
    {
      "type": "Feature",
      "geometry": {
        "type": "Point",
        "coordinates": [
          121.4835996,
          31.2381631
        ]
      },
      "properties": {
        "addr:housenumber": "213"
      }
    },
    {
      "type": "Feature",
      "geometry": {
        "type": "Point",
        "coordinates": [
          121.4836801,
          31.2381654
        ]
      },
      "properties": {
        "addr:housenumber": "213"
      }
    },
    {
      "type": "Feature",
      "geometry": {
        "type": "Point",
        "coordinates": [
          121.4837257,
          31.2381814
        ]
      },
      "properties": {
        "addr:housenumber": "213"
      }
    },
    {
      "type": "Feature",
      "geometry": {
        "type": "Point",
        "coordinates": [
          121.4838142,
          31.2382067
        ]
      },
      "properties": {
        "addr:housenumber": "213"
      }
    },
    {
      "type": "Feature",
      "geometry": {
        "type": "Point",
        "coordinates": [
          121.4833959,
          31.2380611
        ]
      },
      "properties": {
        "addr:housenumber": "213"
      }
    },
    {
      "type": "Feature",
      "geometry": {
        "type": "Point",
        "coordinates": [
          121.4834603,
          31.238084
        ]
      },
      "properties": {
        "addr:housenumber": "213"
      }
    },
    {
      "type": "Feature",
      "geometry": {
        "type": "Point",
        "coordinates": [
          121.4833906,
          31.2378478
        ]
      },
      "properties": {
        "addr:housenumber": "213"
      }
    },
    {
      "type": "Feature",
      "geometry": {
        "type": "Point",
        "coordinates": [
          121.483463,
          31.237872
        ]
      },
      "properties": {
        "addr:housenumber": "213"
      }
    },
    {
      "type": "Feature",
      "geometry": {
        "type": "Point",
        "coordinates": [
          121.4835247,
          31.2378949
        ]
      },
      "properties": {
        "addr:housenumber": "213"
      }
    },
    {
      "type": "Feature",
      "geometry": {
        "type": "Point",
        "coordinates": [
          121.4835676,
          31.2379041
        ]
      },
      "properties": {
        "addr:housenumber": "213"
      }
    },
    {
      "type": "Feature",
      "geometry": {
        "type": "Point",
        "coordinates": [
          121.483632,
          31.2379178
        ]
      },
      "properties": {
        "addr:housenumber": "213"
      }
    },
    {
      "type": "Feature",
      "geometry": {
        "type": "Point",
        "coordinates": [
          121.4837124,
          31.2379247
        ]
      },
      "properties": {
        "addr:housenumber": "213"
      }
    },
    {
      "type": "Feature",
      "geometry": {
        "type": "Point",
        "coordinates": [
          121.4837956,
          31.2379431
        ]
      },
      "properties": {
        "addr:housenumber": "213"
      }
    },
    {
      "type": "Feature",
      "geometry": {
        "type": "Point",
        "coordinates": [
          121.4922708,
          31.1992809
        ]
      },
      "properties": {
        "addr:housenumber": "200号"
      }
    },
    {
      "type": "Feature",
      "geometry": {
        "type": "Point",
        "coordinates": [
          121.4353048,
          31.1750096
        ]
      },
      "properties": {
        "addr:housenumber": "101号"
      }
    },
    {
      "type": "Feature",
      "geometry": {
        "type": "Point",
        "coordinates": [
          121.4338527,
          31.1401088
        ]
      },
      "properties": {
        "addr:housenumber": "400"
      }
    },
    {
      "type": "Feature",
      "geometry": {
        "type": "Point",
        "coordinates": [
          121.4425181,
          31.2275368
        ]
      },
      "properties": {
        "addr:housenumber": "260号"
      }
    },
    {
      "type": "Feature",
      "geometry": {
        "type": "Point",
        "coordinates": [
          121.444592,
          31.1896732
        ]
      },
      "properties": {
        "addr:housenumber": "600"
      }
    },
    {
      "type": "Feature",
      "geometry": {
        "type": "Point",
        "coordinates": [
          121.5245591,
          31.214391
        ]
      },
      "properties": {
        "addr:housenumber": "1367"
      }
    },
    {
      "type": "Feature",
      "geometry": {
        "type": "Point",
        "coordinates": [
          121.554843,
          31.2295945
        ]
      },
      "properties": {
        "addr:housenumber": "791"
      }
    },
    {
      "type": "Feature",
      "geometry": {
        "type": "Point",
        "coordinates": [
          121.4552736,
          31.2064252
        ]
      },
      "properties": {
        "addr:housenumber": "283"
      }
    },
    {
      "type": "Feature",
      "geometry": {
        "type": "Point",
        "coordinates": [
          121.4784338,
          31.2212577
        ]
      },
      "properties": {
        "addr:housenumber": "569"
      }
    },
    {
      "type": "Feature",
      "geometry": {
        "type": "Point",
        "coordinates": [
          121.4738734,
          31.2273578
        ]
      },
      "properties": {
        "addr:housenumber": "98"
      }
    },
    {
      "type": "Feature",
      "geometry": {
        "type": "Point",
        "coordinates": [
          121.4529683,
          31.1663271
        ]
      },
      "properties": {
        "addr:housenumber": "500"
      }
    },
    {
      "type": "Feature",
      "geometry": {
        "type": "Point",
        "coordinates": [
          121.4660856,
          31.2313142
        ]
      },
      "properties": {
        "addr:housenumber": "227"
      }
    },
    {
      "type": "Feature",
      "geometry": {
        "type": "Point",
        "coordinates": [
          121.4445046,
          31.2255137
        ]
      },
      "properties": {
        "addr:housenumber": "1515"
      }
    },
    {
      "type": "Feature",
      "geometry": {
        "type": "Point",
        "coordinates": [
          121.4527953,
          31.1884641
        ]
      },
      "properties": {
        "addr:housenumber": "699"
      }
    },
    {
      "type": "Feature",
      "geometry": {
        "type": "Point",
        "coordinates": [
          121.4704426,
          31.2174538
        ]
      },
      "properties": {
        "addr:housenumber": "388號"
      }
    },
    {
      "type": "Feature",
      "geometry": {
        "type": "Point",
        "coordinates": [
          121.5528278,
          31.2478557
        ]
      },
      "properties": {
        "addr:housenumber": "32"
      }
    },
    {
      "type": "Feature",
      "geometry": {
        "type": "Point",
        "coordinates": [
          121.4777789,
          31.1993198
        ]
      },
      "properties": {
        "addr:housenumber": "757"
      }
    },
    {
      "type": "Feature",
      "geometry": {
        "type": "Point",
        "coordinates": [
          121.4656882,
          31.2318533
        ]
      },
      "properties": {
        "addr:housenumber": "15"
      }
    },
    {
      "type": "Feature",
      "geometry": {
        "type": "Point",
        "coordinates": [
          121.4648957,
          31.2326333
        ]
      },
      "properties": {
        "addr:housenumber": "389 B1 A01"
      }
    },
    {
      "type": "Feature",
      "geometry": {
        "type": "Point",
        "coordinates": [
          121.4655326,
          31.231798
        ]
      },
      "properties": {
        "addr:housenumber": "23"
      }
    },
    {
      "type": "Feature",
      "geometry": {
        "type": "Point",
        "coordinates": [
          121.4656713,
          31.2318419
        ]
      },
      "properties": {
        "addr:housenumber": "19"
      }
    },
    {
      "type": "Feature",
      "geometry": {
        "type": "Point",
        "coordinates": [
          121.4638996,
          31.2312614
        ]
      },
      "properties": {
        "addr:housenumber": "360"
      }
    },
    {
      "type": "Feature",
      "geometry": {
        "type": "Point",
        "coordinates": [
          121.4651428,
          31.2297661
        ]
      },
      "properties": {
        "addr:housenumber": "88"
      }
    },
    {
      "type": "Feature",
      "geometry": {
        "type": "Point",
        "coordinates": [
          121.4395466,
          31.172911
        ]
      },
      "properties": {
        "addr:housenumber": "177号"
      }
    },
    {
      "type": "Feature",
      "geometry": {
        "type": "Point",
        "coordinates": [
          121.4277912,
          31.2216086
        ]
      },
      "properties": {
        "addr:housenumber": "885"
      }
    },
    {
      "type": "Feature",
      "geometry": {
        "type": "Point",
        "coordinates": [
          121.429447,
          31.2219698
        ]
      },
      "properties": {
        "addr:housenumber": "769"
      }
    },
    {
      "type": "Feature",
      "geometry": {
        "type": "Point",
        "coordinates": [
          121.4286415,
          31.2217929
        ]
      },
      "properties": {
        "addr:housenumber": "819"
      }
    },
    {
      "type": "Feature",
      "geometry": {
        "type": "Point",
        "coordinates": [
          121.4292085,
          31.2219174
        ]
      },
      "properties": {
        "addr:housenumber": "789"
      }
    },
    {
      "type": "Feature",
      "geometry": {
        "type": "Point",
        "coordinates": [
          121.4293593,
          31.2219505
        ]
      },
      "properties": {
        "addr:housenumber": "781"
      }
    },
    {
      "type": "Feature",
      "geometry": {
        "type": "Point",
        "coordinates": [
          121.4274686,
          31.2215414
        ]
      },
      "properties": {
        "addr:housenumber": "907"
      }
    },
    {
      "type": "Feature",
      "geometry": {
        "type": "Point",
        "coordinates": [
          121.4292617,
          31.2219291
        ]
      },
      "properties": {
        "addr:housenumber": "781"
      }
    },
    {
      "type": "Feature",
      "geometry": {
        "type": "Point",
        "coordinates": [
          121.4273585,
          31.2215065
        ]
      },
      "properties": {
        "addr:housenumber": "907"
      }
    },
    {
      "type": "Feature",
      "geometry": {
        "type": "Point",
        "coordinates": [
          121.4270222,
          31.2213392
        ]
      },
      "properties": {
        "addr:housenumber": "919"
      }
    },
    {
      "type": "Feature",
      "geometry": {
        "type": "Point",
        "coordinates": [
          121.4285405,
          31.2220101
        ]
      },
      "properties": {
        "addr:housenumber": "818"
      }
    },
    {
      "type": "Feature",
      "geometry": {
        "type": "Point",
        "coordinates": [
          121.4535067,
          31.2056978
        ]
      },
      "properties": {
        "addr:housenumber": "558"
      }
    },
    {
      "type": "Feature",
      "geometry": {
        "type": "Point",
        "coordinates": [
          121.4536516,
          31.205133
        ]
      },
      "properties": {
        "addr:housenumber": "578A"
      }
    },
    {
      "type": "Feature",
      "geometry": {
        "type": "Point",
        "coordinates": [
          121.4463054,
          31.204671
        ]
      },
      "properties": {
        "addr:housenumber": "515-1"
      }
    },
    {
      "type": "Feature",
      "geometry": {
        "type": "Point",
        "coordinates": [
          121.4554509,
          31.2079214
        ]
      },
      "properties": {
        "addr:housenumber": "256"
      }
    },
    {
      "type": "Feature",
      "geometry": {
        "type": "Point",
        "coordinates": [
          121.4824114,
          31.2400992
        ]
      },
      "properties": {
        "addr:housenumber": "139"
      }
    },
    {
      "type": "Feature",
      "geometry": {
        "type": "Point",
        "coordinates": [
          121.5462349,
          31.2421634
        ]
      },
      "properties": {
        "addr:housenumber": "2119"
      }
    },
    {
      "type": "Feature",
      "geometry": {
        "type": "Point",
        "coordinates": [
          121.5462951,
          31.2423016
        ]
      },
      "properties": {
        "addr:housenumber": "2119"
      }
    },
    {
      "type": "Feature",
      "geometry": {
        "type": "Point",
        "coordinates": [
          121.5476905,
          31.2415811
        ]
      },
      "properties": {
        "addr:housenumber": "2119"
      }
    },
    {
      "type": "Feature",
      "geometry": {
        "type": "Point",
        "coordinates": [
          121.5477262,
          31.2418896
        ]
      },
      "properties": {
        "addr:housenumber": "2119"
      }
    },
    {
      "type": "Feature",
      "geometry": {
        "type": "Point",
        "coordinates": [
          121.4437509,
          31.2153446
        ]
      },
      "properties": {
        "addr:housenumber": "80"
      }
    },
    {
      "type": "Feature",
      "geometry": {
        "type": "Point",
        "coordinates": [
          121.5465253,
          31.2426638
        ]
      },
      "properties": {
        "addr:housenumber": "2119"
      }
    },
    {
      "type": "Feature",
      "geometry": {
        "type": "Point",
        "coordinates": [
          121.4418603,
          31.212765
        ]
      },
      "properties": {
        "addr:housenumber": "354"
      }
    },
    {
      "type": "Feature",
      "geometry": {
        "type": "Point",
        "coordinates": [
          121.5103692,
          31.2259654
        ]
      },
      "properties": {
        "addr:housenumber": "650"
      }
    },
    {
      "type": "Feature",
      "geometry": {
        "type": "Point",
        "coordinates": [
          121.4854166,
          31.2421935
        ]
      },
      "properties": {
        "addr:housenumber": "27号"
      }
    },
    {
      "type": "Feature",
      "geometry": {
        "type": "Point",
        "coordinates": [
          121.4139113,
          31.2324827
        ]
      },
      "properties": {
        "addr:housenumber": "14"
      }
    },
    {
      "type": "Feature",
      "geometry": {
        "type": "Point",
        "coordinates": [
          121.4137611,
          31.2324231
        ]
      },
      "properties": {
        "addr:housenumber": "14"
      }
    },
    {
      "type": "Feature",
      "geometry": {
        "type": "Point",
        "coordinates": [
          121.4176412,
          31.1983567
        ]
      },
      "properties": {
        "addr:housenumber": "1580号新·淮海坊"
      }
    },
    {
      "type": "Feature",
      "geometry": {
        "type": "Point",
        "coordinates": [
          121.4119193,
          31.2207909
        ]
      },
      "properties": {
        "addr:housenumber": "1018号龙之梦购物中心7F"
      }
    },
    {
      "type": "Feature",
      "geometry": {
        "type": "Point",
        "coordinates": [
          121.5099571,
          31.2350225
        ]
      },
      "properties": {
        "addr:housenumber": "800号"
      }
    },
    {
      "type": "Feature",
      "geometry": {
        "type": "Point",
        "coordinates": [
          121.4392054,
          31.2301467
        ]
      },
      "properties": {
        "addr:housenumber": "1788"
      }
    },
    {
      "type": "Feature",
      "geometry": {
        "type": "Point",
        "coordinates": [
          121.432444,
          31.1964864
        ]
      },
      "properties": {
        "addr:housenumber": "1号港汇恒隆广场6F"
      }
    },
    {
      "type": "Feature",
      "geometry": {
        "type": "Point",
        "coordinates": [
          121.4364262,
          31.1719004
        ]
      },
      "properties": {
        "addr:housenumber": "8号"
      }
    },
    {
      "type": "Feature",
      "geometry": {
        "type": "Point",
        "coordinates": [
          121.4378139,
          31.2302368
        ]
      },
      "properties": {
        "addr:housenumber": "98-1号现所（7-11便利店旁边巷子进去）"
      }
    },
    {
      "type": "Feature",
      "geometry": {
        "type": "Point",
        "coordinates": [
          121.4393213,
          31.223951
        ]
      },
      "properties": {
        "addr:housenumber": "1788"
      }
    },
    {
      "type": "Feature",
      "geometry": {
        "type": "Point",
        "coordinates": [
          121.4938224,
          31.2275229
        ]
      },
      "properties": {
        "addr:housenumber": "600"
      }
    },
    {
      "type": "Feature",
      "geometry": {
        "type": "Point",
        "coordinates": [
          121.4446628,
          31.2250183
        ]
      },
      "properties": {
        "addr:housenumber": "1238"
      }
    },
    {
      "type": "Feature",
      "geometry": {
        "type": "Point",
        "coordinates": [
          121.4408997,
          31.2261204
        ]
      },
      "properties": {
        "addr:housenumber": "1618"
      }
    },
    {
      "type": "Feature",
      "geometry": {
        "type": "Point",
        "coordinates": [
          121.4341767,
          31.2147823
        ]
      },
      "properties": {
        "addr:housenumber": "888"
      }
    },
    {
      "type": "Feature",
      "geometry": {
        "type": "Point",
        "coordinates": [
          121.446712,
          31.2222246
        ]
      },
      "properties": {
        "addr:housenumber": "758"
      }
    },
    {
      "type": "Feature",
      "geometry": {
        "type": "Point",
        "coordinates": [
          121.4424661,
          31.2248153
        ]
      },
      "properties": {
        "addr:housenumber": "1601"
      }
    },
    {
      "type": "Feature",
      "geometry": {
        "type": "Point",
        "coordinates": [
          121.4550666,
          31.2378601
        ]
      },
      "properties": {
        "addr:housenumber": "321"
      }
    },
    {
      "type": "Feature",
      "geometry": {
        "type": "Point",
        "coordinates": [
          121.4634712,
          31.2066707
        ]
      },
      "properties": {
        "addr:housenumber": "1"
      }
    },
    {
      "type": "Feature",
      "geometry": {
        "type": "Point",
        "coordinates": [
          121.4525529,
          31.223974
        ]
      },
      "properties": {
        "addr:housenumber": "382-1"
      }
    },
    {
      "type": "Feature",
      "geometry": {
        "type": "Point",
        "coordinates": [
          121.4841741,
          31.2195021
        ]
      },
      "properties": {
        "addr:housenumber": "7"
      }
    },
    {
      "type": "Feature",
      "geometry": {
        "type": "Point",
        "coordinates": [
          121.473805,
          31.2174341
        ]
      },
      "properties": {
        "addr:housenumber": "121"
      }
    },
    {
      "type": "Feature",
      "geometry": {
        "type": "Point",
        "coordinates": [
          121.4766668,
          31.2198366
        ]
      },
      "properties": {
        "addr:housenumber": "266"
      }
    },
    {
      "type": "Feature",
      "geometry": {
        "type": "Point",
        "coordinates": [
          121.4838999,
          31.2204338
        ]
      },
      "properties": {
        "addr:housenumber": "19"
      }
    },
    {
      "type": "Feature",
      "geometry": {
        "type": "Point",
        "coordinates": [
          121.4099175,
          31.2462368
        ]
      },
      "properties": {
        "addr:housenumber": "507"
      }
    },
    {
      "type": "Feature",
      "geometry": {
        "type": "Point",
        "coordinates": [
          121.4330388,
          31.1877484
        ]
      },
      "properties": {
        "addr:housenumber": "595"
      }
    },
    {
      "type": "Feature",
      "geometry": {
        "type": "Point",
        "coordinates": [
          121.480705,
          31.2395096
        ]
      },
      "properties": {
        "addr:housenumber": "233"
      }
    },
    {
      "type": "Feature",
      "geometry": {
        "type": "Point",
        "coordinates": [
          121.4338648,
          31.2233016
        ]
      },
      "properties": {
        "addr:housenumber": "523弄1-15号"
      }
    },
    {
      "type": "Feature",
      "geometry": {
        "type": "Point",
        "coordinates": [
          121.4349125,
          31.2238076
        ]
      },
      "properties": {
        "addr:housenumber": "484"
      }
    },
    {
      "type": "Feature",
      "geometry": {
        "type": "Point",
        "coordinates": [
          121.4351262,
          31.2237897
        ]
      },
      "properties": {
        "addr:housenumber": "475"
      }
    },
    {
      "type": "Feature",
      "geometry": {
        "type": "Point",
        "coordinates": [
          121.4334052,
          31.2233016
        ]
      },
      "properties": {
        "addr:housenumber": "575"
      }
    },
    {
      "type": "Feature",
      "geometry": {
        "type": "Point",
        "coordinates": [
          121.4350619,
          31.2239372
        ]
      },
      "properties": {
        "addr:housenumber": "474"
      }
    },
    {
      "type": "Feature",
      "geometry": {
        "type": "Point",
        "coordinates": [
          121.4347312,
          31.2236626
        ]
      },
      "properties": {
        "addr:housenumber": "491"
      }
    },
    {
      "type": "Feature",
      "geometry": {
        "type": "Point",
        "coordinates": [
          121.4347548,
          31.2237313
        ]
      },
      "properties": {
        "addr:housenumber": "494"
      }
    },
    {
      "type": "Feature",
      "geometry": {
        "type": "Point",
        "coordinates": [
          121.4349918,
          31.2237415
        ]
      },
      "properties": {
        "addr:housenumber": "481"
      }
    },
    {
      "type": "Feature",
      "geometry": {
        "type": "Point",
        "coordinates": [
          121.4338229,
          31.2232872
        ]
      },
      "properties": {
        "addr:housenumber": "541弄2-30号"
      }
    },
    {
      "type": "Feature",
      "geometry": {
        "type": "Point",
        "coordinates": [
          121.4335678,
          31.2233244
        ]
      },
      "properties": {
        "addr:housenumber": "567"
      }
    },
    {
      "type": "Feature",
      "geometry": {
        "type": "Point",
        "coordinates": [
          121.4346126,
          31.2236043
        ]
      },
      "properties": {
        "addr:housenumber": "499"
      }
    },
    {
      "type": "Feature",
      "geometry": {
        "type": "Point",
        "coordinates": [
          121.434997,
          31.2238565
        ]
      },
      "properties": {
        "addr:housenumber": "478"
      }
    },
    {
      "type": "Feature",
      "geometry": {
        "type": "Point",
        "coordinates": [
          121.4354905,
          31.2239701
        ]
      },
      "properties": {
        "addr:housenumber": "463"
      }
    },
    {
      "type": "Feature",
      "geometry": {
        "type": "Point",
        "coordinates": [
          121.4350568,
          31.2237634
        ]
      },
      "properties": {
        "addr:housenumber": "477"
      }
    },
    {
      "type": "Feature",
      "geometry": {
        "type": "Point",
        "coordinates": [
          121.4348743,
          31.2237952
        ]
      },
      "properties": {
        "addr:housenumber": "488弄4-28号"
      }
    },
    {
      "type": "Feature",
      "geometry": {
        "type": "Point",
        "coordinates": [
          121.4343395,
          31.2235802
        ]
      },
      "properties": {
        "addr:housenumber": "520弄2-28号"
      }
    },
    {
      "type": "Feature",
      "geometry": {
        "type": "Point",
        "coordinates": [
          121.4346689,
          31.2236359
        ]
      },
      "properties": {
        "addr:housenumber": "497"
      }
    },
    {
      "type": "Feature",
      "geometry": {
        "type": "Point",
        "coordinates": [
          121.4336374,
          31.2232847
        ]
      },
      "properties": {
        "addr:housenumber": "543"
      }
    },
    {
      "type": "Feature",
      "geometry": {
        "type": "Point",
        "coordinates": [
          121.4334445,
          31.2233192
        ]
      },
      "properties": {
        "addr:housenumber": "575"
      }
    },
    {
      "type": "Feature",
      "geometry": {
        "type": "Point",
        "coordinates": [
          121.4346436,
          31.2236941
        ]
      },
      "properties": {
        "addr:housenumber": "500"
      }
    },
    {
      "type": "Feature",
      "geometry": {
        "type": "Point",
        "coordinates": [
          121.4345613,
          31.2235772
        ]
      },
      "properties": {
        "addr:housenumber": "503"
      }
    },
    {
      "type": "Feature",
      "geometry": {
        "type": "Point",
        "coordinates": [
          121.4347157,
          31.223711
        ]
      },
      "properties": {
        "addr:housenumber": "496"
      }
    },
    {
      "type": "Feature",
      "geometry": {
        "type": "Point",
        "coordinates": [
          121.4349507,
          31.2238394
        ]
      },
      "properties": {
        "addr:housenumber": "480"
      }
    },
    {
      "type": "Feature",
      "geometry": {
        "type": "Point",
        "coordinates": [
          121.4349217,
          31.2237678
        ]
      },
      "properties": {
        "addr:housenumber": "484弄4-42号"
      }
    },
    {
      "type": "Feature",
      "geometry": {
        "type": "Point",
        "coordinates": [
          121.4345144,
          31.2235604
        ]
      },
      "properties": {
        "addr:housenumber": "507"
      }
    },
    {
      "type": "Feature",
      "geometry": {
        "type": "Point",
        "coordinates": [
          121.4349008,
          31.2237577
        ]
      },
      "properties": {
        "addr:housenumber": "485"
      }
    },
    {
      "type": "Feature",
      "geometry": {
        "type": "Point",
        "coordinates": [
          121.4164667,
          31.232035
        ]
      },
      "properties": {
        "addr:housenumber": "48"
      }
    },
    {
      "type": "Feature",
      "geometry": {
        "type": "Point",
        "coordinates": [
          121.4158363,
          31.2313783
        ]
      },
      "properties": {
        "addr:housenumber": "86"
      }
    },
    {
      "type": "Feature",
      "geometry": {
        "type": "Point",
        "coordinates": [
          121.4156208,
          31.2313024
        ]
      },
      "properties": {
        "addr:housenumber": "86"
      }
    },
    {
      "type": "Feature",
      "geometry": {
        "type": "Point",
        "coordinates": [
          121.4329893,
          31.2114779
        ]
      },
      "properties": {
        "addr:housenumber": "54号"
      }
    },
    {
      "type": "Feature",
      "geometry": {
        "type": "Point",
        "coordinates": [
          121.4542781,
          31.2305928
        ]
      },
      "properties": {
        "addr:housenumber": "297"
      }
    },
    {
      "type": "Feature",
      "geometry": {
        "type": "Point",
        "coordinates": [
          121.4518266,
          31.2308349
        ]
      },
      "properties": {
        "addr:housenumber": "1038"
      }
    },
    {
      "type": "Feature",
      "geometry": {
        "type": "Point",
        "coordinates": [
          121.4500361,
          31.2310502
        ]
      },
      "properties": {
        "addr:housenumber": "310"
      }
    },
    {
      "type": "Feature",
      "geometry": {
        "type": "Point",
        "coordinates": [
          121.4501679,
          31.2303566
        ]
      },
      "properties": {
        "addr:housenumber": "278"
      }
    },
    {
      "type": "Feature",
      "geometry": {
        "type": "Point",
        "coordinates": [
          121.4500979,
          31.2304269
        ]
      },
      "properties": {
        "addr:housenumber": "278"
      }
    },
    {
      "type": "Feature",
      "geometry": {
        "type": "Point",
        "coordinates": [
          121.4187647,
          31.1982197
        ]
      },
      "properties": {
        "addr:housenumber": "555"
      }
    },
    {
      "type": "Feature",
      "geometry": {
        "type": "Point",
        "coordinates": [
          121.4185695,
          31.1975595
        ]
      },
      "properties": {
        "addr:housenumber": "777"
      }
    },
    {
      "type": "Feature",
      "geometry": {
        "type": "Point",
        "coordinates": [
          121.5149713,
          31.2319353
        ]
      },
      "properties": {
        "addr:housenumber": "528"
      }
    },
    {
      "type": "Feature",
      "geometry": {
        "type": "Point",
        "coordinates": [
          121.5134112,
          31.2331144
        ]
      },
      "properties": {
        "addr:housenumber": "665"
      }
    },
    {
      "type": "Feature",
      "geometry": {
        "type": "Point",
        "coordinates": [
          121.4936834,
          31.2374908
        ]
      },
      "properties": {
        "addr:housenumber": "35"
      }
    },
    {
      "type": "Feature",
      "geometry": {
        "type": "Point",
        "coordinates": [
          121.5424591,
          31.239422
        ]
      },
      "properties": {
        "addr:housenumber": "1721"
      }
    },
    {
      "type": "Feature",
      "geometry": {
        "type": "Point",
        "coordinates": [
          121.5143712,
          31.2311353
        ]
      },
      "properties": {
        "addr:housenumber": "588"
      }
    },
    {
      "type": "Feature",
      "geometry": {
        "type": "Point",
        "coordinates": [
          121.5134016,
          31.2293696
        ]
      },
      "properties": {
        "addr:housenumber": "500"
      }
    },
    {
      "type": "Feature",
      "geometry": {
        "type": "Point",
        "coordinates": [
          121.5595215,
          31.2589859
        ]
      },
      "properties": {
        "addr:housenumber": "1429"
      }
    },
    {
      "type": "Feature",
      "geometry": {
        "type": "Point",
        "coordinates": [
          121.5528278,
          31.2478557
        ]
      },
      "properties": {
        "addr:housenumber": "33"
      }
    },
    {
      "type": "Feature",
      "geometry": {
        "type": "Point",
        "coordinates": [
          121.4505289,
          31.2308983
        ]
      },
      "properties": {
        "addr:housenumber": "286"
      }
    },
    {
      "type": "Feature",
      "geometry": {
        "type": "Point",
        "coordinates": [
          121.452497,
          31.2302875
        ]
      },
      "properties": {
        "addr:housenumber": "1079"
      }
    },
    {
      "type": "Feature",
      "geometry": {
        "type": "Point",
        "coordinates": [
          121.4515114,
          31.2295804
        ]
      },
      "properties": {
        "addr:housenumber": "1141"
      }
    },
    {
      "type": "Feature",
      "geometry": {
        "type": "Point",
        "coordinates": [
          121.4510128,
          31.2293286
        ]
      },
      "properties": {
        "addr:housenumber": "1169"
      }
    },
    {
      "type": "Feature",
      "geometry": {
        "type": "Point",
        "coordinates": [
          121.4514074,
          31.2295321
        ]
      },
      "properties": {
        "addr:housenumber": "1145"
      }
    },
    {
      "type": "Feature",
      "geometry": {
        "type": "Point",
        "coordinates": [
          121.4507808,
          31.2292062
        ]
      },
      "properties": {
        "addr:housenumber": "1175"
      }
    },
    {
      "type": "Feature",
      "geometry": {
        "type": "Point",
        "coordinates": [
          121.4543382,
          31.2304882
        ]
      },
      "properties": {
        "addr:housenumber": "275"
      }
    },
    {
      "type": "Feature",
      "geometry": {
        "type": "Point",
        "coordinates": [
          121.45435,
          31.2304747
        ]
      },
      "properties": {
        "addr:housenumber": "275"
      }
    },
    {
      "type": "Feature",
      "geometry": {
        "type": "Point",
        "coordinates": [
          121.4516061,
          31.2296224
        ]
      },
      "properties": {
        "addr:housenumber": "1135-1137"
      }
    },
    {
      "type": "Feature",
      "geometry": {
        "type": "Point",
        "coordinates": [
          121.45069,
          31.2207631
        ]
      },
      "properties": {
        "addr:housenumber": "97"
      }
    },
    {
      "type": "Feature",
      "geometry": {
        "type": "Point",
        "coordinates": [
          121.4391565,
          31.2301263
        ]
      },
      "properties": {
        "addr:housenumber": "1788"
      }
    },
    {
      "type": "Feature",
      "geometry": {
        "type": "Point",
        "coordinates": [
          121.4391607,
          31.2298882
        ]
      },
      "properties": {
        "addr:housenumber": "1791"
      }
    },
    {
      "type": "Feature",
      "geometry": {
        "type": "Point",
        "coordinates": [
          121.4798679,
          31.2177293
        ]
      },
      "properties": {
        "addr:housenumber": "758 B1 104A"
      }
    },
    {
      "type": "Feature",
      "geometry": {
        "type": "Point",
        "coordinates": [
          121.4249866,
          31.2300909
        ]
      },
      "properties": {
        "addr:housenumber": "838"
      }
    },
    {
      "type": "Feature",
      "geometry": {
        "type": "Point",
        "coordinates": [
          121.4535682,
          31.2180387
        ]
      },
      "properties": {
        "addr:housenumber": "999号4楼"
      }
    },
    {
      "type": "Feature",
      "geometry": {
        "type": "Point",
        "coordinates": [
          121.4649486,
          31.1828031
        ]
      },
      "properties": {
        "addr:housenumber": "2200号"
      }
    },
    {
      "type": "Feature",
      "geometry": {
        "type": "Point",
        "coordinates": [
          121.4689967,
          31.2250368
        ]
      },
      "properties": {
        "addr:housenumber": "300号K11四楼"
      }
    },
    {
      "type": "Feature",
      "geometry": {
        "type": "Point",
        "coordinates": [
          121.4459679,
          31.226316
        ]
      },
      "properties": {
        "addr:housenumber": "1515号"
      }
    },
    {
      "type": "Feature",
      "geometry": {
        "type": "Point",
        "coordinates": [
          121.4330603,
          31.1993125
        ]
      },
      "properties": {
        "addr:housenumber": "1901号"
      }
    },
    {
      "type": "Feature",
      "geometry": {
        "type": "Point",
        "coordinates": [
          121.4389871,
          31.1942165
        ]
      },
      "properties": {
        "addr:housenumber": "109号"
      }
    },
    {
      "type": "Feature",
      "geometry": {
        "type": "Point",
        "coordinates": [
          121.4388785,
          31.1726979
        ]
      },
      "properties": {
        "addr:housenumber": "299号天华信息科技服务园"
      }
    },
    {
      "type": "Feature",
      "geometry": {
        "type": "Point",
        "coordinates": [
          121.4326061,
          31.1970164
        ]
      },
      "properties": {
        "addr:housenumber": "1号港汇恒隆广场5楼"
      }
    },
    {
      "type": "Feature",
      "geometry": {
        "type": "Point",
        "coordinates": [
          121.4237572,
          31.1993262
        ]
      },
      "properties": {
        "addr:housenumber": "858"
      }
    },
    {
      "type": "Feature",
      "geometry": {
        "type": "Point",
        "coordinates": [
          121.4236059,
          31.1982021
        ]
      },
      "properties": {
        "addr:housenumber": "878"
      }
    },
    {
      "type": "Feature",
      "geometry": {
        "type": "Point",
        "coordinates": [
          121.439031,
          31.2157551
        ]
      },
      "properties": {
        "addr:housenumber": "195号2louq"
      }
    },
    {
      "type": "Feature",
      "geometry": {
        "type": "Point",
        "coordinates": [
          121.4395544,
          31.2303044
        ]
      },
      "properties": {
        "addr:housenumber": "1750"
      }
    },
    {
      "type": "Feature",
      "geometry": {
        "type": "Point",
        "coordinates": [
          121.437775,
          31.2316917
        ]
      },
      "properties": {
        "addr:housenumber": "1077"
      }
    },
    {
      "type": "Feature",
      "geometry": {
        "type": "Point",
        "coordinates": [
          121.4379225,
          31.2317401
        ]
      },
      "properties": {
        "addr:housenumber": "343"
      }
    },
    {
      "type": "Feature",
      "geometry": {
        "type": "Point",
        "coordinates": [
          121.4524817,
          31.2175527
        ]
      },
      "properties": {
        "addr:housenumber": "999号4楼"
      }
    },
    {
      "type": "Feature",
      "geometry": {
        "type": "Point",
        "coordinates": [
          121.4469816,
          31.2223046
        ]
      },
      "properties": {
        "addr:housenumber": "748"
      }
    },
    {
      "type": "Feature",
      "geometry": {
        "type": "Point",
        "coordinates": [
          121.4474682,
          31.2225033
        ]
      },
      "properties": {
        "addr:housenumber": "741"
      }
    },
    {
      "type": "Feature",
      "geometry": {
        "type": "Point",
        "coordinates": [
          121.4470824,
          31.2223739
        ]
      },
      "properties": {
        "addr:housenumber": "758"
      }
    },
    {
      "type": "Feature",
      "geometry": {
        "type": "Point",
        "coordinates": [
          121.470392,
          31.2228899
        ]
      },
      "properties": {
        "addr:housenumber": "181弄16号"
      }
    },
    {
      "type": "Feature",
      "geometry": {
        "type": "Point",
        "coordinates": [
          121.4694913,
          31.2248306
        ]
      },
      "properties": {
        "addr:housenumber": "333号B2"
      }
    },
    {
      "type": "Feature",
      "geometry": {
        "type": "Point",
        "coordinates": [
          121.4323644,
          31.1969
        ]
      },
      "properties": {
        "addr:housenumber": "1号港汇恒隆广场5楼"
      }
    },
    {
      "type": "Feature",
      "geometry": {
        "type": "Point",
        "coordinates": [
          121.4106648,
          31.2184681
        ]
      },
      "properties": {
        "addr:housenumber": "1139号长宁来福士广场5楼"
      }
    },
    {
      "type": "Feature",
      "geometry": {
        "type": "Point",
        "coordinates": [
          121.410691,
          31.2184111
        ]
      },
      "properties": {
        "addr:housenumber": "1139号来福士广场6楼"
      }
    },
    {
      "type": "Feature",
      "geometry": {
        "type": "Point",
        "coordinates": [
          121.4448568,
          31.2269229
        ]
      },
      "properties": {
        "addr:housenumber": "1488"
      }
    },
    {
      "type": "Feature",
      "geometry": {
        "type": "Point",
        "coordinates": [
          121.4090131,
          31.2174415
        ]
      },
      "properties": {
        "addr:housenumber": "1139号长宁来福士广场"
      }
    },
    {
      "type": "Feature",
      "geometry": {
        "type": "Point",
        "coordinates": [
          121.508851,
          31.2352196
        ]
      },
      "properties": {
        "addr:housenumber": "700号"
      }
    },
    {
      "type": "Feature",
      "geometry": {
        "type": "Point",
        "coordinates": [
          121.5115806,
          31.2376865
        ]
      },
      "properties": {
        "addr:housenumber": "201号1层"
      }
    },
    {
      "type": "Feature",
      "geometry": {
        "type": "Point",
        "coordinates": [
          121.5081384,
          31.2346165
        ]
      },
      "properties": {
        "addr:housenumber": "528号"
      }
    },
    {
      "type": "Feature",
      "geometry": {
        "type": "Point",
        "coordinates": [
          121.5092714,
          31.2347535
        ]
      },
      "properties": {
        "addr:housenumber": "766号"
      }
    },
    {
      "type": "Feature",
      "geometry": {
        "type": "Point",
        "coordinates": [
          121.5057416,
          31.1996553
        ]
      },
      "properties": {
        "addr:housenumber": "2392"
      }
    },
    {
      "type": "Feature",
      "geometry": {
        "type": "Point",
        "coordinates": [
          121.5013841,
          31.235435
        ]
      },
      "properties": {
        "addr:housenumber": "126"
      }
    },
    {
      "type": "Feature",
      "geometry": {
        "type": "Point",
        "coordinates": [
          121.4095733,
          31.2178305
        ]
      },
      "properties": {
        "addr:housenumber": "1193号长宁来福士广场6楼"
      }
    },
    {
      "type": "Feature",
      "geometry": {
        "type": "Point",
        "coordinates": [
          121.4307869,
          31.170225
        ]
      },
      "properties": {
        "addr:housenumber": "2号"
      }
    },
    {
      "type": "Feature",
      "geometry": {
        "type": "Point",
        "coordinates": [
          121.5153387,
          31.2307126
        ]
      },
      "properties": {
        "addr:housenumber": "588"
      }
    },
    {
      "type": "Feature",
      "geometry": {
        "type": "Point",
        "coordinates": [
          121.4646405,
          31.2397653
        ]
      },
      "properties": {
        "addr:housenumber": "288号"
      }
    },
    {
      "type": "Feature",
      "geometry": {
        "type": "Point",
        "coordinates": [
          121.4633587,
          31.240782
        ]
      },
      "properties": {
        "addr:housenumber": "235号"
      }
    },
    {
      "type": "Feature",
      "geometry": {
        "type": "Point",
        "coordinates": [
          121.4637202,
          31.2406441
        ]
      },
      "properties": {
        "addr:housenumber": "225号"
      }
    },
    {
      "type": "Feature",
      "geometry": {
        "type": "Point",
        "coordinates": [
          121.4633172,
          31.2408315
        ]
      },
      "properties": {
        "addr:housenumber": "235号"
      }
    },
    {
      "type": "Feature",
      "geometry": {
        "type": "Point",
        "coordinates": [
          121.4636699,
          31.2406941
        ]
      },
      "properties": {
        "addr:housenumber": "225号"
      }
    },
    {
      "type": "Feature",
      "geometry": {
        "type": "Point",
        "coordinates": [
          121.4551238,
          31.2177157
        ]
      },
      "properties": {
        "addr:housenumber": "141号5楼"
      }
    },
    {
      "type": "Feature",
      "geometry": {
        "type": "Point",
        "coordinates": [
          121.4339981,
          31.2171833
        ]
      },
      "properties": {
        "addr:housenumber": "9号"
      }
    },
    {
      "type": "Feature",
      "geometry": {
        "type": "Point",
        "coordinates": [
          121.4934077,
          31.228234
        ]
      },
      "properties": {
        "addr:housenumber": "600号BFC外滩金融中心"
      }
    },
    {
      "type": "Feature",
      "geometry": {
        "type": "Point",
        "coordinates": [
          121.4538425,
          31.2180636
        ]
      },
      "properties": {
        "addr:housenumber": "999号环贸iapm商场3楼"
      }
    },
    {
      "type": "Feature",
      "geometry": {
        "type": "Point",
        "coordinates": [
          121.4098619,
          31.2182472
        ]
      },
      "properties": {
        "addr:housenumber": "1139号长宁来福士广场"
      }
    },
    {
      "type": "Feature",
      "geometry": {
        "type": "Point",
        "coordinates": [
          121.4105808,
          31.2189894
        ]
      },
      "properties": {
        "addr:housenumber": "1139号长宁来福士广场4楼"
      }
    },
    {
      "type": "Feature",
      "geometry": {
        "type": "Point",
        "coordinates": [
          121.4089004,
          31.2182543
        ]
      },
      "properties": {
        "addr:housenumber": "1195号长宁来福士广场店"
      }
    },
    {
      "type": "Feature",
      "geometry": {
        "type": "Point",
        "coordinates": [
          121.433631,
          31.1995713
        ]
      },
      "properties": {
        "addr:housenumber": "1901号LG1-128"
      }
    },
    {
      "type": "Feature",
      "geometry": {
        "type": "Point",
        "coordinates": [
          121.4447455,
          31.2249452
        ]
      },
      "properties": {
        "addr:housenumber": "1515号"
      }
    },
    {
      "type": "Feature",
      "geometry": {
        "type": "Point",
        "coordinates": [
          121.441928,
          31.2206664
        ]
      },
      "properties": {
        "addr:housenumber": "325号"
      }
    },
    {
      "type": "Feature",
      "geometry": {
        "type": "Point",
        "coordinates": [
          121.4387316,
          31.233573
        ]
      },
      "properties": {
        "addr:housenumber": "733弄15号"
      }
    },
    {
      "type": "Feature",
      "geometry": {
        "type": "Point",
        "coordinates": [
          121.4384079,
          31.2338433
        ]
      },
      "properties": {
        "addr:housenumber": "733弄"
      }
    },
    {
      "type": "Feature",
      "geometry": {
        "type": "Point",
        "coordinates": [
          121.4542176,
          31.2177202
        ]
      },
      "properties": {
        "addr:housenumber": "999号 iapm F6"
      }
    },
    {
      "type": "Feature",
      "geometry": {
        "type": "Point",
        "coordinates": [
          121.446044,
          31.222345
        ]
      },
      "properties": {
        "addr:housenumber": "87号"
      }
    },
    {
      "type": "Feature",
      "geometry": {
        "type": "Point",
        "coordinates": [
          121.4525706,
          31.217216
        ]
      },
      "properties": {
        "addr:housenumber": "999号环贸商场LG2"
      }
    },
    {
      "type": "Feature",
      "geometry": {
        "type": "Point",
        "coordinates": [
          121.4711996,
          31.1546191
        ]
      },
      "properties": {
        "addr:housenumber": "288号晶耀前滩西区L1层"
      }
    },
    {
      "type": "Feature",
      "geometry": {
        "type": "Point",
        "coordinates": [
          121.4508359,
          31.2212021
        ]
      },
      "properties": {
        "addr:housenumber": "18, 339 lane"
      }
    },
    {
      "type": "Feature",
      "geometry": {
        "type": "Point",
        "coordinates": [
          121.4447457,
          31.2252363
        ]
      },
      "properties": {
        "addr:housenumber": "160 L1"
      }
    },
    {
      "type": "Feature",
      "geometry": {
        "type": "Point",
        "coordinates": [
          121.468681,
          31.2241627
        ]
      },
      "properties": {
        "addr:housenumber": "381 L2-2"
      }
    },
    {
      "type": "Feature",
      "geometry": {
        "type": "Point",
        "coordinates": [
          121.4693945,
          31.2248118
        ]
      },
      "properties": {
        "addr:housenumber": "333 B1"
      }
    },
    {
      "type": "Feature",
      "geometry": {
        "type": "Point",
        "coordinates": [
          121.4552974,
          31.2184759
        ]
      },
      "properties": {
        "addr:housenumber": "1-146"
      }
    },
    {
      "type": "Feature",
      "geometry": {
        "type": "Point",
        "coordinates": [
          121.4329991,
          31.1999096
        ]
      },
      "properties": {
        "addr:housenumber": "1901 L2227&228"
      }
    },
    {
      "type": "Feature",
      "geometry": {
        "type": "Point",
        "coordinates": [
          121.4444422,
          31.2052049
        ]
      },
      "properties": {
        "addr:housenumber": "178"
      }
    },
    {
      "type": "Feature",
      "geometry": {
        "type": "Point",
        "coordinates": [
          121.4539641,
          31.217722
        ]
      },
      "properties": {
        "addr:housenumber": "999 build 5 520"
      }
    },
    {
      "type": "Feature",
      "geometry": {
        "type": "Point",
        "coordinates": [
          121.4716511,
          31.2131678
        ]
      },
      "properties": {
        "addr:housenumber": "441"
      }
    },
    {
      "type": "Feature",
      "geometry": {
        "type": "Point",
        "coordinates": [
          121.471867,
          31.2129811
        ]
      },
      "properties": {
        "addr:housenumber": "838"
      }
    },
    {
      "type": "Feature",
      "geometry": {
        "type": "Point",
        "coordinates": [
          121.4265751,
          31.2034809
        ]
      },
      "properties": {
        "addr:housenumber": "62"
      }
    },
    {
      "type": "Feature",
      "geometry": {
        "type": "Point",
        "coordinates": [
          121.4715677,
          31.2136289
        ]
      },
      "properties": {
        "addr:housenumber": "838"
      }
    },
    {
      "type": "Feature",
      "geometry": {
        "type": "Point",
        "coordinates": [
          121.4717075,
          31.2139335
        ]
      },
      "properties": {
        "addr:housenumber": "355"
      }
    },
    {
      "type": "Feature",
      "geometry": {
        "type": "Point",
        "coordinates": [
          121.4724736,
          31.213006
        ]
      },
      "properties": {
        "addr:housenumber": "838 B1 B167"
      }
    },
    {
      "type": "Feature",
      "geometry": {
        "type": "Point",
        "coordinates": [
          121.4718107,
          31.2123984
        ]
      },
      "properties": {
        "addr:housenumber": "268 B1/16"
      }
    },
    {
      "type": "Feature",
      "geometry": {
        "type": "Point",
        "coordinates": [
          121.4513691,
          31.24534
        ]
      },
      "properties": {
        "addr:housenumber": "329"
      }
    },
    {
      "type": "Feature",
      "geometry": {
        "type": "Point",
        "coordinates": [
          121.4454603,
          31.2248963
        ]
      },
      "properties": {
        "addr:housenumber": "1218号"
      }
    },
    {
      "type": "Feature",
      "geometry": {
        "type": "Point",
        "coordinates": [
          121.4838408,
          31.2425346
        ]
      },
      "properties": {
        "addr:housenumber": "88号2F"
      }
    },
    {
      "type": "Feature",
      "geometry": {
        "type": "Point",
        "coordinates": [
          121.4381485,
          31.2320159
        ]
      },
      "properties": {
        "addr:housenumber": "988"
      }
    },
    {
      "type": "Feature",
      "geometry": {
        "type": "Point",
        "coordinates": [
          121.4463261,
          31.2211609
        ]
      },
      "properties": {
        "addr:housenumber": "154"
      }
    },
    {
      "type": "Feature",
      "geometry": {
        "type": "Point",
        "coordinates": [
          121.4416162,
          31.2141933
        ]
      },
      "properties": {
        "addr:housenumber": "247"
      }
    },
    {
      "type": "Feature",
      "geometry": {
        "type": "Point",
        "coordinates": [
          121.470162,
          31.2206689
        ]
      },
      "properties": {
        "addr:housenumber": "123弄"
      }
    },
    {
      "type": "Feature",
      "geometry": {
        "type": "Point",
        "coordinates": [
          121.488457,
          31.1849323
        ]
      },
      "properties": {
        "addr:housenumber": "1368号世博源2楼"
      }
    },
    {
      "type": "Feature",
      "geometry": {
        "type": "Point",
        "coordinates": [
          121.4843515,
          31.2378307
        ]
      },
      "properties": {
        "addr:housenumber": "216"
      }
    },
    {
      "type": "Feature",
      "geometry": {
        "type": "Point",
        "coordinates": [
          121.5195799,
          31.2379163
        ]
      },
      "properties": {
        "addr:housenumber": "136"
      }
    },
    {
      "type": "Feature",
      "geometry": {
        "type": "Point",
        "coordinates": [
          121.5202309,
          31.2383072
        ]
      },
      "properties": {
        "addr:housenumber": "156"
      }
    },
    {
      "type": "Feature",
      "geometry": {
        "type": "Point",
        "coordinates": [
          121.4957546,
          31.237247
        ]
      },
      "properties": {
        "addr:housenumber": "166号"
      }
    },
    {
      "type": "Feature",
      "geometry": {
        "type": "Point",
        "coordinates": [
          121.4716438,
          31.236358
        ]
      },
      "properties": {
        "addr:housenumber": "768号"
      }
    },
    {
      "type": "Feature",
      "geometry": {
        "type": "Point",
        "coordinates": [
          121.4330728,
          31.1970962
        ]
      },
      "properties": {
        "addr:housenumber": "1号5F"
      }
    },
    {
      "type": "Feature",
      "geometry": {
        "type": "Point",
        "coordinates": [
          121.5559916,
          31.2096126
        ]
      },
      "properties": {
        "addr:housenumber": "802弄"
      }
    },
    {
      "type": "Feature",
      "geometry": {
        "type": "Point",
        "coordinates": [
          121.4240972,
          31.2540902
        ]
      },
      "properties": {
        "addr:housenumber": "72"
      }
    },
    {
      "type": "Feature",
      "geometry": {
        "type": "Point",
        "coordinates": [
          121.4773222,
          31.234596
        ]
      },
      "properties": {
        "addr:housenumber": "500号"
      }
    },
    {
      "type": "Feature",
      "geometry": {
        "type": "Point",
        "coordinates": [
          121.4337635,
          31.1926319
        ]
      },
      "properties": {
        "addr:housenumber": "333"
      }
    },
    {
      "type": "Feature",
      "geometry": {
        "type": "Point",
        "coordinates": [
          121.4787657,
          31.242406
        ]
      },
      "properties": {
        "addr:housenumber": "356"
      }
    },
    {
      "type": "Feature",
      "geometry": {
        "type": "Point",
        "coordinates": [
          121.4848278,
          31.2570702
        ]
      },
      "properties": {
        "addr:housenumber": "129"
      }
    },
    {
      "type": "Feature",
      "geometry": {
        "type": "Point",
        "coordinates": [
          121.4329631,
          31.1707112
        ]
      },
      "properties": {
        "addr:housenumber": "69号"
      }
    },
    {
      "type": "Feature",
      "geometry": {
        "type": "Point",
        "coordinates": [
          121.4318169,
          31.1985332
        ]
      },
      "properties": {
        "addr:housenumber": "160"
      }
    },
    {
      "type": "Feature",
      "geometry": {
        "type": "Point",
        "coordinates": [
          121.4423379,
          31.1702113
        ]
      },
      "properties": {
        "addr:housenumber": "3208弄32号"
      }
    },
    {
      "type": "Feature",
      "geometry": {
        "type": "Point",
        "coordinates": [
          121.4703931,
          31.2167545
        ]
      },
      "properties": {
        "addr:housenumber": "388号SOHO复兴广场1楼103"
      }
    },
    {
      "type": "Feature",
      "geometry": {
        "type": "Point",
        "coordinates": [
          121.4226372,
          31.2322258
        ]
      },
      "properties": {
        "addr:housenumber": "1118"
      }
    },
    {
      "type": "Feature",
      "geometry": {
        "type": "Point",
        "coordinates": [
          121.4320794,
          31.1754097
        ]
      },
      "properties": {
        "addr:housenumber": "253号"
      }
    },
    {
      "type": "Feature",
      "geometry": {
        "type": "Point",
        "coordinates": [
          121.4337159,
          31.1762785
        ]
      },
      "properties": {
        "addr:housenumber": "306号"
      }
    },
    {
      "type": "Feature",
      "geometry": {
        "type": "Point",
        "coordinates": [
          121.4401464,
          31.2326831
        ]
      },
      "properties": {
        "addr:housenumber": "870"
      }
    },
    {
      "type": "Feature",
      "geometry": {
        "type": "Point",
        "coordinates": [
          121.4591487,
          31.2164935
        ]
      },
      "properties": {
        "addr:housenumber": "642"
      }
    },
    {
      "type": "Feature",
      "geometry": {
        "type": "Point",
        "coordinates": [
          121.4356888,
          31.1983432
        ]
      },
      "properties": {
        "addr:housenumber": "842"
      }
    },
    {
      "type": "Feature",
      "geometry": {
        "type": "Point",
        "coordinates": [
          121.440047,
          31.2324639
        ]
      },
      "properties": {
        "addr:housenumber": "893"
      }
    },
    {
      "type": "Feature",
      "geometry": {
        "type": "Point",
        "coordinates": [
          121.4384791,
          31.2304709
        ]
      },
      "properties": {
        "addr:housenumber": "283"
      }
    },
    {
      "type": "Feature",
      "geometry": {
        "type": "Point",
        "coordinates": [
          121.4409176,
          31.2016287
        ]
      },
      "properties": {
        "addr:housenumber": "277, 3F"
      }
    },
    {
      "type": "Feature",
      "geometry": {
        "type": "Point",
        "coordinates": [
          121.4411141,
          31.2110048
        ]
      },
      "properties": {
        "addr:housenumber": "1502"
      }
    },
    {
      "type": "Feature",
      "geometry": {
        "type": "Point",
        "coordinates": [
          121.4408405,
          31.2053324
        ]
      },
      "properties": {
        "addr:housenumber": "30"
      }
    },
    {
      "type": "Feature",
      "geometry": {
        "type": "Point",
        "coordinates": [
          121.4706557,
          31.223215
        ]
      },
      "properties": {
        "addr:housenumber": "5"
      }
    },
    {
      "type": "Feature",
      "geometry": {
        "type": "Point",
        "coordinates": [
          121.4501157,
          31.2180361
        ]
      },
      "properties": {
        "addr:housenumber": "20"
      }
    },
    {
      "type": "Feature",
      "geometry": {
        "type": "Point",
        "coordinates": [
          121.413456,
          31.221482
        ]
      },
      "properties": {
        "addr:housenumber": "890 1F"
      }
    },
    {
      "type": "Feature",
      "geometry": {
        "type": "Point",
        "coordinates": [
          121.5432136,
          31.1823491
        ]
      },
      "properties": {
        "addr:housenumber": "2525"
      }
    },
    {
      "type": "Feature",
      "geometry": {
        "type": "Point",
        "coordinates": [
          121.4448614,
          31.2114147
        ]
      },
      "properties": {
        "addr:housenumber": "3"
      }
    },
    {
      "type": "Feature",
      "geometry": {
        "type": "Point",
        "coordinates": [
          121.4329822,
          31.197253
        ]
      },
      "properties": {
        "addr:housenumber": "1号港汇广场5楼"
      }
    },
    {
      "type": "Feature",
      "geometry": {
        "type": "Point",
        "coordinates": [
          121.5550501,
          31.210508
        ]
      },
      "properties": {
        "addr:housenumber": "801弄"
      }
    },
    {
      "type": "Feature",
      "geometry": {
        "type": "Point",
        "coordinates": [
          121.453469,
          31.2127108
        ]
      },
      "properties": {
        "addr:housenumber": "75"
      }
    },
    {
      "type": "Feature",
      "geometry": {
        "type": "Point",
        "coordinates": [
          121.4179552,
          31.2165928
        ]
      },
      "properties": {
        "addr:housenumber": "1265"
      }
    },
    {
      "type": "Feature",
      "geometry": {
        "type": "Point",
        "coordinates": [
          121.4173475,
          31.2183632
        ]
      },
      "properties": {
        "addr:housenumber": "1297"
      }
    },
    {
      "type": "Feature",
      "geometry": {
        "type": "Point",
        "coordinates": [
          121.41333,
          31.2575585
        ]
      },
      "properties": {
        "addr:housenumber": "125"
      }
    },
    {
      "type": "Feature",
      "geometry": {
        "type": "Point",
        "coordinates": [
          121.4445235,
          31.2345548
        ]
      },
      "properties": {
        "addr:housenumber": "595"
      }
    },
    {
      "type": "Feature",
      "geometry": {
        "type": "Point",
        "coordinates": [
          121.4325166,
          31.1924956
        ]
      },
      "properties": {
        "addr:housenumber": "158号"
      }
    },
    {
      "type": "Feature",
      "geometry": {
        "type": "Point",
        "coordinates": [
          121.4516184,
          31.2216345
        ]
      },
      "properties": {
        "addr:housenumber": "333号长乐花园"
      }
    },
    {
      "type": "Feature",
      "geometry": {
        "type": "Point",
        "coordinates": [
          121.4442777,
          31.1942293
        ]
      },
      "properties": {
        "addr:housenumber": "2300号"
      }
    },
    {
      "type": "Feature",
      "geometry": {
        "type": "Point",
        "coordinates": [
          121.4478249,
          31.1557434
        ]
      },
      "properties": {
        "addr:housenumber": "399号"
      }
    },
    {
      "type": "Feature",
      "geometry": {
        "type": "Point",
        "coordinates": [
          121.4967631,
          31.183591
        ]
      },
      "properties": {
        "addr:housenumber": "108"
      }
    },
    {
      "type": "Feature",
      "geometry": {
        "type": "Point",
        "coordinates": [
          121.471641,
          31.237934
        ]
      },
      "properties": {
        "addr:housenumber": "107"
      }
    },
    {
      "type": "Feature",
      "geometry": {
        "type": "Point",
        "coordinates": [
          121.4176789,
          31.2190525
        ]
      },
      "properties": {
        "addr:housenumber": "300"
      }
    },
    {
      "type": "Feature",
      "geometry": {
        "type": "Point",
        "coordinates": [
          121.4444515,
          31.2345722
        ]
      },
      "properties": {
        "addr:housenumber": "595"
      }
    },
    {
      "type": "Feature",
      "geometry": {
        "type": "Point",
        "coordinates": [
          121.453279,
          31.1940301
        ]
      },
      "properties": {
        "addr:housenumber": "301"
      }
    },
    {
      "type": "Feature",
      "geometry": {
        "type": "Point",
        "coordinates": [
          121.4533192,
          31.1940473
        ]
      },
      "properties": {
        "addr:housenumber": "299"
      }
    },
    {
      "type": "Feature",
      "geometry": {
        "type": "Point",
        "coordinates": [
          121.4537988,
          31.1941968
        ]
      },
      "properties": {
        "addr:housenumber": "291"
      }
    },
    {
      "type": "Feature",
      "geometry": {
        "type": "Point",
        "coordinates": [
          121.4534939,
          31.1940704
        ]
      },
      "properties": {
        "addr:housenumber": "295"
      }
    },
    {
      "type": "Feature",
      "geometry": {
        "type": "Point",
        "coordinates": [
          121.4568571,
          31.1953201
        ]
      },
      "properties": {
        "addr:housenumber": "193"
      }
    },
    {
      "type": "Feature",
      "geometry": {
        "type": "Point",
        "coordinates": [
          121.4441764,
          31.2286984
        ]
      },
      "properties": {
        "addr:housenumber": "299"
      }
    },
    {
      "type": "Feature",
      "geometry": {
        "type": "Point",
        "coordinates": [
          121.4686262,
          31.2173332
        ]
      },
      "properties": {
        "addr:housenumber": "455"
      }
    },
    {
      "type": "Feature",
      "geometry": {
        "type": "Point",
        "coordinates": [
          121.4399181,
          31.2243398
        ]
      },
      "properties": {
        "addr:housenumber": "1728"
      }
    },
    {
      "type": "Feature",
      "geometry": {
        "type": "Point",
        "coordinates": [
          121.4417732,
          31.2219465
        ]
      },
      "properties": {
        "addr:housenumber": "7"
      }
    },
    {
      "type": "Feature",
      "geometry": {
        "type": "Point",
        "coordinates": [
          121.4036901,
          31.208955
        ]
      },
      "properties": {
        "addr:housenumber": "150"
      }
    },
    {
      "type": "Feature",
      "geometry": {
        "type": "Point",
        "coordinates": [
          121.4816825,
          31.2540365
        ]
      },
      "properties": {
        "addr:housenumber": "471"
      }
    },
    {
      "type": "Feature",
      "geometry": {
        "type": "Point",
        "coordinates": [
          121.4593887,
          31.2294263
        ]
      },
      "properties": {
        "addr:housenumber": "420"
      }
    },
    {
      "type": "Feature",
      "geometry": {
        "type": "Point",
        "coordinates": [
          121.4563651,
          31.222841
        ]
      },
      "properties": {
        "addr:housenumber": "398"
      }
    },
    {
      "type": "Feature",
      "geometry": {
        "type": "Point",
        "coordinates": [
          121.4551209,
          31.1913055
        ]
      },
      "properties": {
        "addr:housenumber": "500"
      }
    },
    {
      "type": "Feature",
      "geometry": {
        "type": "Point",
        "coordinates": [
          121.426677,
          31.2196196
        ]
      },
      "properties": {
        "addr:housenumber": "1"
      }
    },
    {
      "type": "Feature",
      "geometry": {
        "type": "Point",
        "coordinates": [
          121.4178402,
          31.2132722
        ]
      },
      "properties": {
        "addr:housenumber": "503-1"
      }
    },
    {
      "type": "Feature",
      "geometry": {
        "type": "Point",
        "coordinates": [
          121.4978242,
          31.2383375
        ]
      },
      "properties": {
        "addr:housenumber": "8号国金中心商场4楼"
      }
    },
    {
      "type": "Feature",
      "geometry": {
        "type": "Point",
        "coordinates": [
          121.458529,
          31.2298152
        ]
      },
      "properties": {
        "addr:housenumber": "288号兴业太古汇南区L3层"
      }
    },
    {
      "type": "Feature",
      "geometry": {
        "type": "Point",
        "coordinates": [
          121.4678862,
          31.1550608
        ]
      },
      "properties": {
        "addr:housenumber": "199弄9号"
      }
    },
    {
      "type": "Feature",
      "geometry": {
        "type": "Point",
        "coordinates": [
          121.4329881,
          31.144014
        ]
      },
      "properties": {
        "addr:housenumber": "1001"
      }
    },
    {
      "type": "Feature",
      "geometry": {
        "type": "Point",
        "coordinates": [
          121.4329597,
          31.1440178
        ]
      },
      "properties": {
        "addr:housenumber": "1003"
      }
    },
    {
      "type": "Feature",
      "geometry": {
        "type": "Point",
        "coordinates": [
          121.434975,
          31.1946674
        ]
      },
      "properties": {
        "addr:housenumber": "1111"
      }
    },
    {
      "type": "Feature",
      "geometry": {
        "type": "Point",
        "coordinates": [
          121.4329276,
          31.1440231
        ]
      },
      "properties": {
        "addr:housenumber": "1005"
      }
    },
    {
      "type": "Feature",
      "geometry": {
        "type": "Point",
        "coordinates": [
          121.4328972,
          31.1440282
        ]
      },
      "properties": {
        "addr:housenumber": "1007"
      }
    },
    {
      "type": "Feature",
      "geometry": {
        "type": "Point",
        "coordinates": [
          121.4328674,
          31.1440329
        ]
      },
      "properties": {
        "addr:housenumber": "1009"
      }
    },
    {
      "type": "Feature",
      "geometry": {
        "type": "Point",
        "coordinates": [
          121.4328377,
          31.1440364
        ]
      },
      "properties": {
        "addr:housenumber": "1011"
      }
    },
    {
      "type": "Feature",
      "geometry": {
        "type": "Point",
        "coordinates": [
          121.4369339,
          31.2006074
        ]
      },
      "properties": {
        "addr:housenumber": "706"
      }
    },
    {
      "type": "Feature",
      "geometry": {
        "type": "Point",
        "coordinates": [
          121.4004925,
          31.1657415
        ]
      },
      "properties": {
        "addr:housenumber": "509"
      }
    },
    {
      "type": "Feature",
      "geometry": {
        "type": "Point",
        "coordinates": [
          121.4774537,
          31.229571
        ]
      },
      "properties": {
        "addr:housenumber": "511"
      }
    },
    {
      "type": "Feature",
      "geometry": {
        "type": "Point",
        "coordinates": [
          121.4470973,
          31.2338719
        ]
      },
      "properties": {
        "addr:housenumber": "1315"
      }
    },
    {
      "type": "Feature",
      "geometry": {
        "type": "Point",
        "coordinates": [
          121.4472448,
          31.2340655
        ]
      },
      "properties": {
        "addr:housenumber": "1300"
      }
    },
    {
      "type": "Feature",
      "geometry": {
        "type": "Point",
        "coordinates": [
          121.4704212,
          31.2383471
        ]
      },
      "properties": {
        "addr:housenumber": "98"
      }
    },
    {
      "type": "Feature",
      "geometry": {
        "type": "Point",
        "coordinates": [
          121.4380172,
          31.2268573
        ]
      },
      "properties": {
        "addr:housenumber": "101"
      }
    },
    {
      "type": "Feature",
      "geometry": {
        "type": "Point",
        "coordinates": [
          121.4856695,
          31.2240355
        ]
      },
      "properties": {
        "addr:housenumber": "733 M2 F2"
      }
    },
    {
      "type": "Feature",
      "geometry": {
        "type": "Point",
        "coordinates": [
          121.4441146,
          31.2257163
        ]
      },
      "properties": {
        "addr:housenumber": "1515"
      }
    },
    {
      "type": "Feature",
      "geometry": {
        "type": "Point",
        "coordinates": [
          121.415267,
          31.2579831
        ]
      },
      "properties": {
        "addr:housenumber": "22"
      }
    },
    {
      "type": "Feature",
      "geometry": {
        "type": "Point",
        "coordinates": [
          121.4166568,
          31.2584787
        ]
      },
      "properties": {
        "addr:housenumber": "103"
      }
    },
    {
      "type": "Feature",
      "geometry": {
        "type": "Point",
        "coordinates": [
          121.4159417,
          31.2589855
        ]
      },
      "properties": {
        "addr:housenumber": "50"
      }
    },
    {
      "type": "Feature",
      "geometry": {
        "type": "Point",
        "coordinates": [
          121.4158207,
          31.2589444
        ]
      },
      "properties": {
        "addr:housenumber": "56"
      }
    },
    {
      "type": "Feature",
      "geometry": {
        "type": "Point",
        "coordinates": [
          121.4156918,
          31.2588571
        ]
      },
      "properties": {
        "addr:housenumber": "62"
      }
    },
    {
      "type": "Feature",
      "geometry": {
        "type": "Point",
        "coordinates": [
          121.4152539,
          31.2580512
        ]
      },
      "properties": {
        "addr:housenumber": "23"
      }
    },
    {
      "type": "Feature",
      "geometry": {
        "type": "Point",
        "coordinates": [
          121.4373727,
          31.231561
        ]
      },
      "properties": {
        "addr:housenumber": "1097"
      }
    },
    {
      "type": "Feature",
      "geometry": {
        "type": "Point",
        "coordinates": [
          121.4374317,
          31.2315675
        ]
      },
      "properties": {
        "addr:housenumber": "1093"
      }
    },
    {
      "type": "Feature",
      "geometry": {
        "type": "Point",
        "coordinates": [
          121.4374729,
          31.2315912
        ]
      },
      "properties": {
        "addr:housenumber": "1089"
      }
    },
    {
      "type": "Feature",
      "geometry": {
        "type": "Point",
        "coordinates": [
          121.437364,
          31.2309051
        ]
      },
      "properties": {
        "addr:housenumber": "30"
      }
    },
    {
      "type": "Feature",
      "geometry": {
        "type": "Point",
        "coordinates": [
          121.4448314,
          31.2365182
        ]
      },
      "properties": {
        "addr:housenumber": "365"
      }
    },
    {
      "type": "Feature",
      "geometry": {
        "type": "Point",
        "coordinates": [
          121.4415085,
          31.2216186
        ]
      },
      "properties": {
        "addr:housenumber": "263"
      }
    },
    {
      "type": "Feature",
      "geometry": {
        "type": "Point",
        "coordinates": [
          121.4660479,
          31.2370072
        ]
      },
      "properties": {
        "addr:housenumber": "127 (¿o 90)"
      }
    },
    {
      "type": "Feature",
      "geometry": {
        "type": "Point",
        "coordinates": [
          121.4465992,
          31.230006
        ]
      },
      "properties": {
        "addr:housenumber": "134"
      }
    },
    {
      "type": "Feature",
      "geometry": {
        "type": "Point",
        "coordinates": [
          121.4177516,
          31.2206035
        ]
      },
      "properties": {
        "addr:housenumber": "1411"
      }
    },
    {
      "type": "Feature",
      "geometry": {
        "type": "Point",
        "coordinates": [
          121.442968,
          31.2058578
        ]
      },
      "properties": {
        "addr:housenumber": "2"
      }
    },
    {
      "type": "Feature",
      "geometry": {
        "type": "Point",
        "coordinates": [
          121.4429746,
          31.2058117
        ]
      },
      "properties": {
        "addr:housenumber": "4"
      }
    },
    {
      "type": "Feature",
      "geometry": {
        "type": "Point",
        "coordinates": [
          121.4429823,
          31.2057765
        ]
      },
      "properties": {
        "addr:housenumber": "6"
      }
    },
    {
      "type": "Feature",
      "geometry": {
        "type": "Point",
        "coordinates": [
          121.4429885,
          31.2057391
        ]
      },
      "properties": {
        "addr:housenumber": "8"
      }
    },
    {
      "type": "Feature",
      "geometry": {
        "type": "Point",
        "coordinates": [
          121.4429966,
          31.2056986
        ]
      },
      "properties": {
        "addr:housenumber": "10"
      }
    },
    {
      "type": "Feature",
      "geometry": {
        "type": "Point",
        "coordinates": [
          121.4430038,
          31.2056607
        ]
      },
      "properties": {
        "addr:housenumber": "12"
      }
    },
    {
      "type": "Feature",
      "geometry": {
        "type": "Point",
        "coordinates": [
          121.44301,
          31.205622
        ]
      },
      "properties": {
        "addr:housenumber": "14"
      }
    },
    {
      "type": "Feature",
      "geometry": {
        "type": "Point",
        "coordinates": [
          121.5089731,
          31.2060784
        ]
      },
      "properties": {
        "addr:housenumber": "No, 2266"
      }
    },
    {
      "type": "Feature",
      "geometry": {
        "type": "Point",
        "coordinates": [
          121.509001,
          31.2061063
        ]
      },
      "properties": {
        "addr:housenumber": "No, 2266"
      }
    },
    {
      "type": "Feature",
      "geometry": {
        "type": "Point",
        "coordinates": [
          121.4505954,
          31.214524
        ]
      },
      "properties": {
        "addr:housenumber": "45"
      }
    },
    {
      "type": "Feature",
      "geometry": {
        "type": "Point",
        "coordinates": [
          121.4716517,
          31.2378875
        ]
      },
      "properties": {
        "addr:housenumber": "105"
      }
    },
    {
      "type": "Feature",
      "geometry": {
        "type": "Point",
        "coordinates": [
          121.419552,
          31.2483362
        ]
      },
      "properties": {
        "addr:housenumber": "100"
      }
    },
    {
      "type": "Feature",
      "geometry": {
        "type": "Point",
        "coordinates": [
          121.4185179,
          31.2475063
        ]
      },
      "properties": {
        "addr:housenumber": "200"
      }
    },
    {
      "type": "Feature",
      "geometry": {
        "type": "Point",
        "coordinates": [
          121.4195515,
          31.246463
        ]
      },
      "properties": {
        "addr:housenumber": "2451"
      }
    },
    {
      "type": "Feature",
      "geometry": {
        "type": "Point",
        "coordinates": [
          121.418427,
          31.2458452
        ]
      },
      "properties": {
        "addr:housenumber": "2525"
      }
    },
    {
      "type": "Feature",
      "geometry": {
        "type": "Point",
        "coordinates": [
          121.4453644,
          31.2370951
        ]
      },
      "properties": {
        "addr:housenumber": "108"
      }
    },
    {
      "type": "Feature",
      "geometry": {
        "type": "Point",
        "coordinates": [
          121.4078534,
          31.2540791
        ]
      },
      "properties": {
        "addr:housenumber": "522"
      }
    },
    {
      "type": "Feature",
      "geometry": {
        "type": "Point",
        "coordinates": [
          121.40734,
          31.2539876
        ]
      },
      "properties": {
        "addr:housenumber": "556"
      }
    },
    {
      "type": "Feature",
      "geometry": {
        "type": "Point",
        "coordinates": [
          121.4069293,
          31.2538814
        ]
      },
      "properties": {
        "addr:housenumber": "568"
      }
    },
    {
      "type": "Feature",
      "geometry": {
        "type": "Point",
        "coordinates": [
          121.4082593,
          31.2541894
        ]
      },
      "properties": {
        "addr:housenumber": "488"
      }
    },
    {
      "type": "Feature",
      "geometry": {
        "type": "Point",
        "coordinates": [
          121.4998161,
          31.2588388
        ]
      },
      "properties": {
        "addr:housenumber": "910"
      }
    },
    {
      "type": "Feature",
      "geometry": {
        "type": "Point",
        "coordinates": [
          121.4838907,
          31.2515882
        ]
      },
      "properties": {
        "addr:housenumber": "122"
      }
    },
    {
      "type": "Feature",
      "geometry": {
        "type": "Point",
        "coordinates": [
          121.482702,
          31.2526964
        ]
      },
      "properties": {
        "addr:housenumber": "307"
      }
    },
    {
      "type": "Feature",
      "geometry": {
        "type": "Point",
        "coordinates": [
          121.4824614,
          31.2522107
        ]
      },
      "properties": {
        "addr:housenumber": "354"
      }
    },
    {
      "type": "Feature",
      "geometry": {
        "type": "Point",
        "coordinates": [
          121.5103927,
          31.2289697
        ]
      },
      "properties": {
        "addr:housenumber": "117"
      }
    },
    {
      "type": "Feature",
      "geometry": {
        "type": "Point",
        "coordinates": [
          121.4599142,
          31.2295411
        ]
      },
      "properties": {
        "addr:housenumber": "380"
      }
    },
    {
      "type": "Feature",
      "geometry": {
        "type": "Point",
        "coordinates": [
          121.4322427,
          31.2509529
        ]
      },
      "properties": {
        "addr:housenumber": "17"
      }
    },
    {
      "type": "Feature",
      "geometry": {
        "type": "Point",
        "coordinates": [
          121.4415271,
          31.248646
        ]
      },
      "properties": {
        "addr:housenumber": "150"
      }
    },
    {
      "type": "Feature",
      "geometry": {
        "type": "Point",
        "coordinates": [
          121.4379778,
          31.2320502
        ]
      },
      "properties": {
        "addr:housenumber": "372"
      }
    },
    {
      "type": "Feature",
      "geometry": {
        "type": "Point",
        "coordinates": [
          121.451835,
          31.233071
        ]
      },
      "properties": {
        "addr:housenumber": "968"
      }
    },
    {
      "type": "Feature",
      "geometry": {
        "type": "Point",
        "coordinates": [
          121.4741851,
          31.2318982
        ]
      },
      "properties": {
        "addr:housenumber": "41-47"
      }
    },
    {
      "type": "Feature",
      "geometry": {
        "type": "Point",
        "coordinates": [
          121.4524715,
          31.2155848
        ]
      },
      "properties": {
        "addr:housenumber": "150"
      }
    },
    {
      "type": "Feature",
      "geometry": {
        "type": "Point",
        "coordinates": [
          121.4530462,
          31.2143741
        ]
      },
      "properties": {
        "addr:housenumber": "1251-1"
      }
    },
    {
      "type": "Feature",
      "geometry": {
        "type": "Point",
        "coordinates": [
          121.4774415,
          31.2367722
        ]
      },
      "properties": {
        "addr:housenumber": "449"
      }
    },
    {
      "type": "Feature",
      "geometry": {
        "type": "Point",
        "coordinates": [
          121.4491528,
          31.2284885
        ]
      },
      "properties": {
        "addr:housenumber": "1225"
      }
    },
    {
      "type": "Feature",
      "geometry": {
        "type": "Point",
        "coordinates": [
          121.4545824,
          31.2400521
        ]
      },
      "properties": {
        "addr:housenumber": "384"
      }
    },
    {
      "type": "Feature",
      "geometry": {
        "type": "Point",
        "coordinates": [
          121.452973,
          31.2434801
        ]
      },
      "properties": {
        "addr:housenumber": "158"
      }
    },
    {
      "type": "Feature",
      "geometry": {
        "type": "Point",
        "coordinates": [
          121.4640077,
          31.2068631
        ]
      },
      "properties": {
        "addr:housenumber": "699"
      }
    },
    {
      "type": "Feature",
      "geometry": {
        "type": "Point",
        "coordinates": [
          121.458965,
          31.2056302
        ]
      },
      "properties": {
        "addr:housenumber": "178"
      }
    },
    {
      "type": "Feature",
      "geometry": {
        "type": "Point",
        "coordinates": [
          121.4544586,
          31.2284885
        ]
      },
      "properties": {
        "addr:housenumber": "656"
      }
    },
    {
      "type": "Feature",
      "geometry": {
        "type": "Point",
        "coordinates": [
          121.4561476,
          31.2355308
        ]
      },
      "properties": {
        "addr:housenumber": "181"
      }
    },
    {
      "type": "Feature",
      "geometry": {
        "type": "Point",
        "coordinates": [
          121.4560422,
          31.2357707
        ]
      },
      "properties": {
        "addr:housenumber": "203"
      }
    },
    {
      "type": "Feature",
      "geometry": {
        "type": "Point",
        "coordinates": [
          121.459101,
          31.2457087
        ]
      },
      "properties": {
        "addr:housenumber": "200"
      }
    },
    {
      "type": "Feature",
      "geometry": {
        "type": "Point",
        "coordinates": [
          121.448039,
          31.2478573
        ]
      },
      "properties": {
        "addr:housenumber": "437"
      }
    },
    {
      "type": "Feature",
      "geometry": {
        "type": "Point",
        "coordinates": [
          121.4477581,
          31.2515542
        ]
      },
      "properties": {
        "addr:housenumber": "511"
      }
    },
    {
      "type": "Feature",
      "geometry": {
        "type": "Point",
        "coordinates": [
          121.4402853,
          31.2462761
        ]
      },
      "properties": {
        "addr:housenumber": "70"
      }
    },
    {
      "type": "Feature",
      "geometry": {
        "type": "Point",
        "coordinates": [
          121.4381093,
          31.246385
        ]
      },
      "properties": {
        "addr:housenumber": "1207"
      }
    },
    {
      "type": "Feature",
      "geometry": {
        "type": "Point",
        "coordinates": [
          121.4349036,
          31.2432277
        ]
      },
      "properties": {
        "addr:housenumber": "261"
      }
    },
    {
      "type": "Feature",
      "geometry": {
        "type": "Point",
        "coordinates": [
          121.4330739,
          31.2399086
        ]
      },
      "properties": {
        "addr:housenumber": "427"
      }
    },
    {
      "type": "Feature",
      "geometry": {
        "type": "Point",
        "coordinates": [
          121.4331247,
          31.2370487
        ]
      },
      "properties": {
        "addr:housenumber": "323"
      }
    },
    {
      "type": "Feature",
      "geometry": {
        "type": "Point",
        "coordinates": [
          121.4443507,
          31.2341972
        ]
      },
      "properties": {
        "addr:housenumber": "400"
      }
    },
    {
      "type": "Feature",
      "geometry": {
        "type": "Point",
        "coordinates": [
          121.4443173,
          31.2346573
        ]
      },
      "properties": {
        "addr:housenumber": "618"
      }
    },
    {
      "type": "Feature",
      "geometry": {
        "type": "Point",
        "coordinates": [
          121.4469887,
          31.236239
        ]
      },
      "properties": {
        "addr:housenumber": "458"
      }
    },
    {
      "type": "Feature",
      "geometry": {
        "type": "Point",
        "coordinates": [
          121.4535015,
          31.2442924
        ]
      },
      "properties": {
        "addr:housenumber": "158"
      }
    },
    {
      "type": "Feature",
      "geometry": {
        "type": "Point",
        "coordinates": [
          121.4623399,
          31.2410981
        ]
      },
      "properties": {
        "addr:housenumber": "488"
      }
    },
    {
      "type": "Feature",
      "geometry": {
        "type": "Point",
        "coordinates": [
          121.463872,
          31.2406202
        ]
      },
      "properties": {
        "addr:housenumber": "219"
      }
    },
    {
      "type": "Feature",
      "geometry": {
        "type": "Point",
        "coordinates": [
          121.4152086,
          31.2263096
        ]
      },
      "properties": {
        "addr:housenumber": "1483"
      }
    },
    {
      "type": "Feature",
      "geometry": {
        "type": "Point",
        "coordinates": [
          121.4158167,
          31.2264193
        ]
      },
      "properties": {
        "addr:housenumber": "1467"
      }
    },
    {
      "type": "Feature",
      "geometry": {
        "type": "Point",
        "coordinates": [
          121.4527311,
          31.2437144
        ]
      },
      "properties": {
        "addr:housenumber": "211"
      }
    },
    {
      "type": "Feature",
      "geometry": {
        "type": "Point",
        "coordinates": [
          121.4538614,
          31.2421541
        ]
      },
      "properties": {
        "addr:housenumber": "55"
      }
    },
    {
      "type": "Feature",
      "geometry": {
        "type": "Point",
        "coordinates": [
          121.4563085,
          31.2372251
        ]
      },
      "properties": {
        "addr:housenumber": "258"
      }
    },
    {
      "type": "Feature",
      "geometry": {
        "type": "Point",
        "coordinates": [
          121.460408,
          31.2426209
        ]
      },
      "properties": {
        "addr:housenumber": "1295"
      }
    },
    {
      "type": "Feature",
      "geometry": {
        "type": "Point",
        "coordinates": [
          121.4566374,
          31.2405865
        ]
      },
      "properties": {
        "addr:housenumber": "511"
      }
    },
    {
      "type": "Feature",
      "geometry": {
        "type": "Point",
        "coordinates": [
          121.4514008,
          31.2373598
        ]
      },
      "properties": {
        "addr:housenumber": "218"
      }
    },
    {
      "type": "Feature",
      "geometry": {
        "type": "Point",
        "coordinates": [
          121.4507209,
          31.2371253
        ]
      },
      "properties": {
        "addr:housenumber": "266"
      }
    },
    {
      "type": "Feature",
      "geometry": {
        "type": "Point",
        "coordinates": [
          121.4536017,
          31.2356634
        ]
      },
      "properties": {
        "addr:housenumber": "935"
      }
    },
    {
      "type": "Feature",
      "geometry": {
        "type": "Point",
        "coordinates": [
          121.447426,
          31.2393573
        ]
      },
      "properties": {
        "addr:housenumber": "320"
      }
    },
    {
      "type": "Feature",
      "geometry": {
        "type": "Point",
        "coordinates": [
          121.4383447,
          31.2400293
        ]
      },
      "properties": {
        "addr:housenumber": "473"
      }
    },
    {
      "type": "Feature",
      "geometry": {
        "type": "Point",
        "coordinates": [
          121.463164,
          31.2408818
        ]
      },
      "properties": {
        "addr:housenumber": "241"
      }
    },
    {
      "type": "Feature",
      "geometry": {
        "type": "Point",
        "coordinates": [
          121.4613939,
          31.2330497
        ]
      },
      "properties": {
        "addr:housenumber": "580"
      }
    },
    {
      "type": "Feature",
      "geometry": {
        "type": "Point",
        "coordinates": [
          121.45215,
          31.2299956
        ]
      },
      "properties": {
        "addr:housenumber": "1113"
      }
    },
    {
      "type": "Feature",
      "geometry": {
        "type": "Point",
        "coordinates": [
          121.4519314,
          31.2555872
        ]
      },
      "properties": {
        "addr:housenumber": "129"
      }
    },
    {
      "type": "Feature",
      "geometry": {
        "type": "Point",
        "coordinates": [
          121.4520287,
          31.2555756
        ]
      },
      "properties": {
        "addr:housenumber": "129"
      }
    },
    {
      "type": "Feature",
      "geometry": {
        "type": "Point",
        "coordinates": [
          121.4434217,
          31.2292113
        ]
      },
      "properties": {
        "addr:housenumber": "1465"
      }
    },
    {
      "type": "Feature",
      "geometry": {
        "type": "Point",
        "coordinates": [
          121.4074967,
          31.2436765
        ]
      },
      "properties": {
        "addr:housenumber": "860"
      }
    },
    {
      "type": "Feature",
      "geometry": {
        "type": "Point",
        "coordinates": [
          121.4618509,
          31.2405171
        ]
      },
      "properties": {
        "addr:housenumber": "487"
      }
    },
    {
      "type": "Feature",
      "geometry": {
        "type": "Point",
        "coordinates": [
          121.4659675,
          31.2338904
        ]
      },
      "properties": {
        "addr:housenumber": "288"
      }
    },
    {
      "type": "Feature",
      "geometry": {
        "type": "Point",
        "coordinates": [
          121.4644198,
          31.2327684
        ]
      },
      "properties": {
        "addr:housenumber": "389"
      }
    },
    {
      "type": "Feature",
      "geometry": {
        "type": "Point",
        "coordinates": [
          121.4595491,
          31.2596563
        ]
      },
      "properties": {
        "addr:housenumber": "151"
      }
    },
    {
      "type": "Feature",
      "geometry": {
        "type": "Point",
        "coordinates": [
          121.4607537,
          31.2597868
        ]
      },
      "properties": {
        "addr:housenumber": "123"
      }
    },
    {
      "type": "Feature",
      "geometry": {
        "type": "Point",
        "coordinates": [
          121.5276614,
          31.2597228
        ]
      },
      "properties": {
        "addr:housenumber": "388"
      }
    },
    {
      "type": "Feature",
      "geometry": {
        "type": "Point",
        "coordinates": [
          121.5271029,
          31.2590911
        ]
      },
      "properties": {
        "addr:housenumber": "240"
      }
    },
    {
      "type": "Feature",
      "geometry": {
        "type": "Point",
        "coordinates": [
          121.4418214,
          31.2132083
        ]
      },
      "properties": {
        "addr:housenumber": "336"
      }
    },
    {
      "type": "Feature",
      "geometry": {
        "type": "Point",
        "coordinates": [
          121.4539957,
          31.2559221
        ]
      },
      "properties": {
        "addr:housenumber": "761"
      }
    },
    {
      "type": "Feature",
      "geometry": {
        "type": "Point",
        "coordinates": [
          121.453407,
          31.2564588
        ]
      },
      "properties": {
        "addr:housenumber": "65"
      }
    },
    {
      "type": "Feature",
      "geometry": {
        "type": "Point",
        "coordinates": [
          121.4528733,
          31.2573851
        ]
      },
      "properties": {
        "addr:housenumber": "139"
      }
    },
    {
      "type": "Feature",
      "geometry": {
        "type": "Point",
        "coordinates": [
          121.4520434,
          31.2578477
        ]
      },
      "properties": {
        "addr:housenumber": "167"
      }
    },
    {
      "type": "Feature",
      "geometry": {
        "type": "Point",
        "coordinates": [
          121.4516188,
          31.2583464
        ]
      },
      "properties": {
        "addr:housenumber": "518"
      }
    },
    {
      "type": "Feature",
      "geometry": {
        "type": "Point",
        "coordinates": [
          121.4347174,
          31.1895085
        ]
      },
      "properties": {
        "addr:housenumber": "31-36 Lane 380"
      }
    },
    {
      "type": "Feature",
      "geometry": {
        "type": "Point",
        "coordinates": [
          121.4394068,
          31.1925959
        ]
      },
      "properties": {
        "addr:housenumber": "111"
      }
    },
    {
      "type": "Feature",
      "geometry": {
        "type": "Point",
        "coordinates": [
          121.4479396,
          31.2360904
        ]
      },
      "properties": {
        "addr:housenumber": "403"
      }
    },
    {
      "type": "Feature",
      "geometry": {
        "type": "Point",
        "coordinates": [
          121.4592733,
          31.2598
        ]
      },
      "properties": {
        "addr:housenumber": "165"
      }
    },
    {
      "type": "Feature",
      "geometry": {
        "type": "Point",
        "coordinates": [
          121.4805157,
          31.2166562
        ]
      },
      "properties": {
        "addr:housenumber": "768"
      }
    },
    {
      "type": "Feature",
      "geometry": {
        "type": "Point",
        "coordinates": [
          121.4801651,
          31.217163
        ]
      },
      "properties": {
        "addr:housenumber": "758-1"
      }
    },
    {
      "type": "Feature",
      "geometry": {
        "type": "Point",
        "coordinates": [
          121.4717912,
          31.2094594
        ]
      },
      "properties": {
        "addr:housenumber": "2"
      }
    },
    {
      "type": "Feature",
      "geometry": {
        "type": "Point",
        "coordinates": [
          121.4796213,
          31.2182353
        ]
      },
      "properties": {
        "addr:housenumber": "748"
      }
    },
    {
      "type": "Feature",
      "geometry": {
        "type": "Point",
        "coordinates": [
          121.4270061,
          31.1697393
        ]
      },
      "properties": {
        "addr:housenumber": "36号C栋4楼"
      }
    },
    {
      "type": "Feature",
      "geometry": {
        "type": "Point",
        "coordinates": [
          121.4533719,
          31.2414797
        ]
      },
      "properties": {
        "addr:housenumber": "56"
      }
    },
    {
      "type": "Feature",
      "geometry": {
        "type": "Point",
        "coordinates": [
          121.4724929,
          31.258194
        ]
      },
      "properties": {
        "addr:housenumber": "390"
      }
    },
    {
      "type": "Feature",
      "geometry": {
        "type": "Point",
        "coordinates": [
          121.5011353,
          31.1748905
        ]
      },
      "properties": {
        "addr:housenumber": "421弄"
      }
    },
    {
      "type": "Feature",
      "geometry": {
        "type": "Point",
        "coordinates": [
          121.4731225,
          31.2084893
        ]
      },
      "properties": {
        "addr:housenumber": "718"
      }
    },
    {
      "type": "Feature",
      "geometry": {
        "type": "Point",
        "coordinates": [
          121.438461,
          31.2269684
        ]
      },
      "properties": {
        "addr:housenumber": "1738"
      }
    },
    {
      "type": "Feature",
      "geometry": {
        "type": "Point",
        "coordinates": [
          121.4571884,
          31.2229804
        ]
      },
      "properties": {
        "addr:housenumber": "380"
      }
    },
    {
      "type": "Feature",
      "geometry": {
        "type": "Point",
        "coordinates": [
          121.4266958,
          31.2290519
        ]
      },
      "properties": {
        "addr:housenumber": "750"
      }
    },
    {
      "type": "Feature",
      "geometry": {
        "type": "Point",
        "coordinates": [
          121.4227567,
          31.2325554
        ]
      },
      "properties": {
        "addr:housenumber": "1118"
      }
    },
    {
      "type": "Feature",
      "geometry": {
        "type": "Point",
        "coordinates": [
          121.4296133,
          31.2354561
        ]
      },
      "properties": {
        "addr:housenumber": "508"
      }
    },
    {
      "type": "Feature",
      "geometry": {
        "type": "Point",
        "coordinates": [
          121.4181211,
          31.2251528
        ]
      },
      "properties": {
        "addr:housenumber": "333"
      }
    },
    {
      "type": "Feature",
      "geometry": {
        "type": "Point",
        "coordinates": [
          121.4115217,
          31.2247754
        ]
      },
      "properties": {
        "addr:housenumber": "中山公园3号门"
      }
    },
    {
      "type": "Feature",
      "geometry": {
        "type": "Point",
        "coordinates": [
          121.4526514,
          31.2148859
        ]
      },
      "properties": {
        "addr:housenumber": "188"
      }
    },
    {
      "type": "Feature",
      "geometry": {
        "type": "Point",
        "coordinates": [
          121.4545147,
          31.2127156
        ]
      },
      "properties": {
        "addr:housenumber": "113"
      }
    },
    {
      "type": "Feature",
      "geometry": {
        "type": "Point",
        "coordinates": [
          121.4234655,
          31.2312108
        ]
      },
      "properties": {
        "addr:housenumber": "889"
      }
    },
    {
      "type": "Feature",
      "geometry": {
        "type": "Point",
        "coordinates": [
          121.4726838,
          31.2379828
        ]
      },
      "properties": {
        "addr:housenumber": "690"
      }
    },
    {
      "type": "Feature",
      "geometry": {
        "type": "Point",
        "coordinates": [
          121.4347356,
          31.2394436
        ]
      },
      "properties": {
        "addr:housenumber": "531"
      }
    },
    {
      "type": "Feature",
      "geometry": {
        "type": "Point",
        "coordinates": [
          121.4418565,
          31.214414
        ]
      },
      "properties": {
        "addr:housenumber": "137號"
      }
    },
    {
      "type": "Feature",
      "geometry": {
        "type": "Point",
        "coordinates": [
          121.4695177,
          31.241014
        ]
      },
      "properties": {
        "addr:housenumber": "227"
      }
    },
    {
      "type": "Feature",
      "geometry": {
        "type": "Point",
        "coordinates": [
          121.4695081,
          31.2410972
        ]
      },
      "properties": {
        "addr:housenumber": "230"
      }
    },
    {
      "type": "Feature",
      "geometry": {
        "type": "Point",
        "coordinates": [
          121.4692937,
          31.240939
        ]
      },
      "properties": {
        "addr:housenumber": "243"
      }
    },
    {
      "type": "Feature",
      "geometry": {
        "type": "Point",
        "coordinates": [
          121.4691331,
          31.2409689
        ]
      },
      "properties": {
        "addr:housenumber": "242"
      }
    },
    {
      "type": "Feature",
      "geometry": {
        "type": "Point",
        "coordinates": [
          121.4690629,
          31.2409507
        ]
      },
      "properties": {
        "addr:housenumber": "246"
      }
    },
    {
      "type": "Feature",
      "geometry": {
        "type": "Point",
        "coordinates": [
          121.4695941,
          31.2410345
        ]
      },
      "properties": {
        "addr:housenumber": "225"
      }
    },
    {
      "type": "Feature",
      "geometry": {
        "type": "Point",
        "coordinates": [
          121.4699447,
          31.2412447
        ]
      },
      "properties": {
        "addr:housenumber": "206"
      }
    },
    {
      "type": "Feature",
      "geometry": {
        "type": "Point",
        "coordinates": [
          121.4704719,
          31.2414005
        ]
      },
      "properties": {
        "addr:housenumber": "180"
      }
    },
    {
      "type": "Feature",
      "geometry": {
        "type": "Point",
        "coordinates": [
          121.4820871,
          31.2390776
        ]
      },
      "properties": {
        "addr:housenumber": "255"
      }
    },
    {
      "type": "Feature",
      "geometry": {
        "type": "Point",
        "coordinates": [
          121.4582092,
          31.2232597
        ]
      },
      "properties": {
        "addr:housenumber": "342"
      }
    },
    {
      "type": "Feature",
      "geometry": {
        "type": "Point",
        "coordinates": [
          121.4641543,
          31.2404812
        ]
      },
      "properties": {
        "addr:housenumber": "207"
      }
    },
    {
      "type": "Feature",
      "geometry": {
        "type": "Point",
        "coordinates": [
          121.4690152,
          31.2534463
        ]
      },
      "properties": {
        "addr:housenumber": "1000"
      }
    },
    {
      "type": "Feature",
      "geometry": {
        "type": "Point",
        "coordinates": [
          121.4627721,
          31.2413773
        ]
      },
      "properties": {
        "addr:housenumber": "207"
      }
    },
    {
      "type": "Feature",
      "geometry": {
        "type": "Point",
        "coordinates": [
          121.4803871,
          31.2426382
        ]
      },
      "properties": {
        "addr:housenumber": "270"
      }
    },
    {
      "type": "Feature",
      "geometry": {
        "type": "Point",
        "coordinates": [
          121.4457169,
          31.2263549
        ]
      },
      "properties": {
        "addr:housenumber": "1515"
      }
    },
    {
      "type": "Feature",
      "geometry": {
        "type": "Point",
        "coordinates": [
          121.4768812,
          31.2411642
        ]
      },
      "properties": {
        "addr:housenumber": "330"
      }
    },
    {
      "type": "Feature",
      "geometry": {
        "type": "Point",
        "coordinates": [
          121.4607221,
          31.1633666
        ]
      },
      "properties": {
        "addr:housenumber": "2266"
      }
    },
    {
      "type": "Feature",
      "geometry": {
        "type": "Point",
        "coordinates": [
          121.4219706,
          31.231534
        ]
      },
      "properties": {
        "addr:housenumber": "19"
      }
    },
    {
      "type": "Feature",
      "geometry": {
        "type": "Point",
        "coordinates": [
          121.4509181,
          31.2197854
        ]
      },
      "properties": {
        "addr:housenumber": "82"
      }
    },
    {
      "type": "Feature",
      "geometry": {
        "type": "Point",
        "coordinates": [
          121.436493,
          31.2481862
        ]
      },
      "properties": {
        "addr:housenumber": "409"
      }
    },
    {
      "type": "Feature",
      "geometry": {
        "type": "Point",
        "coordinates": [
          121.435724,
          31.2479933
        ]
      },
      "properties": {
        "addr:housenumber": "477"
      }
    },
    {
      "type": "Feature",
      "geometry": {
        "type": "Point",
        "coordinates": [
          121.4357976,
          31.2480362
        ]
      },
      "properties": {
        "addr:housenumber": "477"
      }
    },
    {
      "type": "Feature",
      "geometry": {
        "type": "Point",
        "coordinates": [
          121.4531799,
          31.2231314
        ]
      },
      "properties": {
        "addr:housenumber": "230"
      }
    },
    {
      "type": "Feature",
      "geometry": {
        "type": "Point",
        "coordinates": [
          121.4260527,
          31.2494345
        ]
      },
      "properties": {
        "addr:housenumber": "2088"
      }
    },
    {
      "type": "Feature",
      "geometry": {
        "type": "Point",
        "coordinates": [
          121.452454,
          31.2157431
        ]
      },
      "properties": {
        "addr:housenumber": "146"
      }
    },
    {
      "type": "Feature",
      "geometry": {
        "type": "Point",
        "coordinates": [
          121.4524616,
          31.2156658
        ]
      },
      "properties": {
        "addr:housenumber": "148"
      }
    },
    {
      "type": "Feature",
      "geometry": {
        "type": "Point",
        "coordinates": [
          121.5156555,
          31.2429897
        ]
      },
      "properties": {
        "addr:housenumber": "535"
      }
    },
    {
      "type": "Feature",
      "geometry": {
        "type": "Point",
        "coordinates": [
          121.4854896,
          31.2463219
        ]
      },
      "properties": {
        "addr:housenumber": "20"
      }
    },
    {
      "type": "Feature",
      "geometry": {
        "type": "Point",
        "coordinates": [
          121.4546099,
          31.2142727
        ]
      },
      "properties": {
        "addr:housenumber": "No.28"
      }
    },
    {
      "type": "Feature",
      "geometry": {
        "type": "Point",
        "coordinates": [
          121.4005378,
          31.1454532
        ]
      },
      "properties": {
        "addr:housenumber": "475"
      }
    },
    {
      "type": "Feature",
      "geometry": {
        "type": "Point",
        "coordinates": [
          121.4433241,
          31.2192586
        ]
      },
      "properties": {
        "addr:housenumber": "83，4F"
      }
    },
    {
      "type": "Feature",
      "geometry": {
        "type": "Point",
        "coordinates": [
          121.4688816,
          31.2368234
        ]
      },
      "properties": {
        "addr:housenumber": "2-68"
      }
    },
    {
      "type": "Feature",
      "geometry": {
        "type": "Point",
        "coordinates": [
          121.4417454,
          31.2370076
        ]
      },
      "properties": {
        "addr:housenumber": "608"
      }
    },
    {
      "type": "Feature",
      "geometry": {
        "type": "Point",
        "coordinates": [
          121.4418051,
          31.2369216
        ]
      },
      "properties": {
        "addr:housenumber": "608"
      }
    },
    {
      "type": "Feature",
      "geometry": {
        "type": "Point",
        "coordinates": [
          121.559032,
          31.2149051
        ]
      },
      "properties": {
        "addr:housenumber": "1378"
      }
    },
    {
      "type": "Feature",
      "geometry": {
        "type": "Point",
        "coordinates": [
          121.4490795,
          31.2161188
        ]
      },
      "properties": {
        "addr:housenumber": "No. 440"
      }
    },
    {
      "type": "Feature",
      "geometry": {
        "type": "Point",
        "coordinates": [
          121.4676721,
          31.2198626
        ]
      },
      "properties": {
        "addr:housenumber": "440号1层b室"
      }
    },
    {
      "type": "Feature",
      "geometry": {
        "type": "Point",
        "coordinates": [
          121.5594095,
          31.2150479
        ]
      },
      "properties": {
        "addr:housenumber": "1388"
      }
    },
    {
      "type": "Feature",
      "geometry": {
        "type": "Point",
        "coordinates": [
          121.4861556,
          31.2363187
        ]
      },
      "properties": {
        "addr:housenumber": "5"
      }
    },
    {
      "type": "Feature",
      "geometry": {
        "type": "Point",
        "coordinates": [
          121.4283228,
          31.2238654
        ]
      },
      "properties": {
        "addr:housenumber": "161"
      }
    },
    {
      "type": "Feature",
      "geometry": {
        "type": "Point",
        "coordinates": [
          121.4676773,
          31.2198638
        ]
      },
      "properties": {
        "addr:housenumber": "440号1层a室"
      }
    },
    {
      "type": "Feature",
      "geometry": {
        "type": "Point",
        "coordinates": [
          121.4524671,
          31.2245553
        ]
      },
      "properties": {
        "addr:housenumber": "5-7"
      }
    },
    {
      "type": "Feature",
      "geometry": {
        "type": "Point",
        "coordinates": [
          121.4576625,
          31.2427196
        ]
      },
      "properties": {
        "addr:housenumber": "1407"
      }
    },
    {
      "type": "Feature",
      "geometry": {
        "type": "Point",
        "coordinates": [
          121.4589285,
          31.2299445
        ]
      },
      "properties": {
        "addr:housenumber": "288"
      }
    },
    {
      "type": "Feature",
      "geometry": {
        "type": "Point",
        "coordinates": [
          121.4821056,
          31.2358376
        ]
      },
      "properties": {
        "addr:housenumber": "11"
      }
    },
    {
      "type": "Feature",
      "geometry": {
        "type": "Point",
        "coordinates": [
          121.4395818,
          31.225552
        ]
      },
      "properties": {
        "addr:housenumber": "218"
      }
    },
    {
      "type": "Feature",
      "geometry": {
        "type": "Point",
        "coordinates": [
          121.438259,
          31.2470004
        ]
      },
      "properties": {
        "addr:housenumber": "1236"
      }
    },
    {
      "type": "Feature",
      "geometry": {
        "type": "Point",
        "coordinates": [
          121.4282815,
          31.2219227
        ]
      },
      "properties": {
        "addr:housenumber": "858"
      }
    },
    {
      "type": "Feature",
      "geometry": {
        "type": "Point",
        "coordinates": [
          121.4275808,
          31.2217569
        ]
      },
      "properties": {
        "addr:housenumber": "888"
      }
    },
    {
      "type": "Feature",
      "geometry": {
        "type": "Point",
        "coordinates": [
          121.4285401,
          31.2221084
        ]
      },
      "properties": {
        "addr:housenumber": "800"
      }
    },
    {
      "type": "Feature",
      "geometry": {
        "type": "Point",
        "coordinates": [
          121.4366092,
          31.2309308
        ]
      },
      "properties": {
        "addr:housenumber": "128"
      }
    },
    {
      "type": "Feature",
      "geometry": {
        "type": "Point",
        "coordinates": [
          121.4942784,
          31.2026158
        ]
      },
      "properties": {
        "addr:housenumber": "200号"
      }
    },
    {
      "type": "Feature",
      "geometry": {
        "type": "Point",
        "coordinates": [
          121.4444834,
          31.2417322
        ]
      },
      "properties": {
        "addr:housenumber": "168"
      }
    },
    {
      "type": "Feature",
      "geometry": {
        "type": "Point",
        "coordinates": [
          121.4444317,
          31.2416627
        ]
      },
      "properties": {
        "addr:housenumber": "190"
      }
    },
    {
      "type": "Feature",
      "geometry": {
        "type": "Point",
        "coordinates": [
          121.4443763,
          31.2416113
        ]
      },
      "properties": {
        "addr:housenumber": "192"
      }
    },
    {
      "type": "Feature",
      "geometry": {
        "type": "Point",
        "coordinates": [
          121.4443017,
          31.2415627
        ]
      },
      "properties": {
        "addr:housenumber": "198"
      }
    },
    {
      "type": "Feature",
      "geometry": {
        "type": "Point",
        "coordinates": [
          121.4441892,
          31.2415153
        ]
      },
      "properties": {
        "addr:housenumber": "200"
      }
    },
    {
      "type": "Feature",
      "geometry": {
        "type": "Point",
        "coordinates": [
          121.4916053,
          31.2289852
        ]
      },
      "properties": {
        "addr:housenumber": "538"
      }
    },
    {
      "type": "Feature",
      "geometry": {
        "type": "Point",
        "coordinates": [
          121.4239783,
          31.2204524
        ]
      },
      "properties": {
        "addr:housenumber": "1107"
      }
    },
    {
      "type": "Feature",
      "geometry": {
        "type": "Point",
        "coordinates": [
          121.4729126,
          31.2380506
        ]
      },
      "properties": {
        "addr:housenumber": "513"
      }
    },
    {
      "type": "Feature",
      "geometry": {
        "type": "Point",
        "coordinates": [
          121.4360695,
          31.2152495
        ]
      },
      "properties": {
        "addr:housenumber": "2"
      }
    },
    {
      "type": "Feature",
      "geometry": {
        "type": "Point",
        "coordinates": [
          121.4711337,
          31.2211074
        ]
      },
      "properties": {
        "addr:housenumber": "380"
      }
    },
    {
      "type": "Feature",
      "geometry": {
        "type": "Point",
        "coordinates": [
          121.4735589,
          31.2222489
        ]
      },
      "properties": {
        "addr:housenumber": "168"
      }
    },
    {
      "type": "Feature",
      "geometry": {
        "type": "Point",
        "coordinates": [
          121.4454441,
          31.2497271
        ]
      },
      "properties": {
        "addr:housenumber": "50"
      }
    },
    {
      "type": "Feature",
      "geometry": {
        "type": "Point",
        "coordinates": [
          121.4238344,
          31.1966933
        ]
      },
      "properties": {
        "addr:housenumber": "955"
      }
    },
    {
      "type": "Feature",
      "geometry": {
        "type": "Point",
        "coordinates": [
          121.4901452,
          31.2196495
        ]
      },
      "properties": {
        "addr:housenumber": "236"
      }
    },
    {
      "type": "Feature",
      "geometry": {
        "type": "Point",
        "coordinates": [
          121.4793903,
          31.2040918
        ]
      },
      "properties": {
        "addr:housenumber": "691"
      }
    },
    {
      "type": "Feature",
      "geometry": {
        "type": "Point",
        "coordinates": [
          121.4408606,
          31.2023026
        ]
      },
      "properties": {
        "addr:housenumber": "663"
      }
    },
    {
      "type": "Feature",
      "geometry": {
        "type": "Point",
        "coordinates": [
          121.4538894,
          31.2321666
        ]
      },
      "properties": {
        "addr:housenumber": "195"
      }
    },
    {
      "type": "Feature",
      "geometry": {
        "type": "Point",
        "coordinates": [
          121.4579526,
          31.2000718
        ]
      },
      "properties": {
        "addr:housenumber": "1370"
      }
    },
    {
      "type": "Feature",
      "geometry": {
        "type": "Point",
        "coordinates": [
          121.4321352,
          31.2457747
        ]
      },
      "properties": {
        "addr:housenumber": "1370-3"
      }
    },
    {
      "type": "Feature",
      "geometry": {
        "type": "Point",
        "coordinates": [
          121.5074608,
          31.2532242
        ]
      },
      "properties": {
        "addr:housenumber": "61"
      }
    },
    {
      "type": "Feature",
      "geometry": {
        "type": "Point",
        "coordinates": [
          121.4659773,
          31.2113935
        ]
      },
      "properties": {
        "addr:housenumber": "107"
      }
    },
    {
      "type": "Feature",
      "geometry": {
        "type": "Point",
        "coordinates": [
          121.4285228,
          31.2201933
        ]
      },
      "properties": {
        "addr:housenumber": "178"
      }
    },
    {
      "type": "Feature",
      "geometry": {
        "type": "Point",
        "coordinates": [
          121.4657031,
          31.2197908
        ]
      },
      "properties": {
        "addr:housenumber": "109"
      }
    },
    {
      "type": "Feature",
      "geometry": {
        "type": "Point",
        "coordinates": [
          121.4635028,
          31.2227343
        ]
      },
      "properties": {
        "addr:housenumber": "570"
      }
    },
    {
      "type": "Feature",
      "geometry": {
        "type": "Point",
        "coordinates": [
          121.4596069,
          31.22493
        ]
      },
      "properties": {
        "addr:housenumber": "168"
      }
    },
    {
      "type": "Feature",
      "geometry": {
        "type": "Point",
        "coordinates": [
          121.4581207,
          31.220404
        ]
      },
      "properties": {
        "addr:housenumber": "798-802"
      }
    },
    {
      "type": "Feature",
      "geometry": {
        "type": "Point",
        "coordinates": [
          121.4504044,
          31.2388138
        ]
      },
      "properties": {
        "addr:housenumber": "18"
      }
    },
    {
      "type": "Feature",
      "geometry": {
        "type": "Point",
        "coordinates": [
          121.4083467,
          31.2405332
        ]
      },
      "properties": {
        "addr:housenumber": "35"
      }
    },
    {
      "type": "Feature",
      "geometry": {
        "type": "Point",
        "coordinates": [
          121.4083467,
          31.2405332
        ]
      },
      "properties": {
        "addr:housenumber": "35"
      }
    },
    {
      "type": "Feature",
      "geometry": {
        "type": "Point",
        "coordinates": [
          121.4625497,
          31.2416043
        ]
      },
      "properties": {
        "addr:housenumber": "356"
      }
    },
    {
      "type": "Feature",
      "geometry": {
        "type": "Point",
        "coordinates": [
          121.4723366,
          31.208885
        ]
      },
      "properties": {
        "addr:housenumber": "120"
      }
    },
    {
      "type": "Feature",
      "geometry": {
        "type": "Point",
        "coordinates": [
          121.5596686,
          31.1530118
        ]
      },
      "properties": {
        "addr:housenumber": "220 号"
      }
    },
    {
      "type": "Feature",
      "geometry": {
        "type": "Point",
        "coordinates": [
          121.4556148,
          31.2231084
        ]
      },
      "properties": {
        "addr:housenumber": "56号2层"
      }
    },
    {
      "type": "Feature",
      "geometry": {
        "type": "Point",
        "coordinates": [
          121.4829618,
          31.2372936
        ]
      },
      "properties": {
        "addr:housenumber": "180"
      }
    },
    {
      "type": "Feature",
      "geometry": {
        "type": "Point",
        "coordinates": [
          121.4455292,
          31.2215844
        ]
      },
      "properties": {
        "addr:housenumber": "794"
      }
    },
    {
      "type": "Feature",
      "geometry": {
        "type": "Point",
        "coordinates": [
          121.4587239,
          31.2352866
        ]
      },
      "properties": {
        "addr:housenumber": "549-4"
      }
    },
    {
      "type": "Feature",
      "geometry": {
        "type": "Point",
        "coordinates": [
          121.4729059,
          31.2387686
        ]
      },
      "properties": {
        "addr:housenumber": "441"
      }
    },
    {
      "type": "Feature",
      "geometry": {
        "type": "Point",
        "coordinates": [
          121.4548211,
          31.211256
        ]
      },
      "properties": {
        "addr:housenumber": "202"
      }
    },
    {
      "type": "Feature",
      "geometry": {
        "type": "Point",
        "coordinates": [
          121.4957005,
          31.2392511
        ]
      },
      "properties": {
        "addr:housenumber": "168"
      }
    },
    {
      "type": "Feature",
      "geometry": {
        "type": "Point",
        "coordinates": [
          121.4636555,
          31.2076788
        ]
      },
      "properties": {
        "addr:housenumber": "618"
      }
    },
    {
      "type": "Feature",
      "geometry": {
        "type": "Point",
        "coordinates": [
          121.4954416,
          31.2391634
        ]
      },
      "properties": {
        "addr:housenumber": "168"
      }
    },
    {
      "type": "Feature",
      "geometry": {
        "type": "Point",
        "coordinates": [
          121.4632273,
          31.231398
        ]
      },
      "properties": {
        "addr:housenumber": "156"
      }
    },
    {
      "type": "Feature",
      "geometry": {
        "type": "Point",
        "coordinates": [
          121.4632386,
          31.2082313
        ]
      },
      "properties": {
        "addr:housenumber": "618"
      }
    },
    {
      "type": "Feature",
      "geometry": {
        "type": "Point",
        "coordinates": [
          121.4757998,
          31.2302075
        ]
      },
      "properties": {
        "addr:housenumber": "55"
      }
    },
    {
      "type": "Feature",
      "geometry": {
        "type": "Point",
        "coordinates": [
          121.4650668,
          31.2232849
        ]
      },
      "properties": {
        "addr:housenumber": "22, Lane 494"
      }
    },
    {
      "type": "Feature",
      "geometry": {
        "type": "Point",
        "coordinates": [
          121.4736003,
          31.2254601
        ]
      },
      "properties": {
        "addr:housenumber": "177"
      }
    },
    {
      "type": "Feature",
      "geometry": {
        "type": "Point",
        "coordinates": [
          121.4538894,
          31.1890149
        ]
      },
      "properties": {
        "addr:housenumber": "699"
      }
    },
    {
      "type": "Feature",
      "geometry": {
        "type": "Point",
        "coordinates": [
          121.5120745,
          31.2194094
        ]
      },
      "properties": {
        "addr:housenumber": "57"
      }
    },
    {
      "type": "Feature",
      "geometry": {
        "type": "Point",
        "coordinates": [
          121.4479744,
          31.2190268
        ]
      },
      "properties": {
        "addr:housenumber": "291"
      }
    },
    {
      "type": "Feature",
      "geometry": {
        "type": "Point",
        "coordinates": [
          121.4763519,
          31.2350584
        ]
      },
      "properties": {
        "addr:housenumber": "515"
      }
    },
    {
      "type": "Feature",
      "geometry": {
        "type": "Point",
        "coordinates": [
          121.4677569,
          31.2463577
        ]
      },
      "properties": {
        "addr:housenumber": "166"
      }
    },
    {
      "type": "Feature",
      "geometry": {
        "type": "Point",
        "coordinates": [
          121.4722627,
          31.2168897
        ]
      },
      "properties": {
        "addr:housenumber": "199"
      }
    },
    {
      "type": "Feature",
      "geometry": {
        "type": "Point",
        "coordinates": [
          121.4956661,
          31.2387799
        ]
      },
      "properties": {
        "addr:housenumber": "168"
      }
    },
    {
      "type": "Feature",
      "geometry": {
        "type": "Point",
        "coordinates": [
          121.4585913,
          31.2190746
        ]
      },
      "properties": {
        "addr:housenumber": "145 B"
      }
    },
    {
      "type": "Feature",
      "geometry": {
        "type": "Point",
        "coordinates": [
          121.4402282,
          31.2045508
        ]
      },
      "properties": {
        "addr:housenumber": "306"
      }
    },
    {
      "type": "Feature",
      "geometry": {
        "type": "Point",
        "coordinates": [
          121.4537631,
          31.2129578
        ]
      },
      "properties": {
        "addr:housenumber": "58"
      }
    },
    {
      "type": "Feature",
      "geometry": {
        "type": "Point",
        "coordinates": [
          121.4734583,
          31.2344683
        ]
      },
      "properties": {
        "addr:housenumber": "666号"
      }
    },
    {
      "type": "Feature",
      "geometry": {
        "type": "Point",
        "coordinates": [
          121.4771845,
          31.2327611
        ]
      },
      "properties": {
        "addr:housenumber": "550"
      }
    },
    {
      "type": "Feature",
      "geometry": {
        "type": "Point",
        "coordinates": [
          121.4927016,
          31.223846
        ]
      },
      "properties": {
        "addr:housenumber": "439"
      }
    },
    {
      "type": "Feature",
      "geometry": {
        "type": "Point",
        "coordinates": [
          121.4870445,
          31.2289017
        ]
      },
      "properties": {
        "addr:housenumber": "64"
      }
    },
    {
      "type": "Feature",
      "geometry": {
        "type": "Point",
        "coordinates": [
          121.4840314,
          31.2395988
        ]
      },
      "properties": {
        "addr:housenumber": "80"
      }
    },
    {
      "type": "Feature",
      "geometry": {
        "type": "Point",
        "coordinates": [
          121.4704998,
          31.2220018
        ]
      },
      "properties": {
        "addr:housenumber": "374"
      }
    },
    {
      "type": "Feature",
      "geometry": {
        "type": "Point",
        "coordinates": [
          121.474532,
          31.2275174
        ]
      },
      "properties": {
        "addr:housenumber": "98"
      }
    },
    {
      "type": "Feature",
      "geometry": {
        "type": "Point",
        "coordinates": [
          121.4726404,
          31.2381093
        ]
      },
      "properties": {
        "addr:housenumber": "506"
      }
    },
    {
      "type": "Feature",
      "geometry": {
        "type": "Point",
        "coordinates": [
          121.4408482,
          31.2120895
        ]
      },
      "properties": {
        "addr:housenumber": "3"
      }
    },
    {
      "type": "Feature",
      "geometry": {
        "type": "Point",
        "coordinates": [
          121.5145978,
          31.2304843
        ]
      },
      "properties": {
        "addr:housenumber": "601号"
      }
    },
    {
      "type": "Feature",
      "geometry": {
        "type": "Point",
        "coordinates": [
          121.4948012,
          31.2389731
        ]
      },
      "properties": {
        "addr:housenumber": "168"
      }
    },
    {
      "type": "Feature",
      "geometry": {
        "type": "Point",
        "coordinates": [
          121.4613308,
          31.2120516
        ]
      },
      "properties": {
        "addr:housenumber": "1号"
      }
    },
    {
      "type": "Feature",
      "geometry": {
        "type": "Point",
        "coordinates": [
          121.4883733,
          31.2469398
        ]
      },
      "properties": {
        "addr:housenumber": "199"
      }
    },
    {
      "type": "Feature",
      "geometry": {
        "type": "Point",
        "coordinates": [
          121.4764766,
          31.2245356
        ]
      },
      "properties": {
        "addr:housenumber": "98"
      }
    },
    {
      "type": "Feature",
      "geometry": {
        "type": "Point",
        "coordinates": [
          121.47615,
          31.2256356
        ]
      },
      "properties": {
        "addr:housenumber": "98"
      }
    },
    {
      "type": "Feature",
      "geometry": {
        "type": "Point",
        "coordinates": [
          121.4831064,
          31.2372258
        ]
      },
      "properties": {
        "addr:housenumber": "180"
      }
    },
    {
      "type": "Feature",
      "geometry": {
        "type": "Point",
        "coordinates": [
          121.4555351,
          31.2236072
        ]
      },
      "properties": {
        "addr:housenumber": "120"
      }
    },
    {
      "type": "Feature",
      "geometry": {
        "type": "Point",
        "coordinates": [
          121.4554307,
          31.2235781
        ]
      },
      "properties": {
        "addr:housenumber": "130"
      }
    },
    {
      "type": "Feature",
      "geometry": {
        "type": "Point",
        "coordinates": [
          121.4647919,
          31.2095536
        ]
      },
      "properties": {
        "addr:housenumber": "618"
      }
    },
    {
      "type": "Feature",
      "geometry": {
        "type": "Point",
        "coordinates": [
          121.4642123,
          31.2225113
        ]
      },
      "properties": {
        "addr:housenumber": "523"
      }
    },
    {
      "type": "Feature",
      "geometry": {
        "type": "Point",
        "coordinates": [
          121.4995817,
          31.2446892
        ]
      },
      "properties": {
        "addr:housenumber": "1288号"
      }
    },
    {
      "type": "Feature",
      "geometry": {
        "type": "Point",
        "coordinates": [
          121.4502418,
          31.2182007
        ]
      },
      "properties": {
        "addr:housenumber": "56"
      }
    },
    {
      "type": "Feature",
      "geometry": {
        "type": "Point",
        "coordinates": [
          121.506971,
          31.2314979
        ]
      },
      "properties": {
        "addr:housenumber": "357"
      }
    },
    {
      "type": "Feature",
      "geometry": {
        "type": "Point",
        "coordinates": [
          121.4336664,
          31.1926495
        ]
      },
      "properties": {
        "addr:housenumber": "399"
      }
    },
    {
      "type": "Feature",
      "geometry": {
        "type": "Point",
        "coordinates": [
          121.4547369,
          31.2296971
        ]
      },
      "properties": {
        "addr:housenumber": "297"
      }
    },
    {
      "type": "Feature",
      "geometry": {
        "type": "Point",
        "coordinates": [
          121.4106034,
          31.2187511
        ]
      },
      "properties": {
        "addr:housenumber": "1139号来福士广场B1-17号"
      }
    },
    {
      "type": "Feature",
      "geometry": {
        "type": "Point",
        "coordinates": [
          121.4977763,
          31.2391418
        ]
      },
      "properties": {
        "addr:housenumber": "8号上海IF商场LG1-19"
      }
    },
    {
      "type": "Feature",
      "geometry": {
        "type": "Point",
        "coordinates": [
          121.4213775,
          31.2148097
        ]
      },
      "properties": {
        "addr:housenumber": "1116-1118号"
      }
    },
    {
      "type": "Feature",
      "geometry": {
        "type": "Point",
        "coordinates": [
          121.4207178,
          31.2066344
        ]
      },
      "properties": {
        "addr:housenumber": "38"
      }
    },
    {
      "type": "Feature",
      "geometry": {
        "type": "Point",
        "coordinates": [
          121.462471,
          31.241503
        ]
      },
      "properties": {
        "addr:housenumber": "356"
      }
    },
    {
      "type": "Feature",
      "geometry": {
        "type": "Point",
        "coordinates": [
          121.5077824,
          31.2348252
        ]
      },
      "properties": {
        "addr:housenumber": "531"
      }
    },
    {
      "type": "Feature",
      "geometry": {
        "type": "Point",
        "coordinates": [
          121.4229154,
          31.2094131
        ]
      },
      "properties": {
        "addr:housenumber": "15号102B"
      }
    }
  ]
}