{
  "type": "FeatureCollection",
  "features": [
    {
      "type": "Feature",
      "geometry": {
        "type": "Point",
        "coordinates": [
          121.4872012,
          31.2457297
        ]
      },
      "properties": {
        "attraction_id": "A_00155",
        "kind": "tourism",
        "category": "hotel_tourism",
        "label": "Hotel / Tourism",
        "name": "上海海鸥丽晶酒店",
        "area_m2": 0.0,
        "weight": 35.0,
        "osm_id": 476068109
      }
    },
    {
      "type": "Feature",
      "geometry": {
        "type": "Point",
        "coordinates": [
          121.4853948,
          31.2414831
        ]
      },
      "properties": {
        "attraction_id": "A_00157",
        "kind": "tourism",
        "category": "hotel_tourism",
        "label": "Hotel / Tourism",
        "name": "中国银行大楼",
        "area_m2": 0.0,
        "weight": 35.0,
        "osm_id": 476081313
      }
    },
    {
      "type": "Feature",
      "geometry": {
        "type": "Point",
        "coordinates": [
          121.4855801,
          31.242325
        ]
      },
      "properties": {
        "attraction_id": "A_00158",
        "kind": "tourism",
        "category": "hotel_tourism",
        "label": "Hotel / Tourism",
        "name": "怡和洋行大楼",
        "area_m2": 0.0,
        "weight": 35.0,
        "osm_id": 476082235
      }
    },
    {
      "type": "Feature",
      "geometry": {
        "type": "Point",
        "coordinates": [
          121.4854592,
          31.2417559
        ]
      },
      "properties": {
        "attraction_id": "A_00159",
        "kind": "tourism",
        "category": "hotel_tourism",
        "label": "Hotel / Tourism",
        "name": "横滨正金银行大楼",
        "area_m2": 0.0,
        "weight": 35.0,
        "osm_id": 476082363
      }
    },
    {
      "type": "Feature",
      "geometry": {
        "type": "Point",
        "coordinates": [
          121.4855155,
          31.2419875
        ]
      },
      "properties": {
        "attraction_id": "A_00160",
        "kind": "tourism",
        "category": "hotel_tourism",
        "label": "Hotel / Tourism",
        "name": "扬子大楼",
        "area_m2": 0.0,
        "weight": 35.0,
        "osm_id": 476082453
      }
    },
    {
      "type": "Feature",
      "geometry": {
        "type": "Point",
        "coordinates": [
          121.4853362,
          31.2406912
        ]
      },
      "properties": {
        "attraction_id": "A_00161",
        "kind": "tourism",
        "category": "hotel_tourism",
        "label": "Hotel / Tourism",
        "name": "汇中饭店大楼",
        "area_m2": 0.0,
        "weight": 35.0,
        "osm_id": 476082753
      }
    },
    {
      "type": "Feature",
      "geometry": {
        "type": "Point",
        "coordinates": [
          121.4853871,
          31.2403999
        ]
      },
      "properties": {
        "attraction_id": "A_00162",
        "kind": "tourism",
        "category": "hotel_tourism",
        "label": "Hotel / Tourism",
        "name": "麦加利银行大楼",
        "area_m2": 0.0,
        "weight": 35.0,
        "osm_id": 476082989
      }
    },
    {
      "type": "Feature",
      "geometry": {
        "type": "Point",
        "coordinates": [
          121.4854137,
          31.2401622
        ]
      },
      "properties": {
        "attraction_id": "A_00163",
        "kind": "tourism",
        "category": "hotel_tourism",
        "label": "Hotel / Tourism",
        "name": "字林大楼",
        "area_m2": 0.0,
        "weight": 35.0,
        "osm_id": 476148697
      }
    },
    {
      "type": "Feature",
      "geometry": {
        "type": "Point",
        "coordinates": [
          121.4854322,
          31.2399676
        ]
      },
      "properties": {
        "attraction_id": "A_00164",
        "kind": "tourism",
        "category": "hotel_tourism",
        "label": "Hotel / Tourism",
        "name": "台湾银行大楼",
        "area_m2": 0.0,
        "weight": 35.0,
        "osm_id": 476148920
      }
    },
    {
      "type": "Feature",
      "geometry": {
        "type": "Point",
        "coordinates": [
          121.4854885,
          31.2396328
        ]
      },
      "properties": {
        "attraction_id": "A_00165",
        "kind": "tourism",
        "category": "hotel_tourism",
        "label": "Hotel / Tourism",
        "name": "华俄道胜银行大楼",
        "area_m2": 0.0,
        "weight": 35.0,
        "osm_id": 476149140
      }
    },
    {
      "type": "Feature",
      "geometry": {
        "type": "Point",
        "coordinates": [
          121.485604,
          31.2390962
        ]
      },
      "properties": {
        "attraction_id": "A_00166",
        "kind": "tourism",
        "category": "hotel_tourism",
        "label": "Hotel / Tourism",
        "name": "交通银行大楼",
        "area_m2": 0.0,
        "weight": 35.0,
        "osm_id": 476149253
      }
    },
    {
      "type": "Feature",
      "geometry": {
        "type": "Point",
        "coordinates": [
          121.4856441,
          31.2386397
        ]
      },
      "properties": {
        "attraction_id": "A_00167",
        "kind": "tourism",
        "category": "hotel_tourism",
        "label": "Hotel / Tourism",
        "name": "江海关大楼",
        "area_m2": 0.0,
        "weight": 35.0,
        "osm_id": 476149343
      }
    },
    {
      "type": "Feature",
      "geometry": {
        "type": "Point",
        "coordinates": [
          121.4857569,
          31.2380045
        ]
      },
      "properties": {
        "attraction_id": "A_00168",
        "kind": "tourism",
        "category": "hotel_tourism",
        "label": "Hotel / Tourism",
        "name": "前汇丰银行大楼",
        "area_m2": 0.0,
        "weight": 35.0,
        "osm_id": 476149515
      }
    },
    {
      "type": "Feature",
      "geometry": {
        "type": "Point",
        "coordinates": [
          121.4862961,
          31.2367496
        ]
      },
      "properties": {
        "attraction_id": "A_00169",
        "kind": "tourism",
        "category": "hotel_tourism",
        "label": "Hotel / Tourism",
        "name": "中国通商银行大楼",
        "area_m2": 0.0,
        "weight": 35.0,
        "osm_id": 476149638
      }
    },
    {
      "type": "Feature",
      "geometry": {
        "type": "Point",
        "coordinates": [
          121.4860868,
          31.2371051
        ]
      },
      "properties": {
        "attraction_id": "A_00170",
        "kind": "tourism",
        "category": "hotel_tourism",
        "label": "Hotel / Tourism",
        "name": "电报大楼",
        "area_m2": 0.0,
        "weight": 35.0,
        "osm_id": 476151005
      }
    },
    {
      "type": "Feature",
      "geometry": {
        "type": "Point",
        "coordinates": [
          121.4864622,
          31.2365093
        ]
      },
      "properties": {
        "attraction_id": "A_00171",
        "kind": "tourism",
        "category": "hotel_tourism",
        "label": "Hotel / Tourism",
        "name": "日清大楼",
        "area_m2": 0.0,
        "weight": 35.0,
        "osm_id": 476151248
      }
    },
    {
      "type": "Feature",
      "geometry": {
        "type": "Point",
        "coordinates": [
          121.4868862,
          31.2358621
        ]
      },
      "properties": {
        "attraction_id": "A_00172",
        "kind": "tourism",
        "category": "hotel_tourism",
        "label": "Hotel / Tourism",
        "name": "上海总会大楼",
        "area_m2": 0.0,
        "weight": 35.0,
        "osm_id": 476151413
      }
    },
    {
      "type": "Feature",
      "geometry": {
        "type": "Point",
        "coordinates": [
          121.487015,
          31.2355318
        ]
      },
      "properties": {
        "attraction_id": "A_00173",
        "kind": "tourism",
        "category": "hotel_tourism",
        "label": "Hotel / Tourism",
        "name": "亚细亚大楼",
        "area_m2": 0.0,
        "weight": 35.0,
        "osm_id": 476151449
      }
    },
    {
      "type": "Feature",
      "geometry": {
        "type": "Point",
        "coordinates": [
          121.4853496,
          31.2411292
        ]
      },
      "properties": {
        "attraction_id": "A_00177",
        "kind": "tourism",
        "category": "hotel_tourism",
        "label": "Hotel / Tourism",
        "name": "沙逊大厦",
        "area_m2": 0.0,
        "weight": 35.0,
        "osm_id": 476771920
      }
    },
    {
      "type": "Feature",
      "geometry": {
        "type": "Point",
        "coordinates": [
          121.4717101,
          31.2367348
        ]
      },
      "properties": {
        "attraction_id": "A_00179",
        "kind": "tourism",
        "category": "hotel_tourism",
        "label": "Hotel / Tourism",
        "name": "世茂皇家艾美酒店",
        "area_m2": 0.0,
        "weight": 35.0,
        "osm_id": 476779776
      }
    },
    {
      "type": "Feature",
      "geometry": {
        "type": "Point",
        "coordinates": [
          121.4930065,
          31.2415416
        ]
      },
      "properties": {
        "attraction_id": "A_00222",
        "kind": "tourism",
        "category": "hotel_tourism",
        "label": "Hotel / Tourism",
        "name": "东方滨江大酒店",
        "area_m2": 0.0,
        "weight": 35.0,
        "osm_id": 495629462
      }
    },
    {
      "type": "Feature",
      "geometry": {
        "type": "Point",
        "coordinates": [
          121.4672738,
          31.2122314
        ]
      },
      "properties": {
        "attraction_id": "A_00241",
        "kind": "tourism",
        "category": "hotel_tourism",
        "label": "Hotel / Tourism",
        "name": "第一美术馆",
        "area_m2": 0.0,
        "weight": 35.0,
        "osm_id": 554246824
      }
    },
    {
      "type": "Feature",
      "geometry": {
        "type": "Point",
        "coordinates": [
          121.5275812,
          31.2430926
        ]
      },
      "properties": {
        "attraction_id": "A_00257",
        "kind": "tourism",
        "category": "hotel_tourism",
        "label": "Hotel / Tourism",
        "name": "隆德丰国际大酒店",
        "area_m2": 0.0,
        "weight": 35.0,
        "osm_id": 567412899
      }
    },
    {
      "type": "Feature",
      "geometry": {
        "type": "Point",
        "coordinates": [
          121.5215791,
          31.2281743
        ]
      },
      "properties": {
        "attraction_id": "A_00320",
        "kind": "tourism",
        "category": "hotel_tourism",
        "label": "Hotel / Tourism",
        "name": "Courtyard万豪酒店",
        "area_m2": 0.0,
        "weight": 35.0,
        "osm_id": 614627712
      }
    },
    {
      "type": "Feature",
      "geometry": {
        "type": "Point",
        "coordinates": [
          121.4652303,
          31.2323261
        ]
      },
      "properties": {
        "attraction_id": "A_00342",
        "kind": "tourism",
        "category": "hotel_tourism",
        "label": "Hotel / Tourism",
        "name": "万豪酒店",
        "area_m2": 0.0,
        "weight": 35.0,
        "osm_id": 619220944
      }
    },
    {
      "type": "Feature",
      "geometry": {
        "type": "Point",
        "coordinates": [
          121.4723645,
          31.2367321
        ]
      },
      "properties": {
        "attraction_id": "A_00398",
        "kind": "tourism",
        "category": "hotel_tourism",
        "label": "Hotel / Tourism",
        "name": "南新雅华美达大酒店",
        "area_m2": 0.0,
        "weight": 35.0,
        "osm_id": 654578461
      }
    },
    {
      "type": "Feature",
      "geometry": {
        "type": "Point",
        "coordinates": [
          121.4717898,
          31.2519859
        ]
      },
      "properties": {
        "attraction_id": "A_00414",
        "kind": "tourism",
        "category": "hotel_tourism",
        "label": "Hotel / Tourism",
        "name": "上海铁路博物馆",
        "area_m2": 0.0,
        "weight": 35.0,
        "osm_id": 662708794
      }
    },
    {
      "type": "Feature",
      "geometry": {
        "type": "Point",
        "coordinates": [
          121.4664011,
          31.2062423
        ]
      },
      "properties": {
        "attraction_id": "A_00435",
        "kind": "tourism",
        "category": "hotel_tourism",
        "label": "Hotel / Tourism",
        "name": "Pullman Shanghai Skyway",
        "area_m2": 0.0,
        "weight": 35.0,
        "osm_id": 739234071
      }
    },
    {
      "type": "Feature",
      "geometry": {
        "type": "Point",
        "coordinates": [
          121.4801517,
          31.2342529
        ]
      },
      "properties": {
        "attraction_id": "A_00442",
        "kind": "tourism",
        "category": "hotel_tourism",
        "label": "Hotel / Tourism",
        "name": "中福世福汇大酒店",
        "area_m2": 0.0,
        "weight": 35.0,
        "osm_id": 784179351
      }
    },
    {
      "type": "Feature",
      "geometry": {
        "type": "Point",
        "coordinates": [
          121.4649296,
          31.2314265
        ]
      },
      "properties": {
        "attraction_id": "A_00452",
        "kind": "tourism",
        "category": "hotel_tourism",
        "label": "Hotel / Tourism",
        "name": "",
        "area_m2": 0.0,
        "weight": 35.0,
        "osm_id": 815462228
      }
    },
    {
      "type": "Feature",
      "geometry": {
        "type": "Point",
        "coordinates": [
          121.406088,
          31.1782036
        ]
      },
      "properties": {
        "attraction_id": "A_00453",
        "kind": "tourism",
        "category": "hotel_tourism",
        "label": "Hotel / Tourism",
        "name": "",
        "area_m2": 0.0,
        "weight": 35.0,
        "osm_id": 822479537
      }
    },
    {
      "type": "Feature",
      "geometry": {
        "type": "Point",
        "coordinates": [
          121.4325064,
          31.2194569
        ]
      },
      "properties": {
        "attraction_id": "A_00462",
        "kind": "tourism",
        "category": "hotel_tourism",
        "label": "Hotel / Tourism",
        "name": "希尔顿酒店",
        "area_m2": 0.0,
        "weight": 35.0,
        "osm_id": 838146982
      }
    },
    {
      "type": "Feature",
      "geometry": {
        "type": "Point",
        "coordinates": [
          121.4891795,
          31.2055332
        ]
      },
      "properties": {
        "attraction_id": "A_00478",
        "kind": "tourism",
        "category": "hotel_tourism",
        "label": "Hotel / Tourism",
        "name": "",
        "area_m2": 0.0,
        "weight": 35.0,
        "osm_id": 855810647
      }
    },
    {
      "type": "Feature",
      "geometry": {
        "type": "Point",
        "coordinates": [
          121.4146608,
          31.1683397
        ]
      },
      "properties": {
        "attraction_id": "A_00481",
        "kind": "tourism",
        "category": "hotel_tourism",
        "label": "Hotel / Tourism",
        "name": "和颐酒店",
        "area_m2": 0.0,
        "weight": 35.0,
        "osm_id": 862835639
      }
    },
    {
      "type": "Feature",
      "geometry": {
        "type": "Point",
        "coordinates": [
          121.4761832,
          31.1772321
        ]
      },
      "properties": {
        "attraction_id": "A_00483",
        "kind": "tourism",
        "category": "hotel_tourism",
        "label": "Hotel / Tourism",
        "name": "",
        "area_m2": 0.0,
        "weight": 35.0,
        "osm_id": 874186785
      }
    },
    {
      "type": "Feature",
      "geometry": {
        "type": "Point",
        "coordinates": [
          121.4472554,
          31.1910959
        ]
      },
      "properties": {
        "attraction_id": "A_00492",
        "kind": "tourism",
        "category": "hotel_tourism",
        "label": "Hotel / Tourism",
        "name": "速8酒店",
        "area_m2": 0.0,
        "weight": 35.0,
        "osm_id": 893937434
      }
    },
    {
      "type": "Feature",
      "geometry": {
        "type": "Point",
        "coordinates": [
          121.5205264,
          31.2409754
        ]
      },
      "properties": {
        "attraction_id": "A_00601",
        "kind": "tourism",
        "category": "hotel_tourism",
        "label": "Hotel / Tourism",
        "name": "海神诺富特大酒店",
        "area_m2": 0.0,
        "weight": 35.0,
        "osm_id": 1170101170
      }
    },
    {
      "type": "Feature",
      "geometry": {
        "type": "Point",
        "coordinates": [
          121.479679,
          31.2326203
        ]
      },
      "properties": {
        "attraction_id": "A_00611",
        "kind": "tourism",
        "category": "hotel_tourism",
        "label": "Hotel / Tourism",
        "name": "老陕客栈",
        "area_m2": 0.0,
        "weight": 35.0,
        "osm_id": 1251210478
      }
    },
    {
      "type": "Feature",
      "geometry": {
        "type": "Point",
        "coordinates": [
          121.5119016,
          31.2318508
        ]
      },
      "properties": {
        "attraction_id": "A_00625",
        "kind": "tourism",
        "category": "hotel_tourism",
        "label": "Hotel / Tourism",
        "name": "万豪酒店",
        "area_m2": 0.0,
        "weight": 35.0,
        "osm_id": 1317234409
      }
    },
    {
      "type": "Feature",
      "geometry": {
        "type": "Point",
        "coordinates": [
          121.4834016,
          31.2598153
        ]
      },
      "properties": {
        "attraction_id": "A_00632",
        "kind": "tourism",
        "category": "hotel_tourism",
        "label": "Hotel / Tourism",
        "name": "虹口三至喜来登",
        "area_m2": 0.0,
        "weight": 35.0,
        "osm_id": 1377665042
      }
    },
    {
      "type": "Feature",
      "geometry": {
        "type": "Point",
        "coordinates": [
          121.4680259,
          31.2042154
        ]
      },
      "properties": {
        "attraction_id": "A_00633",
        "kind": "tourism",
        "category": "hotel_tourism",
        "label": "Hotel / Tourism",
        "name": "",
        "area_m2": 0.0,
        "weight": 35.0,
        "osm_id": 1402572534
      }
    },
    {
      "type": "Feature",
      "geometry": {
        "type": "Point",
        "coordinates": [
          121.4371876,
          31.2309273
        ]
      },
      "properties": {
        "attraction_id": "A_00641",
        "kind": "tourism",
        "category": "hotel_tourism",
        "label": "Hotel / Tourism",
        "name": "乐途静安国际青年旅舍",
        "area_m2": 0.0,
        "weight": 35.0,
        "osm_id": 1446811919
      }
    },
    {
      "type": "Feature",
      "geometry": {
        "type": "Point",
        "coordinates": [
          121.4440717,
          31.2340872
        ]
      },
      "properties": {
        "attraction_id": "A_00655",
        "kind": "tourism",
        "category": "hotel_tourism",
        "label": "Hotel / Tourism",
        "name": "",
        "area_m2": 0.0,
        "weight": 35.0,
        "osm_id": 1469068210
      }
    },
    {
      "type": "Feature",
      "geometry": {
        "type": "Point",
        "coordinates": [
          121.4386196,
          31.190864
        ]
      },
      "properties": {
        "attraction_id": "A_00661",
        "kind": "tourism",
        "category": "hotel_tourism",
        "label": "Hotel / Tourism",
        "name": "",
        "area_m2": 0.0,
        "weight": 35.0,
        "osm_id": 1477326562
      }
    },
    {
      "type": "Feature",
      "geometry": {
        "type": "Point",
        "coordinates": [
          121.495396,
          31.2365031
        ]
      },
      "properties": {
        "attraction_id": "A_00663",
        "kind": "tourism",
        "category": "hotel_tourism",
        "label": "Hotel / Tourism",
        "name": "震旦美术馆",
        "area_m2": 0.0,
        "weight": 35.0,
        "osm_id": 1489398730
      }
    },
    {
      "type": "Feature",
      "geometry": {
        "type": "Point",
        "coordinates": [
          121.428645,
          31.2397935
        ]
      },
      "properties": {
        "attraction_id": "A_00704",
        "kind": "tourism",
        "category": "hotel_tourism",
        "label": "Hotel / Tourism",
        "name": "",
        "area_m2": 0.0,
        "weight": 35.0,
        "osm_id": 1508314447
      }
    },
    {
      "type": "Feature",
      "geometry": {
        "type": "Point",
        "coordinates": [
          121.4655835,
          31.2214227
        ]
      },
      "properties": {
        "attraction_id": "A_00729",
        "kind": "tourism",
        "category": "hotel_tourism",
        "label": "Hotel / Tourism",
        "name": "",
        "area_m2": 0.0,
        "weight": 35.0,
        "osm_id": 1563139072
      }
    },
    {
      "type": "Feature",
      "geometry": {
        "type": "Point",
        "coordinates": [
          121.4951713,
          31.2263584
        ]
      },
      "properties": {
        "attraction_id": "A_00730",
        "kind": "tourism",
        "category": "hotel_tourism",
        "label": "Hotel / Tourism",
        "name": "滨江欣景酒店",
        "area_m2": 0.0,
        "weight": 35.0,
        "osm_id": 1563146219
      }
    },
    {
      "type": "Feature",
      "geometry": {
        "type": "Point",
        "coordinates": [
          121.4749291,
          31.236409
        ]
      },
      "properties": {
        "attraction_id": "A_00732",
        "kind": "tourism",
        "category": "hotel_tourism",
        "label": "Hotel / Tourism",
        "name": "上海艺龙酒店",
        "area_m2": 0.0,
        "weight": 35.0,
        "osm_id": 1563161013
      }
    },
    {
      "type": "Feature",
      "geometry": {
        "type": "Point",
        "coordinates": [
          121.472549,
          31.2419328
        ]
      },
      "properties": {
        "attraction_id": "A_00773",
        "kind": "tourism",
        "category": "hotel_tourism",
        "label": "Hotel / Tourism",
        "name": "梦溪酒店",
        "area_m2": 0.0,
        "weight": 35.0,
        "osm_id": 1663908568
      }
    },
    {
      "type": "Feature",
      "geometry": {
        "type": "Point",
        "coordinates": [
          121.509433,
          31.2581203
        ]
      },
      "properties": {
        "attraction_id": "A_00774",
        "kind": "tourism",
        "category": "hotel_tourism",
        "label": "Hotel / Tourism",
        "name": "",
        "area_m2": 0.0,
        "weight": 35.0,
        "osm_id": 1663981886
      }
    },
    {
      "type": "Feature",
      "geometry": {
        "type": "Point",
        "coordinates": [
          121.476324,
          31.2375328
        ]
      },
      "properties": {
        "attraction_id": "A_00789",
        "kind": "tourism",
        "category": "hotel_tourism",
        "label": "Hotel / Tourism",
        "name": "索菲特海仑宾馆",
        "area_m2": 0.0,
        "weight": 35.0,
        "osm_id": 1720141486
      }
    },
    {
      "type": "Feature",
      "geometry": {
        "type": "Point",
        "coordinates": [
          121.4936072,
          31.1643399
        ]
      },
      "properties": {
        "attraction_id": "A_00819",
        "kind": "tourism",
        "category": "hotel_tourism",
        "label": "Hotel / Tourism",
        "name": "维也纳国际酒店(世博园店)",
        "area_m2": 0.0,
        "weight": 35.0,
        "osm_id": 1758441732
      }
    },
    {
      "type": "Feature",
      "geometry": {
        "type": "Point",
        "coordinates": [
          121.4308848,
          31.1910097
        ]
      },
      "properties": {
        "attraction_id": "A_00881",
        "kind": "tourism",
        "category": "hotel_tourism",
        "label": "Hotel / Tourism",
        "name": "",
        "area_m2": 0.0,
        "weight": 35.0,
        "osm_id": 1870291797
      }
    },
    {
      "type": "Feature",
      "geometry": {
        "type": "Point",
        "coordinates": [
          121.4752476,
          31.2481267
        ]
      },
      "properties": {
        "attraction_id": "A_00891",
        "kind": "tourism",
        "category": "hotel_tourism",
        "label": "Hotel / Tourism",
        "name": "",
        "area_m2": 0.0,
        "weight": 35.0,
        "osm_id": 1881135059
      }
    },
    {
      "type": "Feature",
      "geometry": {
        "type": "Point",
        "coordinates": [
          121.4856601,
          31.2430242
        ]
      },
      "properties": {
        "attraction_id": "A_00917",
        "kind": "tourism",
        "category": "hotel_tourism",
        "label": "Hotel / Tourism",
        "name": "东方汇理银行大楼",
        "area_m2": 0.0,
        "weight": 35.0,
        "osm_id": 1883305088
      }
    },
    {
      "type": "Feature",
      "geometry": {
        "type": "Point",
        "coordinates": [
          121.4856526,
          31.2428182
        ]
      },
      "properties": {
        "attraction_id": "A_00918",
        "kind": "tourism",
        "category": "hotel_tourism",
        "label": "Hotel / Tourism",
        "name": "格林邮船大楼",
        "area_m2": 0.0,
        "weight": 35.0,
        "osm_id": 1883305093
      }
    },
    {
      "type": "Feature",
      "geometry": {
        "type": "Point",
        "coordinates": [
          121.4855611,
          31.2393233
        ]
      },
      "properties": {
        "attraction_id": "A_00921",
        "kind": "tourism",
        "category": "hotel_tourism",
        "label": "Hotel / Tourism",
        "name": "外滩",
        "area_m2": 0.0,
        "weight": 35.0,
        "osm_id": 1887544304
      }
    },
    {
      "type": "Feature",
      "geometry": {
        "type": "Point",
        "coordinates": [
          121.5284021,
          31.1830221
        ]
      },
      "properties": {
        "attraction_id": "A_00972",
        "kind": "tourism",
        "category": "hotel_tourism",
        "label": "Hotel / Tourism",
        "name": "上海大华锦绣皇冠假日酒店",
        "area_m2": 0.0,
        "weight": 35.0,
        "osm_id": 1906490846
      }
    },
    {
      "type": "Feature",
      "geometry": {
        "type": "Point",
        "coordinates": [
          121.4968072,
          31.2385571
        ]
      },
      "properties": {
        "attraction_id": "A_00979",
        "kind": "tourism",
        "category": "hotel_tourism",
        "label": "Hotel / Tourism",
        "name": "上海浦东丽思卡尔顿酒店",
        "area_m2": 0.0,
        "weight": 35.0,
        "osm_id": 1928688340
      }
    },
    {
      "type": "Feature",
      "geometry": {
        "type": "Point",
        "coordinates": [
          121.5561671,
          31.2285781
        ]
      },
      "properties": {
        "attraction_id": "A_01033",
        "kind": "tourism",
        "category": "hotel_tourism",
        "label": "Hotel / Tourism",
        "name": "上海证大美爵酒店",
        "area_m2": 0.0,
        "weight": 35.0,
        "osm_id": 2166359850
      }
    },
    {
      "type": "Feature",
      "geometry": {
        "type": "Point",
        "coordinates": [
          121.4506443,
          31.2448793
        ]
      },
      "properties": {
        "attraction_id": "A_01034",
        "kind": "tourism",
        "category": "hotel_tourism",
        "label": "Hotel / Tourism",
        "name": "Courtyard",
        "area_m2": 0.0,
        "weight": 35.0,
        "osm_id": 2181350361
      }
    },
    {
      "type": "Feature",
      "geometry": {
        "type": "Point",
        "coordinates": [
          121.4955062,
          31.2140587
        ]
      },
      "properties": {
        "attraction_id": "A_01071",
        "kind": "tourism",
        "category": "hotel_tourism",
        "label": "Hotel / Tourism",
        "name": "",
        "area_m2": 0.0,
        "weight": 35.0,
        "osm_id": 2401741205
      }
    },
    {
      "type": "Feature",
      "geometry": {
        "type": "Point",
        "coordinates": [
          121.4348592,
          31.199323
        ]
      },
      "properties": {
        "attraction_id": "A_01156",
        "kind": "tourism",
        "category": "hotel_tourism",
        "label": "Hotel / Tourism",
        "name": "天平宾馆",
        "area_m2": 0.0,
        "weight": 35.0,
        "osm_id": 2614275766
      }
    },
    {
      "type": "Feature",
      "geometry": {
        "type": "Point",
        "coordinates": [
          121.4599593,
          31.1991854
        ]
      },
      "properties": {
        "attraction_id": "A_01180",
        "kind": "tourism",
        "category": "hotel_tourism",
        "label": "Hotel / Tourism",
        "name": "汉庭快捷酒店",
        "area_m2": 0.0,
        "weight": 35.0,
        "osm_id": 2662669856
      }
    },
    {
      "type": "Feature",
      "geometry": {
        "type": "Point",
        "coordinates": [
          121.5458305,
          31.2122298
        ]
      },
      "properties": {
        "attraction_id": "A_01286",
        "kind": "tourism",
        "category": "hotel_tourism",
        "label": "Hotel / Tourism",
        "name": "",
        "area_m2": 0.0,
        "weight": 35.0,
        "osm_id": 2892207222
      }
    },
    {
      "type": "Feature",
      "geometry": {
        "type": "Point",
        "coordinates": [
          121.4415901,
          31.2384868
        ]
      },
      "properties": {
        "attraction_id": "A_01307",
        "kind": "tourism",
        "category": "hotel_tourism",
        "label": "Hotel / Tourism",
        "name": "东海园旅游咨询服务中心",
        "area_m2": 0.0,
        "weight": 35.0,
        "osm_id": 3024014220
      }
    },
    {
      "type": "Feature",
      "geometry": {
        "type": "Point",
        "coordinates": [
          121.4759096,
          31.2256144
        ]
      },
      "properties": {
        "attraction_id": "A_01584",
        "kind": "tourism",
        "category": "hotel_tourism",
        "label": "Hotel / Tourism",
        "name": "Fraser Residence Shanghai",
        "area_m2": 0.0,
        "weight": 35.0,
        "osm_id": 3105898656
      }
    },
    {
      "type": "Feature",
      "geometry": {
        "type": "Point",
        "coordinates": [
          121.4601929,
          31.1859164
        ]
      },
      "properties": {
        "attraction_id": "A_01679",
        "kind": "tourism",
        "category": "hotel_tourism",
        "label": "Hotel / Tourism",
        "name": "龙美术馆（西岸馆）",
        "area_m2": 0.0,
        "weight": 35.0,
        "osm_id": 3126004579
      }
    },
    {
      "type": "Feature",
      "geometry": {
        "type": "Point",
        "coordinates": [
          121.4796257,
          31.2098522
        ]
      },
      "properties": {
        "attraction_id": "A_01709",
        "kind": "tourism",
        "category": "hotel_tourism",
        "label": "Hotel / Tourism",
        "name": "",
        "area_m2": 0.0,
        "weight": 35.0,
        "osm_id": 3339331952
      }
    },
    {
      "type": "Feature",
      "geometry": {
        "type": "Point",
        "coordinates": [
          121.5342935,
          31.2242854
        ]
      },
      "properties": {
        "attraction_id": "A_01710",
        "kind": "tourism",
        "category": "hotel_tourism",
        "label": "Hotel / Tourism",
        "name": "东方之光",
        "area_m2": 0.0,
        "weight": 35.0,
        "osm_id": 3339331953
      }
    },
    {
      "type": "Feature",
      "geometry": {
        "type": "Point",
        "coordinates": [
          121.4155433,
          31.2136558
        ]
      },
      "properties": {
        "attraction_id": "A_01721",
        "kind": "tourism",
        "category": "hotel_tourism",
        "label": "Hotel / Tourism",
        "name": "",
        "area_m2": 0.0,
        "weight": 35.0,
        "osm_id": 3596857613
      }
    },
    {
      "type": "Feature",
      "geometry": {
        "type": "Point",
        "coordinates": [
          121.4645476,
          31.2290405
        ]
      },
      "properties": {
        "attraction_id": "A_01722",
        "kind": "tourism",
        "category": "hotel_tourism",
        "label": "Hotel / Tourism",
        "name": "24K酒店",
        "area_m2": 0.0,
        "weight": 35.0,
        "osm_id": 3609090494
      }
    },
    {
      "type": "Feature",
      "geometry": {
        "type": "Point",
        "coordinates": [
          121.4529945,
          31.2540562
        ]
      },
      "properties": {
        "attraction_id": "A_01733",
        "kind": "tourism",
        "category": "hotel_tourism",
        "label": "Hotel / Tourism",
        "name": "上海中祥大酒店",
        "area_m2": 0.0,
        "weight": 35.0,
        "osm_id": 3698867469
      }
    },
    {
      "type": "Feature",
      "geometry": {
        "type": "Point",
        "coordinates": [
          121.5075869,
          31.2332778
        ]
      },
      "properties": {
        "attraction_id": "A_01750",
        "kind": "tourism",
        "category": "hotel_tourism",
        "label": "Hotel / Tourism",
        "name": "东园旅馆",
        "area_m2": 0.0,
        "weight": 35.0,
        "osm_id": 3748512261
      }
    },
    {
      "type": "Feature",
      "geometry": {
        "type": "Point",
        "coordinates": [
          121.4830203,
          31.2431755
        ]
      },
      "properties": {
        "attraction_id": "A_01752",
        "kind": "tourism",
        "category": "hotel_tourism",
        "label": "Hotel / Tourism",
        "name": "上海外滩美术馆",
        "area_m2": 0.0,
        "weight": 35.0,
        "osm_id": 3750123105
      }
    },
    {
      "type": "Feature",
      "geometry": {
        "type": "Point",
        "coordinates": [
          121.4164872,
          31.2038348
        ]
      },
      "properties": {
        "attraction_id": "A_01753",
        "kind": "tourism",
        "category": "hotel_tourism",
        "label": "Hotel / Tourism",
        "name": "Bazaar compatible program",
        "area_m2": 0.0,
        "weight": 35.0,
        "osm_id": 3750123107
      }
    },
    {
      "type": "Feature",
      "geometry": {
        "type": "Point",
        "coordinates": [
          121.4637986,
          31.2003517
        ]
      },
      "properties": {
        "attraction_id": "A_01780",
        "kind": "tourism",
        "category": "hotel_tourism",
        "label": "Hotel / Tourism",
        "name": "上海公安博物馆",
        "area_m2": 0.0,
        "weight": 35.0,
        "osm_id": 3796474701
      }
    },
    {
      "type": "Feature",
      "geometry": {
        "type": "Point",
        "coordinates": [
          121.4034687,
          31.213746
        ]
      },
      "properties": {
        "attraction_id": "A_01859",
        "kind": "tourism",
        "category": "hotel_tourism",
        "label": "Hotel / Tourism",
        "name": "",
        "area_m2": 0.0,
        "weight": 35.0,
        "osm_id": 3802234641
      }
    },
    {
      "type": "Feature",
      "geometry": {
        "type": "Point",
        "coordinates": [
          121.4598329,
          31.2063657
        ]
      },
      "properties": {
        "attraction_id": "A_01895",
        "kind": "tourism",
        "category": "leisure_park",
        "label": "Leisure / Park",
        "name": "上海市卢湾区体育中心",
        "area_m2": 0.0,
        "weight": 45.0,
        "osm_id": 3850285902
      }
    },
    {
      "type": "Feature",
      "geometry": {
        "type": "Point",
        "coordinates": [
          121.4021372,
          31.2309242
        ]
      },
      "properties": {
        "attraction_id": "A_01901",
        "kind": "tourism",
        "category": "hotel_tourism",
        "label": "Hotel / Tourism",
        "name": "",
        "area_m2": 0.0,
        "weight": 35.0,
        "osm_id": 3862393059
      }
    },
    {
      "type": "Feature",
      "geometry": {
        "type": "Point",
        "coordinates": [
          121.4062263,
          31.2321058
        ]
      },
      "properties": {
        "attraction_id": "A_01902",
        "kind": "tourism",
        "category": "hotel_tourism",
        "label": "Hotel / Tourism",
        "name": "錦江之星",
        "area_m2": 0.0,
        "weight": 35.0,
        "osm_id": 3862393076
      }
    },
    {
      "type": "Feature",
      "geometry": {
        "type": "Point",
        "coordinates": [
          121.4416355,
          31.2141397
        ]
      },
      "properties": {
        "attraction_id": "A_02014",
        "kind": "tourism",
        "category": "hotel_tourism",
        "label": "Hotel / Tourism",
        "name": "海友酒店",
        "area_m2": 0.0,
        "weight": 35.0,
        "osm_id": 4065366414
      }
    },
    {
      "type": "Feature",
      "geometry": {
        "type": "Point",
        "coordinates": [
          121.4582589,
          31.2039603
        ]
      },
      "properties": {
        "attraction_id": "A_02019",
        "kind": "tourism",
        "category": "hotel_tourism",
        "label": "Hotel / Tourism",
        "name": "嘉瑞花苑",
        "area_m2": 0.0,
        "weight": 35.0,
        "osm_id": 4110788390
      }
    },
    {
      "type": "Feature",
      "geometry": {
        "type": "Point",
        "coordinates": [
          121.476862,
          31.2312003
        ]
      },
      "properties": {
        "attraction_id": "A_02026",
        "kind": "tourism",
        "category": "hotel_tourism",
        "label": "Hotel / Tourism",
        "name": "",
        "area_m2": 0.0,
        "weight": 35.0,
        "osm_id": 4157635109
      }
    },
    {
      "type": "Feature",
      "geometry": {
        "type": "Point",
        "coordinates": [
          121.475538,
          31.234808
        ]
      },
      "properties": {
        "attraction_id": "A_02044",
        "kind": "tourism",
        "category": "hotel_tourism",
        "label": "Hotel / Tourism",
        "name": "丽呈美利居酒店",
        "area_m2": 0.0,
        "weight": 35.0,
        "osm_id": 4161730691
      }
    },
    {
      "type": "Feature",
      "geometry": {
        "type": "Point",
        "coordinates": [
          121.4734951,
          31.2316222
        ]
      },
      "properties": {
        "attraction_id": "A_02049",
        "kind": "tourism",
        "category": "hotel_tourism",
        "label": "Hotel / Tourism",
        "name": "",
        "area_m2": 0.0,
        "weight": 35.0,
        "osm_id": 4161734093
      }
    },
    {
      "type": "Feature",
      "geometry": {
        "type": "Point",
        "coordinates": [
          121.4846425,
          31.2240859
        ]
      },
      "properties": {
        "attraction_id": "A_02064",
        "kind": "tourism",
        "category": "hotel_tourism",
        "label": "Hotel / Tourism",
        "name": "美居酒店",
        "area_m2": 0.0,
        "weight": 35.0,
        "osm_id": 4161761591
      }
    },
    {
      "type": "Feature",
      "geometry": {
        "type": "Point",
        "coordinates": [
          121.4848556,
          31.2372667
        ]
      },
      "properties": {
        "attraction_id": "A_02069",
        "kind": "tourism",
        "category": "hotel_tourism",
        "label": "Hotel / Tourism",
        "name": "上海船长酒店",
        "area_m2": 0.0,
        "weight": 35.0,
        "osm_id": 4161768490
      }
    },
    {
      "type": "Feature",
      "geometry": {
        "type": "Point",
        "coordinates": [
          121.4836384,
          31.2375682
        ]
      },
      "properties": {
        "attraction_id": "A_02089",
        "kind": "tourism",
        "category": "hotel_tourism",
        "label": "Hotel / Tourism",
        "name": "海友良品上海外滩福州路酒店",
        "area_m2": 0.0,
        "weight": 35.0,
        "osm_id": 4162226534
      }
    },
    {
      "type": "Feature",
      "geometry": {
        "type": "Point",
        "coordinates": [
          121.4772757,
          31.22061
        ]
      },
      "properties": {
        "attraction_id": "A_02090",
        "kind": "tourism",
        "category": "hotel_tourism",
        "label": "Hotel / Tourism",
        "name": "",
        "area_m2": 0.0,
        "weight": 35.0,
        "osm_id": 4162226536
      }
    },
    {
      "type": "Feature",
      "geometry": {
        "type": "Point",
        "coordinates": [
          121.4862692,
          31.224111
        ]
      },
      "properties": {
        "attraction_id": "A_02093",
        "kind": "tourism",
        "category": "hotel_tourism",
        "label": "Hotel / Tourism",
        "name": "如家酒店",
        "area_m2": 0.0,
        "weight": 35.0,
        "osm_id": 4162267305
      }
    },
    {
      "type": "Feature",
      "geometry": {
        "type": "Point",
        "coordinates": [
          121.4766018,
          31.2346573
        ]
      },
      "properties": {
        "attraction_id": "A_02098",
        "kind": "tourism",
        "category": "hotel_tourism",
        "label": "Hotel / Tourism",
        "name": "如家酒店",
        "area_m2": 0.0,
        "weight": 35.0,
        "osm_id": 4162274694
      }
    },
    {
      "type": "Feature",
      "geometry": {
        "type": "Point",
        "coordinates": [
          121.4696272,
          31.2208587
        ]
      },
      "properties": {
        "attraction_id": "A_02100",
        "kind": "tourism",
        "category": "hotel_tourism",
        "label": "Hotel / Tourism",
        "name": "Rich Gate",
        "area_m2": 0.0,
        "weight": 35.0,
        "osm_id": 4162278990
      }
    },
    {
      "type": "Feature",
      "geometry": {
        "type": "Point",
        "coordinates": [
          121.4835738,
          31.2407241
        ]
      },
      "properties": {
        "attraction_id": "A_02117",
        "kind": "tourism",
        "category": "hotel_tourism",
        "label": "Hotel / Tourism",
        "name": "锦江都城经典",
        "area_m2": 0.0,
        "weight": 35.0,
        "osm_id": 4163411893
      }
    },
    {
      "type": "Feature",
      "geometry": {
        "type": "Point",
        "coordinates": [
          121.429644,
          31.2176429
        ]
      },
      "properties": {
        "attraction_id": "A_02119",
        "kind": "tourism",
        "category": "hotel_tourism",
        "label": "Hotel / Tourism",
        "name": "",
        "area_m2": 0.0,
        "weight": 35.0,
        "osm_id": 4163411896
      }
    },
    {
      "type": "Feature",
      "geometry": {
        "type": "Point",
        "coordinates": [
          121.4276161,
          31.2153132
        ]
      },
      "properties": {
        "attraction_id": "A_02125",
        "kind": "tourism",
        "category": "hotel_tourism",
        "label": "Hotel / Tourism",
        "name": "Metropolo",
        "area_m2": 0.0,
        "weight": 35.0,
        "osm_id": 4163431392
      }
    },
    {
      "type": "Feature",
      "geometry": {
        "type": "Point",
        "coordinates": [
          121.4262676,
          31.2152658
        ]
      },
      "properties": {
        "attraction_id": "A_02126",
        "kind": "tourism",
        "category": "hotel_tourism",
        "label": "Hotel / Tourism",
        "name": "如家酒店",
        "area_m2": 0.0,
        "weight": 35.0,
        "osm_id": 4163431393
      }
    },
    {
      "type": "Feature",
      "geometry": {
        "type": "Point",
        "coordinates": [
          121.4188068,
          31.2127848
        ]
      },
      "properties": {
        "attraction_id": "A_02139",
        "kind": "tourism",
        "category": "hotel_tourism",
        "label": "Hotel / Tourism",
        "name": "",
        "area_m2": 0.0,
        "weight": 35.0,
        "osm_id": 4163431791
      }
    },
    {
      "type": "Feature",
      "geometry": {
        "type": "Point",
        "coordinates": [
          121.4284411,
          31.2164943
        ]
      },
      "properties": {
        "attraction_id": "A_02143",
        "kind": "tourism",
        "category": "hotel_tourism",
        "label": "Hotel / Tourism",
        "name": "",
        "area_m2": 0.0,
        "weight": 35.0,
        "osm_id": 4163431892
      }
    },
    {
      "type": "Feature",
      "geometry": {
        "type": "Point",
        "coordinates": [
          121.4248476,
          31.2133362
        ]
      },
      "properties": {
        "attraction_id": "A_02144",
        "kind": "tourism",
        "category": "hotel_tourism",
        "label": "Hotel / Tourism",
        "name": "如家酒店",
        "area_m2": 0.0,
        "weight": 35.0,
        "osm_id": 4163431893
      }
    },
    {
      "type": "Feature",
      "geometry": {
        "type": "Point",
        "coordinates": [
          121.4146186,
          31.2113561
        ]
      },
      "properties": {
        "attraction_id": "A_02155",
        "kind": "tourism",
        "category": "hotel_tourism",
        "label": "Hotel / Tourism",
        "name": "刘海粟美术馆",
        "area_m2": 0.0,
        "weight": 35.0,
        "osm_id": 4166717989
      }
    },
    {
      "type": "Feature",
      "geometry": {
        "type": "Point",
        "coordinates": [
          121.5591707,
          31.2153329
        ]
      },
      "properties": {
        "attraction_id": "A_02156",
        "kind": "tourism",
        "category": "hotel_tourism",
        "label": "Hotel / Tourism",
        "name": "",
        "area_m2": 0.0,
        "weight": 35.0,
        "osm_id": 4170618389
      }
    },
    {
      "type": "Feature",
      "geometry": {
        "type": "Point",
        "coordinates": [
          121.4747554,
          31.2401212
        ]
      },
      "properties": {
        "attraction_id": "A_02160",
        "kind": "tourism",
        "category": "hotel_tourism",
        "label": "Hotel / Tourism",
        "name": "",
        "area_m2": 0.0,
        "weight": 35.0,
        "osm_id": 4189310793
      }
    },
    {
      "type": "Feature",
      "geometry": {
        "type": "Point",
        "coordinates": [
          121.4464448,
          31.210527
        ]
      },
      "properties": {
        "attraction_id": "A_02162",
        "kind": "tourism",
        "category": "hotel_tourism",
        "label": "Hotel / Tourism",
        "name": "Chinese Cooking Workshop",
        "area_m2": 0.0,
        "weight": 35.0,
        "osm_id": 4191955090
      }
    },
    {
      "type": "Feature",
      "geometry": {
        "type": "Point",
        "coordinates": [
          121.4804129,
          31.2571553
        ]
      },
      "properties": {
        "attraction_id": "A_02167",
        "kind": "tourism",
        "category": "hotel_tourism",
        "label": "Hotel / Tourism",
        "name": "中共四大纪念馆",
        "area_m2": 0.0,
        "weight": 35.0,
        "osm_id": 4211961753
      }
    },
    {
      "type": "Feature",
      "geometry": {
        "type": "Point",
        "coordinates": [
          121.4770715,
          31.2415221
        ]
      },
      "properties": {
        "attraction_id": "A_02168",
        "kind": "tourism",
        "category": "hotel_tourism",
        "label": "Hotel / Tourism",
        "name": "上海蓝山国际青年旅舍",
        "area_m2": 0.0,
        "weight": 35.0,
        "osm_id": 4218570893
      }
    },
    {
      "type": "Feature",
      "geometry": {
        "type": "Point",
        "coordinates": [
          121.4288016,
          31.2486911
        ]
      },
      "properties": {
        "attraction_id": "A_02173",
        "kind": "tourism",
        "category": "hotel_tourism",
        "label": "Hotel / Tourism",
        "name": "Issam Heshmi#1",
        "area_m2": 0.0,
        "weight": 35.0,
        "osm_id": 4227727390
      }
    },
    {
      "type": "Feature",
      "geometry": {
        "type": "Point",
        "coordinates": [
          121.4874134,
          31.2560353
        ]
      },
      "properties": {
        "attraction_id": "A_02174",
        "kind": "tourism",
        "category": "hotel_tourism",
        "label": "Hotel / Tourism",
        "name": "绿地九龙酒店",
        "area_m2": 0.0,
        "weight": 35.0,
        "osm_id": 4232393654
      }
    },
    {
      "type": "Feature",
      "geometry": {
        "type": "Point",
        "coordinates": [
          121.4810288,
          31.2415417
        ]
      },
      "properties": {
        "attraction_id": "A_02187",
        "kind": "tourism",
        "category": "hotel_tourism",
        "label": "Hotel / Tourism",
        "name": "子鱼居酒店",
        "area_m2": 0.0,
        "weight": 35.0,
        "osm_id": 4245040991
      }
    },
    {
      "type": "Feature",
      "geometry": {
        "type": "Point",
        "coordinates": [
          121.4614988,
          31.2057045
        ]
      },
      "properties": {
        "attraction_id": "A_02188",
        "kind": "tourism",
        "category": "hotel_tourism",
        "label": "Hotel / Tourism",
        "name": "",
        "area_m2": 0.0,
        "weight": 35.0,
        "osm_id": 4246892289
      }
    },
    {
      "type": "Feature",
      "geometry": {
        "type": "Point",
        "coordinates": [
          121.428069,
          31.1874178
        ]
      },
      "properties": {
        "attraction_id": "A_02195",
        "kind": "tourism",
        "category": "hotel_tourism",
        "label": "Hotel / Tourism",
        "name": "亞朵",
        "area_m2": 0.0,
        "weight": 35.0,
        "osm_id": 4259756591
      }
    },
    {
      "type": "Feature",
      "geometry": {
        "type": "Point",
        "coordinates": [
          121.4771559,
          31.2256958
        ]
      },
      "properties": {
        "attraction_id": "A_02202",
        "kind": "tourism",
        "category": "hotel_tourism",
        "label": "Hotel / Tourism",
        "name": "샤오닝루",
        "area_m2": 0.0,
        "weight": 35.0,
        "osm_id": 4270902292
      }
    },
    {
      "type": "Feature",
      "geometry": {
        "type": "Point",
        "coordinates": [
          121.4875348,
          31.2206661
        ]
      },
      "properties": {
        "attraction_id": "A_02203",
        "kind": "tourism",
        "category": "hotel_tourism",
        "label": "Hotel / Tourism",
        "name": "",
        "area_m2": 0.0,
        "weight": 35.0,
        "osm_id": 4272474891
      }
    },
    {
      "type": "Feature",
      "geometry": {
        "type": "Point",
        "coordinates": [
          121.4880671,
          31.2284167
        ]
      },
      "properties": {
        "attraction_id": "A_02205",
        "kind": "tourism",
        "category": "hotel_tourism",
        "label": "Hotel / Tourism",
        "name": "内园",
        "area_m2": 0.0,
        "weight": 35.0,
        "osm_id": 4273219819
      }
    },
    {
      "type": "Feature",
      "geometry": {
        "type": "Point",
        "coordinates": [
          121.5084289,
          31.2050994
        ]
      },
      "properties": {
        "attraction_id": "A_02226",
        "kind": "tourism",
        "category": "hotel_tourism",
        "label": "Hotel / Tourism",
        "name": "",
        "area_m2": 0.0,
        "weight": 35.0,
        "osm_id": 4287294024
      }
    },
    {
      "type": "Feature",
      "geometry": {
        "type": "Point",
        "coordinates": [
          121.4685303,
          31.2436244
        ]
      },
      "properties": {
        "attraction_id": "A_02227",
        "kind": "tourism",
        "category": "hotel_tourism",
        "label": "Hotel / Tourism",
        "name": "OCAT",
        "area_m2": 0.0,
        "weight": 35.0,
        "osm_id": 4291890118
      }
    },
    {
      "type": "Feature",
      "geometry": {
        "type": "Point",
        "coordinates": [
          121.4678745,
          31.2388373
        ]
      },
      "properties": {
        "attraction_id": "A_02230",
        "kind": "tourism",
        "category": "hotel_tourism",
        "label": "Hotel / Tourism",
        "name": "上海黄埔碧苑服务公寓",
        "area_m2": 0.0,
        "weight": 35.0,
        "osm_id": 4299835639
      }
    },
    {
      "type": "Feature",
      "geometry": {
        "type": "Point",
        "coordinates": [
          121.4822708,
          31.2524441
        ]
      },
      "properties": {
        "attraction_id": "A_02231",
        "kind": "tourism",
        "category": "hotel_tourism",
        "label": "Hotel / Tourism",
        "name": "",
        "area_m2": 0.0,
        "weight": 35.0,
        "osm_id": 4300665491
      }
    },
    {
      "type": "Feature",
      "geometry": {
        "type": "Point",
        "coordinates": [
          121.4778336,
          31.2298715
        ]
      },
      "properties": {
        "attraction_id": "A_02232",
        "kind": "tourism",
        "category": "hotel_tourism",
        "label": "Hotel / Tourism",
        "name": "海之星假日酒店",
        "area_m2": 0.0,
        "weight": 35.0,
        "osm_id": 4303566089
      }
    },
    {
      "type": "Feature",
      "geometry": {
        "type": "Point",
        "coordinates": [
          121.4680283,
          31.2542767
        ]
      },
      "properties": {
        "attraction_id": "A_02233",
        "kind": "tourism",
        "category": "leisure_park",
        "label": "Leisure / Park",
        "name": "丁林",
        "area_m2": 0.0,
        "weight": 45.0,
        "osm_id": 4305251790
      }
    },
    {
      "type": "Feature",
      "geometry": {
        "type": "Point",
        "coordinates": [
          121.4822643,
          31.2523947
        ]
      },
      "properties": {
        "attraction_id": "A_02234",
        "kind": "tourism",
        "category": "hotel_tourism",
        "label": "Hotel / Tourism",
        "name": "",
        "area_m2": 0.0,
        "weight": 35.0,
        "osm_id": 4305305590
      }
    },
    {
      "type": "Feature",
      "geometry": {
        "type": "Point",
        "coordinates": [
          121.4983087,
          31.253636
        ]
      },
      "properties": {
        "attraction_id": "A_02236",
        "kind": "tourism",
        "category": "hotel_tourism",
        "label": "Hotel / Tourism",
        "name": "Sunrise on the bund",
        "area_m2": 0.0,
        "weight": 35.0,
        "osm_id": 4311369895
      }
    },
    {
      "type": "Feature",
      "geometry": {
        "type": "Point",
        "coordinates": [
          121.4675441,
          31.2465742
        ]
      },
      "properties": {
        "attraction_id": "A_02240",
        "kind": "tourism",
        "category": "hotel_tourism",
        "label": "Hotel / Tourism",
        "name": "摩天轮",
        "area_m2": 0.0,
        "weight": 35.0,
        "osm_id": 4313843989
      }
    },
    {
      "type": "Feature",
      "geometry": {
        "type": "Point",
        "coordinates": [
          121.49804,
          31.253589
        ]
      },
      "properties": {
        "attraction_id": "A_02241",
        "kind": "tourism",
        "category": "hotel_tourism",
        "label": "Hotel / Tourism",
        "name": "Sunrise on the bund",
        "area_m2": 0.0,
        "weight": 35.0,
        "osm_id": 4315682089
      }
    },
    {
      "type": "Feature",
      "geometry": {
        "type": "Point",
        "coordinates": [
          121.5239652,
          31.2256957
        ]
      },
      "properties": {
        "attraction_id": "A_02247",
        "kind": "tourism",
        "category": "hotel_tourism",
        "label": "Hotel / Tourism",
        "name": "红塔酒店",
        "area_m2": 0.0,
        "weight": 35.0,
        "osm_id": 4326492789
      }
    },
    {
      "type": "Feature",
      "geometry": {
        "type": "Point",
        "coordinates": [
          121.5012643,
          31.2355843
        ]
      },
      "properties": {
        "attraction_id": "A_02256",
        "kind": "tourism",
        "category": "hotel_tourism",
        "label": "Hotel / Tourism",
        "name": "上海之巅观光厅",
        "area_m2": 0.0,
        "weight": 35.0,
        "osm_id": 4339617605
      }
    },
    {
      "type": "Feature",
      "geometry": {
        "type": "Point",
        "coordinates": [
          121.4875028,
          31.2362342
        ]
      },
      "properties": {
        "attraction_id": "A_02263",
        "kind": "tourism",
        "category": "hotel_tourism",
        "label": "Hotel / Tourism",
        "name": "",
        "area_m2": 0.0,
        "weight": 35.0,
        "osm_id": 4347408695
      }
    },
    {
      "type": "Feature",
      "geometry": {
        "type": "Point",
        "coordinates": [
          121.4686291,
          31.2384641
        ]
      },
      "properties": {
        "attraction_id": "A_02264",
        "kind": "tourism",
        "category": "hotel_tourism",
        "label": "Hotel / Tourism",
        "name": "雅居乐万豪酒店",
        "area_m2": 0.0,
        "weight": 35.0,
        "osm_id": 4347591889
      }
    },
    {
      "type": "Feature",
      "geometry": {
        "type": "Point",
        "coordinates": [
          121.4602444,
          31.2367976
        ]
      },
      "properties": {
        "attraction_id": "A_02302",
        "kind": "tourism",
        "category": "hotel_tourism",
        "label": "Hotel / Tourism",
        "name": "",
        "area_m2": 0.0,
        "weight": 35.0,
        "osm_id": 4352688146
      }
    },
    {
      "type": "Feature",
      "geometry": {
        "type": "Point",
        "coordinates": [
          121.4377922,
          31.1935105
        ]
      },
      "properties": {
        "attraction_id": "A_02316",
        "kind": "tourism",
        "category": "hotel_tourism",
        "label": "Hotel / Tourism",
        "name": "shama",
        "area_m2": 0.0,
        "weight": 35.0,
        "osm_id": 4361560792
      }
    },
    {
      "type": "Feature",
      "geometry": {
        "type": "Point",
        "coordinates": [
          121.4428421,
          31.2435084
        ]
      },
      "properties": {
        "attraction_id": "A_02372",
        "kind": "tourism",
        "category": "leisure_park",
        "label": "Leisure / Park",
        "name": "安垦",
        "area_m2": 0.0,
        "weight": 45.0,
        "osm_id": 4378914790
      }
    },
    {
      "type": "Feature",
      "geometry": {
        "type": "Point",
        "coordinates": [
          121.4278003,
          31.2401071
        ]
      },
      "properties": {
        "attraction_id": "A_02377",
        "kind": "tourism",
        "category": "hotel_tourism",
        "label": "Hotel / Tourism",
        "name": "飞讯艺术中心",
        "area_m2": 0.0,
        "weight": 35.0,
        "osm_id": 4380214489
      }
    },
    {
      "type": "Feature",
      "geometry": {
        "type": "Point",
        "coordinates": [
          121.4375643,
          31.1898222
        ]
      },
      "properties": {
        "attraction_id": "A_02386",
        "kind": "commercial",
        "category": "retail_service",
        "label": "Retail / Service",
        "name": "腾飞广场",
        "area_m2": 0.0,
        "weight": 20.0,
        "osm_id": 4382896193
      }
    },
    {
      "type": "Feature",
      "geometry": {
        "type": "Point",
        "coordinates": [
          121.4490392,
          31.1952283
        ]
      },
      "properties": {
        "attraction_id": "A_02406",
        "kind": "commercial",
        "category": "retail_service",
        "label": "Retail / Service",
        "name": "车享汽车生活广场",
        "area_m2": 0.0,
        "weight": 20.0,
        "osm_id": 4384642689
      }
    },
    {
      "type": "Feature",
      "geometry": {
        "type": "Point",
        "coordinates": [
          121.4369302,
          31.2281374
        ]
      },
      "properties": {
        "attraction_id": "A_02491",
        "kind": "tourism",
        "category": "hotel_tourism",
        "label": "Hotel / Tourism",
        "name": "",
        "area_m2": 0.0,
        "weight": 35.0,
        "osm_id": 4397375754
      }
    },
    {
      "type": "Feature",
      "geometry": {
        "type": "Point",
        "coordinates": [
          121.4566163,
          31.2079064
        ]
      },
      "properties": {
        "attraction_id": "A_02583",
        "kind": "tourism",
        "category": "hotel_tourism",
        "label": "Hotel / Tourism",
        "name": "",
        "area_m2": 0.0,
        "weight": 35.0,
        "osm_id": 4399021072
      }
    },
    {
      "type": "Feature",
      "geometry": {
        "type": "Point",
        "coordinates": [
          121.4057093,
          31.1426476
        ]
      },
      "properties": {
        "attraction_id": "A_02623",
        "kind": "tourism",
        "category": "hotel_tourism",
        "label": "Hotel / Tourism",
        "name": "",
        "area_m2": 0.0,
        "weight": 35.0,
        "osm_id": 4408717592
      }
    },
    {
      "type": "Feature",
      "geometry": {
        "type": "Point",
        "coordinates": [
          121.4300069,
          31.1939981
        ]
      },
      "properties": {
        "attraction_id": "A_02625",
        "kind": "tourism",
        "category": "hotel_tourism",
        "label": "Hotel / Tourism",
        "name": "万豪酒店",
        "area_m2": 0.0,
        "weight": 35.0,
        "osm_id": 4409294897
      }
    },
    {
      "type": "Feature",
      "geometry": {
        "type": "Point",
        "coordinates": [
          121.4564152,
          31.2196672
        ]
      },
      "properties": {
        "attraction_id": "A_02705",
        "kind": "tourism",
        "category": "hotel_tourism",
        "label": "Hotel / Tourism",
        "name": "",
        "area_m2": 0.0,
        "weight": 35.0,
        "osm_id": 4426125053
      }
    },
    {
      "type": "Feature",
      "geometry": {
        "type": "Point",
        "coordinates": [
          121.5172929,
          31.230665
        ]
      },
      "properties": {
        "attraction_id": "A_02711",
        "kind": "tourism",
        "category": "hotel_tourism",
        "label": "Hotel / Tourism",
        "name": "上海长航美林阁大酒店",
        "area_m2": 0.0,
        "weight": 35.0,
        "osm_id": 4426893796
      }
    },
    {
      "type": "Feature",
      "geometry": {
        "type": "Point",
        "coordinates": [
          121.4682999,
          31.2260132
        ]
      },
      "properties": {
        "attraction_id": "A_02723",
        "kind": "tourism",
        "category": "hotel_tourism",
        "label": "Hotel / Tourism",
        "name": "Luishanghai",
        "area_m2": 0.0,
        "weight": 35.0,
        "osm_id": 4437512491
      }
    },
    {
      "type": "Feature",
      "geometry": {
        "type": "Point",
        "coordinates": [
          121.4807548,
          31.2464066
        ]
      },
      "properties": {
        "attraction_id": "A_02743",
        "kind": "tourism",
        "category": "hotel_tourism",
        "label": "Hotel / Tourism",
        "name": "上海邮政博物馆",
        "area_m2": 0.0,
        "weight": 35.0,
        "osm_id": 4443278690
      }
    },
    {
      "type": "Feature",
      "geometry": {
        "type": "Point",
        "coordinates": [
          121.4514881,
          31.2194757
        ]
      },
      "properties": {
        "attraction_id": "A_02765",
        "kind": "tourism",
        "category": "hotel_tourism",
        "label": "Hotel / Tourism",
        "name": "",
        "area_m2": 0.0,
        "weight": 35.0,
        "osm_id": 4449442863
      }
    },
    {
      "type": "Feature",
      "geometry": {
        "type": "Point",
        "coordinates": [
          121.4515384,
          31.2194883
        ]
      },
      "properties": {
        "attraction_id": "A_02766",
        "kind": "tourism",
        "category": "hotel_tourism",
        "label": "Hotel / Tourism",
        "name": "",
        "area_m2": 0.0,
        "weight": 35.0,
        "osm_id": 4449442864
      }
    },
    {
      "type": "Feature",
      "geometry": {
        "type": "Point",
        "coordinates": [
          121.4515331,
          31.2194476
        ]
      },
      "properties": {
        "attraction_id": "A_02767",
        "kind": "tourism",
        "category": "hotel_tourism",
        "label": "Hotel / Tourism",
        "name": "",
        "area_m2": 0.0,
        "weight": 35.0,
        "osm_id": 4449442865
      }
    },
    {
      "type": "Feature",
      "geometry": {
        "type": "Point",
        "coordinates": [
          121.4466555,
          31.2299389
        ]
      },
      "properties": {
        "attraction_id": "A_02786",
        "kind": "tourism",
        "category": "hotel_tourism",
        "label": "Hotel / Tourism",
        "name": "",
        "area_m2": 0.0,
        "weight": 35.0,
        "osm_id": 4450432230
      }
    },
    {
      "type": "Feature",
      "geometry": {
        "type": "Point",
        "coordinates": [
          121.486028,
          31.2415209
        ]
      },
      "properties": {
        "attraction_id": "A_02798",
        "kind": "tourism",
        "category": "hotel_tourism",
        "label": "Hotel / Tourism",
        "name": "上海旅游咨询服务中心",
        "area_m2": 0.0,
        "weight": 35.0,
        "osm_id": 4451279453
      }
    },
    {
      "type": "Feature",
      "geometry": {
        "type": "Point",
        "coordinates": [
          121.4388457,
          31.2227359
        ]
      },
      "properties": {
        "attraction_id": "A_02806",
        "kind": "tourism",
        "category": "hotel_tourism",
        "label": "Hotel / Tourism",
        "name": "",
        "area_m2": 0.0,
        "weight": 35.0,
        "osm_id": 4452155174
      }
    },
    {
      "type": "Feature",
      "geometry": {
        "type": "Point",
        "coordinates": [
          121.4394439,
          31.2226602
        ]
      },
      "properties": {
        "attraction_id": "A_02807",
        "kind": "tourism",
        "category": "hotel_tourism",
        "label": "Hotel / Tourism",
        "name": "",
        "area_m2": 0.0,
        "weight": 35.0,
        "osm_id": 4452155175
      }
    },
    {
      "type": "Feature",
      "geometry": {
        "type": "Point",
        "coordinates": [
          121.4863003,
          31.2374823
        ]
      },
      "properties": {
        "attraction_id": "A_02814",
        "kind": "tourism",
        "category": "hotel_tourism",
        "label": "Hotel / Tourism",
        "name": "外滩牛",
        "area_m2": 0.0,
        "weight": 35.0,
        "osm_id": 4453411051
      }
    },
    {
      "type": "Feature",
      "geometry": {
        "type": "Point",
        "coordinates": [
          121.4373883,
          31.2299771
        ]
      },
      "properties": {
        "attraction_id": "A_02869",
        "kind": "tourism",
        "category": "hotel_tourism",
        "label": "Hotel / Tourism",
        "name": "",
        "area_m2": 0.0,
        "weight": 35.0,
        "osm_id": 4461640029
      }
    },
    {
      "type": "Feature",
      "geometry": {
        "type": "Point",
        "coordinates": [
          121.4960369,
          31.23962
        ]
      },
      "properties": {
        "attraction_id": "A_02881",
        "kind": "tourism",
        "category": "hotel_tourism",
        "label": "Hotel / Tourism",
        "name": "陆家嘴环形天桥",
        "area_m2": 0.0,
        "weight": 35.0,
        "osm_id": 4463371991
      }
    },
    {
      "type": "Feature",
      "geometry": {
        "type": "Point",
        "coordinates": [
          121.4309493,
          31.1543068
        ]
      },
      "properties": {
        "attraction_id": "A_02906",
        "kind": "tourism",
        "category": "hotel_tourism",
        "label": "Hotel / Tourism",
        "name": "星月假日酒店",
        "area_m2": 0.0,
        "weight": 35.0,
        "osm_id": 4469610090
      }
    },
    {
      "type": "Feature",
      "geometry": {
        "type": "Point",
        "coordinates": [
          121.4293519,
          31.2173452
        ]
      },
      "properties": {
        "attraction_id": "A_02907",
        "kind": "tourism",
        "category": "hotel_tourism",
        "label": "Hotel / Tourism",
        "name": "上海宣传画艺术中心",
        "area_m2": 0.0,
        "weight": 35.0,
        "osm_id": 4470004596
      }
    },
    {
      "type": "Feature",
      "geometry": {
        "type": "Point",
        "coordinates": [
          121.4374341,
          31.2143935
        ]
      },
      "properties": {
        "attraction_id": "A_02908",
        "kind": "tourism",
        "category": "hotel_tourism",
        "label": "Hotel / Tourism",
        "name": "张乐平",
        "area_m2": 0.0,
        "weight": 35.0,
        "osm_id": 4470004600
      }
    },
    {
      "type": "Feature",
      "geometry": {
        "type": "Point",
        "coordinates": [
          121.4660078,
          31.2048841
        ]
      },
      "properties": {
        "attraction_id": "A_02930",
        "kind": "tourism",
        "category": "hotel_tourism",
        "label": "Hotel / Tourism",
        "name": "吉泰精品酒店",
        "area_m2": 0.0,
        "weight": 35.0,
        "osm_id": 4475957622
      }
    },
    {
      "type": "Feature",
      "geometry": {
        "type": "Point",
        "coordinates": [
          121.4368624,
          31.2082412
        ]
      },
      "properties": {
        "attraction_id": "A_03075",
        "kind": "tourism",
        "category": "leisure_park",
        "label": "Leisure / Park",
        "name": "馥蘭莊",
        "area_m2": 0.0,
        "weight": 45.0,
        "osm_id": 4498112589
      }
    },
    {
      "type": "Feature",
      "geometry": {
        "type": "Point",
        "coordinates": [
          121.4953624,
          31.2415862
        ]
      },
      "properties": {
        "attraction_id": "A_03078",
        "kind": "tourism",
        "category": "hotel_tourism",
        "label": "Hotel / Tourism",
        "name": "上海城市历史发展陈列馆",
        "area_m2": 0.0,
        "weight": 35.0,
        "osm_id": 4498281092
      }
    },
    {
      "type": "Feature",
      "geometry": {
        "type": "Point",
        "coordinates": [
          121.460676,
          31.2213844
        ]
      },
      "properties": {
        "attraction_id": "A_03144",
        "kind": "tourism",
        "category": "hotel_tourism",
        "label": "Hotel / Tourism",
        "name": "Xin Xin Game Centre",
        "area_m2": 0.0,
        "weight": 35.0,
        "osm_id": 4531484792
      }
    },
    {
      "type": "Feature",
      "geometry": {
        "type": "Point",
        "coordinates": [
          121.4062209,
          31.2060168
        ]
      },
      "properties": {
        "attraction_id": "A_03147",
        "kind": "tourism",
        "category": "hotel_tourism",
        "label": "Hotel / Tourism",
        "name": "虹橋賓館",
        "area_m2": 0.0,
        "weight": 35.0,
        "osm_id": 4532474843
      }
    },
    {
      "type": "Feature",
      "geometry": {
        "type": "Point",
        "coordinates": [
          121.4073355,
          31.2040602
        ]
      },
      "properties": {
        "attraction_id": "A_03148",
        "kind": "tourism",
        "category": "hotel_tourism",
        "label": "Hotel / Tourism",
        "name": "全季酒店",
        "area_m2": 0.0,
        "weight": 35.0,
        "osm_id": 4532474844
      }
    },
    {
      "type": "Feature",
      "geometry": {
        "type": "Point",
        "coordinates": [
          121.4877804,
          31.2043061
        ]
      },
      "properties": {
        "attraction_id": "A_03149",
        "kind": "tourism",
        "category": "hotel_tourism",
        "label": "Hotel / Tourism",
        "name": "格林豪泰酒店",
        "area_m2": 0.0,
        "weight": 35.0,
        "osm_id": 4532474847
      }
    },
    {
      "type": "Feature",
      "geometry": {
        "type": "Point",
        "coordinates": [
          121.5073958,
          31.2536861
        ]
      },
      "properties": {
        "attraction_id": "A_03150",
        "kind": "tourism",
        "category": "hotel_tourism",
        "label": "Hotel / Tourism",
        "name": "北外滩东信酒店",
        "area_m2": 0.0,
        "weight": 35.0,
        "osm_id": 4532474849
      }
    },
    {
      "type": "Feature",
      "geometry": {
        "type": "Point",
        "coordinates": [
          121.4438453,
          31.185221
        ]
      },
      "properties": {
        "attraction_id": "A_03168",
        "kind": "commercial",
        "category": "retail_service",
        "label": "Retail / Service",
        "name": "全国土特产食品购物中心",
        "area_m2": 0.0,
        "weight": 20.0,
        "osm_id": 4538941290
      }
    },
    {
      "type": "Feature",
      "geometry": {
        "type": "Point",
        "coordinates": [
          121.4005128,
          31.2440647
        ]
      },
      "properties": {
        "attraction_id": "A_03180",
        "kind": "tourism",
        "category": "hotel_tourism",
        "label": "Hotel / Tourism",
        "name": "普陀区体检站",
        "area_m2": 0.0,
        "weight": 35.0,
        "osm_id": 4540845400
      }
    },
    {
      "type": "Feature",
      "geometry": {
        "type": "Point",
        "coordinates": [
          121.4771258,
          31.2396849
        ]
      },
      "properties": {
        "attraction_id": "A_03191",
        "kind": "tourism",
        "category": "hotel_tourism",
        "label": "Hotel / Tourism",
        "name": "",
        "area_m2": 0.0,
        "weight": 35.0,
        "osm_id": 4547250489
      }
    },
    {
      "type": "Feature",
      "geometry": {
        "type": "Point",
        "coordinates": [
          121.505285,
          31.1828183
        ]
      },
      "properties": {
        "attraction_id": "A_03241",
        "kind": "tourism",
        "category": "hotel_tourism",
        "label": "Hotel / Tourism",
        "name": "放歌",
        "area_m2": 0.0,
        "weight": 35.0,
        "osm_id": 4569330975
      }
    },
    {
      "type": "Feature",
      "geometry": {
        "type": "Point",
        "coordinates": [
          121.5102703,
          31.1846212
        ]
      },
      "properties": {
        "attraction_id": "A_03242",
        "kind": "tourism",
        "category": "hotel_tourism",
        "label": "Hotel / Tourism",
        "name": "Globe",
        "area_m2": 0.0,
        "weight": 35.0,
        "osm_id": 4569330976
      }
    },
    {
      "type": "Feature",
      "geometry": {
        "type": "Point",
        "coordinates": [
          121.4685308,
          31.2187226
        ]
      },
      "properties": {
        "attraction_id": "A_03327",
        "kind": "tourism",
        "category": "hotel_tourism",
        "label": "Hotel / Tourism",
        "name": "",
        "area_m2": 0.0,
        "weight": 35.0,
        "osm_id": 4572495290
      }
    },
    {
      "type": "Feature",
      "geometry": {
        "type": "Point",
        "coordinates": [
          121.4710198,
          31.2337024
        ]
      },
      "properties": {
        "attraction_id": "A_03328",
        "kind": "tourism",
        "category": "hotel_tourism",
        "label": "Hotel / Tourism",
        "name": "1930风情街",
        "area_m2": 0.0,
        "weight": 35.0,
        "osm_id": 4572502491
      }
    },
    {
      "type": "Feature",
      "geometry": {
        "type": "Point",
        "coordinates": [
          121.4913663,
          31.2392633
        ]
      },
      "properties": {
        "attraction_id": "A_03338",
        "kind": "tourism",
        "category": "hotel_tourism",
        "label": "Hotel / Tourism",
        "name": "",
        "area_m2": 0.0,
        "weight": 35.0,
        "osm_id": 4574466889
      }
    },
    {
      "type": "Feature",
      "geometry": {
        "type": "Point",
        "coordinates": [
          121.4154518,
          31.2140614
        ]
      },
      "properties": {
        "attraction_id": "A_03383",
        "kind": "tourism",
        "category": "hotel_tourism",
        "label": "Hotel / Tourism",
        "name": "",
        "area_m2": 0.0,
        "weight": 35.0,
        "osm_id": 4610242108
      }
    },
    {
      "type": "Feature",
      "geometry": {
        "type": "Point",
        "coordinates": [
          121.4778344,
          31.2424481
        ]
      },
      "properties": {
        "attraction_id": "A_03392",
        "kind": "tourism",
        "category": "hotel_tourism",
        "label": "Hotel / Tourism",
        "name": "上海新協通國際大酒店",
        "area_m2": 0.0,
        "weight": 35.0,
        "osm_id": 4623571655
      }
    },
    {
      "type": "Feature",
      "geometry": {
        "type": "Point",
        "coordinates": [
          121.4294103,
          31.216309
        ]
      },
      "properties": {
        "attraction_id": "A_03401",
        "kind": "tourism",
        "category": "hotel_tourism",
        "label": "Hotel / Tourism",
        "name": "陆汉斌打字机博物馆",
        "area_m2": 0.0,
        "weight": 35.0,
        "osm_id": 4628253490
      }
    },
    {
      "type": "Feature",
      "geometry": {
        "type": "Point",
        "coordinates": [
          121.4308995,
          31.2182494
        ]
      },
      "properties": {
        "attraction_id": "A_03408",
        "kind": "tourism",
        "category": "hotel_tourism",
        "label": "Hotel / Tourism",
        "name": "登巴国际客栈",
        "area_m2": 0.0,
        "weight": 35.0,
        "osm_id": 4639175289
      }
    },
    {
      "type": "Feature",
      "geometry": {
        "type": "Point",
        "coordinates": [
          121.4685158,
          31.2300155
        ]
      },
      "properties": {
        "attraction_id": "A_03416",
        "kind": "tourism",
        "category": "leisure_park",
        "label": "Leisure / Park",
        "name": "风云再起（上海店）",
        "area_m2": 0.0,
        "weight": 45.0,
        "osm_id": 4650837394
      }
    },
    {
      "type": "Feature",
      "geometry": {
        "type": "Point",
        "coordinates": [
          121.4972302,
          31.1406507
        ]
      },
      "properties": {
        "attraction_id": "A_03421",
        "kind": "tourism",
        "category": "hotel_tourism",
        "label": "Hotel / Tourism",
        "name": "如家酒店",
        "area_m2": 0.0,
        "weight": 35.0,
        "osm_id": 4670275791
      }
    },
    {
      "type": "Feature",
      "geometry": {
        "type": "Point",
        "coordinates": [
          121.4204546,
          31.1709878
        ]
      },
      "properties": {
        "attraction_id": "A_03432",
        "kind": "tourism",
        "category": "hotel_tourism",
        "label": "Hotel / Tourism",
        "name": "Green Tree Inn",
        "area_m2": 0.0,
        "weight": 35.0,
        "osm_id": 4674807301
      }
    },
    {
      "type": "Feature",
      "geometry": {
        "type": "Point",
        "coordinates": [
          121.4689971,
          31.2365391
        ]
      },
      "properties": {
        "attraction_id": "A_03433",
        "kind": "tourism",
        "category": "hotel_tourism",
        "label": "Hotel / Tourism",
        "name": "上海杜莎夫人蜡像馆",
        "area_m2": 0.0,
        "weight": 35.0,
        "osm_id": 4674819096
      }
    },
    {
      "type": "Feature",
      "geometry": {
        "type": "Point",
        "coordinates": [
          121.4203947,
          31.1713403
        ]
      },
      "properties": {
        "attraction_id": "A_03439",
        "kind": "tourism",
        "category": "hotel_tourism",
        "label": "Hotel / Tourism",
        "name": "",
        "area_m2": 0.0,
        "weight": 35.0,
        "osm_id": 4674828197
      }
    },
    {
      "type": "Feature",
      "geometry": {
        "type": "Point",
        "coordinates": [
          121.4889934,
          31.234014
        ]
      },
      "properties": {
        "attraction_id": "A_03453",
        "kind": "tourism",
        "category": "hotel_tourism",
        "label": "Hotel / Tourism",
        "name": "黄埔江观光区",
        "area_m2": 0.0,
        "weight": 35.0,
        "osm_id": 4684942295
      }
    },
    {
      "type": "Feature",
      "geometry": {
        "type": "Point",
        "coordinates": [
          121.4202413,
          31.2018075
        ]
      },
      "properties": {
        "attraction_id": "A_03458",
        "kind": "tourism",
        "category": "hotel_tourism",
        "label": "Hotel / Tourism",
        "name": "",
        "area_m2": 0.0,
        "weight": 35.0,
        "osm_id": 4685443915
      }
    },
    {
      "type": "Feature",
      "geometry": {
        "type": "Point",
        "coordinates": [
          121.4197371,
          31.2020782
        ]
      },
      "properties": {
        "attraction_id": "A_03459",
        "kind": "tourism",
        "category": "hotel_tourism",
        "label": "Hotel / Tourism",
        "name": "",
        "area_m2": 0.0,
        "weight": 35.0,
        "osm_id": 4685443916
      }
    },
    {
      "type": "Feature",
      "geometry": {
        "type": "Point",
        "coordinates": [
          121.4200804,
          31.2014557
        ]
      },
      "properties": {
        "attraction_id": "A_03460",
        "kind": "tourism",
        "category": "hotel_tourism",
        "label": "Hotel / Tourism",
        "name": "",
        "area_m2": 0.0,
        "weight": 35.0,
        "osm_id": 4685443918
      }
    },
    {
      "type": "Feature",
      "geometry": {
        "type": "Point",
        "coordinates": [
          121.4391464,
          31.2035588
        ]
      },
      "properties": {
        "attraction_id": "A_03485",
        "kind": "tourism",
        "category": "hotel_tourism",
        "label": "Hotel / Tourism",
        "name": "",
        "area_m2": 0.0,
        "weight": 35.0,
        "osm_id": 4705299897
      }
    },
    {
      "type": "Feature",
      "geometry": {
        "type": "Point",
        "coordinates": [
          121.458874,
          31.2557551
        ]
      },
      "properties": {
        "attraction_id": "A_03496",
        "kind": "tourism",
        "category": "hotel_tourism",
        "label": "Hotel / Tourism",
        "name": "海友酒店",
        "area_m2": 0.0,
        "weight": 35.0,
        "osm_id": 4707826891
      }
    },
    {
      "type": "Feature",
      "geometry": {
        "type": "Point",
        "coordinates": [
          121.4864009,
          31.2461362
        ]
      },
      "properties": {
        "attraction_id": "A_03498",
        "kind": "tourism",
        "category": "hotel_tourism",
        "label": "Hotel / Tourism",
        "name": "中国证券博物馆",
        "area_m2": 0.0,
        "weight": 35.0,
        "osm_id": 4710090879
      }
    },
    {
      "type": "Feature",
      "geometry": {
        "type": "Point",
        "coordinates": [
          121.4990505,
          31.2091321
        ]
      },
      "properties": {
        "attraction_id": "A_03501",
        "kind": "tourism",
        "category": "leisure_park",
        "label": "Leisure / Park",
        "name": "黄浦区工人体育馆",
        "area_m2": 0.0,
        "weight": 45.0,
        "osm_id": 4714164489
      }
    },
    {
      "type": "Feature",
      "geometry": {
        "type": "Point",
        "coordinates": [
          121.4610512,
          31.2546369
        ]
      },
      "properties": {
        "attraction_id": "A_03560",
        "kind": "tourism",
        "category": "hotel_tourism",
        "label": "Hotel / Tourism",
        "name": "",
        "area_m2": 0.0,
        "weight": 35.0,
        "osm_id": 4738031424
      }
    },
    {
      "type": "Feature",
      "geometry": {
        "type": "Point",
        "coordinates": [
          121.4516578,
          31.2323197
        ]
      },
      "properties": {
        "attraction_id": "A_03567",
        "kind": "tourism",
        "category": "hotel_tourism",
        "label": "Hotel / Tourism",
        "name": "麦金侬",
        "area_m2": 0.0,
        "weight": 35.0,
        "osm_id": 4743298321
      }
    },
    {
      "type": "Feature",
      "geometry": {
        "type": "Point",
        "coordinates": [
          121.4373453,
          31.2317245
        ]
      },
      "properties": {
        "attraction_id": "A_03574",
        "kind": "tourism",
        "category": "hotel_tourism",
        "label": "Hotel / Tourism",
        "name": "汉庭酒店",
        "area_m2": 0.0,
        "weight": 35.0,
        "osm_id": 4753835199
      }
    },
    {
      "type": "Feature",
      "geometry": {
        "type": "Point",
        "coordinates": [
          121.4244623,
          31.2083227
        ]
      },
      "properties": {
        "attraction_id": "A_03591",
        "kind": "tourism",
        "category": "hotel_tourism",
        "label": "Hotel / Tourism",
        "name": "",
        "area_m2": 0.0,
        "weight": 35.0,
        "osm_id": 4782155021
      }
    },
    {
      "type": "Feature",
      "geometry": {
        "type": "Point",
        "coordinates": [
          121.4638157,
          31.2219814
        ]
      },
      "properties": {
        "attraction_id": "A_03637",
        "kind": "tourism",
        "category": "hotel_tourism",
        "label": "Hotel / Tourism",
        "name": "中国社会主义青年团中央机关旧址",
        "area_m2": 0.0,
        "weight": 35.0,
        "osm_id": 4823869418
      }
    },
    {
      "type": "Feature",
      "geometry": {
        "type": "Point",
        "coordinates": [
          121.4934426,
          31.2178928
        ]
      },
      "properties": {
        "attraction_id": "A_03644",
        "kind": "tourism",
        "category": "hotel_tourism",
        "label": "Hotel / Tourism",
        "name": "小南门警钟楼",
        "area_m2": 0.0,
        "weight": 35.0,
        "osm_id": 4827188839
      }
    },
    {
      "type": "Feature",
      "geometry": {
        "type": "Point",
        "coordinates": [
          121.4420452,
          31.2434951
        ]
      },
      "properties": {
        "attraction_id": "A_03645",
        "kind": "tourism",
        "category": "hotel_tourism",
        "label": "Hotel / Tourism",
        "name": "7天快捷酒店",
        "area_m2": 0.0,
        "weight": 35.0,
        "osm_id": 4830495281
      }
    },
    {
      "type": "Feature",
      "geometry": {
        "type": "Point",
        "coordinates": [
          121.5137496,
          31.2298696
        ]
      },
      "properties": {
        "attraction_id": "A_03648",
        "kind": "tourism",
        "category": "hotel_tourism",
        "label": "Hotel / Tourism",
        "name": "",
        "area_m2": 0.0,
        "weight": 35.0,
        "osm_id": 4839699023
      }
    },
    {
      "type": "Feature",
      "geometry": {
        "type": "Point",
        "coordinates": [
          121.4084825,
          31.1959532
        ]
      },
      "properties": {
        "attraction_id": "A_03676",
        "kind": "tourism",
        "category": "hotel_tourism",
        "label": "Hotel / Tourism",
        "name": "上海儿童博物馆",
        "area_m2": 0.0,
        "weight": 35.0,
        "osm_id": 4880999164
      }
    },
    {
      "type": "Feature",
      "geometry": {
        "type": "Point",
        "coordinates": [
          121.4638408,
          31.2292363
        ]
      },
      "properties": {
        "attraction_id": "A_03734",
        "kind": "tourism",
        "category": "hotel_tourism",
        "label": "Hotel / Tourism",
        "name": "",
        "area_m2": 0.0,
        "weight": 35.0,
        "osm_id": 4892943722
      }
    },
    {
      "type": "Feature",
      "geometry": {
        "type": "Point",
        "coordinates": [
          121.4469249,
          31.24771
        ]
      },
      "properties": {
        "attraction_id": "A_03739",
        "kind": "tourism",
        "category": "hotel_tourism",
        "label": "Hotel / Tourism",
        "name": "久升概念酒店",
        "area_m2": 0.0,
        "weight": 35.0,
        "osm_id": 4895437961
      }
    },
    {
      "type": "Feature",
      "geometry": {
        "type": "Point",
        "coordinates": [
          121.4325097,
          31.1992442
        ]
      },
      "properties": {
        "attraction_id": "A_03763",
        "kind": "commercial",
        "category": "retail_service",
        "label": "Retail / Service",
        "name": "百联徐汇商业广场",
        "area_m2": 0.0,
        "weight": 20.0,
        "osm_id": 4919060521
      }
    },
    {
      "type": "Feature",
      "geometry": {
        "type": "Point",
        "coordinates": [
          121.536326,
          31.2097267
        ]
      },
      "properties": {
        "attraction_id": "A_03772",
        "kind": "tourism",
        "category": "hotel_tourism",
        "label": "Hotel / Tourism",
        "name": "",
        "area_m2": 0.0,
        "weight": 35.0,
        "osm_id": 4922400921
      }
    },
    {
      "type": "Feature",
      "geometry": {
        "type": "Point",
        "coordinates": [
          121.459505,
          31.2502909
        ]
      },
      "properties": {
        "attraction_id": "A_03798",
        "kind": "tourism",
        "category": "hotel_tourism",
        "label": "Hotel / Tourism",
        "name": "",
        "area_m2": 0.0,
        "weight": 35.0,
        "osm_id": 4940208522
      }
    },
    {
      "type": "Feature",
      "geometry": {
        "type": "Point",
        "coordinates": [
          121.4595454,
          31.2502757
        ]
      },
      "properties": {
        "attraction_id": "A_03799",
        "kind": "tourism",
        "category": "hotel_tourism",
        "label": "Hotel / Tourism",
        "name": "沪上居国际青年旅舍",
        "area_m2": 0.0,
        "weight": 35.0,
        "osm_id": 4940215421
      }
    },
    {
      "type": "Feature",
      "geometry": {
        "type": "Point",
        "coordinates": [
          121.4645764,
          31.2103502
        ]
      },
      "properties": {
        "attraction_id": "A_03816",
        "kind": "tourism",
        "category": "hotel_tourism",
        "label": "Hotel / Tourism",
        "name": "畫家樓",
        "area_m2": 0.0,
        "weight": 35.0,
        "osm_id": 4990012930
      }
    },
    {
      "type": "Feature",
      "geometry": {
        "type": "Point",
        "coordinates": [
          121.5006508,
          31.1962427
        ]
      },
      "properties": {
        "attraction_id": "A_03846",
        "kind": "tourism",
        "category": "hotel_tourism",
        "label": "Hotel / Tourism",
        "name": "P停车场",
        "area_m2": 0.0,
        "weight": 35.0,
        "osm_id": 5003922336
      }
    },
    {
      "type": "Feature",
      "geometry": {
        "type": "Point",
        "coordinates": [
          121.4173677,
          31.2426483
        ]
      },
      "properties": {
        "attraction_id": "A_03850",
        "kind": "tourism",
        "category": "hotel_tourism",
        "label": "Hotel / Tourism",
        "name": "",
        "area_m2": 0.0,
        "weight": 35.0,
        "osm_id": 5006114874
      }
    },
    {
      "type": "Feature",
      "geometry": {
        "type": "Point",
        "coordinates": [
          121.4780609,
          31.2415731
        ]
      },
      "properties": {
        "attraction_id": "A_03958",
        "kind": "tourism",
        "category": "hotel_tourism",
        "label": "Hotel / Tourism",
        "name": "",
        "area_m2": 0.0,
        "weight": 35.0,
        "osm_id": 5034191221
      }
    },
    {
      "type": "Feature",
      "geometry": {
        "type": "Point",
        "coordinates": [
          121.4778906,
          31.2114276
        ]
      },
      "properties": {
        "attraction_id": "A_03977",
        "kind": "tourism",
        "category": "hotel_tourism",
        "label": "Hotel / Tourism",
        "name": "肇周路丽园路",
        "area_m2": 0.0,
        "weight": 35.0,
        "osm_id": 5042024841
      }
    },
    {
      "type": "Feature",
      "geometry": {
        "type": "Point",
        "coordinates": [
          121.4657252,
          31.2123092
        ]
      },
      "properties": {
        "attraction_id": "A_03981",
        "kind": "tourism",
        "category": "hotel_tourism",
        "label": "Hotel / Tourism",
        "name": "上海市文史研究馆",
        "area_m2": 0.0,
        "weight": 35.0,
        "osm_id": 5042033123
      }
    },
    {
      "type": "Feature",
      "geometry": {
        "type": "Point",
        "coordinates": [
          121.4632561,
          31.2174831
        ]
      },
      "properties": {
        "attraction_id": "A_03982",
        "kind": "tourism",
        "category": "hotel_tourism",
        "label": "Hotel / Tourism",
        "name": "上海市文史研究馆",
        "area_m2": 0.0,
        "weight": 35.0,
        "osm_id": 5042033124
      }
    },
    {
      "type": "Feature",
      "geometry": {
        "type": "Point",
        "coordinates": [
          121.4779686,
          31.2112569
        ]
      },
      "properties": {
        "attraction_id": "A_03984",
        "kind": "tourism",
        "category": "hotel_tourism",
        "label": "Hotel / Tourism",
        "name": "金湾大酒店",
        "area_m2": 0.0,
        "weight": 35.0,
        "osm_id": 5042033127
      }
    },
    {
      "type": "Feature",
      "geometry": {
        "type": "Point",
        "coordinates": [
          121.4657992,
          31.2098223
        ]
      },
      "properties": {
        "attraction_id": "A_03996",
        "kind": "tourism",
        "category": "hotel_tourism",
        "label": "Hotel / Tourism",
        "name": "上海琉璃艺术博物馆",
        "area_m2": 0.0,
        "weight": 35.0,
        "osm_id": 5053277922
      }
    },
    {
      "type": "Feature",
      "geometry": {
        "type": "Point",
        "coordinates": [
          121.4869478,
          31.2438393
        ]
      },
      "properties": {
        "attraction_id": "A_04006",
        "kind": "tourism",
        "category": "hotel_tourism",
        "label": "Hotel / Tourism",
        "name": "",
        "area_m2": 0.0,
        "weight": 35.0,
        "osm_id": 5068037642
      }
    },
    {
      "type": "Feature",
      "geometry": {
        "type": "Point",
        "coordinates": [
          121.4927038,
          31.2503093
        ]
      },
      "properties": {
        "attraction_id": "A_04007",
        "kind": "tourism",
        "category": "hotel_tourism",
        "label": "Hotel / Tourism",
        "name": "",
        "area_m2": 0.0,
        "weight": 35.0,
        "osm_id": 5070807581
      }
    },
    {
      "type": "Feature",
      "geometry": {
        "type": "Point",
        "coordinates": [
          121.4936994,
          31.2288669
        ]
      },
      "properties": {
        "attraction_id": "A_04008",
        "kind": "tourism",
        "category": "hotel_tourism",
        "label": "Hotel / Tourism",
        "name": "空中数字花园",
        "area_m2": 0.0,
        "weight": 35.0,
        "osm_id": 5070865558
      }
    },
    {
      "type": "Feature",
      "geometry": {
        "type": "Point",
        "coordinates": [
          121.4199789,
          31.1458597
        ]
      },
      "properties": {
        "attraction_id": "A_04021",
        "kind": "tourism",
        "category": "hotel_tourism",
        "label": "Hotel / Tourism",
        "name": "Statue of Chairman Mao",
        "area_m2": 0.0,
        "weight": 35.0,
        "osm_id": 5081353302
      }
    },
    {
      "type": "Feature",
      "geometry": {
        "type": "Point",
        "coordinates": [
          121.4653124,
          31.2274679
        ]
      },
      "properties": {
        "attraction_id": "A_04033",
        "kind": "tourism",
        "category": "hotel_tourism",
        "label": "Hotel / Tourism",
        "name": "",
        "area_m2": 0.0,
        "weight": 35.0,
        "osm_id": 5111062358
      }
    },
    {
      "type": "Feature",
      "geometry": {
        "type": "Point",
        "coordinates": [
          121.4385293,
          31.2025279
        ]
      },
      "properties": {
        "attraction_id": "A_04041",
        "kind": "tourism",
        "category": "hotel_tourism",
        "label": "Hotel / Tourism",
        "name": "",
        "area_m2": 0.0,
        "weight": 35.0,
        "osm_id": 5136774622
      }
    },
    {
      "type": "Feature",
      "geometry": {
        "type": "Point",
        "coordinates": [
          121.4530344,
          31.2070064
        ]
      },
      "properties": {
        "attraction_id": "A_04044",
        "kind": "tourism",
        "category": "hotel_tourism",
        "label": "Hotel / Tourism",
        "name": "Ann Tao Airbnb",
        "area_m2": 0.0,
        "weight": 35.0,
        "osm_id": 5141943221
      }
    },
    {
      "type": "Feature",
      "geometry": {
        "type": "Point",
        "coordinates": [
          121.4867694,
          31.2442111
        ]
      },
      "properties": {
        "attraction_id": "A_04051",
        "kind": "tourism",
        "category": "hotel_tourism",
        "label": "Hotel / Tourism",
        "name": "外滩历史纪念馆",
        "area_m2": 0.0,
        "weight": 35.0,
        "osm_id": 5156435622
      }
    },
    {
      "type": "Feature",
      "geometry": {
        "type": "Point",
        "coordinates": [
          121.4435808,
          31.2130625
        ]
      },
      "properties": {
        "attraction_id": "A_04055",
        "kind": "tourism",
        "category": "hotel_tourism",
        "label": "Hotel / Tourism",
        "name": "",
        "area_m2": 0.0,
        "weight": 35.0,
        "osm_id": 5164649223
      }
    },
    {
      "type": "Feature",
      "geometry": {
        "type": "Point",
        "coordinates": [
          121.4872657,
          31.2555859
        ]
      },
      "properties": {
        "attraction_id": "A_04063",
        "kind": "tourism",
        "category": "hotel_tourism",
        "label": "Hotel / Tourism",
        "name": "",
        "area_m2": 0.0,
        "weight": 35.0,
        "osm_id": 5183957521
      }
    },
    {
      "type": "Feature",
      "geometry": {
        "type": "Point",
        "coordinates": [
          121.4817993,
          31.2444133
        ]
      },
      "properties": {
        "attraction_id": "A_04078",
        "kind": "tourism",
        "category": "hotel_tourism",
        "label": "Hotel / Tourism",
        "name": "锦江之星上海外滩滨江酒店",
        "area_m2": 0.0,
        "weight": 35.0,
        "osm_id": 5221144321
      }
    },
    {
      "type": "Feature",
      "geometry": {
        "type": "Point",
        "coordinates": [
          121.4032262,
          31.2392513
        ]
      },
      "properties": {
        "attraction_id": "A_04082",
        "kind": "tourism",
        "category": "hotel_tourism",
        "label": "Hotel / Tourism",
        "name": "",
        "area_m2": 0.0,
        "weight": 35.0,
        "osm_id": 5224721422
      }
    },
    {
      "type": "Feature",
      "geometry": {
        "type": "Point",
        "coordinates": [
          121.4448556,
          31.1761414
        ]
      },
      "properties": {
        "attraction_id": "A_04085",
        "kind": "tourism",
        "category": "hotel_tourism",
        "label": "Hotel / Tourism",
        "name": "解放上海",
        "area_m2": 0.0,
        "weight": 35.0,
        "osm_id": 5227931213
      }
    },
    {
      "type": "Feature",
      "geometry": {
        "type": "Point",
        "coordinates": [
          121.4432034,
          31.1774312
        ]
      },
      "properties": {
        "attraction_id": "A_04086",
        "kind": "tourism",
        "category": "hotel_tourism",
        "label": "Hotel / Tourism",
        "name": "百万一心一上海军民抗战",
        "area_m2": 0.0,
        "weight": 35.0,
        "osm_id": 5227931214
      }
    },
    {
      "type": "Feature",
      "geometry": {
        "type": "Point",
        "coordinates": [
          121.4459989,
          31.1780595
        ]
      },
      "properties": {
        "attraction_id": "A_04087",
        "kind": "tourism",
        "category": "hotel_tourism",
        "label": "Hotel / Tourism",
        "name": "且为忠魂舞",
        "area_m2": 0.0,
        "weight": 35.0,
        "osm_id": 5227931215
      }
    },
    {
      "type": "Feature",
      "geometry": {
        "type": "Point",
        "coordinates": [
          121.4451778,
          31.1774909
        ]
      },
      "properties": {
        "attraction_id": "A_04088",
        "kind": "tourism",
        "category": "hotel_tourism",
        "label": "Hotel / Tourism",
        "name": "解放建设",
        "area_m2": 0.0,
        "weight": 35.0,
        "osm_id": 5227931216
      }
    },
    {
      "type": "Feature",
      "geometry": {
        "type": "Point",
        "coordinates": [
          121.4446038,
          31.1773096
        ]
      },
      "properties": {
        "attraction_id": "A_04089",
        "kind": "tourism",
        "category": "hotel_tourism",
        "label": "Hotel / Tourism",
        "name": "独立民主",
        "area_m2": 0.0,
        "weight": 35.0,
        "osm_id": 5227931217
      }
    },
    {
      "type": "Feature",
      "geometry": {
        "type": "Point",
        "coordinates": [
          121.4702774,
          31.2189277
        ]
      },
      "properties": {
        "attraction_id": "A_04102",
        "kind": "tourism",
        "category": "hotel_tourism",
        "label": "Hotel / Tourism",
        "name": "",
        "area_m2": 0.0,
        "weight": 35.0,
        "osm_id": 5237603921
      }
    },
    {
      "type": "Feature",
      "geometry": {
        "type": "Point",
        "coordinates": [
          121.4515583,
          31.2143616
        ]
      },
      "properties": {
        "attraction_id": "A_04106",
        "kind": "tourism",
        "category": "hotel_tourism",
        "label": "Hotel / Tourism",
        "name": "上海市徐汇区汾阳路9弄14号204室",
        "area_m2": 0.0,
        "weight": 35.0,
        "osm_id": 5238119722
      }
    },
    {
      "type": "Feature",
      "geometry": {
        "type": "Point",
        "coordinates": [
          121.4394902,
          31.2020932
        ]
      },
      "properties": {
        "attraction_id": "A_04129",
        "kind": "tourism",
        "category": "hotel_tourism",
        "label": "Hotel / Tourism",
        "name": "維也納國際酒店衡山路店",
        "area_m2": 0.0,
        "weight": 35.0,
        "osm_id": 5252859421
      }
    },
    {
      "type": "Feature",
      "geometry": {
        "type": "Point",
        "coordinates": [
          121.5578116,
          31.2105247
        ]
      },
      "properties": {
        "attraction_id": "A_04135",
        "kind": "tourism",
        "category": "hotel_tourism",
        "label": "Hotel / Tourism",
        "name": "",
        "area_m2": 0.0,
        "weight": 35.0,
        "osm_id": 5257180042
      }
    },
    {
      "type": "Feature",
      "geometry": {
        "type": "Point",
        "coordinates": [
          121.439606,
          31.2508219
        ]
      },
      "properties": {
        "attraction_id": "A_04289",
        "kind": "tourism",
        "category": "hotel_tourism",
        "label": "Hotel / Tourism",
        "name": "",
        "area_m2": 0.0,
        "weight": 35.0,
        "osm_id": 5330454521
      }
    },
    {
      "type": "Feature",
      "geometry": {
        "type": "Point",
        "coordinates": [
          121.4246067,
          31.2351118
        ]
      },
      "properties": {
        "attraction_id": "A_04326",
        "kind": "tourism",
        "category": "hotel_tourism",
        "label": "Hotel / Tourism",
        "name": "Changshou Lu 1028",
        "area_m2": 0.0,
        "weight": 35.0,
        "osm_id": 5357240022
      }
    },
    {
      "type": "Feature",
      "geometry": {
        "type": "Point",
        "coordinates": [
          121.4314506,
          31.1946105
        ]
      },
      "properties": {
        "attraction_id": "A_04341",
        "kind": "tourism",
        "category": "hotel_tourism",
        "label": "Hotel / Tourism",
        "name": "马相伯像",
        "area_m2": 0.0,
        "weight": 35.0,
        "osm_id": 5433360464
      }
    },
    {
      "type": "Feature",
      "geometry": {
        "type": "Point",
        "coordinates": [
          121.4466448,
          31.2356484
        ]
      },
      "properties": {
        "attraction_id": "A_04359",
        "kind": "tourism",
        "category": "hotel_tourism",
        "label": "Hotel / Tourism",
        "name": "沪纺大厦",
        "area_m2": 0.0,
        "weight": 35.0,
        "osm_id": 5463875621
      }
    },
    {
      "type": "Feature",
      "geometry": {
        "type": "Point",
        "coordinates": [
          121.4315235,
          31.1839892
        ]
      },
      "properties": {
        "attraction_id": "A_04368",
        "kind": "tourism",
        "category": "hotel_tourism",
        "label": "Hotel / Tourism",
        "name": "",
        "area_m2": 0.0,
        "weight": 35.0,
        "osm_id": 5475266323
      }
    },
    {
      "type": "Feature",
      "geometry": {
        "type": "Point",
        "coordinates": [
          121.466932,
          31.2175782
        ]
      },
      "properties": {
        "attraction_id": "A_04371",
        "kind": "tourism",
        "category": "hotel_tourism",
        "label": "Hotel / Tourism",
        "name": "刘海粟旧居",
        "area_m2": 0.0,
        "weight": 35.0,
        "osm_id": 5494519825
      }
    },
    {
      "type": "Feature",
      "geometry": {
        "type": "Point",
        "coordinates": [
          121.4580612,
          31.208713
        ]
      },
      "properties": {
        "attraction_id": "A_04384",
        "kind": "tourism",
        "category": "hotel_tourism",
        "label": "Hotel / Tourism",
        "name": "",
        "area_m2": 0.0,
        "weight": 35.0,
        "osm_id": 5502639523
      }
    },
    {
      "type": "Feature",
      "geometry": {
        "type": "Point",
        "coordinates": [
          121.4807788,
          31.2470787
        ]
      },
      "properties": {
        "attraction_id": "A_04419",
        "kind": "tourism",
        "category": "hotel_tourism",
        "label": "Hotel / Tourism",
        "name": "",
        "area_m2": 0.0,
        "weight": 35.0,
        "osm_id": 5510900317
      }
    },
    {
      "type": "Feature",
      "geometry": {
        "type": "Point",
        "coordinates": [
          121.4496427,
          31.2029917
        ]
      },
      "properties": {
        "attraction_id": "A_04449",
        "kind": "tourism",
        "category": "hotel_tourism",
        "label": "Hotel / Tourism",
        "name": "好望角大酒店",
        "area_m2": 0.0,
        "weight": 35.0,
        "osm_id": 5519806721
      }
    },
    {
      "type": "Feature",
      "geometry": {
        "type": "Point",
        "coordinates": [
          121.4666204,
          31.2326171
        ]
      },
      "properties": {
        "attraction_id": "A_04463",
        "kind": "tourism",
        "category": "hotel_tourism",
        "label": "Hotel / Tourism",
        "name": "上海市历史博物馆",
        "area_m2": 0.0,
        "weight": 35.0,
        "osm_id": 5530017322
      }
    },
    {
      "type": "Feature",
      "geometry": {
        "type": "Point",
        "coordinates": [
          121.4382224,
          31.231192
        ]
      },
      "properties": {
        "attraction_id": "A_04553",
        "kind": "tourism",
        "category": "hotel_tourism",
        "label": "Hotel / Tourism",
        "name": "",
        "area_m2": 0.0,
        "weight": 35.0,
        "osm_id": 5577482822
      }
    },
    {
      "type": "Feature",
      "geometry": {
        "type": "Point",
        "coordinates": [
          121.437046,
          31.2310502
        ]
      },
      "properties": {
        "attraction_id": "A_04555",
        "kind": "tourism",
        "category": "hotel_tourism",
        "label": "Hotel / Tourism",
        "name": "",
        "area_m2": 0.0,
        "weight": 35.0,
        "osm_id": 5578336021
      }
    },
    {
      "type": "Feature",
      "geometry": {
        "type": "Point",
        "coordinates": [
          121.4721539,
          31.2341348
        ]
      },
      "properties": {
        "attraction_id": "A_04577",
        "kind": "commercial",
        "category": "retail_service",
        "label": "Retail / Service",
        "name": "来福士广场",
        "area_m2": 0.0,
        "weight": 20.0,
        "osm_id": 5650554236
      }
    },
    {
      "type": "Feature",
      "geometry": {
        "type": "Point",
        "coordinates": [
          121.4842513,
          31.2453415
        ]
      },
      "properties": {
        "attraction_id": "A_04580",
        "kind": "tourism",
        "category": "hotel_tourism",
        "label": "Hotel / Tourism",
        "name": "原划船俱乐部",
        "area_m2": 0.0,
        "weight": 35.0,
        "osm_id": 5660407877
      }
    },
    {
      "type": "Feature",
      "geometry": {
        "type": "Point",
        "coordinates": [
          121.4783343,
          31.2277051
        ]
      },
      "properties": {
        "attraction_id": "A_04581",
        "kind": "tourism",
        "category": "hotel_tourism",
        "label": "Hotel / Tourism",
        "name": "四明公所",
        "area_m2": 0.0,
        "weight": 35.0,
        "osm_id": 5660417525
      }
    },
    {
      "type": "Feature",
      "geometry": {
        "type": "Point",
        "coordinates": [
          121.4952595,
          31.1804303
        ]
      },
      "properties": {
        "attraction_id": "A_04593",
        "kind": "tourism",
        "category": "hotel_tourism",
        "label": "Hotel / Tourism",
        "name": "洪山路121弄24号",
        "area_m2": 0.0,
        "weight": 35.0,
        "osm_id": 5672947425
      }
    },
    {
      "type": "Feature",
      "geometry": {
        "type": "Point",
        "coordinates": [
          121.4398783,
          31.2053614
        ]
      },
      "properties": {
        "attraction_id": "A_04596",
        "kind": "tourism",
        "category": "hotel_tourism",
        "label": "Hotel / Tourism",
        "name": "东方乐器博物馆",
        "area_m2": 0.0,
        "weight": 35.0,
        "osm_id": 5699277953
      }
    },
    {
      "type": "Feature",
      "geometry": {
        "type": "Point",
        "coordinates": [
          121.4910884,
          31.2309628
        ]
      },
      "properties": {
        "attraction_id": "A_04619",
        "kind": "tourism",
        "category": "hotel_tourism",
        "label": "Hotel / Tourism",
        "name": "",
        "area_m2": 0.0,
        "weight": 35.0,
        "osm_id": 5719238425
      }
    },
    {
      "type": "Feature",
      "geometry": {
        "type": "Point",
        "coordinates": [
          121.4696481,
          31.2008353
        ]
      },
      "properties": {
        "attraction_id": "A_04621",
        "kind": "tourism",
        "category": "hotel_tourism",
        "label": "Hotel / Tourism",
        "name": "",
        "area_m2": 0.0,
        "weight": 35.0,
        "osm_id": 5721760549
      }
    },
    {
      "type": "Feature",
      "geometry": {
        "type": "Point",
        "coordinates": [
          121.4815696,
          31.201142
        ]
      },
      "properties": {
        "attraction_id": "A_04643",
        "kind": "tourism",
        "category": "hotel_tourism",
        "label": "Hotel / Tourism",
        "name": "上海黄金岛大酒店",
        "area_m2": 0.0,
        "weight": 35.0,
        "osm_id": 5741031121
      }
    },
    {
      "type": "Feature",
      "geometry": {
        "type": "Point",
        "coordinates": [
          121.4328638,
          31.1871622
        ]
      },
      "properties": {
        "attraction_id": "A_04677",
        "kind": "tourism",
        "category": "hotel_tourism",
        "label": "Hotel / Tourism",
        "name": "",
        "area_m2": 0.0,
        "weight": 35.0,
        "osm_id": 5785329053
      }
    },
    {
      "type": "Feature",
      "geometry": {
        "type": "Point",
        "coordinates": [
          121.4914215,
          31.2576082
        ]
      },
      "properties": {
        "attraction_id": "A_04678",
        "kind": "tourism",
        "category": "hotel_tourism",
        "label": "Hotel / Tourism",
        "name": "",
        "area_m2": 0.0,
        "weight": 35.0,
        "osm_id": 5785361023
      }
    },
    {
      "type": "Feature",
      "geometry": {
        "type": "Point",
        "coordinates": [
          121.4607317,
          31.2211773
        ]
      },
      "properties": {
        "attraction_id": "A_04698",
        "kind": "tourism",
        "category": "hotel_tourism",
        "label": "Hotel / Tourism",
        "name": "royal court hôtel",
        "area_m2": 0.0,
        "weight": 35.0,
        "osm_id": 5812250153
      }
    },
    {
      "type": "Feature",
      "geometry": {
        "type": "Point",
        "coordinates": [
          121.537246,
          31.2091244
        ]
      },
      "properties": {
        "attraction_id": "A_04703",
        "kind": "tourism",
        "category": "hotel_tourism",
        "label": "Hotel / Tourism",
        "name": "七天连锁酒店",
        "area_m2": 0.0,
        "weight": 35.0,
        "osm_id": 5820124654
      }
    },
    {
      "type": "Feature",
      "geometry": {
        "type": "Point",
        "coordinates": [
          121.5366518,
          31.209256
        ]
      },
      "properties": {
        "attraction_id": "A_04704",
        "kind": "tourism",
        "category": "hotel_tourism",
        "label": "Hotel / Tourism",
        "name": "互欣商务酒店",
        "area_m2": 0.0,
        "weight": 35.0,
        "osm_id": 5820124655
      }
    },
    {
      "type": "Feature",
      "geometry": {
        "type": "Point",
        "coordinates": [
          121.4374925,
          31.2270531
        ]
      },
      "properties": {
        "attraction_id": "A_04718",
        "kind": "tourism",
        "category": "hotel_tourism",
        "label": "Hotel / Tourism",
        "name": "",
        "area_m2": 0.0,
        "weight": 35.0,
        "osm_id": 5828357686
      }
    },
    {
      "type": "Feature",
      "geometry": {
        "type": "Point",
        "coordinates": [
          121.5576989,
          31.2109702
        ]
      },
      "properties": {
        "attraction_id": "A_04786",
        "kind": "tourism",
        "category": "hotel_tourism",
        "label": "Hotel / Tourism",
        "name": "",
        "area_m2": 0.0,
        "weight": 35.0,
        "osm_id": 5875468833
      }
    },
    {
      "type": "Feature",
      "geometry": {
        "type": "Point",
        "coordinates": [
          121.4428344,
          31.2204492
        ]
      },
      "properties": {
        "attraction_id": "A_04815",
        "kind": "tourism",
        "category": "hotel_tourism",
        "label": "Hotel / Tourism",
        "name": "",
        "area_m2": 0.0,
        "weight": 35.0,
        "osm_id": 5909732585
      }
    },
    {
      "type": "Feature",
      "geometry": {
        "type": "Point",
        "coordinates": [
          121.4860316,
          31.2411293
        ]
      },
      "properties": {
        "attraction_id": "A_04821",
        "kind": "tourism",
        "category": "hotel_tourism",
        "label": "Hotel / Tourism",
        "name": "",
        "area_m2": 0.0,
        "weight": 35.0,
        "osm_id": 5915686585
      }
    },
    {
      "type": "Feature",
      "geometry": {
        "type": "Point",
        "coordinates": [
          121.4825528,
          31.2422665
        ]
      },
      "properties": {
        "attraction_id": "A_04936",
        "kind": "tourism",
        "category": "hotel_tourism",
        "label": "Hotel / Tourism",
        "name": "",
        "area_m2": 0.0,
        "weight": 35.0,
        "osm_id": 6017825685
      }
    },
    {
      "type": "Feature",
      "geometry": {
        "type": "Point",
        "coordinates": [
          121.5256505,
          31.2411052
        ]
      },
      "properties": {
        "attraction_id": "A_04940",
        "kind": "tourism",
        "category": "hotel_tourism",
        "label": "Hotel / Tourism",
        "name": "麥新格酒店",
        "area_m2": 0.0,
        "weight": 35.0,
        "osm_id": 6038068485
      }
    },
    {
      "type": "Feature",
      "geometry": {
        "type": "Point",
        "coordinates": [
          121.4407234,
          31.2212776
        ]
      },
      "properties": {
        "attraction_id": "A_04972",
        "kind": "tourism",
        "category": "hotel_tourism",
        "label": "Hotel / Tourism",
        "name": "静安昆仑大酒店",
        "area_m2": 0.0,
        "weight": 35.0,
        "osm_id": 6115921987
      }
    },
    {
      "type": "Feature",
      "geometry": {
        "type": "Point",
        "coordinates": [
          121.4437175,
          31.2225117
        ]
      },
      "properties": {
        "attraction_id": "A_04973",
        "kind": "tourism",
        "category": "hotel_tourism",
        "label": "Hotel / Tourism",
        "name": "延安饭店",
        "area_m2": 0.0,
        "weight": 35.0,
        "osm_id": 6115921993
      }
    },
    {
      "type": "Feature",
      "geometry": {
        "type": "Point",
        "coordinates": [
          121.4758607,
          31.2191502
        ]
      },
      "properties": {
        "attraction_id": "A_04994",
        "kind": "tourism",
        "category": "hotel_tourism",
        "label": "Hotel / Tourism",
        "name": "",
        "area_m2": 0.0,
        "weight": 35.0,
        "osm_id": 6128061186
      }
    },
    {
      "type": "Feature",
      "geometry": {
        "type": "Point",
        "coordinates": [
          121.440647,
          31.2054845
        ]
      },
      "properties": {
        "attraction_id": "A_05072",
        "kind": "tourism",
        "category": "hotel_tourism",
        "label": "Hotel / Tourism",
        "name": "",
        "area_m2": 0.0,
        "weight": 35.0,
        "osm_id": 6169986385
      }
    },
    {
      "type": "Feature",
      "geometry": {
        "type": "Point",
        "coordinates": [
          121.4784083,
          31.2213025
        ]
      },
      "properties": {
        "attraction_id": "A_05133",
        "kind": "tourism",
        "category": "hotel_tourism",
        "label": "Hotel / Tourism",
        "name": "",
        "area_m2": 0.0,
        "weight": 35.0,
        "osm_id": 6228737486
      }
    },
    {
      "type": "Feature",
      "geometry": {
        "type": "Point",
        "coordinates": [
          121.4806089,
          31.2488383
        ]
      },
      "properties": {
        "attraction_id": "A_05198",
        "kind": "tourism",
        "category": "hotel_tourism",
        "label": "Hotel / Tourism",
        "name": "",
        "area_m2": 0.0,
        "weight": 35.0,
        "osm_id": 6260390885
      }
    },
    {
      "type": "Feature",
      "geometry": {
        "type": "Point",
        "coordinates": [
          121.4389347,
          31.1777348
        ]
      },
      "properties": {
        "attraction_id": "A_05205",
        "kind": "tourism",
        "category": "hotel_tourism",
        "label": "Hotel / Tourism",
        "name": "明佳苑",
        "area_m2": 0.0,
        "weight": 35.0,
        "osm_id": 6271557487
      }
    },
    {
      "type": "Feature",
      "geometry": {
        "type": "Point",
        "coordinates": [
          121.4417906,
          31.1892949
        ]
      },
      "properties": {
        "attraction_id": "A_05213",
        "kind": "tourism",
        "category": "hotel_tourism",
        "label": "Hotel / Tourism",
        "name": "天钥新村",
        "area_m2": 0.0,
        "weight": 35.0,
        "osm_id": 6283787387
      }
    },
    {
      "type": "Feature",
      "geometry": {
        "type": "Point",
        "coordinates": [
          121.4433312,
          31.2417401
        ]
      },
      "properties": {
        "attraction_id": "A_05215",
        "kind": "tourism",
        "category": "hotel_tourism",
        "label": "Hotel / Tourism",
        "name": "富容大厦",
        "area_m2": 0.0,
        "weight": 35.0,
        "osm_id": 6287513086
      }
    },
    {
      "type": "Feature",
      "geometry": {
        "type": "Point",
        "coordinates": [
          121.4435384,
          31.2414033
        ]
      },
      "properties": {
        "attraction_id": "A_05216",
        "kind": "tourism",
        "category": "hotel_tourism",
        "label": "Hotel / Tourism",
        "name": "福安大厦",
        "area_m2": 0.0,
        "weight": 35.0,
        "osm_id": 6287517185
      }
    },
    {
      "type": "Feature",
      "geometry": {
        "type": "Point",
        "coordinates": [
          121.4445451,
          31.2365356
        ]
      },
      "properties": {
        "attraction_id": "A_05217",
        "kind": "tourism",
        "category": "hotel_tourism",
        "label": "Hotel / Tourism",
        "name": "天香公寓",
        "area_m2": 0.0,
        "weight": 35.0,
        "osm_id": 6287519085
      }
    },
    {
      "type": "Feature",
      "geometry": {
        "type": "Point",
        "coordinates": [
          121.4430626,
          31.2181517
        ]
      },
      "properties": {
        "attraction_id": "A_05228",
        "kind": "tourism",
        "category": "leisure_park",
        "label": "Leisure / Park",
        "name": "Yi-Om Yoga",
        "area_m2": 0.0,
        "weight": 45.0,
        "osm_id": 6295218503
      }
    },
    {
      "type": "Feature",
      "geometry": {
        "type": "Point",
        "coordinates": [
          121.4428335,
          31.2192068
        ]
      },
      "properties": {
        "attraction_id": "A_05255",
        "kind": "tourism",
        "category": "hotel_tourism",
        "label": "Hotel / Tourism",
        "name": "静安8号",
        "area_m2": 0.0,
        "weight": 35.0,
        "osm_id": 6298884285
      }
    },
    {
      "type": "Feature",
      "geometry": {
        "type": "Point",
        "coordinates": [
          121.4471703,
          31.2107632
        ]
      },
      "properties": {
        "attraction_id": "A_05275",
        "kind": "tourism",
        "category": "hotel_tourism",
        "label": "Hotel / Tourism",
        "name": "普希金雕像",
        "area_m2": 0.0,
        "weight": 35.0,
        "osm_id": 6316067908
      }
    },
    {
      "type": "Feature",
      "geometry": {
        "type": "Point",
        "coordinates": [
          121.4864615,
          31.2422581
        ]
      },
      "properties": {
        "attraction_id": "A_05314",
        "kind": "tourism",
        "category": "hotel_tourism",
        "label": "Hotel / Tourism",
        "name": "",
        "area_m2": 0.0,
        "weight": 35.0,
        "osm_id": 6349038088
      }
    },
    {
      "type": "Feature",
      "geometry": {
        "type": "Point",
        "coordinates": [
          121.4915857,
          31.2376805
        ]
      },
      "properties": {
        "attraction_id": "A_05316",
        "kind": "tourism",
        "category": "hotel_tourism",
        "label": "Hotel / Tourism",
        "name": "",
        "area_m2": 0.0,
        "weight": 35.0,
        "osm_id": 6349038090
      }
    },
    {
      "type": "Feature",
      "geometry": {
        "type": "Point",
        "coordinates": [
          121.4724601,
          31.2373948
        ]
      },
      "properties": {
        "attraction_id": "A_05318",
        "kind": "tourism",
        "category": "hotel_tourism",
        "label": "Hotel / Tourism",
        "name": "全季酒店",
        "area_m2": 0.0,
        "weight": 35.0,
        "osm_id": 6351388829
      }
    },
    {
      "type": "Feature",
      "geometry": {
        "type": "Point",
        "coordinates": [
          121.4629266,
          31.2179558
        ]
      },
      "properties": {
        "attraction_id": "A_05360",
        "kind": "tourism",
        "category": "hotel_tourism",
        "label": "Hotel / Tourism",
        "name": "",
        "area_m2": 0.0,
        "weight": 35.0,
        "osm_id": 6358640818
      }
    },
    {
      "type": "Feature",
      "geometry": {
        "type": "Point",
        "coordinates": [
          121.4493329,
          31.2304506
        ]
      },
      "properties": {
        "attraction_id": "A_05377",
        "kind": "tourism",
        "category": "hotel_tourism",
        "label": "Hotel / Tourism",
        "name": "",
        "area_m2": 0.0,
        "weight": 35.0,
        "osm_id": 6367142885
      }
    },
    {
      "type": "Feature",
      "geometry": {
        "type": "Point",
        "coordinates": [
          121.4331294,
          31.2202005
        ]
      },
      "properties": {
        "attraction_id": "A_05380",
        "kind": "tourism",
        "category": "hotel_tourism",
        "label": "Hotel / Tourism",
        "name": "上海美丽园大酒店",
        "area_m2": 0.0,
        "weight": 35.0,
        "osm_id": 6373736885
      }
    },
    {
      "type": "Feature",
      "geometry": {
        "type": "Point",
        "coordinates": [
          121.4427137,
          31.2068027
        ]
      },
      "properties": {
        "attraction_id": "A_05398",
        "kind": "tourism",
        "category": "leisure_park",
        "label": "Leisure / Park",
        "name": "",
        "area_m2": 0.0,
        "weight": 45.0,
        "osm_id": 6387372517
      }
    },
    {
      "type": "Feature",
      "geometry": {
        "type": "Point",
        "coordinates": [
          121.4693774,
          31.207183
        ]
      },
      "properties": {
        "attraction_id": "A_05429",
        "kind": "tourism",
        "category": "hotel_tourism",
        "label": "Hotel / Tourism",
        "name": "",
        "area_m2": 0.0,
        "weight": 35.0,
        "osm_id": 6411202774
      }
    },
    {
      "type": "Feature",
      "geometry": {
        "type": "Point",
        "coordinates": [
          121.5005879,
          31.213065
        ]
      },
      "properties": {
        "attraction_id": "A_05457",
        "kind": "tourism",
        "category": "hotel_tourism",
        "label": "Hotel / Tourism",
        "name": "",
        "area_m2": 0.0,
        "weight": 35.0,
        "osm_id": 6428524289
      }
    },
    {
      "type": "Feature",
      "geometry": {
        "type": "Point",
        "coordinates": [
          121.4639997,
          31.2457144
        ]
      },
      "properties": {
        "attraction_id": "A_05491",
        "kind": "tourism",
        "category": "hotel_tourism",
        "label": "Hotel / Tourism",
        "name": "",
        "area_m2": 0.0,
        "weight": 35.0,
        "osm_id": 6447830989
      }
    },
    {
      "type": "Feature",
      "geometry": {
        "type": "Point",
        "coordinates": [
          121.4486843,
          31.2464778
        ]
      },
      "properties": {
        "attraction_id": "A_05492",
        "kind": "tourism",
        "category": "hotel_tourism",
        "label": "Hotel / Tourism",
        "name": "",
        "area_m2": 0.0,
        "weight": 35.0,
        "osm_id": 6448941985
      }
    },
    {
      "type": "Feature",
      "geometry": {
        "type": "Point",
        "coordinates": [
          121.4021667,
          31.2120246
        ]
      },
      "properties": {
        "attraction_id": "A_05521",
        "kind": "tourism",
        "category": "hotel_tourism",
        "label": "Hotel / Tourism",
        "name": "",
        "area_m2": 0.0,
        "weight": 35.0,
        "osm_id": 6449269237
      }
    },
    {
      "type": "Feature",
      "geometry": {
        "type": "Point",
        "coordinates": [
          121.4796919,
          31.2110573
        ]
      },
      "properties": {
        "attraction_id": "A_05558",
        "kind": "tourism",
        "category": "hotel_tourism",
        "label": "Hotel / Tourism",
        "name": "丽园路333弄",
        "area_m2": 0.0,
        "weight": 35.0,
        "osm_id": 6465964285
      }
    },
    {
      "type": "Feature",
      "geometry": {
        "type": "Point",
        "coordinates": [
          121.4275236,
          31.2488755
        ]
      },
      "properties": {
        "attraction_id": "A_05562",
        "kind": "tourism",
        "category": "hotel_tourism",
        "label": "Hotel / Tourism",
        "name": "the waterfront",
        "area_m2": 0.0,
        "weight": 35.0,
        "osm_id": 6467392086
      }
    },
    {
      "type": "Feature",
      "geometry": {
        "type": "Point",
        "coordinates": [
          121.4262103,
          31.1504341
        ]
      },
      "properties": {
        "attraction_id": "A_05563",
        "kind": "tourism",
        "category": "hotel_tourism",
        "label": "Hotel / Tourism",
        "name": "创美空间",
        "area_m2": 0.0,
        "weight": 35.0,
        "osm_id": 6467392185
      }
    },
    {
      "type": "Feature",
      "geometry": {
        "type": "Point",
        "coordinates": [
          121.4775741,
          31.2586713
        ]
      },
      "properties": {
        "attraction_id": "A_05629",
        "kind": "tourism",
        "category": "hotel_tourism",
        "label": "Hotel / Tourism",
        "name": "",
        "area_m2": 0.0,
        "weight": 35.0,
        "osm_id": 6479647085
      }
    },
    {
      "type": "Feature",
      "geometry": {
        "type": "Point",
        "coordinates": [
          121.4224921,
          31.2116911
        ]
      },
      "properties": {
        "attraction_id": "A_05657",
        "kind": "tourism",
        "category": "hotel_tourism",
        "label": "Hotel / Tourism",
        "name": "",
        "area_m2": 0.0,
        "weight": 35.0,
        "osm_id": 6483357485
      }
    },
    {
      "type": "Feature",
      "geometry": {
        "type": "Point",
        "coordinates": [
          121.4415702,
          31.2178641
        ]
      },
      "properties": {
        "attraction_id": "A_05832",
        "kind": "tourism",
        "category": "hotel_tourism",
        "label": "Hotel / Tourism",
        "name": "慢致名人民宿",
        "area_m2": 0.0,
        "weight": 35.0,
        "osm_id": 6541835560
      }
    },
    {
      "type": "Feature",
      "geometry": {
        "type": "Point",
        "coordinates": [
          121.4687565,
          31.2113149
        ]
      },
      "properties": {
        "attraction_id": "A_05882",
        "kind": "tourism",
        "category": "hotel_tourism",
        "label": "Hotel / Tourism",
        "name": "",
        "area_m2": 0.0,
        "weight": 35.0,
        "osm_id": 6555707556
      }
    },
    {
      "type": "Feature",
      "geometry": {
        "type": "Point",
        "coordinates": [
          121.4551376,
          31.2316977
        ]
      },
      "properties": {
        "attraction_id": "A_05895",
        "kind": "tourism",
        "category": "hotel_tourism",
        "label": "Hotel / Tourism",
        "name": "",
        "area_m2": 0.0,
        "weight": 35.0,
        "osm_id": 6557254066
      }
    },
    {
      "type": "Feature",
      "geometry": {
        "type": "Point",
        "coordinates": [
          121.4649061,
          31.2097873
        ]
      },
      "properties": {
        "attraction_id": "A_05919",
        "kind": "tourism",
        "category": "hotel_tourism",
        "label": "Hotel / Tourism",
        "name": "",
        "area_m2": 0.0,
        "weight": 35.0,
        "osm_id": 6557292823
      }
    },
    {
      "type": "Feature",
      "geometry": {
        "type": "Point",
        "coordinates": [
          121.4462628,
          31.2300755
        ]
      },
      "properties": {
        "attraction_id": "A_05951",
        "kind": "tourism",
        "category": "hotel_tourism",
        "label": "Hotel / Tourism",
        "name": "",
        "area_m2": 0.0,
        "weight": 35.0,
        "osm_id": 6557311285
      }
    },
    {
      "type": "Feature",
      "geometry": {
        "type": "Point",
        "coordinates": [
          121.423226,
          31.2329036
        ]
      },
      "properties": {
        "attraction_id": "A_05957",
        "kind": "tourism",
        "category": "hotel_tourism",
        "label": "Hotel / Tourism",
        "name": "New Shanghai Home",
        "area_m2": 0.0,
        "weight": 35.0,
        "osm_id": 6559293785
      }
    },
    {
      "type": "Feature",
      "geometry": {
        "type": "Point",
        "coordinates": [
          121.44707,
          31.2367978
        ]
      },
      "properties": {
        "attraction_id": "A_05969",
        "kind": "tourism",
        "category": "hotel_tourism",
        "label": "Hotel / Tourism",
        "name": "Meego Youth Hotel",
        "area_m2": 0.0,
        "weight": 35.0,
        "osm_id": 6561294849
      }
    },
    {
      "type": "Feature",
      "geometry": {
        "type": "Point",
        "coordinates": [
          121.4353402,
          31.2515163
        ]
      },
      "properties": {
        "attraction_id": "A_06020",
        "kind": "tourism",
        "category": "hotel_tourism",
        "label": "Hotel / Tourism",
        "name": "梦清馆--苏州河展示中心",
        "area_m2": 0.0,
        "weight": 35.0,
        "osm_id": 6561323053
      }
    },
    {
      "type": "Feature",
      "geometry": {
        "type": "Point",
        "coordinates": [
          121.4534943,
          31.2483077
        ]
      },
      "properties": {
        "attraction_id": "A_06120",
        "kind": "tourism",
        "category": "hotel_tourism",
        "label": "Hotel / Tourism",
        "name": "新梅华东大酒店",
        "area_m2": 0.0,
        "weight": 35.0,
        "osm_id": 6665781185
      }
    },
    {
      "type": "Feature",
      "geometry": {
        "type": "Point",
        "coordinates": [
          121.4474978,
          31.2483871
        ]
      },
      "properties": {
        "attraction_id": "A_06122",
        "kind": "tourism",
        "category": "hotel_tourism",
        "label": "Hotel / Tourism",
        "name": "如家",
        "area_m2": 0.0,
        "weight": 35.0,
        "osm_id": 6668907286
      }
    },
    {
      "type": "Feature",
      "geometry": {
        "type": "Point",
        "coordinates": [
          121.4812481,
          31.2295855
        ]
      },
      "properties": {
        "attraction_id": "A_06137",
        "kind": "tourism",
        "category": "hotel_tourism",
        "label": "Hotel / Tourism",
        "name": "新海洋之家公寓",
        "area_m2": 0.0,
        "weight": 35.0,
        "osm_id": 6698610785
      }
    },
    {
      "type": "Feature",
      "geometry": {
        "type": "Point",
        "coordinates": [
          121.4409062,
          31.2043838
        ]
      },
      "properties": {
        "attraction_id": "A_06139",
        "kind": "tourism",
        "category": "hotel_tourism",
        "label": "Hotel / Tourism",
        "name": "",
        "area_m2": 0.0,
        "weight": 35.0,
        "osm_id": 6709642385
      }
    },
    {
      "type": "Feature",
      "geometry": {
        "type": "Point",
        "coordinates": [
          121.4571977,
          31.2055847
        ]
      },
      "properties": {
        "attraction_id": "A_06168",
        "kind": "tourism",
        "category": "hotel_tourism",
        "label": "Hotel / Tourism",
        "name": "Somerset Xu Hui",
        "area_m2": 0.0,
        "weight": 35.0,
        "osm_id": 6770805139
      }
    },
    {
      "type": "Feature",
      "geometry": {
        "type": "Point",
        "coordinates": [
          121.4237478,
          31.2282437
        ]
      },
      "properties": {
        "attraction_id": "A_06174",
        "kind": "tourism",
        "category": "hotel_tourism",
        "label": "Hotel / Tourism",
        "name": "君子藍公寓",
        "area_m2": 0.0,
        "weight": 35.0,
        "osm_id": 6788426791
      }
    },
    {
      "type": "Feature",
      "geometry": {
        "type": "Point",
        "coordinates": [
          121.4594047,
          31.1665266
        ]
      },
      "properties": {
        "attraction_id": "A_06178",
        "kind": "tourism",
        "category": "hotel_tourism",
        "label": "Hotel / Tourism",
        "name": "油罐艺术中心",
        "area_m2": 0.0,
        "weight": 35.0,
        "osm_id": 6796216885
      }
    },
    {
      "type": "Feature",
      "geometry": {
        "type": "Point",
        "coordinates": [
          121.464894,
          31.218083
        ]
      },
      "properties": {
        "attraction_id": "A_06350",
        "kind": "tourism",
        "category": "hotel_tourism",
        "label": "Hotel / Tourism",
        "name": "水榭长廊",
        "area_m2": 0.0,
        "weight": 35.0,
        "osm_id": 6877759442
      }
    },
    {
      "type": "Feature",
      "geometry": {
        "type": "Point",
        "coordinates": [
          121.4771736,
          31.2293744
        ]
      },
      "properties": {
        "attraction_id": "A_06365",
        "kind": "tourism",
        "category": "hotel_tourism",
        "label": "Hotel / Tourism",
        "name": "如家酒店",
        "area_m2": 0.0,
        "weight": 35.0,
        "osm_id": 6885190566
      }
    },
    {
      "type": "Feature",
      "geometry": {
        "type": "Point",
        "coordinates": [
          121.4822713,
          31.2391033
        ]
      },
      "properties": {
        "attraction_id": "A_06379",
        "kind": "tourism",
        "category": "hotel_tourism",
        "label": "Hotel / Tourism",
        "name": "上海幻觉艺术博物馆",
        "area_m2": 0.0,
        "weight": 35.0,
        "osm_id": 6886036509
      }
    },
    {
      "type": "Feature",
      "geometry": {
        "type": "Point",
        "coordinates": [
          121.4630612,
          31.2192777
        ]
      },
      "properties": {
        "attraction_id": "A_06419",
        "kind": "tourism",
        "category": "hotel_tourism",
        "label": "Hotel / Tourism",
        "name": "",
        "area_m2": 0.0,
        "weight": 35.0,
        "osm_id": 6897156888
      }
    },
    {
      "type": "Feature",
      "geometry": {
        "type": "Point",
        "coordinates": [
          121.4702409,
          31.2218678
        ]
      },
      "properties": {
        "attraction_id": "A_06421",
        "kind": "tourism",
        "category": "hotel_tourism",
        "label": "Hotel / Tourism",
        "name": "屋裡廂石庫門博物館",
        "area_m2": 0.0,
        "weight": 35.0,
        "osm_id": 6897158575
      }
    },
    {
      "type": "Feature",
      "geometry": {
        "type": "Point",
        "coordinates": [
          121.486519,
          31.2290756
        ]
      },
      "properties": {
        "attraction_id": "A_06436",
        "kind": "tourism",
        "category": "hotel_tourism",
        "label": "Hotel / Tourism",
        "name": "童涵春堂中药博物馆",
        "area_m2": 0.0,
        "weight": 35.0,
        "osm_id": 6917485861
      }
    },
    {
      "type": "Feature",
      "geometry": {
        "type": "Point",
        "coordinates": [
          121.4402539,
          31.2491445
        ]
      },
      "properties": {
        "attraction_id": "A_06442",
        "kind": "tourism",
        "category": "hotel_tourism",
        "label": "Hotel / Tourism",
        "name": "",
        "area_m2": 0.0,
        "weight": 35.0,
        "osm_id": 6929272685
      }
    },
    {
      "type": "Feature",
      "geometry": {
        "type": "Point",
        "coordinates": [
          121.4586559,
          31.2047883
        ]
      },
      "properties": {
        "attraction_id": "A_06468",
        "kind": "tourism",
        "category": "hotel_tourism",
        "label": "Hotel / Tourism",
        "name": "",
        "area_m2": 0.0,
        "weight": 35.0,
        "osm_id": 6979555893
      }
    },
    {
      "type": "Feature",
      "geometry": {
        "type": "Point",
        "coordinates": [
          121.4003435,
          31.1992844
        ]
      },
      "properties": {
        "attraction_id": "A_06482",
        "kind": "tourism",
        "category": "hotel_tourism",
        "label": "Hotel / Tourism",
        "name": "程十发美术馆",
        "area_m2": 0.0,
        "weight": 35.0,
        "osm_id": 7003613619
      }
    },
    {
      "type": "Feature",
      "geometry": {
        "type": "Point",
        "coordinates": [
          121.4717904,
          31.2184245
        ]
      },
      "properties": {
        "attraction_id": "A_06488",
        "kind": "tourism",
        "category": "hotel_tourism",
        "label": "Hotel / Tourism",
        "name": "全融博物馆 银行博物馆",
        "area_m2": 0.0,
        "weight": 35.0,
        "osm_id": 7005505230
      }
    },
    {
      "type": "Feature",
      "geometry": {
        "type": "Point",
        "coordinates": [
          121.4255292,
          31.1613625
        ]
      },
      "properties": {
        "attraction_id": "A_06498",
        "kind": "tourism",
        "category": "hotel_tourism",
        "label": "Hotel / Tourism",
        "name": "",
        "area_m2": 0.0,
        "weight": 35.0,
        "osm_id": 7030838289
      }
    },
    {
      "type": "Feature",
      "geometry": {
        "type": "Point",
        "coordinates": [
          121.477215,
          31.2399591
        ]
      },
      "properties": {
        "attraction_id": "A_06532",
        "kind": "tourism",
        "category": "hotel_tourism",
        "label": "Hotel / Tourism",
        "name": "",
        "area_m2": 0.0,
        "weight": 35.0,
        "osm_id": 7097270072
      }
    },
    {
      "type": "Feature",
      "geometry": {
        "type": "Point",
        "coordinates": [
          121.4779583,
          31.2397844
        ]
      },
      "properties": {
        "attraction_id": "A_06534",
        "kind": "tourism",
        "category": "hotel_tourism",
        "label": "Hotel / Tourism",
        "name": "",
        "area_m2": 0.0,
        "weight": 35.0,
        "osm_id": 7097330339
      }
    },
    {
      "type": "Feature",
      "geometry": {
        "type": "Point",
        "coordinates": [
          121.4828416,
          31.2313328
        ]
      },
      "properties": {
        "attraction_id": "A_06540",
        "kind": "tourism",
        "category": "hotel_tourism",
        "label": "Hotel / Tourism",
        "name": "全季酒店",
        "area_m2": 0.0,
        "weight": 35.0,
        "osm_id": 7097873684
      }
    },
    {
      "type": "Feature",
      "geometry": {
        "type": "Point",
        "coordinates": [
          121.4798015,
          31.2416447
        ]
      },
      "properties": {
        "attraction_id": "A_06548",
        "kind": "tourism",
        "category": "hotel_tourism",
        "label": "Hotel / Tourism",
        "name": "如家酒店",
        "area_m2": 0.0,
        "weight": 35.0,
        "osm_id": 7097893789
      }
    },
    {
      "type": "Feature",
      "geometry": {
        "type": "Point",
        "coordinates": [
          121.4778441,
          31.2422513
        ]
      },
      "properties": {
        "attraction_id": "A_06556",
        "kind": "tourism",
        "category": "hotel_tourism",
        "label": "Hotel / Tourism",
        "name": "",
        "area_m2": 0.0,
        "weight": 35.0,
        "osm_id": 7099681372
      }
    },
    {
      "type": "Feature",
      "geometry": {
        "type": "Point",
        "coordinates": [
          121.4698662,
          31.2400461
        ]
      },
      "properties": {
        "attraction_id": "A_06557",
        "kind": "tourism",
        "category": "hotel_tourism",
        "label": "Hotel / Tourism",
        "name": "",
        "area_m2": 0.0,
        "weight": 35.0,
        "osm_id": 7099688904
      }
    },
    {
      "type": "Feature",
      "geometry": {
        "type": "Point",
        "coordinates": [
          121.5058315,
          31.2342239
        ]
      },
      "properties": {
        "attraction_id": "A_06564",
        "kind": "tourism",
        "category": "hotel_tourism",
        "label": "Hotel / Tourism",
        "name": "",
        "area_m2": 0.0,
        "weight": 35.0,
        "osm_id": 7099701899
      }
    },
    {
      "type": "Feature",
      "geometry": {
        "type": "Point",
        "coordinates": [
          121.4788727,
          31.2409823
        ]
      },
      "properties": {
        "attraction_id": "A_06571",
        "kind": "tourism",
        "category": "hotel_tourism",
        "label": "Hotel / Tourism",
        "name": "",
        "area_m2": 0.0,
        "weight": 35.0,
        "osm_id": 7099708048
      }
    },
    {
      "type": "Feature",
      "geometry": {
        "type": "Point",
        "coordinates": [
          121.4776803,
          31.2399102
        ]
      },
      "properties": {
        "attraction_id": "A_06622",
        "kind": "tourism",
        "category": "hotel_tourism",
        "label": "Hotel / Tourism",
        "name": "如家酒店",
        "area_m2": 0.0,
        "weight": 35.0,
        "osm_id": 7101569647
      }
    },
    {
      "type": "Feature",
      "geometry": {
        "type": "Point",
        "coordinates": [
          121.489787,
          31.2276445
        ]
      },
      "properties": {
        "attraction_id": "A_06635",
        "kind": "tourism",
        "category": "hotel_tourism",
        "label": "Hotel / Tourism",
        "name": "玄扈台",
        "area_m2": 0.0,
        "weight": 35.0,
        "osm_id": 7104204964
      }
    },
    {
      "type": "Feature",
      "geometry": {
        "type": "Point",
        "coordinates": [
          121.4038227,
          31.2106739
        ]
      },
      "properties": {
        "attraction_id": "A_06654",
        "kind": "tourism",
        "category": "hotel_tourism",
        "label": "Hotel / Tourism",
        "name": "",
        "area_m2": 0.0,
        "weight": 35.0,
        "osm_id": 7123565119
      }
    },
    {
      "type": "Feature",
      "geometry": {
        "type": "Point",
        "coordinates": [
          121.4252391,
          31.2049389
        ]
      },
      "properties": {
        "attraction_id": "A_06696",
        "kind": "tourism",
        "category": "hotel_tourism",
        "label": "Hotel / Tourism",
        "name": "皇冠假日酒店",
        "area_m2": 0.0,
        "weight": 35.0,
        "osm_id": 7151435623
      }
    },
    {
      "type": "Feature",
      "geometry": {
        "type": "Point",
        "coordinates": [
          121.42561,
          31.1698647
        ]
      },
      "properties": {
        "attraction_id": "A_06697",
        "kind": "tourism",
        "category": "hotel_tourism",
        "label": "Hotel / Tourism",
        "name": "",
        "area_m2": 0.0,
        "weight": 35.0,
        "osm_id": 7151499748
      }
    },
    {
      "type": "Feature",
      "geometry": {
        "type": "Point",
        "coordinates": [
          121.4922708,
          31.1992809
        ]
      },
      "properties": {
        "attraction_id": "A_06785",
        "kind": "tourism",
        "category": "hotel_tourism",
        "label": "Hotel / Tourism",
        "name": "琴键春园",
        "area_m2": 0.0,
        "weight": 35.0,
        "osm_id": 7293815586
      }
    },
    {
      "type": "Feature",
      "geometry": {
        "type": "Point",
        "coordinates": [
          121.4558355,
          31.2251985
        ]
      },
      "properties": {
        "attraction_id": "A_06859",
        "kind": "tourism",
        "category": "hotel_tourism",
        "label": "Hotel / Tourism",
        "name": "",
        "area_m2": 0.0,
        "weight": 35.0,
        "osm_id": 7417168229
      }
    },
    {
      "type": "Feature",
      "geometry": {
        "type": "Point",
        "coordinates": [
          121.4092124,
          31.1885354
        ]
      },
      "properties": {
        "attraction_id": "A_06863",
        "kind": "tourism",
        "category": "hotel_tourism",
        "label": "Hotel / Tourism",
        "name": "",
        "area_m2": 0.0,
        "weight": 35.0,
        "osm_id": 7417170585
      }
    },
    {
      "type": "Feature",
      "geometry": {
        "type": "Point",
        "coordinates": [
          121.4876008,
          31.2001171
        ]
      },
      "properties": {
        "attraction_id": "A_06864",
        "kind": "tourism",
        "category": "hotel_tourism",
        "label": "Hotel / Tourism",
        "name": "",
        "area_m2": 0.0,
        "weight": 35.0,
        "osm_id": 7418806914
      }
    },
    {
      "type": "Feature",
      "geometry": {
        "type": "Point",
        "coordinates": [
          121.4311576,
          31.2201424
        ]
      },
      "properties": {
        "attraction_id": "A_06916",
        "kind": "tourism",
        "category": "hotel_tourism",
        "label": "Hotel / Tourism",
        "name": "",
        "area_m2": 0.0,
        "weight": 35.0,
        "osm_id": 7620871675
      }
    },
    {
      "type": "Feature",
      "geometry": {
        "type": "Point",
        "coordinates": [
          121.4320204,
          31.2087623
        ]
      },
      "properties": {
        "attraction_id": "A_06928",
        "kind": "tourism",
        "category": "hotel_tourism",
        "label": "Hotel / Tourism",
        "name": "",
        "area_m2": 0.0,
        "weight": 35.0,
        "osm_id": 7651086085
      }
    },
    {
      "type": "Feature",
      "geometry": {
        "type": "Point",
        "coordinates": [
          121.4472944,
          31.2090976
        ]
      },
      "properties": {
        "attraction_id": "A_06938",
        "kind": "tourism",
        "category": "hotel_tourism",
        "label": "Hotel / Tourism",
        "name": "全季酒店",
        "area_m2": 0.0,
        "weight": 35.0,
        "osm_id": 7656355076
      }
    },
    {
      "type": "Feature",
      "geometry": {
        "type": "Point",
        "coordinates": [
          121.4535067,
          31.2056978
        ]
      },
      "properties": {
        "attraction_id": "A_06940",
        "kind": "tourism",
        "category": "hotel_tourism",
        "label": "Hotel / Tourism",
        "name": "",
        "area_m2": 0.0,
        "weight": 35.0,
        "osm_id": 7656358865
      }
    },
    {
      "type": "Feature",
      "geometry": {
        "type": "Point",
        "coordinates": [
          121.4498922,
          31.2079381
        ]
      },
      "properties": {
        "attraction_id": "A_06951",
        "kind": "tourism",
        "category": "hotel_tourism",
        "label": "Hotel / Tourism",
        "name": "",
        "area_m2": 0.0,
        "weight": 35.0,
        "osm_id": 7656385536
      }
    },
    {
      "type": "Feature",
      "geometry": {
        "type": "Point",
        "coordinates": [
          121.4536516,
          31.205133
        ]
      },
      "properties": {
        "attraction_id": "A_06963",
        "kind": "tourism",
        "category": "hotel_tourism",
        "label": "Hotel / Tourism",
        "name": "Hanting Express Shanghai Xiangyang Road",
        "area_m2": 0.0,
        "weight": 35.0,
        "osm_id": 7656498734
      }
    },
    {
      "type": "Feature",
      "geometry": {
        "type": "Point",
        "coordinates": [
          121.4854166,
          31.2421935
        ]
      },
      "properties": {
        "attraction_id": "A_07034",
        "kind": "tourism",
        "category": "hotel_tourism",
        "label": "Hotel / Tourism",
        "name": "上海久事美术馆",
        "area_m2": 0.0,
        "weight": 35.0,
        "osm_id": 7994171678
      }
    },
    {
      "type": "Feature",
      "geometry": {
        "type": "Point",
        "coordinates": [
          121.4845192,
          31.197558
        ]
      },
      "properties": {
        "attraction_id": "A_07054",
        "kind": "tourism",
        "category": "hotel_tourism",
        "label": "Hotel / Tourism",
        "name": "江南机器制造总局旧址",
        "area_m2": 0.0,
        "weight": 35.0,
        "osm_id": 8095275564
      }
    },
    {
      "type": "Feature",
      "geometry": {
        "type": "Point",
        "coordinates": [
          121.4730194,
          31.2324474
        ]
      },
      "properties": {
        "attraction_id": "A_07055",
        "kind": "tourism",
        "category": "hotel_tourism",
        "label": "Hotel / Tourism",
        "name": "东方饭店",
        "area_m2": 0.0,
        "weight": 35.0,
        "osm_id": 8095636847
      }
    },
    {
      "type": "Feature",
      "geometry": {
        "type": "Point",
        "coordinates": [
          121.4530464,
          31.2483174
        ]
      },
      "properties": {
        "attraction_id": "A_07134",
        "kind": "tourism",
        "category": "hotel_tourism",
        "label": "Hotel / Tourism",
        "name": "漫心酒店",
        "area_m2": 0.0,
        "weight": 35.0,
        "osm_id": 8234182153
      }
    },
    {
      "type": "Feature",
      "geometry": {
        "type": "Point",
        "coordinates": [
          121.439912,
          31.2020569
        ]
      },
      "properties": {
        "attraction_id": "A_07143",
        "kind": "tourism",
        "category": "hotel_tourism",
        "label": "Hotel / Tourism",
        "name": "",
        "area_m2": 0.0,
        "weight": 35.0,
        "osm_id": 8234187024
      }
    },
    {
      "type": "Feature",
      "geometry": {
        "type": "Point",
        "coordinates": [
          121.4531504,
          31.2497552
        ]
      },
      "properties": {
        "attraction_id": "A_07160",
        "kind": "tourism",
        "category": "hotel_tourism",
        "label": "Hotel / Tourism",
        "name": "",
        "area_m2": 0.0,
        "weight": 35.0,
        "osm_id": 8234191494
      }
    },
    {
      "type": "Feature",
      "geometry": {
        "type": "Point",
        "coordinates": [
          121.4535295,
          31.2497163
        ]
      },
      "properties": {
        "attraction_id": "A_07164",
        "kind": "tourism",
        "category": "hotel_tourism",
        "label": "Hotel / Tourism",
        "name": "",
        "area_m2": 0.0,
        "weight": 35.0,
        "osm_id": 8234192621
      }
    },
    {
      "type": "Feature",
      "geometry": {
        "type": "Point",
        "coordinates": [
          121.4545453,
          31.2114616
        ]
      },
      "properties": {
        "attraction_id": "A_07193",
        "kind": "tourism",
        "category": "hotel_tourism",
        "label": "Hotel / Tourism",
        "name": "海友酒店",
        "area_m2": 0.0,
        "weight": 35.0,
        "osm_id": 8318670999
      }
    },
    {
      "type": "Feature",
      "geometry": {
        "type": "Point",
        "coordinates": [
          121.430217,
          31.220327
        ]
      },
      "properties": {
        "attraction_id": "A_07204",
        "kind": "tourism",
        "category": "hotel_tourism",
        "label": "Hotel / Tourism",
        "name": "",
        "area_m2": 0.0,
        "weight": 35.0,
        "osm_id": 8318673191
      }
    },
    {
      "type": "Feature",
      "geometry": {
        "type": "Point",
        "coordinates": [
          121.4305139,
          31.2202569
        ]
      },
      "properties": {
        "attraction_id": "A_07257",
        "kind": "tourism",
        "category": "hotel_tourism",
        "label": "Hotel / Tourism",
        "name": "弗斯特逸住酒店",
        "area_m2": 0.0,
        "weight": 35.0,
        "osm_id": 8318685499
      }
    },
    {
      "type": "Feature",
      "geometry": {
        "type": "Point",
        "coordinates": [
          121.4639242,
          31.1758154
        ]
      },
      "properties": {
        "attraction_id": "A_07289",
        "kind": "tourism",
        "category": "hotel_tourism",
        "label": "Hotel / Tourism",
        "name": "",
        "area_m2": 0.0,
        "weight": 35.0,
        "osm_id": 8321202586
      }
    },
    {
      "type": "Feature",
      "geometry": {
        "type": "Point",
        "coordinates": [
          121.481071,
          31.1889933
        ]
      },
      "properties": {
        "attraction_id": "A_07304",
        "kind": "tourism",
        "category": "hotel_tourism",
        "label": "Hotel / Tourism",
        "name": "",
        "area_m2": 0.0,
        "weight": 35.0,
        "osm_id": 8321209688
      }
    },
    {
      "type": "Feature",
      "geometry": {
        "type": "Point",
        "coordinates": [
          121.4931032,
          31.2187875
        ]
      },
      "properties": {
        "attraction_id": "A_07333",
        "kind": "tourism",
        "category": "hotel_tourism",
        "label": "Hotel / Tourism",
        "name": "",
        "area_m2": 0.0,
        "weight": 35.0,
        "osm_id": 8324254505
      }
    },
    {
      "type": "Feature",
      "geometry": {
        "type": "Point",
        "coordinates": [
          121.4876426,
          31.2207457
        ]
      },
      "properties": {
        "attraction_id": "A_07342",
        "kind": "tourism",
        "category": "hotel_tourism",
        "label": "Hotel / Tourism",
        "name": "",
        "area_m2": 0.0,
        "weight": 35.0,
        "osm_id": 8324257503
      }
    },
    {
      "type": "Feature",
      "geometry": {
        "type": "Point",
        "coordinates": [
          121.4796564,
          31.2425637
        ]
      },
      "properties": {
        "attraction_id": "A_07354",
        "kind": "tourism",
        "category": "hotel_tourism",
        "label": "Hotel / Tourism",
        "name": "",
        "area_m2": 0.0,
        "weight": 35.0,
        "osm_id": 8324268863
      }
    },
    {
      "type": "Feature",
      "geometry": {
        "type": "Point",
        "coordinates": [
          121.481453,
          31.2199976
        ]
      },
      "properties": {
        "attraction_id": "A_07355",
        "kind": "tourism",
        "category": "hotel_tourism",
        "label": "Hotel / Tourism",
        "name": "",
        "area_m2": 0.0,
        "weight": 35.0,
        "osm_id": 8324269829
      }
    },
    {
      "type": "Feature",
      "geometry": {
        "type": "Point",
        "coordinates": [
          121.4874785,
          31.2200569
        ]
      },
      "properties": {
        "attraction_id": "A_07381",
        "kind": "tourism",
        "category": "hotel_tourism",
        "label": "Hotel / Tourism",
        "name": "",
        "area_m2": 0.0,
        "weight": 35.0,
        "osm_id": 8324278887
      }
    },
    {
      "type": "Feature",
      "geometry": {
        "type": "Point",
        "coordinates": [
          121.4336552,
          31.1880906
        ]
      },
      "properties": {
        "attraction_id": "A_07391",
        "kind": "tourism",
        "category": "hotel_tourism",
        "label": "Hotel / Tourism",
        "name": "上海电影博物馆",
        "area_m2": 0.0,
        "weight": 35.0,
        "osm_id": 8356886422
      }
    },
    {
      "type": "Feature",
      "geometry": {
        "type": "Point",
        "coordinates": [
          121.433375,
          31.1880465
        ]
      },
      "properties": {
        "attraction_id": "A_07393",
        "kind": "tourism",
        "category": "hotel_tourism",
        "label": "Hotel / Tourism",
        "name": "谢晋",
        "area_m2": 0.0,
        "weight": 35.0,
        "osm_id": 8356886435
      }
    },
    {
      "type": "Feature",
      "geometry": {
        "type": "Point",
        "coordinates": [
          121.4273322,
          31.2208344
        ]
      },
      "properties": {
        "attraction_id": "A_07396",
        "kind": "tourism",
        "category": "hotel_tourism",
        "label": "Hotel / Tourism",
        "name": "中共中央上海局机关旧址",
        "area_m2": 0.0,
        "weight": 35.0,
        "osm_id": 8359232441
      }
    },
    {
      "type": "Feature",
      "geometry": {
        "type": "Point",
        "coordinates": [
          121.4356766,
          31.2253197
        ]
      },
      "properties": {
        "attraction_id": "A_07446",
        "kind": "tourism",
        "category": "hotel_tourism",
        "label": "Hotel / Tourism",
        "name": "",
        "area_m2": 0.0,
        "weight": 35.0,
        "osm_id": 8490821272
      }
    },
    {
      "type": "Feature",
      "geometry": {
        "type": "Point",
        "coordinates": [
          121.4355867,
          31.2252847
        ]
      },
      "properties": {
        "attraction_id": "A_07447",
        "kind": "tourism",
        "category": "hotel_tourism",
        "label": "Hotel / Tourism",
        "name": "",
        "area_m2": 0.0,
        "weight": 35.0,
        "osm_id": 8490821273
      }
    },
    {
      "type": "Feature",
      "geometry": {
        "type": "Point",
        "coordinates": [
          121.4356301,
          31.2252241
        ]
      },
      "properties": {
        "attraction_id": "A_07448",
        "kind": "tourism",
        "category": "hotel_tourism",
        "label": "Hotel / Tourism",
        "name": "",
        "area_m2": 0.0,
        "weight": 35.0,
        "osm_id": 8490821274
      }
    },
    {
      "type": "Feature",
      "geometry": {
        "type": "Point",
        "coordinates": [
          121.4357218,
          31.225258
        ]
      },
      "properties": {
        "attraction_id": "A_07449",
        "kind": "tourism",
        "category": "hotel_tourism",
        "label": "Hotel / Tourism",
        "name": "",
        "area_m2": 0.0,
        "weight": 35.0,
        "osm_id": 8490821275
      }
    },
    {
      "type": "Feature",
      "geometry": {
        "type": "Point",
        "coordinates": [
          121.4356735,
          31.2251582
        ]
      },
      "properties": {
        "attraction_id": "A_07450",
        "kind": "tourism",
        "category": "hotel_tourism",
        "label": "Hotel / Tourism",
        "name": "",
        "area_m2": 0.0,
        "weight": 35.0,
        "osm_id": 8490821276
      }
    },
    {
      "type": "Feature",
      "geometry": {
        "type": "Point",
        "coordinates": [
          121.4357591,
          31.225199
        ]
      },
      "properties": {
        "attraction_id": "A_07451",
        "kind": "tourism",
        "category": "hotel_tourism",
        "label": "Hotel / Tourism",
        "name": "",
        "area_m2": 0.0,
        "weight": 35.0,
        "osm_id": 8490821277
      }
    },
    {
      "type": "Feature",
      "geometry": {
        "type": "Point",
        "coordinates": [
          121.472016,
          31.2399994
        ]
      },
      "properties": {
        "attraction_id": "A_07467",
        "kind": "tourism",
        "category": "hotel_tourism",
        "label": "Hotel / Tourism",
        "name": "汉庭酒店",
        "area_m2": 0.0,
        "weight": 35.0,
        "osm_id": 8508706925
      }
    },
    {
      "type": "Feature",
      "geometry": {
        "type": "Point",
        "coordinates": [
          121.4649486,
          31.1828031
        ]
      },
      "properties": {
        "attraction_id": "A_07473",
        "kind": "tourism",
        "category": "hotel_tourism",
        "label": "Hotel / Tourism",
        "name": "后滩滨江",
        "area_m2": 0.0,
        "weight": 35.0,
        "osm_id": 8542957518
      }
    },
    {
      "type": "Feature",
      "geometry": {
        "type": "Point",
        "coordinates": [
          121.4208991,
          31.2355889
        ]
      },
      "properties": {
        "attraction_id": "A_07476",
        "kind": "tourism",
        "category": "hotel_tourism",
        "label": "Hotel / Tourism",
        "name": "上海绿地普陀智选假日酒店",
        "area_m2": 0.0,
        "weight": 35.0,
        "osm_id": 8562278917
      }
    },
    {
      "type": "Feature",
      "geometry": {
        "type": "Point",
        "coordinates": [
          121.4237572,
          31.1993262
        ]
      },
      "properties": {
        "attraction_id": "A_07489",
        "kind": "tourism",
        "category": "hotel_tourism",
        "label": "Hotel / Tourism",
        "name": "",
        "area_m2": 0.0,
        "weight": 35.0,
        "osm_id": 8691061917
      }
    },
    {
      "type": "Feature",
      "geometry": {
        "type": "Point",
        "coordinates": [
          121.4392768,
          31.2211256
        ]
      },
      "properties": {
        "attraction_id": "A_07523",
        "kind": "tourism",
        "category": "hotel_tourism",
        "label": "Hotel / Tourism",
        "name": "Campanile",
        "area_m2": 0.0,
        "weight": 35.0,
        "osm_id": 8735230963
      }
    },
    {
      "type": "Feature",
      "geometry": {
        "type": "Point",
        "coordinates": [
          121.5110862,
          31.2323311
        ]
      },
      "properties": {
        "attraction_id": "A_07548",
        "kind": "tourism",
        "category": "hotel_tourism",
        "label": "Hotel / Tourism",
        "name": "",
        "area_m2": 0.0,
        "weight": 35.0,
        "osm_id": 8775429377
      }
    },
    {
      "type": "Feature",
      "geometry": {
        "type": "Point",
        "coordinates": [
          121.4299485,
          31.1828648
        ]
      },
      "properties": {
        "attraction_id": "A_07549",
        "kind": "tourism",
        "category": "hotel_tourism",
        "label": "Hotel / Tourism",
        "name": "",
        "area_m2": 0.0,
        "weight": 35.0,
        "osm_id": 8778839617
      }
    },
    {
      "type": "Feature",
      "geometry": {
        "type": "Point",
        "coordinates": [
          121.5108563,
          31.2345628
        ]
      },
      "properties": {
        "attraction_id": "A_07568",
        "kind": "tourism",
        "category": "hotel_tourism",
        "label": "Hotel / Tourism",
        "name": "全季酒店",
        "area_m2": 0.0,
        "weight": 35.0,
        "osm_id": 8841112983
      }
    },
    {
      "type": "Feature",
      "geometry": {
        "type": "Point",
        "coordinates": [
          121.5147772,
          31.2327662
        ]
      },
      "properties": {
        "attraction_id": "A_07569",
        "kind": "tourism",
        "category": "hotel_tourism",
        "label": "Hotel / Tourism",
        "name": "全季酒店",
        "area_m2": 0.0,
        "weight": 35.0,
        "osm_id": 8841144071
      }
    },
    {
      "type": "Feature",
      "geometry": {
        "type": "Point",
        "coordinates": [
          121.5124666,
          31.2353523
        ]
      },
      "properties": {
        "attraction_id": "A_07581",
        "kind": "tourism",
        "category": "hotel_tourism",
        "label": "Hotel / Tourism",
        "name": "世纪辰光",
        "area_m2": 0.0,
        "weight": 35.0,
        "osm_id": 8861104610
      }
    },
    {
      "type": "Feature",
      "geometry": {
        "type": "Point",
        "coordinates": [
          121.5013841,
          31.235435
        ]
      },
      "properties": {
        "attraction_id": "A_07604",
        "kind": "tourism",
        "category": "hotel_tourism",
        "label": "Hotel / Tourism",
        "name": "上海中心J酒店",
        "area_m2": 0.0,
        "weight": 35.0,
        "osm_id": 8920873726
      }
    },
    {
      "type": "Feature",
      "geometry": {
        "type": "Point",
        "coordinates": [
          121.5040084,
          31.2429383
        ]
      },
      "properties": {
        "attraction_id": "A_07620",
        "kind": "tourism",
        "category": "hotel_tourism",
        "label": "Hotel / Tourism",
        "name": "",
        "area_m2": 0.0,
        "weight": 35.0,
        "osm_id": 8927437178
      }
    },
    {
      "type": "Feature",
      "geometry": {
        "type": "Point",
        "coordinates": [
          121.531573,
          31.2486077
        ]
      },
      "properties": {
        "attraction_id": "A_07627",
        "kind": "tourism",
        "category": "hotel_tourism",
        "label": "Hotel / Tourism",
        "name": "",
        "area_m2": 0.0,
        "weight": 35.0,
        "osm_id": 8948834707
      }
    },
    {
      "type": "Feature",
      "geometry": {
        "type": "Point",
        "coordinates": [
          121.5123251,
          31.2297201
        ]
      },
      "properties": {
        "attraction_id": "A_07650",
        "kind": "tourism",
        "category": "hotel_tourism",
        "label": "Hotel / Tourism",
        "name": "",
        "area_m2": 0.0,
        "weight": 35.0,
        "osm_id": 8953970470
      }
    },
    {
      "type": "Feature",
      "geometry": {
        "type": "Point",
        "coordinates": [
          121.5171375,
          31.2327687
        ]
      },
      "properties": {
        "attraction_id": "A_07652",
        "kind": "tourism",
        "category": "hotel_tourism",
        "label": "Hotel / Tourism",
        "name": "",
        "area_m2": 0.0,
        "weight": 35.0,
        "osm_id": 8953971097
      }
    },
    {
      "type": "Feature",
      "geometry": {
        "type": "Point",
        "coordinates": [
          121.5193889,
          31.2287877
        ]
      },
      "properties": {
        "attraction_id": "A_07686",
        "kind": "tourism",
        "category": "hotel_tourism",
        "label": "Hotel / Tourism",
        "name": "宝安大酒店",
        "area_m2": 0.0,
        "weight": 35.0,
        "osm_id": 8954338830
      }
    },
    {
      "type": "Feature",
      "geometry": {
        "type": "Point",
        "coordinates": [
          121.4646405,
          31.2397653
        ]
      },
      "properties": {
        "attraction_id": "A_07808",
        "kind": "tourism",
        "category": "hotel_tourism",
        "label": "Hotel / Tourism",
        "name": "如家酒店",
        "area_m2": 0.0,
        "weight": 35.0,
        "osm_id": 8976344673
      }
    },
    {
      "type": "Feature",
      "geometry": {
        "type": "Point",
        "coordinates": [
          121.4387316,
          31.233573
        ]
      },
      "properties": {
        "attraction_id": "A_07930",
        "kind": "tourism",
        "category": "hotel_tourism",
        "label": "Hotel / Tourism",
        "name": "上海米局 House",
        "area_m2": 0.0,
        "weight": 35.0,
        "osm_id": 9121886782
      }
    },
    {
      "type": "Feature",
      "geometry": {
        "type": "Point",
        "coordinates": [
          121.4542176,
          31.2177202
        ]
      },
      "properties": {
        "attraction_id": "A_08052",
        "kind": "tourism",
        "category": "leisure_park",
        "label": "Leisure / Park",
        "name": "PURE",
        "area_m2": 0.0,
        "weight": 45.0,
        "osm_id": 9144197117
      }
    },
    {
      "type": "Feature",
      "geometry": {
        "type": "Point",
        "coordinates": [
          121.4552974,
          31.2184759
        ]
      },
      "properties": {
        "attraction_id": "A_08061",
        "kind": "tourism",
        "category": "hotel_tourism",
        "label": "Hotel / Tourism",
        "name": "Xiafeifang Former Site",
        "area_m2": 0.0,
        "weight": 35.0,
        "osm_id": 9234738022
      }
    },
    {
      "type": "Feature",
      "geometry": {
        "type": "Point",
        "coordinates": [
          121.4585494,
          31.2529376
        ]
      },
      "properties": {
        "attraction_id": "A_08096",
        "kind": "tourism",
        "category": "hotel_tourism",
        "label": "Hotel / Tourism",
        "name": "",
        "area_m2": 0.0,
        "weight": 35.0,
        "osm_id": 9269935250
      }
    },
    {
      "type": "Feature",
      "geometry": {
        "type": "Point",
        "coordinates": [
          121.5369992,
          31.2227108
        ]
      },
      "properties": {
        "attraction_id": "A_08199",
        "kind": "tourism",
        "category": "hotel_tourism",
        "label": "Hotel / Tourism",
        "name": "",
        "area_m2": 0.0,
        "weight": 35.0,
        "osm_id": 9402020100
      }
    },
    {
      "type": "Feature",
      "geometry": {
        "type": "Point",
        "coordinates": [
          121.5084939,
          31.2178821
        ]
      },
      "properties": {
        "attraction_id": "A_08208",
        "kind": "tourism",
        "category": "hotel_tourism",
        "label": "Hotel / Tourism",
        "name": "",
        "area_m2": 0.0,
        "weight": 35.0,
        "osm_id": 9406472314
      }
    },
    {
      "type": "Feature",
      "geometry": {
        "type": "Point",
        "coordinates": [
          121.5293831,
          31.2004362
        ]
      },
      "properties": {
        "attraction_id": "A_08214",
        "kind": "tourism",
        "category": "hotel_tourism",
        "label": "Hotel / Tourism",
        "name": "亚朵酒店",
        "area_m2": 0.0,
        "weight": 35.0,
        "osm_id": 9408869430
      }
    },
    {
      "type": "Feature",
      "geometry": {
        "type": "Point",
        "coordinates": [
          121.5195799,
          31.2379163
        ]
      },
      "properties": {
        "attraction_id": "A_08217",
        "kind": "tourism",
        "category": "hotel_tourism",
        "label": "Hotel / Tourism",
        "name": "新世界假日汇东酒店",
        "area_m2": 0.0,
        "weight": 35.0,
        "osm_id": 9409907124
      }
    },
    {
      "type": "Feature",
      "geometry": {
        "type": "Point",
        "coordinates": [
          121.4716438,
          31.236358
        ]
      },
      "properties": {
        "attraction_id": "A_08263",
        "kind": "tourism",
        "category": "hotel_tourism",
        "label": "Hotel / Tourism",
        "name": "康莱德酒店",
        "area_m2": 0.0,
        "weight": 35.0,
        "osm_id": 9467606617
      }
    },
    {
      "type": "Feature",
      "geometry": {
        "type": "Point",
        "coordinates": [
          121.5559916,
          31.2096126
        ]
      },
      "properties": {
        "attraction_id": "A_08285",
        "kind": "tourism",
        "category": "hotel_tourism",
        "label": "Hotel / Tourism",
        "name": "大唐国际公寓",
        "area_m2": 0.0,
        "weight": 35.0,
        "osm_id": 9531099817
      }
    },
    {
      "type": "Feature",
      "geometry": {
        "type": "Point",
        "coordinates": [
          121.4333391,
          31.2197334
        ]
      },
      "properties": {
        "attraction_id": "A_08348",
        "kind": "tourism",
        "category": "hotel_tourism",
        "label": "Hotel / Tourism",
        "name": "圆明讲堂YMSY",
        "area_m2": 0.0,
        "weight": 35.0,
        "osm_id": 9722142314
      }
    },
    {
      "type": "Feature",
      "geometry": {
        "type": "Point",
        "coordinates": [
          121.4408405,
          31.2053324
        ]
      },
      "properties": {
        "attraction_id": "A_09888",
        "kind": "tourism",
        "category": "hotel_tourism",
        "label": "Hotel / Tourism",
        "name": "",
        "area_m2": 0.0,
        "weight": 35.0,
        "osm_id": 10079468917
      }
    },
    {
      "type": "Feature",
      "geometry": {
        "type": "Point",
        "coordinates": [
          121.5014925,
          31.2357628
        ]
      },
      "properties": {
        "attraction_id": "A_10486",
        "kind": "tourism",
        "category": "hotel_tourism",
        "label": "Hotel / Tourism",
        "name": "上海观复博物馆",
        "area_m2": 0.0,
        "weight": 35.0,
        "osm_id": 10220959758
      }
    },
    {
      "type": "Feature",
      "geometry": {
        "type": "Point",
        "coordinates": [
          121.4275566,
          31.2197614
        ]
      },
      "properties": {
        "attraction_id": "A_10490",
        "kind": "tourism",
        "category": "hotel_tourism",
        "label": "Hotel / Tourism",
        "name": "一起一起青年旅舍",
        "area_m2": 0.0,
        "weight": 35.0,
        "osm_id": 10220959774
      }
    },
    {
      "type": "Feature",
      "geometry": {
        "type": "Point",
        "coordinates": [
          121.5550501,
          31.210508
        ]
      },
      "properties": {
        "attraction_id": "A_10534",
        "kind": "tourism",
        "category": "hotel_tourism",
        "label": "Hotel / Tourism",
        "name": "大唐盛世花园（二期）",
        "area_m2": 0.0,
        "weight": 35.0,
        "osm_id": 10226975917
      }
    },
    {
      "type": "Feature",
      "geometry": {
        "type": "Point",
        "coordinates": [
          121.5163585,
          31.1773862
        ]
      },
      "properties": {
        "attraction_id": "A_10595",
        "kind": "tourism",
        "category": "hotel_tourism",
        "label": "Hotel / Tourism",
        "name": "全季酒店",
        "area_m2": 0.0,
        "weight": 35.0,
        "osm_id": 10291107220
      }
    },
    {
      "type": "Feature",
      "geometry": {
        "type": "Point",
        "coordinates": [
          121.4287526,
          31.1911447
        ]
      },
      "properties": {
        "attraction_id": "A_10814",
        "kind": "tourism",
        "category": "hotel_tourism",
        "label": "Hotel / Tourism",
        "name": "景莱酒店臻选",
        "area_m2": 0.0,
        "weight": 35.0,
        "osm_id": 10725504804
      }
    },
    {
      "type": "Feature",
      "geometry": {
        "type": "Point",
        "coordinates": [
          121.4840321,
          31.2050872
        ]
      },
      "properties": {
        "attraction_id": "A_10817",
        "kind": "tourism",
        "category": "hotel_tourism",
        "label": "Hotel / Tourism",
        "name": "世和酒店",
        "area_m2": 0.0,
        "weight": 35.0,
        "osm_id": 10729646865
      }
    },
    {
      "type": "Feature",
      "geometry": {
        "type": "Point",
        "coordinates": [
          121.4857738,
          31.2044505
        ]
      },
      "properties": {
        "attraction_id": "A_10819",
        "kind": "tourism",
        "category": "hotel_tourism",
        "label": "Hotel / Tourism",
        "name": "7天酒店",
        "area_m2": 0.0,
        "weight": 35.0,
        "osm_id": 10729646881
      }
    },
    {
      "type": "Feature",
      "geometry": {
        "type": "Point",
        "coordinates": [
          121.4412672,
          31.2104246
        ]
      },
      "properties": {
        "attraction_id": "A_10903",
        "kind": "tourism",
        "category": "hotel_tourism",
        "label": "Hotel / Tourism",
        "name": "盛宣怀住宅",
        "area_m2": 0.0,
        "weight": 35.0,
        "osm_id": 10738288064
      }
    },
    {
      "type": "Feature",
      "geometry": {
        "type": "Point",
        "coordinates": [
          121.4664469,
          31.2329148
        ]
      },
      "properties": {
        "attraction_id": "A_10904",
        "kind": "tourism",
        "category": "hotel_tourism",
        "label": "Hotel / Tourism",
        "name": "跑马总会旧址",
        "area_m2": 0.0,
        "weight": 35.0,
        "osm_id": 10738290457
      }
    },
    {
      "type": "Feature",
      "geometry": {
        "type": "Point",
        "coordinates": [
          121.48496,
          31.2375354
        ]
      },
      "properties": {
        "attraction_id": "A_10905",
        "kind": "tourism",
        "category": "hotel_tourism",
        "label": "Hotel / Tourism",
        "name": "正广和洋行大楼",
        "area_m2": 0.0,
        "weight": 35.0,
        "osm_id": 10738295853
      }
    },
    {
      "type": "Feature",
      "geometry": {
        "type": "Point",
        "coordinates": [
          121.482244,
          31.2367102
        ]
      },
      "properties": {
        "attraction_id": "A_10906",
        "kind": "tourism",
        "category": "hotel_tourism",
        "label": "Hotel / Tourism",
        "name": "公共租界总巡捕房旧址",
        "area_m2": 0.0,
        "weight": 35.0,
        "osm_id": 10738295854
      }
    },
    {
      "type": "Feature",
      "geometry": {
        "type": "Point",
        "coordinates": [
          121.474268,
          31.237136
        ]
      },
      "properties": {
        "attraction_id": "A_10907",
        "kind": "tourism",
        "category": "hotel_tourism",
        "label": "Hotel / Tourism",
        "name": "新永安大楼",
        "area_m2": 0.0,
        "weight": 35.0,
        "osm_id": 10738298233
      }
    },
    {
      "type": "Feature",
      "geometry": {
        "type": "Point",
        "coordinates": [
          121.4822883,
          31.2379216
        ]
      },
      "properties": {
        "attraction_id": "A_10908",
        "kind": "tourism",
        "category": "hotel_tourism",
        "label": "Hotel / Tourism",
        "name": "公共租界工部局旧址",
        "area_m2": 0.0,
        "weight": 35.0,
        "osm_id": 10738298236
      }
    },
    {
      "type": "Feature",
      "geometry": {
        "type": "Point",
        "coordinates": [
          121.4367558,
          31.219993
        ]
      },
      "properties": {
        "attraction_id": "A_10909",
        "kind": "tourism",
        "category": "hotel_tourism",
        "label": "Hotel / Tourism",
        "name": "宏恩医院",
        "area_m2": 0.0,
        "weight": 35.0,
        "osm_id": 10738298237
      }
    },
    {
      "type": "Feature",
      "geometry": {
        "type": "Point",
        "coordinates": [
          121.4389535,
          31.2231345
        ]
      },
      "properties": {
        "attraction_id": "A_10910",
        "kind": "tourism",
        "category": "hotel_tourism",
        "label": "Hotel / Tourism",
        "name": "嘉道理爵士住宅",
        "area_m2": 0.0,
        "weight": 35.0,
        "osm_id": 10738298392
      }
    },
    {
      "type": "Feature",
      "geometry": {
        "type": "Point",
        "coordinates": [
          121.4833616,
          31.2553763
        ]
      },
      "properties": {
        "attraction_id": "A_10911",
        "kind": "tourism",
        "category": "hotel_tourism",
        "label": "Hotel / Tourism",
        "name": "虹口救火会",
        "area_m2": 0.0,
        "weight": 35.0,
        "osm_id": 10738301981
      }
    },
    {
      "type": "Feature",
      "geometry": {
        "type": "Point",
        "coordinates": [
          121.4795971,
          31.2384432
        ]
      },
      "properties": {
        "attraction_id": "A_10913",
        "kind": "tourism",
        "category": "hotel_tourism",
        "label": "Hotel / Tourism",
        "name": "东海大楼",
        "area_m2": 0.0,
        "weight": 35.0,
        "osm_id": 10738317085
      }
    },
    {
      "type": "Feature",
      "geometry": {
        "type": "Point",
        "coordinates": [
          121.4841968,
          31.2387176
        ]
      },
      "properties": {
        "attraction_id": "A_10914",
        "kind": "tourism",
        "category": "hotel_tourism",
        "label": "Hotel / Tourism",
        "name": "大清银行旧址",
        "area_m2": 0.0,
        "weight": 35.0,
        "osm_id": 10738729981
      }
    },
    {
      "type": "Feature",
      "geometry": {
        "type": "Point",
        "coordinates": [
          121.4672285,
          31.2353607
        ]
      },
      "properties": {
        "attraction_id": "A_11016",
        "kind": "tourism",
        "category": "hotel_tourism",
        "label": "Hotel / Tourism",
        "name": "国际饭店",
        "area_m2": 0.0,
        "weight": 35.0,
        "osm_id": 10749754011
      }
    },
    {
      "type": "Feature",
      "geometry": {
        "type": "Point",
        "coordinates": [
          121.4675053,
          31.2355881
        ]
      },
      "properties": {
        "attraction_id": "A_11017",
        "kind": "tourism",
        "category": "hotel_tourism",
        "label": "Hotel / Tourism",
        "name": "原西侨青年会",
        "area_m2": 0.0,
        "weight": 35.0,
        "osm_id": 10749754012
      }
    },
    {
      "type": "Feature",
      "geometry": {
        "type": "Point",
        "coordinates": [
          121.468192,
          31.2360854
        ]
      },
      "properties": {
        "attraction_id": "A_11018",
        "kind": "tourism",
        "category": "hotel_tourism",
        "label": "Hotel / Tourism",
        "name": "华安大楼",
        "area_m2": 0.0,
        "weight": 35.0,
        "osm_id": 10749754013
      }
    },
    {
      "type": "Feature",
      "geometry": {
        "type": "Point",
        "coordinates": [
          121.4733075,
          31.2292405
        ]
      },
      "properties": {
        "attraction_id": "A_11023",
        "kind": "tourism",
        "category": "hotel_tourism",
        "label": "Hotel / Tourism",
        "name": "南京大戏院",
        "area_m2": 0.0,
        "weight": 35.0,
        "osm_id": 10749776343
      }
    },
    {
      "type": "Feature",
      "geometry": {
        "type": "Point",
        "coordinates": [
          121.4697721,
          31.2382992
        ]
      },
      "properties": {
        "attraction_id": "A_11030",
        "kind": "tourism",
        "category": "hotel_tourism",
        "label": "Hotel / Tourism",
        "name": "全季酒店",
        "area_m2": 0.0,
        "weight": 35.0,
        "osm_id": 10750275193
      }
    },
    {
      "type": "Feature",
      "geometry": {
        "type": "Point",
        "coordinates": [
          121.4848912,
          31.2425914
        ]
      },
      "properties": {
        "attraction_id": "A_11033",
        "kind": "tourism",
        "category": "hotel_tourism",
        "label": "Hotel / Tourism",
        "name": "益丰洋行大楼",
        "area_m2": 0.0,
        "weight": 35.0,
        "osm_id": 10752242876
      }
    },
    {
      "type": "Feature",
      "geometry": {
        "type": "Point",
        "coordinates": [
          121.481877,
          31.2417859
        ]
      },
      "properties": {
        "attraction_id": "A_11036",
        "kind": "tourism",
        "category": "hotel_tourism",
        "label": "Hotel / Tourism",
        "name": "全季酒店",
        "area_m2": 0.0,
        "weight": 35.0,
        "osm_id": 10752707151
      }
    },
    {
      "type": "Feature",
      "geometry": {
        "type": "Point",
        "coordinates": [
          121.471641,
          31.237934
        ]
      },
      "properties": {
        "attraction_id": "A_11037",
        "kind": "tourism",
        "category": "hotel_tourism",
        "label": "Hotel / Tourism",
        "name": "一间森林",
        "area_m2": 0.0,
        "weight": 35.0,
        "osm_id": 10753364798
      }
    },
    {
      "type": "Feature",
      "geometry": {
        "type": "Point",
        "coordinates": [
          121.4828132,
          31.2332915
        ]
      },
      "properties": {
        "attraction_id": "A_11041",
        "kind": "tourism",
        "category": "hotel_tourism",
        "label": "Hotel / Tourism",
        "name": "华商纱布交易所旧址",
        "area_m2": 0.0,
        "weight": 35.0,
        "osm_id": 10755260683
      }
    },
    {
      "type": "Feature",
      "geometry": {
        "type": "Point",
        "coordinates": [
          121.4703038,
          31.236892
        ]
      },
      "properties": {
        "attraction_id": "A_11042",
        "kind": "tourism",
        "category": "hotel_tourism",
        "label": "Hotel / Tourism",
        "name": "大新百货大楼",
        "area_m2": 0.0,
        "weight": 35.0,
        "osm_id": 10755266453
      }
    },
    {
      "type": "Feature",
      "geometry": {
        "type": "Point",
        "coordinates": [
          121.4712169,
          31.2235633
        ]
      },
      "properties": {
        "attraction_id": "A_11047",
        "kind": "tourism",
        "category": "hotel_tourism",
        "label": "Hotel / Tourism",
        "name": "中国共产党第一次全国代表大会代表宿舍旧址",
        "area_m2": 0.0,
        "weight": 35.0,
        "osm_id": 10763850644
      }
    },
    {
      "type": "Feature",
      "geometry": {
        "type": "Point",
        "coordinates": [
          121.4365234,
          31.2153678
        ]
      },
      "properties": {
        "attraction_id": "A_11051",
        "kind": "tourism",
        "category": "hotel_tourism",
        "label": "Hotel / Tourism",
        "name": "黄佐临像",
        "area_m2": 0.0,
        "weight": 35.0,
        "osm_id": 10771248550
      }
    },
    {
      "type": "Feature",
      "geometry": {
        "type": "Point",
        "coordinates": [
          121.4708535,
          31.202279
        ]
      },
      "properties": {
        "attraction_id": "A_11053",
        "kind": "tourism",
        "category": "hotel_tourism",
        "label": "Hotel / Tourism",
        "name": "全季酒店",
        "area_m2": 0.0,
        "weight": 35.0,
        "osm_id": 10779467521
      }
    },
    {
      "type": "Feature",
      "geometry": {
        "type": "Point",
        "coordinates": [
          121.4399181,
          31.2243398
        ]
      },
      "properties": {
        "attraction_id": "A_11097",
        "kind": "tourism",
        "category": "hotel_tourism",
        "label": "Hotel / Tourism",
        "name": "",
        "area_m2": 0.0,
        "weight": 35.0,
        "osm_id": 10980594381
      }
    },
    {
      "type": "Feature",
      "geometry": {
        "type": "Point",
        "coordinates": [
          121.4612059,
          31.2251728
        ]
      },
      "properties": {
        "attraction_id": "A_11098",
        "kind": "tourism",
        "category": "hotel_tourism",
        "label": "Hotel / Tourism",
        "name": "迈克尔·杰克逊雕像",
        "area_m2": 0.0,
        "weight": 35.0,
        "osm_id": 11004253891
      }
    },
    {
      "type": "Feature",
      "geometry": {
        "type": "Point",
        "coordinates": [
          121.468026,
          31.2467861
        ]
      },
      "properties": {
        "attraction_id": "A_11185",
        "kind": "tourism",
        "category": "hotel_tourism",
        "label": "Hotel / Tourism",
        "name": "",
        "area_m2": 0.0,
        "weight": 35.0,
        "osm_id": 11099110205
      }
    },
    {
      "type": "Feature",
      "geometry": {
        "type": "Point",
        "coordinates": [
          121.4753175,
          31.2388685
        ]
      },
      "properties": {
        "attraction_id": "A_11197",
        "kind": "tourism",
        "category": "hotel_tourism",
        "label": "Hotel / Tourism",
        "name": "豪运大酒店",
        "area_m2": 0.0,
        "weight": 35.0,
        "osm_id": 11103584142
      }
    },
    {
      "type": "Feature",
      "geometry": {
        "type": "Point",
        "coordinates": [
          121.4742467,
          31.2370431
        ]
      },
      "properties": {
        "attraction_id": "A_11198",
        "kind": "tourism",
        "category": "hotel_tourism",
        "label": "Hotel / Tourism",
        "name": "七重天宾馆",
        "area_m2": 0.0,
        "weight": 35.0,
        "osm_id": 11103593984
      }
    },
    {
      "type": "Feature",
      "geometry": {
        "type": "Point",
        "coordinates": [
          121.457271,
          31.2112913
        ]
      },
      "properties": {
        "attraction_id": "A_11201",
        "kind": "tourism",
        "category": "hotel_tourism",
        "label": "Hotel / Tourism",
        "name": "",
        "area_m2": 0.0,
        "weight": 35.0,
        "osm_id": 11104120247
      }
    },
    {
      "type": "Feature",
      "geometry": {
        "type": "Point",
        "coordinates": [
          121.4855926,
          31.2374433
        ]
      },
      "properties": {
        "attraction_id": "A_11210",
        "kind": "tourism",
        "category": "hotel_tourism",
        "label": "Hotel / Tourism",
        "name": "旗昌洋行大楼",
        "area_m2": 0.0,
        "weight": 35.0,
        "osm_id": 11111962980
      }
    },
    {
      "type": "Feature",
      "geometry": {
        "type": "Point",
        "coordinates": [
          121.48097,
          31.2347678
        ]
      },
      "properties": {
        "attraction_id": "A_11211",
        "kind": "tourism",
        "category": "hotel_tourism",
        "label": "Hotel / Tourism",
        "name": "全季酒店",
        "area_m2": 0.0,
        "weight": 35.0,
        "osm_id": 11113042302
      }
    },
    {
      "type": "Feature",
      "geometry": {
        "type": "Point",
        "coordinates": [
          121.4896382,
          31.2327422
        ]
      },
      "properties": {
        "attraction_id": "A_11213",
        "kind": "tourism",
        "category": "hotel_tourism",
        "label": "Hotel / Tourism",
        "name": "太古洋行大楼",
        "area_m2": 0.0,
        "weight": 35.0,
        "osm_id": 11113374525
      }
    },
    {
      "type": "Feature",
      "geometry": {
        "type": "Point",
        "coordinates": [
          121.4879334,
          31.2344116
        ]
      },
      "properties": {
        "attraction_id": "A_11217",
        "kind": "tourism",
        "category": "hotel_tourism",
        "label": "Hotel / Tourism",
        "name": "法国邮船公司大楼",
        "area_m2": 0.0,
        "weight": 35.0,
        "osm_id": 11118532595
      }
    },
    {
      "type": "Feature",
      "geometry": {
        "type": "Point",
        "coordinates": [
          121.4816894,
          31.2439971
        ]
      },
      "properties": {
        "attraction_id": "A_11219",
        "kind": "tourism",
        "category": "hotel_tourism",
        "label": "Hotel / Tourism",
        "name": "全季酒店",
        "area_m2": 0.0,
        "weight": 35.0,
        "osm_id": 11121657712
      }
    },
    {
      "type": "Feature",
      "geometry": {
        "type": "Point",
        "coordinates": [
          121.476595,
          31.2363629
        ]
      },
      "properties": {
        "attraction_id": "A_11221",
        "kind": "tourism",
        "category": "hotel_tourism",
        "label": "Hotel / Tourism",
        "name": "全季酒店",
        "area_m2": 0.0,
        "weight": 35.0,
        "osm_id": 11121741160
      }
    },
    {
      "type": "Feature",
      "geometry": {
        "type": "Point",
        "coordinates": [
          121.4752691,
          31.2343104
        ]
      },
      "properties": {
        "attraction_id": "A_11222",
        "kind": "tourism",
        "category": "hotel_tourism",
        "label": "Hotel / Tourism",
        "name": "全季酒店",
        "area_m2": 0.0,
        "weight": 35.0,
        "osm_id": 11121754430
      }
    },
    {
      "type": "Feature",
      "geometry": {
        "type": "Point",
        "coordinates": [
          121.4798713,
          31.2381767
        ]
      },
      "properties": {
        "attraction_id": "A_11224",
        "kind": "tourism",
        "category": "hotel_tourism",
        "label": "Hotel / Tourism",
        "name": "全季酒店",
        "area_m2": 0.0,
        "weight": 35.0,
        "osm_id": 11121797275
      }
    },
    {
      "type": "Feature",
      "geometry": {
        "type": "Point",
        "coordinates": [
          121.4811781,
          31.2388386
        ]
      },
      "properties": {
        "attraction_id": "A_11225",
        "kind": "tourism",
        "category": "hotel_tourism",
        "label": "Hotel / Tourism",
        "name": "全季酒店",
        "area_m2": 0.0,
        "weight": 35.0,
        "osm_id": 11121797276
      }
    },
    {
      "type": "Feature",
      "geometry": {
        "type": "Point",
        "coordinates": [
          121.473581,
          31.2382448
        ]
      },
      "properties": {
        "attraction_id": "A_11226",
        "kind": "tourism",
        "category": "hotel_tourism",
        "label": "Hotel / Tourism",
        "name": "汉庭酒店",
        "area_m2": 0.0,
        "weight": 35.0,
        "osm_id": 11121867099
      }
    },
    {
      "type": "Feature",
      "geometry": {
        "type": "Point",
        "coordinates": [
          121.4768589,
          31.2359022
        ]
      },
      "properties": {
        "attraction_id": "A_11227",
        "kind": "tourism",
        "category": "hotel_tourism",
        "label": "Hotel / Tourism",
        "name": "汉庭酒店",
        "area_m2": 0.0,
        "weight": 35.0,
        "osm_id": 11121867100
      }
    },
    {
      "type": "Feature",
      "geometry": {
        "type": "Point",
        "coordinates": [
          121.4819265,
          31.2393545
        ]
      },
      "properties": {
        "attraction_id": "A_11228",
        "kind": "tourism",
        "category": "hotel_tourism",
        "label": "Hotel / Tourism",
        "name": "汉庭酒店",
        "area_m2": 0.0,
        "weight": 35.0,
        "osm_id": 11121867101
      }
    },
    {
      "type": "Feature",
      "geometry": {
        "type": "Point",
        "coordinates": [
          121.4825706,
          31.2388465
        ]
      },
      "properties": {
        "attraction_id": "A_11230",
        "kind": "tourism",
        "category": "hotel_tourism",
        "label": "Hotel / Tourism",
        "name": "汉庭酒店",
        "area_m2": 0.0,
        "weight": 35.0,
        "osm_id": 11121886478
      }
    },
    {
      "type": "Feature",
      "geometry": {
        "type": "Point",
        "coordinates": [
          121.4844626,
          31.2374045
        ]
      },
      "properties": {
        "attraction_id": "A_11385",
        "kind": "tourism",
        "category": "hotel_tourism",
        "label": "Hotel / Tourism",
        "name": "德国书信馆旧址",
        "area_m2": 0.0,
        "weight": 35.0,
        "osm_id": 11171949696
      }
    },
    {
      "type": "Feature",
      "geometry": {
        "type": "Point",
        "coordinates": [
          121.4838398,
          31.2386366
        ]
      },
      "properties": {
        "attraction_id": "A_11386",
        "kind": "tourism",
        "category": "hotel_tourism",
        "label": "Hotel / Tourism",
        "name": "四行储蓄会旧址",
        "area_m2": 0.0,
        "weight": 35.0,
        "osm_id": 11172043123
      }
    },
    {
      "type": "Feature",
      "geometry": {
        "type": "Point",
        "coordinates": [
          121.4814065,
          31.2396123
        ]
      },
      "properties": {
        "attraction_id": "A_11588",
        "kind": "tourism",
        "category": "hotel_tourism",
        "label": "Hotel / Tourism",
        "name": "艾迪逊酒店",
        "area_m2": 0.0,
        "weight": 35.0,
        "osm_id": 11195661228
      }
    },
    {
      "type": "Feature",
      "geometry": {
        "type": "Point",
        "coordinates": [
          121.4669251,
          31.242264
        ]
      },
      "properties": {
        "attraction_id": "A_11610",
        "kind": "tourism",
        "category": "hotel_tourism",
        "label": "Hotel / Tourism",
        "name": "上海四行仓库抗战纪念馆",
        "area_m2": 0.0,
        "weight": 35.0,
        "osm_id": 11205532011
      }
    },
    {
      "type": "Feature",
      "geometry": {
        "type": "Point",
        "coordinates": [
          121.5102756,
          31.1810078
        ]
      },
      "properties": {
        "attraction_id": "A_11650",
        "kind": "tourism",
        "category": "hotel_tourism",
        "label": "Hotel / Tourism",
        "name": "宿适精选酒店",
        "area_m2": 0.0,
        "weight": 35.0,
        "osm_id": 11209292983
      }
    },
    {
      "type": "Feature",
      "geometry": {
        "type": "Point",
        "coordinates": [
          121.46348,
          31.2066039
        ]
      },
      "properties": {
        "attraction_id": "A_11717",
        "kind": "tourism",
        "category": "hotel_tourism",
        "label": "Hotel / Tourism",
        "name": "汉庭酒店",
        "area_m2": 0.0,
        "weight": 35.0,
        "osm_id": 11209331687
      }
    },
    {
      "type": "Feature",
      "geometry": {
        "type": "Point",
        "coordinates": [
          121.4404858,
          31.246605
        ]
      },
      "properties": {
        "attraction_id": "A_11800",
        "kind": "tourism",
        "category": "hotel_tourism",
        "label": "Hotel / Tourism",
        "name": "你好酒店",
        "area_m2": 0.0,
        "weight": 35.0,
        "osm_id": 11209531741
      }
    },
    {
      "type": "Feature",
      "geometry": {
        "type": "Point",
        "coordinates": [
          121.4956834,
          31.2414919
        ]
      },
      "properties": {
        "attraction_id": "A_11868",
        "kind": "tourism",
        "category": "hotel_tourism",
        "label": "Hotel / Tourism",
        "name": "东方明珠",
        "area_m2": 0.0,
        "weight": 35.0,
        "osm_id": 11221706187
      }
    },
    {
      "type": "Feature",
      "geometry": {
        "type": "Point",
        "coordinates": [
          121.4972441,
          31.2423933
        ]
      },
      "properties": {
        "attraction_id": "A_11870",
        "kind": "tourism",
        "category": "hotel_tourism",
        "label": "Hotel / Tourism",
        "name": "上海海洋水族馆",
        "area_m2": 0.0,
        "weight": 35.0,
        "osm_id": 11221706209
      }
    },
    {
      "type": "Feature",
      "geometry": {
        "type": "Point",
        "coordinates": [
          121.5004394,
          31.2354554
        ]
      },
      "properties": {
        "attraction_id": "A_11882",
        "kind": "tourism",
        "category": "hotel_tourism",
        "label": "Hotel / Tourism",
        "name": "上海中心大厦",
        "area_m2": 0.0,
        "weight": 35.0,
        "osm_id": 11221740642
      }
    },
    {
      "type": "Feature",
      "geometry": {
        "type": "Point",
        "coordinates": [
          121.5090408,
          31.1746349
        ]
      },
      "properties": {
        "attraction_id": "A_11891",
        "kind": "tourism",
        "category": "hotel_tourism",
        "label": "Hotel / Tourism",
        "name": "宜必思酒店",
        "area_m2": 0.0,
        "weight": 35.0,
        "osm_id": 11221926453
      }
    },
    {
      "type": "Feature",
      "geometry": {
        "type": "Point",
        "coordinates": [
          121.4781579,
          31.2455309
        ]
      },
      "properties": {
        "attraction_id": "A_11969",
        "kind": "tourism",
        "category": "hotel_tourism",
        "label": "Hotel / Tourism",
        "name": "全季酒店",
        "area_m2": 0.0,
        "weight": 35.0,
        "osm_id": 11224948711
      }
    },
    {
      "type": "Feature",
      "geometry": {
        "type": "Point",
        "coordinates": [
          121.4678862,
          31.1550608
        ]
      },
      "properties": {
        "attraction_id": "A_11973",
        "kind": "tourism",
        "category": "hotel_tourism",
        "label": "Hotel / Tourism",
        "name": "金普顿前滩酒店",
        "area_m2": 0.0,
        "weight": 35.0,
        "osm_id": 11230141738
      }
    },
    {
      "type": "Feature",
      "geometry": {
        "type": "Point",
        "coordinates": [
          121.4715742,
          31.2144366
        ]
      },
      "properties": {
        "attraction_id": "A_12071",
        "kind": "tourism",
        "category": "hotel_tourism",
        "label": "Hotel / Tourism",
        "name": "",
        "area_m2": 0.0,
        "weight": 35.0,
        "osm_id": 11252253837
      }
    },
    {
      "type": "Feature",
      "geometry": {
        "type": "Point",
        "coordinates": [
          121.5154947,
          31.1693629
        ]
      },
      "properties": {
        "attraction_id": "A_12097",
        "kind": "tourism",
        "category": "hotel_tourism",
        "label": "Hotel / Tourism",
        "name": "飞达电竞酒店",
        "area_m2": 0.0,
        "weight": 35.0,
        "osm_id": 11266447428
      }
    },
    {
      "type": "Feature",
      "geometry": {
        "type": "Point",
        "coordinates": [
          121.4777725,
          31.2279293
        ]
      },
      "properties": {
        "attraction_id": "A_12113",
        "kind": "tourism",
        "category": "hotel_tourism",
        "label": "Hotel / Tourism",
        "name": "",
        "area_m2": 0.0,
        "weight": 35.0,
        "osm_id": 11279680169
      }
    },
    {
      "type": "Feature",
      "geometry": {
        "type": "Point",
        "coordinates": [
          121.520954,
          31.1453282
        ]
      },
      "properties": {
        "attraction_id": "A_12121",
        "kind": "tourism",
        "category": "hotel_tourism",
        "label": "Hotel / Tourism",
        "name": "99旅馆连锁",
        "area_m2": 0.0,
        "weight": 35.0,
        "osm_id": 11280892216
      }
    },
    {
      "type": "Feature",
      "geometry": {
        "type": "Point",
        "coordinates": [
          121.4860368,
          31.2403257
        ]
      },
      "properties": {
        "attraction_id": "A_12235",
        "kind": "tourism",
        "category": "hotel_tourism",
        "label": "Hotel / Tourism",
        "name": "外滩",
        "area_m2": 0.0,
        "weight": 35.0,
        "osm_id": 11290954427
      }
    },
    {
      "type": "Feature",
      "geometry": {
        "type": "Point",
        "coordinates": [
          121.49302,
          31.1674507
        ]
      },
      "properties": {
        "attraction_id": "A_12279",
        "kind": "tourism",
        "category": "hotel_tourism",
        "label": "Hotel / Tourism",
        "name": "汉庭酒店",
        "area_m2": 0.0,
        "weight": 35.0,
        "osm_id": 11303845337
      }
    },
    {
      "type": "Feature",
      "geometry": {
        "type": "Point",
        "coordinates": [
          121.5334029,
          31.1855921
        ]
      },
      "properties": {
        "attraction_id": "A_12317",
        "kind": "tourism",
        "category": "hotel_tourism",
        "label": "Hotel / Tourism",
        "name": "全季酒店",
        "area_m2": 0.0,
        "weight": 35.0,
        "osm_id": 11303966336
      }
    },
    {
      "type": "Feature",
      "geometry": {
        "type": "Point",
        "coordinates": [
          121.4413298,
          31.1537383
        ]
      },
      "properties": {
        "attraction_id": "A_12367",
        "kind": "tourism",
        "category": "hotel_tourism",
        "label": "Hotel / Tourism",
        "name": "",
        "area_m2": 0.0,
        "weight": 35.0,
        "osm_id": 11314399672
      }
    },
    {
      "type": "Feature",
      "geometry": {
        "type": "Point",
        "coordinates": [
          121.5119756,
          31.2337078
        ]
      },
      "properties": {
        "attraction_id": "A_12371",
        "kind": "tourism",
        "category": "hotel_tourism",
        "label": "Hotel / Tourism",
        "name": "有狐獴的燈光樓梯",
        "area_m2": 0.0,
        "weight": 35.0,
        "osm_id": 11314399772
      }
    },
    {
      "type": "Feature",
      "geometry": {
        "type": "Point",
        "coordinates": [
          121.4964079,
          31.2497097
        ]
      },
      "properties": {
        "attraction_id": "A_12372",
        "kind": "tourism",
        "category": "hotel_tourism",
        "label": "Hotel / Tourism",
        "name": "",
        "area_m2": 0.0,
        "weight": 35.0,
        "osm_id": 11314399773
      }
    },
    {
      "type": "Feature",
      "geometry": {
        "type": "Point",
        "coordinates": [
          121.4483431,
          31.1744334
        ]
      },
      "properties": {
        "attraction_id": "A_12377",
        "kind": "tourism",
        "category": "hotel_tourism",
        "label": "Hotel / Tourism",
        "name": "",
        "area_m2": 0.0,
        "weight": 35.0,
        "osm_id": 11314399973
      }
    },
    {
      "type": "Feature",
      "geometry": {
        "type": "Point",
        "coordinates": [
          121.4407061,
          31.151025
        ]
      },
      "properties": {
        "attraction_id": "A_12381",
        "kind": "tourism",
        "category": "hotel_tourism",
        "label": "Hotel / Tourism",
        "name": "",
        "area_m2": 0.0,
        "weight": 35.0,
        "osm_id": 11314399977
      }
    },
    {
      "type": "Feature",
      "geometry": {
        "type": "Point",
        "coordinates": [
          121.4774537,
          31.229571
        ]
      },
      "properties": {
        "attraction_id": "A_12506",
        "kind": "tourism",
        "category": "hotel_tourism",
        "label": "Hotel / Tourism",
        "name": "",
        "area_m2": 0.0,
        "weight": 35.0,
        "osm_id": 11399729871
      }
    },
    {
      "type": "Feature",
      "geometry": {
        "type": "Point",
        "coordinates": [
          121.4593381,
          31.2193773
        ]
      },
      "properties": {
        "attraction_id": "A_12523",
        "kind": "tourism",
        "category": "hotel_tourism",
        "label": "Hotel / Tourism",
        "name": "",
        "area_m2": 0.0,
        "weight": 35.0,
        "osm_id": 11409200369
      }
    },
    {
      "type": "Feature",
      "geometry": {
        "type": "Point",
        "coordinates": [
          121.4704212,
          31.2383471
        ]
      },
      "properties": {
        "attraction_id": "A_12547",
        "kind": "tourism",
        "category": "hotel_tourism",
        "label": "Hotel / Tourism",
        "name": "大隐国际青年旅舍",
        "area_m2": 0.0,
        "weight": 35.0,
        "osm_id": 11430461270
      }
    },
    {
      "type": "Feature",
      "geometry": {
        "type": "Point",
        "coordinates": [
          121.5534881,
          31.2105307
        ]
      },
      "properties": {
        "attraction_id": "A_12578",
        "kind": "tourism",
        "category": "hotel_tourism",
        "label": "Hotel / Tourism",
        "name": "网鱼电竞酒店",
        "area_m2": 0.0,
        "weight": 35.0,
        "osm_id": 11449407402
      }
    },
    {
      "type": "Feature",
      "geometry": {
        "type": "Point",
        "coordinates": [
          121.5508101,
          31.2095039
        ]
      },
      "properties": {
        "attraction_id": "A_12582",
        "kind": "tourism",
        "category": "hotel_tourism",
        "label": "Hotel / Tourism",
        "name": "汉庭酒店",
        "area_m2": 0.0,
        "weight": 35.0,
        "osm_id": 11449407470
      }
    },
    {
      "type": "Feature",
      "geometry": {
        "type": "Point",
        "coordinates": [
          121.545802,
          31.1963324
        ]
      },
      "properties": {
        "attraction_id": "A_12591",
        "kind": "tourism",
        "category": "hotel_tourism",
        "label": "Hotel / Tourism",
        "name": "杨建华大酒店",
        "area_m2": 0.0,
        "weight": 35.0,
        "osm_id": 11459464576
      }
    },
    {
      "type": "Feature",
      "geometry": {
        "type": "Point",
        "coordinates": [
          121.5434499,
          31.2029528
        ]
      },
      "properties": {
        "attraction_id": "A_12593",
        "kind": "tourism",
        "category": "hotel_tourism",
        "label": "Hotel / Tourism",
        "name": "全季酒店",
        "area_m2": 0.0,
        "weight": 35.0,
        "osm_id": 11459508671
      }
    },
    {
      "type": "Feature",
      "geometry": {
        "type": "Point",
        "coordinates": [
          121.5516075,
          31.1835644
        ]
      },
      "properties": {
        "attraction_id": "A_12621",
        "kind": "tourism",
        "category": "hotel_tourism",
        "label": "Hotel / Tourism",
        "name": "如家酒店",
        "area_m2": 0.0,
        "weight": 35.0,
        "osm_id": 11461755770
      }
    },
    {
      "type": "Feature",
      "geometry": {
        "type": "Point",
        "coordinates": [
          121.5496139,
          31.1850183
        ]
      },
      "properties": {
        "attraction_id": "A_12626",
        "kind": "tourism",
        "category": "hotel_tourism",
        "label": "Hotel / Tourism",
        "name": "上海茂业雅院北蔡酒店公寓",
        "area_m2": 0.0,
        "weight": 35.0,
        "osm_id": 11461755848
      }
    },
    {
      "type": "Feature",
      "geometry": {
        "type": "Point",
        "coordinates": [
          121.550073,
          31.1848609
        ]
      },
      "properties": {
        "attraction_id": "A_12627",
        "kind": "tourism",
        "category": "hotel_tourism",
        "label": "Hotel / Tourism",
        "name": "上海浦东茂业万枫酒店",
        "area_m2": 0.0,
        "weight": 35.0,
        "osm_id": 11461755849
      }
    },
    {
      "type": "Feature",
      "geometry": {
        "type": "Point",
        "coordinates": [
          121.4341,
          31.2060484
        ]
      },
      "properties": {
        "attraction_id": "A_12691",
        "kind": "tourism",
        "category": "hotel_tourism",
        "label": "Hotel / Tourism",
        "name": "",
        "area_m2": 0.0,
        "weight": 35.0,
        "osm_id": 11524248578
      }
    },
    {
      "type": "Feature",
      "geometry": {
        "type": "Point",
        "coordinates": [
          121.5002022,
          31.1408476
        ]
      },
      "properties": {
        "attraction_id": "A_12696",
        "kind": "tourism",
        "category": "hotel_tourism",
        "label": "Hotel / Tourism",
        "name": "三林老街",
        "area_m2": 0.0,
        "weight": 35.0,
        "osm_id": 11539204826
      }
    },
    {
      "type": "Feature",
      "geometry": {
        "type": "Point",
        "coordinates": [
          121.5014298,
          31.141232
        ]
      },
      "properties": {
        "attraction_id": "A_12698",
        "kind": "tourism",
        "category": "hotel_tourism",
        "label": "Hotel / Tourism",
        "name": "三林名人廊",
        "area_m2": 0.0,
        "weight": 35.0,
        "osm_id": 11539204829
      }
    },
    {
      "type": "Feature",
      "geometry": {
        "type": "Point",
        "coordinates": [
          121.4355075,
          31.2187347
        ]
      },
      "properties": {
        "attraction_id": "A_12799",
        "kind": "tourism",
        "category": "hotel_tourism",
        "label": "Hotel / Tourism",
        "name": "熊佛西像",
        "area_m2": 0.0,
        "weight": 35.0,
        "osm_id": 11750705503
      }
    },
    {
      "type": "Feature",
      "geometry": {
        "type": "Point",
        "coordinates": [
          121.4775792,
          31.2449875
        ]
      },
      "properties": {
        "attraction_id": "A_12830",
        "kind": "tourism",
        "category": "hotel_tourism",
        "label": "Hotel / Tourism",
        "name": "上海总商会旧址",
        "area_m2": 0.0,
        "weight": 35.0,
        "osm_id": 11770725674
      }
    },
    {
      "type": "Feature",
      "geometry": {
        "type": "Point",
        "coordinates": [
          121.4813502,
          31.2421497
        ]
      },
      "properties": {
        "attraction_id": "A_12831",
        "kind": "tourism",
        "category": "hotel_tourism",
        "label": "Hotel / Tourism",
        "name": "",
        "area_m2": 0.0,
        "weight": 35.0,
        "osm_id": 11770765269
      }
    },
    {
      "type": "Feature",
      "geometry": {
        "type": "Point",
        "coordinates": [
          121.4822715,
          31.2310538
        ]
      },
      "properties": {
        "attraction_id": "A_12833",
        "kind": "tourism",
        "category": "hotel_tourism",
        "label": "Hotel / Tourism",
        "name": "",
        "area_m2": 0.0,
        "weight": 35.0,
        "osm_id": 11772265474
      }
    },
    {
      "type": "Feature",
      "geometry": {
        "type": "Point",
        "coordinates": [
          121.5055564,
          31.2551265
        ]
      },
      "properties": {
        "attraction_id": "A_12837",
        "kind": "tourism",
        "category": "hotel_tourism",
        "label": "Hotel / Tourism",
        "name": "百老汇大戏院旧址",
        "area_m2": 0.0,
        "weight": 35.0,
        "osm_id": 11773670368
      }
    },
    {
      "type": "Feature",
      "geometry": {
        "type": "Point",
        "coordinates": [
          121.4815461,
          31.2580393
        ]
      },
      "properties": {
        "attraction_id": "A_12839",
        "kind": "tourism",
        "category": "hotel_tourism",
        "label": "Hotel / Tourism",
        "name": "Somerset",
        "area_m2": 0.0,
        "weight": 35.0,
        "osm_id": 11774886670
      }
    },
    {
      "type": "Feature",
      "geometry": {
        "type": "Point",
        "coordinates": [
          121.485522,
          31.2269519
        ]
      },
      "properties": {
        "attraction_id": "A_12845",
        "kind": "tourism",
        "category": "hotel_tourism",
        "label": "Hotel / Tourism",
        "name": "老上海茶楼",
        "area_m2": 0.0,
        "weight": 35.0,
        "osm_id": 11775542569
      }
    },
    {
      "type": "Feature",
      "geometry": {
        "type": "Point",
        "coordinates": [
          121.4797753,
          31.229165
        ]
      },
      "properties": {
        "attraction_id": "A_12846",
        "kind": "tourism",
        "category": "hotel_tourism",
        "label": "Hotel / Tourism",
        "name": "上海古城墙遗址",
        "area_m2": 0.0,
        "weight": 35.0,
        "osm_id": 11775558969
      }
    },
    {
      "type": "Feature",
      "geometry": {
        "type": "Point",
        "coordinates": [
          121.44418,
          31.1899359
        ]
      },
      "properties": {
        "attraction_id": "A_12983",
        "kind": "tourism",
        "category": "hotel_tourism",
        "label": "Hotel / Tourism",
        "name": "600号画廊",
        "area_m2": 0.0,
        "weight": 35.0,
        "osm_id": 11813767451
      }
    },
    {
      "type": "Feature",
      "geometry": {
        "type": "Point",
        "coordinates": [
          121.5089731,
          31.2060784
        ]
      },
      "properties": {
        "attraction_id": "A_13031",
        "kind": "tourism",
        "category": "hotel_tourism",
        "label": "Hotel / Tourism",
        "name": "",
        "area_m2": 0.0,
        "weight": 35.0,
        "osm_id": 11828515702
      }
    },
    {
      "type": "Feature",
      "geometry": {
        "type": "Point",
        "coordinates": [
          121.509001,
          31.2061063
        ]
      },
      "properties": {
        "attraction_id": "A_13032",
        "kind": "tourism",
        "category": "hotel_tourism",
        "label": "Hotel / Tourism",
        "name": "",
        "area_m2": 0.0,
        "weight": 35.0,
        "osm_id": 11828516392
      }
    },
    {
      "type": "Feature",
      "geometry": {
        "type": "Point",
        "coordinates": [
          121.4461444,
          31.2249373
        ]
      },
      "properties": {
        "attraction_id": "A_13033",
        "kind": "tourism",
        "category": "hotel_tourism",
        "label": "Hotel / Tourism",
        "name": "Jing-An Shangri-La",
        "area_m2": 0.0,
        "weight": 35.0,
        "osm_id": 11830067610
      }
    },
    {
      "type": "Feature",
      "geometry": {
        "type": "Point",
        "coordinates": [
          121.4505954,
          31.214524
        ]
      },
      "properties": {
        "attraction_id": "A_13041",
        "kind": "tourism",
        "category": "hotel_tourism",
        "label": "Hotel / Tourism",
        "name": "汾阳花园酒店",
        "area_m2": 0.0,
        "weight": 35.0,
        "osm_id": 11837764426
      }
    },
    {
      "type": "Feature",
      "geometry": {
        "type": "Point",
        "coordinates": [
          121.4711735,
          31.2379285
        ]
      },
      "properties": {
        "attraction_id": "A_13044",
        "kind": "tourism",
        "category": "hotel_tourism",
        "label": "Hotel / Tourism",
        "name": "老闸捕房旧址",
        "area_m2": 0.0,
        "weight": 35.0,
        "osm_id": 11841684246
      }
    },
    {
      "type": "Feature",
      "geometry": {
        "type": "Point",
        "coordinates": [
          121.4034828,
          31.2543941
        ]
      },
      "properties": {
        "attraction_id": "A_13045",
        "kind": "tourism",
        "category": "hotel_tourism",
        "label": "Hotel / Tourism",
        "name": "上海大都会海逸酒店",
        "area_m2": 0.0,
        "weight": 35.0,
        "osm_id": 11841937493
      }
    },
    {
      "type": "Feature",
      "geometry": {
        "type": "Point",
        "coordinates": [
          121.4395607,
          31.2395032
        ]
      },
      "properties": {
        "attraction_id": "A_13060",
        "kind": "tourism",
        "category": "hotel_tourism",
        "label": "Hotel / Tourism",
        "name": "",
        "area_m2": 0.0,
        "weight": 35.0,
        "osm_id": 11878226169
      }
    },
    {
      "type": "Feature",
      "geometry": {
        "type": "Point",
        "coordinates": [
          121.4837009,
          31.2359752
        ]
      },
      "properties": {
        "attraction_id": "A_13091",
        "kind": "tourism",
        "category": "hotel_tourism",
        "label": "Hotel / Tourism",
        "name": "宜兰贵斯酒店",
        "area_m2": 0.0,
        "weight": 35.0,
        "osm_id": 11905824569
      }
    },
    {
      "type": "Feature",
      "geometry": {
        "type": "Point",
        "coordinates": [
          121.4848122,
          31.2185885
        ]
      },
      "properties": {
        "attraction_id": "A_13155",
        "kind": "tourism",
        "category": "hotel_tourism",
        "label": "Hotel / Tourism",
        "name": "",
        "area_m2": 0.0,
        "weight": 35.0,
        "osm_id": 11952903472
      }
    },
    {
      "type": "Feature",
      "geometry": {
        "type": "Point",
        "coordinates": [
          121.4603596,
          31.2381234
        ]
      },
      "properties": {
        "attraction_id": "A_13156",
        "kind": "tourism",
        "category": "hotel_tourism",
        "label": "Hotel / Tourism",
        "name": "",
        "area_m2": 0.0,
        "weight": 35.0,
        "osm_id": 11958530706
      }
    },
    {
      "type": "Feature",
      "geometry": {
        "type": "Point",
        "coordinates": [
          121.4157652,
          31.2242713
        ]
      },
      "properties": {
        "attraction_id": "A_13176",
        "kind": "tourism",
        "category": "hotel_tourism",
        "label": "Hotel / Tourism",
        "name": "",
        "area_m2": 0.0,
        "weight": 35.0,
        "osm_id": 11972022711
      }
    },
    {
      "type": "Feature",
      "geometry": {
        "type": "Point",
        "coordinates": [
          121.4280405,
          31.1524397
        ]
      },
      "properties": {
        "attraction_id": "A_13248",
        "kind": "tourism",
        "category": "hotel_tourism",
        "label": "Hotel / Tourism",
        "name": "善友旅馆",
        "area_m2": 0.0,
        "weight": 35.0,
        "osm_id": 11993463900
      }
    },
    {
      "type": "Feature",
      "geometry": {
        "type": "Point",
        "coordinates": [
          121.4279191,
          31.1523015
        ]
      },
      "properties": {
        "attraction_id": "A_13250",
        "kind": "tourism",
        "category": "hotel_tourism",
        "label": "Hotel / Tourism",
        "name": "红丰乐旅馆",
        "area_m2": 0.0,
        "weight": 35.0,
        "osm_id": 11993463904
      }
    },
    {
      "type": "Feature",
      "geometry": {
        "type": "Point",
        "coordinates": [
          121.427755,
          31.1521599
        ]
      },
      "properties": {
        "attraction_id": "A_13251",
        "kind": "tourism",
        "category": "hotel_tourism",
        "label": "Hotel / Tourism",
        "name": "友川旅馆",
        "area_m2": 0.0,
        "weight": 35.0,
        "osm_id": 11993463906
      }
    },
    {
      "type": "Feature",
      "geometry": {
        "type": "Point",
        "coordinates": [
          121.4290477,
          31.1541001
        ]
      },
      "properties": {
        "attraction_id": "A_13255",
        "kind": "tourism",
        "category": "hotel_tourism",
        "label": "Hotel / Tourism",
        "name": "亚朵酒店",
        "area_m2": 0.0,
        "weight": 35.0,
        "osm_id": 11993463917
      }
    },
    {
      "type": "Feature",
      "geometry": {
        "type": "Point",
        "coordinates": [
          121.4289243,
          31.153304
        ]
      },
      "properties": {
        "attraction_id": "A_13260",
        "kind": "tourism",
        "category": "hotel_tourism",
        "label": "Hotel / Tourism",
        "name": "新雨龙旅馆",
        "area_m2": 0.0,
        "weight": 35.0,
        "osm_id": 11993463923
      }
    },
    {
      "type": "Feature",
      "geometry": {
        "type": "Point",
        "coordinates": [
          121.4292402,
          31.1536271
        ]
      },
      "properties": {
        "attraction_id": "A_13261",
        "kind": "tourism",
        "category": "hotel_tourism",
        "label": "Hotel / Tourism",
        "name": "南栈旅馆",
        "area_m2": 0.0,
        "weight": 35.0,
        "osm_id": 11993463924
      }
    },
    {
      "type": "Feature",
      "geometry": {
        "type": "Point",
        "coordinates": [
          121.4294784,
          31.1538418
        ]
      },
      "properties": {
        "attraction_id": "A_13262",
        "kind": "tourism",
        "category": "hotel_tourism",
        "label": "Hotel / Tourism",
        "name": "朗逸旅馆",
        "area_m2": 0.0,
        "weight": 35.0,
        "osm_id": 11993463925
      }
    },
    {
      "type": "Feature",
      "geometry": {
        "type": "Point",
        "coordinates": [
          121.4297153,
          31.1540953
        ]
      },
      "properties": {
        "attraction_id": "A_13264",
        "kind": "tourism",
        "category": "hotel_tourism",
        "label": "Hotel / Tourism",
        "name": "南好旅馆",
        "area_m2": 0.0,
        "weight": 35.0,
        "osm_id": 11993463927
      }
    },
    {
      "type": "Feature",
      "geometry": {
        "type": "Point",
        "coordinates": [
          121.4297804,
          31.1541579
        ]
      },
      "properties": {
        "attraction_id": "A_13265",
        "kind": "tourism",
        "category": "hotel_tourism",
        "label": "Hotel / Tourism",
        "name": "正鸿旅馆",
        "area_m2": 0.0,
        "weight": 35.0,
        "osm_id": 11993463928
      }
    },
    {
      "type": "Feature",
      "geometry": {
        "type": "Point",
        "coordinates": [
          121.4301253,
          31.1544541
        ]
      },
      "properties": {
        "attraction_id": "A_13268",
        "kind": "tourism",
        "category": "hotel_tourism",
        "label": "Hotel / Tourism",
        "name": "大云旅馆",
        "area_m2": 0.0,
        "weight": 35.0,
        "osm_id": 11993463931
      }
    },
    {
      "type": "Feature",
      "geometry": {
        "type": "Point",
        "coordinates": [
          121.4505672,
          31.2253028
        ]
      },
      "properties": {
        "attraction_id": "A_13296",
        "kind": "tourism",
        "category": "hotel_tourism",
        "label": "Hotel / Tourism",
        "name": "",
        "area_m2": 0.0,
        "weight": 35.0,
        "osm_id": 12020460372
      }
    },
    {
      "type": "Feature",
      "geometry": {
        "type": "Point",
        "coordinates": [
          121.5593503,
          31.1544709
        ]
      },
      "properties": {
        "attraction_id": "A_13367",
        "kind": "tourism",
        "category": "hotel_tourism",
        "label": "Hotel / Tourism",
        "name": "曼尼菲假日酒店",
        "area_m2": 0.0,
        "weight": 35.0,
        "osm_id": 12045205910
      }
    },
    {
      "type": "Feature",
      "geometry": {
        "type": "Point",
        "coordinates": [
          121.4160247,
          31.2581968
        ]
      },
      "properties": {
        "attraction_id": "A_13369",
        "kind": "tourism",
        "category": "hotel_tourism",
        "label": "Hotel / Tourism",
        "name": "品尊党群服务中心",
        "area_m2": 0.0,
        "weight": 35.0,
        "osm_id": 12045664517
      }
    },
    {
      "type": "Feature",
      "geometry": {
        "type": "Point",
        "coordinates": [
          121.4657715,
          31.2554642
        ]
      },
      "properties": {
        "attraction_id": "A_13389",
        "kind": "tourism",
        "category": "hotel_tourism",
        "label": "Hotel / Tourism",
        "name": "总工会旧址",
        "area_m2": 0.0,
        "weight": 35.0,
        "osm_id": 12060854649
      }
    },
    {
      "type": "Feature",
      "geometry": {
        "type": "Point",
        "coordinates": [
          121.4786561,
          31.2428598
        ]
      },
      "properties": {
        "attraction_id": "A_13390",
        "kind": "tourism",
        "category": "hotel_tourism",
        "label": "Hotel / Tourism",
        "name": "子鱼居酒店",
        "area_m2": 0.0,
        "weight": 35.0,
        "osm_id": 12063267960
      }
    },
    {
      "type": "Feature",
      "geometry": {
        "type": "Point",
        "coordinates": [
          121.4872552,
          31.2464211
        ]
      },
      "properties": {
        "attraction_id": "A_13395",
        "kind": "tourism",
        "category": "hotel_tourism",
        "label": "Hotel / Tourism",
        "name": "上海外滩中南海滨酒店",
        "area_m2": 0.0,
        "weight": 35.0,
        "osm_id": 12068137583
      }
    },
    {
      "type": "Feature",
      "geometry": {
        "type": "Point",
        "coordinates": [
          121.4518625,
          31.2247665
        ]
      },
      "properties": {
        "attraction_id": "A_13408",
        "kind": "tourism",
        "category": "hotel_tourism",
        "label": "Hotel / Tourism",
        "name": "",
        "area_m2": 0.0,
        "weight": 35.0,
        "osm_id": 12074745100
      }
    },
    {
      "type": "Feature",
      "geometry": {
        "type": "Point",
        "coordinates": [
          121.4429677,
          31.2206731
        ]
      },
      "properties": {
        "attraction_id": "A_13409",
        "kind": "tourism",
        "category": "hotel_tourism",
        "label": "Hotel / Tourism",
        "name": "蔡元培故居",
        "area_m2": 0.0,
        "weight": 35.0,
        "osm_id": 12074745111
      }
    },
    {
      "type": "Feature",
      "geometry": {
        "type": "Point",
        "coordinates": [
          121.4559419,
          31.2282905
        ]
      },
      "properties": {
        "attraction_id": "A_13411",
        "kind": "tourism",
        "category": "hotel_tourism",
        "label": "Hotel / Tourism",
        "name": "毛泽东旧居",
        "area_m2": 0.0,
        "weight": 35.0,
        "osm_id": 12074779376
      }
    },
    {
      "type": "Feature",
      "geometry": {
        "type": "Point",
        "coordinates": [
          121.4501495,
          31.2497964
        ]
      },
      "properties": {
        "attraction_id": "A_13413",
        "kind": "tourism",
        "category": "hotel_tourism",
        "label": "Hotel / Tourism",
        "name": "",
        "area_m2": 0.0,
        "weight": 35.0,
        "osm_id": 12089052934
      }
    },
    {
      "type": "Feature",
      "geometry": {
        "type": "Point",
        "coordinates": [
          121.4599142,
          31.2295411
        ]
      },
      "properties": {
        "attraction_id": "A_13426",
        "kind": "tourism",
        "category": "hotel_tourism",
        "label": "Hotel / Tourism",
        "name": "上海素凯泰酒店",
        "area_m2": 0.0,
        "weight": 35.0,
        "osm_id": 12119978630
      }
    },
    {
      "type": "Feature",
      "geometry": {
        "type": "Point",
        "coordinates": [
          121.4322427,
          31.2509529
        ]
      },
      "properties": {
        "attraction_id": "A_13428",
        "kind": "tourism",
        "category": "hotel_tourism",
        "label": "Hotel / Tourism",
        "name": "上海造币博物馆",
        "area_m2": 0.0,
        "weight": 35.0,
        "osm_id": 12127067458
      }
    },
    {
      "type": "Feature",
      "geometry": {
        "type": "Point",
        "coordinates": [
          121.4415271,
          31.248646
        ]
      },
      "properties": {
        "attraction_id": "A_13429",
        "kind": "tourism",
        "category": "hotel_tourism",
        "label": "Hotel / Tourism",
        "name": "上海纺织博物馆",
        "area_m2": 0.0,
        "weight": 35.0,
        "osm_id": 12127449455
      }
    },
    {
      "type": "Feature",
      "geometry": {
        "type": "Point",
        "coordinates": [
          121.4324432,
          31.2508065
        ]
      },
      "properties": {
        "attraction_id": "A_13430",
        "kind": "tourism",
        "category": "hotel_tourism",
        "label": "Hotel / Tourism",
        "name": "",
        "area_m2": 0.0,
        "weight": 35.0,
        "osm_id": 12131063714
      }
    },
    {
      "type": "Feature",
      "geometry": {
        "type": "Point",
        "coordinates": [
          121.4960311,
          31.1481696
        ]
      },
      "properties": {
        "attraction_id": "A_13450",
        "kind": "tourism",
        "category": "hotel_tourism",
        "label": "Hotel / Tourism",
        "name": "",
        "area_m2": 0.0,
        "weight": 35.0,
        "osm_id": 12169406294
      }
    },
    {
      "type": "Feature",
      "geometry": {
        "type": "Point",
        "coordinates": [
          121.4943127,
          31.1476542
        ]
      },
      "properties": {
        "attraction_id": "A_13451",
        "kind": "tourism",
        "category": "hotel_tourism",
        "label": "Hotel / Tourism",
        "name": "",
        "area_m2": 0.0,
        "weight": 35.0,
        "osm_id": 12169406295
      }
    },
    {
      "type": "Feature",
      "geometry": {
        "type": "Point",
        "coordinates": [
          121.4741851,
          31.2318982
        ]
      },
      "properties": {
        "attraction_id": "A_13452",
        "kind": "tourism",
        "category": "hotel_tourism",
        "label": "Hotel / Tourism",
        "name": "",
        "area_m2": 0.0,
        "weight": 35.0,
        "osm_id": 12173011984
      }
    },
    {
      "type": "Feature",
      "geometry": {
        "type": "Point",
        "coordinates": [
          121.4740632,
          31.169841
        ]
      },
      "properties": {
        "attraction_id": "A_13459",
        "kind": "tourism",
        "category": "hotel_tourism",
        "label": "Hotel / Tourism",
        "name": "全季酒店",
        "area_m2": 0.0,
        "weight": 35.0,
        "osm_id": 12174947833
      }
    },
    {
      "type": "Feature",
      "geometry": {
        "type": "Point",
        "coordinates": [
          121.4938321,
          31.1480698
        ]
      },
      "properties": {
        "attraction_id": "A_13494",
        "kind": "tourism",
        "category": "hotel_tourism",
        "label": "Hotel / Tourism",
        "name": "上海祥舒旅馆",
        "area_m2": 0.0,
        "weight": 35.0,
        "osm_id": 12190323437
      }
    },
    {
      "type": "Feature",
      "geometry": {
        "type": "Point",
        "coordinates": [
          121.4937947,
          31.1481788
        ]
      },
      "properties": {
        "attraction_id": "A_13495",
        "kind": "tourism",
        "category": "hotel_tourism",
        "label": "Hotel / Tourism",
        "name": "上海緑盛浴池住宿",
        "area_m2": 0.0,
        "weight": 35.0,
        "osm_id": 12190323438
      }
    },
    {
      "type": "Feature",
      "geometry": {
        "type": "Point",
        "coordinates": [
          121.4935785,
          31.1485835
        ]
      },
      "properties": {
        "attraction_id": "A_13500",
        "kind": "tourism",
        "category": "hotel_tourism",
        "label": "Hotel / Tourism",
        "name": "雨绿旅馆",
        "area_m2": 0.0,
        "weight": 35.0,
        "osm_id": 12190323443
      }
    },
    {
      "type": "Feature",
      "geometry": {
        "type": "Point",
        "coordinates": [
          121.494035,
          31.1486203
        ]
      },
      "properties": {
        "attraction_id": "A_13507",
        "kind": "tourism",
        "category": "hotel_tourism",
        "label": "Hotel / Tourism",
        "name": "",
        "area_m2": 0.0,
        "weight": 35.0,
        "osm_id": 12190323457
      }
    },
    {
      "type": "Feature",
      "geometry": {
        "type": "Point",
        "coordinates": [
          121.4941211,
          31.1486839
        ]
      },
      "properties": {
        "attraction_id": "A_13508",
        "kind": "tourism",
        "category": "hotel_tourism",
        "label": "Hotel / Tourism",
        "name": "",
        "area_m2": 0.0,
        "weight": 35.0,
        "osm_id": 12190323458
      }
    },
    {
      "type": "Feature",
      "geometry": {
        "type": "Point",
        "coordinates": [
          121.4968111,
          31.2590348
        ]
      },
      "properties": {
        "attraction_id": "A_13516",
        "kind": "tourism",
        "category": "hotel_tourism",
        "label": "Hotel / Tourism",
        "name": "漫心酒店（上海北外滩周家嘴路店）",
        "area_m2": 0.0,
        "weight": 35.0,
        "osm_id": 12192902211
      }
    },
    {
      "type": "Feature",
      "geometry": {
        "type": "Point",
        "coordinates": [
          121.5000484,
          31.2566514
        ]
      },
      "properties": {
        "attraction_id": "A_13530",
        "kind": "tourism",
        "category": "hotel_tourism",
        "label": "Hotel / Tourism",
        "name": "桔子酒店（上海公平路北外滩店）",
        "area_m2": 0.0,
        "weight": 35.0,
        "osm_id": 12207147498
      }
    },
    {
      "type": "Feature",
      "geometry": {
        "type": "Point",
        "coordinates": [
          121.4530763,
          31.2143339
        ]
      },
      "properties": {
        "attraction_id": "A_13588",
        "kind": "tourism",
        "category": "hotel_tourism",
        "label": "Hotel / Tourism",
        "name": "",
        "area_m2": 0.0,
        "weight": 35.0,
        "osm_id": 12231472668
      }
    },
    {
      "type": "Feature",
      "geometry": {
        "type": "Point",
        "coordinates": [
          121.475305,
          31.2362455
        ]
      },
      "properties": {
        "attraction_id": "A_13803",
        "kind": "tourism",
        "category": "hotel_tourism",
        "label": "Hotel / Tourism",
        "name": "古象杉丽酒店",
        "area_m2": 0.0,
        "weight": 35.0,
        "osm_id": 12287742821
      }
    },
    {
      "type": "Feature",
      "geometry": {
        "type": "Point",
        "coordinates": [
          121.475997,
          31.1499809
        ]
      },
      "properties": {
        "attraction_id": "A_13916",
        "kind": "tourism",
        "category": "hotel_tourism",
        "label": "Hotel / Tourism",
        "name": "上海前滩雅辰悦居酒店",
        "area_m2": 0.0,
        "weight": 35.0,
        "osm_id": 12328249442
      }
    },
    {
      "type": "Feature",
      "geometry": {
        "type": "Point",
        "coordinates": [
          121.4758796,
          31.150493
        ]
      },
      "properties": {
        "attraction_id": "A_13917",
        "kind": "tourism",
        "category": "hotel_tourism",
        "label": "Hotel / Tourism",
        "name": "上海前滩雅辰尚酒店",
        "area_m2": 0.0,
        "weight": 35.0,
        "osm_id": 12328249443
      }
    },
    {
      "type": "Feature",
      "geometry": {
        "type": "Point",
        "coordinates": [
          121.4503165,
          31.2483219
        ]
      },
      "properties": {
        "attraction_id": "A_14034",
        "kind": "tourism",
        "category": "hotel_tourism",
        "label": "Hotel / Tourism",
        "name": "",
        "area_m2": 0.0,
        "weight": 35.0,
        "osm_id": 12364380303
      }
    },
    {
      "type": "Feature",
      "geometry": {
        "type": "Point",
        "coordinates": [
          121.463872,
          31.2406202
        ]
      },
      "properties": {
        "attraction_id": "A_14066",
        "kind": "tourism",
        "category": "hotel_tourism",
        "label": "Hotel / Tourism",
        "name": "",
        "area_m2": 0.0,
        "weight": 35.0,
        "osm_id": 12368986201
      }
    },
    {
      "type": "Feature",
      "geometry": {
        "type": "Point",
        "coordinates": [
          121.4156276,
          31.2224904
        ]
      },
      "properties": {
        "attraction_id": "A_14072",
        "kind": "tourism",
        "category": "hotel_tourism",
        "label": "Hotel / Tourism",
        "name": "",
        "area_m2": 0.0,
        "weight": 35.0,
        "osm_id": 12369266901
      }
    },
    {
      "type": "Feature",
      "geometry": {
        "type": "Point",
        "coordinates": [
          121.484302,
          31.2331857
        ]
      },
      "properties": {
        "attraction_id": "A_14112",
        "kind": "tourism",
        "category": "hotel_tourism",
        "label": "Hotel / Tourism",
        "name": "",
        "area_m2": 0.0,
        "weight": 35.0,
        "osm_id": 12375084001
      }
    },
    {
      "type": "Feature",
      "geometry": {
        "type": "Point",
        "coordinates": [
          121.4565682,
          31.2421532
        ]
      },
      "properties": {
        "attraction_id": "A_14118",
        "kind": "tourism",
        "category": "hotel_tourism",
        "label": "Hotel / Tourism",
        "name": "Cam",
        "area_m2": 0.0,
        "weight": 35.0,
        "osm_id": 12378441501
      }
    },
    {
      "type": "Feature",
      "geometry": {
        "type": "Point",
        "coordinates": [
          121.4924038,
          31.2042437
        ]
      },
      "properties": {
        "attraction_id": "A_14150",
        "kind": "tourism",
        "category": "hotel_tourism",
        "label": "Hotel / Tourism",
        "name": "Urside",
        "area_m2": 0.0,
        "weight": 35.0,
        "osm_id": 12398768703
      }
    },
    {
      "type": "Feature",
      "geometry": {
        "type": "Point",
        "coordinates": [
          121.4814437,
          31.2541884
        ]
      },
      "properties": {
        "attraction_id": "A_14174",
        "kind": "tourism",
        "category": "hotel_tourism",
        "label": "Hotel / Tourism",
        "name": "全季酒店",
        "area_m2": 0.0,
        "weight": 35.0,
        "osm_id": 12409735007
      }
    },
    {
      "type": "Feature",
      "geometry": {
        "type": "Point",
        "coordinates": [
          121.4347174,
          31.1895085
        ]
      },
      "properties": {
        "attraction_id": "A_14211",
        "kind": "tourism",
        "category": "hotel_tourism",
        "label": "Hotel / Tourism",
        "name": "汉庭酒店",
        "area_m2": 0.0,
        "weight": 35.0,
        "osm_id": 12444461601
      }
    },
    {
      "type": "Feature",
      "geometry": {
        "type": "Point",
        "coordinates": [
          121.4394068,
          31.1925959
        ]
      },
      "properties": {
        "attraction_id": "A_14218",
        "kind": "tourism",
        "category": "hotel_tourism",
        "label": "Hotel / Tourism",
        "name": "汉庭酒店",
        "area_m2": 0.0,
        "weight": 35.0,
        "osm_id": 12452544401
      }
    },
    {
      "type": "Feature",
      "geometry": {
        "type": "Point",
        "coordinates": [
          121.4270061,
          31.1697393
        ]
      },
      "properties": {
        "attraction_id": "A_14256",
        "kind": "tourism",
        "category": "leisure_park",
        "label": "Leisure / Park",
        "name": "幻星悦",
        "area_m2": 0.0,
        "weight": 45.0,
        "osm_id": 12498223977
      }
    },
    {
      "type": "Feature",
      "geometry": {
        "type": "Point",
        "coordinates": [
          121.4274568,
          31.1707738
        ]
      },
      "properties": {
        "attraction_id": "A_14302",
        "kind": "tourism",
        "category": "hotel_tourism",
        "label": "Hotel / Tourism",
        "name": "食玩猫",
        "area_m2": 0.0,
        "weight": 35.0,
        "osm_id": 12498228423
      }
    },
    {
      "type": "Feature",
      "geometry": {
        "type": "Point",
        "coordinates": [
          121.4274161,
          31.1708295
        ]
      },
      "properties": {
        "attraction_id": "A_14303",
        "kind": "tourism",
        "category": "hotel_tourism",
        "label": "Hotel / Tourism",
        "name": "WAWA CUBE",
        "area_m2": 0.0,
        "weight": 35.0,
        "osm_id": 12498228424
      }
    },
    {
      "type": "Feature",
      "geometry": {
        "type": "Point",
        "coordinates": [
          121.4287271,
          31.1707865
        ]
      },
      "properties": {
        "attraction_id": "A_14335",
        "kind": "tourism",
        "category": "hotel_tourism",
        "label": "Hotel / Tourism",
        "name": "斯坦星球科创编程",
        "area_m2": 0.0,
        "weight": 35.0,
        "osm_id": 12498228456
      }
    },
    {
      "type": "Feature",
      "geometry": {
        "type": "Point",
        "coordinates": [
          121.4274862,
          31.1706918
        ]
      },
      "properties": {
        "attraction_id": "A_14337",
        "kind": "tourism",
        "category": "hotel_tourism",
        "label": "Hotel / Tourism",
        "name": "汤姆熊",
        "area_m2": 0.0,
        "weight": 35.0,
        "osm_id": 12498228458
      }
    },
    {
      "type": "Feature",
      "geometry": {
        "type": "Point",
        "coordinates": [
          121.4287214,
          31.1735168
        ]
      },
      "properties": {
        "attraction_id": "A_14341",
        "kind": "tourism",
        "category": "hotel_tourism",
        "label": "Hotel / Tourism",
        "name": "电子跨火",
        "area_m2": 0.0,
        "weight": 35.0,
        "osm_id": 12498228479
      }
    },
    {
      "type": "Feature",
      "geometry": {
        "type": "Point",
        "coordinates": [
          121.4731907,
          31.2055872
        ]
      },
      "properties": {
        "attraction_id": "A_14370",
        "kind": "tourism",
        "category": "hotel_tourism",
        "label": "Hotel / Tourism",
        "name": "",
        "area_m2": 0.0,
        "weight": 35.0,
        "osm_id": 12518143201
      }
    },
    {
      "type": "Feature",
      "geometry": {
        "type": "Point",
        "coordinates": [
          121.4873733,
          31.2290623
        ]
      },
      "properties": {
        "attraction_id": "A_14373",
        "kind": "tourism",
        "category": "hotel_tourism",
        "label": "Hotel / Tourism",
        "name": "",
        "area_m2": 0.0,
        "weight": 35.0,
        "osm_id": 12520680108
      }
    },
    {
      "type": "Feature",
      "geometry": {
        "type": "Point",
        "coordinates": [
          121.5154754,
          31.2594791
        ]
      },
      "properties": {
        "attraction_id": "A_14377",
        "kind": "tourism",
        "category": "hotel_tourism",
        "label": "Hotel / Tourism",
        "name": "博克·轻奢酒店(上海北外滩店)",
        "area_m2": 0.0,
        "weight": 35.0,
        "osm_id": 12529090064
      }
    },
    {
      "type": "Feature",
      "geometry": {
        "type": "Point",
        "coordinates": [
          121.4577925,
          31.2292009
        ]
      },
      "properties": {
        "attraction_id": "A_14378",
        "kind": "tourism",
        "category": "hotel_tourism",
        "label": "Hotel / Tourism",
        "name": "Alila",
        "area_m2": 0.0,
        "weight": 35.0,
        "osm_id": 12540989054
      }
    },
    {
      "type": "Feature",
      "geometry": {
        "type": "Point",
        "coordinates": [
          121.4582093,
          31.2318339
        ]
      },
      "properties": {
        "attraction_id": "A_14379",
        "kind": "tourism",
        "category": "hotel_tourism",
        "label": "Hotel / Tourism",
        "name": "镛舍",
        "area_m2": 0.0,
        "weight": 35.0,
        "osm_id": 12540989055
      }
    },
    {
      "type": "Feature",
      "geometry": {
        "type": "Point",
        "coordinates": [
          121.4742416,
          31.2339838
        ]
      },
      "properties": {
        "attraction_id": "A_14382",
        "kind": "tourism",
        "category": "hotel_tourism",
        "label": "Hotel / Tourism",
        "name": "春美术馆",
        "area_m2": 0.0,
        "weight": 35.0,
        "osm_id": 12564905924
      }
    },
    {
      "type": "Feature",
      "geometry": {
        "type": "Point",
        "coordinates": [
          121.453586,
          31.217022
        ]
      },
      "properties": {
        "attraction_id": "A_14387",
        "kind": "tourism",
        "category": "hotel_tourism",
        "label": "Hotel / Tourism",
        "name": "Bulgari",
        "area_m2": 0.0,
        "weight": 35.0,
        "osm_id": 12565509360
      }
    },
    {
      "type": "Feature",
      "geometry": {
        "type": "Point",
        "coordinates": [
          121.4447859,
          31.2500692
        ]
      },
      "properties": {
        "attraction_id": "A_14424",
        "kind": "tourism",
        "category": "hotel_tourism",
        "label": "Hotel / Tourism",
        "name": "Island6",
        "area_m2": 0.0,
        "weight": 35.0,
        "osm_id": 12603752201
      }
    },
    {
      "type": "Feature",
      "geometry": {
        "type": "Point",
        "coordinates": [
          121.4036259,
          31.2245855
        ]
      },
      "properties": {
        "attraction_id": "A_14470",
        "kind": "tourism",
        "category": "hotel_tourism",
        "label": "Hotel / Tourism",
        "name": "儒者像",
        "area_m2": 0.0,
        "weight": 35.0,
        "osm_id": 12647118819
      }
    },
    {
      "type": "Feature",
      "geometry": {
        "type": "Point",
        "coordinates": [
          121.4080056,
          31.2251592
        ]
      },
      "properties": {
        "attraction_id": "A_14473",
        "kind": "tourism",
        "category": "hotel_tourism",
        "label": "Hotel / Tourism",
        "name": "",
        "area_m2": 0.0,
        "weight": 35.0,
        "osm_id": 12647298720
      }
    },
    {
      "type": "Feature",
      "geometry": {
        "type": "Point",
        "coordinates": [
          121.4360724,
          31.2518813
        ]
      },
      "properties": {
        "attraction_id": "A_14475",
        "kind": "tourism",
        "category": "hotel_tourism",
        "label": "Hotel / Tourism",
        "name": "",
        "area_m2": 0.0,
        "weight": 35.0,
        "osm_id": 12647388517
      }
    },
    {
      "type": "Feature",
      "geometry": {
        "type": "Point",
        "coordinates": [
          121.4489218,
          31.2458523
        ]
      },
      "properties": {
        "attraction_id": "A_14477",
        "kind": "tourism",
        "category": "hotel_tourism",
        "label": "Hotel / Tourism",
        "name": "",
        "area_m2": 0.0,
        "weight": 35.0,
        "osm_id": 12647478384
      }
    },
    {
      "type": "Feature",
      "geometry": {
        "type": "Point",
        "coordinates": [
          121.4480918,
          31.2447686
        ]
      },
      "properties": {
        "attraction_id": "A_14478",
        "kind": "tourism",
        "category": "hotel_tourism",
        "label": "Hotel / Tourism",
        "name": "",
        "area_m2": 0.0,
        "weight": 35.0,
        "osm_id": 12647478385
      }
    },
    {
      "type": "Feature",
      "geometry": {
        "type": "Point",
        "coordinates": [
          121.44737,
          31.24461
        ]
      },
      "properties": {
        "attraction_id": "A_14479",
        "kind": "tourism",
        "category": "hotel_tourism",
        "label": "Hotel / Tourism",
        "name": "",
        "area_m2": 0.0,
        "weight": 35.0,
        "osm_id": 12647478386
      }
    },
    {
      "type": "Feature",
      "geometry": {
        "type": "Point",
        "coordinates": [
          121.4484521,
          31.2450754
        ]
      },
      "properties": {
        "attraction_id": "A_14480",
        "kind": "tourism",
        "category": "hotel_tourism",
        "label": "Hotel / Tourism",
        "name": "",
        "area_m2": 0.0,
        "weight": 35.0,
        "osm_id": 12647478387
      }
    },
    {
      "type": "Feature",
      "geometry": {
        "type": "Point",
        "coordinates": [
          121.4295377,
          31.2508827
        ]
      },
      "properties": {
        "attraction_id": "A_14482",
        "kind": "tourism",
        "category": "hotel_tourism",
        "label": "Hotel / Tourism",
        "name": "",
        "area_m2": 0.0,
        "weight": 35.0,
        "osm_id": 12647542061
      }
    },
    {
      "type": "Feature",
      "geometry": {
        "type": "Point",
        "coordinates": [
          121.4354132,
          31.2541575
        ]
      },
      "properties": {
        "attraction_id": "A_14486",
        "kind": "tourism",
        "category": "hotel_tourism",
        "label": "Hotel / Tourism",
        "name": "",
        "area_m2": 0.0,
        "weight": 35.0,
        "osm_id": 12648767835
      }
    },
    {
      "type": "Feature",
      "geometry": {
        "type": "Point",
        "coordinates": [
          121.4022382,
          31.2424023
        ]
      },
      "properties": {
        "attraction_id": "A_14489",
        "kind": "tourism",
        "category": "hotel_tourism",
        "label": "Hotel / Tourism",
        "name": "劳动模范夫妻",
        "area_m2": 0.0,
        "weight": 35.0,
        "osm_id": 12655466774
      }
    },
    {
      "type": "Feature",
      "geometry": {
        "type": "Point",
        "coordinates": [
          121.4418767,
          31.2248395
        ]
      },
      "properties": {
        "attraction_id": "A_14494",
        "kind": "tourism",
        "category": "hotel_tourism",
        "label": "Hotel / Tourism",
        "name": "犀牛铜像",
        "area_m2": 0.0,
        "weight": 35.0,
        "osm_id": 12682703871
      }
    },
    {
      "type": "Feature",
      "geometry": {
        "type": "Point",
        "coordinates": [
          121.4422487,
          31.2238209
        ]
      },
      "properties": {
        "attraction_id": "A_14495",
        "kind": "tourism",
        "category": "hotel_tourism",
        "label": "Hotel / Tourism",
        "name": "犀牛铜像",
        "area_m2": 0.0,
        "weight": 35.0,
        "osm_id": 12682703872
      }
    },
    {
      "type": "Feature",
      "geometry": {
        "type": "Point",
        "coordinates": [
          121.5148131,
          31.2512309
        ]
      },
      "properties": {
        "attraction_id": "A_14496",
        "kind": "tourism",
        "category": "hotel_tourism",
        "label": "Hotel / Tourism",
        "name": "投射之窗",
        "area_m2": 0.0,
        "weight": 35.0,
        "osm_id": 12688866470
      }
    },
    {
      "type": "Feature",
      "geometry": {
        "type": "Point",
        "coordinates": [
          121.4157676,
          31.2121525
        ]
      },
      "properties": {
        "attraction_id": "A_14520",
        "kind": "tourism",
        "category": "hotel_tourism",
        "label": "Hotel / Tourism",
        "name": "清风园",
        "area_m2": 0.0,
        "weight": 35.0,
        "osm_id": 12709967695
      }
    },
    {
      "type": "Feature",
      "geometry": {
        "type": "Point",
        "coordinates": [
          121.415786,
          31.2110374
        ]
      },
      "properties": {
        "attraction_id": "A_14521",
        "kind": "tourism",
        "category": "hotel_tourism",
        "label": "Hotel / Tourism",
        "name": "",
        "area_m2": 0.0,
        "weight": 35.0,
        "osm_id": 12709967700
      }
    },
    {
      "type": "Feature",
      "geometry": {
        "type": "Point",
        "coordinates": [
          121.4157887,
          31.2115584
        ]
      },
      "properties": {
        "attraction_id": "A_14522",
        "kind": "tourism",
        "category": "hotel_tourism",
        "label": "Hotel / Tourism",
        "name": "",
        "area_m2": 0.0,
        "weight": 35.0,
        "osm_id": 12709993801
      }
    },
    {
      "type": "Feature",
      "geometry": {
        "type": "Point",
        "coordinates": [
          121.4149958,
          31.2112697
        ]
      },
      "properties": {
        "attraction_id": "A_14523",
        "kind": "tourism",
        "category": "hotel_tourism",
        "label": "Hotel / Tourism",
        "name": "刘海粟像",
        "area_m2": 0.0,
        "weight": 35.0,
        "osm_id": 12710045446
      }
    },
    {
      "type": "Feature",
      "geometry": {
        "type": "Point",
        "coordinates": [
          121.4234655,
          31.2312108
        ]
      },
      "properties": {
        "attraction_id": "A_14529",
        "kind": "tourism",
        "category": "leisure_park",
        "label": "Leisure / Park",
        "name": "TH Hybrid Training Center",
        "area_m2": 0.0,
        "weight": 45.0,
        "osm_id": 12724722019
      }
    },
    {
      "type": "Feature",
      "geometry": {
        "type": "Point",
        "coordinates": [
          121.4704027,
          31.18026
        ]
      },
      "properties": {
        "attraction_id": "A_14540",
        "kind": "tourism",
        "category": "hotel_tourism",
        "label": "Hotel / Tourism",
        "name": "上海温室花园",
        "area_m2": 0.0,
        "weight": 35.0,
        "osm_id": 12802472267
      }
    },
    {
      "type": "Feature",
      "geometry": {
        "type": "Point",
        "coordinates": [
          121.4743742,
          31.1832992
        ]
      },
      "properties": {
        "attraction_id": "A_14556",
        "kind": "tourism",
        "category": "hotel_tourism",
        "label": "Hotel / Tourism",
        "name": "海宝",
        "area_m2": 0.0,
        "weight": 35.0,
        "osm_id": 12850656766
      }
    },
    {
      "type": "Feature",
      "geometry": {
        "type": "Point",
        "coordinates": [
          121.4719905,
          31.1825877
        ]
      },
      "properties": {
        "attraction_id": "A_14557",
        "kind": "tourism",
        "category": "hotel_tourism",
        "label": "Hotel / Tourism",
        "name": "圆梦",
        "area_m2": 0.0,
        "weight": 35.0,
        "osm_id": 12850656767
      }
    },
    {
      "type": "Feature",
      "geometry": {
        "type": "Point",
        "coordinates": [
          121.4778933,
          31.1844482
        ]
      },
      "properties": {
        "attraction_id": "A_14558",
        "kind": "tourism",
        "category": "hotel_tourism",
        "label": "Hotel / Tourism",
        "name": "舞动广场",
        "area_m2": 0.0,
        "weight": 35.0,
        "osm_id": 12850656807
      }
    },
    {
      "type": "Feature",
      "geometry": {
        "type": "Point",
        "coordinates": [
          121.443962,
          31.1759395
        ]
      },
      "properties": {
        "attraction_id": "A_14567",
        "kind": "tourism",
        "category": "hotel_tourism",
        "label": "Hotel / Tourism",
        "name": "全季酒店",
        "area_m2": 0.0,
        "weight": 35.0,
        "osm_id": 12856620551
      }
    },
    {
      "type": "Feature",
      "geometry": {
        "type": "Point",
        "coordinates": [
          121.4683453,
          31.2363158
        ]
      },
      "properties": {
        "attraction_id": "A_14585",
        "kind": "tourism",
        "category": "hotel_tourism",
        "label": "Hotel / Tourism",
        "name": "",
        "area_m2": 0.0,
        "weight": 35.0,
        "osm_id": 12923963901
      }
    },
    {
      "type": "Feature",
      "geometry": {
        "type": "Point",
        "coordinates": [
          121.4933877,
          31.2362958
        ]
      },
      "properties": {
        "attraction_id": "A_14588",
        "kind": "tourism",
        "category": "hotel_tourism",
        "label": "Hotel / Tourism",
        "name": "",
        "area_m2": 0.0,
        "weight": 35.0,
        "osm_id": 12946479003
      }
    },
    {
      "type": "Feature",
      "geometry": {
        "type": "Point",
        "coordinates": [
          121.5026253,
          31.2406401
        ]
      },
      "properties": {
        "attraction_id": "A_14596",
        "kind": "tourism",
        "category": "hotel_tourism",
        "label": "Hotel / Tourism",
        "name": "",
        "area_m2": 0.0,
        "weight": 35.0,
        "osm_id": 12958969327
      }
    },
    {
      "type": "Feature",
      "geometry": {
        "type": "Point",
        "coordinates": [
          121.5024554,
          31.2406473
        ]
      },
      "properties": {
        "attraction_id": "A_14597",
        "kind": "tourism",
        "category": "hotel_tourism",
        "label": "Hotel / Tourism",
        "name": "Bulls",
        "area_m2": 0.0,
        "weight": 35.0,
        "osm_id": 12958975242
      }
    },
    {
      "type": "Feature",
      "geometry": {
        "type": "Point",
        "coordinates": [
          121.5019101,
          31.2398403
        ]
      },
      "properties": {
        "attraction_id": "A_14613",
        "kind": "tourism",
        "category": "hotel_tourism",
        "label": "Hotel / Tourism",
        "name": "",
        "area_m2": 0.0,
        "weight": 35.0,
        "osm_id": 12959042832
      }
    },
    {
      "type": "Feature",
      "geometry": {
        "type": "Point",
        "coordinates": [
          121.5017762,
          31.2398752
        ]
      },
      "properties": {
        "attraction_id": "A_14623",
        "kind": "tourism",
        "category": "hotel_tourism",
        "label": "Hotel / Tourism",
        "name": "",
        "area_m2": 0.0,
        "weight": 35.0,
        "osm_id": 12959058638
      }
    },
    {
      "type": "Feature",
      "geometry": {
        "type": "Point",
        "coordinates": [
          121.542865,
          31.2162527
        ]
      },
      "properties": {
        "attraction_id": "A_14628",
        "kind": "tourism",
        "category": "hotel_tourism",
        "label": "Hotel / Tourism",
        "name": "",
        "area_m2": 0.0,
        "weight": 35.0,
        "osm_id": 12965577483
      }
    },
    {
      "type": "Feature",
      "geometry": {
        "type": "Point",
        "coordinates": [
          121.553928,
          31.2184321
        ]
      },
      "properties": {
        "attraction_id": "A_14667",
        "kind": "tourism",
        "category": "hotel_tourism",
        "label": "Hotel / Tourism",
        "name": "",
        "area_m2": 0.0,
        "weight": 35.0,
        "osm_id": 12965640676
      }
    },
    {
      "type": "Feature",
      "geometry": {
        "type": "Point",
        "coordinates": [
          121.4690152,
          31.2534463
        ]
      },
      "properties": {
        "attraction_id": "A_14748",
        "kind": "tourism",
        "category": "hotel_tourism",
        "label": "Hotel / Tourism",
        "name": "静安博邻行政公寓",
        "area_m2": 0.0,
        "weight": 35.0,
        "osm_id": 13036728501
      }
    },
    {
      "type": "Feature",
      "geometry": {
        "type": "Point",
        "coordinates": [
          121.4598014,
          31.1703504
        ]
      },
      "properties": {
        "attraction_id": "A_14768",
        "kind": "tourism",
        "category": "hotel_tourism",
        "label": "Hotel / Tourism",
        "name": "无尽影院",
        "area_m2": 0.0,
        "weight": 35.0,
        "osm_id": 13077641178
      }
    },
    {
      "type": "Feature",
      "geometry": {
        "type": "Point",
        "coordinates": [
          121.4525679,
          31.1864547
        ]
      },
      "properties": {
        "attraction_id": "A_14786",
        "kind": "tourism",
        "category": "hotel_tourism",
        "label": "Hotel / Tourism",
        "name": "",
        "area_m2": 0.0,
        "weight": 35.0,
        "osm_id": 13077782880
      }
    },
    {
      "type": "Feature",
      "geometry": {
        "type": "Point",
        "coordinates": [
          121.4685428,
          31.2433335
        ]
      },
      "properties": {
        "attraction_id": "A_14799",
        "kind": "tourism",
        "category": "hotel_tourism",
        "label": "Hotel / Tourism",
        "name": "SOOFA SUHE",
        "area_m2": 0.0,
        "weight": 35.0,
        "osm_id": 13081592775
      }
    },
    {
      "type": "Feature",
      "geometry": {
        "type": "Point",
        "coordinates": [
          121.4685633,
          31.2432173
        ]
      },
      "properties": {
        "attraction_id": "A_14800",
        "kind": "tourism",
        "category": "hotel_tourism",
        "label": "Hotel / Tourism",
        "name": "Arario Gallery",
        "area_m2": 0.0,
        "weight": 35.0,
        "osm_id": 13081592776
      }
    },
    {
      "type": "Feature",
      "geometry": {
        "type": "Point",
        "coordinates": [
          121.4803871,
          31.2426382
        ]
      },
      "properties": {
        "attraction_id": "A_14801",
        "kind": "tourism",
        "category": "hotel_tourism",
        "label": "Hotel / Tourism",
        "name": "蜂巢当代艺术中心",
        "area_m2": 0.0,
        "weight": 35.0,
        "osm_id": 13081592778
      }
    },
    {
      "type": "Feature",
      "geometry": {
        "type": "Point",
        "coordinates": [
          121.4684997,
          31.243315
        ]
      },
      "properties": {
        "attraction_id": "A_14803",
        "kind": "tourism",
        "category": "hotel_tourism",
        "label": "Hotel / Tourism",
        "name": "more more artbook HAUS",
        "area_m2": 0.0,
        "weight": 35.0,
        "osm_id": 13081592780
      }
    },
    {
      "type": "Feature",
      "geometry": {
        "type": "Point",
        "coordinates": [
          121.4686003,
          31.2432471
        ]
      },
      "properties": {
        "attraction_id": "A_14804",
        "kind": "tourism",
        "category": "hotel_tourism",
        "label": "Hotel / Tourism",
        "name": "ShanghART Suhe",
        "area_m2": 0.0,
        "weight": 35.0,
        "osm_id": 13081627663
      }
    },
    {
      "type": "Feature",
      "geometry": {
        "type": "Point",
        "coordinates": [
          121.4771031,
          31.2415026
        ]
      },
      "properties": {
        "attraction_id": "A_14807",
        "kind": "tourism",
        "category": "hotel_tourism",
        "label": "Hotel / Tourism",
        "name": "海友酒店",
        "area_m2": 0.0,
        "weight": 35.0,
        "osm_id": 13089005770
      }
    },
    {
      "type": "Feature",
      "geometry": {
        "type": "Point",
        "coordinates": [
          121.4745417,
          31.1866151
        ]
      },
      "properties": {
        "attraction_id": "A_14818",
        "kind": "tourism",
        "category": "hotel_tourism",
        "label": "Hotel / Tourism",
        "name": "罗丹艺术文化发展中心",
        "area_m2": 0.0,
        "weight": 35.0,
        "osm_id": 13100182892
      }
    },
    {
      "type": "Feature",
      "geometry": {
        "type": "Point",
        "coordinates": [
          121.436493,
          31.2481862
        ]
      },
      "properties": {
        "attraction_id": "A_14834",
        "kind": "tourism",
        "category": "hotel_tourism",
        "label": "Hotel / Tourism",
        "name": "moxy",
        "area_m2": 0.0,
        "weight": 35.0,
        "osm_id": 13123639501
      }
    },
    {
      "type": "Feature",
      "geometry": {
        "type": "Point",
        "coordinates": [
          121.5215429,
          31.2226275
        ]
      },
      "properties": {
        "attraction_id": "A_14865",
        "kind": "tourism",
        "category": "hotel_tourism",
        "label": "Hotel / Tourism",
        "name": "汉庭酒店",
        "area_m2": 0.0,
        "weight": 35.0,
        "osm_id": 13144023057
      }
    },
    {
      "type": "Feature",
      "geometry": {
        "type": "Point",
        "coordinates": [
          121.4752996,
          31.2200351
        ]
      },
      "properties": {
        "attraction_id": "A_14868",
        "kind": "tourism",
        "category": "hotel_tourism",
        "label": "Hotel / Tourism",
        "name": "复兴颂",
        "area_m2": 0.0,
        "weight": 35.0,
        "osm_id": 13146496132
      }
    },
    {
      "type": "Feature",
      "geometry": {
        "type": "Point",
        "coordinates": [
          121.4260527,
          31.2494345
        ]
      },
      "properties": {
        "attraction_id": "A_14870",
        "kind": "tourism",
        "category": "hotel_tourism",
        "label": "Hotel / Tourism",
        "name": "智选假日酒店",
        "area_m2": 0.0,
        "weight": 35.0,
        "osm_id": 13146616501
      }
    },
    {
      "type": "Feature",
      "geometry": {
        "type": "Point",
        "coordinates": [
          121.4808304,
          31.2419037
        ]
      },
      "properties": {
        "attraction_id": "A_14877",
        "kind": "tourism",
        "category": "hotel_tourism",
        "label": "Hotel / Tourism",
        "name": "",
        "area_m2": 0.0,
        "weight": 35.0,
        "osm_id": 13183860958
      }
    },
    {
      "type": "Feature",
      "geometry": {
        "type": "Point",
        "coordinates": [
          121.4467298,
          31.2599741
        ]
      },
      "properties": {
        "attraction_id": "A_14879",
        "kind": "tourism",
        "category": "hotel_tourism",
        "label": "Hotel / Tourism",
        "name": "吉泰酒店",
        "area_m2": 0.0,
        "weight": 35.0,
        "osm_id": 13185522215
      }
    },
    {
      "type": "Feature",
      "geometry": {
        "type": "Point",
        "coordinates": [
          121.5156555,
          31.2429897
        ]
      },
      "properties": {
        "attraction_id": "A_14880",
        "kind": "tourism",
        "category": "hotel_tourism",
        "label": "Hotel / Tourism",
        "name": "上海裕景大饭店",
        "area_m2": 0.0,
        "weight": 35.0,
        "osm_id": 13186581572
      }
    },
    {
      "type": "Feature",
      "geometry": {
        "type": "Point",
        "coordinates": [
          121.4666548,
          31.2516452
        ]
      },
      "properties": {
        "attraction_id": "A_14886",
        "kind": "tourism",
        "category": "hotel_tourism",
        "label": "Hotel / Tourism",
        "name": "大隐 Dayin",
        "area_m2": 0.0,
        "weight": 35.0,
        "osm_id": 13194823636
      }
    },
    {
      "type": "Feature",
      "geometry": {
        "type": "Point",
        "coordinates": [
          121.5509157,
          31.2265767
        ]
      },
      "properties": {
        "attraction_id": "A_14889",
        "kind": "tourism",
        "category": "hotel_tourism",
        "label": "Hotel / Tourism",
        "name": "如家酒店",
        "area_m2": 0.0,
        "weight": 35.0,
        "osm_id": 13195258819
      }
    },
    {
      "type": "Feature",
      "geometry": {
        "type": "Point",
        "coordinates": [
          121.5441454,
          31.2317471
        ]
      },
      "properties": {
        "attraction_id": "A_14891",
        "kind": "tourism",
        "category": "hotel_tourism",
        "label": "Hotel / Tourism",
        "name": "如家酒店",
        "area_m2": 0.0,
        "weight": 35.0,
        "osm_id": 13197149319
      }
    },
    {
      "type": "Feature",
      "geometry": {
        "type": "Point",
        "coordinates": [
          121.4865166,
          31.2460737
        ]
      },
      "properties": {
        "attraction_id": "A_14893",
        "kind": "tourism",
        "category": "hotel_tourism",
        "label": "Hotel / Tourism",
        "name": "礼查饭店旧址",
        "area_m2": 0.0,
        "weight": 35.0,
        "osm_id": 13227754281
      }
    },
    {
      "type": "Feature",
      "geometry": {
        "type": "Point",
        "coordinates": [
          121.4452569,
          31.1951995
        ]
      },
      "properties": {
        "attraction_id": "A_14897",
        "kind": "tourism",
        "category": "hotel_tourism",
        "label": "Hotel / Tourism",
        "name": "景莱酒店精选",
        "area_m2": 0.0,
        "weight": 35.0,
        "osm_id": 13232142674
      }
    },
    {
      "type": "Feature",
      "geometry": {
        "type": "Point",
        "coordinates": [
          121.4854896,
          31.2463219
        ]
      },
      "properties": {
        "attraction_id": "A_14905",
        "kind": "tourism",
        "category": "hotel_tourism",
        "label": "Hotel / Tourism",
        "name": "",
        "area_m2": 0.0,
        "weight": 35.0,
        "osm_id": 13266346901
      }
    },
    {
      "type": "Feature",
      "geometry": {
        "type": "Point",
        "coordinates": [
          121.4760664,
          31.2294346
        ]
      },
      "properties": {
        "attraction_id": "A_14921",
        "kind": "tourism",
        "category": "hotel_tourism",
        "label": "Hotel / Tourism",
        "name": "亚朵酒店",
        "area_m2": 0.0,
        "weight": 35.0,
        "osm_id": 13324520801
      }
    },
    {
      "type": "Feature",
      "geometry": {
        "type": "Point",
        "coordinates": [
          121.4592368,
          31.239775
        ]
      },
      "properties": {
        "attraction_id": "A_14945",
        "kind": "tourism",
        "category": "hotel_tourism",
        "label": "Hotel / Tourism",
        "name": "中国劳动组合书记部旧址陈列馆",
        "area_m2": 0.0,
        "weight": 35.0,
        "osm_id": 13339589514
      }
    },
    {
      "type": "Feature",
      "geometry": {
        "type": "Point",
        "coordinates": [
          121.486573,
          31.2316836
        ]
      },
      "properties": {
        "attraction_id": "A_14946",
        "kind": "tourism",
        "category": "hotel_tourism",
        "label": "Hotel / Tourism",
        "name": "上海外滩智选假日酒店",
        "area_m2": 0.0,
        "weight": 35.0,
        "osm_id": 13339897701
      }
    },
    {
      "type": "Feature",
      "geometry": {
        "type": "Point",
        "coordinates": [
          121.4417454,
          31.2370076
        ]
      },
      "properties": {
        "attraction_id": "A_14947",
        "kind": "tourism",
        "category": "hotel_tourism",
        "label": "Hotel / Tourism",
        "name": "",
        "area_m2": 0.0,
        "weight": 35.0,
        "osm_id": 13339924038
      }
    },
    {
      "type": "Feature",
      "geometry": {
        "type": "Point",
        "coordinates": [
          121.5032306,
          31.196731
        ]
      },
      "properties": {
        "attraction_id": "A_14958",
        "kind": "tourism",
        "category": "hotel_tourism",
        "label": "Hotel / Tourism",
        "name": "桔子酒店",
        "area_m2": 0.0,
        "weight": 35.0,
        "osm_id": 13354967917
      }
    },
    {
      "type": "Feature",
      "geometry": {
        "type": "Point",
        "coordinates": [
          121.4989922,
          31.2392119
        ]
      },
      "properties": {
        "attraction_id": "A_14963",
        "kind": "tourism",
        "category": "hotel_tourism",
        "label": "Hotel / Tourism",
        "name": "",
        "area_m2": 0.0,
        "weight": 35.0,
        "osm_id": 13376604655
      }
    },
    {
      "type": "Feature",
      "geometry": {
        "type": "Point",
        "coordinates": [
          121.4114539,
          31.1677722
        ]
      },
      "properties": {
        "attraction_id": "A_14970",
        "kind": "tourism",
        "category": "hotel_tourism",
        "label": "Hotel / Tourism",
        "name": "流萤萨姆",
        "area_m2": 0.0,
        "weight": 35.0,
        "osm_id": 13392231759
      }
    },
    {
      "type": "Feature",
      "geometry": {
        "type": "Point",
        "coordinates": [
          121.4116666,
          31.1679363
        ]
      },
      "properties": {
        "attraction_id": "A_14971",
        "kind": "tourism",
        "category": "hotel_tourism",
        "label": "Hotel / Tourism",
        "name": "玻吕刻斯",
        "area_m2": 0.0,
        "weight": 35.0,
        "osm_id": 13392231760
      }
    },
    {
      "type": "Feature",
      "geometry": {
        "type": "Point",
        "coordinates": [
          121.4102412,
          31.1671855
        ]
      },
      "properties": {
        "attraction_id": "A_14972",
        "kind": "tourism",
        "category": "hotel_tourism",
        "label": "Hotel / Tourism",
        "name": "明日方舟终末地",
        "area_m2": 0.0,
        "weight": 35.0,
        "osm_id": 13392231761
      }
    },
    {
      "type": "Feature",
      "geometry": {
        "type": "Point",
        "coordinates": [
          121.4101147,
          31.1671233
        ]
      },
      "properties": {
        "attraction_id": "A_14973",
        "kind": "tourism",
        "category": "hotel_tourism",
        "label": "Hotel / Tourism",
        "name": "艾米莉安",
        "area_m2": 0.0,
        "weight": 35.0,
        "osm_id": 13392293919
      }
    },
    {
      "type": "Feature",
      "geometry": {
        "type": "Point",
        "coordinates": [
          121.410152,
          31.1671398
        ]
      },
      "properties": {
        "attraction_id": "A_14974",
        "kind": "tourism",
        "category": "hotel_tourism",
        "label": "Hotel / Tourism",
        "name": "01号",
        "area_m2": 0.0,
        "weight": 35.0,
        "osm_id": 13392293920
      }
    },
    {
      "type": "Feature",
      "geometry": {
        "type": "Point",
        "coordinates": [
          121.4117101,
          31.1680129
        ]
      },
      "properties": {
        "attraction_id": "A_14975",
        "kind": "tourism",
        "category": "hotel_tourism",
        "label": "Hotel / Tourism",
        "name": "王下一桶",
        "area_m2": 0.0,
        "weight": 35.0,
        "osm_id": 13392293921
      }
    },
    {
      "type": "Feature",
      "geometry": {
        "type": "Point",
        "coordinates": [
          121.4821056,
          31.2358376
        ]
      },
      "properties": {
        "attraction_id": "A_14976",
        "kind": "tourism",
        "category": "hotel_tourism",
        "label": "Hotel / Tourism",
        "name": "",
        "area_m2": 0.0,
        "weight": 35.0,
        "osm_id": 13392635008
      }
    },
    {
      "type": "Feature",
      "geometry": {
        "type": "Point",
        "coordinates": [
          121.4224187,
          31.2317506
        ]
      },
      "properties": {
        "attraction_id": "A_14991",
        "kind": "tourism",
        "category": "hotel_tourism",
        "label": "Hotel / Tourism",
        "name": "上海馨乐庭长寿路公寓酒店",
        "area_m2": 0.0,
        "weight": 35.0,
        "osm_id": 13423770599
      }
    },
    {
      "type": "Feature",
      "geometry": {
        "type": "Point",
        "coordinates": [
          121.4234713,
          31.2285419
        ]
      },
      "properties": {
        "attraction_id": "A_14992",
        "kind": "tourism",
        "category": "hotel_tourism",
        "label": "Hotel / Tourism",
        "name": "如家酒店",
        "area_m2": 0.0,
        "weight": 35.0,
        "osm_id": 13425548239
      }
    },
    {
      "type": "Feature",
      "geometry": {
        "type": "Point",
        "coordinates": [
          121.425146,
          31.2296625
        ]
      },
      "properties": {
        "attraction_id": "A_14993",
        "kind": "tourism",
        "category": "hotel_tourism",
        "label": "Hotel / Tourism",
        "name": "",
        "area_m2": 0.0,
        "weight": 35.0,
        "osm_id": 13426509300
      }
    },
    {
      "type": "Feature",
      "geometry": {
        "type": "Point",
        "coordinates": [
          121.4378474,
          31.2476295
        ]
      },
      "properties": {
        "attraction_id": "A_14994",
        "kind": "tourism",
        "category": "hotel_tourism",
        "label": "Hotel / Tourism",
        "name": "全季酒店",
        "area_m2": 0.0,
        "weight": 35.0,
        "osm_id": 13432088920
      }
    },
    {
      "type": "Feature",
      "geometry": {
        "type": "Point",
        "coordinates": [
          121.4352432,
          31.2474316
        ]
      },
      "properties": {
        "attraction_id": "A_14995",
        "kind": "tourism",
        "category": "hotel_tourism",
        "label": "Hotel / Tourism",
        "name": "汉庭酒店",
        "area_m2": 0.0,
        "weight": 35.0,
        "osm_id": 13432365175
      }
    },
    {
      "type": "Feature",
      "geometry": {
        "type": "Point",
        "coordinates": [
          121.4329622,
          31.2483152
        ]
      },
      "properties": {
        "attraction_id": "A_14996",
        "kind": "tourism",
        "category": "hotel_tourism",
        "label": "Hotel / Tourism",
        "name": "如家酒店",
        "area_m2": 0.0,
        "weight": 35.0,
        "osm_id": 13432550969
      }
    },
    {
      "type": "Feature",
      "geometry": {
        "type": "Point",
        "coordinates": [
          121.4300698,
          31.2371794
        ]
      },
      "properties": {
        "attraction_id": "A_14997",
        "kind": "tourism",
        "category": "hotel_tourism",
        "label": "Hotel / Tourism",
        "name": "如家酒店",
        "area_m2": 0.0,
        "weight": 35.0,
        "osm_id": 13433628350
      }
    },
    {
      "type": "Feature",
      "geometry": {
        "type": "Point",
        "coordinates": [
          121.4263343,
          31.2382933
        ]
      },
      "properties": {
        "attraction_id": "A_14998",
        "kind": "tourism",
        "category": "hotel_tourism",
        "label": "Hotel / Tourism",
        "name": "全季酒店",
        "area_m2": 0.0,
        "weight": 35.0,
        "osm_id": 13436782730
      }
    },
    {
      "type": "Feature",
      "geometry": {
        "type": "Point",
        "coordinates": [
          121.4276119,
          31.2397803
        ]
      },
      "properties": {
        "attraction_id": "A_15004",
        "kind": "tourism",
        "category": "hotel_tourism",
        "label": "Hotel / Tourism",
        "name": "如家酒店",
        "area_m2": 0.0,
        "weight": 35.0,
        "osm_id": 13437102226
      }
    },
    {
      "type": "Feature",
      "geometry": {
        "type": "Point",
        "coordinates": [
          121.4318652,
          31.2418254
        ]
      },
      "properties": {
        "attraction_id": "A_15008",
        "kind": "tourism",
        "category": "hotel_tourism",
        "label": "Hotel / Tourism",
        "name": "久方假日宾馆",
        "area_m2": 0.0,
        "weight": 35.0,
        "osm_id": 13439189253
      }
    },
    {
      "type": "Feature",
      "geometry": {
        "type": "Point",
        "coordinates": [
          121.4384391,
          31.2406208
        ]
      },
      "properties": {
        "attraction_id": "A_15024",
        "kind": "tourism",
        "category": "hotel_tourism",
        "label": "Hotel / Tourism",
        "name": "汉庭酒店",
        "area_m2": 0.0,
        "weight": 35.0,
        "osm_id": 13455399237
      }
    },
    {
      "type": "Feature",
      "geometry": {
        "type": "Point",
        "coordinates": [
          121.4375033,
          31.2408318
        ]
      },
      "properties": {
        "attraction_id": "A_15025",
        "kind": "tourism",
        "category": "hotel_tourism",
        "label": "Hotel / Tourism",
        "name": "景莱酒店·臻选",
        "area_m2": 0.0,
        "weight": 35.0,
        "osm_id": 13457146290
      }
    },
    {
      "type": "Feature",
      "geometry": {
        "type": "Point",
        "coordinates": [
          121.4381031,
          31.2243978
        ]
      },
      "properties": {
        "attraction_id": "A_15041",
        "kind": "tourism",
        "category": "hotel_tourism",
        "label": "Hotel / Tourism",
        "name": "",
        "area_m2": 0.0,
        "weight": 35.0,
        "osm_id": 13463261401
      }
    },
    {
      "type": "Feature",
      "geometry": {
        "type": "Point",
        "coordinates": [
          121.4991403,
          31.2254405
        ]
      },
      "properties": {
        "attraction_id": "A_15051",
        "kind": "tourism",
        "category": "hotel_tourism",
        "label": "Hotel / Tourism",
        "name": "",
        "area_m2": 0.0,
        "weight": 35.0,
        "osm_id": 13463957016
      }
    },
    {
      "type": "Feature",
      "geometry": {
        "type": "Point",
        "coordinates": [
          121.4447425,
          31.2385817
        ]
      },
      "properties": {
        "attraction_id": "A_15055",
        "kind": "tourism",
        "category": "hotel_tourism",
        "label": "Hotel / Tourism",
        "name": "汉庭酒店",
        "area_m2": 0.0,
        "weight": 35.0,
        "osm_id": 13467993163
      }
    },
    {
      "type": "Feature",
      "geometry": {
        "type": "Point",
        "coordinates": [
          121.4916053,
          31.2289852
        ]
      },
      "properties": {
        "attraction_id": "A_15068",
        "kind": "tourism",
        "category": "hotel_tourism",
        "label": "Hotel / Tourism",
        "name": "",
        "area_m2": 0.0,
        "weight": 35.0,
        "osm_id": 13482252001
      }
    },
    {
      "type": "Feature",
      "geometry": {
        "type": "Point",
        "coordinates": [
          121.4881061,
          31.2550506
        ]
      },
      "properties": {
        "attraction_id": "A_15069",
        "kind": "tourism",
        "category": "hotel_tourism",
        "label": "Hotel / Tourism",
        "name": "佳铭宾馆",
        "area_m2": 0.0,
        "weight": 35.0,
        "osm_id": 13505937088
      }
    },
    {
      "type": "Feature",
      "geometry": {
        "type": "Point",
        "coordinates": [
          121.4880988,
          31.2279132
        ]
      },
      "properties": {
        "attraction_id": "A_15084",
        "kind": "tourism",
        "category": "hotel_tourism",
        "label": "Hotel / Tourism",
        "name": "",
        "area_m2": 0.0,
        "weight": 35.0,
        "osm_id": 13566306601
      }
    },
    {
      "type": "Feature",
      "geometry": {
        "type": "Point",
        "coordinates": [
          121.4238352,
          31.1967593
        ]
      },
      "properties": {
        "attraction_id": "A_15094",
        "kind": "tourism",
        "category": "hotel_tourism",
        "label": "Hotel / Tourism",
        "name": "Mia Hotel",
        "area_m2": 0.0,
        "weight": 35.0,
        "osm_id": 13626280999
      }
    },
    {
      "type": "Feature",
      "geometry": {
        "type": "Point",
        "coordinates": [
          121.4238344,
          31.1966933
        ]
      },
      "properties": {
        "attraction_id": "A_15095",
        "kind": "tourism",
        "category": "hotel_tourism",
        "label": "Hotel / Tourism",
        "name": "上海宓亚酒店(徐家汇交大店)",
        "area_m2": 0.0,
        "weight": 35.0,
        "osm_id": 13633495201
      }
    },
    {
      "type": "Feature",
      "geometry": {
        "type": "Point",
        "coordinates": [
          121.4083467,
          31.2405332
        ]
      },
      "properties": {
        "attraction_id": "A_15115",
        "kind": "tourism",
        "category": "hotel_tourism",
        "label": "Hotel / Tourism",
        "name": "",
        "area_m2": 0.0,
        "weight": 35.0,
        "osm_id": 13668200902
      }
    },
    {
      "type": "Feature",
      "geometry": {
        "type": "Point",
        "coordinates": [
          121.4083467,
          31.2405332
        ]
      },
      "properties": {
        "attraction_id": "A_15116",
        "kind": "tourism",
        "category": "hotel_tourism",
        "label": "Hotel / Tourism",
        "name": "",
        "area_m2": 0.0,
        "weight": 35.0,
        "osm_id": 13668207201
      }
    },
    {
      "type": "Feature",
      "geometry": {
        "type": "Point",
        "coordinates": [
          121.4723366,
          31.208885
        ]
      },
      "properties": {
        "attraction_id": "A_15123",
        "kind": "tourism",
        "category": "hotel_tourism",
        "label": "Hotel / Tourism",
        "name": "",
        "area_m2": 0.0,
        "weight": 35.0,
        "osm_id": 13694791401
      }
    },
    {
      "type": "Feature",
      "geometry": {
        "type": "Point",
        "coordinates": [
          121.5130702,
          31.2205994
        ]
      },
      "properties": {
        "attraction_id": "A_15125",
        "kind": "tourism",
        "category": "hotel_tourism",
        "label": "Hotel / Tourism",
        "name": "",
        "area_m2": 0.0,
        "weight": 35.0,
        "osm_id": 13703945101
      }
    },
    {
      "type": "Feature",
      "geometry": {
        "type": "Point",
        "coordinates": [
          121.4829618,
          31.2372936
        ]
      },
      "properties": {
        "attraction_id": "A_15136",
        "kind": "tourism",
        "category": "hotel_tourism",
        "label": "Hotel / Tourism",
        "name": "Metropolo",
        "area_m2": 0.0,
        "weight": 35.0,
        "osm_id": 13727083901
      }
    },
    {
      "type": "Feature",
      "geometry": {
        "type": "Point",
        "coordinates": [
          121.4632273,
          31.231398
        ]
      },
      "properties": {
        "attraction_id": "A_15149",
        "kind": "tourism",
        "category": "hotel_tourism",
        "label": "Hotel / Tourism",
        "name": "Homeinn Pebble Hotel",
        "area_m2": 0.0,
        "weight": 35.0,
        "osm_id": 13738949001
      }
    },
    {
      "type": "Feature",
      "geometry": {
        "type": "Point",
        "coordinates": [
          121.4722627,
          31.2168897
        ]
      },
      "properties": {
        "attraction_id": "A_15175",
        "kind": "tourism",
        "category": "hotel_tourism",
        "label": "Hotel / Tourism",
        "name": "",
        "area_m2": 0.0,
        "weight": 35.0,
        "osm_id": 13746397301
      }
    },
    {
      "type": "Feature",
      "geometry": {
        "type": "Point",
        "coordinates": [
          121.5177233,
          31.23073
        ]
      },
      "properties": {
        "attraction_id": "A_15178",
        "kind": "tourism",
        "category": "hotel_tourism",
        "label": "Hotel / Tourism",
        "name": "",
        "area_m2": 0.0,
        "weight": 35.0,
        "osm_id": 13747432201
      }
    },
    {
      "type": "Feature",
      "geometry": {
        "type": "Point",
        "coordinates": [
          121.4927016,
          31.223846
        ]
      },
      "properties": {
        "attraction_id": "A_15189",
        "kind": "tourism",
        "category": "hotel_tourism",
        "label": "Hotel / Tourism",
        "name": "",
        "area_m2": 0.0,
        "weight": 35.0,
        "osm_id": 13759115901
      }
    },
    {
      "type": "Feature",
      "geometry": {
        "type": "Point",
        "coordinates": [
          121.5147776,
          31.2278366
        ]
      },
      "properties": {
        "attraction_id": "A_15214",
        "kind": "tourism",
        "category": "hotel_tourism",
        "label": "Hotel / Tourism",
        "name": "",
        "area_m2": 0.0,
        "weight": 35.0,
        "osm_id": 13773260701
      }
    },
    {
      "type": "Feature",
      "geometry": {
        "type": "Point",
        "coordinates": [
          121.4764766,
          31.2245356
        ]
      },
      "properties": {
        "attraction_id": "A_15215",
        "kind": "tourism",
        "category": "hotel_tourism",
        "label": "Hotel / Tourism",
        "name": "Riverdale Residence Xintiandi Shanghai",
        "area_m2": 0.0,
        "weight": 35.0,
        "osm_id": 13775226601
      }
    },
    {
      "type": "Feature",
      "geometry": {
        "type": "Point",
        "coordinates": [
          121.4315551,
          31.2066276
        ]
      },
      "properties": {
        "attraction_id": "A_15216",
        "kind": "tourism",
        "category": "hotel_tourism",
        "label": "Hotel / Tourism",
        "name": "Soho Garden Villa Hotel",
        "area_m2": 0.0,
        "weight": 35.0,
        "osm_id": 13775397603
      }
    },
    {
      "type": "Feature",
      "geometry": {
        "type": "Point",
        "coordinates": [
          121.47615,
          31.2256356
        ]
      },
      "properties": {
        "attraction_id": "A_15220",
        "kind": "tourism",
        "category": "hotel_tourism",
        "label": "Hotel / Tourism",
        "name": "",
        "area_m2": 0.0,
        "weight": 35.0,
        "osm_id": 13778570201
      }
    },
    {
      "type": "Feature",
      "geometry": {
        "type": "Point",
        "coordinates": [
          121.4831064,
          31.2372258
        ]
      },
      "properties": {
        "attraction_id": "A_15221",
        "kind": "tourism",
        "category": "hotel_tourism",
        "label": "Hotel / Tourism",
        "name": "",
        "area_m2": 0.0,
        "weight": 35.0,
        "osm_id": 13780429801
      }
    },
    {
      "type": "Feature",
      "geometry": {
        "type": "Point",
        "coordinates": [
          121.4499524,
          31.236431
        ]
      },
      "properties": {
        "attraction_id": "A_15223",
        "kind": "tourism",
        "category": "hotel_tourism",
        "label": "Hotel / Tourism",
        "name": "Yumian³ Hotel",
        "area_m2": 0.0,
        "weight": 35.0,
        "osm_id": 13784192301
      }
    },
    {
      "type": "Feature",
      "geometry": {
        "type": "Point",
        "coordinates": [
          121.4646325,
          31.2171254
        ]
      },
      "properties": {
        "attraction_id": "A_15224",
        "kind": "tourism",
        "category": "hotel_tourism",
        "label": "Hotel / Tourism",
        "name": "",
        "area_m2": 0.0,
        "weight": 35.0,
        "osm_id": 13784219101
      }
    },
    {
      "type": "Feature",
      "geometry": {
        "type": "Point",
        "coordinates": [
          121.4945734,
          31.2512337
        ]
      },
      "properties": {
        "attraction_id": "A_15234",
        "kind": "tourism",
        "category": "hotel_tourism",
        "label": "Hotel / Tourism",
        "name": "",
        "area_m2": 0.0,
        "weight": 35.0,
        "osm_id": 13788589001
      }
    },
    {
      "type": "Feature",
      "geometry": {
        "type": "Point",
        "coordinates": [
          121.458817,
          31.2209663
        ]
      },
      "properties": {
        "attraction_id": "A_15238",
        "kind": "tourism",
        "category": "hotel_tourism",
        "label": "Hotel / Tourism",
        "name": "Компанили",
        "area_m2": 0.0,
        "weight": 35.0,
        "osm_id": 13797174102
      }
    },
    {
      "type": "Feature",
      "geometry": {
        "type": "Point",
        "coordinates": [
          121.4995817,
          31.2446892
        ]
      },
      "properties": {
        "attraction_id": "A_15241",
        "kind": "tourism",
        "category": "hotel_tourism",
        "label": "Hotel / Tourism",
        "name": "",
        "area_m2": 0.0,
        "weight": 35.0,
        "osm_id": 13798651301
      }
    },
    {
      "type": "Feature",
      "geometry": {
        "type": "Point",
        "coordinates": [
          121.4587727,
          31.2209477
        ]
      },
      "properties": {
        "attraction_id": "A_15245",
        "kind": "tourism",
        "category": "hotel_tourism",
        "label": "Hotel / Tourism",
        "name": "Companili",
        "area_m2": 0.0,
        "weight": 35.0,
        "osm_id": 13805190602
      }
    },
    {
      "type": "Feature",
      "geometry": {
        "type": "Point",
        "coordinates": [
          121.506971,
          31.2314979
        ]
      },
      "properties": {
        "attraction_id": "A_15246",
        "kind": "tourism",
        "category": "hotel_tourism",
        "label": "Hotel / Tourism",
        "name": "",
        "area_m2": 0.0,
        "weight": 35.0,
        "osm_id": 13805528703
      }
    },
    {
      "type": "Feature",
      "geometry": {
        "type": "Point",
        "coordinates": [
          121.4833827,
          31.246162
        ]
      },
      "properties": {
        "attraction_id": "A_15257",
        "kind": "tourism",
        "category": "hotel_tourism",
        "label": "Hotel / Tourism",
        "name": "",
        "area_m2": 0.0,
        "weight": 35.0,
        "osm_id": 13813298001
      }
    },
    {
      "type": "Feature",
      "geometry": {
        "type": "Point",
        "coordinates": [
          121.4764459,
          31.2091433
        ]
      },
      "properties": {
        "attraction_id": "A_15267",
        "kind": "tourism",
        "category": "hotel_tourism",
        "label": "Hotel / Tourism",
        "name": "丽一居民区党群服务站",
        "area_m2": 0.0,
        "weight": 35.0,
        "osm_id": 13814151052
      }
    },
    {
      "type": "Feature",
      "geometry": {
        "type": "Point",
        "coordinates": [
          121.4802201,
          31.209322
        ]
      },
      "properties": {
        "attraction_id": "A_15306",
        "kind": "tourism",
        "category": "hotel_tourism",
        "label": "Hotel / Tourism",
        "name": "吉泰酒店",
        "area_m2": 0.0,
        "weight": 35.0,
        "osm_id": 13814201163
      }
    },
    {
      "type": "Feature",
      "geometry": {
        "type": "Point",
        "coordinates": [
          121.480347,
          31.2092044
        ]
      },
      "properties": {
        "attraction_id": "A_15311",
        "kind": "tourism",
        "category": "hotel_tourism",
        "label": "Hotel / Tourism",
        "name": "海之梦酒店",
        "area_m2": 0.0,
        "weight": 35.0,
        "osm_id": 13814201168
      }
    },
    {
      "type": "Feature",
      "geometry": {
        "type": "Point",
        "coordinates": [
          121.4817621,
          31.2127555
        ]
      },
      "properties": {
        "attraction_id": "A_15358",
        "kind": "tourism",
        "category": "hotel_tourism",
        "label": "Hotel / Tourism",
        "name": "海友酒店",
        "area_m2": 0.0,
        "weight": 35.0,
        "osm_id": 13816431374
      }
    },
    {
      "type": "Feature",
      "geometry": {
        "type": "Point",
        "coordinates": [
          121.4784498,
          31.2109025
        ]
      },
      "properties": {
        "attraction_id": "A_15368",
        "kind": "tourism",
        "category": "hotel_tourism",
        "label": "Hotel / Tourism",
        "name": "唯庭轻居酒店",
        "area_m2": 0.0,
        "weight": 35.0,
        "osm_id": 13816433423
      }
    },
    {
      "type": "Feature",
      "geometry": {
        "type": "Point",
        "coordinates": [
          121.478956,
          31.2136962
        ]
      },
      "properties": {
        "attraction_id": "A_15400",
        "kind": "tourism",
        "category": "hotel_tourism",
        "label": "Hotel / Tourism",
        "name": "锦江之星",
        "area_m2": 0.0,
        "weight": 35.0,
        "osm_id": 13819790455
      }
    },
    {
      "type": "Feature",
      "geometry": {
        "type": "Point",
        "coordinates": [
          121.4772729,
          31.2128766
        ]
      },
      "properties": {
        "attraction_id": "A_15409",
        "kind": "tourism",
        "category": "hotel_tourism",
        "label": "Hotel / Tourism",
        "name": "艾扉酒店",
        "area_m2": 0.0,
        "weight": 35.0,
        "osm_id": 13819912965
      }
    },
    {
      "type": "Feature",
      "geometry": {
        "type": "Point",
        "coordinates": [
          121.4791662,
          31.214211
        ]
      },
      "properties": {
        "attraction_id": "A_15432",
        "kind": "tourism",
        "category": "hotel_tourism",
        "label": "Hotel / Tourism",
        "name": "汉庭优佳酒店",
        "area_m2": 0.0,
        "weight": 35.0,
        "osm_id": 13819912989
      }
    },
    {
      "type": "Feature",
      "geometry": {
        "type": "Point",
        "coordinates": [
          121.4810183,
          31.2147147
        ]
      },
      "properties": {
        "attraction_id": "A_15448",
        "kind": "tourism",
        "category": "hotel_tourism",
        "label": "Hotel / Tourism",
        "name": "汉庭酒店",
        "area_m2": 0.0,
        "weight": 35.0,
        "osm_id": 13819915107
      }
    },
    {
      "type": "Feature",
      "geometry": {
        "type": "Point",
        "coordinates": [
          121.4799863,
          31.2143871
        ]
      },
      "properties": {
        "attraction_id": "A_15454",
        "kind": "tourism",
        "category": "hotel_tourism",
        "label": "Hotel / Tourism",
        "name": "雅居酒店",
        "area_m2": 0.0,
        "weight": 35.0,
        "osm_id": 13819915114
      }
    },
    {
      "type": "Feature",
      "geometry": {
        "type": "Point",
        "coordinates": [
          121.4824382,
          31.2096872
        ]
      },
      "properties": {
        "attraction_id": "A_15478",
        "kind": "tourism",
        "category": "hotel_tourism",
        "label": "Hotel / Tourism",
        "name": "博江尚品酒店",
        "area_m2": 0.0,
        "weight": 35.0,
        "osm_id": 13826596449
      }
    },
    {
      "type": "Feature",
      "geometry": {
        "type": "Point",
        "coordinates": [
          121.5311676,
          31.23043535
        ]
      },
      "properties": {
        "attraction_id": "A_15498",
        "kind": "tourism",
        "category": "hotel_tourism",
        "label": "Hotel / Tourism",
        "name": "嘉瑞酒店",
        "area_m2": 2572.5966651812196,
        "weight": 60.7259666518122,
        "osm_id": 10639472
      }
    },
    {
      "type": "Feature",
      "geometry": {
        "type": "Point",
        "coordinates": [
          121.50301451428571,
          31.2365748
        ]
      },
      "properties": {
        "attraction_id": "A_15499",
        "kind": "tourism",
        "category": "hotel_tourism",
        "label": "Hotel / Tourism",
        "name": "上海环球金融中心",
        "area_m2": 3584.5874018892646,
        "weight": 70.84587401889264,
        "osm_id": 10691100
      }
    },
    {
      "type": "Feature",
      "geometry": {
        "type": "Point",
        "coordinates": [
          121.48219533333334,
          31.245692966666663
        ]
      },
      "properties": {
        "attraction_id": "A_15510",
        "kind": "tourism",
        "category": "leisure_park",
        "label": "Leisure / Park",
        "name": "",
        "area_m2": 3314.7638901099563,
        "weight": 48.31476389010996,
        "osm_id": 11764264
      }
    },
    {
      "type": "Feature",
      "geometry": {
        "type": "Point",
        "coordinates": [
          121.43778276666667,
          31.198798633333336
        ]
      },
      "properties": {
        "attraction_id": "A_15512",
        "kind": "tourism",
        "category": "leisure_park",
        "label": "Leisure / Park",
        "name": "徐家汇公园",
        "area_m2": 78881.92294799723,
        "weight": 123.88192294799723,
        "osm_id": 12271429
      }
    },
    {
      "type": "Feature",
      "geometry": {
        "type": "Point",
        "coordinates": [
          121.5139923,
          31.210835093333333
        ]
      },
      "properties": {
        "attraction_id": "A_15513",
        "kind": "tourism",
        "category": "hotel_tourism",
        "label": "Hotel / Tourism",
        "name": "喜来登由由酒店",
        "area_m2": 9475.616997271776,
        "weight": 129.75616997271777,
        "osm_id": 12470248
      }
    },
    {
      "type": "Feature",
      "geometry": {
        "type": "Point",
        "coordinates": [
          121.55485743333332,
          31.229022866666668
        ]
      },
      "properties": {
        "attraction_id": "A_15515",
        "kind": "commercial",
        "category": "retail_service",
        "label": "Retail / Service",
        "name": "大拇指广场",
        "area_m2": 53825.18752883375,
        "weight": 520.0,
        "osm_id": 13038769
      }
    },
    {
      "type": "Feature",
      "geometry": {
        "type": "Point",
        "coordinates": [
          121.44051555,
          31.225497825
        ]
      },
      "properties": {
        "attraction_id": "A_15516",
        "kind": "tourism",
        "category": "hotel_tourism",
        "label": "Hotel / Tourism",
        "name": "静安寺",
        "area_m2": 10698.357158996165,
        "weight": 141.98357158996163,
        "osm_id": 13981430
      }
    },
    {
      "type": "Feature",
      "geometry": {
        "type": "Point",
        "coordinates": [
          121.43983093125,
          31.22168948125
        ]
      },
      "properties": {
        "attraction_id": "A_15518",
        "kind": "tourism",
        "category": "hotel_tourism",
        "label": "Hotel / Tourism",
        "name": "上海国际贵都大饭店",
        "area_m2": 4270.709365021437,
        "weight": 77.70709365021438,
        "osm_id": 14789852
      }
    },
    {
      "type": "Feature",
      "geometry": {
        "type": "Point",
        "coordinates": [
          121.4373392375,
          31.183341509375
        ]
      },
      "properties": {
        "attraction_id": "A_15520",
        "kind": "tourism",
        "category": "leisure_park",
        "label": "Leisure / Park",
        "name": "上海体育场",
        "area_m2": 57063.28002297878,
        "weight": 102.06328002297877,
        "osm_id": 15783341
      }
    },
    {
      "type": "Feature",
      "geometry": {
        "type": "Point",
        "coordinates": [
          121.47453433000001,
          31.237668919999997
        ]
      },
      "properties": {
        "attraction_id": "A_15522",
        "kind": "tourism",
        "category": "hotel_tourism",
        "label": "Hotel / Tourism",
        "name": "南京路步行街",
        "area_m2": 26029.487368382514,
        "weight": 295.29487368382513,
        "osm_id": 27041875
      }
    },
    {
      "type": "Feature",
      "geometry": {
        "type": "Point",
        "coordinates": [
          121.43605409999999,
          31.180988166666666
        ]
      },
      "properties": {
        "attraction_id": "A_15523",
        "kind": "tourism",
        "category": "leisure_park",
        "label": "Leisure / Park",
        "name": "上海游泳馆",
        "area_m2": 7583.972104763612,
        "weight": 52.58397210476361,
        "osm_id": 29307947
      }
    },
    {
      "type": "Feature",
      "geometry": {
        "type": "Point",
        "coordinates": [
          121.40079417,
          31.20280017
        ]
      },
      "properties": {
        "attraction_id": "A_15524",
        "kind": "tourism",
        "category": "leisure_park",
        "label": "Leisure / Park",
        "name": "新虹桥中心花园",
        "area_m2": 125964.66065674112,
        "weight": 170.9646606567411,
        "osm_id": 29307987
      }
    },
    {
      "type": "Feature",
      "geometry": {
        "type": "Point",
        "coordinates": [
          121.41991138888888,
          31.177025866666668
        ]
      },
      "properties": {
        "attraction_id": "A_15528",
        "kind": "tourism",
        "category": "leisure_park",
        "label": "Leisure / Park",
        "name": "",
        "area_m2": 6934.362976657227,
        "weight": 51.934362976657226,
        "osm_id": 38872537
      }
    },
    {
      "type": "Feature",
      "geometry": {
        "type": "Point",
        "coordinates": [
          121.42115077142857,
          31.176999728571428
        ]
      },
      "properties": {
        "attraction_id": "A_15529",
        "kind": "tourism",
        "category": "leisure_park",
        "label": "Leisure / Park",
        "name": "田林中心绿地",
        "area_m2": 15303.915885842405,
        "weight": 60.30391588584241,
        "osm_id": 38873040
      }
    },
    {
      "type": "Feature",
      "geometry": {
        "type": "Point",
        "coordinates": [
          121.46868550500001,
          31.23405442
        ]
      },
      "properties": {
        "attraction_id": "A_15530",
        "kind": "tourism",
        "category": "leisure_park",
        "label": "Leisure / Park",
        "name": "人民公园",
        "area_m2": 103725.0691032596,
        "weight": 148.7250691032596,
        "osm_id": 39763744
      }
    },
    {
      "type": "Feature",
      "geometry": {
        "type": "Point",
        "coordinates": [
          121.46739753,
          31.2312639
        ]
      },
      "properties": {
        "attraction_id": "A_15531",
        "kind": "tourism",
        "category": "hotel_tourism",
        "label": "Hotel / Tourism",
        "name": "上海大剧院",
        "area_m2": 9926.053304169327,
        "weight": 134.26053304169326,
        "osm_id": 39763758
      }
    },
    {
      "type": "Feature",
      "geometry": {
        "type": "Point",
        "coordinates": [
          121.4708972,
          31.23344026
        ]
      },
      "properties": {
        "attraction_id": "A_15532",
        "kind": "tourism",
        "category": "hotel_tourism",
        "label": "Hotel / Tourism",
        "name": "上海城市规划展示馆",
        "area_m2": 3434.828340768814,
        "weight": 69.34828340768814,
        "osm_id": 39763847
      }
    },
    {
      "type": "Feature",
      "geometry": {
        "type": "Point",
        "coordinates": [
          121.46447104,
          31.219147903333333
        ]
      },
      "properties": {
        "attraction_id": "A_15535",
        "kind": "tourism",
        "category": "hotel_tourism",
        "label": "Hotel / Tourism",
        "name": "复兴公园",
        "area_m2": 72843.59579103813,
        "weight": 685.0,
        "osm_id": 39961770
      }
    },
    {
      "type": "Feature",
      "geometry": {
        "type": "Point",
        "coordinates": [
          121.48780088387097,
          31.228860377419355
        ]
      },
      "properties": {
        "attraction_id": "A_15536",
        "kind": "tourism",
        "category": "hotel_tourism",
        "label": "Hotel / Tourism",
        "name": "豫园",
        "area_m2": 15059.324793636799,
        "weight": 185.593247936368,
        "osm_id": 40036584
      }
    },
    {
      "type": "Feature",
      "geometry": {
        "type": "Point",
        "coordinates": [
          121.48813748124999,
          31.22788323125
        ]
      },
      "properties": {
        "attraction_id": "A_15537",
        "kind": "tourism",
        "category": "hotel_tourism",
        "label": "Hotel / Tourism",
        "name": "上海城隍庙",
        "area_m2": 6186.037267141044,
        "weight": 96.86037267141043,
        "osm_id": 40036659
      }
    },
    {
      "type": "Feature",
      "geometry": {
        "type": "Point",
        "coordinates": [
          121.46833813333335,
          31.233310966666668
        ]
      },
      "properties": {
        "attraction_id": "A_15538",
        "kind": "tourism",
        "category": "hotel_tourism",
        "label": "Hotel / Tourism",
        "name": "上海当代艺术馆",
        "area_m2": 1778.9379415027797,
        "weight": 52.789379415027796,
        "osm_id": 40324703
      }
    },
    {
      "type": "Feature",
      "geometry": {
        "type": "Point",
        "coordinates": [
          121.47041432399999,
          31.222223863999996
        ]
      },
      "properties": {
        "attraction_id": "A_15539",
        "kind": "tourism",
        "category": "hotel_tourism",
        "label": "Hotel / Tourism",
        "name": "新天地",
        "area_m2": 38190.995147936046,
        "weight": 416.9099514793605,
        "osm_id": 40325255
      }
    },
    {
      "type": "Feature",
      "geometry": {
        "type": "Point",
        "coordinates": [
          121.49420984166666,
          31.238683604166667
        ]
      },
      "properties": {
        "attraction_id": "A_15543",
        "kind": "commercial",
        "category": "retail_service",
        "label": "Retail / Service",
        "name": "正大广场",
        "area_m2": 24095.103003405035,
        "weight": 321.1887875425629,
        "osm_id": 40779113
      }
    },
    {
      "type": "Feature",
      "geometry": {
        "type": "Point",
        "coordinates": [
          121.501840675,
          31.24022814583333
        ]
      },
      "properties": {
        "attraction_id": "A_15544",
        "kind": "tourism",
        "category": "leisure_park",
        "label": "Leisure / Park",
        "name": "陆家嘴绿地",
        "area_m2": 84056.53185747564,
        "weight": 129.05653185747565,
        "osm_id": 40779542
      }
    },
    {
      "type": "Feature",
      "geometry": {
        "type": "Point",
        "coordinates": [
          121.53737330208332,
          31.22034906458333
        ]
      },
      "properties": {
        "attraction_id": "A_15546",
        "kind": "tourism",
        "category": "hotel_tourism",
        "label": "Hotel / Tourism",
        "name": "上海科技馆",
        "area_m2": 36334.423935480416,
        "weight": 398.34423935480413,
        "osm_id": 43927496
      }
    },
    {
      "type": "Feature",
      "geometry": {
        "type": "Point",
        "coordinates": [
          121.53949267499999,
          31.22450185
        ]
      },
      "properties": {
        "attraction_id": "A_15547",
        "kind": "tourism",
        "category": "leisure_park",
        "label": "Leisure / Park",
        "name": "",
        "area_m2": 5730.500554151833,
        "weight": 50.73050055415183,
        "osm_id": 43927687
      }
    },
    {
      "type": "Feature",
      "geometry": {
        "type": "Point",
        "coordinates": [
          121.5412436,
          31.2234669
        ]
      },
      "properties": {
        "attraction_id": "A_15548",
        "kind": "tourism",
        "category": "leisure_park",
        "label": "Leisure / Park",
        "name": "",
        "area_m2": 5904.417747050524,
        "weight": 50.90441774705052,
        "osm_id": 43927691
      }
    },
    {
      "type": "Feature",
      "geometry": {
        "type": "Point",
        "coordinates": [
          121.4140001609375,
          31.2234789921875
        ]
      },
      "properties": {
        "attraction_id": "A_15551",
        "kind": "tourism",
        "category": "leisure_park",
        "label": "Leisure / Park",
        "name": "中山公园",
        "area_m2": 192171.50173690915,
        "weight": 237.17150173690916,
        "osm_id": 45220427
      }
    },
    {
      "type": "Feature",
      "geometry": {
        "type": "Point",
        "coordinates": [
          121.41187871355932,
          31.22096790508475
        ]
      },
      "properties": {
        "attraction_id": "A_15552",
        "kind": "commercial",
        "category": "retail_service",
        "label": "Retail / Service",
        "name": "龙之梦购物中心",
        "area_m2": 17589.726314079948,
        "weight": 239.87157892599936,
        "osm_id": 45711546
      }
    },
    {
      "type": "Feature",
      "geometry": {
        "type": "Point",
        "coordinates": [
          121.44080660681817,
          31.14922689772727
        ]
      },
      "properties": {
        "attraction_id": "A_15553",
        "kind": "tourism",
        "category": "leisure_park",
        "label": "Leisure / Park",
        "name": "上海植物园",
        "area_m2": 843631.5926119026,
        "weight": 845.0,
        "osm_id": 47005216
      }
    },
    {
      "type": "Feature",
      "geometry": {
        "type": "Point",
        "coordinates": [
          121.44545527179488,
          31.177336305128204
        ]
      },
      "properties": {
        "attraction_id": "A_15554",
        "kind": "tourism",
        "category": "leisure_park",
        "label": "Leisure / Park",
        "name": "龙华烈士陵园",
        "area_m2": 158538.66724616196,
        "weight": 203.53866724616196,
        "osm_id": 47011871
      }
    },
    {
      "type": "Feature",
      "geometry": {
        "type": "Point",
        "coordinates": [
          121.447345475,
          31.1756178625
        ]
      },
      "properties": {
        "attraction_id": "A_15555",
        "kind": "tourism",
        "category": "hotel_tourism",
        "label": "Hotel / Tourism",
        "name": "龙华塔",
        "area_m2": 280.48160556703806,
        "weight": 37.80481605567038,
        "osm_id": 47011877
      }
    },
    {
      "type": "Feature",
      "geometry": {
        "type": "Point",
        "coordinates": [
          121.55051254705883,
          31.253219905882354
        ]
      },
      "properties": {
        "attraction_id": "A_15558",
        "kind": "tourism",
        "category": "leisure_park",
        "label": "Leisure / Park",
        "name": "",
        "area_m2": 48268.44681106508,
        "weight": 93.26844681106508,
        "osm_id": 47046592
      }
    },
    {
      "type": "Feature",
      "geometry": {
        "type": "Point",
        "coordinates": [
          121.43370204193549,
          31.183313574193548
        ]
      },
      "properties": {
        "attraction_id": "A_15559",
        "kind": "tourism",
        "category": "leisure_park",
        "label": "Leisure / Park",
        "name": "上海体育馆",
        "area_m2": 12835.141734069213,
        "weight": 57.83514173406921,
        "osm_id": 47229124
      }
    },
    {
      "type": "Feature",
      "geometry": {
        "type": "Point",
        "coordinates": [
          121.50353384375,
          31.238126587500002
        ]
      },
      "properties": {
        "attraction_id": "A_15560",
        "kind": "tourism",
        "category": "leisure_park",
        "label": "Leisure / Park",
        "name": "柳园公园",
        "area_m2": 14637.163940802217,
        "weight": 59.63716394080222,
        "osm_id": 47280147
      }
    },
    {
      "type": "Feature",
      "geometry": {
        "type": "Point",
        "coordinates": [
          121.49580643225806,
          31.242818877419356
        ]
      },
      "properties": {
        "attraction_id": "A_15561",
        "kind": "tourism",
        "category": "leisure_park",
        "label": "Leisure / Park",
        "name": "东方明珠公园",
        "area_m2": 31313.315016761422,
        "weight": 76.31331501676142,
        "osm_id": 47280263
      }
    },
    {
      "type": "Feature",
      "geometry": {
        "type": "Point",
        "coordinates": [
          121.53189866315789,
          31.233395257894735
        ]
      },
      "properties": {
        "attraction_id": "A_15564",
        "kind": "tourism",
        "category": "leisure_park",
        "label": "Leisure / Park",
        "name": "源深体育中心体育场",
        "area_m2": 37107.1526530385,
        "weight": 82.1071526530385,
        "osm_id": 47322967
      }
    },
    {
      "type": "Feature",
      "geometry": {
        "type": "Point",
        "coordinates": [
          121.5368623,
          31.237238825
        ]
      },
      "properties": {
        "attraction_id": "A_15565",
        "kind": "tourism",
        "category": "leisure_park",
        "label": "Leisure / Park",
        "name": "",
        "area_m2": 16020.512611493468,
        "weight": 61.02051261149347,
        "osm_id": 47322968
      }
    },
    {
      "type": "Feature",
      "geometry": {
        "type": "Point",
        "coordinates": [
          121.53171515,
          31.235583025
        ]
      },
      "properties": {
        "attraction_id": "A_15566",
        "kind": "tourism",
        "category": "leisure_park",
        "label": "Leisure / Park",
        "name": "",
        "area_m2": 10606.607685796916,
        "weight": 55.60660768579692,
        "osm_id": 47322969
      }
    },
    {
      "type": "Feature",
      "geometry": {
        "type": "Point",
        "coordinates": [
          121.52255253999999,
          31.23263124
        ]
      },
      "properties": {
        "attraction_id": "A_15567",
        "kind": "tourism",
        "category": "leisure_park",
        "label": "Leisure / Park",
        "name": "",
        "area_m2": 2810.537941403687,
        "weight": 47.81053794140369,
        "osm_id": 47322971
      }
    },
    {
      "type": "Feature",
      "geometry": {
        "type": "Point",
        "coordinates": [
          121.52513032499999,
          31.233457
        ]
      },
      "properties": {
        "attraction_id": "A_15568",
        "kind": "tourism",
        "category": "leisure_park",
        "label": "Leisure / Park",
        "name": "",
        "area_m2": 4753.404089741409,
        "weight": 49.75340408974141,
        "osm_id": 47322972
      }
    },
    {
      "type": "Feature",
      "geometry": {
        "type": "Point",
        "coordinates": [
          121.52780717499999,
          31.234330800000002
        ]
      },
      "properties": {
        "attraction_id": "A_15569",
        "kind": "tourism",
        "category": "leisure_park",
        "label": "Leisure / Park",
        "name": "",
        "area_m2": 8074.602549009025,
        "weight": 53.07460254900903,
        "osm_id": 47322973
      }
    },
    {
      "type": "Feature",
      "geometry": {
        "type": "Point",
        "coordinates": [
          121.555415675,
          31.24489735
        ]
      },
      "properties": {
        "attraction_id": "A_15570",
        "kind": "tourism",
        "category": "leisure_park",
        "label": "Leisure / Park",
        "name": "",
        "area_m2": 4890.878074094653,
        "weight": 49.89087807409465,
        "osm_id": 47323594
      }
    },
    {
      "type": "Feature",
      "geometry": {
        "type": "Point",
        "coordinates": [
          121.55885425,
          31.24688095
        ]
      },
      "properties": {
        "attraction_id": "A_15571",
        "kind": "tourism",
        "category": "leisure_park",
        "label": "Leisure / Park",
        "name": "",
        "area_m2": 8695.713134720922,
        "weight": 53.69571313472092,
        "osm_id": 47323595
      }
    },
    {
      "type": "Feature",
      "geometry": {
        "type": "Point",
        "coordinates": [
          121.553103625,
          31.243615475
        ]
      },
      "properties": {
        "attraction_id": "A_15572",
        "kind": "tourism",
        "category": "leisure_park",
        "label": "Leisure / Park",
        "name": "",
        "area_m2": 4163.000775307417,
        "weight": 49.16300077530742,
        "osm_id": 47323599
      }
    },
    {
      "type": "Feature",
      "geometry": {
        "type": "Point",
        "coordinates": [
          121.54977235,
          31.242045125
        ]
      },
      "properties": {
        "attraction_id": "A_15573",
        "kind": "tourism",
        "category": "leisure_park",
        "label": "Leisure / Park",
        "name": "",
        "area_m2": 1820.7742711305618,
        "weight": 46.82077427113056,
        "osm_id": 47323601
      }
    },
    {
      "type": "Feature",
      "geometry": {
        "type": "Point",
        "coordinates": [
          121.54185175,
          31.238822550000002
        ]
      },
      "properties": {
        "attraction_id": "A_15574",
        "kind": "tourism",
        "category": "leisure_park",
        "label": "Leisure / Park",
        "name": "",
        "area_m2": 8159.994342282414,
        "weight": 53.15999434228242,
        "osm_id": 47323608
      }
    },
    {
      "type": "Feature",
      "geometry": {
        "type": "Point",
        "coordinates": [
          121.54498455,
          31.239941674999997
        ]
      },
      "properties": {
        "attraction_id": "A_15575",
        "kind": "tourism",
        "category": "leisure_park",
        "label": "Leisure / Park",
        "name": "",
        "area_m2": 5646.610542833805,
        "weight": 50.646610542833805,
        "osm_id": 47323609
      }
    },
    {
      "type": "Feature",
      "geometry": {
        "type": "Point",
        "coordinates": [
          121.547637225,
          31.2410906
        ]
      },
      "properties": {
        "attraction_id": "A_15576",
        "kind": "tourism",
        "category": "leisure_park",
        "label": "Leisure / Park",
        "name": "",
        "area_m2": 6377.504299208522,
        "weight": 51.377504299208525,
        "osm_id": 47323613
      }
    },
    {
      "type": "Feature",
      "geometry": {
        "type": "Point",
        "coordinates": [
          121.46776785,
          31.2396082625
        ]
      },
      "properties": {
        "attraction_id": "A_15581",
        "kind": "tourism",
        "category": "leisure_park",
        "label": "Leisure / Park",
        "name": "大观园绿地",
        "area_m2": 9841.346827916801,
        "weight": 54.8413468279168,
        "osm_id": 50258395
      }
    },
    {
      "type": "Feature",
      "geometry": {
        "type": "Point",
        "coordinates": [
          121.48028764583334,
          31.256758620833335
        ]
      },
      "properties": {
        "attraction_id": "A_15582",
        "kind": "tourism",
        "category": "leisure_park",
        "label": "Leisure / Park",
        "name": "四川北路公园",
        "area_m2": 42077.28077161312,
        "weight": 87.07728077161312,
        "osm_id": 50326342
      }
    },
    {
      "type": "Feature",
      "geometry": {
        "type": "Point",
        "coordinates": [
          121.453779225,
          31.153034925
        ]
      },
      "properties": {
        "attraction_id": "A_15583",
        "kind": "tourism",
        "category": "leisure_park",
        "label": "Leisure / Park",
        "name": "龙华滨江休闲广场",
        "area_m2": 7912.616670028772,
        "weight": 52.91261667002877,
        "osm_id": 50330793
      }
    },
    {
      "type": "Feature",
      "geometry": {
        "type": "Point",
        "coordinates": [
          121.45628131199999,
          31.246403104000002
        ]
      },
      "properties": {
        "attraction_id": "A_15584",
        "kind": "tourism",
        "category": "leisure_park",
        "label": "Leisure / Park",
        "name": "不夜城公园",
        "area_m2": 39648.847377512604,
        "weight": 84.6488473775126,
        "osm_id": 50371371
      }
    },
    {
      "type": "Feature",
      "geometry": {
        "type": "Point",
        "coordinates": [
          121.43509041428571,
          31.24490271428571
        ]
      },
      "properties": {
        "attraction_id": "A_15589",
        "kind": "tourism",
        "category": "leisure_park",
        "label": "Leisure / Park",
        "name": "长寿公园",
        "area_m2": 35907.940460089594,
        "weight": 80.90794046008959,
        "osm_id": 50832821
      }
    },
    {
      "type": "Feature",
      "geometry": {
        "type": "Point",
        "coordinates": [
          121.4734743,
          31.25401685
        ]
      },
      "properties": {
        "attraction_id": "A_15595",
        "kind": "tourism",
        "category": "leisure_park",
        "label": "Leisure / Park",
        "name": "",
        "area_m2": 2635.242273040116,
        "weight": 47.63524227304011,
        "osm_id": 51964785
      }
    },
    {
      "type": "Feature",
      "geometry": {
        "type": "Point",
        "coordinates": [
          121.46291543846154,
          31.249451884615386
        ]
      },
      "properties": {
        "attraction_id": "A_15596",
        "kind": "tourism",
        "category": "leisure_park",
        "label": "Leisure / Park",
        "name": "交通公园",
        "area_m2": 12963.608079530299,
        "weight": 57.9636080795303,
        "osm_id": 51964858
      }
    },
    {
      "type": "Feature",
      "geometry": {
        "type": "Point",
        "coordinates": [
          121.4469325,
          31.259466083333333
        ]
      },
      "properties": {
        "attraction_id": "A_15601",
        "kind": "tourism",
        "category": "leisure_park",
        "label": "Leisure / Park",
        "name": "",
        "area_m2": 3875.775413401425,
        "weight": 48.87577541340143,
        "osm_id": 52205482
      }
    },
    {
      "type": "Feature",
      "geometry": {
        "type": "Point",
        "coordinates": [
          121.49520553333332,
          31.196092505555555
        ]
      },
      "properties": {
        "attraction_id": "A_15602",
        "kind": "tourism",
        "category": "leisure_park",
        "label": "Leisure / Park",
        "name": "",
        "area_m2": 39923.97622752935,
        "weight": 84.92397622752935,
        "osm_id": 53511131
      }
    },
    {
      "type": "Feature",
      "geometry": {
        "type": "Point",
        "coordinates": [
          121.5024752,
          31.189906422222222
        ]
      },
      "properties": {
        "attraction_id": "A_15603",
        "kind": "tourism",
        "category": "leisure_park",
        "label": "Leisure / Park",
        "name": "临沂公园",
        "area_m2": 22959.63670403883,
        "weight": 67.95963670403883,
        "osm_id": 53577983
      }
    },
    {
      "type": "Feature",
      "geometry": {
        "type": "Point",
        "coordinates": [
          121.47950571111112,
          31.1982679
        ]
      },
      "properties": {
        "attraction_id": "A_15604",
        "kind": "tourism",
        "category": "leisure_park",
        "label": "Leisure / Park",
        "name": "",
        "area_m2": 4751.468708910048,
        "weight": 49.751468708910046,
        "osm_id": 58413664
      }
    },
    {
      "type": "Feature",
      "geometry": {
        "type": "Point",
        "coordinates": [
          121.48134478888889,
          31.198445566666667
        ]
      },
      "properties": {
        "attraction_id": "A_15605",
        "kind": "tourism",
        "category": "leisure_park",
        "label": "Leisure / Park",
        "name": "",
        "area_m2": 10443.8334973827,
        "weight": 55.4438334973827,
        "osm_id": 58413720
      }
    },
    {
      "type": "Feature",
      "geometry": {
        "type": "Point",
        "coordinates": [
          121.48739696111112,
          31.228706933333335
        ]
      },
      "properties": {
        "attraction_id": "A_15606",
        "kind": "tourism",
        "category": "hotel_tourism",
        "label": "Hotel / Tourism",
        "name": "九曲桥",
        "area_m2": 265.14544229209423,
        "weight": 37.65145442292094,
        "osm_id": 62072384
      }
    },
    {
      "type": "Feature",
      "geometry": {
        "type": "Point",
        "coordinates": [
          121.48443563888888,
          31.230752494444445
        ]
      },
      "properties": {
        "attraction_id": "A_15607",
        "kind": "tourism",
        "category": "leisure_park",
        "label": "Leisure / Park",
        "name": "",
        "area_m2": 14177.757202751935,
        "weight": 59.177757202751934,
        "osm_id": 62072386
      }
    },
    {
      "type": "Feature",
      "geometry": {
        "type": "Point",
        "coordinates": [
          121.48874072999999,
          31.227082869999997
        ]
      },
      "properties": {
        "attraction_id": "A_15608",
        "kind": "commercial",
        "category": "retail_service",
        "label": "Retail / Service",
        "name": "上海城隍庙广场",
        "area_m2": 13770.362871713936,
        "weight": 192.12953589642422,
        "osm_id": 62072387
      }
    },
    {
      "type": "Feature",
      "geometry": {
        "type": "Point",
        "coordinates": [
          121.48722452028987,
          31.22848112753623
        ]
      },
      "properties": {
        "attraction_id": "A_15609",
        "kind": "tourism",
        "category": "hotel_tourism",
        "label": "Hotel / Tourism",
        "name": "豫园商城",
        "area_m2": 27164.312821023166,
        "weight": 306.6431282102317,
        "osm_id": 62072391
      }
    },
    {
      "type": "Feature",
      "geometry": {
        "type": "Point",
        "coordinates": [
          121.44724945,
          31.25162106666667
        ]
      },
      "properties": {
        "attraction_id": "A_15612",
        "kind": "tourism",
        "category": "hotel_tourism",
        "label": "Hotel / Tourism",
        "name": "",
        "area_m2": 1009.617757152766,
        "weight": 45.09617757152766,
        "osm_id": 64911742
      }
    },
    {
      "type": "Feature",
      "geometry": {
        "type": "Point",
        "coordinates": [
          121.4498067,
          31.18697608
        ]
      },
      "properties": {
        "attraction_id": "A_15637",
        "kind": "tourism",
        "category": "leisure_park",
        "label": "Leisure / Park",
        "name": "东安公园",
        "area_m2": 21000.89911677316,
        "weight": 66.00089911677316,
        "osm_id": 72083049
      }
    },
    {
      "type": "Feature",
      "geometry": {
        "type": "Point",
        "coordinates": [
          121.47422148333334,
          31.209378041666668
        ]
      },
      "properties": {
        "attraction_id": "A_15638",
        "kind": "tourism",
        "category": "leisure_park",
        "label": "Leisure / Park",
        "name": "丽园公园",
        "area_m2": 17592.61057095602,
        "weight": 62.592610570956026,
        "osm_id": 72083112
      }
    },
    {
      "type": "Feature",
      "geometry": {
        "type": "Point",
        "coordinates": [
          121.48694343030303,
          31.208065654545457
        ]
      },
      "properties": {
        "attraction_id": "A_15639",
        "kind": "tourism",
        "category": "leisure_park",
        "label": "Leisure / Park",
        "name": "蓬莱公园",
        "area_m2": 34334.57859545201,
        "weight": 79.334578595452,
        "osm_id": 72083159
      }
    },
    {
      "type": "Feature",
      "geometry": {
        "type": "Point",
        "coordinates": [
          121.45543080869565,
          31.22062845652174
        ]
      },
      "properties": {
        "attraction_id": "A_15640",
        "kind": "tourism",
        "category": "leisure_park",
        "label": "Leisure / Park",
        "name": "淮茂绿地",
        "area_m2": 18982.74852086231,
        "weight": 63.982748520862316,
        "osm_id": 72233363
      }
    },
    {
      "type": "Feature",
      "geometry": {
        "type": "Point",
        "coordinates": [
          121.45202696086956,
          31.21884987391304
        ]
      },
      "properties": {
        "attraction_id": "A_15641",
        "kind": "tourism",
        "category": "leisure_park",
        "label": "Leisure / Park",
        "name": "襄阳公园",
        "area_m2": 19527.12829402834,
        "weight": 64.52712829402834,
        "osm_id": 72233364
      }
    },
    {
      "type": "Feature",
      "geometry": {
        "type": "Point",
        "coordinates": [
          121.40990104999999,
          31.215782416666666
        ]
      },
      "properties": {
        "attraction_id": "A_15644",
        "kind": "tourism",
        "category": "leisure_park",
        "label": "Leisure / Park",
        "name": "长宁游泳中心",
        "area_m2": 6595.239251801278,
        "weight": 51.59523925180128,
        "osm_id": 73957119
      }
    },
    {
      "type": "Feature",
      "geometry": {
        "type": "Point",
        "coordinates": [
          121.42183019375,
          31.19782574375
        ]
      },
      "properties": {
        "attraction_id": "A_15646",
        "kind": "tourism",
        "category": "leisure_park",
        "label": "Leisure / Park",
        "name": "番禺绿地",
        "area_m2": 38865.23884573858,
        "weight": 83.86523884573859,
        "osm_id": 85711367
      }
    },
    {
      "type": "Feature",
      "geometry": {
        "type": "Point",
        "coordinates": [
          121.41253684642857,
          31.220541282142857
        ]
      },
      "properties": {
        "attraction_id": "A_15654",
        "kind": "tourism",
        "category": "hotel_tourism",
        "label": "Hotel / Tourism",
        "name": "龙之梦万丽酒店",
        "area_m2": 1504.7722297087312,
        "weight": 50.04772229708731,
        "osm_id": 93070273
      }
    },
    {
      "type": "Feature",
      "geometry": {
        "type": "Point",
        "coordinates": [
          121.50128889999999,
          31.1906234
        ]
      },
      "properties": {
        "attraction_id": "A_15673",
        "kind": "tourism",
        "category": "leisure_park",
        "label": "Leisure / Park",
        "name": "浦东游泳馆",
        "area_m2": 6810.460393358022,
        "weight": 51.81046039335802,
        "osm_id": 97942680
      }
    },
    {
      "type": "Feature",
      "geometry": {
        "type": "Point",
        "coordinates": [
          121.4124747,
          31.162355780000002
        ]
      },
      "properties": {
        "attraction_id": "A_15674",
        "kind": "tourism",
        "category": "leisure_park",
        "label": "Leisure / Park",
        "name": "上海师范大学西部操场",
        "area_m2": 7008.534034158103,
        "weight": 52.0085340341581,
        "osm_id": 100323304
      }
    },
    {
      "type": "Feature",
      "geometry": {
        "type": "Point",
        "coordinates": [
          121.43544239210527,
          31.252601973684207
        ]
      },
      "properties": {
        "attraction_id": "A_15675",
        "kind": "tourism",
        "category": "leisure_park",
        "label": "Leisure / Park",
        "name": "梦清园",
        "area_m2": 75642.36972168088,
        "weight": 120.64236972168088,
        "osm_id": 101312398
      }
    },
    {
      "type": "Feature",
      "geometry": {
        "type": "Point",
        "coordinates": [
          121.54285437222221,
          31.23061105
        ]
      },
      "properties": {
        "attraction_id": "A_15679",
        "kind": "tourism",
        "category": "leisure_park",
        "label": "Leisure / Park",
        "name": "",
        "area_m2": 15427.379712626338,
        "weight": 60.42737971262634,
        "osm_id": 103381399
      }
    },
    {
      "type": "Feature",
      "geometry": {
        "type": "Point",
        "coordinates": [
          121.550129425,
          31.21275145
        ]
      },
      "properties": {
        "attraction_id": "A_15680",
        "kind": "tourism",
        "category": "leisure_park",
        "label": "Leisure / Park",
        "name": "",
        "area_m2": 703.8786287084222,
        "weight": 45.70387862870842,
        "osm_id": 108258762
      }
    },
    {
      "type": "Feature",
      "geometry": {
        "type": "Point",
        "coordinates": [
          121.400110375,
          31.23241565
        ]
      },
      "properties": {
        "attraction_id": "A_15690",
        "kind": "tourism",
        "category": "leisure_park",
        "label": "Leisure / Park",
        "name": "",
        "area_m2": 2367.8226332606864,
        "weight": 47.36782263326069,
        "osm_id": 114518331
      }
    },
    {
      "type": "Feature",
      "geometry": {
        "type": "Point",
        "coordinates": [
          121.40079555,
          31.2324493
        ]
      },
      "properties": {
        "attraction_id": "A_15692",
        "kind": "tourism",
        "category": "leisure_park",
        "label": "Leisure / Park",
        "name": "",
        "area_m2": 528.5359638603986,
        "weight": 45.5285359638604,
        "osm_id": 114518337
      }
    },
    {
      "type": "Feature",
      "geometry": {
        "type": "Point",
        "coordinates": [
          121.41641074736842,
          31.224703984210525
        ]
      },
      "properties": {
        "attraction_id": "A_15703",
        "kind": "tourism",
        "category": "leisure_park",
        "label": "Leisure / Park",
        "name": "",
        "area_m2": 5637.650268808007,
        "weight": 50.63765026880801,
        "osm_id": 115705863
      }
    },
    {
      "type": "Feature",
      "geometry": {
        "type": "Point",
        "coordinates": [
          121.55500144999999,
          31.245574225
        ]
      },
      "properties": {
        "attraction_id": "A_15724",
        "kind": "tourism",
        "category": "leisure_park",
        "label": "Leisure / Park",
        "name": "",
        "area_m2": 2905.874197795987,
        "weight": 47.90587419779599,
        "osm_id": 123942182
      }
    },
    {
      "type": "Feature",
      "geometry": {
        "type": "Point",
        "coordinates": [
          121.555508975,
          31.2459811
        ]
      },
      "properties": {
        "attraction_id": "A_15725",
        "kind": "tourism",
        "category": "leisure_park",
        "label": "Leisure / Park",
        "name": "",
        "area_m2": 2322.782175987959,
        "weight": 47.32278217598796,
        "osm_id": 123942184
      }
    },
    {
      "type": "Feature",
      "geometry": {
        "type": "Point",
        "coordinates": [
          121.42599264444445,
          31.239547222222225
        ]
      },
      "properties": {
        "attraction_id": "A_15730",
        "kind": "tourism",
        "category": "hotel_tourism",
        "label": "Hotel / Tourism",
        "name": "",
        "area_m2": 457.51582746207714,
        "weight": 39.57515827462077,
        "osm_id": 128842545
      }
    },
    {
      "type": "Feature",
      "geometry": {
        "type": "Point",
        "coordinates": [
          121.48046363333333,
          31.24701985333333
        ]
      },
      "properties": {
        "attraction_id": "A_15738",
        "kind": "tourism",
        "category": "hotel_tourism",
        "label": "Hotel / Tourism",
        "name": "新亚大酒店",
        "area_m2": 2463.051792398095,
        "weight": 59.630517923980946,
        "osm_id": 130396592
      }
    },
    {
      "type": "Feature",
      "geometry": {
        "type": "Point",
        "coordinates": [
          121.50162499032258,
          31.229294612903225
        ]
      },
      "properties": {
        "attraction_id": "A_15749",
        "kind": "tourism",
        "category": "leisure_park",
        "label": "Leisure / Park",
        "name": "东昌滨江绿地",
        "area_m2": 40007.80840097368,
        "weight": 85.00780840097369,
        "osm_id": 135720480
      }
    },
    {
      "type": "Feature",
      "geometry": {
        "type": "Point",
        "coordinates": [
          121.51159515,
          31.23661235
        ]
      },
      "properties": {
        "attraction_id": "A_15750",
        "kind": "tourism",
        "category": "leisure_park",
        "label": "Leisure / Park",
        "name": "",
        "area_m2": 2930.583972387016,
        "weight": 47.93058397238701,
        "osm_id": 135838059
      }
    },
    {
      "type": "Feature",
      "geometry": {
        "type": "Point",
        "coordinates": [
          121.476966675,
          31.23705635
        ]
      },
      "properties": {
        "attraction_id": "A_15755",
        "kind": "tourism",
        "category": "hotel_tourism",
        "label": "Hotel / Tourism",
        "name": "上海大酒店",
        "area_m2": 3566.360140107572,
        "weight": 70.66360140107572,
        "osm_id": 137191549
      }
    },
    {
      "type": "Feature",
      "geometry": {
        "type": "Point",
        "coordinates": [
          121.47506480000001,
          31.237273254545457
        ]
      },
      "properties": {
        "attraction_id": "A_15756",
        "kind": "tourism",
        "category": "leisure_park",
        "label": "Leisure / Park",
        "name": "世纪广场",
        "area_m2": 8883.722110688686,
        "weight": 53.88372211068869,
        "osm_id": 137191767
      }
    },
    {
      "type": "Feature",
      "geometry": {
        "type": "Point",
        "coordinates": [
          121.4956739,
          31.22811215
        ]
      },
      "properties": {
        "attraction_id": "A_15772",
        "kind": "tourism",
        "category": "hotel_tourism",
        "label": "Hotel / Tourism",
        "name": "上海外滩英迪格酒店",
        "area_m2": 901.8080171495676,
        "weight": 44.018080171495676,
        "osm_id": 142741996
      }
    },
    {
      "type": "Feature",
      "geometry": {
        "type": "Point",
        "coordinates": [
          121.4436757,
          31.224105675
        ]
      },
      "properties": {
        "attraction_id": "A_15778",
        "kind": "tourism",
        "category": "hotel_tourism",
        "label": "Hotel / Tourism",
        "name": "",
        "area_m2": 1404.7228538878262,
        "weight": 49.04722853887826,
        "osm_id": 144053230
      }
    },
    {
      "type": "Feature",
      "geometry": {
        "type": "Point",
        "coordinates": [
          121.522498575,
          31.2258109
        ]
      },
      "properties": {
        "attraction_id": "A_15782",
        "kind": "tourism",
        "category": "leisure_park",
        "label": "Leisure / Park",
        "name": "",
        "area_m2": 1103.5552765876055,
        "weight": 46.103555276587606,
        "osm_id": 155514391
      }
    },
    {
      "type": "Feature",
      "geometry": {
        "type": "Point",
        "coordinates": [
          121.52100805,
          31.225348325
        ]
      },
      "properties": {
        "attraction_id": "A_15783",
        "kind": "tourism",
        "category": "leisure_park",
        "label": "Leisure / Park",
        "name": "",
        "area_m2": 1041.8442826718092,
        "weight": 46.04184428267181,
        "osm_id": 155514393
      }
    },
    {
      "type": "Feature",
      "geometry": {
        "type": "Point",
        "coordinates": [
          121.520564525,
          31.225356525000002
        ]
      },
      "properties": {
        "attraction_id": "A_15784",
        "kind": "tourism",
        "category": "leisure_park",
        "label": "Leisure / Park",
        "name": "",
        "area_m2": 512.0555708259344,
        "weight": 45.512055570825936,
        "osm_id": 155514394
      }
    },
    {
      "type": "Feature",
      "geometry": {
        "type": "Point",
        "coordinates": [
          121.43092815,
          31.1939531
        ]
      },
      "properties": {
        "attraction_id": "A_15785",
        "kind": "tourism",
        "category": "leisure_park",
        "label": "Leisure / Park",
        "name": "",
        "area_m2": 3317.2189160883427,
        "weight": 48.31721891608834,
        "osm_id": 155515136
      }
    },
    {
      "type": "Feature",
      "geometry": {
        "type": "Point",
        "coordinates": [
          121.42860684285714,
          31.250947585714282
        ]
      },
      "properties": {
        "attraction_id": "A_15792",
        "kind": "tourism",
        "category": "leisure_park",
        "label": "Leisure / Park",
        "name": "",
        "area_m2": 451.91398530080914,
        "weight": 45.451913985300806,
        "osm_id": 157303903
      }
    },
    {
      "type": "Feature",
      "geometry": {
        "type": "Point",
        "coordinates": [
          121.42914094444444,
          31.24898961111111
        ]
      },
      "properties": {
        "attraction_id": "A_15806",
        "kind": "tourism",
        "category": "leisure_park",
        "label": "Leisure / Park",
        "name": "",
        "area_m2": 5973.072376891971,
        "weight": 50.97307237689197,
        "osm_id": 157359668
      }
    },
    {
      "type": "Feature",
      "geometry": {
        "type": "Point",
        "coordinates": [
          121.51265510714286,
          31.211653607142857
        ]
      },
      "properties": {
        "attraction_id": "A_15813",
        "kind": "tourism",
        "category": "hotel_tourism",
        "label": "Hotel / Tourism",
        "name": "Four Points by Sheraton",
        "area_m2": 1874.1875728145242,
        "weight": 53.741875728145246,
        "osm_id": 159787864
      }
    },
    {
      "type": "Feature",
      "geometry": {
        "type": "Point",
        "coordinates": [
          121.5138688,
          31.2082631
        ]
      },
      "properties": {
        "attraction_id": "A_15814",
        "kind": "tourism",
        "category": "leisure_park",
        "label": "Leisure / Park",
        "name": "",
        "area_m2": 1595.9261688143015,
        "weight": 46.5959261688143,
        "osm_id": 159787870
      }
    },
    {
      "type": "Feature",
      "geometry": {
        "type": "Point",
        "coordinates": [
          121.51130083333334,
          31.212779233333332
        ]
      },
      "properties": {
        "attraction_id": "A_15832",
        "kind": "tourism",
        "category": "hotel_tourism",
        "label": "Hotel / Tourism",
        "name": "如家",
        "area_m2": 901.0033933892846,
        "weight": 44.01003393389284,
        "osm_id": 159940031
      }
    },
    {
      "type": "Feature",
      "geometry": {
        "type": "Point",
        "coordinates": [
          121.51277209999999,
          31.2120577
        ]
      },
      "properties": {
        "attraction_id": "A_15833",
        "kind": "tourism",
        "category": "hotel_tourism",
        "label": "Hotel / Tourism",
        "name": "由由",
        "area_m2": 920.7316476255655,
        "weight": 44.207316476255656,
        "osm_id": 159940033
      }
    },
    {
      "type": "Feature",
      "geometry": {
        "type": "Point",
        "coordinates": [
          121.51074564583332,
          31.2052226
        ]
      },
      "properties": {
        "attraction_id": "A_15841",
        "kind": "tourism",
        "category": "leisure_park",
        "label": "Leisure / Park",
        "name": "南浦广场公园",
        "area_m2": 36379.42186959833,
        "weight": 81.37942186959833,
        "osm_id": 159942202
      }
    },
    {
      "type": "Feature",
      "geometry": {
        "type": "Point",
        "coordinates": [
          121.518662,
          31.20588385
        ]
      },
      "properties": {
        "attraction_id": "A_15842",
        "kind": "tourism",
        "category": "leisure_park",
        "label": "Leisure / Park",
        "name": "",
        "area_m2": 1017.7926691249013,
        "weight": 46.0177926691249,
        "osm_id": 159942207
      }
    },
    {
      "type": "Feature",
      "geometry": {
        "type": "Point",
        "coordinates": [
          121.47188505555556,
          31.23706432777778
        ]
      },
      "properties": {
        "attraction_id": "A_15846",
        "kind": "tourism",
        "category": "hotel_tourism",
        "label": "Hotel / Tourism",
        "name": "",
        "area_m2": 10912.906561605632,
        "weight": 144.12906561605632,
        "osm_id": 160023915
      }
    },
    {
      "type": "Feature",
      "geometry": {
        "type": "Point",
        "coordinates": [
          121.47498664390244,
          31.23761023414634
        ]
      },
      "properties": {
        "attraction_id": "A_15847",
        "kind": "tourism",
        "category": "hotel_tourism",
        "label": "Hotel / Tourism",
        "name": "",
        "area_m2": 5151.898352786899,
        "weight": 86.51898352786898,
        "osm_id": 160023918
      }
    },
    {
      "type": "Feature",
      "geometry": {
        "type": "Point",
        "coordinates": [
          121.47794856307692,
          31.23857109076923
        ]
      },
      "properties": {
        "attraction_id": "A_15848",
        "kind": "tourism",
        "category": "hotel_tourism",
        "label": "Hotel / Tourism",
        "name": "",
        "area_m2": 13781.257895044982,
        "weight": 172.81257895044982,
        "osm_id": 160023919
      }
    },
    {
      "type": "Feature",
      "geometry": {
        "type": "Point",
        "coordinates": [
          121.51840955,
          31.21159695
        ]
      },
      "properties": {
        "attraction_id": "A_15854",
        "kind": "tourism",
        "category": "leisure_park",
        "label": "Leisure / Park",
        "name": "",
        "area_m2": 3189.124753162265,
        "weight": 48.18912475316226,
        "osm_id": 160077566
      }
    },
    {
      "type": "Feature",
      "geometry": {
        "type": "Point",
        "coordinates": [
          121.5168882,
          31.215154875
        ]
      },
      "properties": {
        "attraction_id": "A_15855",
        "kind": "tourism",
        "category": "leisure_park",
        "label": "Leisure / Park",
        "name": "",
        "area_m2": 4961.653281651437,
        "weight": 49.96165328165144,
        "osm_id": 160077567
      }
    },
    {
      "type": "Feature",
      "geometry": {
        "type": "Point",
        "coordinates": [
          121.51481937999999,
          31.21345568
        ]
      },
      "properties": {
        "attraction_id": "A_15856",
        "kind": "tourism",
        "category": "leisure_park",
        "label": "Leisure / Park",
        "name": "",
        "area_m2": 2349.0840414762497,
        "weight": 47.349084041476246,
        "osm_id": 160077568
      }
    },
    {
      "type": "Feature",
      "geometry": {
        "type": "Point",
        "coordinates": [
          121.5217154625,
          31.211495562499998
        ]
      },
      "properties": {
        "attraction_id": "A_15857",
        "kind": "tourism",
        "category": "leisure_park",
        "label": "Leisure / Park",
        "name": "",
        "area_m2": 4204.104528434575,
        "weight": 49.20410452843458,
        "osm_id": 160077569
      }
    },
    {
      "type": "Feature",
      "geometry": {
        "type": "Point",
        "coordinates": [
          121.50996864285715,
          31.259804521428574
        ]
      },
      "properties": {
        "attraction_id": "A_15858",
        "kind": "tourism",
        "category": "leisure_park",
        "label": "Leisure / Park",
        "name": "大连路绿地（国歌广场）",
        "area_m2": 23410.431352347136,
        "weight": 68.41043135234713,
        "osm_id": 160080193
      }
    },
    {
      "type": "Feature",
      "geometry": {
        "type": "Point",
        "coordinates": [
          121.54216816363636,
          31.219794727272724
        ]
      },
      "properties": {
        "attraction_id": "A_15866",
        "kind": "tourism",
        "category": "leisure_park",
        "label": "Leisure / Park",
        "name": "",
        "area_m2": 18993.76611404121,
        "weight": 63.99376611404121,
        "osm_id": 160163198
      }
    },
    {
      "type": "Feature",
      "geometry": {
        "type": "Point",
        "coordinates": [
          121.4796828,
          31.23984546363636
        ]
      },
      "properties": {
        "attraction_id": "A_15880",
        "kind": "commercial",
        "category": "retail_service",
        "label": "Retail / Service",
        "name": "恒基名人购物中心",
        "area_m2": 6217.30896961689,
        "weight": 97.71636212021113,
        "osm_id": 160821059
      }
    },
    {
      "type": "Feature",
      "geometry": {
        "type": "Point",
        "coordinates": [
          121.47609154736843,
          31.236756363157898
        ]
      },
      "properties": {
        "attraction_id": "A_15890",
        "kind": "tourism",
        "category": "hotel_tourism",
        "label": "Hotel / Tourism",
        "name": "上海王宝和大酒店",
        "area_m2": 1166.4107633903623,
        "weight": 46.664107633903626,
        "osm_id": 160895229
      }
    },
    {
      "type": "Feature",
      "geometry": {
        "type": "Point",
        "coordinates": [
          121.47099685,
          31.230186491666668
        ]
      },
      "properties": {
        "attraction_id": "A_15898",
        "kind": "tourism",
        "category": "hotel_tourism",
        "label": "Hotel / Tourism",
        "name": "上海博物馆",
        "area_m2": 8585.17417865619,
        "weight": 120.8517417865619,
        "osm_id": 161090899
      }
    },
    {
      "type": "Feature",
      "geometry": {
        "type": "Point",
        "coordinates": [
          121.44279003809524,
          31.14917760952381
        ]
      },
      "properties": {
        "attraction_id": "A_15904",
        "kind": "tourism",
        "category": "hotel_tourism",
        "label": "Hotel / Tourism",
        "name": "热带博物馆",
        "area_m2": 4439.46347239078,
        "weight": 79.3946347239078,
        "osm_id": 163798693
      }
    },
    {
      "type": "Feature",
      "geometry": {
        "type": "Point",
        "coordinates": [
          121.43152592857143,
          31.17386715
        ]
      },
      "properties": {
        "attraction_id": "A_15906",
        "kind": "tourism",
        "category": "leisure_park",
        "label": "Leisure / Park",
        "name": "漕溪公园",
        "area_m2": 40310.312930421904,
        "weight": 85.3103129304219,
        "osm_id": 163799520
      }
    },
    {
      "type": "Feature",
      "geometry": {
        "type": "Point",
        "coordinates": [
          121.43760259999999,
          31.20221176
        ]
      },
      "properties": {
        "attraction_id": "A_15911",
        "kind": "tourism",
        "category": "leisure_park",
        "label": "Leisure / Park",
        "name": "衡山公园",
        "area_m2": 10824.46762893349,
        "weight": 55.82446762893349,
        "osm_id": 164050136
      }
    },
    {
      "type": "Feature",
      "geometry": {
        "type": "Point",
        "coordinates": [
          121.5005815,
          31.243533716666665
        ]
      },
      "properties": {
        "attraction_id": "A_15927",
        "kind": "tourism",
        "category": "leisure_park",
        "label": "Leisure / Park",
        "name": "",
        "area_m2": 6376.684887051582,
        "weight": 51.37668488705158,
        "osm_id": 164971471
      }
    },
    {
      "type": "Feature",
      "geometry": {
        "type": "Point",
        "coordinates": [
          121.49986243333333,
          31.23773166296296
        ]
      },
      "properties": {
        "attraction_id": "A_15953",
        "kind": "tourism",
        "category": "leisure_park",
        "label": "Leisure / Park",
        "name": "",
        "area_m2": 13241.762649483979,
        "weight": 58.24176264948398,
        "osm_id": 165367182
      }
    },
    {
      "type": "Feature",
      "geometry": {
        "type": "Point",
        "coordinates": [
          121.41414875999999,
          31.1844045
        ]
      },
      "properties": {
        "attraction_id": "A_15954",
        "kind": "tourism",
        "category": "leisure_park",
        "label": "Leisure / Park",
        "name": "",
        "area_m2": 86490.58651320916,
        "weight": 131.49058651320917,
        "osm_id": 165569727
      }
    },
    {
      "type": "Feature",
      "geometry": {
        "type": "Point",
        "coordinates": [
          121.538075,
          31.243372375
        ]
      },
      "properties": {
        "attraction_id": "A_15956",
        "kind": "tourism",
        "category": "leisure_park",
        "label": "Leisure / Park",
        "name": "",
        "area_m2": 0.1434628963470459,
        "weight": 45.00014346289635,
        "osm_id": 165790901
      }
    },
    {
      "type": "Feature",
      "geometry": {
        "type": "Point",
        "coordinates": [
          121.53820348888888,
          31.24319583333333
        ]
      },
      "properties": {
        "attraction_id": "A_15957",
        "kind": "tourism",
        "category": "leisure_park",
        "label": "Leisure / Park",
        "name": "",
        "area_m2": 4291.881194993854,
        "weight": 49.291881194993856,
        "osm_id": 165790908
      }
    },
    {
      "type": "Feature",
      "geometry": {
        "type": "Point",
        "coordinates": [
          121.5382019,
          31.243196975
        ]
      },
      "properties": {
        "attraction_id": "A_15958",
        "kind": "tourism",
        "category": "leisure_park",
        "label": "Leisure / Park",
        "name": "",
        "area_m2": 2428.769053027034,
        "weight": 47.42876905302703,
        "osm_id": 165790909
      }
    },
    {
      "type": "Feature",
      "geometry": {
        "type": "Point",
        "coordinates": [
          121.50129130416667,
          31.235596216666664
        ]
      },
      "properties": {
        "attraction_id": "A_15967",
        "kind": "tourism",
        "category": "hotel_tourism",
        "label": "Hotel / Tourism",
        "name": "上海中心大厦",
        "area_m2": 6541.7756380960345,
        "weight": 100.41775638096034,
        "osm_id": 165792123
      }
    },
    {
      "type": "Feature",
      "geometry": {
        "type": "Point",
        "coordinates": [
          121.43025714999999,
          31.200871566666667
        ]
      },
      "properties": {
        "attraction_id": "A_16112",
        "kind": "tourism",
        "category": "leisure_park",
        "label": "Leisure / Park",
        "name": "",
        "area_m2": 15753.617037534714,
        "weight": 60.75361703753471,
        "osm_id": 173576177
      }
    },
    {
      "type": "Feature",
      "geometry": {
        "type": "Point",
        "coordinates": [
          121.42794291724138,
          31.20001185172414
        ]
      },
      "properties": {
        "attraction_id": "A_16113",
        "kind": "tourism",
        "category": "leisure_park",
        "label": "Leisure / Park",
        "name": "体育场",
        "area_m2": 13639.259461162612,
        "weight": 58.63925946116261,
        "osm_id": 173576178
      }
    },
    {
      "type": "Feature",
      "geometry": {
        "type": "Point",
        "coordinates": [
          121.42892685,
          31.20078415
        ]
      },
      "properties": {
        "attraction_id": "A_16129",
        "kind": "tourism",
        "category": "leisure_park",
        "label": "Leisure / Park",
        "name": "体育馆",
        "area_m2": 1421.8275683838874,
        "weight": 46.42182756838389,
        "osm_id": 173581806
      }
    },
    {
      "type": "Feature",
      "geometry": {
        "type": "Point",
        "coordinates": [
          121.48671834761906,
          31.24753838095238
        ]
      },
      "properties": {
        "attraction_id": "A_16176",
        "kind": "tourism",
        "category": "leisure_park",
        "label": "Leisure / Park",
        "name": "",
        "area_m2": 3162.7567347735167,
        "weight": 48.16275673477352,
        "osm_id": 177596648
      }
    },
    {
      "type": "Feature",
      "geometry": {
        "type": "Point",
        "coordinates": [
          121.48479008857144,
          31.240619345714283
        ]
      },
      "properties": {
        "attraction_id": "A_16211",
        "kind": "tourism",
        "category": "hotel_tourism",
        "label": "Hotel / Tourism",
        "name": "和平饭店南楼",
        "area_m2": 1620.2017655298114,
        "weight": 51.202017655298114,
        "osm_id": 177998982
      }
    },
    {
      "type": "Feature",
      "geometry": {
        "type": "Point",
        "coordinates": [
          121.48647058333334,
          31.243992422222224
        ]
      },
      "properties": {
        "attraction_id": "A_16234",
        "kind": "tourism",
        "category": "leisure_park",
        "label": "Leisure / Park",
        "name": "黄浦公园",
        "area_m2": 19567.05039911717,
        "weight": 64.56705039911716,
        "osm_id": 178411796
      }
    },
    {
      "type": "Feature",
      "geometry": {
        "type": "Point",
        "coordinates": [
          121.47318539268294,
          31.228781460975608
        ]
      },
      "properties": {
        "attraction_id": "A_16239",
        "kind": "tourism",
        "category": "leisure_park",
        "label": "Leisure / Park",
        "name": "音乐广场",
        "area_m2": 44013.563519857824,
        "weight": 89.01356351985783,
        "osm_id": 178702679
      }
    },
    {
      "type": "Feature",
      "geometry": {
        "type": "Point",
        "coordinates": [
          121.44255518571428,
          31.226546614285716
        ]
      },
      "properties": {
        "attraction_id": "A_16263",
        "kind": "tourism",
        "category": "hotel_tourism",
        "label": "Hotel / Tourism",
        "name": "上海宏安瑞士大酒店",
        "area_m2": 2916.3907232657075,
        "weight": 64.16390723265707,
        "osm_id": 185832618
      }
    },
    {
      "type": "Feature",
      "geometry": {
        "type": "Point",
        "coordinates": [
          121.48867020833332,
          31.2472334
        ]
      },
      "properties": {
        "attraction_id": "A_16265",
        "kind": "tourism",
        "category": "hotel_tourism",
        "label": "Hotel / Tourism",
        "name": "上海外滩茂悦大酒店",
        "area_m2": 6982.780759058893,
        "weight": 104.82780759058893,
        "osm_id": 189037696
      }
    },
    {
      "type": "Feature",
      "geometry": {
        "type": "Point",
        "coordinates": [
          121.50504328181819,
          31.225214445454547
        ]
      },
      "properties": {
        "attraction_id": "A_16270",
        "kind": "tourism",
        "category": "leisure_park",
        "label": "Leisure / Park",
        "name": "",
        "area_m2": 13939.06335145235,
        "weight": 58.93906335145235,
        "osm_id": 189577230
      }
    },
    {
      "type": "Feature",
      "geometry": {
        "type": "Point",
        "coordinates": [
          121.50756305333333,
          31.219888776666668
        ]
      },
      "properties": {
        "attraction_id": "A_16271",
        "kind": "tourism",
        "category": "leisure_park",
        "label": "Leisure / Park",
        "name": "",
        "area_m2": 45413.2821180895,
        "weight": 90.4132821180895,
        "osm_id": 189577231
      }
    },
    {
      "type": "Feature",
      "geometry": {
        "type": "Point",
        "coordinates": [
          121.508034425,
          31.21847365
        ]
      },
      "properties": {
        "attraction_id": "A_16272",
        "kind": "tourism",
        "category": "hotel_tourism",
        "label": "Hotel / Tourism",
        "name": "上海艺仓美术馆",
        "area_m2": 1348.5148147940636,
        "weight": 48.485148147940635,
        "osm_id": 189577232
      }
    },
    {
      "type": "Feature",
      "geometry": {
        "type": "Point",
        "coordinates": [
          121.40079180000001,
          31.143284419999997
        ]
      },
      "properties": {
        "attraction_id": "A_16275",
        "kind": "tourism",
        "category": "leisure_park",
        "label": "Leisure / Park",
        "name": "",
        "area_m2": 11015.610001092035,
        "weight": 56.015610001092035,
        "osm_id": 192029146
      }
    },
    {
      "type": "Feature",
      "geometry": {
        "type": "Point",
        "coordinates": [
          121.41349346666668,
          31.167282416666666
        ]
      },
      "properties": {
        "attraction_id": "A_16285",
        "kind": "tourism",
        "category": "leisure_park",
        "label": "Leisure / Park",
        "name": "桂林公园",
        "area_m2": 34842.04177455627,
        "weight": 79.84204177455626,
        "osm_id": 202758815
      }
    },
    {
      "type": "Feature",
      "geometry": {
        "type": "Point",
        "coordinates": [
          121.50081829999999,
          31.201282574999997
        ]
      },
      "properties": {
        "attraction_id": "A_16295",
        "kind": "tourism",
        "category": "hotel_tourism",
        "label": "Hotel / Tourism",
        "name": "世博洲际酒店",
        "area_m2": 4125.478700384498,
        "weight": 76.25478700384497,
        "osm_id": 204303344
      }
    },
    {
      "type": "Feature",
      "geometry": {
        "type": "Point",
        "coordinates": [
          121.48996058333334,
          31.1864896
        ]
      },
      "properties": {
        "attraction_id": "A_16319",
        "kind": "tourism",
        "category": "hotel_tourism",
        "label": "Hotel / Tourism",
        "name": "中华艺术宫",
        "area_m2": 19536.961081501096,
        "weight": 230.36961081501096,
        "osm_id": 206382288
      }
    },
    {
      "type": "Feature",
      "geometry": {
        "type": "Point",
        "coordinates": [
          121.4638386,
          31.2161176
        ]
      },
      "properties": {
        "attraction_id": "A_16322",
        "kind": "tourism",
        "category": "hotel_tourism",
        "label": "Hotel / Tourism",
        "name": "",
        "area_m2": 214.94742529839277,
        "weight": 37.14947425298393,
        "osm_id": 206601791
      }
    },
    {
      "type": "Feature",
      "geometry": {
        "type": "Point",
        "coordinates": [
          121.5330357,
          31.1539853
        ]
      },
      "properties": {
        "attraction_id": "A_16343",
        "kind": "commercial",
        "category": "retail_service",
        "label": "Retail / Service",
        "name": "长青企业广场",
        "area_m2": 27126.95557578653,
        "weight": 359.08694469733166,
        "osm_id": 219367332
      }
    },
    {
      "type": "Feature",
      "geometry": {
        "type": "Point",
        "coordinates": [
          121.527132564,
          31.155804527999997
        ]
      },
      "properties": {
        "attraction_id": "A_16358",
        "kind": "tourism",
        "category": "leisure_park",
        "label": "Leisure / Park",
        "name": "",
        "area_m2": 49069.607970923185,
        "weight": 94.06960797092319,
        "osm_id": 220777122
      }
    },
    {
      "type": "Feature",
      "geometry": {
        "type": "Point",
        "coordinates": [
          121.53139661,
          31.157527199999997
        ]
      },
      "properties": {
        "attraction_id": "A_16371",
        "kind": "tourism",
        "category": "leisure_park",
        "label": "Leisure / Park",
        "name": "",
        "area_m2": 3742.096880642697,
        "weight": 48.7420968806427,
        "osm_id": 220778007
      }
    },
    {
      "type": "Feature",
      "geometry": {
        "type": "Point",
        "coordinates": [
          121.53193061249999,
          31.1564228
        ]
      },
      "properties": {
        "attraction_id": "A_16373",
        "kind": "tourism",
        "category": "leisure_park",
        "label": "Leisure / Park",
        "name": "",
        "area_m2": 6988.497487356886,
        "weight": 51.98849748735689,
        "osm_id": 220778012
      }
    },
    {
      "type": "Feature",
      "geometry": {
        "type": "Point",
        "coordinates": [
          121.52891650666668,
          31.153453156666668
        ]
      },
      "properties": {
        "attraction_id": "A_16375",
        "kind": "tourism",
        "category": "leisure_park",
        "label": "Leisure / Park",
        "name": "",
        "area_m2": 19131.853262851946,
        "weight": 64.13185326285195,
        "osm_id": 220778105
      }
    },
    {
      "type": "Feature",
      "geometry": {
        "type": "Point",
        "coordinates": [
          121.55272941764706,
          31.228356523529413
        ]
      },
      "properties": {
        "attraction_id": "A_16379",
        "kind": "tourism",
        "category": "leisure_park",
        "label": "Leisure / Park",
        "name": "",
        "area_m2": 8657.72477902472,
        "weight": 53.65772477902472,
        "osm_id": 227478864
      }
    },
    {
      "type": "Feature",
      "geometry": {
        "type": "Point",
        "coordinates": [
          121.48742053999999,
          31.22866542
        ]
      },
      "properties": {
        "attraction_id": "A_16384",
        "kind": "tourism",
        "category": "hotel_tourism",
        "label": "Hotel / Tourism",
        "name": "湖心亭",
        "area_m2": 105.01026621460915,
        "weight": 36.05010266214609,
        "osm_id": 228035340
      }
    },
    {
      "type": "Feature",
      "geometry": {
        "type": "Point",
        "coordinates": [
          121.48935200454547,
          31.23062749090909
        ]
      },
      "properties": {
        "attraction_id": "A_16386",
        "kind": "tourism",
        "category": "leisure_park",
        "label": "Leisure / Park",
        "name": "古城公园",
        "area_m2": 36169.3348685056,
        "weight": 81.16933486850559,
        "osm_id": 228110461
      }
    },
    {
      "type": "Feature",
      "geometry": {
        "type": "Point",
        "coordinates": [
          121.49099558125,
          31.22745078125
        ]
      },
      "properties": {
        "attraction_id": "A_16423",
        "kind": "tourism",
        "category": "hotel_tourism",
        "label": "Hotel / Tourism",
        "name": "方浜中路",
        "area_m2": 3446.6170336976647,
        "weight": 69.46617033697665,
        "osm_id": 238219464
      }
    },
    {
      "type": "Feature",
      "geometry": {
        "type": "Point",
        "coordinates": [
          121.44203715833333,
          31.223910279166663
        ]
      },
      "properties": {
        "attraction_id": "A_16432",
        "kind": "tourism",
        "category": "leisure_park",
        "label": "Leisure / Park",
        "name": "静安公园",
        "area_m2": 27472.08290215209,
        "weight": 72.4720829021521,
        "osm_id": 255628835
      }
    },
    {
      "type": "Feature",
      "geometry": {
        "type": "Point",
        "coordinates": [
          121.4521264875,
          31.2309540625
        ]
      },
      "properties": {
        "attraction_id": "A_16435",
        "kind": "commercial",
        "category": "retail_service",
        "label": "Retail / Service",
        "name": "梅龙镇广场",
        "area_m2": 7608.552099712193,
        "weight": 115.10690124640242,
        "osm_id": 255632383
      }
    },
    {
      "type": "Feature",
      "geometry": {
        "type": "Point",
        "coordinates": [
          121.44164458750001,
          31.225681275
        ]
      },
      "properties": {
        "attraction_id": "A_16438",
        "kind": "commercial",
        "category": "retail_service",
        "label": "Retail / Service",
        "name": "久百城市广场",
        "area_m2": 11488.18959120661,
        "weight": 163.60236989008263,
        "osm_id": 255637011
      }
    },
    {
      "type": "Feature",
      "geometry": {
        "type": "Point",
        "coordinates": [
          121.45101050000001,
          31.23015394285714
        ]
      },
      "properties": {
        "attraction_id": "A_16442",
        "kind": "commercial",
        "category": "retail_service",
        "label": "Retail / Service",
        "name": "中信富泰广场",
        "area_m2": 8223.014237683266,
        "weight": 122.78767797104084,
        "osm_id": 255637479
      }
    },
    {
      "type": "Feature",
      "geometry": {
        "type": "Point",
        "coordinates": [
          121.44945522,
          31.228445320000002
        ]
      },
      "properties": {
        "attraction_id": "A_16443",
        "kind": "tourism",
        "category": "hotel_tourism",
        "label": "Hotel / Tourism",
        "name": "锦沧文华酒店",
        "area_m2": 5358.535823702812,
        "weight": 88.58535823702812,
        "osm_id": 255637541
      }
    },
    {
      "type": "Feature",
      "geometry": {
        "type": "Point",
        "coordinates": [
          121.41803901428572,
          31.166034214285716
        ]
      },
      "properties": {
        "attraction_id": "A_16448",
        "kind": "tourism",
        "category": "leisure_park",
        "label": "Leisure / Park",
        "name": "康健园",
        "area_m2": 103524.89925177093,
        "weight": 148.52489925177093,
        "osm_id": 256182986
      }
    },
    {
      "type": "Feature",
      "geometry": {
        "type": "Point",
        "coordinates": [
          121.42595345833332,
          31.17524656666667
        ]
      },
      "properties": {
        "attraction_id": "A_16450",
        "kind": "tourism",
        "category": "leisure_park",
        "label": "Leisure / Park",
        "name": "",
        "area_m2": 14817.143783384003,
        "weight": 59.817143783384005,
        "osm_id": 256190539
      }
    },
    {
      "type": "Feature",
      "geometry": {
        "type": "Point",
        "coordinates": [
          121.41882007,
          31.17311084
        ]
      },
      "properties": {
        "attraction_id": "A_16451",
        "kind": "tourism",
        "category": "hotel_tourism",
        "label": "Hotel / Tourism",
        "name": "田林宾馆",
        "area_m2": 4418.081816104241,
        "weight": 79.18081816104241,
        "osm_id": 256190540
      }
    },
    {
      "type": "Feature",
      "geometry": {
        "type": "Point",
        "coordinates": [
          121.42998743888887,
          31.19157427222222
        ]
      },
      "properties": {
        "attraction_id": "A_16454",
        "kind": "tourism",
        "category": "leisure_park",
        "label": "Leisure / Park",
        "name": "光启公园",
        "area_m2": 11010.586273405701,
        "weight": 56.0105862734057,
        "osm_id": 256259778
      }
    },
    {
      "type": "Feature",
      "geometry": {
        "type": "Point",
        "coordinates": [
          121.47411642173913,
          31.22646405652174
        ]
      },
      "properties": {
        "attraction_id": "A_16457",
        "kind": "commercial",
        "category": "retail_service",
        "label": "Retail / Service",
        "name": "大上海时代广场",
        "area_m2": 7118.82979785651,
        "weight": 108.98537247320637,
        "osm_id": 257424587
      }
    },
    {
      "type": "Feature",
      "geometry": {
        "type": "Point",
        "coordinates": [
          121.45964858571428,
          31.242414614285714
        ]
      },
      "properties": {
        "attraction_id": "A_16459",
        "kind": "tourism",
        "category": "leisure_park",
        "label": "Leisure / Park",
        "name": "九子公园",
        "area_m2": 6849.799489594996,
        "weight": 51.84979948959499,
        "osm_id": 260232833
      }
    },
    {
      "type": "Feature",
      "geometry": {
        "type": "Point",
        "coordinates": [
          121.423996675,
          31.16227295
        ]
      },
      "properties": {
        "attraction_id": "A_16468",
        "kind": "tourism",
        "category": "leisure_park",
        "label": "Leisure / Park",
        "name": "",
        "area_m2": 2661.6898118336685,
        "weight": 47.66168981183367,
        "osm_id": 264244257
      }
    },
    {
      "type": "Feature",
      "geometry": {
        "type": "Point",
        "coordinates": [
          121.54814139999999,
          31.2259231
        ]
      },
      "properties": {
        "attraction_id": "A_16493",
        "kind": "tourism",
        "category": "hotel_tourism",
        "label": "Hotel / Tourism",
        "name": "上海淳大万丽酒店",
        "area_m2": 3338.6028880551457,
        "weight": 68.38602888055146,
        "osm_id": 273443707
      }
    },
    {
      "type": "Feature",
      "geometry": {
        "type": "Point",
        "coordinates": [
          121.49432904999999,
          31.237648633333333
        ]
      },
      "properties": {
        "attraction_id": "A_16497",
        "kind": "tourism",
        "category": "hotel_tourism",
        "label": "Hotel / Tourism",
        "name": "香格里拉酒店",
        "area_m2": 1888.1175785437226,
        "weight": 53.88117578543722,
        "osm_id": 281580982
      }
    },
    {
      "type": "Feature",
      "geometry": {
        "type": "Point",
        "coordinates": [
          121.49575865555555,
          31.238077422222222
        ]
      },
      "properties": {
        "attraction_id": "A_16498",
        "kind": "tourism",
        "category": "hotel_tourism",
        "label": "Hotel / Tourism",
        "name": "香格里拉酒店",
        "area_m2": 1064.6861976385117,
        "weight": 45.64686197638512,
        "osm_id": 281583582
      }
    },
    {
      "type": "Feature",
      "geometry": {
        "type": "Point",
        "coordinates": [
          121.4527304,
          31.197263742857142
        ]
      },
      "properties": {
        "attraction_id": "A_16507",
        "kind": "tourism",
        "category": "leisure_park",
        "label": "Leisure / Park",
        "name": "",
        "area_m2": 26.52437507174909,
        "weight": 45.02652437507175,
        "osm_id": 283054500
      }
    },
    {
      "type": "Feature",
      "geometry": {
        "type": "Point",
        "coordinates": [
          121.4882650736842,
          31.182965642105263
        ]
      },
      "properties": {
        "attraction_id": "A_16512",
        "kind": "tourism",
        "category": "leisure_park",
        "label": "Leisure / Park",
        "name": "外星公园",
        "area_m2": 1248.3568155020475,
        "weight": 46.24835681550205,
        "osm_id": 284376962
      }
    },
    {
      "type": "Feature",
      "geometry": {
        "type": "Point",
        "coordinates": [
          121.47939217222223,
          31.21523485
        ]
      },
      "properties": {
        "attraction_id": "A_16524",
        "kind": "tourism",
        "category": "leisure_park",
        "label": "Leisure / Park",
        "name": "南市公共体育场",
        "area_m2": 1930.5657569654286,
        "weight": 46.93056575696543,
        "osm_id": 288650735
      }
    },
    {
      "type": "Feature",
      "geometry": {
        "type": "Point",
        "coordinates": [
          121.48049376666667,
          31.215522925000002
        ]
      },
      "properties": {
        "attraction_id": "A_16525",
        "kind": "tourism",
        "category": "leisure_park",
        "label": "Leisure / Park",
        "name": "",
        "area_m2": 1737.7616675496101,
        "weight": 46.73776166754961,
        "osm_id": 288650736
      }
    },
    {
      "type": "Feature",
      "geometry": {
        "type": "Point",
        "coordinates": [
          121.42069193333333,
          31.207523766666668
        ]
      },
      "properties": {
        "attraction_id": "A_16546",
        "kind": "tourism",
        "category": "leisure_park",
        "label": "Leisure / Park",
        "name": "",
        "area_m2": 397.0392671171576,
        "weight": 45.39703926711716,
        "osm_id": 292250768
      }
    },
    {
      "type": "Feature",
      "geometry": {
        "type": "Point",
        "coordinates": [
          121.47846625,
          31.232152000000003
        ]
      },
      "properties": {
        "attraction_id": "A_16559",
        "kind": "tourism",
        "category": "leisure_park",
        "label": "Leisure / Park",
        "name": "延福绿地",
        "area_m2": 16786.81654880941,
        "weight": 61.78681654880941,
        "osm_id": 292718782
      }
    },
    {
      "type": "Feature",
      "geometry": {
        "type": "Point",
        "coordinates": [
          121.432404135,
          31.219544080000002
        ]
      },
      "properties": {
        "attraction_id": "A_16564",
        "kind": "tourism",
        "category": "hotel_tourism",
        "label": "Hotel / Tourism",
        "name": "上海城中希尔顿酒店",
        "area_m2": 1724.4380898848176,
        "weight": 52.24438089884818,
        "osm_id": 292719682
      }
    },
    {
      "type": "Feature",
      "geometry": {
        "type": "Point",
        "coordinates": [
          121.48227048333332,
          31.230146808333334
        ]
      },
      "properties": {
        "attraction_id": "A_16565",
        "kind": "tourism",
        "category": "leisure_park",
        "label": "Leisure / Park",
        "name": "",
        "area_m2": 8665.284842431545,
        "weight": 53.66528484243155,
        "osm_id": 292818815
      }
    },
    {
      "type": "Feature",
      "geometry": {
        "type": "Point",
        "coordinates": [
          121.45931195,
          31.2075653
        ]
      },
      "properties": {
        "attraction_id": "A_16569",
        "kind": "tourism",
        "category": "leisure_park",
        "label": "Leisure / Park",
        "name": "",
        "area_m2": 6869.451644338667,
        "weight": 51.86945164433867,
        "osm_id": 293023995
      }
    },
    {
      "type": "Feature",
      "geometry": {
        "type": "Point",
        "coordinates": [
          121.4586361,
          31.207939275
        ]
      },
      "properties": {
        "attraction_id": "A_16570",
        "kind": "tourism",
        "category": "leisure_park",
        "label": "Leisure / Park",
        "name": "Luwan Stadium, Basketballcourt 1",
        "area_m2": 556.2589331045747,
        "weight": 45.55625893310457,
        "osm_id": 293023996
      }
    },
    {
      "type": "Feature",
      "geometry": {
        "type": "Point",
        "coordinates": [
          121.4586796,
          31.20764325
        ]
      },
      "properties": {
        "attraction_id": "A_16571",
        "kind": "tourism",
        "category": "leisure_park",
        "label": "Leisure / Park",
        "name": "Luwan Stadium, Basketballlcourt 2",
        "area_m2": 534.5548799484968,
        "weight": 45.534554879948494,
        "osm_id": 293023997
      }
    },
    {
      "type": "Feature",
      "geometry": {
        "type": "Point",
        "coordinates": [
          121.45938565,
          31.206318425
        ]
      },
      "properties": {
        "attraction_id": "A_16574",
        "kind": "tourism",
        "category": "leisure_park",
        "label": "Leisure / Park",
        "name": "卢湾体育馆",
        "area_m2": 4717.763452474028,
        "weight": 49.71776345247403,
        "osm_id": 293024000
      }
    },
    {
      "type": "Feature",
      "geometry": {
        "type": "Point",
        "coordinates": [
          121.43041316153845,
          31.212582707692306
        ]
      },
      "properties": {
        "attraction_id": "A_16723",
        "kind": "tourism",
        "category": "hotel_tourism",
        "label": "Hotel / Tourism",
        "name": "Radisson 上海興國賓館",
        "area_m2": 1199.4072310235351,
        "weight": 46.99407231023535,
        "osm_id": 293434149
      }
    },
    {
      "type": "Feature",
      "geometry": {
        "type": "Point",
        "coordinates": [
          121.45603132,
          31.20510896
        ]
      },
      "properties": {
        "attraction_id": "A_16859",
        "kind": "tourism",
        "category": "hotel_tourism",
        "label": "Hotel / Tourism",
        "name": "",
        "area_m2": 1111.3920560330153,
        "weight": 46.11392056033015,
        "osm_id": 293513358
      }
    },
    {
      "type": "Feature",
      "geometry": {
        "type": "Point",
        "coordinates": [
          121.46405218695654,
          31.21048852608696
        ]
      },
      "properties": {
        "attraction_id": "A_16898",
        "kind": "tourism",
        "category": "hotel_tourism",
        "label": "Hotel / Tourism",
        "name": "田子坊",
        "area_m2": 23746.762023873627,
        "weight": 272.46762023873623,
        "osm_id": 293829293
      }
    },
    {
      "type": "Feature",
      "geometry": {
        "type": "Point",
        "coordinates": [
          121.46422195,
          31.204641325
        ]
      },
      "properties": {
        "attraction_id": "A_16899",
        "kind": "tourism",
        "category": "leisure_park",
        "label": "Leisure / Park",
        "name": "",
        "area_m2": 3309.18620403111,
        "weight": 48.30918620403111,
        "osm_id": 293829708
      }
    },
    {
      "type": "Feature",
      "geometry": {
        "type": "Point",
        "coordinates": [
          121.463999525,
          31.205048625
        ]
      },
      "properties": {
        "attraction_id": "A_16900",
        "kind": "tourism",
        "category": "leisure_park",
        "label": "Leisure / Park",
        "name": "",
        "area_m2": 121.21567991375923,
        "weight": 45.12121567991376,
        "osm_id": 293829709
      }
    },
    {
      "type": "Feature",
      "geometry": {
        "type": "Point",
        "coordinates": [
          121.464424775,
          31.2042293
        ]
      },
      "properties": {
        "attraction_id": "A_16901",
        "kind": "tourism",
        "category": "leisure_park",
        "label": "Leisure / Park",
        "name": "",
        "area_m2": 98.86099148541689,
        "weight": 45.09886099148542,
        "osm_id": 293829710
      }
    },
    {
      "type": "Feature",
      "geometry": {
        "type": "Point",
        "coordinates": [
          121.463999525,
          31.205048625
        ]
      },
      "properties": {
        "attraction_id": "A_16902",
        "kind": "tourism",
        "category": "leisure_park",
        "label": "Leisure / Park",
        "name": "",
        "area_m2": 121.21567991375923,
        "weight": 45.12121567991376,
        "osm_id": 293829712
      }
    },
    {
      "type": "Feature",
      "geometry": {
        "type": "Point",
        "coordinates": [
          121.464424775,
          31.2042293
        ]
      },
      "properties": {
        "attraction_id": "A_16903",
        "kind": "tourism",
        "category": "leisure_park",
        "label": "Leisure / Park",
        "name": "",
        "area_m2": 98.86099148541689,
        "weight": 45.09886099148542,
        "osm_id": 293829713
      }
    },
    {
      "type": "Feature",
      "geometry": {
        "type": "Point",
        "coordinates": [
          121.463805425,
          31.2039919
        ]
      },
      "properties": {
        "attraction_id": "A_16904",
        "kind": "tourism",
        "category": "leisure_park",
        "label": "Leisure / Park",
        "name": "",
        "area_m2": 1606.4985321946442,
        "weight": 46.60649853219464,
        "osm_id": 293829714
      }
    },
    {
      "type": "Feature",
      "geometry": {
        "type": "Point",
        "coordinates": [
          121.460121,
          31.2064471
        ]
      },
      "properties": {
        "attraction_id": "A_16908",
        "kind": "tourism",
        "category": "leisure_park",
        "label": "Leisure / Park",
        "name": "",
        "area_m2": 1040.2973989397287,
        "weight": 46.04029739893973,
        "osm_id": 293829718
      }
    },
    {
      "type": "Feature",
      "geometry": {
        "type": "Point",
        "coordinates": [
          121.46022975,
          31.206162125
        ]
      },
      "properties": {
        "attraction_id": "A_16909",
        "kind": "tourism",
        "category": "leisure_park",
        "label": "Leisure / Park",
        "name": "",
        "area_m2": 1050.2480721659958,
        "weight": 46.050248072166,
        "osm_id": 293829719
      }
    },
    {
      "type": "Feature",
      "geometry": {
        "type": "Point",
        "coordinates": [
          121.44423395,
          31.197863050000002
        ]
      },
      "properties": {
        "attraction_id": "A_16940",
        "kind": "tourism",
        "category": "leisure_park",
        "label": "Leisure / Park",
        "name": "学生体育活动中心",
        "area_m2": 1569.912334335968,
        "weight": 46.56991233433597,
        "osm_id": 294618118
      }
    },
    {
      "type": "Feature",
      "geometry": {
        "type": "Point",
        "coordinates": [
          121.446791875,
          31.197193375
        ]
      },
      "properties": {
        "attraction_id": "A_16946",
        "kind": "tourism",
        "category": "leisure_park",
        "label": "Leisure / Park",
        "name": "复旦大学枫林综合体育馆",
        "area_m2": 8730.054974764585,
        "weight": 53.730054974764585,
        "osm_id": 294618167
      }
    },
    {
      "type": "Feature",
      "geometry": {
        "type": "Point",
        "coordinates": [
          121.4376313,
          31.218060400000002
        ]
      },
      "properties": {
        "attraction_id": "A_16952",
        "kind": "tourism",
        "category": "leisure_park",
        "label": "Leisure / Park",
        "name": "华山花园",
        "area_m2": 10874.891681583598,
        "weight": 55.8748916815836,
        "osm_id": 294625593
      }
    },
    {
      "type": "Feature",
      "geometry": {
        "type": "Point",
        "coordinates": [
          121.45544218333333,
          31.198793933333334
        ]
      },
      "properties": {
        "attraction_id": "A_16970",
        "kind": "tourism",
        "category": "leisure_park",
        "label": "Leisure / Park",
        "name": "日晖绿地公园",
        "area_m2": 7059.471469208598,
        "weight": 52.059471469208596,
        "osm_id": 294929012
      }
    },
    {
      "type": "Feature",
      "geometry": {
        "type": "Point",
        "coordinates": [
          121.452335025,
          31.19615175
        ]
      },
      "properties": {
        "attraction_id": "A_16971",
        "kind": "tourism",
        "category": "leisure_park",
        "label": "Leisure / Park",
        "name": "",
        "area_m2": 2833.9067641571164,
        "weight": 47.83390676415711,
        "osm_id": 296002085
      }
    },
    {
      "type": "Feature",
      "geometry": {
        "type": "Point",
        "coordinates": [
          121.453311075,
          31.1960336
        ]
      },
      "properties": {
        "attraction_id": "A_16978",
        "kind": "tourism",
        "category": "leisure_park",
        "label": "Leisure / Park",
        "name": "体育馆",
        "area_m2": 264.29813758283854,
        "weight": 45.26429813758284,
        "osm_id": 296002097
      }
    },
    {
      "type": "Feature",
      "geometry": {
        "type": "Point",
        "coordinates": [
          121.434558564,
          31.235945772
        ]
      },
      "properties": {
        "attraction_id": "A_16989",
        "kind": "tourism",
        "category": "leisure_park",
        "label": "Leisure / Park",
        "name": "静安工人体育场",
        "area_m2": 16205.963621865958,
        "weight": 61.20596362186596,
        "osm_id": 296375899
      }
    },
    {
      "type": "Feature",
      "geometry": {
        "type": "Point",
        "coordinates": [
          121.42718193333333,
          31.197536555555555
        ]
      },
      "properties": {
        "attraction_id": "A_16995",
        "kind": "tourism",
        "category": "leisure_park",
        "label": "Leisure / Park",
        "name": "乐山绿地",
        "area_m2": 6033.151072605513,
        "weight": 51.03315107260551,
        "osm_id": 297132423
      }
    },
    {
      "type": "Feature",
      "geometry": {
        "type": "Point",
        "coordinates": [
          121.494014375,
          31.2030112625
        ]
      },
      "properties": {
        "attraction_id": "A_17050",
        "kind": "tourism",
        "category": "hotel_tourism",
        "label": "Hotel / Tourism",
        "name": "上海当代艺术博物馆",
        "area_m2": 8940.000249780715,
        "weight": 124.40000249780715,
        "osm_id": 298132744
      }
    },
    {
      "type": "Feature",
      "geometry": {
        "type": "Point",
        "coordinates": [
          121.49824584166667,
          31.21295351666667
        ]
      },
      "properties": {
        "attraction_id": "A_17051",
        "kind": "tourism",
        "category": "leisure_park",
        "label": "Leisure / Park",
        "name": "",
        "area_m2": 6355.582630828023,
        "weight": 51.355582630828025,
        "osm_id": 298132746
      }
    },
    {
      "type": "Feature",
      "geometry": {
        "type": "Point",
        "coordinates": [
          121.49421543846155,
          31.1695285
        ]
      },
      "properties": {
        "attraction_id": "A_17053",
        "kind": "tourism",
        "category": "leisure_park",
        "label": "Leisure / Park",
        "name": "",
        "area_m2": 30724.351172976196,
        "weight": 75.7243511729762,
        "osm_id": 298135190
      }
    },
    {
      "type": "Feature",
      "geometry": {
        "type": "Point",
        "coordinates": [
          121.46724720208333,
          31.167689520833335
        ]
      },
      "properties": {
        "attraction_id": "A_17054",
        "kind": "tourism",
        "category": "leisure_park",
        "label": "Leisure / Park",
        "name": "",
        "area_m2": 149625.4766659476,
        "weight": 194.6254766659476,
        "osm_id": 298135192
      }
    },
    {
      "type": "Feature",
      "geometry": {
        "type": "Point",
        "coordinates": [
          121.45313348571428,
          31.202451485714285
        ]
      },
      "properties": {
        "attraction_id": "A_17108",
        "kind": "tourism",
        "category": "leisure_park",
        "label": "Leisure / Park",
        "name": "",
        "area_m2": 1000.3036676645279,
        "weight": 46.000303667664525,
        "osm_id": 298215919
      }
    },
    {
      "type": "Feature",
      "geometry": {
        "type": "Point",
        "coordinates": [
          121.44976775,
          31.19900015
        ]
      },
      "properties": {
        "attraction_id": "A_17148",
        "kind": "tourism",
        "category": "leisure_park",
        "label": "Leisure / Park",
        "name": "",
        "area_m2": 3104.580843601376,
        "weight": 48.104580843601376,
        "osm_id": 298217019
      }
    },
    {
      "type": "Feature",
      "geometry": {
        "type": "Point",
        "coordinates": [
          121.44036729999999,
          31.19352365
        ]
      },
      "properties": {
        "attraction_id": "A_17162",
        "kind": "tourism",
        "category": "leisure_park",
        "label": "Leisure / Park",
        "name": "",
        "area_m2": 845.3816260863096,
        "weight": 45.84538162608631,
        "osm_id": 298235066
      }
    },
    {
      "type": "Feature",
      "geometry": {
        "type": "Point",
        "coordinates": [
          121.43959573478261,
          31.193250717391305
        ]
      },
      "properties": {
        "attraction_id": "A_17163",
        "kind": "tourism",
        "category": "leisure_park",
        "label": "Leisure / Park",
        "name": "",
        "area_m2": 2447.2292446531355,
        "weight": 47.44722924465314,
        "osm_id": 298235067
      }
    },
    {
      "type": "Feature",
      "geometry": {
        "type": "Point",
        "coordinates": [
          121.45933336,
          31.2016192
        ]
      },
      "properties": {
        "attraction_id": "A_17278",
        "kind": "tourism",
        "category": "leisure_park",
        "label": "Leisure / Park",
        "name": "",
        "area_m2": 985.3542122095823,
        "weight": 45.98535421220958,
        "osm_id": 298475001
      }
    },
    {
      "type": "Feature",
      "geometry": {
        "type": "Point",
        "coordinates": [
          121.45848394166667,
          31.199035075
        ]
      },
      "properties": {
        "attraction_id": "A_17318",
        "kind": "tourism",
        "category": "leisure_park",
        "label": "Leisure / Park",
        "name": "",
        "area_m2": 2554.4201890714467,
        "weight": 47.55442018907145,
        "osm_id": 298699326
      }
    },
    {
      "type": "Feature",
      "geometry": {
        "type": "Point",
        "coordinates": [
          121.4604949875,
          31.1973172625
        ]
      },
      "properties": {
        "attraction_id": "A_17326",
        "kind": "tourism",
        "category": "leisure_park",
        "label": "Leisure / Park",
        "name": "",
        "area_m2": 3092.4275990501046,
        "weight": 48.092427599050104,
        "osm_id": 298701344
      }
    },
    {
      "type": "Feature",
      "geometry": {
        "type": "Point",
        "coordinates": [
          121.45610927499999,
          31.193302799999998
        ]
      },
      "properties": {
        "attraction_id": "A_17459",
        "kind": "tourism",
        "category": "leisure_park",
        "label": "Leisure / Park",
        "name": "",
        "area_m2": 1386.6353710703552,
        "weight": 46.386635371070355,
        "osm_id": 298742813
      }
    },
    {
      "type": "Feature",
      "geometry": {
        "type": "Point",
        "coordinates": [
          121.4556241875,
          31.1952323875
        ]
      },
      "properties": {
        "attraction_id": "A_17461",
        "kind": "tourism",
        "category": "hotel_tourism",
        "label": "Hotel / Tourism",
        "name": "星程博盈酒店",
        "area_m2": 1009.8405825309455,
        "weight": 45.098405825309456,
        "osm_id": 298742817
      }
    },
    {
      "type": "Feature",
      "geometry": {
        "type": "Point",
        "coordinates": [
          121.46043575,
          31.192534175
        ]
      },
      "properties": {
        "attraction_id": "A_17464",
        "kind": "tourism",
        "category": "leisure_park",
        "label": "Leisure / Park",
        "name": "",
        "area_m2": 5159.605036795139,
        "weight": 50.15960503679514,
        "osm_id": 298742825
      }
    },
    {
      "type": "Feature",
      "geometry": {
        "type": "Point",
        "coordinates": [
          121.425834425,
          31.200806775
        ]
      },
      "properties": {
        "attraction_id": "A_17465",
        "kind": "tourism",
        "category": "leisure_park",
        "label": "Leisure / Park",
        "name": "",
        "area_m2": 1074.9749507363886,
        "weight": 46.07497495073639,
        "osm_id": 298753958
      }
    },
    {
      "type": "Feature",
      "geometry": {
        "type": "Point",
        "coordinates": [
          121.4286242,
          31.200788375
        ]
      },
      "properties": {
        "attraction_id": "A_17466",
        "kind": "tourism",
        "category": "leisure_park",
        "label": "Leisure / Park",
        "name": "",
        "area_m2": 613.4042174853384,
        "weight": 45.61340421748534,
        "osm_id": 298756115
      }
    },
    {
      "type": "Feature",
      "geometry": {
        "type": "Point",
        "coordinates": [
          121.45598455,
          31.1942998
        ]
      },
      "properties": {
        "attraction_id": "A_17477",
        "kind": "tourism",
        "category": "leisure_park",
        "label": "Leisure / Park",
        "name": "",
        "area_m2": 1764.453924736008,
        "weight": 46.76445392473601,
        "osm_id": 298768212
      }
    },
    {
      "type": "Feature",
      "geometry": {
        "type": "Point",
        "coordinates": [
          121.43655289473683,
          31.193476457894736
        ]
      },
      "properties": {
        "attraction_id": "A_17499",
        "kind": "tourism",
        "category": "leisure_park",
        "label": "Leisure / Park",
        "name": "",
        "area_m2": 2423.352775823325,
        "weight": 47.423352775823325,
        "osm_id": 298771520
      }
    },
    {
      "type": "Feature",
      "geometry": {
        "type": "Point",
        "coordinates": [
          121.43665412142857,
          31.19075240714286
        ]
      },
      "properties": {
        "attraction_id": "A_17502",
        "kind": "tourism",
        "category": "leisure_park",
        "label": "Leisure / Park",
        "name": "",
        "area_m2": 5588.696474067867,
        "weight": 50.588696474067866,
        "osm_id": 298772311
      }
    },
    {
      "type": "Feature",
      "geometry": {
        "type": "Point",
        "coordinates": [
          121.435404375,
          31.25570815
        ]
      },
      "properties": {
        "attraction_id": "A_17508",
        "kind": "tourism",
        "category": "leisure_park",
        "label": "Leisure / Park",
        "name": "",
        "area_m2": 1502.0298042111099,
        "weight": 46.50202980421111,
        "osm_id": 298958325
      }
    },
    {
      "type": "Feature",
      "geometry": {
        "type": "Point",
        "coordinates": [
          121.432836325,
          31.253946725
        ]
      },
      "properties": {
        "attraction_id": "A_17509",
        "kind": "tourism",
        "category": "leisure_park",
        "label": "Leisure / Park",
        "name": "",
        "area_m2": 403.155333802104,
        "weight": 45.403155333802104,
        "osm_id": 298958327
      }
    },
    {
      "type": "Feature",
      "geometry": {
        "type": "Point",
        "coordinates": [
          121.43293316190477,
          31.254255133333334
        ]
      },
      "properties": {
        "attraction_id": "A_17511",
        "kind": "tourism",
        "category": "leisure_park",
        "label": "Leisure / Park",
        "name": "",
        "area_m2": 1007.1203658953309,
        "weight": 46.00712036589533,
        "osm_id": 298959439
      }
    },
    {
      "type": "Feature",
      "geometry": {
        "type": "Point",
        "coordinates": [
          121.457764175,
          31.19128935
        ]
      },
      "properties": {
        "attraction_id": "A_17551",
        "kind": "tourism",
        "category": "leisure_park",
        "label": "Leisure / Park",
        "name": "",
        "area_m2": 3373.590521801263,
        "weight": 48.37359052180126,
        "osm_id": 298960783
      }
    },
    {
      "type": "Feature",
      "geometry": {
        "type": "Point",
        "coordinates": [
          121.46848668,
          31.20304888
        ]
      },
      "properties": {
        "attraction_id": "A_17674",
        "kind": "tourism",
        "category": "leisure_park",
        "label": "Leisure / Park",
        "name": "",
        "area_m2": 1831.698081754148,
        "weight": 46.83169808175415,
        "osm_id": 299010113
      }
    },
    {
      "type": "Feature",
      "geometry": {
        "type": "Point",
        "coordinates": [
          121.4703915076923,
          31.20124083076923
        ]
      },
      "properties": {
        "attraction_id": "A_17707",
        "kind": "tourism",
        "category": "leisure_park",
        "label": "Leisure / Park",
        "name": "",
        "area_m2": 7362.843828223646,
        "weight": 52.362843828223646,
        "osm_id": 299011350
      }
    },
    {
      "type": "Feature",
      "geometry": {
        "type": "Point",
        "coordinates": [
          121.4707418,
          31.194451414999996
        ]
      },
      "properties": {
        "attraction_id": "A_17708",
        "kind": "tourism",
        "category": "leisure_park",
        "label": "Leisure / Park",
        "name": "南园公园",
        "area_m2": 39337.50172290206,
        "weight": 84.33750172290206,
        "osm_id": 299012534
      }
    },
    {
      "type": "Feature",
      "geometry": {
        "type": "Point",
        "coordinates": [
          121.46245991999999,
          31.2018546
        ]
      },
      "properties": {
        "attraction_id": "A_17741",
        "kind": "tourism",
        "category": "leisure_park",
        "label": "Leisure / Park",
        "name": "",
        "area_m2": 2523.722601313144,
        "weight": 47.523722601313146,
        "osm_id": 299168001
      }
    },
    {
      "type": "Feature",
      "geometry": {
        "type": "Point",
        "coordinates": [
          121.469272625,
          31.2037656
        ]
      },
      "properties": {
        "attraction_id": "A_17761",
        "kind": "tourism",
        "category": "leisure_park",
        "label": "Leisure / Park",
        "name": "",
        "area_m2": 472.588799957186,
        "weight": 45.47258879995719,
        "osm_id": 299224163
      }
    },
    {
      "type": "Feature",
      "geometry": {
        "type": "Point",
        "coordinates": [
          121.469172775,
          31.2039756
        ]
      },
      "properties": {
        "attraction_id": "A_17762",
        "kind": "tourism",
        "category": "leisure_park",
        "label": "Leisure / Park",
        "name": "",
        "area_m2": 203.68974501267076,
        "weight": 45.20368974501267,
        "osm_id": 299224165
      }
    },
    {
      "type": "Feature",
      "geometry": {
        "type": "Point",
        "coordinates": [
          121.4722118882353,
          31.204436335294115
        ]
      },
      "properties": {
        "attraction_id": "A_17774",
        "kind": "tourism",
        "category": "leisure_park",
        "label": "Leisure / Park",
        "name": "",
        "area_m2": 1339.1412561014295,
        "weight": 46.33914125610143,
        "osm_id": 299225201
      }
    },
    {
      "type": "Feature",
      "geometry": {
        "type": "Point",
        "coordinates": [
          121.4510101,
          31.195932825
        ]
      },
      "properties": {
        "attraction_id": "A_17778",
        "kind": "tourism",
        "category": "leisure_park",
        "label": "Leisure / Park",
        "name": "",
        "area_m2": 585.706614786759,
        "weight": 45.58570661478676,
        "osm_id": 299429066
      }
    },
    {
      "type": "Feature",
      "geometry": {
        "type": "Point",
        "coordinates": [
          121.4507581,
          31.19586295
        ]
      },
      "properties": {
        "attraction_id": "A_17779",
        "kind": "tourism",
        "category": "leisure_park",
        "label": "Leisure / Park",
        "name": "",
        "area_m2": 352.24942262656987,
        "weight": 45.35224942262657,
        "osm_id": 299429067
      }
    },
    {
      "type": "Feature",
      "geometry": {
        "type": "Point",
        "coordinates": [
          121.4201651,
          31.147408525
        ]
      },
      "properties": {
        "attraction_id": "A_17781",
        "kind": "tourism",
        "category": "leisure_park",
        "label": "Leisure / Park",
        "name": "",
        "area_m2": 2110.810474454658,
        "weight": 47.11081047445466,
        "osm_id": 299470371
      }
    },
    {
      "type": "Feature",
      "geometry": {
        "type": "Point",
        "coordinates": [
          121.420637725,
          31.147535425
        ]
      },
      "properties": {
        "attraction_id": "A_17782",
        "kind": "tourism",
        "category": "leisure_park",
        "label": "Leisure / Park",
        "name": "",
        "area_m2": 3333.7266755308956,
        "weight": 48.3337266755309,
        "osm_id": 299470372
      }
    },
    {
      "type": "Feature",
      "geometry": {
        "type": "Point",
        "coordinates": [
          121.4161852375,
          31.1444174625
        ]
      },
      "properties": {
        "attraction_id": "A_17784",
        "kind": "tourism",
        "category": "leisure_park",
        "label": "Leisure / Park",
        "name": "",
        "area_m2": 7625.208532167366,
        "weight": 52.62520853216736,
        "osm_id": 299470390
      }
    },
    {
      "type": "Feature",
      "geometry": {
        "type": "Point",
        "coordinates": [
          121.42773475,
          31.143917549999998
        ]
      },
      "properties": {
        "attraction_id": "A_17789",
        "kind": "tourism",
        "category": "leisure_park",
        "label": "Leisure / Park",
        "name": "",
        "area_m2": 622.7292008991353,
        "weight": 45.62272920089914,
        "osm_id": 299485237
      }
    },
    {
      "type": "Feature",
      "geometry": {
        "type": "Point",
        "coordinates": [
          121.422697425,
          31.1422887
        ]
      },
      "properties": {
        "attraction_id": "A_17790",
        "kind": "tourism",
        "category": "leisure_park",
        "label": "Leisure / Park",
        "name": "",
        "area_m2": 1583.3858480589406,
        "weight": 46.58338584805894,
        "osm_id": 299485239
      }
    },
    {
      "type": "Feature",
      "geometry": {
        "type": "Point",
        "coordinates": [
          121.427561075,
          31.1438643
        ]
      },
      "properties": {
        "attraction_id": "A_17791",
        "kind": "tourism",
        "category": "leisure_park",
        "label": "Leisure / Park",
        "name": "",
        "area_m2": 623.3671529284911,
        "weight": 45.62336715292849,
        "osm_id": 299485244
      }
    },
    {
      "type": "Feature",
      "geometry": {
        "type": "Point",
        "coordinates": [
          121.40089939423076,
          31.20548979615385
        ]
      },
      "properties": {
        "attraction_id": "A_17810",
        "kind": "tourism",
        "category": "hotel_tourism",
        "label": "Hotel / Tourism",
        "name": "Swissôtel Living Shanghai Hongqiao",
        "area_m2": 1761.8692242494435,
        "weight": 52.61869224249443,
        "osm_id": 300332142
      }
    },
    {
      "type": "Feature",
      "geometry": {
        "type": "Point",
        "coordinates": [
          121.4113302894737,
          31.24784876842105
        ]
      },
      "properties": {
        "attraction_id": "A_17825",
        "kind": "tourism",
        "category": "leisure_park",
        "label": "Leisure / Park",
        "name": "武宁公园",
        "area_m2": 59206.47343221493,
        "weight": 104.20647343221492,
        "osm_id": 300824388
      }
    },
    {
      "type": "Feature",
      "geometry": {
        "type": "Point",
        "coordinates": [
          121.4101842090909,
          31.24874049090909
        ]
      },
      "properties": {
        "attraction_id": "A_17826",
        "kind": "tourism",
        "category": "leisure_park",
        "label": "Leisure / Park",
        "name": "武宁公园",
        "area_m2": 6476.713580279611,
        "weight": 51.47671358027961,
        "osm_id": 300824406
      }
    },
    {
      "type": "Feature",
      "geometry": {
        "type": "Point",
        "coordinates": [
          121.485481625,
          31.18450145
        ]
      },
      "properties": {
        "attraction_id": "A_17830",
        "kind": "tourism",
        "category": "hotel_tourism",
        "label": "Hotel / Tourism",
        "name": "上海世博展览馆",
        "area_m2": 63171.93242145702,
        "weight": 666.7193242145702,
        "osm_id": 301743511
      }
    },
    {
      "type": "Feature",
      "geometry": {
        "type": "Point",
        "coordinates": [
          121.49081539411766,
          31.186886547058823
        ]
      },
      "properties": {
        "attraction_id": "A_17831",
        "kind": "tourism",
        "category": "leisure_park",
        "label": "Leisure / Park",
        "name": "",
        "area_m2": 22371.101512294263,
        "weight": 67.37110151229426,
        "osm_id": 301866737
      }
    },
    {
      "type": "Feature",
      "geometry": {
        "type": "Point",
        "coordinates": [
          121.559418775,
          31.15579745
        ]
      },
      "properties": {
        "attraction_id": "A_17835",
        "kind": "commercial",
        "category": "retail_service",
        "label": "Retail / Service",
        "name": "百联东郊购物中心",
        "area_m2": 12415.06498766318,
        "weight": 175.18831234578974,
        "osm_id": 303267346
      }
    },
    {
      "type": "Feature",
      "geometry": {
        "type": "Point",
        "coordinates": [
          121.54929368124999,
          31.23803801875
        ]
      },
      "properties": {
        "attraction_id": "A_17846",
        "kind": "tourism",
        "category": "leisure_park",
        "label": "Leisure / Park",
        "name": "泾南公园",
        "area_m2": 23769.174707964063,
        "weight": 68.76917470796405,
        "osm_id": 304517908
      }
    },
    {
      "type": "Feature",
      "geometry": {
        "type": "Point",
        "coordinates": [
          121.45312874999999,
          31.195349725
        ]
      },
      "properties": {
        "attraction_id": "A_17847",
        "kind": "tourism",
        "category": "leisure_park",
        "label": "Leisure / Park",
        "name": "徐汇游泳馆",
        "area_m2": 4766.696459215134,
        "weight": 49.76669645921513,
        "osm_id": 304754415
      }
    },
    {
      "type": "Feature",
      "geometry": {
        "type": "Point",
        "coordinates": [
          121.45700500000001,
          31.1693193
        ]
      },
      "properties": {
        "attraction_id": "A_17860",
        "kind": "tourism",
        "category": "hotel_tourism",
        "label": "Hotel / Tourism",
        "name": "西岸艺术中心",
        "area_m2": 6837.204909771681,
        "weight": 103.37204909771681,
        "osm_id": 307455604
      }
    },
    {
      "type": "Feature",
      "geometry": {
        "type": "Point",
        "coordinates": [
          121.50571291904762,
          31.254634071428573
        ]
      },
      "properties": {
        "attraction_id": "A_17866",
        "kind": "tourism",
        "category": "hotel_tourism",
        "label": "Hotel / Tourism",
        "name": "远洋宾馆",
        "area_m2": 1625.0066149681807,
        "weight": 51.25006614968181,
        "osm_id": 310766269
      }
    },
    {
      "type": "Feature",
      "geometry": {
        "type": "Point",
        "coordinates": [
          121.44656325,
          31.22323605
        ]
      },
      "properties": {
        "attraction_id": "A_17902",
        "kind": "tourism",
        "category": "leisure_park",
        "label": "Leisure / Park",
        "name": "",
        "area_m2": 433.0762957148254,
        "weight": 45.43307629571483,
        "osm_id": 315503067
      }
    },
    {
      "type": "Feature",
      "geometry": {
        "type": "Point",
        "coordinates": [
          121.4490343,
          31.2196076
        ]
      },
      "properties": {
        "attraction_id": "A_17903",
        "kind": "tourism",
        "category": "leisure_park",
        "label": "Leisure / Park",
        "name": "",
        "area_m2": 1751.4003268145025,
        "weight": 46.751400326814505,
        "osm_id": 315503068
      }
    },
    {
      "type": "Feature",
      "geometry": {
        "type": "Point",
        "coordinates": [
          121.43414168,
          31.22512888
        ]
      },
      "properties": {
        "attraction_id": "A_17904",
        "kind": "tourism",
        "category": "leisure_park",
        "label": "Leisure / Park",
        "name": "",
        "area_m2": 1095.1148582492024,
        "weight": 46.095114858249204,
        "osm_id": 315503070
      }
    },
    {
      "type": "Feature",
      "geometry": {
        "type": "Point",
        "coordinates": [
          121.4312443,
          31.22756525
        ]
      },
      "properties": {
        "attraction_id": "A_17905",
        "kind": "tourism",
        "category": "leisure_park",
        "label": "Leisure / Park",
        "name": "",
        "area_m2": 1629.9091938771307,
        "weight": 46.62990919387713,
        "osm_id": 315503071
      }
    },
    {
      "type": "Feature",
      "geometry": {
        "type": "Point",
        "coordinates": [
          121.4183798,
          31.226905325
        ]
      },
      "properties": {
        "attraction_id": "A_17906",
        "kind": "tourism",
        "category": "leisure_park",
        "label": "Leisure / Park",
        "name": "",
        "area_m2": 2296.6584549956024,
        "weight": 47.2966584549956,
        "osm_id": 315503073
      }
    },
    {
      "type": "Feature",
      "geometry": {
        "type": "Point",
        "coordinates": [
          121.42630975,
          31.224092249999998
        ]
      },
      "properties": {
        "attraction_id": "A_17907",
        "kind": "tourism",
        "category": "leisure_park",
        "label": "Leisure / Park",
        "name": "",
        "area_m2": 5258.690695632249,
        "weight": 50.25869069563225,
        "osm_id": 315503074
      }
    },
    {
      "type": "Feature",
      "geometry": {
        "type": "Point",
        "coordinates": [
          121.433681775,
          31.22856265
        ]
      },
      "properties": {
        "attraction_id": "A_17909",
        "kind": "tourism",
        "category": "leisure_park",
        "label": "Leisure / Park",
        "name": "",
        "area_m2": 3022.567849142477,
        "weight": 48.022567849142476,
        "osm_id": 315503076
      }
    },
    {
      "type": "Feature",
      "geometry": {
        "type": "Point",
        "coordinates": [
          121.437408625,
          31.2338762
        ]
      },
      "properties": {
        "attraction_id": "A_17910",
        "kind": "tourism",
        "category": "leisure_park",
        "label": "Leisure / Park",
        "name": "",
        "area_m2": 1158.575983762741,
        "weight": 46.15857598376274,
        "osm_id": 315503077
      }
    },
    {
      "type": "Feature",
      "geometry": {
        "type": "Point",
        "coordinates": [
          121.43754435,
          31.237757950000002
        ]
      },
      "properties": {
        "attraction_id": "A_17911",
        "kind": "tourism",
        "category": "leisure_park",
        "label": "Leisure / Park",
        "name": "",
        "area_m2": 2505.36950686574,
        "weight": 47.50536950686574,
        "osm_id": 315503079
      }
    },
    {
      "type": "Feature",
      "geometry": {
        "type": "Point",
        "coordinates": [
          121.43141127999999,
          31.24137448
        ]
      },
      "properties": {
        "attraction_id": "A_17912",
        "kind": "tourism",
        "category": "leisure_park",
        "label": "Leisure / Park",
        "name": "",
        "area_m2": 2612.8725857753307,
        "weight": 47.61287258577533,
        "osm_id": 315503080
      }
    },
    {
      "type": "Feature",
      "geometry": {
        "type": "Point",
        "coordinates": [
          121.4240353,
          31.2510671
        ]
      },
      "properties": {
        "attraction_id": "A_17913",
        "kind": "tourism",
        "category": "leisure_park",
        "label": "Leisure / Park",
        "name": "",
        "area_m2": 497.5356620363891,
        "weight": 45.49753566203639,
        "osm_id": 315503081
      }
    },
    {
      "type": "Feature",
      "geometry": {
        "type": "Point",
        "coordinates": [
          121.421133825,
          31.253625525
        ]
      },
      "properties": {
        "attraction_id": "A_17914",
        "kind": "tourism",
        "category": "leisure_park",
        "label": "Leisure / Park",
        "name": "",
        "area_m2": 868.5134666468948,
        "weight": 45.868513466646895,
        "osm_id": 315503082
      }
    },
    {
      "type": "Feature",
      "geometry": {
        "type": "Point",
        "coordinates": [
          121.45431725,
          31.226956700000002
        ]
      },
      "properties": {
        "attraction_id": "A_17919",
        "kind": "tourism",
        "category": "leisure_park",
        "label": "Leisure / Park",
        "name": "",
        "area_m2": 1603.034160964191,
        "weight": 46.60303416096419,
        "osm_id": 315503438
      }
    },
    {
      "type": "Feature",
      "geometry": {
        "type": "Point",
        "coordinates": [
          121.45669960000001,
          31.226355925
        ]
      },
      "properties": {
        "attraction_id": "A_17920",
        "kind": "tourism",
        "category": "leisure_park",
        "label": "Leisure / Park",
        "name": "",
        "area_m2": 996.0024119727314,
        "weight": 45.99600241197273,
        "osm_id": 315503439
      }
    },
    {
      "type": "Feature",
      "geometry": {
        "type": "Point",
        "coordinates": [
          121.43911046666666,
          31.2275788
        ]
      },
      "properties": {
        "attraction_id": "A_17939",
        "kind": "tourism",
        "category": "hotel_tourism",
        "label": "Hotel / Tourism",
        "name": "云峰大饭店",
        "area_m2": 1258.2106013000011,
        "weight": 47.582106013000015,
        "osm_id": 317629037
      }
    },
    {
      "type": "Feature",
      "geometry": {
        "type": "Point",
        "coordinates": [
          121.43865203846154,
          31.229401261538463
        ]
      },
      "properties": {
        "attraction_id": "A_17957",
        "kind": "tourism",
        "category": "hotel_tourism",
        "label": "Hotel / Tourism",
        "name": "",
        "area_m2": 1124.8973042555153,
        "weight": 46.24897304255515,
        "osm_id": 317629055
      }
    },
    {
      "type": "Feature",
      "geometry": {
        "type": "Point",
        "coordinates": [
          121.48244236666666,
          31.23433721666667
        ]
      },
      "properties": {
        "attraction_id": "A_17980",
        "kind": "tourism",
        "category": "hotel_tourism",
        "label": "Hotel / Tourism",
        "name": "上海威斯汀大饭店",
        "area_m2": 3303.9714380949736,
        "weight": 68.03971438094973,
        "osm_id": 325216963
      }
    },
    {
      "type": "Feature",
      "geometry": {
        "type": "Point",
        "coordinates": [
          121.50620739333334,
          31.254175533333335
        ]
      },
      "properties": {
        "attraction_id": "A_18037",
        "kind": "tourism",
        "category": "hotel_tourism",
        "label": "Hotel / Tourism",
        "name": "",
        "area_m2": 945.8414448052645,
        "weight": 44.45841444805264,
        "osm_id": 334828221
      }
    },
    {
      "type": "Feature",
      "geometry": {
        "type": "Point",
        "coordinates": [
          121.41381133846154,
          31.212304761538462
        ]
      },
      "properties": {
        "attraction_id": "A_18054",
        "kind": "tourism",
        "category": "leisure_park",
        "label": "Leisure / Park",
        "name": "海粟绿地",
        "area_m2": 44543.91213689372,
        "weight": 89.54391213689371,
        "osm_id": 339663644
      }
    },
    {
      "type": "Feature",
      "geometry": {
        "type": "Point",
        "coordinates": [
          121.41274001428572,
          31.153875328571427
        ]
      },
      "properties": {
        "attraction_id": "A_18056",
        "kind": "tourism",
        "category": "leisure_park",
        "label": "Leisure / Park",
        "name": "",
        "area_m2": 1210.3195162150078,
        "weight": 46.21031951621501,
        "osm_id": 339693055
      }
    },
    {
      "type": "Feature",
      "geometry": {
        "type": "Point",
        "coordinates": [
          121.46978577142856,
          31.192927074285716
        ]
      },
      "properties": {
        "attraction_id": "A_18058",
        "kind": "tourism",
        "category": "leisure_park",
        "label": "Leisure / Park",
        "name": "南园滨江绿地-东区",
        "area_m2": 39845.502282723784,
        "weight": 84.84550228272379,
        "osm_id": 350242039
      }
    },
    {
      "type": "Feature",
      "geometry": {
        "type": "Point",
        "coordinates": [
          121.40135749999999,
          31.204809920000002
        ]
      },
      "properties": {
        "attraction_id": "A_18082",
        "kind": "tourism",
        "category": "hotel_tourism",
        "label": "Hotel / Tourism",
        "name": "",
        "area_m2": 3301.536305250833,
        "weight": 68.01536305250832,
        "osm_id": 355261157
      }
    },
    {
      "type": "Feature",
      "geometry": {
        "type": "Point",
        "coordinates": [
          121.44319390999999,
          31.255943600000002
        ]
      },
      "properties": {
        "attraction_id": "A_18097",
        "kind": "tourism",
        "category": "hotel_tourism",
        "label": "Hotel / Tourism",
        "name": "克拉玛依石油宾馆",
        "area_m2": 1498.6983177438378,
        "weight": 49.986983177438375,
        "osm_id": 356864981
      }
    },
    {
      "type": "Feature",
      "geometry": {
        "type": "Point",
        "coordinates": [
          121.4654039,
          31.2529737
        ]
      },
      "properties": {
        "attraction_id": "A_18163",
        "kind": "tourism",
        "category": "hotel_tourism",
        "label": "Hotel / Tourism",
        "name": "Novotel Shanghai Jing'an",
        "area_m2": 2454.979714848101,
        "weight": 59.54979714848101,
        "osm_id": 356865066
      }
    },
    {
      "type": "Feature",
      "geometry": {
        "type": "Point",
        "coordinates": [
          121.50788757272727,
          31.17742207272727
        ]
      },
      "properties": {
        "attraction_id": "A_18201",
        "kind": "tourism",
        "category": "leisure_park",
        "label": "Leisure / Park",
        "name": "",
        "area_m2": 7257.680678855628,
        "weight": 52.25768067885563,
        "osm_id": 359122625
      }
    },
    {
      "type": "Feature",
      "geometry": {
        "type": "Point",
        "coordinates": [
          121.5355974923077,
          31.164836238461536
        ]
      },
      "properties": {
        "attraction_id": "A_18202",
        "kind": "tourism",
        "category": "leisure_park",
        "label": "Leisure / Park",
        "name": "",
        "area_m2": 6107.196192178875,
        "weight": 51.107196192178876,
        "osm_id": 359122626
      }
    },
    {
      "type": "Feature",
      "geometry": {
        "type": "Point",
        "coordinates": [
          121.53549598823531,
          31.164797276470587
        ]
      },
      "properties": {
        "attraction_id": "A_18203",
        "kind": "tourism",
        "category": "leisure_park",
        "label": "Leisure / Park",
        "name": "",
        "area_m2": 3116.71993137151,
        "weight": 48.11671993137151,
        "osm_id": 359122628
      }
    },
    {
      "type": "Feature",
      "geometry": {
        "type": "Point",
        "coordinates": [
          121.43160676666666,
          31.14170833333333
        ]
      },
      "properties": {
        "attraction_id": "A_18320",
        "kind": "tourism",
        "category": "leisure_park",
        "label": "Leisure / Park",
        "name": "游泳&羽毛球馆",
        "area_m2": 1334.7787944641605,
        "weight": 46.334778794464164,
        "osm_id": 368388942
      }
    },
    {
      "type": "Feature",
      "geometry": {
        "type": "Point",
        "coordinates": [
          121.42979961,
          31.14194746
        ]
      },
      "properties": {
        "attraction_id": "A_18322",
        "kind": "tourism",
        "category": "leisure_park",
        "label": "Leisure / Park",
        "name": "网球中心",
        "area_m2": 2845.2731731175445,
        "weight": 47.84527317311755,
        "osm_id": 368388944
      }
    },
    {
      "type": "Feature",
      "geometry": {
        "type": "Point",
        "coordinates": [
          121.43049635000001,
          31.140950466666666
        ]
      },
      "properties": {
        "attraction_id": "A_18323",
        "kind": "tourism",
        "category": "leisure_park",
        "label": "Leisure / Park",
        "name": "上海中学体育馆",
        "area_m2": 2743.9648918534513,
        "weight": 47.74396489185345,
        "osm_id": 368388947
      }
    },
    {
      "type": "Feature",
      "geometry": {
        "type": "Point",
        "coordinates": [
          121.42878374,
          31.14169132
        ]
      },
      "properties": {
        "attraction_id": "A_18324",
        "kind": "tourism",
        "category": "leisure_park",
        "label": "Leisure / Park",
        "name": "室外网球场",
        "area_m2": 3111.170348426327,
        "weight": 48.11117034842633,
        "osm_id": 368388950
      }
    },
    {
      "type": "Feature",
      "geometry": {
        "type": "Point",
        "coordinates": [
          121.43204014285713,
          31.141763014285715
        ]
      },
      "properties": {
        "attraction_id": "A_18325",
        "kind": "tourism",
        "category": "leisure_park",
        "label": "Leisure / Park",
        "name": "东区足球场",
        "area_m2": 1475.5270064878569,
        "weight": 46.47552700648786,
        "osm_id": 368388951
      }
    },
    {
      "type": "Feature",
      "geometry": {
        "type": "Point",
        "coordinates": [
          121.47584657499999,
          31.23312845
        ]
      },
      "properties": {
        "attraction_id": "A_18327",
        "kind": "tourism",
        "category": "leisure_park",
        "label": "Leisure / Park",
        "name": "",
        "area_m2": 3492.090247951448,
        "weight": 48.492090247951445,
        "osm_id": 369237831
      }
    },
    {
      "type": "Feature",
      "geometry": {
        "type": "Point",
        "coordinates": [
          121.48353945,
          31.2294872
        ]
      },
      "properties": {
        "attraction_id": "A_18333",
        "kind": "tourism",
        "category": "hotel_tourism",
        "label": "Hotel / Tourism",
        "name": "上海豫园万丽酒店",
        "area_m2": 1619.4456644430757,
        "weight": 51.19445664443076,
        "osm_id": 369237839
      }
    },
    {
      "type": "Feature",
      "geometry": {
        "type": "Point",
        "coordinates": [
          121.4750363,
          31.229294725
        ]
      },
      "properties": {
        "attraction_id": "A_18465",
        "kind": "tourism",
        "category": "hotel_tourism",
        "label": "Hotel / Tourism",
        "name": "商悦青年会大酒店",
        "area_m2": 423.1138338819146,
        "weight": 39.23113833881915,
        "osm_id": 369238017
      }
    },
    {
      "type": "Feature",
      "geometry": {
        "type": "Point",
        "coordinates": [
          121.47692065,
          31.230325875
        ]
      },
      "properties": {
        "attraction_id": "A_18467",
        "kind": "tourism",
        "category": "hotel_tourism",
        "label": "Hotel / Tourism",
        "name": "新黄浦酒店公寓",
        "area_m2": 937.1196791753173,
        "weight": 44.37119679175317,
        "osm_id": 369238020
      }
    },
    {
      "type": "Feature",
      "geometry": {
        "type": "Point",
        "coordinates": [
          121.45733398,
          31.229247559999997
        ]
      },
      "properties": {
        "attraction_id": "A_18585",
        "kind": "tourism",
        "category": "hotel_tourism",
        "label": "Hotel / Tourism",
        "name": "阿丽拉上海",
        "area_m2": 5523.0955619663,
        "weight": 90.230955619663,
        "osm_id": 369317582
      }
    },
    {
      "type": "Feature",
      "geometry": {
        "type": "Point",
        "coordinates": [
          121.46841265769231,
          31.237931507692306
        ]
      },
      "properties": {
        "attraction_id": "A_18627",
        "kind": "commercial",
        "category": "retail_service",
        "label": "Retail / Service",
        "name": "雅居乐国际广场",
        "area_m2": 5000.624352864921,
        "weight": 82.50780441081152,
        "osm_id": 369342458
      }
    },
    {
      "type": "Feature",
      "geometry": {
        "type": "Point",
        "coordinates": [
          121.4680042,
          31.236254525
        ]
      },
      "properties": {
        "attraction_id": "A_18655",
        "kind": "tourism",
        "category": "hotel_tourism",
        "label": "Hotel / Tourism",
        "name": "金门大酒店",
        "area_m2": 1886.2664545699954,
        "weight": 53.86266454569996,
        "osm_id": 369342492
      }
    },
    {
      "type": "Feature",
      "geometry": {
        "type": "Point",
        "coordinates": [
          121.46699459999999,
          31.235596125
        ]
      },
      "properties": {
        "attraction_id": "A_18670",
        "kind": "tourism",
        "category": "hotel_tourism",
        "label": "Hotel / Tourism",
        "name": "国际饭店",
        "area_m2": 1809.0003665015101,
        "weight": 53.090003665015104,
        "osm_id": 369342509
      }
    },
    {
      "type": "Feature",
      "geometry": {
        "type": "Point",
        "coordinates": [
          121.51141353529411,
          31.220375952941172
        ]
      },
      "properties": {
        "attraction_id": "A_18743",
        "kind": "tourism",
        "category": "leisure_park",
        "label": "Leisure / Park",
        "name": "",
        "area_m2": 14152.201860040426,
        "weight": 59.15220186004043,
        "osm_id": 369549361
      }
    },
    {
      "type": "Feature",
      "geometry": {
        "type": "Point",
        "coordinates": [
          121.50809612500001,
          31.225034
        ]
      },
      "properties": {
        "attraction_id": "A_18744",
        "kind": "tourism",
        "category": "leisure_park",
        "label": "Leisure / Park",
        "name": "",
        "area_m2": 610.2270877882838,
        "weight": 45.61022708778828,
        "osm_id": 369549367
      }
    },
    {
      "type": "Feature",
      "geometry": {
        "type": "Point",
        "coordinates": [
          121.44814992000002,
          31.2541859
        ]
      },
      "properties": {
        "attraction_id": "A_18882",
        "kind": "tourism",
        "category": "hotel_tourism",
        "label": "Hotel / Tourism",
        "name": "Holiday Inn Express",
        "area_m2": 1216.3842183165252,
        "weight": 47.16384218316525,
        "osm_id": 372025673
      }
    },
    {
      "type": "Feature",
      "geometry": {
        "type": "Point",
        "coordinates": [
          121.46752690999999,
          31.22363335
        ]
      },
      "properties": {
        "attraction_id": "A_18895",
        "kind": "tourism",
        "category": "leisure_park",
        "label": "Leisure / Park",
        "name": "",
        "area_m2": 3500.012389410287,
        "weight": 48.50001238941029,
        "osm_id": 372180379
      }
    },
    {
      "type": "Feature",
      "geometry": {
        "type": "Point",
        "coordinates": [
          121.47094038235294,
          31.22409855294118
        ]
      },
      "properties": {
        "attraction_id": "A_18903",
        "kind": "tourism",
        "category": "hotel_tourism",
        "label": "Hotel / Tourism",
        "name": "上海新天地安达仕酒店",
        "area_m2": 1124.0188439562917,
        "weight": 46.240188439562914,
        "osm_id": 372180392
      }
    },
    {
      "type": "Feature",
      "geometry": {
        "type": "Point",
        "coordinates": [
          121.47338623225806,
          31.22713317096774
        ]
      },
      "properties": {
        "attraction_id": "A_18905",
        "kind": "commercial",
        "category": "retail_service",
        "label": "Retail / Service",
        "name": "上海广场",
        "area_m2": 6514.246180634946,
        "weight": 101.42807725793682,
        "osm_id": 372180394
      }
    },
    {
      "type": "Feature",
      "geometry": {
        "type": "Point",
        "coordinates": [
          121.46987193333332,
          31.223718449999996
        ]
      },
      "properties": {
        "attraction_id": "A_18907",
        "kind": "tourism",
        "category": "hotel_tourism",
        "label": "Hotel / Tourism",
        "name": "上海新天地朗廷酒店",
        "area_m2": 1308.5647645033896,
        "weight": 48.085647645033895,
        "osm_id": 372180396
      }
    },
    {
      "type": "Feature",
      "geometry": {
        "type": "Point",
        "coordinates": [
          121.470692875,
          31.2220629
        ]
      },
      "properties": {
        "attraction_id": "A_18955",
        "kind": "tourism",
        "category": "hotel_tourism",
        "label": "Hotel / Tourism",
        "name": "中共一大会址",
        "area_m2": 1393.2194025591016,
        "weight": 48.932194025591016,
        "osm_id": 372180467
      }
    },
    {
      "type": "Feature",
      "geometry": {
        "type": "Point",
        "coordinates": [
          121.46748315,
          31.237479500000003
        ]
      },
      "properties": {
        "attraction_id": "A_19119",
        "kind": "tourism",
        "category": "leisure_park",
        "label": "Leisure / Park",
        "name": "",
        "area_m2": 2590.2247614711523,
        "weight": 47.590224761471156,
        "osm_id": 373833525
      }
    },
    {
      "type": "Feature",
      "geometry": {
        "type": "Point",
        "coordinates": [
          121.399830475,
          31.230454
        ]
      },
      "properties": {
        "attraction_id": "A_19196",
        "kind": "tourism",
        "category": "leisure_park",
        "label": "Leisure / Park",
        "name": "",
        "area_m2": 7221.734853875736,
        "weight": 52.22173485387574,
        "osm_id": 375219022
      }
    },
    {
      "type": "Feature",
      "geometry": {
        "type": "Point",
        "coordinates": [
          121.430841172,
          31.183433896
        ]
      },
      "properties": {
        "attraction_id": "A_19418",
        "kind": "tourism",
        "category": "hotel_tourism",
        "label": "Hotel / Tourism",
        "name": "上海华亭宾馆",
        "area_m2": 7287.103730717674,
        "weight": 107.87103730717673,
        "osm_id": 377220763
      }
    },
    {
      "type": "Feature",
      "geometry": {
        "type": "Point",
        "coordinates": [
          121.43336915,
          31.1903367125
        ]
      },
      "properties": {
        "attraction_id": "A_19426",
        "kind": "tourism",
        "category": "leisure_park",
        "label": "Leisure / Park",
        "name": "",
        "area_m2": 1831.5672494824976,
        "weight": 46.8315672494825,
        "osm_id": 377222052
      }
    },
    {
      "type": "Feature",
      "geometry": {
        "type": "Point",
        "coordinates": [
          121.44936898333333,
          31.148653483333334
        ]
      },
      "properties": {
        "attraction_id": "A_19442",
        "kind": "tourism",
        "category": "leisure_park",
        "label": "Leisure / Park",
        "name": "",
        "area_m2": 2646.841032977216,
        "weight": 47.646841032977214,
        "osm_id": 377360833
      }
    },
    {
      "type": "Feature",
      "geometry": {
        "type": "Point",
        "coordinates": [
          121.4835857375,
          31.23278458125
        ]
      },
      "properties": {
        "attraction_id": "A_19468",
        "kind": "tourism",
        "category": "leisure_park",
        "label": "Leisure / Park",
        "name": "",
        "area_m2": 2240.725237429142,
        "weight": 47.24072523742914,
        "osm_id": 378107079
      }
    },
    {
      "type": "Feature",
      "geometry": {
        "type": "Point",
        "coordinates": [
          121.47932442999999,
          31.23791165
        ]
      },
      "properties": {
        "attraction_id": "A_19602",
        "kind": "tourism",
        "category": "leisure_park",
        "label": "Leisure / Park",
        "name": "黄浦体育馆",
        "area_m2": 4657.930212147534,
        "weight": 49.657930212147534,
        "osm_id": 378107239
      }
    },
    {
      "type": "Feature",
      "geometry": {
        "type": "Point",
        "coordinates": [
          121.40166070000001,
          31.226236496153845
        ]
      },
      "properties": {
        "attraction_id": "A_19619",
        "kind": "tourism",
        "category": "leisure_park",
        "label": "Leisure / Park",
        "name": "",
        "area_m2": 2046.316952779889,
        "weight": 47.04631695277989,
        "osm_id": 379077332
      }
    },
    {
      "type": "Feature",
      "geometry": {
        "type": "Point",
        "coordinates": [
          121.4023494,
          31.23168565
        ]
      },
      "properties": {
        "attraction_id": "A_19624",
        "kind": "tourism",
        "category": "leisure_park",
        "label": "Leisure / Park",
        "name": "",
        "area_m2": 1573.1367236225633,
        "weight": 46.57313672362256,
        "osm_id": 380041647
      }
    },
    {
      "type": "Feature",
      "geometry": {
        "type": "Point",
        "coordinates": [
          121.405433425,
          31.228413025
        ]
      },
      "properties": {
        "attraction_id": "A_19632",
        "kind": "tourism",
        "category": "leisure_park",
        "label": "Leisure / Park",
        "name": "",
        "area_m2": 369.8185759601183,
        "weight": 45.36981857596012,
        "osm_id": 380079404
      }
    },
    {
      "type": "Feature",
      "geometry": {
        "type": "Point",
        "coordinates": [
          121.4055901,
          31.22845975
        ]
      },
      "properties": {
        "attraction_id": "A_19633",
        "kind": "tourism",
        "category": "leisure_park",
        "label": "Leisure / Park",
        "name": "",
        "area_m2": 370.9550694846548,
        "weight": 45.37095506948465,
        "osm_id": 380079407
      }
    },
    {
      "type": "Feature",
      "geometry": {
        "type": "Point",
        "coordinates": [
          121.4821109375,
          31.238489925
        ]
      },
      "properties": {
        "attraction_id": "A_19636",
        "kind": "tourism",
        "category": "leisure_park",
        "label": "Leisure / Park",
        "name": "",
        "area_m2": 2959.341021731496,
        "weight": 47.9593410217315,
        "osm_id": 380339824
      }
    },
    {
      "type": "Feature",
      "geometry": {
        "type": "Point",
        "coordinates": [
          121.40096419999999,
          31.23237718333333
        ]
      },
      "properties": {
        "attraction_id": "A_19768",
        "kind": "tourism",
        "category": "leisure_park",
        "label": "Leisure / Park",
        "name": "",
        "area_m2": 508.86349493754096,
        "weight": 45.50886349493754,
        "osm_id": 380820513
      }
    },
    {
      "type": "Feature",
      "geometry": {
        "type": "Point",
        "coordinates": [
          121.40272955,
          31.23061165
        ]
      },
      "properties": {
        "attraction_id": "A_19788",
        "kind": "tourism",
        "category": "leisure_park",
        "label": "Leisure / Park",
        "name": "",
        "area_m2": 459.00529446965083,
        "weight": 45.45900529446965,
        "osm_id": 382422666
      }
    },
    {
      "type": "Feature",
      "geometry": {
        "type": "Point",
        "coordinates": [
          121.40335354999999,
          31.230807050000003
        ]
      },
      "properties": {
        "attraction_id": "A_19789",
        "kind": "tourism",
        "category": "leisure_park",
        "label": "Leisure / Park",
        "name": "",
        "area_m2": 457.74475764785893,
        "weight": 45.45774475764786,
        "osm_id": 382422667
      }
    },
    {
      "type": "Feature",
      "geometry": {
        "type": "Point",
        "coordinates": [
          121.40319775,
          31.23075825
        ]
      },
      "properties": {
        "attraction_id": "A_19790",
        "kind": "tourism",
        "category": "leisure_park",
        "label": "Leisure / Park",
        "name": "",
        "area_m2": 459.5244133579545,
        "weight": 45.459524413357954,
        "osm_id": 382422668
      }
    },
    {
      "type": "Feature",
      "geometry": {
        "type": "Point",
        "coordinates": [
          121.403041725,
          31.230709400000002
        ]
      },
      "properties": {
        "attraction_id": "A_19791",
        "kind": "tourism",
        "category": "leisure_park",
        "label": "Leisure / Park",
        "name": "",
        "area_m2": 459.04960694443434,
        "weight": 45.45904960694443,
        "osm_id": 382422669
      }
    },
    {
      "type": "Feature",
      "geometry": {
        "type": "Point",
        "coordinates": [
          121.402885625,
          31.23066055
        ]
      },
      "properties": {
        "attraction_id": "A_19792",
        "kind": "tourism",
        "category": "leisure_park",
        "label": "Leisure / Park",
        "name": "",
        "area_m2": 459.9394874246791,
        "weight": 45.45993948742468,
        "osm_id": 382422670
      }
    },
    {
      "type": "Feature",
      "geometry": {
        "type": "Point",
        "coordinates": [
          121.403134525,
          31.230491
        ]
      },
      "properties": {
        "attraction_id": "A_19793",
        "kind": "tourism",
        "category": "leisure_park",
        "label": "Leisure / Park",
        "name": "",
        "area_m2": 1767.8476170729846,
        "weight": 46.76784761707299,
        "osm_id": 382422671
      }
    },
    {
      "type": "Feature",
      "geometry": {
        "type": "Point",
        "coordinates": [
          121.48571333333332,
          31.23018673333333
        ]
      },
      "properties": {
        "attraction_id": "A_20016",
        "kind": "commercial",
        "category": "retail_service",
        "label": "Retail / Service",
        "name": "城隍庙第一购物中心",
        "area_m2": 2893.3403502479196,
        "weight": 56.16675437809899,
        "osm_id": 389702097
      }
    },
    {
      "type": "Feature",
      "geometry": {
        "type": "Point",
        "coordinates": [
          121.48473476666668,
          31.230323116666668
        ]
      },
      "properties": {
        "attraction_id": "A_20017",
        "kind": "commercial",
        "category": "retail_service",
        "label": "Retail / Service",
        "name": "豫园鄂尔多斯广场",
        "area_m2": 2331.6703501567245,
        "weight": 49.14587937695906,
        "osm_id": 389702099
      }
    },
    {
      "type": "Feature",
      "geometry": {
        "type": "Point",
        "coordinates": [
          121.40858452096775,
          31.216280270967744
        ]
      },
      "properties": {
        "attraction_id": "A_20190",
        "kind": "tourism",
        "category": "hotel_tourism",
        "label": "Hotel / Tourism",
        "name": "上海虹桥美仑美居酒店",
        "area_m2": 2141.7163097010925,
        "weight": 56.41716309701093,
        "osm_id": 392578179
      }
    },
    {
      "type": "Feature",
      "geometry": {
        "type": "Point",
        "coordinates": [
          121.41392370588237,
          31.21866624117647
        ]
      },
      "properties": {
        "attraction_id": "A_20206",
        "kind": "tourism",
        "category": "leisure_park",
        "label": "Leisure / Park",
        "name": "",
        "area_m2": 105.71505534742028,
        "weight": 45.10571505534742,
        "osm_id": 393214675
      }
    },
    {
      "type": "Feature",
      "geometry": {
        "type": "Point",
        "coordinates": [
          121.40874808571428,
          31.220222442857143
        ]
      },
      "properties": {
        "attraction_id": "A_20264",
        "kind": "tourism",
        "category": "leisure_park",
        "label": "Leisure / Park",
        "name": "",
        "area_m2": 527.6212431457825,
        "weight": 45.52762124314578,
        "osm_id": 396937448
      }
    },
    {
      "type": "Feature",
      "geometry": {
        "type": "Point",
        "coordinates": [
          121.45110583333333,
          31.17478686666667
        ]
      },
      "properties": {
        "attraction_id": "A_20274",
        "kind": "tourism",
        "category": "leisure_park",
        "label": "Leisure / Park",
        "name": "",
        "area_m2": 16107.272038640454,
        "weight": 61.10727203864045,
        "osm_id": 397296325
      }
    },
    {
      "type": "Feature",
      "geometry": {
        "type": "Point",
        "coordinates": [
          121.40738043333333,
          31.221207395833332
        ]
      },
      "properties": {
        "attraction_id": "A_20313",
        "kind": "tourism",
        "category": "leisure_park",
        "label": "Leisure / Park",
        "name": "",
        "area_m2": 2016.8681659223512,
        "weight": 47.016868165922354,
        "osm_id": 398577539
      }
    },
    {
      "type": "Feature",
      "geometry": {
        "type": "Point",
        "coordinates": [
          121.40741027499999,
          31.221267575
        ]
      },
      "properties": {
        "attraction_id": "A_20314",
        "kind": "tourism",
        "category": "leisure_park",
        "label": "Leisure / Park",
        "name": "",
        "area_m2": 401.5230354242958,
        "weight": 45.4015230354243,
        "osm_id": 398577540
      }
    },
    {
      "type": "Feature",
      "geometry": {
        "type": "Point",
        "coordinates": [
          121.407291625,
          31.221026
        ]
      },
      "properties": {
        "attraction_id": "A_20315",
        "kind": "tourism",
        "category": "leisure_park",
        "label": "Leisure / Park",
        "name": "",
        "area_m2": 397.7443720214069,
        "weight": 45.39774437202141,
        "osm_id": 398577541
      }
    },
    {
      "type": "Feature",
      "geometry": {
        "type": "Point",
        "coordinates": [
          121.40746965,
          31.221388925
        ]
      },
      "properties": {
        "attraction_id": "A_20316",
        "kind": "tourism",
        "category": "leisure_park",
        "label": "Leisure / Park",
        "name": "",
        "area_m2": 399.13605690933764,
        "weight": 45.399136056909335,
        "osm_id": 398577545
      }
    },
    {
      "type": "Feature",
      "geometry": {
        "type": "Point",
        "coordinates": [
          121.40735065,
          31.22114655
        ]
      },
      "properties": {
        "attraction_id": "A_20317",
        "kind": "tourism",
        "category": "leisure_park",
        "label": "Leisure / Park",
        "name": "",
        "area_m2": 398.0382973025553,
        "weight": 45.398038297302556,
        "osm_id": 398577547
      }
    },
    {
      "type": "Feature",
      "geometry": {
        "type": "Point",
        "coordinates": [
          121.406759075,
          31.21954494375
        ]
      },
      "properties": {
        "attraction_id": "A_20321",
        "kind": "tourism",
        "category": "leisure_park",
        "label": "Leisure / Park",
        "name": "",
        "area_m2": 2915.9768069619313,
        "weight": 47.91597680696193,
        "osm_id": 398934699
      }
    },
    {
      "type": "Feature",
      "geometry": {
        "type": "Point",
        "coordinates": [
          121.40742479921259,
          31.22008717559055
        ]
      },
      "properties": {
        "attraction_id": "A_20323",
        "kind": "tourism",
        "category": "leisure_park",
        "label": "Leisure / Park",
        "name": "",
        "area_m2": 8507.41544339573,
        "weight": 53.50741544339573,
        "osm_id": 398938232
      }
    },
    {
      "type": "Feature",
      "geometry": {
        "type": "Point",
        "coordinates": [
          121.40769722857144,
          31.221839397142855
        ]
      },
      "properties": {
        "attraction_id": "A_20337",
        "kind": "tourism",
        "category": "leisure_park",
        "label": "Leisure / Park",
        "name": "",
        "area_m2": 4183.217887535691,
        "weight": 49.18321788753569,
        "osm_id": 399435158
      }
    },
    {
      "type": "Feature",
      "geometry": {
        "type": "Point",
        "coordinates": [
          121.4096564,
          31.2209373
        ]
      },
      "properties": {
        "attraction_id": "A_20380",
        "kind": "tourism",
        "category": "leisure_park",
        "label": "Leisure / Park",
        "name": "",
        "area_m2": 326.9404825284146,
        "weight": 45.326940482528414,
        "osm_id": 401205360
      }
    },
    {
      "type": "Feature",
      "geometry": {
        "type": "Point",
        "coordinates": [
          121.409028390625,
          31.220816103125
        ]
      },
      "properties": {
        "attraction_id": "A_20382",
        "kind": "tourism",
        "category": "leisure_park",
        "label": "Leisure / Park",
        "name": "",
        "area_m2": 2992.7549317227677,
        "weight": 47.992754931722764,
        "osm_id": 401205362
      }
    },
    {
      "type": "Feature",
      "geometry": {
        "type": "Point",
        "coordinates": [
          121.409224075,
          31.22144565
        ]
      },
      "properties": {
        "attraction_id": "A_20383",
        "kind": "tourism",
        "category": "leisure_park",
        "label": "Leisure / Park",
        "name": "",
        "area_m2": 1840.865550701972,
        "weight": 46.84086555070197,
        "osm_id": 401205672
      }
    },
    {
      "type": "Feature",
      "geometry": {
        "type": "Point",
        "coordinates": [
          121.40153687931036,
          31.165782972413794
        ]
      },
      "properties": {
        "attraction_id": "A_20389",
        "kind": "tourism",
        "category": "hotel_tourism",
        "label": "Hotel / Tourism",
        "name": "上海新园华美达广场酒店",
        "area_m2": 2423.3934043765476,
        "weight": 59.23393404376547,
        "osm_id": 401645522
      }
    },
    {
      "type": "Feature",
      "geometry": {
        "type": "Point",
        "coordinates": [
          121.50227554615384,
          31.18364542307692
        ]
      },
      "properties": {
        "attraction_id": "A_20390",
        "kind": "tourism",
        "category": "leisure_park",
        "label": "Leisure / Park",
        "name": "三林体育中心",
        "area_m2": 55565.59131360799,
        "weight": 100.565591313608,
        "osm_id": 402067663
      }
    },
    {
      "type": "Feature",
      "geometry": {
        "type": "Point",
        "coordinates": [
          121.50178630833334,
          31.2222926
        ]
      },
      "properties": {
        "attraction_id": "A_20393",
        "kind": "tourism",
        "category": "leisure_park",
        "label": "Leisure / Park",
        "name": "",
        "area_m2": 3787.366110138595,
        "weight": 48.78736611013859,
        "osm_id": 404033603
      }
    },
    {
      "type": "Feature",
      "geometry": {
        "type": "Point",
        "coordinates": [
          121.4972991,
          31.242629325
        ]
      },
      "properties": {
        "attraction_id": "A_20401",
        "kind": "tourism",
        "category": "hotel_tourism",
        "label": "Hotel / Tourism",
        "name": "上海海洋水族馆",
        "area_m2": 4136.238786555827,
        "weight": 76.36238786555828,
        "osm_id": 404676268
      }
    },
    {
      "type": "Feature",
      "geometry": {
        "type": "Point",
        "coordinates": [
          121.48126815612244,
          31.189825174489794
        ]
      },
      "properties": {
        "attraction_id": "A_20402",
        "kind": "tourism",
        "category": "leisure_park",
        "label": "Leisure / Park",
        "name": "上海世博公园",
        "area_m2": 210850.71912120283,
        "weight": 255.85071912120281,
        "osm_id": 404677930
      }
    },
    {
      "type": "Feature",
      "geometry": {
        "type": "Point",
        "coordinates": [
          121.45771930833332,
          31.213861566666665
        ]
      },
      "properties": {
        "attraction_id": "A_20403",
        "kind": "tourism",
        "category": "leisure_park",
        "label": "Leisure / Park",
        "name": "上海文化广场",
        "area_m2": 47546.24682253972,
        "weight": 92.54624682253971,
        "osm_id": 404678393
      }
    },
    {
      "type": "Feature",
      "geometry": {
        "type": "Point",
        "coordinates": [
          121.47287658260869,
          31.157625941304346
        ]
      },
      "properties": {
        "attraction_id": "A_20404",
        "kind": "tourism",
        "category": "leisure_park",
        "label": "Leisure / Park",
        "name": "上海东方体育中心",
        "area_m2": 378935.22235105187,
        "weight": 423.9352223510519,
        "osm_id": 404680079
      }
    },
    {
      "type": "Feature",
      "geometry": {
        "type": "Point",
        "coordinates": [
          121.43501236969698,
          31.182805709090907
        ]
      },
      "properties": {
        "attraction_id": "A_20405",
        "kind": "tourism",
        "category": "leisure_park",
        "label": "Leisure / Park",
        "name": "徐家汇体育公园",
        "area_m2": 353556.3175114617,
        "weight": 398.55631751146166,
        "osm_id": 404683076
      }
    },
    {
      "type": "Feature",
      "geometry": {
        "type": "Point",
        "coordinates": [
          121.44733858571429,
          31.17741702857143
        ]
      },
      "properties": {
        "attraction_id": "A_20407",
        "kind": "tourism",
        "category": "hotel_tourism",
        "label": "Hotel / Tourism",
        "name": "龙华寺",
        "area_m2": 35948.90401306003,
        "weight": 394.48904013060036,
        "osm_id": 404694432
      }
    },
    {
      "type": "Feature",
      "geometry": {
        "type": "Point",
        "coordinates": [
          121.44011168947368,
          31.243407115789477
        ]
      },
      "properties": {
        "attraction_id": "A_20408",
        "kind": "tourism",
        "category": "hotel_tourism",
        "label": "Hotel / Tourism",
        "name": "玉佛禅寺",
        "area_m2": 22782.702632386237,
        "weight": 262.82702632386236,
        "osm_id": 404699628
      }
    },
    {
      "type": "Feature",
      "geometry": {
        "type": "Point",
        "coordinates": [
          121.47094335,
          31.230116064285713
        ]
      },
      "properties": {
        "attraction_id": "A_20410",
        "kind": "tourism",
        "category": "hotel_tourism",
        "label": "Hotel / Tourism",
        "name": "人民广场",
        "area_m2": 126692.22818949819,
        "weight": 685.0,
        "osm_id": 404709025
      }
    },
    {
      "type": "Feature",
      "geometry": {
        "type": "Point",
        "coordinates": [
          121.5226060375,
          31.2383622375
        ]
      },
      "properties": {
        "attraction_id": "A_20411",
        "kind": "tourism",
        "category": "leisure_park",
        "label": "Leisure / Park",
        "name": "梅园公园",
        "area_m2": 20399.812447287142,
        "weight": 65.39981244728715,
        "osm_id": 404717086
      }
    },
    {
      "type": "Feature",
      "geometry": {
        "type": "Point",
        "coordinates": [
          121.43236914285714,
          31.183875014285714
        ]
      },
      "properties": {
        "attraction_id": "A_20413",
        "kind": "tourism",
        "category": "leisure_park",
        "label": "Leisure / Park",
        "name": "上体篮球公园",
        "area_m2": 7118.2414211034775,
        "weight": 52.11824142110348,
        "osm_id": 404719693
      }
    },
    {
      "type": "Feature",
      "geometry": {
        "type": "Point",
        "coordinates": [
          121.43231361111111,
          31.18276147777778
        ]
      },
      "properties": {
        "attraction_id": "A_20414",
        "kind": "tourism",
        "category": "leisure_park",
        "label": "Leisure / Park",
        "name": "上体篮球公园",
        "area_m2": 10241.199357248843,
        "weight": 55.241199357248846,
        "osm_id": 404719694
      }
    },
    {
      "type": "Feature",
      "geometry": {
        "type": "Point",
        "coordinates": [
          121.4422279,
          31.25644625
        ]
      },
      "properties": {
        "attraction_id": "A_20416",
        "kind": "tourism",
        "category": "leisure_park",
        "label": "Leisure / Park",
        "name": "",
        "area_m2": 1221.1562281437218,
        "weight": 46.22115622814372,
        "osm_id": 405395531
      }
    },
    {
      "type": "Feature",
      "geometry": {
        "type": "Point",
        "coordinates": [
          121.46532855,
          31.2186947
        ]
      },
      "properties": {
        "attraction_id": "A_20418",
        "kind": "tourism",
        "category": "leisure_park",
        "label": "Leisure / Park",
        "name": "大草坪",
        "area_m2": 6471.348088737577,
        "weight": 51.47134808873758,
        "osm_id": 405396500
      }
    },
    {
      "type": "Feature",
      "geometry": {
        "type": "Point",
        "coordinates": [
          121.43972158333334,
          31.219976649999996
        ]
      },
      "properties": {
        "attraction_id": "A_20421",
        "kind": "tourism",
        "category": "hotel_tourism",
        "label": "Hotel / Tourism",
        "name": "上海宾馆",
        "area_m2": 4037.160916602239,
        "weight": 75.37160916602238,
        "osm_id": 405444724
      }
    },
    {
      "type": "Feature",
      "geometry": {
        "type": "Point",
        "coordinates": [
          121.42342206666666,
          31.246643583333334
        ]
      },
      "properties": {
        "attraction_id": "A_20423",
        "kind": "tourism",
        "category": "leisure_park",
        "label": "Leisure / Park",
        "name": "普陀公园",
        "area_m2": 7315.846570698544,
        "weight": 52.31584657069855,
        "osm_id": 405446775
      }
    },
    {
      "type": "Feature",
      "geometry": {
        "type": "Point",
        "coordinates": [
          121.4588588,
          31.2113889
        ]
      },
      "properties": {
        "attraction_id": "A_20424",
        "kind": "tourism",
        "category": "leisure_park",
        "label": "Leisure / Park",
        "name": "绍兴公园",
        "area_m2": 1922.5395180545747,
        "weight": 46.92253951805458,
        "osm_id": 405467372
      }
    },
    {
      "type": "Feature",
      "geometry": {
        "type": "Point",
        "coordinates": [
          121.4383496125,
          31.2040041375
        ]
      },
      "properties": {
        "attraction_id": "A_20425",
        "kind": "tourism",
        "category": "leisure_park",
        "label": "Leisure / Park",
        "name": "国际网球中心",
        "area_m2": 12634.120683206245,
        "weight": 57.63412068320625,
        "osm_id": 405470751
      }
    },
    {
      "type": "Feature",
      "geometry": {
        "type": "Point",
        "coordinates": [
          121.53423583125,
          31.16463355
        ]
      },
      "properties": {
        "attraction_id": "A_20426",
        "kind": "tourism",
        "category": "leisure_park",
        "label": "Leisure / Park",
        "name": "三林世博主题公园",
        "area_m2": 20983.510581398383,
        "weight": 65.98351058139838,
        "osm_id": 405473116
      }
    },
    {
      "type": "Feature",
      "geometry": {
        "type": "Point",
        "coordinates": [
          121.552154075,
          31.24922275
        ]
      },
      "properties": {
        "attraction_id": "A_20427",
        "kind": "tourism",
        "category": "leisure_park",
        "label": "Leisure / Park",
        "name": "泾东公园",
        "area_m2": 17974.985045462847,
        "weight": 62.974985045462844,
        "osm_id": 406770258
      }
    },
    {
      "type": "Feature",
      "geometry": {
        "type": "Point",
        "coordinates": [
          121.44115858181817,
          31.147597800000003
        ]
      },
      "properties": {
        "attraction_id": "A_20428",
        "kind": "tourism",
        "category": "leisure_park",
        "label": "Leisure / Park",
        "name": "",
        "area_m2": 5652.812655648449,
        "weight": 50.65281265564845,
        "osm_id": 407156605
      }
    },
    {
      "type": "Feature",
      "geometry": {
        "type": "Point",
        "coordinates": [
          121.47053063333334,
          31.227393211111107
        ]
      },
      "properties": {
        "attraction_id": "A_20431",
        "kind": "tourism",
        "category": "leisure_park",
        "label": "Leisure / Park",
        "name": "延中广场公园",
        "area_m2": 44993.87779502198,
        "weight": 89.99387779502197,
        "osm_id": 407875359
      }
    },
    {
      "type": "Feature",
      "geometry": {
        "type": "Point",
        "coordinates": [
          121.4777832125,
          31.239481775
        ]
      },
      "properties": {
        "attraction_id": "A_20525",
        "kind": "tourism",
        "category": "hotel_tourism",
        "label": "Hotel / Tourism",
        "name": "南京饭店",
        "area_m2": 1379.2047715336084,
        "weight": 48.79204771533608,
        "osm_id": 414733139
      }
    },
    {
      "type": "Feature",
      "geometry": {
        "type": "Point",
        "coordinates": [
          121.46530949090908,
          31.256929845454547
        ]
      },
      "properties": {
        "attraction_id": "A_20586",
        "kind": "tourism",
        "category": "leisure_park",
        "label": "Leisure / Park",
        "name": "中兴公园",
        "area_m2": 34597.71050489694,
        "weight": 79.59771050489694,
        "osm_id": 416291538
      }
    },
    {
      "type": "Feature",
      "geometry": {
        "type": "Point",
        "coordinates": [
          121.50285305,
          31.215641875000003
        ]
      },
      "properties": {
        "attraction_id": "A_20590",
        "kind": "tourism",
        "category": "leisure_park",
        "label": "Leisure / Park",
        "name": "",
        "area_m2": 5231.154449231923,
        "weight": 50.23115444923192,
        "osm_id": 419826536
      }
    },
    {
      "type": "Feature",
      "geometry": {
        "type": "Point",
        "coordinates": [
          121.423838025,
          31.1967429
        ]
      },
      "properties": {
        "attraction_id": "A_20598",
        "kind": "tourism",
        "category": "hotel_tourism",
        "label": "Hotel / Tourism",
        "name": "",
        "area_m2": 970.0080497283489,
        "weight": 44.70008049728349,
        "osm_id": 419996650
      }
    },
    {
      "type": "Feature",
      "geometry": {
        "type": "Point",
        "coordinates": [
          121.42472286666667,
          31.19798798888889
        ]
      },
      "properties": {
        "attraction_id": "A_20600",
        "kind": "tourism",
        "category": "leisure_park",
        "label": "Leisure / Park",
        "name": "",
        "area_m2": 1343.2389481533319,
        "weight": 46.343238948153335,
        "osm_id": 419996652
      }
    },
    {
      "type": "Feature",
      "geometry": {
        "type": "Point",
        "coordinates": [
          121.42795807499999,
          31.200063225
        ]
      },
      "properties": {
        "attraction_id": "A_20601",
        "kind": "tourism",
        "category": "leisure_park",
        "label": "Leisure / Park",
        "name": "",
        "area_m2": 6930.03661750257,
        "weight": 51.93003661750257,
        "osm_id": 419996656
      }
    },
    {
      "type": "Feature",
      "geometry": {
        "type": "Point",
        "coordinates": [
          121.45806327555555,
          31.236770848888888
        ]
      },
      "properties": {
        "attraction_id": "A_20605",
        "kind": "tourism",
        "category": "hotel_tourism",
        "label": "Hotel / Tourism",
        "name": "上海自然博物馆",
        "area_m2": 9474.435770262033,
        "weight": 129.74435770262033,
        "osm_id": 425762388
      }
    },
    {
      "type": "Feature",
      "geometry": {
        "type": "Point",
        "coordinates": [
          121.416904225,
          31.211411025
        ]
      },
      "properties": {
        "attraction_id": "A_20682",
        "kind": "tourism",
        "category": "hotel_tourism",
        "label": "Hotel / Tourism",
        "name": "",
        "area_m2": 337.6765704257414,
        "weight": 38.376765704257416,
        "osm_id": 428379417
      }
    },
    {
      "type": "Feature",
      "geometry": {
        "type": "Point",
        "coordinates": [
          121.41157450666667,
          31.206246713333332
        ]
      },
      "properties": {
        "attraction_id": "A_20697",
        "kind": "tourism",
        "category": "leisure_park",
        "label": "Leisure / Park",
        "name": "",
        "area_m2": 13223.623854867648,
        "weight": 58.22362385486765,
        "osm_id": 428380093
      }
    },
    {
      "type": "Feature",
      "geometry": {
        "type": "Point",
        "coordinates": [
          121.41094958709677,
          31.211833448387097
        ]
      },
      "properties": {
        "attraction_id": "A_20708",
        "kind": "tourism",
        "category": "leisure_park",
        "label": "Leisure / Park",
        "name": "天山公园",
        "area_m2": 60078.77903503552,
        "weight": 105.07877903503552,
        "osm_id": 428380180
      }
    },
    {
      "type": "Feature",
      "geometry": {
        "type": "Point",
        "coordinates": [
          121.42541458571428,
          31.241121885714286
        ]
      },
      "properties": {
        "attraction_id": "A_20882",
        "kind": "tourism",
        "category": "leisure_park",
        "label": "Leisure / Park",
        "name": "",
        "area_m2": 5031.007016912103,
        "weight": 50.0310070169121,
        "osm_id": 432114954
      }
    },
    {
      "type": "Feature",
      "geometry": {
        "type": "Point",
        "coordinates": [
          121.4713235,
          31.22174172
        ]
      },
      "properties": {
        "attraction_id": "A_20931",
        "kind": "tourism",
        "category": "hotel_tourism",
        "label": "Hotel / Tourism",
        "name": "中共一大纪念馆",
        "area_m2": 1725.549848433584,
        "weight": 52.25549848433584,
        "osm_id": 435452367
      }
    },
    {
      "type": "Feature",
      "geometry": {
        "type": "Point",
        "coordinates": [
          121.44498475,
          31.2285424375
        ]
      },
      "properties": {
        "attraction_id": "A_20956",
        "kind": "tourism",
        "category": "hotel_tourism",
        "label": "Hotel / Tourism",
        "name": "上海市水务局",
        "area_m2": 841.6265398822725,
        "weight": 43.41626539882272,
        "osm_id": 437443890
      }
    },
    {
      "type": "Feature",
      "geometry": {
        "type": "Point",
        "coordinates": [
          121.4504490875,
          31.2172628125
        ]
      },
      "properties": {
        "attraction_id": "A_20969",
        "kind": "tourism",
        "category": "leisure_park",
        "label": "Leisure / Park",
        "name": "",
        "area_m2": 6712.192304696888,
        "weight": 51.712192304696885,
        "osm_id": 438247444
      }
    },
    {
      "type": "Feature",
      "geometry": {
        "type": "Point",
        "coordinates": [
          121.42332022000001,
          31.230619139999998
        ]
      },
      "properties": {
        "attraction_id": "A_21007",
        "kind": "tourism",
        "category": "leisure_park",
        "label": "Leisure / Park",
        "name": "曹家渡绿岛",
        "area_m2": 2837.637325892225,
        "weight": 47.837637325892224,
        "osm_id": 440569087
      }
    },
    {
      "type": "Feature",
      "geometry": {
        "type": "Point",
        "coordinates": [
          121.5543461,
          31.218108375
        ]
      },
      "properties": {
        "attraction_id": "A_21010",
        "kind": "tourism",
        "category": "leisure_park",
        "label": "Leisure / Park",
        "name": "",
        "area_m2": 3560.749930165708,
        "weight": 48.560749930165706,
        "osm_id": 440913267
      }
    },
    {
      "type": "Feature",
      "geometry": {
        "type": "Point",
        "coordinates": [
          121.555167575,
          31.218252375
        ]
      },
      "properties": {
        "attraction_id": "A_21011",
        "kind": "tourism",
        "category": "leisure_park",
        "label": "Leisure / Park",
        "name": "",
        "area_m2": 9179.944322831929,
        "weight": 54.17994432283193,
        "osm_id": 440913271
      }
    },
    {
      "type": "Feature",
      "geometry": {
        "type": "Point",
        "coordinates": [
          121.44908576363636,
          31.218725663636363
        ]
      },
      "properties": {
        "attraction_id": "A_21017",
        "kind": "tourism",
        "category": "hotel_tourism",
        "label": "Hotel / Tourism",
        "name": "东湖宾馆",
        "area_m2": 1530.431932926178,
        "weight": 50.30431932926178,
        "osm_id": 441599775
      }
    },
    {
      "type": "Feature",
      "geometry": {
        "type": "Point",
        "coordinates": [
          121.44944903999999,
          31.21879776
        ]
      },
      "properties": {
        "attraction_id": "A_21019",
        "kind": "tourism",
        "category": "hotel_tourism",
        "label": "Hotel / Tourism",
        "name": "",
        "area_m2": 439.7099550925195,
        "weight": 39.3970995509252,
        "osm_id": 441599778
      }
    },
    {
      "type": "Feature",
      "geometry": {
        "type": "Point",
        "coordinates": [
          121.44959382727274,
          31.21790330909091
        ]
      },
      "properties": {
        "attraction_id": "A_21021",
        "kind": "tourism",
        "category": "hotel_tourism",
        "label": "Hotel / Tourism",
        "name": "",
        "area_m2": 1075.3757627345622,
        "weight": 45.75375762734562,
        "osm_id": 441604487
      }
    },
    {
      "type": "Feature",
      "geometry": {
        "type": "Point",
        "coordinates": [
          121.41457481428571,
          31.22227447142857
        ]
      },
      "properties": {
        "attraction_id": "A_21023",
        "kind": "tourism",
        "category": "hotel_tourism",
        "label": "Hotel / Tourism",
        "name": "上海凝聚力工程博物馆",
        "area_m2": 2338.197859588079,
        "weight": 58.381978595880796,
        "osm_id": 441748661
      }
    },
    {
      "type": "Feature",
      "geometry": {
        "type": "Point",
        "coordinates": [
          121.48977272500001,
          31.2042428375
        ]
      },
      "properties": {
        "attraction_id": "A_21038",
        "kind": "tourism",
        "category": "leisure_park",
        "label": "Leisure / Park",
        "name": "世博会活水公园",
        "area_m2": 4013.6861544512212,
        "weight": 49.01368615445122,
        "osm_id": 441877180
      }
    },
    {
      "type": "Feature",
      "geometry": {
        "type": "Point",
        "coordinates": [
          121.48909515454547,
          31.188430536363636
        ]
      },
      "properties": {
        "attraction_id": "A_21053",
        "kind": "tourism",
        "category": "leisure_park",
        "label": "Leisure / Park",
        "name": "",
        "area_m2": 8906.193053536117,
        "weight": 53.906193053536114,
        "osm_id": 441881196
      }
    },
    {
      "type": "Feature",
      "geometry": {
        "type": "Point",
        "coordinates": [
          121.49079932173912,
          31.192132160869566
        ]
      },
      "properties": {
        "attraction_id": "A_21062",
        "kind": "tourism",
        "category": "leisure_park",
        "label": "Leisure / Park",
        "name": "亩中山水园",
        "area_m2": 24003.19596297294,
        "weight": 69.00319596297294,
        "osm_id": 441881648
      }
    },
    {
      "type": "Feature",
      "geometry": {
        "type": "Point",
        "coordinates": [
          121.45647101666667,
          31.23300915
        ]
      },
      "properties": {
        "attraction_id": "A_21088",
        "kind": "commercial",
        "category": "retail_service",
        "label": "Retail / Service",
        "name": "818广场",
        "area_m2": 2367.4775012508035,
        "weight": 49.593468765635045,
        "osm_id": 442066234
      }
    },
    {
      "type": "Feature",
      "geometry": {
        "type": "Point",
        "coordinates": [
          121.45817134736842,
          31.222528057894735
        ]
      },
      "properties": {
        "attraction_id": "A_21099",
        "kind": "tourism",
        "category": "hotel_tourism",
        "label": "Hotel / Tourism",
        "name": "新锦江大酒店",
        "area_m2": 1505.48807066679,
        "weight": 50.0548807066679,
        "osm_id": 442103687
      }
    },
    {
      "type": "Feature",
      "geometry": {
        "type": "Point",
        "coordinates": [
          121.45627632307693,
          31.222522546153847
        ]
      },
      "properties": {
        "attraction_id": "A_21108",
        "kind": "tourism",
        "category": "hotel_tourism",
        "label": "Hotel / Tourism",
        "name": "华懋公寓",
        "area_m2": 1435.682948190719,
        "weight": 49.35682948190719,
        "osm_id": 442103696
      }
    },
    {
      "type": "Feature",
      "geometry": {
        "type": "Point",
        "coordinates": [
          121.4920318894737,
          31.250928615789473
        ]
      },
      "properties": {
        "attraction_id": "A_21117",
        "kind": "tourism",
        "category": "hotel_tourism",
        "label": "Hotel / Tourism",
        "name": "上海外滩 W 酒店",
        "area_m2": 1115.2442928254604,
        "weight": 46.1524429282546,
        "osm_id": 442978944
      }
    },
    {
      "type": "Feature",
      "geometry": {
        "type": "Point",
        "coordinates": [
          121.42778790833334,
          31.208672383333333
        ]
      },
      "properties": {
        "attraction_id": "A_21156",
        "kind": "tourism",
        "category": "leisure_park",
        "label": "Leisure / Park",
        "name": "华山绿地",
        "area_m2": 36131.71769533306,
        "weight": 81.13171769533307,
        "osm_id": 444342095
      }
    },
    {
      "type": "Feature",
      "geometry": {
        "type": "Point",
        "coordinates": [
          121.41236391666666,
          31.231520533333335
        ]
      },
      "properties": {
        "attraction_id": "A_21157",
        "kind": "tourism",
        "category": "leisure_park",
        "label": "Leisure / Park",
        "name": "",
        "area_m2": 12120.016424261034,
        "weight": 57.12001642426103,
        "osm_id": 444348533
      }
    },
    {
      "type": "Feature",
      "geometry": {
        "type": "Point",
        "coordinates": [
          121.41552533,
          31.228259709999996
        ]
      },
      "properties": {
        "attraction_id": "A_21158",
        "kind": "tourism",
        "category": "leisure_park",
        "label": "Leisure / Park",
        "name": "",
        "area_m2": 13351.123536153696,
        "weight": 58.35112353615369,
        "osm_id": 444348535
      }
    },
    {
      "type": "Feature",
      "geometry": {
        "type": "Point",
        "coordinates": [
          121.47468403461538,
          31.159470026923074
        ]
      },
      "properties": {
        "attraction_id": "A_21503",
        "kind": "tourism",
        "category": "leisure_park",
        "label": "Leisure / Park",
        "name": "室内体育馆",
        "area_m2": 22452.81431882549,
        "weight": 67.45281431882549,
        "osm_id": 447994705
      }
    },
    {
      "type": "Feature",
      "geometry": {
        "type": "Point",
        "coordinates": [
          121.46978645,
          31.158714624999998
        ]
      },
      "properties": {
        "attraction_id": "A_21505",
        "kind": "tourism",
        "category": "leisure_park",
        "label": "Leisure / Park",
        "name": "",
        "area_m2": 1340.8820199770853,
        "weight": 46.34088201997709,
        "osm_id": 447994712
      }
    },
    {
      "type": "Feature",
      "geometry": {
        "type": "Point",
        "coordinates": [
          121.46995005,
          31.15828045
        ]
      },
      "properties": {
        "attraction_id": "A_21506",
        "kind": "tourism",
        "category": "leisure_park",
        "label": "Leisure / Park",
        "name": "",
        "area_m2": 953.576547684148,
        "weight": 45.95357654768415,
        "osm_id": 447994713
      }
    },
    {
      "type": "Feature",
      "geometry": {
        "type": "Point",
        "coordinates": [
          121.47208628000001,
          31.156494079999998
        ]
      },
      "properties": {
        "attraction_id": "A_21508",
        "kind": "tourism",
        "category": "leisure_park",
        "label": "Leisure / Park",
        "name": "",
        "area_m2": 2890.900059950538,
        "weight": 47.89090005995054,
        "osm_id": 447994728
      }
    },
    {
      "type": "Feature",
      "geometry": {
        "type": "Point",
        "coordinates": [
          121.470485175,
          31.156938425
        ]
      },
      "properties": {
        "attraction_id": "A_21509",
        "kind": "tourism",
        "category": "leisure_park",
        "label": "Leisure / Park",
        "name": "",
        "area_m2": 1487.9364423137158,
        "weight": 46.48793644231372,
        "osm_id": 447994729
      }
    },
    {
      "type": "Feature",
      "geometry": {
        "type": "Point",
        "coordinates": [
          121.46856220000001,
          31.1574737
        ]
      },
      "properties": {
        "attraction_id": "A_21510",
        "kind": "tourism",
        "category": "leisure_park",
        "label": "Leisure / Park",
        "name": "",
        "area_m2": 2026.0690008159727,
        "weight": 47.02606900081597,
        "osm_id": 447994731
      }
    },
    {
      "type": "Feature",
      "geometry": {
        "type": "Point",
        "coordinates": [
          121.4695615,
          31.157196550000002
        ]
      },
      "properties": {
        "attraction_id": "A_21511",
        "kind": "tourism",
        "category": "leisure_park",
        "label": "Leisure / Park",
        "name": "",
        "area_m2": 2174.2197617813945,
        "weight": 47.174219761781394,
        "osm_id": 447994732
      }
    },
    {
      "type": "Feature",
      "geometry": {
        "type": "Point",
        "coordinates": [
          121.43962105,
          31.22297085
        ]
      },
      "properties": {
        "attraction_id": "A_21527",
        "kind": "tourism",
        "category": "leisure_park",
        "label": "Leisure / Park",
        "name": "",
        "area_m2": 775.4345669522882,
        "weight": 45.775434566952285,
        "osm_id": 448178921
      }
    },
    {
      "type": "Feature",
      "geometry": {
        "type": "Point",
        "coordinates": [
          121.4503609,
          31.23035068333333
        ]
      },
      "properties": {
        "attraction_id": "A_21572",
        "kind": "commercial",
        "category": "retail_service",
        "label": "Retail / Service",
        "name": "金鹰国际购物广场",
        "area_m2": 4039.554999835789,
        "weight": 70.49443749794736,
        "osm_id": 449038549
      }
    },
    {
      "type": "Feature",
      "geometry": {
        "type": "Point",
        "coordinates": [
          121.44473776666666,
          31.223074883333336
        ]
      },
      "properties": {
        "attraction_id": "A_21587",
        "kind": "tourism",
        "category": "leisure_park",
        "label": "Leisure / Park",
        "name": "",
        "area_m2": 5039.694943018258,
        "weight": 50.03969494301826,
        "osm_id": 449054865
      }
    },
    {
      "type": "Feature",
      "geometry": {
        "type": "Point",
        "coordinates": [
          121.466402225,
          31.2205454
        ]
      },
      "properties": {
        "attraction_id": "A_21588",
        "kind": "tourism",
        "category": "leisure_park",
        "label": "Leisure / Park",
        "name": "玉兰园",
        "area_m2": 4159.360312040895,
        "weight": 49.159360312040896,
        "osm_id": 449056342
      }
    },
    {
      "type": "Feature",
      "geometry": {
        "type": "Point",
        "coordinates": [
          121.50669214999999,
          31.2554679
        ]
      },
      "properties": {
        "attraction_id": "A_21603",
        "kind": "tourism",
        "category": "leisure_park",
        "label": "Leisure / Park",
        "name": "霍山公园",
        "area_m2": 3327.5958205237985,
        "weight": 48.3275958205238,
        "osm_id": 449072575
      }
    },
    {
      "type": "Feature",
      "geometry": {
        "type": "Point",
        "coordinates": [
          121.4291045125,
          31.2158183375
        ]
      },
      "properties": {
        "attraction_id": "A_21609",
        "kind": "tourism",
        "category": "leisure_park",
        "label": "Leisure / Park",
        "name": "",
        "area_m2": 3870.620958663523,
        "weight": 48.87062095866352,
        "osm_id": 450034654
      }
    },
    {
      "type": "Feature",
      "geometry": {
        "type": "Point",
        "coordinates": [
          121.44270983999999,
          31.212093779999996
        ]
      },
      "properties": {
        "attraction_id": "A_21610",
        "kind": "tourism",
        "category": "leisure_park",
        "label": "Leisure / Park",
        "name": "",
        "area_m2": 2222.4755036961287,
        "weight": 47.22247550369613,
        "osm_id": 450077768
      }
    },
    {
      "type": "Feature",
      "geometry": {
        "type": "Point",
        "coordinates": [
          121.46734342881356,
          31.15852339661017
        ]
      },
      "properties": {
        "attraction_id": "A_21614",
        "kind": "tourism",
        "category": "leisure_park",
        "label": "Leisure / Park",
        "name": "前滩公园",
        "area_m2": 112021.24510603398,
        "weight": 157.02124510603397,
        "osm_id": 450545076
      }
    },
    {
      "type": "Feature",
      "geometry": {
        "type": "Point",
        "coordinates": [
          121.46144287252747,
          31.15266555054945
        ]
      },
      "properties": {
        "attraction_id": "A_21615",
        "kind": "tourism",
        "category": "leisure_park",
        "label": "Leisure / Park",
        "name": "前滩休闲公园",
        "area_m2": 256174.31982130697,
        "weight": 301.174319821307,
        "osm_id": 450546969
      }
    },
    {
      "type": "Feature",
      "geometry": {
        "type": "Point",
        "coordinates": [
          121.4158367875,
          31.2118615
        ]
      },
      "properties": {
        "attraction_id": "A_21651",
        "kind": "tourism",
        "category": "leisure_park",
        "label": "Leisure / Park",
        "name": "种德路桥公园",
        "area_m2": 4980.67432587035,
        "weight": 49.98067432587035,
        "osm_id": 455740828
      }
    },
    {
      "type": "Feature",
      "geometry": {
        "type": "Point",
        "coordinates": [
          121.42652879999999,
          31.231395016666667
        ]
      },
      "properties": {
        "attraction_id": "A_21655",
        "kind": "tourism",
        "category": "leisure_park",
        "label": "Leisure / Park",
        "name": "",
        "area_m2": 3137.218917120248,
        "weight": 48.13721891712025,
        "osm_id": 456954668
      }
    },
    {
      "type": "Feature",
      "geometry": {
        "type": "Point",
        "coordinates": [
          121.5139711,
          31.2540964
        ]
      },
      "properties": {
        "attraction_id": "A_21656",
        "kind": "tourism",
        "category": "hotel_tourism",
        "label": "Hotel / Tourism",
        "name": "玥明酒店公寓",
        "area_m2": 101.80782267451286,
        "weight": 36.01807822674513,
        "osm_id": 457036355
      }
    },
    {
      "type": "Feature",
      "geometry": {
        "type": "Point",
        "coordinates": [
          121.52825619000001,
          31.213212979999998
        ]
      },
      "properties": {
        "attraction_id": "A_21660",
        "kind": "tourism",
        "category": "hotel_tourism",
        "label": "Hotel / Tourism",
        "name": "布丁酒店",
        "area_m2": 722.0993646606803,
        "weight": 42.2209936466068,
        "osm_id": 457036364
      }
    },
    {
      "type": "Feature",
      "geometry": {
        "type": "Point",
        "coordinates": [
          121.509594325,
          31.189654775
        ]
      },
      "properties": {
        "attraction_id": "A_21664",
        "kind": "tourism",
        "category": "leisure_park",
        "label": "Leisure / Park",
        "name": "",
        "area_m2": 9322.280362851918,
        "weight": 54.32228036285192,
        "osm_id": 460823799
      }
    },
    {
      "type": "Feature",
      "geometry": {
        "type": "Point",
        "coordinates": [
          121.501573975,
          31.183689725
        ]
      },
      "properties": {
        "attraction_id": "A_21667",
        "kind": "tourism",
        "category": "leisure_park",
        "label": "Leisure / Park",
        "name": "",
        "area_m2": 9909.22667406872,
        "weight": 54.90922667406872,
        "osm_id": 461438562
      }
    },
    {
      "type": "Feature",
      "geometry": {
        "type": "Point",
        "coordinates": [
          121.50476687692307,
          31.18386240769231
        ]
      },
      "properties": {
        "attraction_id": "A_21669",
        "kind": "tourism",
        "category": "leisure_park",
        "label": "Leisure / Park",
        "name": "操场",
        "area_m2": 15087.647507280111,
        "weight": 60.08764750728011,
        "osm_id": 461438576
      }
    },
    {
      "type": "Feature",
      "geometry": {
        "type": "Point",
        "coordinates": [
          121.50368918333334,
          31.184420650000003
        ]
      },
      "properties": {
        "attraction_id": "A_21670",
        "kind": "tourism",
        "category": "leisure_park",
        "label": "Leisure / Park",
        "name": "体育中心",
        "area_m2": 3479.960527982563,
        "weight": 48.47996052798256,
        "osm_id": 461438577
      }
    },
    {
      "type": "Feature",
      "geometry": {
        "type": "Point",
        "coordinates": [
          121.50516235,
          31.185781900000002
        ]
      },
      "properties": {
        "attraction_id": "A_21671",
        "kind": "tourism",
        "category": "leisure_park",
        "label": "Leisure / Park",
        "name": "网球场",
        "area_m2": 1031.9149762019515,
        "weight": 46.03191497620195,
        "osm_id": 461438578
      }
    },
    {
      "type": "Feature",
      "geometry": {
        "type": "Point",
        "coordinates": [
          121.5041904,
          31.186653575
        ]
      },
      "properties": {
        "attraction_id": "A_21682",
        "kind": "tourism",
        "category": "hotel_tourism",
        "label": "Hotel / Tourism",
        "name": "如家",
        "area_m2": 1007.8146821856499,
        "weight": 45.0781468218565,
        "osm_id": 461441912
      }
    },
    {
      "type": "Feature",
      "geometry": {
        "type": "Point",
        "coordinates": [
          121.4324742,
          31.202399525
        ]
      },
      "properties": {
        "attraction_id": "A_21684",
        "kind": "tourism",
        "category": "leisure_park",
        "label": "Leisure / Park",
        "name": "",
        "area_m2": 2337.5624862909317,
        "weight": 47.337562486290935,
        "osm_id": 461466391
      }
    },
    {
      "type": "Feature",
      "geometry": {
        "type": "Point",
        "coordinates": [
          121.4323646375,
          31.20247230625
        ]
      },
      "properties": {
        "attraction_id": "A_21685",
        "kind": "tourism",
        "category": "leisure_park",
        "label": "Leisure / Park",
        "name": "",
        "area_m2": 3755.2004221379757,
        "weight": 48.755200422137975,
        "osm_id": 461466392
      }
    },
    {
      "type": "Feature",
      "geometry": {
        "type": "Point",
        "coordinates": [
          121.50454973999999,
          31.18596568
        ]
      },
      "properties": {
        "attraction_id": "A_21687",
        "kind": "tourism",
        "category": "leisure_park",
        "label": "Leisure / Park",
        "name": "雨花园",
        "area_m2": 896.234172873199,
        "weight": 45.8962341728732,
        "osm_id": 461479189
      }
    },
    {
      "type": "Feature",
      "geometry": {
        "type": "Point",
        "coordinates": [
          121.505064525,
          31.1849024
        ]
      },
      "properties": {
        "attraction_id": "A_21688",
        "kind": "tourism",
        "category": "leisure_park",
        "label": "Leisure / Park",
        "name": "",
        "area_m2": 2643.4813380651176,
        "weight": 47.643481338065115,
        "osm_id": 461479190
      }
    },
    {
      "type": "Feature",
      "geometry": {
        "type": "Point",
        "coordinates": [
          121.55022021818182,
          31.195949781818182
        ]
      },
      "properties": {
        "attraction_id": "A_21689",
        "kind": "tourism",
        "category": "leisure_park",
        "label": "Leisure / Park",
        "name": "培花公园",
        "area_m2": 13501.33998388797,
        "weight": 58.50133998388797,
        "osm_id": 461616338
      }
    },
    {
      "type": "Feature",
      "geometry": {
        "type": "Point",
        "coordinates": [
          121.55254905,
          31.19346105
        ]
      },
      "properties": {
        "attraction_id": "A_21717",
        "kind": "tourism",
        "category": "leisure_park",
        "label": "Leisure / Park",
        "name": "",
        "area_m2": 548.4241534620523,
        "weight": 45.54842415346205,
        "osm_id": 461861071
      }
    },
    {
      "type": "Feature",
      "geometry": {
        "type": "Point",
        "coordinates": [
          121.55845916666665,
          31.194173744444445
        ]
      },
      "properties": {
        "attraction_id": "A_21744",
        "kind": "tourism",
        "category": "leisure_park",
        "label": "Leisure / Park",
        "name": "",
        "area_m2": 3009.338895916939,
        "weight": 48.00933889591694,
        "osm_id": 461867100
      }
    },
    {
      "type": "Feature",
      "geometry": {
        "type": "Point",
        "coordinates": [
          121.558750976,
          31.195118152
        ]
      },
      "properties": {
        "attraction_id": "A_21748",
        "kind": "tourism",
        "category": "leisure_park",
        "label": "Leisure / Park",
        "name": "",
        "area_m2": 5129.408832408488,
        "weight": 50.12940883240849,
        "osm_id": 461867107
      }
    },
    {
      "type": "Feature",
      "geometry": {
        "type": "Point",
        "coordinates": [
          121.55882058333333,
          31.195679216666665
        ]
      },
      "properties": {
        "attraction_id": "A_21750",
        "kind": "tourism",
        "category": "leisure_park",
        "label": "Leisure / Park",
        "name": "篮球场",
        "area_m2": 1232.3368089348078,
        "weight": 46.23233680893481,
        "osm_id": 461867109
      }
    },
    {
      "type": "Feature",
      "geometry": {
        "type": "Point",
        "coordinates": [
          121.55912083999999,
          31.1960159
        ]
      },
      "properties": {
        "attraction_id": "A_21752",
        "kind": "tourism",
        "category": "leisure_park",
        "label": "Leisure / Park",
        "name": "",
        "area_m2": 790.9135615602136,
        "weight": 45.79091356156022,
        "osm_id": 461867118
      }
    },
    {
      "type": "Feature",
      "geometry": {
        "type": "Point",
        "coordinates": [
          121.55895195,
          31.19543585
        ]
      },
      "properties": {
        "attraction_id": "A_21753",
        "kind": "tourism",
        "category": "leisure_park",
        "label": "Leisure / Park",
        "name": "",
        "area_m2": 218.78776827454567,
        "weight": 45.218787768274545,
        "osm_id": 461867122
      }
    },
    {
      "type": "Feature",
      "geometry": {
        "type": "Point",
        "coordinates": [
          121.54988825,
          31.20604836111111
        ]
      },
      "properties": {
        "attraction_id": "A_21758",
        "kind": "tourism",
        "category": "leisure_park",
        "label": "Leisure / Park",
        "name": "",
        "area_m2": 22933.556506037712,
        "weight": 67.93355650603772,
        "osm_id": 461873788
      }
    },
    {
      "type": "Feature",
      "geometry": {
        "type": "Point",
        "coordinates": [
          121.55169331818182,
          31.20858946363636
        ]
      },
      "properties": {
        "attraction_id": "A_21760",
        "kind": "tourism",
        "category": "leisure_park",
        "label": "Leisure / Park",
        "name": "",
        "area_m2": 5881.539098106325,
        "weight": 50.88153909810632,
        "osm_id": 461873790
      }
    },
    {
      "type": "Feature",
      "geometry": {
        "type": "Point",
        "coordinates": [
          121.55216817499999,
          31.208465275000002
        ]
      },
      "properties": {
        "attraction_id": "A_21761",
        "kind": "tourism",
        "category": "leisure_park",
        "label": "Leisure / Park",
        "name": "",
        "area_m2": 1710.3233084976673,
        "weight": 46.710323308497664,
        "osm_id": 461873791
      }
    },
    {
      "type": "Feature",
      "geometry": {
        "type": "Point",
        "coordinates": [
          121.54198470000001,
          31.21228953
        ]
      },
      "properties": {
        "attraction_id": "A_21764",
        "kind": "tourism",
        "category": "leisure_park",
        "label": "Leisure / Park",
        "name": "",
        "area_m2": 6053.244141533971,
        "weight": 51.05324414153397,
        "osm_id": 461873794
      }
    },
    {
      "type": "Feature",
      "geometry": {
        "type": "Point",
        "coordinates": [
          121.542147325,
          31.21177395
        ]
      },
      "properties": {
        "attraction_id": "A_21765",
        "kind": "tourism",
        "category": "leisure_park",
        "label": "Leisure / Park",
        "name": "",
        "area_m2": 1597.0176131129265,
        "weight": 46.597017613112925,
        "osm_id": 461873795
      }
    },
    {
      "type": "Feature",
      "geometry": {
        "type": "Point",
        "coordinates": [
          121.5414811,
          31.2121851
        ]
      },
      "properties": {
        "attraction_id": "A_21767",
        "kind": "tourism",
        "category": "leisure_park",
        "label": "Leisure / Park",
        "name": "",
        "area_m2": 697.7244069725275,
        "weight": 45.697724406972526,
        "osm_id": 461873801
      }
    },
    {
      "type": "Feature",
      "geometry": {
        "type": "Point",
        "coordinates": [
          121.50471588571429,
          31.184042652380953
        ]
      },
      "properties": {
        "attraction_id": "A_21793",
        "kind": "tourism",
        "category": "leisure_park",
        "label": "Leisure / Park",
        "name": "400m",
        "area_m2": 12215.517036631703,
        "weight": 57.2155170366317,
        "osm_id": 473197714
      }
    },
    {
      "type": "Feature",
      "geometry": {
        "type": "Point",
        "coordinates": [
          121.502568825,
          31.18370285
        ]
      },
      "properties": {
        "attraction_id": "A_21794",
        "kind": "tourism",
        "category": "leisure_park",
        "label": "Leisure / Park",
        "name": "",
        "area_m2": 6910.5856582298875,
        "weight": 51.91058565822989,
        "osm_id": 473198406
      }
    },
    {
      "type": "Feature",
      "geometry": {
        "type": "Point",
        "coordinates": [
          121.50287335,
          31.182836125
        ]
      },
      "properties": {
        "attraction_id": "A_21795",
        "kind": "tourism",
        "category": "leisure_park",
        "label": "Leisure / Park",
        "name": "",
        "area_m2": 2142.6705011203885,
        "weight": 47.14267050112039,
        "osm_id": 473198407
      }
    },
    {
      "type": "Feature",
      "geometry": {
        "type": "Point",
        "coordinates": [
          121.50239115,
          31.18424385
        ]
      },
      "properties": {
        "attraction_id": "A_21796",
        "kind": "tourism",
        "category": "leisure_park",
        "label": "Leisure / Park",
        "name": "",
        "area_m2": 1434.1521158665419,
        "weight": 46.43415211586654,
        "osm_id": 473198408
      }
    },
    {
      "type": "Feature",
      "geometry": {
        "type": "Point",
        "coordinates": [
          121.50274145,
          31.183176025
        ]
      },
      "properties": {
        "attraction_id": "A_21797",
        "kind": "tourism",
        "category": "leisure_park",
        "label": "Leisure / Park",
        "name": "",
        "area_m2": 1212.5486118420959,
        "weight": 46.212548611842095,
        "osm_id": 473198409
      }
    },
    {
      "type": "Feature",
      "geometry": {
        "type": "Point",
        "coordinates": [
          121.50264855555555,
          31.183385655555558
        ]
      },
      "properties": {
        "attraction_id": "A_21798",
        "kind": "tourism",
        "category": "leisure_park",
        "label": "Leisure / Park",
        "name": "",
        "area_m2": 15366.547284342349,
        "weight": 60.366547284342346,
        "osm_id": 473198411
      }
    },
    {
      "type": "Feature",
      "geometry": {
        "type": "Point",
        "coordinates": [
          121.5047382,
          31.1838386
        ]
      },
      "properties": {
        "attraction_id": "A_21805",
        "kind": "tourism",
        "category": "leisure_park",
        "label": "Leisure / Park",
        "name": "",
        "area_m2": 7591.101516421884,
        "weight": 52.59110151642189,
        "osm_id": 473376151
      }
    },
    {
      "type": "Feature",
      "geometry": {
        "type": "Point",
        "coordinates": [
          121.50982933333333,
          31.183360844444444
        ]
      },
      "properties": {
        "attraction_id": "A_21808",
        "kind": "tourism",
        "category": "leisure_park",
        "label": "Leisure / Park",
        "name": "",
        "area_m2": 3134.6596357896924,
        "weight": 48.134659635789696,
        "osm_id": 473380645
      }
    },
    {
      "type": "Feature",
      "geometry": {
        "type": "Point",
        "coordinates": [
          121.50979642,
          31.18336741
        ]
      },
      "properties": {
        "attraction_id": "A_21809",
        "kind": "tourism",
        "category": "leisure_park",
        "label": "Leisure / Park",
        "name": "200m",
        "area_m2": 2383.859428010881,
        "weight": 47.38385942801088,
        "osm_id": 473380646
      }
    },
    {
      "type": "Feature",
      "geometry": {
        "type": "Point",
        "coordinates": [
          121.509518075,
          31.183132025
        ]
      },
      "properties": {
        "attraction_id": "A_21810",
        "kind": "tourism",
        "category": "leisure_park",
        "label": "Leisure / Park",
        "name": "",
        "area_m2": 275.69359697028995,
        "weight": 45.27569359697029,
        "osm_id": 473380647
      }
    },
    {
      "type": "Feature",
      "geometry": {
        "type": "Point",
        "coordinates": [
          121.44161403000001,
          31.245087610000002
        ]
      },
      "properties": {
        "attraction_id": "A_21816",
        "kind": "tourism",
        "category": "hotel_tourism",
        "label": "Hotel / Tourism",
        "name": "",
        "area_m2": 874.2848223932087,
        "weight": 43.742848223932086,
        "osm_id": 474620042
      }
    },
    {
      "type": "Feature",
      "geometry": {
        "type": "Point",
        "coordinates": [
          121.5112265,
          31.183819415384615
        ]
      },
      "properties": {
        "attraction_id": "A_21841",
        "kind": "tourism",
        "category": "leisure_park",
        "label": "Leisure / Park",
        "name": "",
        "area_m2": 3069.546055484563,
        "weight": 48.069546055484565,
        "osm_id": 476242315
      }
    },
    {
      "type": "Feature",
      "geometry": {
        "type": "Point",
        "coordinates": [
          121.49546190000001,
          31.174685500000002
        ]
      },
      "properties": {
        "attraction_id": "A_21846",
        "kind": "tourism",
        "category": "leisure_park",
        "label": "Leisure / Park",
        "name": "",
        "area_m2": 457.67234202846885,
        "weight": 45.45767234202847,
        "osm_id": 476243183
      }
    },
    {
      "type": "Feature",
      "geometry": {
        "type": "Point",
        "coordinates": [
          121.49509778,
          31.174211895000003
        ]
      },
      "properties": {
        "attraction_id": "A_21847",
        "kind": "tourism",
        "category": "leisure_park",
        "label": "Leisure / Park",
        "name": "",
        "area_m2": 4764.975851703435,
        "weight": 49.76497585170343,
        "osm_id": 476243184
      }
    },
    {
      "type": "Feature",
      "geometry": {
        "type": "Point",
        "coordinates": [
          121.4471929,
          31.2107618
        ]
      },
      "properties": {
        "attraction_id": "A_21851",
        "kind": "tourism",
        "category": "leisure_park",
        "label": "Leisure / Park",
        "name": "",
        "area_m2": 1159.8513089716434,
        "weight": 46.159851308971646,
        "osm_id": 477138725
      }
    },
    {
      "type": "Feature",
      "geometry": {
        "type": "Point",
        "coordinates": [
          121.443321125,
          31.2108004
        ]
      },
      "properties": {
        "attraction_id": "A_21852",
        "kind": "tourism",
        "category": "leisure_park",
        "label": "Leisure / Park",
        "name": "",
        "area_m2": 1218.71862183325,
        "weight": 46.21871862183325,
        "osm_id": 477138726
      }
    },
    {
      "type": "Feature",
      "geometry": {
        "type": "Point",
        "coordinates": [
          121.41316561818184,
          31.22596043636364
        ]
      },
      "properties": {
        "attraction_id": "A_21853",
        "kind": "tourism",
        "category": "leisure_park",
        "label": "Leisure / Park",
        "name": "",
        "area_m2": 12972.042919404805,
        "weight": 57.97204291940481,
        "osm_id": 477227504
      }
    },
    {
      "type": "Feature",
      "geometry": {
        "type": "Point",
        "coordinates": [
          121.4133061,
          31.2274487
        ]
      },
      "properties": {
        "attraction_id": "A_21856",
        "kind": "tourism",
        "category": "leisure_park",
        "label": "Leisure / Park",
        "name": "",
        "area_m2": 421.25960480608046,
        "weight": 45.42125960480608,
        "osm_id": 477227516
      }
    },
    {
      "type": "Feature",
      "geometry": {
        "type": "Point",
        "coordinates": [
          121.44479831923076,
          31.250052607692307
        ]
      },
      "properties": {
        "attraction_id": "A_21857",
        "kind": "tourism",
        "category": "hotel_tourism",
        "label": "Hotel / Tourism",
        "name": "M50",
        "area_m2": 28890.294900141656,
        "weight": 323.9029490014166,
        "osm_id": 477237906
      }
    },
    {
      "type": "Feature",
      "geometry": {
        "type": "Point",
        "coordinates": [
          121.533145475,
          31.2553965
        ]
      },
      "properties": {
        "attraction_id": "A_21907",
        "kind": "tourism",
        "category": "hotel_tourism",
        "label": "Hotel / Tourism",
        "name": "杨浦滨江人民城市建设规划展示馆",
        "area_m2": 764.4137109667063,
        "weight": 42.644137109667064,
        "osm_id": 481557069
      }
    },
    {
      "type": "Feature",
      "geometry": {
        "type": "Point",
        "coordinates": [
          121.418392675,
          31.203530575
        ]
      },
      "properties": {
        "attraction_id": "A_21934",
        "kind": "tourism",
        "category": "leisure_park",
        "label": "Leisure / Park",
        "name": "",
        "area_m2": 4188.526909616776,
        "weight": 49.188526909616776,
        "osm_id": 482221858
      }
    },
    {
      "type": "Feature",
      "geometry": {
        "type": "Point",
        "coordinates": [
          121.447059675,
          31.2290667
        ]
      },
      "properties": {
        "attraction_id": "A_21946",
        "kind": "tourism",
        "category": "hotel_tourism",
        "label": "Hotel / Tourism",
        "name": "上海波特曼丽思卡尔顿酒店",
        "area_m2": 1054.5775889009237,
        "weight": 45.545775889009235,
        "osm_id": 483358316
      }
    },
    {
      "type": "Feature",
      "geometry": {
        "type": "Point",
        "coordinates": [
          121.4415498,
          31.218526725
        ]
      },
      "properties": {
        "attraction_id": "A_21964",
        "kind": "tourism",
        "category": "leisure_park",
        "label": "Leisure / Park",
        "name": "",
        "area_m2": 1288.230450551957,
        "weight": 46.28823045055196,
        "osm_id": 488860899
      }
    },
    {
      "type": "Feature",
      "geometry": {
        "type": "Point",
        "coordinates": [
          121.41813405,
          31.221135875
        ]
      },
      "properties": {
        "attraction_id": "A_21967",
        "kind": "tourism",
        "category": "leisure_park",
        "label": "Leisure / Park",
        "name": "",
        "area_m2": 873.1500129280612,
        "weight": 45.873150012928065,
        "osm_id": 488958252
      }
    },
    {
      "type": "Feature",
      "geometry": {
        "type": "Point",
        "coordinates": [
          121.48548878888889,
          31.24633712222222
        ]
      },
      "properties": {
        "attraction_id": "A_21969",
        "kind": "tourism",
        "category": "hotel_tourism",
        "label": "Hotel / Tourism",
        "name": "上海大厦",
        "area_m2": 2074.6461922600865,
        "weight": 55.746461922600865,
        "osm_id": 488961017
      }
    },
    {
      "type": "Feature",
      "geometry": {
        "type": "Point",
        "coordinates": [
          121.4227232375,
          31.2210949625
        ]
      },
      "properties": {
        "attraction_id": "A_21970",
        "kind": "tourism",
        "category": "leisure_park",
        "label": "Leisure / Park",
        "name": "",
        "area_m2": 3081.6732494197786,
        "weight": 48.08167324941978,
        "osm_id": 488962063
      }
    },
    {
      "type": "Feature",
      "geometry": {
        "type": "Point",
        "coordinates": [
          121.45059905,
          31.2142799125
        ]
      },
      "properties": {
        "attraction_id": "A_21972",
        "kind": "tourism",
        "category": "leisure_park",
        "label": "Leisure / Park",
        "name": "",
        "area_m2": 9254.659707780927,
        "weight": 54.25465970778093,
        "osm_id": 488967847
      }
    },
    {
      "type": "Feature",
      "geometry": {
        "type": "Point",
        "coordinates": [
          121.45835522666667,
          31.16989164
        ]
      },
      "properties": {
        "attraction_id": "A_21977",
        "kind": "tourism",
        "category": "hotel_tourism",
        "label": "Hotel / Tourism",
        "name": "Shanghai Center of Photography",
        "area_m2": 543.1085003018379,
        "weight": 40.43108500301838,
        "osm_id": 488984509
      }
    },
    {
      "type": "Feature",
      "geometry": {
        "type": "Point",
        "coordinates": [
          121.407846425,
          31.2476707
        ]
      },
      "properties": {
        "attraction_id": "A_21980",
        "kind": "tourism",
        "category": "hotel_tourism",
        "label": "Hotel / Tourism",
        "name": "江苏饭店",
        "area_m2": 720.7512027975172,
        "weight": 42.20751202797517,
        "osm_id": 489287513
      }
    },
    {
      "type": "Feature",
      "geometry": {
        "type": "Point",
        "coordinates": [
          121.404701225,
          31.24772755
        ]
      },
      "properties": {
        "attraction_id": "A_21981",
        "kind": "tourism",
        "category": "hotel_tourism",
        "label": "Hotel / Tourism",
        "name": "北海饭店",
        "area_m2": 731.0968989850953,
        "weight": 42.310968989850956,
        "osm_id": 489287515
      }
    },
    {
      "type": "Feature",
      "geometry": {
        "type": "Point",
        "coordinates": [
          121.404382475,
          31.248416075
        ]
      },
      "properties": {
        "attraction_id": "A_21982",
        "kind": "tourism",
        "category": "hotel_tourism",
        "label": "Hotel / Tourism",
        "name": "",
        "area_m2": 1697.9335554251447,
        "weight": 51.97933555425145,
        "osm_id": 489287516
      }
    },
    {
      "type": "Feature",
      "geometry": {
        "type": "Point",
        "coordinates": [
          121.40004925,
          31.2426796875
        ]
      },
      "properties": {
        "attraction_id": "A_21984",
        "kind": "tourism",
        "category": "leisure_park",
        "label": "Leisure / Park",
        "name": "兰溪青年公园",
        "area_m2": 13429.905878673424,
        "weight": 58.429905878673424,
        "osm_id": 489341227
      }
    },
    {
      "type": "Feature",
      "geometry": {
        "type": "Point",
        "coordinates": [
          121.41603846153846,
          31.257593
        ]
      },
      "properties": {
        "attraction_id": "A_21986",
        "kind": "tourism",
        "category": "hotel_tourism",
        "label": "Hotel / Tourism",
        "name": "明捷万丽酒店",
        "area_m2": 3951.3591542150825,
        "weight": 74.51359154215083,
        "osm_id": 489758242
      }
    },
    {
      "type": "Feature",
      "geometry": {
        "type": "Point",
        "coordinates": [
          121.44993375,
          31.21217821666667
        ]
      },
      "properties": {
        "attraction_id": "A_22006",
        "kind": "tourism",
        "category": "hotel_tourism",
        "label": "Hotel / Tourism",
        "name": "上海工艺美术博物馆",
        "area_m2": 453.959778919816,
        "weight": 39.53959778919816,
        "osm_id": 490345952
      }
    },
    {
      "type": "Feature",
      "geometry": {
        "type": "Point",
        "coordinates": [
          121.47924885555555,
          31.238631077777782
        ]
      },
      "properties": {
        "attraction_id": "A_22070",
        "kind": "commercial",
        "category": "retail_service",
        "label": "Retail / Service",
        "name": "353广场",
        "area_m2": 6220.803917579353,
        "weight": 97.76004896974192,
        "osm_id": 494086374
      }
    },
    {
      "type": "Feature",
      "geometry": {
        "type": "Point",
        "coordinates": [
          121.48348217777779,
          31.219922922222224
        ]
      },
      "properties": {
        "attraction_id": "A_22095",
        "kind": "tourism",
        "category": "hotel_tourism",
        "label": "Hotel / Tourism",
        "name": "文庙上海文庙",
        "area_m2": 14343.876771211624,
        "weight": 178.43876771211623,
        "osm_id": 494565149
      }
    },
    {
      "type": "Feature",
      "geometry": {
        "type": "Point",
        "coordinates": [
          121.42539448,
          31.2098774
        ]
      },
      "properties": {
        "attraction_id": "A_22096",
        "kind": "tourism",
        "category": "hotel_tourism",
        "label": "Hotel / Tourism",
        "name": "邬达克纪念馆",
        "area_m2": 711.1452931147069,
        "weight": 42.11145293114707,
        "osm_id": 494633921
      }
    },
    {
      "type": "Feature",
      "geometry": {
        "type": "Point",
        "coordinates": [
          121.41483474444443,
          31.213237483333337
        ]
      },
      "properties": {
        "attraction_id": "A_22121",
        "kind": "tourism",
        "category": "leisure_park",
        "label": "Leisure / Park",
        "name": "",
        "area_m2": 3279.692631037906,
        "weight": 48.2796926310379,
        "osm_id": 494961286
      }
    },
    {
      "type": "Feature",
      "geometry": {
        "type": "Point",
        "coordinates": [
          121.47177865454546,
          31.23542688181818
        ]
      },
      "properties": {
        "attraction_id": "A_22132",
        "kind": "tourism",
        "category": "hotel_tourism",
        "label": "Hotel / Tourism",
        "name": "扬子饭店",
        "area_m2": 1973.6152059435844,
        "weight": 54.736152059435845,
        "osm_id": 495108905
      }
    },
    {
      "type": "Feature",
      "geometry": {
        "type": "Point",
        "coordinates": [
          121.43524152500001,
          31.24741415
        ]
      },
      "properties": {
        "attraction_id": "A_22156",
        "kind": "tourism",
        "category": "hotel_tourism",
        "label": "Hotel / Tourism",
        "name": "",
        "area_m2": 660.341005872935,
        "weight": 41.60341005872935,
        "osm_id": 495703872
      }
    },
    {
      "type": "Feature",
      "geometry": {
        "type": "Point",
        "coordinates": [
          121.4059824,
          31.197473889999998
        ]
      },
      "properties": {
        "attraction_id": "A_22183",
        "kind": "tourism",
        "category": "leisure_park",
        "label": "Leisure / Park",
        "name": "宋庆龄陵园",
        "area_m2": 39598.17686963617,
        "weight": 84.59817686963618,
        "osm_id": 496384738
      }
    },
    {
      "type": "Feature",
      "geometry": {
        "type": "Point",
        "coordinates": [
          121.40497347499999,
          31.20034705
        ]
      },
      "properties": {
        "attraction_id": "A_22193",
        "kind": "tourism",
        "category": "leisure_park",
        "label": "Leisure / Park",
        "name": "",
        "area_m2": 2141.5335339223966,
        "weight": 47.1415335339224,
        "osm_id": 497030048
      }
    },
    {
      "type": "Feature",
      "geometry": {
        "type": "Point",
        "coordinates": [
          121.4730183,
          31.224922087499998
        ]
      },
      "properties": {
        "attraction_id": "A_22217",
        "kind": "tourism",
        "category": "leisure_park",
        "label": "Leisure / Park",
        "name": "淮海公园",
        "area_m2": 23928.444738544524,
        "weight": 68.92844473854453,
        "osm_id": 499566575
      }
    },
    {
      "type": "Feature",
      "geometry": {
        "type": "Point",
        "coordinates": [
          121.50478242424242,
          31.232415918181818
        ]
      },
      "properties": {
        "attraction_id": "A_22238",
        "kind": "tourism",
        "category": "leisure_park",
        "label": "Leisure / Park",
        "name": "",
        "area_m2": 1034.1980151981115,
        "weight": 46.034198015198115,
        "osm_id": 503001836
      }
    },
    {
      "type": "Feature",
      "geometry": {
        "type": "Point",
        "coordinates": [
          121.48578448333335,
          31.219968233333333
        ]
      },
      "properties": {
        "attraction_id": "A_22606",
        "kind": "tourism",
        "category": "leisure_park",
        "label": "Leisure / Park",
        "name": "",
        "area_m2": 1133.4278210550547,
        "weight": 46.13342782105506,
        "osm_id": 505659388
      }
    },
    {
      "type": "Feature",
      "geometry": {
        "type": "Point",
        "coordinates": [
          121.47024017058824,
          31.150817
        ]
      },
      "properties": {
        "attraction_id": "A_22718",
        "kind": "tourism",
        "category": "leisure_park",
        "label": "Leisure / Park",
        "name": "",
        "area_m2": 3289.2526494292542,
        "weight": 48.28925264942925,
        "osm_id": 511241784
      }
    },
    {
      "type": "Feature",
      "geometry": {
        "type": "Point",
        "coordinates": [
          121.47125565625001,
          31.15098329375
        ]
      },
      "properties": {
        "attraction_id": "A_22719",
        "kind": "tourism",
        "category": "leisure_park",
        "label": "Leisure / Park",
        "name": "",
        "area_m2": 1308.9324210858904,
        "weight": 46.30893242108589,
        "osm_id": 511241786
      }
    },
    {
      "type": "Feature",
      "geometry": {
        "type": "Point",
        "coordinates": [
          121.47145630263158,
          31.149924413157894
        ]
      },
      "properties": {
        "attraction_id": "A_22720",
        "kind": "tourism",
        "category": "leisure_park",
        "label": "Leisure / Park",
        "name": "",
        "area_m2": 3979.0313377804123,
        "weight": 48.97903133778041,
        "osm_id": 511241795
      }
    },
    {
      "type": "Feature",
      "geometry": {
        "type": "Point",
        "coordinates": [
          121.472347875,
          31.149897160714286
        ]
      },
      "properties": {
        "attraction_id": "A_22721",
        "kind": "tourism",
        "category": "leisure_park",
        "label": "Leisure / Park",
        "name": "",
        "area_m2": 12880.87482348131,
        "weight": 57.88087482348131,
        "osm_id": 511241798
      }
    },
    {
      "type": "Feature",
      "geometry": {
        "type": "Point",
        "coordinates": [
          121.46776667500001,
          31.153306825
        ]
      },
      "properties": {
        "attraction_id": "A_22727",
        "kind": "tourism",
        "category": "leisure_park",
        "label": "Leisure / Park",
        "name": "",
        "area_m2": 7049.085249835625,
        "weight": 52.04908524983563,
        "osm_id": 511379569
      }
    },
    {
      "type": "Feature",
      "geometry": {
        "type": "Point",
        "coordinates": [
          121.469046775,
          31.1527734
        ]
      },
      "properties": {
        "attraction_id": "A_22728",
        "kind": "tourism",
        "category": "leisure_park",
        "label": "Leisure / Park",
        "name": "",
        "area_m2": 785.0245304489508,
        "weight": 45.78502453044895,
        "osm_id": 511379570
      }
    },
    {
      "type": "Feature",
      "geometry": {
        "type": "Point",
        "coordinates": [
          121.46884525,
          31.152828225
        ]
      },
      "properties": {
        "attraction_id": "A_22729",
        "kind": "tourism",
        "category": "leisure_park",
        "label": "Leisure / Park",
        "name": "",
        "area_m2": 778.4894952448085,
        "weight": 45.778489495244806,
        "osm_id": 511379571
      }
    },
    {
      "type": "Feature",
      "geometry": {
        "type": "Point",
        "coordinates": [
          121.46864675,
          31.152885325
        ]
      },
      "properties": {
        "attraction_id": "A_22730",
        "kind": "tourism",
        "category": "leisure_park",
        "label": "Leisure / Park",
        "name": "",
        "area_m2": 769.0516255814582,
        "weight": 45.76905162558146,
        "osm_id": 511379572
      }
    },
    {
      "type": "Feature",
      "geometry": {
        "type": "Point",
        "coordinates": [
          121.4684503,
          31.152942125
        ]
      },
      "properties": {
        "attraction_id": "A_22731",
        "kind": "tourism",
        "category": "leisure_park",
        "label": "Leisure / Park",
        "name": "",
        "area_m2": 762.6793149886653,
        "weight": 45.76267931498867,
        "osm_id": 511379573
      }
    },
    {
      "type": "Feature",
      "geometry": {
        "type": "Point",
        "coordinates": [
          121.4580256,
          31.14886155
        ]
      },
      "properties": {
        "attraction_id": "A_22732",
        "kind": "tourism",
        "category": "leisure_park",
        "label": "Leisure / Park",
        "name": "",
        "area_m2": 812.6160884797573,
        "weight": 45.81261608847976,
        "osm_id": 511379574
      }
    },
    {
      "type": "Feature",
      "geometry": {
        "type": "Point",
        "coordinates": [
          121.45844232500001,
          31.14886395
        ]
      },
      "properties": {
        "attraction_id": "A_22733",
        "kind": "tourism",
        "category": "leisure_park",
        "label": "Leisure / Park",
        "name": "",
        "area_m2": 710.6681184456684,
        "weight": 45.71066811844567,
        "osm_id": 511379575
      }
    },
    {
      "type": "Feature",
      "geometry": {
        "type": "Point",
        "coordinates": [
          121.45823372,
          31.148916559999996
        ]
      },
      "properties": {
        "attraction_id": "A_22734",
        "kind": "tourism",
        "category": "leisure_park",
        "label": "Leisure / Park",
        "name": "",
        "area_m2": 696.7510591032915,
        "weight": 45.69675105910329,
        "osm_id": 511379576
      }
    },
    {
      "type": "Feature",
      "geometry": {
        "type": "Point",
        "coordinates": [
          121.494380325,
          31.1848576
        ]
      },
      "properties": {
        "attraction_id": "A_22742",
        "kind": "tourism",
        "category": "leisure_park",
        "label": "Leisure / Park",
        "name": "",
        "area_m2": 316.55821012333035,
        "weight": 45.31655821012333,
        "osm_id": 511381394
      }
    },
    {
      "type": "Feature",
      "geometry": {
        "type": "Point",
        "coordinates": [
          121.49421061666668,
          31.184971349999998
        ]
      },
      "properties": {
        "attraction_id": "A_22743",
        "kind": "tourism",
        "category": "leisure_park",
        "label": "Leisure / Park",
        "name": "",
        "area_m2": 1435.6694228984416,
        "weight": 46.43566942289844,
        "osm_id": 511381396
      }
    },
    {
      "type": "Feature",
      "geometry": {
        "type": "Point",
        "coordinates": [
          121.49358351999999,
          31.251371006666666
        ]
      },
      "properties": {
        "attraction_id": "A_22772",
        "kind": "commercial",
        "category": "retail_service",
        "label": "Retail / Service",
        "name": "白玉兰广场",
        "area_m2": 55176.80795248598,
        "weight": 520.0,
        "osm_id": 520206081
      }
    },
    {
      "type": "Feature",
      "geometry": {
        "type": "Point",
        "coordinates": [
          121.49216184,
          31.22991221
        ]
      },
      "properties": {
        "attraction_id": "A_22776",
        "kind": "tourism",
        "category": "hotel_tourism",
        "label": "Hotel / Tourism",
        "name": "上海万达瑞华酒店",
        "area_m2": 3251.2420849204063,
        "weight": 67.51242084920406,
        "osm_id": 520214802
      }
    },
    {
      "type": "Feature",
      "geometry": {
        "type": "Point",
        "coordinates": [
          121.49383506363637,
          31.22829570909091
        ]
      },
      "properties": {
        "attraction_id": "A_22777",
        "kind": "commercial",
        "category": "retail_service",
        "label": "Retail / Service",
        "name": "BFC 购物中心",
        "area_m2": 3751.484017252922,
        "weight": 66.89355021566152,
        "osm_id": 520214805
      }
    },
    {
      "type": "Feature",
      "geometry": {
        "type": "Point",
        "coordinates": [
          121.4935735875,
          31.227432512500002
        ]
      },
      "properties": {
        "attraction_id": "A_22778",
        "kind": "commercial",
        "category": "retail_service",
        "label": "Retail / Service",
        "name": "BFC 购物中心",
        "area_m2": 3752.248907148838,
        "weight": 66.90311133936048,
        "osm_id": 520214806
      }
    },
    {
      "type": "Feature",
      "geometry": {
        "type": "Point",
        "coordinates": [
          121.4195063,
          31.147215575
        ]
      },
      "properties": {
        "attraction_id": "A_22792",
        "kind": "tourism",
        "category": "leisure_park",
        "label": "Leisure / Park",
        "name": "",
        "area_m2": 3880.8115086072357,
        "weight": 48.88081150860724,
        "osm_id": 521559889
      }
    },
    {
      "type": "Feature",
      "geometry": {
        "type": "Point",
        "coordinates": [
          121.416942925,
          31.144669191666665
        ]
      },
      "properties": {
        "attraction_id": "A_22803",
        "kind": "tourism",
        "category": "leisure_park",
        "label": "Leisure / Park",
        "name": "乒乓馆",
        "area_m2": 1042.6641684080241,
        "weight": 46.042664168408024,
        "osm_id": 521564807
      }
    },
    {
      "type": "Feature",
      "geometry": {
        "type": "Point",
        "coordinates": [
          121.41530065,
          31.1441446
        ]
      },
      "properties": {
        "attraction_id": "A_22804",
        "kind": "tourism",
        "category": "leisure_park",
        "label": "Leisure / Park",
        "name": "体育馆",
        "area_m2": 1570.3753521607723,
        "weight": 46.570375352160774,
        "osm_id": 521564988
      }
    },
    {
      "type": "Feature",
      "geometry": {
        "type": "Point",
        "coordinates": [
          121.417444,
          31.143486799999998
        ]
      },
      "properties": {
        "attraction_id": "A_22805",
        "kind": "tourism",
        "category": "leisure_park",
        "label": "Leisure / Park",
        "name": "",
        "area_m2": 910.4145282365498,
        "weight": 45.91041452823655,
        "osm_id": 521565011
      }
    },
    {
      "type": "Feature",
      "geometry": {
        "type": "Point",
        "coordinates": [
          121.41784075,
          31.14649085
        ]
      },
      "properties": {
        "attraction_id": "A_22808",
        "kind": "tourism",
        "category": "leisure_park",
        "label": "Leisure / Park",
        "name": "",
        "area_m2": 1903.5788377014687,
        "weight": 46.90357883770147,
        "osm_id": 521677788
      }
    },
    {
      "type": "Feature",
      "geometry": {
        "type": "Point",
        "coordinates": [
          121.41528464999999,
          31.1445909
        ]
      },
      "properties": {
        "attraction_id": "A_22818",
        "kind": "tourism",
        "category": "leisure_park",
        "label": "Leisure / Park",
        "name": "",
        "area_m2": 1284.6909270668984,
        "weight": 46.2846909270669,
        "osm_id": 521952042
      }
    },
    {
      "type": "Feature",
      "geometry": {
        "type": "Point",
        "coordinates": [
          121.4153266,
          31.14503845
        ]
      },
      "properties": {
        "attraction_id": "A_22819",
        "kind": "tourism",
        "category": "leisure_park",
        "label": "Leisure / Park",
        "name": "",
        "area_m2": 1146.6595108608599,
        "weight": 46.14665951086086,
        "osm_id": 521952048
      }
    },
    {
      "type": "Feature",
      "geometry": {
        "type": "Point",
        "coordinates": [
          121.51620235714286,
          31.229118
        ]
      },
      "properties": {
        "attraction_id": "A_22857",
        "kind": "tourism",
        "category": "leisure_park",
        "label": "Leisure / Park",
        "name": "",
        "area_m2": 3602.3603294044733,
        "weight": 48.602360329404476,
        "osm_id": 530662878
      }
    },
    {
      "type": "Feature",
      "geometry": {
        "type": "Point",
        "coordinates": [
          121.4223961,
          31.14568535
        ]
      },
      "properties": {
        "attraction_id": "A_22861",
        "kind": "tourism",
        "category": "leisure_park",
        "label": "Leisure / Park",
        "name": "",
        "area_m2": 1903.0866641674656,
        "weight": 46.90308666416747,
        "osm_id": 533508883
      }
    },
    {
      "type": "Feature",
      "geometry": {
        "type": "Point",
        "coordinates": [
          121.42649185333333,
          31.215507826666666
        ]
      },
      "properties": {
        "attraction_id": "A_23047",
        "kind": "tourism",
        "category": "hotel_tourism",
        "label": "Hotel / Tourism",
        "name": "",
        "area_m2": 774.6087342724204,
        "weight": 42.7460873427242,
        "osm_id": 542055573
      }
    },
    {
      "type": "Feature",
      "geometry": {
        "type": "Point",
        "coordinates": [
          121.45752560000001,
          31.172484439999998
        ]
      },
      "properties": {
        "attraction_id": "A_23051",
        "kind": "tourism",
        "category": "hotel_tourism",
        "label": "Hotel / Tourism",
        "name": "",
        "area_m2": 6623.737741716206,
        "weight": 101.23737741716207,
        "osm_id": 543033477
      }
    },
    {
      "type": "Feature",
      "geometry": {
        "type": "Point",
        "coordinates": [
          121.4301542375,
          31.2269937625
        ]
      },
      "properties": {
        "attraction_id": "A_23169",
        "kind": "tourism",
        "category": "leisure_park",
        "label": "Leisure / Park",
        "name": "华园",
        "area_m2": 2426.896562155336,
        "weight": 47.426896562155335,
        "osm_id": 544811098
      }
    },
    {
      "type": "Feature",
      "geometry": {
        "type": "Point",
        "coordinates": [
          121.4390191,
          31.200239775
        ]
      },
      "properties": {
        "attraction_id": "A_23182",
        "kind": "tourism",
        "category": "leisure_park",
        "label": "Leisure / Park",
        "name": "徐家汇篮球公园",
        "area_m2": 1706.9938218798488,
        "weight": 46.70699382187985,
        "osm_id": 545664664
      }
    },
    {
      "type": "Feature",
      "geometry": {
        "type": "Point",
        "coordinates": [
          121.4287863,
          31.17616892
        ]
      },
      "properties": {
        "attraction_id": "A_23190",
        "kind": "commercial",
        "category": "retail_service",
        "label": "Retail / Service",
        "name": "汇阳广场",
        "area_m2": 12340.601952139288,
        "weight": 174.2575244017411,
        "osm_id": 545850435
      }
    },
    {
      "type": "Feature",
      "geometry": {
        "type": "Point",
        "coordinates": [
          121.50886700000001,
          31.14310973
        ]
      },
      "properties": {
        "attraction_id": "A_23203",
        "kind": "commercial",
        "category": "retail_service",
        "label": "Retail / Service",
        "name": "中房金谊广场",
        "area_m2": 21499.40439014393,
        "weight": 288.7425548767991,
        "osm_id": 546610718
      }
    },
    {
      "type": "Feature",
      "geometry": {
        "type": "Point",
        "coordinates": [
          121.42324095714285,
          31.217451985714288
        ]
      },
      "properties": {
        "attraction_id": "A_23208",
        "kind": "tourism",
        "category": "leisure_park",
        "label": "Leisure / Park",
        "name": "",
        "area_m2": 1351.146143393591,
        "weight": 46.35114614339359,
        "osm_id": 546977338
      }
    },
    {
      "type": "Feature",
      "geometry": {
        "type": "Point",
        "coordinates": [
          121.40254944,
          31.21203689
        ]
      },
      "properties": {
        "attraction_id": "A_23483",
        "kind": "tourism",
        "category": "hotel_tourism",
        "label": "Hotel / Tourism",
        "name": "",
        "area_m2": 1679.9983769806568,
        "weight": 51.799983769806566,
        "osm_id": 548482060
      }
    },
    {
      "type": "Feature",
      "geometry": {
        "type": "Point",
        "coordinates": [
          121.5007482,
          31.183262379999995
        ]
      },
      "properties": {
        "attraction_id": "A_23660",
        "kind": "tourism",
        "category": "leisure_park",
        "label": "Leisure / Park",
        "name": "",
        "area_m2": 404.6441166512668,
        "weight": 45.40464411665127,
        "osm_id": 550145237
      }
    },
    {
      "type": "Feature",
      "geometry": {
        "type": "Point",
        "coordinates": [
          121.53273275,
          31.198039100000003
        ]
      },
      "properties": {
        "attraction_id": "A_23668",
        "kind": "tourism",
        "category": "leisure_park",
        "label": "Leisure / Park",
        "name": "",
        "area_m2": 1591.3756687045097,
        "weight": 46.59137566870451,
        "osm_id": 552160706
      }
    },
    {
      "type": "Feature",
      "geometry": {
        "type": "Point",
        "coordinates": [
          121.46929362222221,
          31.235868927777776
        ]
      },
      "properties": {
        "attraction_id": "A_23681",
        "kind": "tourism",
        "category": "leisure_park",
        "label": "Leisure / Park",
        "name": "",
        "area_m2": 11530.628138802946,
        "weight": 56.530628138802946,
        "osm_id": 558913296
      }
    },
    {
      "type": "Feature",
      "geometry": {
        "type": "Point",
        "coordinates": [
          121.53131675,
          31.23748095
        ]
      },
      "properties": {
        "attraction_id": "A_23684",
        "kind": "tourism",
        "category": "leisure_park",
        "label": "Leisure / Park",
        "name": "斯巴顿健身会所 Spartan Club",
        "area_m2": 1541.7431881278753,
        "weight": 46.541743188127874,
        "osm_id": 559962226
      }
    },
    {
      "type": "Feature",
      "geometry": {
        "type": "Point",
        "coordinates": [
          121.430935448,
          31.193955719999998
        ]
      },
      "properties": {
        "attraction_id": "A_23688",
        "kind": "tourism",
        "category": "leisure_park",
        "label": "Leisure / Park",
        "name": "",
        "area_m2": 6861.313098110259,
        "weight": 51.86131309811026,
        "osm_id": 563867863
      }
    },
    {
      "type": "Feature",
      "geometry": {
        "type": "Point",
        "coordinates": [
          121.41899745,
          31.17183885
        ]
      },
      "properties": {
        "attraction_id": "A_23694",
        "kind": "tourism",
        "category": "leisure_park",
        "label": "Leisure / Park",
        "name": "",
        "area_m2": 943.659924544394,
        "weight": 45.94365992454439,
        "osm_id": 564001861
      }
    },
    {
      "type": "Feature",
      "geometry": {
        "type": "Point",
        "coordinates": [
          121.4188225,
          31.1720903
        ]
      },
      "properties": {
        "attraction_id": "A_23695",
        "kind": "tourism",
        "category": "leisure_park",
        "label": "Leisure / Park",
        "name": "",
        "area_m2": 182.07663243822753,
        "weight": 45.182076632438225,
        "osm_id": 564001862
      }
    },
    {
      "type": "Feature",
      "geometry": {
        "type": "Point",
        "coordinates": [
          121.41848038571428,
          31.172014714285716
        ]
      },
      "properties": {
        "attraction_id": "A_23696",
        "kind": "tourism",
        "category": "leisure_park",
        "label": "Leisure / Park",
        "name": "",
        "area_m2": 3222.929212651681,
        "weight": 48.22292921265168,
        "osm_id": 564001863
      }
    },
    {
      "type": "Feature",
      "geometry": {
        "type": "Point",
        "coordinates": [
          121.446169175,
          31.198278275
        ]
      },
      "properties": {
        "attraction_id": "A_23703",
        "kind": "tourism",
        "category": "leisure_park",
        "label": "Leisure / Park",
        "name": "",
        "area_m2": 3094.6785877905786,
        "weight": 48.094678587790575,
        "osm_id": 571607270
      }
    },
    {
      "type": "Feature",
      "geometry": {
        "type": "Point",
        "coordinates": [
          121.44765081999999,
          31.17918085
        ]
      },
      "properties": {
        "attraction_id": "A_23712",
        "kind": "tourism",
        "category": "leisure_park",
        "label": "Leisure / Park",
        "name": "龙华烈士陵园(龙华警备司令部旧址)",
        "area_m2": 8463.470377512276,
        "weight": 53.46347037751228,
        "osm_id": 577243784
      }
    },
    {
      "type": "Feature",
      "geometry": {
        "type": "Point",
        "coordinates": [
          121.44632598000001,
          31.180728140000003
        ]
      },
      "properties": {
        "attraction_id": "A_23713",
        "kind": "tourism",
        "category": "leisure_park",
        "label": "Leisure / Park",
        "name": "龙华烈士陵园死刑处决场",
        "area_m2": 4249.013258719817,
        "weight": 49.24901325871981,
        "osm_id": 577243790
      }
    },
    {
      "type": "Feature",
      "geometry": {
        "type": "Point",
        "coordinates": [
          121.4095068,
          31.2089247
        ]
      },
      "properties": {
        "attraction_id": "A_23958",
        "kind": "tourism",
        "category": "hotel_tourism",
        "label": "Hotel / Tourism",
        "name": "东大招待所(延安西路)",
        "area_m2": 527.7428655852564,
        "weight": 40.27742865585256,
        "osm_id": 583699271
      }
    },
    {
      "type": "Feature",
      "geometry": {
        "type": "Point",
        "coordinates": [
          121.410166875,
          31.2066414875
        ]
      },
      "properties": {
        "attraction_id": "A_23959",
        "kind": "tourism",
        "category": "leisure_park",
        "label": "Leisure / Park",
        "name": "",
        "area_m2": 6824.889782698359,
        "weight": 51.82488978269836,
        "osm_id": 583699272
      }
    },
    {
      "type": "Feature",
      "geometry": {
        "type": "Point",
        "coordinates": [
          121.40868326,
          31.205732740000002
        ]
      },
      "properties": {
        "attraction_id": "A_23960",
        "kind": "tourism",
        "category": "leisure_park",
        "label": "Leisure / Park",
        "name": "",
        "area_m2": 25568.84845954599,
        "weight": 70.56884845954599,
        "osm_id": 583699273
      }
    },
    {
      "type": "Feature",
      "geometry": {
        "type": "Point",
        "coordinates": [
          121.4102268,
          31.204486099999997
        ]
      },
      "properties": {
        "attraction_id": "A_23961",
        "kind": "tourism",
        "category": "leisure_park",
        "label": "Leisure / Park",
        "name": "",
        "area_m2": 5632.016323754098,
        "weight": 50.6320163237541,
        "osm_id": 583699275
      }
    },
    {
      "type": "Feature",
      "geometry": {
        "type": "Point",
        "coordinates": [
          121.41084495,
          31.204622425
        ]
      },
      "properties": {
        "attraction_id": "A_23962",
        "kind": "tourism",
        "category": "leisure_park",
        "label": "Leisure / Park",
        "name": "",
        "area_m2": 3258.333183608949,
        "weight": 48.25833318360895,
        "osm_id": 583699276
      }
    },
    {
      "type": "Feature",
      "geometry": {
        "type": "Point",
        "coordinates": [
          121.5526849142857,
          31.228902528571428
        ]
      },
      "properties": {
        "attraction_id": "A_24023",
        "kind": "tourism",
        "category": "hotel_tourism",
        "label": "Hotel / Tourism",
        "name": "Ibis",
        "area_m2": 790.4547539204359,
        "weight": 42.90454753920436,
        "osm_id": 586076863
      }
    },
    {
      "type": "Feature",
      "geometry": {
        "type": "Point",
        "coordinates": [
          121.490108025,
          31.250967125
        ]
      },
      "properties": {
        "attraction_id": "A_24136",
        "kind": "tourism",
        "category": "leisure_park",
        "label": "Leisure / Park",
        "name": "",
        "area_m2": 466.47452261298895,
        "weight": 45.46647452261299,
        "osm_id": 610980544
      }
    },
    {
      "type": "Feature",
      "geometry": {
        "type": "Point",
        "coordinates": [
          121.4907047117647,
          31.251306605882352
        ]
      },
      "properties": {
        "attraction_id": "A_24137",
        "kind": "tourism",
        "category": "leisure_park",
        "label": "Leisure / Park",
        "name": "",
        "area_m2": 929.9137470498681,
        "weight": 45.929913747049866,
        "osm_id": 610986342
      }
    },
    {
      "type": "Feature",
      "geometry": {
        "type": "Point",
        "coordinates": [
          121.51607076666666,
          31.24319733333333
        ]
      },
      "properties": {
        "attraction_id": "A_24159",
        "kind": "commercial",
        "category": "retail_service",
        "label": "Retail / Service",
        "name": "裕景国际商务广场",
        "area_m2": 6379.315163075924,
        "weight": 99.74143953844904,
        "osm_id": 611246563
      }
    },
    {
      "type": "Feature",
      "geometry": {
        "type": "Point",
        "coordinates": [
          121.4858876,
          31.258735
        ]
      },
      "properties": {
        "attraction_id": "A_24246",
        "kind": "tourism",
        "category": "hotel_tourism",
        "label": "Hotel / Tourism",
        "name": "SNH48星梦剧院",
        "area_m2": 674.8276013880968,
        "weight": 41.74827601388097,
        "osm_id": 615404527
      }
    },
    {
      "type": "Feature",
      "geometry": {
        "type": "Point",
        "coordinates": [
          121.548080625,
          31.20765215
        ]
      },
      "properties": {
        "attraction_id": "A_24247",
        "kind": "tourism",
        "category": "leisure_park",
        "label": "Leisure / Park",
        "name": "",
        "area_m2": 5510.467353083193,
        "weight": 50.51046735308319,
        "osm_id": 615490957
      }
    },
    {
      "type": "Feature",
      "geometry": {
        "type": "Point",
        "coordinates": [
          121.5411844125,
          31.2064825875
        ]
      },
      "properties": {
        "attraction_id": "A_24250",
        "kind": "commercial",
        "category": "retail_service",
        "label": "Retail / Service",
        "name": "富荟广场",
        "area_m2": 9397.169682204723,
        "weight": 137.46462102755905,
        "osm_id": 615490960
      }
    },
    {
      "type": "Feature",
      "geometry": {
        "type": "Point",
        "coordinates": [
          121.535104475,
          31.210166174999998
        ]
      },
      "properties": {
        "attraction_id": "A_24251",
        "kind": "tourism",
        "category": "leisure_park",
        "label": "Leisure / Park",
        "name": "",
        "area_m2": 6020.70179771632,
        "weight": 51.02070179771632,
        "osm_id": 615490961
      }
    },
    {
      "type": "Feature",
      "geometry": {
        "type": "Point",
        "coordinates": [
          121.43747834999999,
          31.183299925
        ]
      },
      "properties": {
        "attraction_id": "A_24255",
        "kind": "tourism",
        "category": "leisure_park",
        "label": "Leisure / Park",
        "name": "",
        "area_m2": 7607.5810148259625,
        "weight": 52.60758101482596,
        "osm_id": 617138650
      }
    },
    {
      "type": "Feature",
      "geometry": {
        "type": "Point",
        "coordinates": [
          121.53192845,
          31.2333517
        ]
      },
      "properties": {
        "attraction_id": "A_24256",
        "kind": "tourism",
        "category": "leisure_park",
        "label": "Leisure / Park",
        "name": "",
        "area_m2": 7380.7684811502695,
        "weight": 52.38076848115027,
        "osm_id": 617656522
      }
    },
    {
      "type": "Feature",
      "geometry": {
        "type": "Point",
        "coordinates": [
          121.42709517272728,
          31.192992863636366
        ]
      },
      "properties": {
        "attraction_id": "A_24260",
        "kind": "tourism",
        "category": "leisure_park",
        "label": "Leisure / Park",
        "name": "青之杰花园",
        "area_m2": 3745.789708344266,
        "weight": 48.74578970834427,
        "osm_id": 619829470
      }
    },
    {
      "type": "Feature",
      "geometry": {
        "type": "Point",
        "coordinates": [
          121.42702204,
          31.193121280000003
        ]
      },
      "properties": {
        "attraction_id": "A_24261",
        "kind": "tourism",
        "category": "leisure_park",
        "label": "Leisure / Park",
        "name": "青之杰花园遊玩场",
        "area_m2": 326.67408149223775,
        "weight": 45.326674081492236,
        "osm_id": 619829472
      }
    },
    {
      "type": "Feature",
      "geometry": {
        "type": "Point",
        "coordinates": [
          121.511002425,
          31.223006775
        ]
      },
      "properties": {
        "attraction_id": "A_24263",
        "kind": "tourism",
        "category": "leisure_park",
        "label": "Leisure / Park",
        "name": "",
        "area_m2": 709.360321983695,
        "weight": 45.709360321983695,
        "osm_id": 620285533
      }
    },
    {
      "type": "Feature",
      "geometry": {
        "type": "Point",
        "coordinates": [
          121.510748425,
          31.2230085
        ]
      },
      "properties": {
        "attraction_id": "A_24264",
        "kind": "tourism",
        "category": "leisure_park",
        "label": "Leisure / Park",
        "name": "",
        "area_m2": 76.57345592230558,
        "weight": 45.07657345592231,
        "osm_id": 620285534
      }
    },
    {
      "type": "Feature",
      "geometry": {
        "type": "Point",
        "coordinates": [
          121.507920125,
          31.224973775
        ]
      },
      "properties": {
        "attraction_id": "A_24265",
        "kind": "tourism",
        "category": "leisure_park",
        "label": "Leisure / Park",
        "name": "",
        "area_m2": 561.9848712012172,
        "weight": 45.56198487120122,
        "osm_id": 620285535
      }
    },
    {
      "type": "Feature",
      "geometry": {
        "type": "Point",
        "coordinates": [
          121.46700805454545,
          31.1593989
        ]
      },
      "properties": {
        "attraction_id": "A_24285",
        "kind": "tourism",
        "category": "leisure_park",
        "label": "Leisure / Park",
        "name": "",
        "area_m2": 4468.329092556611,
        "weight": 49.46832909255661,
        "osm_id": 627591424
      }
    },
    {
      "type": "Feature",
      "geometry": {
        "type": "Point",
        "coordinates": [
          121.53260785,
          31.231963975
        ]
      },
      "properties": {
        "attraction_id": "A_24291",
        "kind": "tourism",
        "category": "leisure_park",
        "label": "Leisure / Park",
        "name": "",
        "area_m2": 2930.229367427528,
        "weight": 47.93022936742753,
        "osm_id": 634779196
      }
    },
    {
      "type": "Feature",
      "geometry": {
        "type": "Point",
        "coordinates": [
          121.53205425,
          31.2350554
        ]
      },
      "properties": {
        "attraction_id": "A_24293",
        "kind": "tourism",
        "category": "leisure_park",
        "label": "Leisure / Park",
        "name": "",
        "area_m2": 5443.445232093334,
        "weight": 50.44344523209333,
        "osm_id": 634779198
      }
    },
    {
      "type": "Feature",
      "geometry": {
        "type": "Point",
        "coordinates": [
          121.41872252222223,
          31.162111244444443
        ]
      },
      "properties": {
        "attraction_id": "A_24295",
        "kind": "tourism",
        "category": "leisure_park",
        "label": "Leisure / Park",
        "name": "上海师范大学东部操场",
        "area_m2": 10701.273834568216,
        "weight": 55.70127383456821,
        "osm_id": 637808221
      }
    },
    {
      "type": "Feature",
      "geometry": {
        "type": "Point",
        "coordinates": [
          121.4789422625,
          31.2221061375
        ]
      },
      "properties": {
        "attraction_id": "A_24302",
        "kind": "tourism",
        "category": "leisure_park",
        "label": "Leisure / Park",
        "name": "",
        "area_m2": 3730.947455354035,
        "weight": 48.730947455354034,
        "osm_id": 640655867
      }
    },
    {
      "type": "Feature",
      "geometry": {
        "type": "Point",
        "coordinates": [
          121.40889699999998,
          31.209676633333334
        ]
      },
      "properties": {
        "attraction_id": "A_24307",
        "kind": "tourism",
        "category": "leisure_park",
        "label": "Leisure / Park",
        "name": "",
        "area_m2": 531.7911929269321,
        "weight": 45.53179119292693,
        "osm_id": 641519073
      }
    },
    {
      "type": "Feature",
      "geometry": {
        "type": "Point",
        "coordinates": [
          121.40909305,
          31.209799325
        ]
      },
      "properties": {
        "attraction_id": "A_24308",
        "kind": "tourism",
        "category": "leisure_park",
        "label": "Leisure / Park",
        "name": "",
        "area_m2": 498.08383136894554,
        "weight": 45.498083831368945,
        "osm_id": 641519229
      }
    },
    {
      "type": "Feature",
      "geometry": {
        "type": "Point",
        "coordinates": [
          121.40867971538462,
          31.21311903076923
        ]
      },
      "properties": {
        "attraction_id": "A_24326",
        "kind": "tourism",
        "category": "leisure_park",
        "label": "Leisure / Park",
        "name": "",
        "area_m2": 461.09850559942424,
        "weight": 45.46109850559942,
        "osm_id": 642462997
      }
    },
    {
      "type": "Feature",
      "geometry": {
        "type": "Point",
        "coordinates": [
          121.40991088125,
          31.21279620625
        ]
      },
      "properties": {
        "attraction_id": "A_24327",
        "kind": "tourism",
        "category": "hotel_tourism",
        "label": "Hotel / Tourism",
        "name": "上海艺术礼品博物馆",
        "area_m2": 679.1205419418402,
        "weight": 41.791205419418404,
        "osm_id": 642489059
      }
    },
    {
      "type": "Feature",
      "geometry": {
        "type": "Point",
        "coordinates": [
          121.53339704999999,
          31.2323749
        ]
      },
      "properties": {
        "attraction_id": "A_24329",
        "kind": "tourism",
        "category": "leisure_park",
        "label": "Leisure / Park",
        "name": "",
        "area_m2": 3200.605311460793,
        "weight": 48.20060531146079,
        "osm_id": 642814025
      }
    },
    {
      "type": "Feature",
      "geometry": {
        "type": "Point",
        "coordinates": [
          121.4145879,
          31.2115205
        ]
      },
      "properties": {
        "attraction_id": "A_24338",
        "kind": "tourism",
        "category": "hotel_tourism",
        "label": "Hotel / Tourism",
        "name": "刘海粟美术馆",
        "area_m2": 2997.5868843551725,
        "weight": 64.97586884355172,
        "osm_id": 643013422
      }
    },
    {
      "type": "Feature",
      "geometry": {
        "type": "Point",
        "coordinates": [
          121.44379099999999,
          31.152757283333333
        ]
      },
      "properties": {
        "attraction_id": "A_24358",
        "kind": "tourism",
        "category": "hotel_tourism",
        "label": "Hotel / Tourism",
        "name": "黄道婆纪念堂",
        "area_m2": 3524.1034736782312,
        "weight": 70.24103473678231,
        "osm_id": 645823926
      }
    },
    {
      "type": "Feature",
      "geometry": {
        "type": "Point",
        "coordinates": [
          121.44072713333333,
          31.2213019
        ]
      },
      "properties": {
        "attraction_id": "A_24372",
        "kind": "tourism",
        "category": "hotel_tourism",
        "label": "Hotel / Tourism",
        "name": "",
        "area_m2": 1192.4974871464074,
        "weight": 46.92497487146407,
        "osm_id": 652336215
      }
    },
    {
      "type": "Feature",
      "geometry": {
        "type": "Point",
        "coordinates": [
          121.4436859,
          31.222494575
        ]
      },
      "properties": {
        "attraction_id": "A_24373",
        "kind": "tourism",
        "category": "hotel_tourism",
        "label": "Hotel / Tourism",
        "name": "",
        "area_m2": 2005.3813975825906,
        "weight": 55.0538139758259,
        "osm_id": 652336217
      }
    },
    {
      "type": "Feature",
      "geometry": {
        "type": "Point",
        "coordinates": [
          121.54229703333334,
          31.184938066666664
        ]
      },
      "properties": {
        "attraction_id": "A_24376",
        "kind": "tourism",
        "category": "leisure_park",
        "label": "Leisure / Park",
        "name": "博华园",
        "area_m2": 17753.111877411604,
        "weight": 62.753111877411605,
        "osm_id": 655203549
      }
    },
    {
      "type": "Feature",
      "geometry": {
        "type": "Point",
        "coordinates": [
          121.527221925,
          31.1816064375
        ]
      },
      "properties": {
        "attraction_id": "A_24383",
        "kind": "tourism",
        "category": "leisure_park",
        "label": "Leisure / Park",
        "name": "大华北公园",
        "area_m2": 90172.26367136836,
        "weight": 135.17226367136834,
        "osm_id": 655203564
      }
    },
    {
      "type": "Feature",
      "geometry": {
        "type": "Point",
        "coordinates": [
          121.49540802127659,
          31.249895076595745
        ]
      },
      "properties": {
        "attraction_id": "A_24391",
        "kind": "tourism",
        "category": "leisure_park",
        "label": "Leisure / Park",
        "name": "",
        "area_m2": 63966.31088060886,
        "weight": 108.96631088060886,
        "osm_id": 656626140
      }
    },
    {
      "type": "Feature",
      "geometry": {
        "type": "Point",
        "coordinates": [
          121.48438709333332,
          31.176021773333332
        ]
      },
      "properties": {
        "attraction_id": "A_24399",
        "kind": "tourism",
        "category": "leisure_park",
        "label": "Leisure / Park",
        "name": "长清公园",
        "area_m2": 17595.511247698218,
        "weight": 62.59551124769822,
        "osm_id": 659467368
      }
    },
    {
      "type": "Feature",
      "geometry": {
        "type": "Point",
        "coordinates": [
          121.46573855,
          31.244773775
        ]
      },
      "properties": {
        "attraction_id": "A_24429",
        "kind": "tourism",
        "category": "leisure_park",
        "label": "Leisure / Park",
        "name": "",
        "area_m2": 448.9155790582299,
        "weight": 45.44891557905823,
        "osm_id": 666393172
      }
    },
    {
      "type": "Feature",
      "geometry": {
        "type": "Point",
        "coordinates": [
          121.4657643,
          31.244611275
        ]
      },
      "properties": {
        "attraction_id": "A_24430",
        "kind": "tourism",
        "category": "leisure_park",
        "label": "Leisure / Park",
        "name": "",
        "area_m2": 449.0755143985152,
        "weight": 45.449075514398515,
        "osm_id": 666393173
      }
    },
    {
      "type": "Feature",
      "geometry": {
        "type": "Point",
        "coordinates": [
          121.50265305833334,
          31.23151555833333
        ]
      },
      "properties": {
        "attraction_id": "A_24455",
        "kind": "tourism",
        "category": "leisure_park",
        "label": "Leisure / Park",
        "name": "",
        "area_m2": 451.4166016280651,
        "weight": 45.45141660162807,
        "osm_id": 673517959
      }
    },
    {
      "type": "Feature",
      "geometry": {
        "type": "Point",
        "coordinates": [
          121.50255441428571,
          31.231479628571428
        ]
      },
      "properties": {
        "attraction_id": "A_24456",
        "kind": "tourism",
        "category": "leisure_park",
        "label": "Leisure / Park",
        "name": "",
        "area_m2": 17.85350038856268,
        "weight": 45.01785350038856,
        "osm_id": 673517960
      }
    },
    {
      "type": "Feature",
      "geometry": {
        "type": "Point",
        "coordinates": [
          121.44432555714286,
          31.210973
        ]
      },
      "properties": {
        "attraction_id": "A_24474",
        "kind": "tourism",
        "category": "leisure_park",
        "label": "Leisure / Park",
        "name": "上海青旅集团有限公司",
        "area_m2": 10054.952406695113,
        "weight": 55.054952406695115,
        "osm_id": 674602928
      }
    },
    {
      "type": "Feature",
      "geometry": {
        "type": "Point",
        "coordinates": [
          121.4008391,
          31.207779403999997
        ]
      },
      "properties": {
        "attraction_id": "A_24557",
        "kind": "tourism",
        "category": "leisure_park",
        "label": "Leisure / Park",
        "name": "虹桥公园",
        "area_m2": 21134.126525560125,
        "weight": 66.13412652556012,
        "osm_id": 687315542
      }
    },
    {
      "type": "Feature",
      "geometry": {
        "type": "Point",
        "coordinates": [
          121.46436700000001,
          31.221269200000002
        ]
      },
      "properties": {
        "attraction_id": "A_24573",
        "kind": "tourism",
        "category": "hotel_tourism",
        "label": "Hotel / Tourism",
        "name": "",
        "area_m2": 298.2881094738841,
        "weight": 37.98288109473884,
        "osm_id": 693448182
      }
    },
    {
      "type": "Feature",
      "geometry": {
        "type": "Point",
        "coordinates": [
          121.464293225,
          31.221415999999998
        ]
      },
      "properties": {
        "attraction_id": "A_24574",
        "kind": "tourism",
        "category": "hotel_tourism",
        "label": "Hotel / Tourism",
        "name": "《新青年》编辑部旧址",
        "area_m2": 411.8770467750728,
        "weight": 39.11877046775073,
        "osm_id": 693448183
      }
    },
    {
      "type": "Feature",
      "geometry": {
        "type": "Point",
        "coordinates": [
          121.44767917499999,
          31.183949075
        ]
      },
      "properties": {
        "attraction_id": "A_24624",
        "kind": "tourism",
        "category": "leisure_park",
        "label": "Leisure / Park",
        "name": "",
        "area_m2": 30.53065294213593,
        "weight": 45.03053065294213,
        "osm_id": 694638916
      }
    },
    {
      "type": "Feature",
      "geometry": {
        "type": "Point",
        "coordinates": [
          121.44776218,
          31.18392012
        ]
      },
      "properties": {
        "attraction_id": "A_24625",
        "kind": "tourism",
        "category": "leisure_park",
        "label": "Leisure / Park",
        "name": "",
        "area_m2": 26.729622803628445,
        "weight": 45.02672962280363,
        "osm_id": 694638917
      }
    },
    {
      "type": "Feature",
      "geometry": {
        "type": "Point",
        "coordinates": [
          121.44780747142856,
          31.183960785714284
        ]
      },
      "properties": {
        "attraction_id": "A_24626",
        "kind": "tourism",
        "category": "leisure_park",
        "label": "Leisure / Park",
        "name": "",
        "area_m2": 28.79109946079552,
        "weight": 45.0287910994608,
        "osm_id": 694638918
      }
    },
    {
      "type": "Feature",
      "geometry": {
        "type": "Point",
        "coordinates": [
          121.44787245,
          31.18400545
        ]
      },
      "properties": {
        "attraction_id": "A_24627",
        "kind": "tourism",
        "category": "leisure_park",
        "label": "Leisure / Park",
        "name": "",
        "area_m2": 21.70984215475619,
        "weight": 45.021709842154756,
        "osm_id": 694638919
      }
    },
    {
      "type": "Feature",
      "geometry": {
        "type": "Point",
        "coordinates": [
          121.4479750125,
          31.184046662500002
        ]
      },
      "properties": {
        "attraction_id": "A_24628",
        "kind": "tourism",
        "category": "leisure_park",
        "label": "Leisure / Park",
        "name": "",
        "area_m2": 61.42743625678122,
        "weight": 45.06142743625678,
        "osm_id": 694638920
      }
    },
    {
      "type": "Feature",
      "geometry": {
        "type": "Point",
        "coordinates": [
          121.44789481538461,
          31.183740761538463
        ]
      },
      "properties": {
        "attraction_id": "A_24630",
        "kind": "tourism",
        "category": "leisure_park",
        "label": "Leisure / Park",
        "name": "",
        "area_m2": 144.41198930703104,
        "weight": 45.14441198930703,
        "osm_id": 694638922
      }
    },
    {
      "type": "Feature",
      "geometry": {
        "type": "Point",
        "coordinates": [
          121.44742305,
          31.1837682
        ]
      },
      "properties": {
        "attraction_id": "A_24631",
        "kind": "tourism",
        "category": "leisure_park",
        "label": "Leisure / Park",
        "name": "",
        "area_m2": 124.64631684310734,
        "weight": 45.124646316843105,
        "osm_id": 694638923
      }
    },
    {
      "type": "Feature",
      "geometry": {
        "type": "Point",
        "coordinates": [
          121.44748645,
          31.183615175
        ]
      },
      "properties": {
        "attraction_id": "A_24632",
        "kind": "tourism",
        "category": "leisure_park",
        "label": "Leisure / Park",
        "name": "",
        "area_m2": 116.42751344107091,
        "weight": 45.116427513441074,
        "osm_id": 694638924
      }
    },
    {
      "type": "Feature",
      "geometry": {
        "type": "Point",
        "coordinates": [
          121.44754557499999,
          31.18346335
        ]
      },
      "properties": {
        "attraction_id": "A_24633",
        "kind": "tourism",
        "category": "leisure_park",
        "label": "Leisure / Park",
        "name": "",
        "area_m2": 114.32551351189613,
        "weight": 45.11432551351189,
        "osm_id": 694638925
      }
    },
    {
      "type": "Feature",
      "geometry": {
        "type": "Point",
        "coordinates": [
          121.4475688,
          31.183285075
        ]
      },
      "properties": {
        "attraction_id": "A_24634",
        "kind": "tourism",
        "category": "leisure_park",
        "label": "Leisure / Park",
        "name": "",
        "area_m2": 111.2719008885324,
        "weight": 45.11127190088853,
        "osm_id": 694638926
      }
    },
    {
      "type": "Feature",
      "geometry": {
        "type": "Point",
        "coordinates": [
          121.447339175,
          31.183933275
        ]
      },
      "properties": {
        "attraction_id": "A_24635",
        "kind": "tourism",
        "category": "leisure_park",
        "label": "Leisure / Park",
        "name": "",
        "area_m2": 154.96077550202608,
        "weight": 45.154960775502026,
        "osm_id": 694638927
      }
    },
    {
      "type": "Feature",
      "geometry": {
        "type": "Point",
        "coordinates": [
          121.447282925,
          31.18415525
        ]
      },
      "properties": {
        "attraction_id": "A_24636",
        "kind": "tourism",
        "category": "leisure_park",
        "label": "Leisure / Park",
        "name": "",
        "area_m2": 275.0244893524796,
        "weight": 45.27502448935248,
        "osm_id": 694638928
      }
    },
    {
      "type": "Feature",
      "geometry": {
        "type": "Point",
        "coordinates": [
          121.4465437,
          31.184468525
        ]
      },
      "properties": {
        "attraction_id": "A_24637",
        "kind": "tourism",
        "category": "leisure_park",
        "label": "Leisure / Park",
        "name": "",
        "area_m2": 308.8407374881208,
        "weight": 45.30884073748812,
        "osm_id": 694640807
      }
    },
    {
      "type": "Feature",
      "geometry": {
        "type": "Point",
        "coordinates": [
          121.446633175,
          31.184263774999998
        ]
      },
      "properties": {
        "attraction_id": "A_24638",
        "kind": "tourism",
        "category": "leisure_park",
        "label": "Leisure / Park",
        "name": "",
        "area_m2": 322.31730365753174,
        "weight": 45.322317303657535,
        "osm_id": 694640808
      }
    },
    {
      "type": "Feature",
      "geometry": {
        "type": "Point",
        "coordinates": [
          121.446740925,
          31.184059825
        ]
      },
      "properties": {
        "attraction_id": "A_24639",
        "kind": "tourism",
        "category": "leisure_park",
        "label": "Leisure / Park",
        "name": "",
        "area_m2": 273.1900482736528,
        "weight": 45.273190048273655,
        "osm_id": 694640809
      }
    },
    {
      "type": "Feature",
      "geometry": {
        "type": "Point",
        "coordinates": [
          121.4467653,
          31.18383725
        ]
      },
      "properties": {
        "attraction_id": "A_24640",
        "kind": "tourism",
        "category": "leisure_park",
        "label": "Leisure / Park",
        "name": "",
        "area_m2": 357.5983890518546,
        "weight": 45.35759838905185,
        "osm_id": 694640810
      }
    },
    {
      "type": "Feature",
      "geometry": {
        "type": "Point",
        "coordinates": [
          121.44667015555554,
          31.18354168888889
        ]
      },
      "properties": {
        "attraction_id": "A_24641",
        "kind": "tourism",
        "category": "leisure_park",
        "label": "Leisure / Park",
        "name": "",
        "area_m2": 503.2458644825965,
        "weight": 45.503245864482594,
        "osm_id": 694640811
      }
    },
    {
      "type": "Feature",
      "geometry": {
        "type": "Point",
        "coordinates": [
          121.44702951666666,
          31.183416233333332
        ]
      },
      "properties": {
        "attraction_id": "A_24642",
        "kind": "tourism",
        "category": "leisure_park",
        "label": "Leisure / Park",
        "name": "",
        "area_m2": 189.66574630700052,
        "weight": 45.189665746307,
        "osm_id": 694640812
      }
    },
    {
      "type": "Feature",
      "geometry": {
        "type": "Point",
        "coordinates": [
          121.4465471,
          31.183184675
        ]
      },
      "properties": {
        "attraction_id": "A_24643",
        "kind": "tourism",
        "category": "leisure_park",
        "label": "Leisure / Park",
        "name": "",
        "area_m2": 240.3393065445125,
        "weight": 45.24033930654451,
        "osm_id": 694640813
      }
    },
    {
      "type": "Feature",
      "geometry": {
        "type": "Point",
        "coordinates": [
          121.4466209,
          31.183011375
        ]
      },
      "properties": {
        "attraction_id": "A_24644",
        "kind": "tourism",
        "category": "leisure_park",
        "label": "Leisure / Park",
        "name": "",
        "area_m2": 276.1889281552285,
        "weight": 45.27618892815523,
        "osm_id": 694640814
      }
    },
    {
      "type": "Feature",
      "geometry": {
        "type": "Point",
        "coordinates": [
          121.4466604,
          31.182807525
        ]
      },
      "properties": {
        "attraction_id": "A_24645",
        "kind": "tourism",
        "category": "leisure_park",
        "label": "Leisure / Park",
        "name": "",
        "area_m2": 253.83429236896336,
        "weight": 45.253834292368964,
        "osm_id": 694640815
      }
    },
    {
      "type": "Feature",
      "geometry": {
        "type": "Point",
        "coordinates": [
          121.446745175,
          31.1826111
        ]
      },
      "properties": {
        "attraction_id": "A_24646",
        "kind": "tourism",
        "category": "leisure_park",
        "label": "Leisure / Park",
        "name": "",
        "area_m2": 233.75422245450318,
        "weight": 45.2337542224545,
        "osm_id": 694640816
      }
    },
    {
      "type": "Feature",
      "geometry": {
        "type": "Point",
        "coordinates": [
          121.447092125,
          31.1828322
        ]
      },
      "properties": {
        "attraction_id": "A_24647",
        "kind": "tourism",
        "category": "leisure_park",
        "label": "Leisure / Park",
        "name": "",
        "area_m2": 115.45784946903586,
        "weight": 45.11545784946904,
        "osm_id": 694640817
      }
    },
    {
      "type": "Feature",
      "geometry": {
        "type": "Point",
        "coordinates": [
          121.44711202,
          31.182994880000003
        ]
      },
      "properties": {
        "attraction_id": "A_24648",
        "kind": "tourism",
        "category": "leisure_park",
        "label": "Leisure / Park",
        "name": "",
        "area_m2": 217.38724193535745,
        "weight": 45.217387241935356,
        "osm_id": 694640818
      }
    },
    {
      "type": "Feature",
      "geometry": {
        "type": "Point",
        "coordinates": [
          121.44751935,
          31.1830489
        ]
      },
      "properties": {
        "attraction_id": "A_24649",
        "kind": "tourism",
        "category": "leisure_park",
        "label": "Leisure / Park",
        "name": "",
        "area_m2": 159.40970431640744,
        "weight": 45.15940970431641,
        "osm_id": 694640819
      }
    },
    {
      "type": "Feature",
      "geometry": {
        "type": "Point",
        "coordinates": [
          121.44715369999999,
          31.18317682
        ]
      },
      "properties": {
        "attraction_id": "A_24650",
        "kind": "tourism",
        "category": "leisure_park",
        "label": "Leisure / Park",
        "name": "",
        "area_m2": 264.74052537977695,
        "weight": 45.26474052537978,
        "osm_id": 694640820
      }
    },
    {
      "type": "Feature",
      "geometry": {
        "type": "Point",
        "coordinates": [
          121.44614015,
          31.184858425
        ]
      },
      "properties": {
        "attraction_id": "A_24717",
        "kind": "tourism",
        "category": "leisure_park",
        "label": "Leisure / Park",
        "name": "",
        "area_m2": 432.3974519968033,
        "weight": 45.432397451996806,
        "osm_id": 694647191
      }
    },
    {
      "type": "Feature",
      "geometry": {
        "type": "Point",
        "coordinates": [
          121.44629135,
          31.184930050000002
        ]
      },
      "properties": {
        "attraction_id": "A_24718",
        "kind": "tourism",
        "category": "leisure_park",
        "label": "Leisure / Park",
        "name": "",
        "area_m2": 376.45328788273036,
        "weight": 45.37645328788273,
        "osm_id": 694647192
      }
    },
    {
      "type": "Feature",
      "geometry": {
        "type": "Point",
        "coordinates": [
          121.44653385,
          31.185030599999997
        ]
      },
      "properties": {
        "attraction_id": "A_24719",
        "kind": "tourism",
        "category": "leisure_park",
        "label": "Leisure / Park",
        "name": "",
        "area_m2": 323.306966105476,
        "weight": 45.32330696610548,
        "osm_id": 694647193
      }
    },
    {
      "type": "Feature",
      "geometry": {
        "type": "Point",
        "coordinates": [
          121.44665685,
          31.18508955
        ]
      },
      "properties": {
        "attraction_id": "A_24720",
        "kind": "tourism",
        "category": "leisure_park",
        "label": "Leisure / Park",
        "name": "",
        "area_m2": 218.68430236913264,
        "weight": 45.218684302369134,
        "osm_id": 694647194
      }
    },
    {
      "type": "Feature",
      "geometry": {
        "type": "Point",
        "coordinates": [
          121.46289518055556,
          31.186389863888888
        ]
      },
      "properties": {
        "attraction_id": "A_24721",
        "kind": "tourism",
        "category": "leisure_park",
        "label": "Leisure / Park",
        "name": "",
        "area_m2": 82584.99923443608,
        "weight": 127.58499923443608,
        "osm_id": 694647203
      }
    },
    {
      "type": "Feature",
      "geometry": {
        "type": "Point",
        "coordinates": [
          121.4629516090909,
          31.187100625454548
        ]
      },
      "properties": {
        "attraction_id": "A_24722",
        "kind": "tourism",
        "category": "leisure_park",
        "label": "Leisure / Park",
        "name": "上海市滨江滑板公园",
        "area_m2": 164713.5391419027,
        "weight": 209.7135391419027,
        "osm_id": 694647240
      }
    },
    {
      "type": "Feature",
      "geometry": {
        "type": "Point",
        "coordinates": [
          121.45418164444443,
          31.184652266666667
        ]
      },
      "properties": {
        "attraction_id": "A_24734",
        "kind": "tourism",
        "category": "leisure_park",
        "label": "Leisure / Park",
        "name": "",
        "area_m2": 5865.563193419948,
        "weight": 50.865563193419945,
        "osm_id": 694651521
      }
    },
    {
      "type": "Feature",
      "geometry": {
        "type": "Point",
        "coordinates": [
          121.45463193148147,
          31.18448535
        ]
      },
      "properties": {
        "attraction_id": "A_24748",
        "kind": "tourism",
        "category": "leisure_park",
        "label": "Leisure / Park",
        "name": "",
        "area_m2": 4009.902543997392,
        "weight": 49.00990254399739,
        "osm_id": 694651536
      }
    },
    {
      "type": "Feature",
      "geometry": {
        "type": "Point",
        "coordinates": [
          121.45445196,
          31.185252505
        ]
      },
      "properties": {
        "attraction_id": "A_24749",
        "kind": "tourism",
        "category": "leisure_park",
        "label": "Leisure / Park",
        "name": "",
        "area_m2": 1115.3460220582783,
        "weight": 46.115346022058276,
        "osm_id": 694651537
      }
    },
    {
      "type": "Feature",
      "geometry": {
        "type": "Point",
        "coordinates": [
          121.4539466923077,
          31.185208199999998
        ]
      },
      "properties": {
        "attraction_id": "A_24750",
        "kind": "tourism",
        "category": "leisure_park",
        "label": "Leisure / Park",
        "name": "",
        "area_m2": 428.4246452860534,
        "weight": 45.42842464528605,
        "osm_id": 694651538
      }
    },
    {
      "type": "Feature",
      "geometry": {
        "type": "Point",
        "coordinates": [
          121.45344815714286,
          31.184770157142857
        ]
      },
      "properties": {
        "attraction_id": "A_24751",
        "kind": "tourism",
        "category": "leisure_park",
        "label": "Leisure / Park",
        "name": "",
        "area_m2": 61.35254714824259,
        "weight": 45.061352547148246,
        "osm_id": 694651539
      }
    },
    {
      "type": "Feature",
      "geometry": {
        "type": "Point",
        "coordinates": [
          121.4536737,
          31.1849546125
        ]
      },
      "properties": {
        "attraction_id": "A_24752",
        "kind": "tourism",
        "category": "leisure_park",
        "label": "Leisure / Park",
        "name": "",
        "area_m2": 93.28919969126582,
        "weight": 45.09328919969126,
        "osm_id": 694651540
      }
    },
    {
      "type": "Feature",
      "geometry": {
        "type": "Point",
        "coordinates": [
          121.45490108333333,
          31.185060250000003
        ]
      },
      "properties": {
        "attraction_id": "A_24753",
        "kind": "tourism",
        "category": "leisure_park",
        "label": "Leisure / Park",
        "name": "",
        "area_m2": 710.4229263700545,
        "weight": 45.71042292637006,
        "osm_id": 694651541
      }
    },
    {
      "type": "Feature",
      "geometry": {
        "type": "Point",
        "coordinates": [
          121.45288670465116,
          31.18397556976744
        ]
      },
      "properties": {
        "attraction_id": "A_24754",
        "kind": "tourism",
        "category": "leisure_park",
        "label": "Leisure / Park",
        "name": "",
        "area_m2": 3540.056064337492,
        "weight": 48.54005606433749,
        "osm_id": 694651544
      }
    },
    {
      "type": "Feature",
      "geometry": {
        "type": "Point",
        "coordinates": [
          121.50316533333334,
          31.164726083333335
        ]
      },
      "properties": {
        "attraction_id": "A_24800",
        "kind": "commercial",
        "category": "retail_service",
        "label": "Retail / Service",
        "name": "亿丰时代广场",
        "area_m2": 25116.068223593757,
        "weight": 333.95085279492196,
        "osm_id": 695910160
      }
    },
    {
      "type": "Feature",
      "geometry": {
        "type": "Point",
        "coordinates": [
          121.463671025,
          31.176760875
        ]
      },
      "properties": {
        "attraction_id": "A_24828",
        "kind": "tourism",
        "category": "leisure_park",
        "label": "Leisure / Park",
        "name": "",
        "area_m2": 996.0172003302723,
        "weight": 45.99601720033027,
        "osm_id": 700036316
      }
    },
    {
      "type": "Feature",
      "geometry": {
        "type": "Point",
        "coordinates": [
          121.49619098999999,
          31.17633864
        ]
      },
      "properties": {
        "attraction_id": "A_24967",
        "kind": "tourism",
        "category": "leisure_park",
        "label": "Leisure / Park",
        "name": "蔓趣公园",
        "area_m2": 18935.0859974809,
        "weight": 63.9350859974809,
        "osm_id": 712187766
      }
    },
    {
      "type": "Feature",
      "geometry": {
        "type": "Point",
        "coordinates": [
          121.45462571333334,
          31.153778993333333
        ]
      },
      "properties": {
        "attraction_id": "A_25038",
        "kind": "tourism",
        "category": "leisure_park",
        "label": "Leisure / Park",
        "name": "",
        "area_m2": 34739.55063484982,
        "weight": 79.73955063484982,
        "osm_id": 730605182
      }
    },
    {
      "type": "Feature",
      "geometry": {
        "type": "Point",
        "coordinates": [
          121.45179496521739,
          31.140013326086954
        ]
      },
      "properties": {
        "attraction_id": "A_25039",
        "kind": "tourism",
        "category": "leisure_park",
        "label": "Leisure / Park",
        "name": "",
        "area_m2": 2626.4766679871827,
        "weight": 47.626476667987184,
        "osm_id": 730605184
      }
    },
    {
      "type": "Feature",
      "geometry": {
        "type": "Point",
        "coordinates": [
          121.46001274285713,
          31.16783082857143
        ]
      },
      "properties": {
        "attraction_id": "A_25041",
        "kind": "tourism",
        "category": "leisure_park",
        "label": "Leisure / Park",
        "name": "",
        "area_m2": 325203.04209547956,
        "weight": 370.20304209547953,
        "osm_id": 730656918
      }
    },
    {
      "type": "Feature",
      "geometry": {
        "type": "Point",
        "coordinates": [
          121.49334275915493,
          31.201613164788732
        ]
      },
      "properties": {
        "attraction_id": "A_25042",
        "kind": "tourism",
        "category": "leisure_park",
        "label": "Leisure / Park",
        "name": "",
        "area_m2": 412477.65521493927,
        "weight": 457.47765521493926,
        "osm_id": 730656924
      }
    },
    {
      "type": "Feature",
      "geometry": {
        "type": "Point",
        "coordinates": [
          121.49767225999999,
          31.207632840000002
        ]
      },
      "properties": {
        "attraction_id": "A_25043",
        "kind": "tourism",
        "category": "leisure_park",
        "label": "Leisure / Park",
        "name": "",
        "area_m2": 4832.850487664342,
        "weight": 49.832850487664345,
        "osm_id": 730656928
      }
    },
    {
      "type": "Feature",
      "geometry": {
        "type": "Point",
        "coordinates": [
          121.4507564,
          31.148091500000003
        ]
      },
      "properties": {
        "attraction_id": "A_25044",
        "kind": "tourism",
        "category": "leisure_park",
        "label": "Leisure / Park",
        "name": "",
        "area_m2": 66.87255336949602,
        "weight": 45.06687255336949,
        "osm_id": 730656932
      }
    },
    {
      "type": "Feature",
      "geometry": {
        "type": "Point",
        "coordinates": [
          121.46040035749999,
          31.1384731525
        ]
      },
      "properties": {
        "attraction_id": "A_25045",
        "kind": "tourism",
        "category": "leisure_park",
        "label": "Leisure / Park",
        "name": "",
        "area_m2": 11016.358102709288,
        "weight": 56.01635810270929,
        "osm_id": 730658598
      }
    },
    {
      "type": "Feature",
      "geometry": {
        "type": "Point",
        "coordinates": [
          121.4659581372093,
          31.171092593023257
        ]
      },
      "properties": {
        "attraction_id": "A_25046",
        "kind": "tourism",
        "category": "leisure_park",
        "label": "Leisure / Park",
        "name": "",
        "area_m2": 66538.89823097084,
        "weight": 111.53889823097084,
        "osm_id": 730658599
      }
    },
    {
      "type": "Feature",
      "geometry": {
        "type": "Point",
        "coordinates": [
          121.48343156111112,
          31.190152952777776
        ]
      },
      "properties": {
        "attraction_id": "A_25062",
        "kind": "tourism",
        "category": "leisure_park",
        "label": "Leisure / Park",
        "name": "",
        "area_m2": 5455.481380157173,
        "weight": 50.455481380157174,
        "osm_id": 730933426
      }
    },
    {
      "type": "Feature",
      "geometry": {
        "type": "Point",
        "coordinates": [
          121.48893398,
          31.19208494
        ]
      },
      "properties": {
        "attraction_id": "A_25063",
        "kind": "tourism",
        "category": "leisure_park",
        "label": "Leisure / Park",
        "name": "",
        "area_m2": 676.3860105983913,
        "weight": 45.67638601059839,
        "osm_id": 730933427
      }
    },
    {
      "type": "Feature",
      "geometry": {
        "type": "Point",
        "coordinates": [
          121.50251011573033,
          31.205019496629212
        ]
      },
      "properties": {
        "attraction_id": "A_25064",
        "kind": "tourism",
        "category": "leisure_park",
        "label": "Leisure / Park",
        "name": "",
        "area_m2": 13006.21461457014,
        "weight": 58.00621461457014,
        "osm_id": 730934055
      }
    },
    {
      "type": "Feature",
      "geometry": {
        "type": "Point",
        "coordinates": [
          121.50937982,
          31.21808155
        ]
      },
      "properties": {
        "attraction_id": "A_25077",
        "kind": "tourism",
        "category": "hotel_tourism",
        "label": "Hotel / Tourism",
        "name": "上海鲁能JW万豪侯爵酒店",
        "area_m2": 7421.601412437856,
        "weight": 109.21601412437856,
        "osm_id": 732026539
      }
    },
    {
      "type": "Feature",
      "geometry": {
        "type": "Point",
        "coordinates": [
          121.52394109999999,
          31.21903997586207
        ]
      },
      "properties": {
        "attraction_id": "A_25092",
        "kind": "tourism",
        "category": "leisure_park",
        "label": "Leisure / Park",
        "name": "塘桥公园",
        "area_m2": 56939.913504593074,
        "weight": 101.93991350459308,
        "osm_id": 733763628
      }
    },
    {
      "type": "Feature",
      "geometry": {
        "type": "Point",
        "coordinates": [
          121.5022663625,
          31.2321868875
        ]
      },
      "properties": {
        "attraction_id": "A_25124",
        "kind": "tourism",
        "category": "leisure_park",
        "label": "Leisure / Park",
        "name": "",
        "area_m2": 297.8046194985509,
        "weight": 45.29780461949855,
        "osm_id": 743200394
      }
    },
    {
      "type": "Feature",
      "geometry": {
        "type": "Point",
        "coordinates": [
          121.42822532,
          31.207680900000003
        ]
      },
      "properties": {
        "attraction_id": "A_25125",
        "kind": "tourism",
        "category": "leisure_park",
        "label": "Leisure / Park",
        "name": "",
        "area_m2": 381.47017400339246,
        "weight": 45.38147017400339,
        "osm_id": 743778425
      }
    },
    {
      "type": "Feature",
      "geometry": {
        "type": "Point",
        "coordinates": [
          121.482575846875,
          31.246993990625
        ]
      },
      "properties": {
        "attraction_id": "A_25127",
        "kind": "tourism",
        "category": "hotel_tourism",
        "label": "Hotel / Tourism",
        "name": "上海苏宁宝丽嘉酒店",
        "area_m2": 6680.767455749214,
        "weight": 101.80767455749213,
        "osm_id": 744266710
      }
    },
    {
      "type": "Feature",
      "geometry": {
        "type": "Point",
        "coordinates": [
          121.482320628,
          31.25082946
        ]
      },
      "properties": {
        "attraction_id": "A_25195",
        "kind": "tourism",
        "category": "leisure_park",
        "label": "Leisure / Park",
        "name": "昆山公园",
        "area_m2": 4371.422901555896,
        "weight": 49.371422901555896,
        "osm_id": 744525771
      }
    },
    {
      "type": "Feature",
      "geometry": {
        "type": "Point",
        "coordinates": [
          121.493424659375,
          31.240701415625
        ]
      },
      "properties": {
        "attraction_id": "A_25256",
        "kind": "tourism",
        "category": "leisure_park",
        "label": "Leisure / Park",
        "name": "",
        "area_m2": 15780.491491489112,
        "weight": 60.780491491489116,
        "osm_id": 744539221
      }
    },
    {
      "type": "Feature",
      "geometry": {
        "type": "Point",
        "coordinates": [
          121.48915865000001,
          31.22534885
        ]
      },
      "properties": {
        "attraction_id": "A_25257",
        "kind": "tourism",
        "category": "leisure_park",
        "label": "Leisure / Park",
        "name": "",
        "area_m2": 314.8578116223216,
        "weight": 45.314857811622325,
        "osm_id": 745191063
      }
    },
    {
      "type": "Feature",
      "geometry": {
        "type": "Point",
        "coordinates": [
          121.464924275,
          31.211932125
        ]
      },
      "properties": {
        "attraction_id": "A_25263",
        "kind": "tourism",
        "category": "hotel_tourism",
        "label": "Hotel / Tourism",
        "name": "法租界会审公廨旧址",
        "area_m2": 391.0579797960818,
        "weight": 38.91057979796082,
        "osm_id": 745254448
      }
    },
    {
      "type": "Feature",
      "geometry": {
        "type": "Point",
        "coordinates": [
          121.49287674,
          31.20349016
        ]
      },
      "properties": {
        "attraction_id": "A_25264",
        "kind": "tourism",
        "category": "hotel_tourism",
        "label": "Hotel / Tourism",
        "name": "teamLab Borderless Shanghai",
        "area_m2": 2995.986267849803,
        "weight": 64.95986267849803,
        "osm_id": 745277155
      }
    },
    {
      "type": "Feature",
      "geometry": {
        "type": "Point",
        "coordinates": [
          121.4574970625,
          31.16988071875
        ]
      },
      "properties": {
        "attraction_id": "A_25270",
        "kind": "tourism",
        "category": "hotel_tourism",
        "label": "Hotel / Tourism",
        "name": "",
        "area_m2": 693.2372178845108,
        "weight": 41.93237217884511,
        "osm_id": 745277161
      }
    },
    {
      "type": "Feature",
      "geometry": {
        "type": "Point",
        "coordinates": [
          121.45934917333334,
          31.169541993333333
        ]
      },
      "properties": {
        "attraction_id": "A_25271",
        "kind": "tourism",
        "category": "hotel_tourism",
        "label": "Hotel / Tourism",
        "name": "西岸美术馆x蓬皮杜中心",
        "area_m2": 5449.681658063084,
        "weight": 89.49681658063085,
        "osm_id": 745277168
      }
    },
    {
      "type": "Feature",
      "geometry": {
        "type": "Point",
        "coordinates": [
          121.459376075,
          31.166564675
        ]
      },
      "properties": {
        "attraction_id": "A_25285",
        "kind": "tourism",
        "category": "hotel_tourism",
        "label": "Hotel / Tourism",
        "name": "油罐艺术中心",
        "area_m2": 730.2676981426775,
        "weight": 42.30267698142678,
        "osm_id": 745536118
      }
    },
    {
      "type": "Feature",
      "geometry": {
        "type": "Point",
        "coordinates": [
          121.495893275,
          31.22509715
        ]
      },
      "properties": {
        "attraction_id": "A_25288",
        "kind": "tourism",
        "category": "leisure_park",
        "label": "Leisure / Park",
        "name": "",
        "area_m2": 499.4098895788193,
        "weight": 45.49940988957882,
        "osm_id": 745677073
      }
    },
    {
      "type": "Feature",
      "geometry": {
        "type": "Point",
        "coordinates": [
          121.495734925,
          31.225046
        ]
      },
      "properties": {
        "attraction_id": "A_25289",
        "kind": "tourism",
        "category": "leisure_park",
        "label": "Leisure / Park",
        "name": "",
        "area_m2": 498.18508690595627,
        "weight": 45.498185086905956,
        "osm_id": 745677074
      }
    },
    {
      "type": "Feature",
      "geometry": {
        "type": "Point",
        "coordinates": [
          121.424333925,
          31.1616954
        ]
      },
      "properties": {
        "attraction_id": "A_25290",
        "kind": "tourism",
        "category": "leisure_park",
        "label": "Leisure / Park",
        "name": "",
        "area_m2": 499.5964545207098,
        "weight": 45.49959645452071,
        "osm_id": 752155471
      }
    },
    {
      "type": "Feature",
      "geometry": {
        "type": "Point",
        "coordinates": [
          121.424170175,
          31.16164255
        ]
      },
      "properties": {
        "attraction_id": "A_25291",
        "kind": "tourism",
        "category": "leisure_park",
        "label": "Leisure / Park",
        "name": "",
        "area_m2": 501.3197460481897,
        "weight": 45.50131974604819,
        "osm_id": 752155472
      }
    },
    {
      "type": "Feature",
      "geometry": {
        "type": "Point",
        "coordinates": [
          121.5367516875,
          31.15092805
        ]
      },
      "properties": {
        "attraction_id": "A_25292",
        "kind": "tourism",
        "category": "leisure_park",
        "label": "Leisure / Park",
        "name": "浦发公园",
        "area_m2": 54976.0632491773,
        "weight": 99.9760632491773,
        "osm_id": 753667831
      }
    },
    {
      "type": "Feature",
      "geometry": {
        "type": "Point",
        "coordinates": [
          121.428646225,
          31.19021055
        ]
      },
      "properties": {
        "attraction_id": "A_25312",
        "kind": "tourism",
        "category": "leisure_park",
        "label": "Leisure / Park",
        "name": "",
        "area_m2": 2545.7807330796495,
        "weight": 47.54578073307965,
        "osm_id": 754162591
      }
    },
    {
      "type": "Feature",
      "geometry": {
        "type": "Point",
        "coordinates": [
          121.43186275,
          31.19345615
        ]
      },
      "properties": {
        "attraction_id": "A_25313",
        "kind": "tourism",
        "category": "leisure_park",
        "label": "Leisure / Park",
        "name": "",
        "area_m2": 728.5710361916572,
        "weight": 45.72857103619166,
        "osm_id": 754210583
      }
    },
    {
      "type": "Feature",
      "geometry": {
        "type": "Point",
        "coordinates": [
          121.433829325,
          31.185254775
        ]
      },
      "properties": {
        "attraction_id": "A_25314",
        "kind": "tourism",
        "category": "leisure_park",
        "label": "Leisure / Park",
        "name": "",
        "area_m2": 358.8395063308999,
        "weight": 45.3588395063309,
        "osm_id": 754210584
      }
    },
    {
      "type": "Feature",
      "geometry": {
        "type": "Point",
        "coordinates": [
          121.434869425,
          31.183458575
        ]
      },
      "properties": {
        "attraction_id": "A_25315",
        "kind": "tourism",
        "category": "leisure_park",
        "label": "Leisure / Park",
        "name": "",
        "area_m2": 356.3645870452747,
        "weight": 45.35636458704528,
        "osm_id": 754210585
      }
    },
    {
      "type": "Feature",
      "geometry": {
        "type": "Point",
        "coordinates": [
          121.50266912857144,
          31.23228352857143
        ]
      },
      "properties": {
        "attraction_id": "A_25316",
        "kind": "tourism",
        "category": "leisure_park",
        "label": "Leisure / Park",
        "name": "",
        "area_m2": 690.6516227349639,
        "weight": 45.69065162273496,
        "osm_id": 754483189
      }
    },
    {
      "type": "Feature",
      "geometry": {
        "type": "Point",
        "coordinates": [
          121.50280184,
          31.23208416
        ]
      },
      "properties": {
        "attraction_id": "A_25317",
        "kind": "tourism",
        "category": "leisure_park",
        "label": "Leisure / Park",
        "name": "",
        "area_m2": 714.8301741182804,
        "weight": 45.71483017411828,
        "osm_id": 754483190
      }
    },
    {
      "type": "Feature",
      "geometry": {
        "type": "Point",
        "coordinates": [
          121.5063797125,
          31.2322979
        ]
      },
      "properties": {
        "attraction_id": "A_25325",
        "kind": "tourism",
        "category": "leisure_park",
        "label": "Leisure / Park",
        "name": "",
        "area_m2": 1350.5338736474514,
        "weight": 46.35053387364745,
        "osm_id": 754765336
      }
    },
    {
      "type": "Feature",
      "geometry": {
        "type": "Point",
        "coordinates": [
          121.50426315,
          31.2314487
        ]
      },
      "properties": {
        "attraction_id": "A_25327",
        "kind": "tourism",
        "category": "leisure_park",
        "label": "Leisure / Park",
        "name": "",
        "area_m2": 268.54423951357603,
        "weight": 45.268544239513574,
        "osm_id": 754767793
      }
    },
    {
      "type": "Feature",
      "geometry": {
        "type": "Point",
        "coordinates": [
          121.45578415,
          31.210152725
        ]
      },
      "properties": {
        "attraction_id": "A_25384",
        "kind": "tourism",
        "category": "leisure_park",
        "label": "Leisure / Park",
        "name": "",
        "area_m2": 168.57169998437166,
        "weight": 45.16857169998437,
        "osm_id": 755466662
      }
    },
    {
      "type": "Feature",
      "geometry": {
        "type": "Point",
        "coordinates": [
          121.456084125,
          31.211306649999997
        ]
      },
      "properties": {
        "attraction_id": "A_25386",
        "kind": "tourism",
        "category": "leisure_park",
        "label": "Leisure / Park",
        "name": "",
        "area_m2": 839.3077141568065,
        "weight": 45.83930771415681,
        "osm_id": 755466664
      }
    },
    {
      "type": "Feature",
      "geometry": {
        "type": "Point",
        "coordinates": [
          121.45464452857144,
          31.21913957142857
        ]
      },
      "properties": {
        "attraction_id": "A_25661",
        "kind": "commercial",
        "category": "retail_service",
        "label": "Retail / Service",
        "name": "百盛购物中心",
        "area_m2": 7068.398114219308,
        "weight": 108.35497642774135,
        "osm_id": 757482013
      }
    },
    {
      "type": "Feature",
      "geometry": {
        "type": "Point",
        "coordinates": [
          121.4548581,
          31.22027365
        ]
      },
      "properties": {
        "attraction_id": "A_25701",
        "kind": "tourism",
        "category": "leisure_park",
        "label": "Leisure / Park",
        "name": "",
        "area_m2": 294.3386168293655,
        "weight": 45.294338616829364,
        "osm_id": 757502016
      }
    },
    {
      "type": "Feature",
      "geometry": {
        "type": "Point",
        "coordinates": [
          121.455024475,
          31.22030725
        ]
      },
      "properties": {
        "attraction_id": "A_25702",
        "kind": "tourism",
        "category": "leisure_park",
        "label": "Leisure / Park",
        "name": "",
        "area_m2": 294.2144682519138,
        "weight": 45.294214468251916,
        "osm_id": 757502017
      }
    },
    {
      "type": "Feature",
      "geometry": {
        "type": "Point",
        "coordinates": [
          121.45521111666666,
          31.221802483333335
        ]
      },
      "properties": {
        "attraction_id": "A_25711",
        "kind": "tourism",
        "category": "hotel_tourism",
        "label": "Hotel / Tourism",
        "name": "",
        "area_m2": 4867.044707402587,
        "weight": 83.67044707402587,
        "osm_id": 757506896
      }
    },
    {
      "type": "Feature",
      "geometry": {
        "type": "Point",
        "coordinates": [
          121.45498971666666,
          31.221984008333333
        ]
      },
      "properties": {
        "attraction_id": "A_25712",
        "kind": "tourism",
        "category": "hotel_tourism",
        "label": "Hotel / Tourism",
        "name": "",
        "area_m2": 1201.0756319463253,
        "weight": 47.010756319463255,
        "osm_id": 757506897
      }
    },
    {
      "type": "Feature",
      "geometry": {
        "type": "Point",
        "coordinates": [
          121.45148875555554,
          31.216444455555557
        ]
      },
      "properties": {
        "attraction_id": "A_25722",
        "kind": "tourism",
        "category": "hotel_tourism",
        "label": "Hotel / Tourism",
        "name": "",
        "area_m2": 740.8416929654777,
        "weight": 42.40841692965478,
        "osm_id": 757511009
      }
    },
    {
      "type": "Feature",
      "geometry": {
        "type": "Point",
        "coordinates": [
          121.45102685,
          31.2122131
        ]
      },
      "properties": {
        "attraction_id": "A_25726",
        "kind": "tourism",
        "category": "leisure_park",
        "label": "Leisure / Park",
        "name": "",
        "area_m2": 420.32462245598435,
        "weight": 45.420324622455986,
        "osm_id": 760475703
      }
    },
    {
      "type": "Feature",
      "geometry": {
        "type": "Point",
        "coordinates": [
          121.45087095,
          31.212180150000002
        ]
      },
      "properties": {
        "attraction_id": "A_25727",
        "kind": "tourism",
        "category": "leisure_park",
        "label": "Leisure / Park",
        "name": "",
        "area_m2": 418.22372771427035,
        "weight": 45.41822372771427,
        "osm_id": 760475704
      }
    },
    {
      "type": "Feature",
      "geometry": {
        "type": "Point",
        "coordinates": [
          121.4507167,
          31.21214755
        ]
      },
      "properties": {
        "attraction_id": "A_25728",
        "kind": "tourism",
        "category": "leisure_park",
        "label": "Leisure / Park",
        "name": "",
        "area_m2": 411.44781586527824,
        "weight": 45.41144781586528,
        "osm_id": 760475705
      }
    },
    {
      "type": "Feature",
      "geometry": {
        "type": "Point",
        "coordinates": [
          121.455544675,
          31.2132037
        ]
      },
      "properties": {
        "attraction_id": "A_25729",
        "kind": "tourism",
        "category": "leisure_park",
        "label": "Leisure / Park",
        "name": "",
        "area_m2": 1954.5595327615738,
        "weight": 46.95455953276157,
        "osm_id": 760475708
      }
    },
    {
      "type": "Feature",
      "geometry": {
        "type": "Point",
        "coordinates": [
          121.459941,
          31.238108425
        ]
      },
      "properties": {
        "attraction_id": "A_25731",
        "kind": "tourism",
        "category": "leisure_park",
        "label": "Leisure / Park",
        "name": "",
        "area_m2": 470.6558926142752,
        "weight": 45.470655892614275,
        "osm_id": 761403175
      }
    },
    {
      "type": "Feature",
      "geometry": {
        "type": "Point",
        "coordinates": [
          121.44639455000001,
          31.22318455
        ]
      },
      "properties": {
        "attraction_id": "A_25735",
        "kind": "tourism",
        "category": "leisure_park",
        "label": "Leisure / Park",
        "name": "",
        "area_m2": 401.33636523783207,
        "weight": 45.40133636523783,
        "osm_id": 761493842
      }
    },
    {
      "type": "Feature",
      "geometry": {
        "type": "Point",
        "coordinates": [
          121.44673525,
          31.22328855
        ]
      },
      "properties": {
        "attraction_id": "A_25736",
        "kind": "tourism",
        "category": "leisure_park",
        "label": "Leisure / Park",
        "name": "",
        "area_m2": 417.6450343467295,
        "weight": 45.41764503434673,
        "osm_id": 761493843
      }
    },
    {
      "type": "Feature",
      "geometry": {
        "type": "Point",
        "coordinates": [
          121.44794841764705,
          31.22272458235294
        ]
      },
      "properties": {
        "attraction_id": "A_25737",
        "kind": "tourism",
        "category": "leisure_park",
        "label": "Leisure / Park",
        "name": "",
        "area_m2": 2060.680715456605,
        "weight": 47.060680715456606,
        "osm_id": 761493844
      }
    },
    {
      "type": "Feature",
      "geometry": {
        "type": "Point",
        "coordinates": [
          121.443640975,
          31.207572575
        ]
      },
      "properties": {
        "attraction_id": "A_25738",
        "kind": "tourism",
        "category": "leisure_park",
        "label": "Leisure / Park",
        "name": "",
        "area_m2": 513.2921621277928,
        "weight": 45.51329216212779,
        "osm_id": 761493845
      }
    },
    {
      "type": "Feature",
      "geometry": {
        "type": "Point",
        "coordinates": [
          121.443481875,
          31.2075483
        ]
      },
      "properties": {
        "attraction_id": "A_25739",
        "kind": "tourism",
        "category": "leisure_park",
        "label": "Leisure / Park",
        "name": "",
        "area_m2": 513.5538266524673,
        "weight": 45.51355382665247,
        "osm_id": 761493846
      }
    },
    {
      "type": "Feature",
      "geometry": {
        "type": "Point",
        "coordinates": [
          121.47790066428571,
          31.240591985714286
        ]
      },
      "properties": {
        "attraction_id": "A_25740",
        "kind": "tourism",
        "category": "leisure_park",
        "label": "Leisure / Park",
        "name": "",
        "area_m2": 1643.5999544858932,
        "weight": 46.64359995448589,
        "osm_id": 761632794
      }
    },
    {
      "type": "Feature",
      "geometry": {
        "type": "Point",
        "coordinates": [
          121.452671575,
          31.209563125
        ]
      },
      "properties": {
        "attraction_id": "A_25744",
        "kind": "tourism",
        "category": "leisure_park",
        "label": "Leisure / Park",
        "name": "",
        "area_m2": 447.9843858703971,
        "weight": 45.4479843858704,
        "osm_id": 761940195
      }
    },
    {
      "type": "Feature",
      "geometry": {
        "type": "Point",
        "coordinates": [
          121.4527167,
          31.2094331
        ]
      },
      "properties": {
        "attraction_id": "A_25745",
        "kind": "tourism",
        "category": "leisure_park",
        "label": "Leisure / Park",
        "name": "",
        "area_m2": 449.75798942521214,
        "weight": 45.449757989425215,
        "osm_id": 761940196
      }
    },
    {
      "type": "Feature",
      "geometry": {
        "type": "Point",
        "coordinates": [
          121.4546242,
          31.2090373
        ]
      },
      "properties": {
        "attraction_id": "A_25746",
        "kind": "tourism",
        "category": "leisure_park",
        "label": "Leisure / Park",
        "name": "",
        "area_m2": 597.9826395846903,
        "weight": 45.59798263958469,
        "osm_id": 761940197
      }
    },
    {
      "type": "Feature",
      "geometry": {
        "type": "Point",
        "coordinates": [
          121.4299089,
          31.206078075
        ]
      },
      "properties": {
        "attraction_id": "A_25757",
        "kind": "tourism",
        "category": "leisure_park",
        "label": "Leisure / Park",
        "name": "华山儿童公园",
        "area_m2": 948.8342198710889,
        "weight": 45.94883421987109,
        "osm_id": 763598760
      }
    },
    {
      "type": "Feature",
      "geometry": {
        "type": "Point",
        "coordinates": [
          121.45522991304348,
          31.221029291304347
        ]
      },
      "properties": {
        "attraction_id": "A_25785",
        "kind": "tourism",
        "category": "hotel_tourism",
        "label": "Hotel / Tourism",
        "name": "上海花园酒店",
        "area_m2": 33698.1367408447,
        "weight": 371.98136740844694,
        "osm_id": 764041127
      }
    },
    {
      "type": "Feature",
      "geometry": {
        "type": "Point",
        "coordinates": [
          121.43166842000001,
          31.216794500000002
        ]
      },
      "properties": {
        "attraction_id": "A_25791",
        "kind": "tourism",
        "category": "leisure_park",
        "label": "Leisure / Park",
        "name": "",
        "area_m2": 513.0899667926133,
        "weight": 45.51308996679261,
        "osm_id": 764542696
      }
    },
    {
      "type": "Feature",
      "geometry": {
        "type": "Point",
        "coordinates": [
          121.43159872777778,
          31.21660284444444
        ]
      },
      "properties": {
        "attraction_id": "A_25792",
        "kind": "tourism",
        "category": "leisure_park",
        "label": "Leisure / Park",
        "name": "",
        "area_m2": 1669.7615147083998,
        "weight": 46.6697615147084,
        "osm_id": 764542697
      }
    },
    {
      "type": "Feature",
      "geometry": {
        "type": "Point",
        "coordinates": [
          121.43159820666666,
          31.216645873333334
        ]
      },
      "properties": {
        "attraction_id": "A_25793",
        "kind": "tourism",
        "category": "leisure_park",
        "label": "Leisure / Park",
        "name": "",
        "area_m2": 2223.6082606520504,
        "weight": 47.22360826065205,
        "osm_id": 764542698
      }
    },
    {
      "type": "Feature",
      "geometry": {
        "type": "Point",
        "coordinates": [
          121.417962875,
          31.208594225
        ]
      },
      "properties": {
        "attraction_id": "A_25797",
        "kind": "tourism",
        "category": "leisure_park",
        "label": "Leisure / Park",
        "name": "",
        "area_m2": 1202.5967281786725,
        "weight": 46.20259672817867,
        "osm_id": 765274067
      }
    },
    {
      "type": "Feature",
      "geometry": {
        "type": "Point",
        "coordinates": [
          121.41054593846154,
          31.218569715384618
        ]
      },
      "properties": {
        "attraction_id": "A_25802",
        "kind": "commercial",
        "category": "retail_service",
        "label": "Retail / Service",
        "name": "来福士广场",
        "area_m2": 6704.316843950655,
        "weight": 103.80396054938319,
        "osm_id": 765274908
      }
    },
    {
      "type": "Feature",
      "geometry": {
        "type": "Point",
        "coordinates": [
          121.4117961,
          31.198226677777782
        ]
      },
      "properties": {
        "attraction_id": "A_25817",
        "kind": "tourism",
        "category": "leisure_park",
        "label": "Leisure / Park",
        "name": "",
        "area_m2": 1314.363223453518,
        "weight": 46.31436322345352,
        "osm_id": 765587930
      }
    },
    {
      "type": "Feature",
      "geometry": {
        "type": "Point",
        "coordinates": [
          121.421740975,
          31.19674225
        ]
      },
      "properties": {
        "attraction_id": "A_25823",
        "kind": "tourism",
        "category": "leisure_park",
        "label": "Leisure / Park",
        "name": "健身器械",
        "area_m2": 823.3172316420823,
        "weight": 45.82331723164208,
        "osm_id": 765716291
      }
    },
    {
      "type": "Feature",
      "geometry": {
        "type": "Point",
        "coordinates": [
          121.43223707499999,
          31.206269325
        ]
      },
      "properties": {
        "attraction_id": "A_25825",
        "kind": "tourism",
        "category": "leisure_park",
        "label": "Leisure / Park",
        "name": "",
        "area_m2": 499.41457345336676,
        "weight": 45.499414573453365,
        "osm_id": 765939971
      }
    },
    {
      "type": "Feature",
      "geometry": {
        "type": "Point",
        "coordinates": [
          121.4115705,
          31.206172875
        ]
      },
      "properties": {
        "attraction_id": "A_25858",
        "kind": "tourism",
        "category": "leisure_park",
        "label": "Leisure / Park",
        "name": "",
        "area_m2": 7649.790526869241,
        "weight": 52.64979052686924,
        "osm_id": 771071053
      }
    },
    {
      "type": "Feature",
      "geometry": {
        "type": "Point",
        "coordinates": [
          121.40051034999999,
          31.1994954
        ]
      },
      "properties": {
        "attraction_id": "A_25942",
        "kind": "tourism",
        "category": "hotel_tourism",
        "label": "Hotel / Tourism",
        "name": "程十发美术馆",
        "area_m2": 2743.9679968873897,
        "weight": 62.4396799688739,
        "osm_id": 783613995
      }
    },
    {
      "type": "Feature",
      "geometry": {
        "type": "Point",
        "coordinates": [
          121.45357,
          31.164253116666668
        ]
      },
      "properties": {
        "attraction_id": "A_26287",
        "kind": "tourism",
        "category": "hotel_tourism",
        "label": "Hotel / Tourism",
        "name": "西岸美高酒店",
        "area_m2": 2304.37192799896,
        "weight": 58.0437192799896,
        "osm_id": 792384131
      }
    },
    {
      "type": "Feature",
      "geometry": {
        "type": "Point",
        "coordinates": [
          121.46217898571429,
          31.18701322857143
        ]
      },
      "properties": {
        "attraction_id": "A_26438",
        "kind": "tourism",
        "category": "leisure_park",
        "label": "Leisure / Park",
        "name": "",
        "area_m2": 940.2996507361531,
        "weight": 45.94029965073615,
        "osm_id": 793718848
      }
    },
    {
      "type": "Feature",
      "geometry": {
        "type": "Point",
        "coordinates": [
          121.496800225,
          31.206732799999997
        ]
      },
      "properties": {
        "attraction_id": "A_26443",
        "kind": "tourism",
        "category": "leisure_park",
        "label": "Leisure / Park",
        "name": "",
        "area_m2": 1028.7925792858005,
        "weight": 46.0287925792858,
        "osm_id": 793731895
      }
    },
    {
      "type": "Feature",
      "geometry": {
        "type": "Point",
        "coordinates": [
          121.4965167,
          31.206520474999998
        ]
      },
      "properties": {
        "attraction_id": "A_26444",
        "kind": "tourism",
        "category": "leisure_park",
        "label": "Leisure / Park",
        "name": "",
        "area_m2": 763.8957498967648,
        "weight": 45.76389574989676,
        "osm_id": 793731896
      }
    },
    {
      "type": "Feature",
      "geometry": {
        "type": "Point",
        "coordinates": [
          121.49633795,
          31.20661805
        ]
      },
      "properties": {
        "attraction_id": "A_26445",
        "kind": "tourism",
        "category": "leisure_park",
        "label": "Leisure / Park",
        "name": "",
        "area_m2": 734.9104545116425,
        "weight": 45.73491045451164,
        "osm_id": 793731897
      }
    },
    {
      "type": "Feature",
      "geometry": {
        "type": "Point",
        "coordinates": [
          121.4876955,
          31.199146849999998
        ]
      },
      "properties": {
        "attraction_id": "A_26449",
        "kind": "tourism",
        "category": "leisure_park",
        "label": "Leisure / Park",
        "name": "",
        "area_m2": 2957.796769410372,
        "weight": 47.95779676941037,
        "osm_id": 793731905
      }
    },
    {
      "type": "Feature",
      "geometry": {
        "type": "Point",
        "coordinates": [
          121.49185359375,
          31.24010331875
        ]
      },
      "properties": {
        "attraction_id": "A_26596",
        "kind": "tourism",
        "category": "hotel_tourism",
        "label": "Hotel / Tourism",
        "name": "浦东美术馆",
        "area_m2": 6325.802553072572,
        "weight": 98.25802553072572,
        "osm_id": 803292747
      }
    },
    {
      "type": "Feature",
      "geometry": {
        "type": "Point",
        "coordinates": [
          121.4649544,
          31.255766649999998
        ]
      },
      "properties": {
        "attraction_id": "A_26614",
        "kind": "tourism",
        "category": "leisure_park",
        "label": "Leisure / Park",
        "name": "",
        "area_m2": 468.85718569904566,
        "weight": 45.468857185699044,
        "osm_id": 827221513
      }
    },
    {
      "type": "Feature",
      "geometry": {
        "type": "Point",
        "coordinates": [
          121.50435069,
          31.232323989999998
        ]
      },
      "properties": {
        "attraction_id": "A_26631",
        "kind": "tourism",
        "category": "leisure_park",
        "label": "Leisure / Park",
        "name": "",
        "area_m2": 318.53574573993683,
        "weight": 45.318535745739936,
        "osm_id": 836643374
      }
    },
    {
      "type": "Feature",
      "geometry": {
        "type": "Point",
        "coordinates": [
          121.55009542,
          31.24313942
        ]
      },
      "properties": {
        "attraction_id": "A_26636",
        "kind": "tourism",
        "category": "leisure_park",
        "label": "Leisure / Park",
        "name": "李氏民宅",
        "area_m2": 14320.34001378715,
        "weight": 59.32034001378715,
        "osm_id": 837687528
      }
    },
    {
      "type": "Feature",
      "geometry": {
        "type": "Point",
        "coordinates": [
          121.50330702941176,
          31.230320917647056
        ]
      },
      "properties": {
        "attraction_id": "A_26639",
        "kind": "tourism",
        "category": "leisure_park",
        "label": "Leisure / Park",
        "name": "",
        "area_m2": 214.13190764933825,
        "weight": 45.21413190764934,
        "osm_id": 837792138
      }
    },
    {
      "type": "Feature",
      "geometry": {
        "type": "Point",
        "coordinates": [
          121.5056852,
          31.230043136842106
        ]
      },
      "properties": {
        "attraction_id": "A_26652",
        "kind": "tourism",
        "category": "leisure_park",
        "label": "Leisure / Park",
        "name": "",
        "area_m2": 96.87614066898823,
        "weight": 45.09687614066899,
        "osm_id": 841161995
      }
    },
    {
      "type": "Feature",
      "geometry": {
        "type": "Point",
        "coordinates": [
          121.5059165,
          31.230648775
        ]
      },
      "properties": {
        "attraction_id": "A_26653",
        "kind": "tourism",
        "category": "leisure_park",
        "label": "Leisure / Park",
        "name": "",
        "area_m2": 686.5636141300201,
        "weight": 45.68656361413002,
        "osm_id": 841164254
      }
    },
    {
      "type": "Feature",
      "geometry": {
        "type": "Point",
        "coordinates": [
          121.507378125,
          31.23027425
        ]
      },
      "properties": {
        "attraction_id": "A_26654",
        "kind": "tourism",
        "category": "leisure_park",
        "label": "Leisure / Park",
        "name": "",
        "area_m2": 1746.6685771271586,
        "weight": 46.74666857712716,
        "osm_id": 841164698
      }
    },
    {
      "type": "Feature",
      "geometry": {
        "type": "Point",
        "coordinates": [
          121.46455988571428,
          31.22246357142857
        ]
      },
      "properties": {
        "attraction_id": "A_27368",
        "kind": "commercial",
        "category": "retail_service",
        "label": "Retail / Service",
        "name": "锦江国际购物中心",
        "area_m2": 3706.964889280498,
        "weight": 66.33706111600623,
        "osm_id": 859447863
      }
    },
    {
      "type": "Feature",
      "geometry": {
        "type": "Point",
        "coordinates": [
          121.4655301,
          31.220909
        ]
      },
      "properties": {
        "attraction_id": "A_27405",
        "kind": "tourism",
        "category": "hotel_tourism",
        "label": "Hotel / Tourism",
        "name": "璞邸精品酒店",
        "area_m2": 1019.2688739821315,
        "weight": 45.192688739821314,
        "osm_id": 859447907
      }
    },
    {
      "type": "Feature",
      "geometry": {
        "type": "Point",
        "coordinates": [
          121.53117209999999,
          31.2283162625
        ]
      },
      "properties": {
        "attraction_id": "A_28030",
        "kind": "tourism",
        "category": "hotel_tourism",
        "label": "Hotel / Tourism",
        "name": "上海通茂大酒店",
        "area_m2": 3460.079758860171,
        "weight": 69.60079758860171,
        "osm_id": 860580643
      }
    },
    {
      "type": "Feature",
      "geometry": {
        "type": "Point",
        "coordinates": [
          121.42139171666668,
          31.242679566666666
        ]
      },
      "properties": {
        "attraction_id": "A_31074",
        "kind": "tourism",
        "category": "hotel_tourism",
        "label": "Hotel / Tourism",
        "name": "",
        "area_m2": 612.5473344959319,
        "weight": 41.12547334495932,
        "osm_id": 862258492
      }
    },
    {
      "type": "Feature",
      "geometry": {
        "type": "Point",
        "coordinates": [
          121.41555641,
          31.179056775
        ]
      },
      "properties": {
        "attraction_id": "A_32332",
        "kind": "commercial",
        "category": "retail_service",
        "label": "Retail / Service",
        "name": "圣诺亚广场",
        "area_m2": 4332.399834207725,
        "weight": 74.15499792759655,
        "osm_id": 862439747
      }
    },
    {
      "type": "Feature",
      "geometry": {
        "type": "Point",
        "coordinates": [
          121.42060151999999,
          31.235538709999997
        ]
      },
      "properties": {
        "attraction_id": "A_32676",
        "kind": "tourism",
        "category": "hotel_tourism",
        "label": "Hotel / Tourism",
        "name": "上海绿地普陀智选假日酒店",
        "area_m2": 1367.6721645910293,
        "weight": 48.67672164591029,
        "osm_id": 862868135
      }
    },
    {
      "type": "Feature",
      "geometry": {
        "type": "Point",
        "coordinates": [
          121.409222775,
          31.162928049999998
        ]
      },
      "properties": {
        "attraction_id": "A_34068",
        "kind": "tourism",
        "category": "leisure_park",
        "label": "Leisure / Park",
        "name": "",
        "area_m2": 2347.400062735658,
        "weight": 47.34740006273566,
        "osm_id": 863132765
      }
    },
    {
      "type": "Feature",
      "geometry": {
        "type": "Point",
        "coordinates": [
          121.4131902,
          31.1544351
        ]
      },
      "properties": {
        "attraction_id": "A_40249",
        "kind": "tourism",
        "category": "leisure_park",
        "label": "Leisure / Park",
        "name": "",
        "area_m2": 1233.9986314104171,
        "weight": 46.233998631410415,
        "osm_id": 865099414
      }
    },
    {
      "type": "Feature",
      "geometry": {
        "type": "Point",
        "coordinates": [
          121.560036975,
          31.1640215
        ]
      },
      "properties": {
        "attraction_id": "A_40821",
        "kind": "tourism",
        "category": "leisure_park",
        "label": "Leisure / Park",
        "name": "",
        "area_m2": 10964.787346858531,
        "weight": 55.96478734685853,
        "osm_id": 867497151
      }
    },
    {
      "type": "Feature",
      "geometry": {
        "type": "Point",
        "coordinates": [
          121.54010019230769,
          31.16000206923077
        ]
      },
      "properties": {
        "attraction_id": "A_40822",
        "kind": "tourism",
        "category": "leisure_park",
        "label": "Leisure / Park",
        "name": "",
        "area_m2": 22825.524993222207,
        "weight": 67.8255249932222,
        "osm_id": 867497152
      }
    },
    {
      "type": "Feature",
      "geometry": {
        "type": "Point",
        "coordinates": [
          121.54553664166667,
          31.160818966666668
        ]
      },
      "properties": {
        "attraction_id": "A_40825",
        "kind": "tourism",
        "category": "leisure_park",
        "label": "Leisure / Park",
        "name": "",
        "area_m2": 10865.251090308651,
        "weight": 55.865251090308654,
        "osm_id": 868402173
      }
    },
    {
      "type": "Feature",
      "geometry": {
        "type": "Point",
        "coordinates": [
          121.5232626,
          31.1548113375
        ]
      },
      "properties": {
        "attraction_id": "A_40826",
        "kind": "tourism",
        "category": "leisure_park",
        "label": "Leisure / Park",
        "name": "",
        "area_m2": 4719.52574105002,
        "weight": 49.71952574105002,
        "osm_id": 868402183
      }
    },
    {
      "type": "Feature",
      "geometry": {
        "type": "Point",
        "coordinates": [
          121.48456482222224,
          31.148889766666667
        ]
      },
      "properties": {
        "attraction_id": "A_40827",
        "kind": "tourism",
        "category": "leisure_park",
        "label": "Leisure / Park",
        "name": "",
        "area_m2": 31942.81576133985,
        "weight": 76.94281576133986,
        "osm_id": 868402185
      }
    },
    {
      "type": "Feature",
      "geometry": {
        "type": "Point",
        "coordinates": [
          121.48425615454545,
          31.151284063636364
        ]
      },
      "properties": {
        "attraction_id": "A_40828",
        "kind": "tourism",
        "category": "leisure_park",
        "label": "Leisure / Park",
        "name": "",
        "area_m2": 42704.82834716514,
        "weight": 87.70482834716515,
        "osm_id": 868402186
      }
    },
    {
      "type": "Feature",
      "geometry": {
        "type": "Point",
        "coordinates": [
          121.48148545333333,
          31.150643006666666
        ]
      },
      "properties": {
        "attraction_id": "A_40829",
        "kind": "tourism",
        "category": "leisure_park",
        "label": "Leisure / Park",
        "name": "",
        "area_m2": 21536.662485048175,
        "weight": 66.53666248504817,
        "osm_id": 868402187
      }
    },
    {
      "type": "Feature",
      "geometry": {
        "type": "Point",
        "coordinates": [
          121.48215172857144,
          31.14828917142857
        ]
      },
      "properties": {
        "attraction_id": "A_40830",
        "kind": "tourism",
        "category": "leisure_park",
        "label": "Leisure / Park",
        "name": "",
        "area_m2": 72589.76412980678,
        "weight": 117.58976412980678,
        "osm_id": 868402188
      }
    },
    {
      "type": "Feature",
      "geometry": {
        "type": "Point",
        "coordinates": [
          121.45911924736842,
          31.14828329122807
        ]
      },
      "properties": {
        "attraction_id": "A_40831",
        "kind": "tourism",
        "category": "leisure_park",
        "label": "Leisure / Park",
        "name": "前滩体育公园",
        "area_m2": 103397.88674409105,
        "weight": 148.39788674409107,
        "osm_id": 868402190
      }
    },
    {
      "type": "Feature",
      "geometry": {
        "type": "Point",
        "coordinates": [
          121.4561562451613,
          31.144449006451612
        ]
      },
      "properties": {
        "attraction_id": "A_40832",
        "kind": "tourism",
        "category": "leisure_park",
        "label": "Leisure / Park",
        "name": "",
        "area_m2": 78642.6519296458,
        "weight": 123.6426519296458,
        "osm_id": 868402191
      }
    },
    {
      "type": "Feature",
      "geometry": {
        "type": "Point",
        "coordinates": [
          121.45069362142858,
          31.14391057142857
        ]
      },
      "properties": {
        "attraction_id": "A_40833",
        "kind": "tourism",
        "category": "leisure_park",
        "label": "Leisure / Park",
        "name": "",
        "area_m2": 15555.25310269103,
        "weight": 60.555253102691026,
        "osm_id": 868402192
      }
    },
    {
      "type": "Feature",
      "geometry": {
        "type": "Point",
        "coordinates": [
          121.450836925,
          31.148116979999998
        ]
      },
      "properties": {
        "attraction_id": "A_40834",
        "kind": "tourism",
        "category": "leisure_park",
        "label": "Leisure / Park",
        "name": "",
        "area_m2": 33156.77242529974,
        "weight": 78.15677242529975,
        "osm_id": 868402193
      }
    },
    {
      "type": "Feature",
      "geometry": {
        "type": "Point",
        "coordinates": [
          121.40684802857143,
          31.14599092857143
        ]
      },
      "properties": {
        "attraction_id": "A_40835",
        "kind": "tourism",
        "category": "leisure_park",
        "label": "Leisure / Park",
        "name": "",
        "area_m2": 46513.482699320564,
        "weight": 91.51348269932056,
        "osm_id": 868402194
      }
    },
    {
      "type": "Feature",
      "geometry": {
        "type": "Point",
        "coordinates": [
          121.40595518571429,
          31.147742614285715
        ]
      },
      "properties": {
        "attraction_id": "A_40836",
        "kind": "tourism",
        "category": "leisure_park",
        "label": "Leisure / Park",
        "name": "",
        "area_m2": 17395.444072609243,
        "weight": 62.395444072609244,
        "osm_id": 868402195
      }
    },
    {
      "type": "Feature",
      "geometry": {
        "type": "Point",
        "coordinates": [
          121.4043444142857,
          31.15106485
        ]
      },
      "properties": {
        "attraction_id": "A_40837",
        "kind": "tourism",
        "category": "leisure_park",
        "label": "Leisure / Park",
        "name": "",
        "area_m2": 69789.58783077975,
        "weight": 114.78958783077975,
        "osm_id": 868402196
      }
    },
    {
      "type": "Feature",
      "geometry": {
        "type": "Point",
        "coordinates": [
          121.40257793999999,
          31.155707569999997
        ]
      },
      "properties": {
        "attraction_id": "A_40838",
        "kind": "tourism",
        "category": "leisure_park",
        "label": "Leisure / Park",
        "name": "",
        "area_m2": 22685.264902282826,
        "weight": 67.68526490228282,
        "osm_id": 868402197
      }
    },
    {
      "type": "Feature",
      "geometry": {
        "type": "Point",
        "coordinates": [
          121.43321120476192,
          31.257511695238094
        ]
      },
      "properties": {
        "attraction_id": "A_40841",
        "kind": "tourism",
        "category": "leisure_park",
        "label": "Leisure / Park",
        "name": "",
        "area_m2": 36261.49036373198,
        "weight": 81.26149036373198,
        "osm_id": 868712055
      }
    },
    {
      "type": "Feature",
      "geometry": {
        "type": "Point",
        "coordinates": [
          121.42268705,
          31.25949801666667
        ]
      },
      "properties": {
        "attraction_id": "A_40842",
        "kind": "tourism",
        "category": "leisure_park",
        "label": "Leisure / Park",
        "name": "管弄公园",
        "area_m2": 13167.564857188612,
        "weight": 58.16756485718861,
        "osm_id": 868712056
      }
    },
    {
      "type": "Feature",
      "geometry": {
        "type": "Point",
        "coordinates": [
          121.50776754,
          31.1972782
        ]
      },
      "properties": {
        "attraction_id": "A_40845",
        "kind": "commercial",
        "category": "retail_service",
        "label": "Retail / Service",
        "name": "百联临沂购物中心",
        "area_m2": 11122.930567421019,
        "weight": 159.03663209276274,
        "osm_id": 868938326
      }
    },
    {
      "type": "Feature",
      "geometry": {
        "type": "Point",
        "coordinates": [
          121.52856677931035,
          31.2230434
        ]
      },
      "properties": {
        "attraction_id": "A_40846",
        "kind": "tourism",
        "category": "leisure_park",
        "label": "Leisure / Park",
        "name": "竹园绿地",
        "area_m2": 109460.16268072277,
        "weight": 154.46016268072276,
        "osm_id": 869135472
      }
    },
    {
      "type": "Feature",
      "geometry": {
        "type": "Point",
        "coordinates": [
          121.548144825,
          31.206350387500002
        ]
      },
      "properties": {
        "attraction_id": "A_40847",
        "kind": "tourism",
        "category": "leisure_park",
        "label": "Leisure / Park",
        "name": "",
        "area_m2": 5960.43248488009,
        "weight": 50.96043248488009,
        "osm_id": 869135473
      }
    },
    {
      "type": "Feature",
      "geometry": {
        "type": "Point",
        "coordinates": [
          121.55673859166666,
          31.205290375
        ]
      },
      "properties": {
        "attraction_id": "A_40848",
        "kind": "tourism",
        "category": "leisure_park",
        "label": "Leisure / Park",
        "name": "",
        "area_m2": 28511.70050998032,
        "weight": 73.51170050998033,
        "osm_id": 869135474
      }
    },
    {
      "type": "Feature",
      "geometry": {
        "type": "Point",
        "coordinates": [
          121.55614753846154,
          31.20378803846154
        ]
      },
      "properties": {
        "attraction_id": "A_40849",
        "kind": "tourism",
        "category": "leisure_park",
        "label": "Leisure / Park",
        "name": "",
        "area_m2": 5025.2211359366775,
        "weight": 50.025221135936675,
        "osm_id": 869135475
      }
    },
    {
      "type": "Feature",
      "geometry": {
        "type": "Point",
        "coordinates": [
          121.55949726666667,
          31.175702866666665
        ]
      },
      "properties": {
        "attraction_id": "A_40850",
        "kind": "tourism",
        "category": "leisure_park",
        "label": "Leisure / Park",
        "name": "",
        "area_m2": 6377.389202553779,
        "weight": 51.37738920255378,
        "osm_id": 869135483
      }
    },
    {
      "type": "Feature",
      "geometry": {
        "type": "Point",
        "coordinates": [
          121.56029825384616,
          31.176037584615383
        ]
      },
      "properties": {
        "attraction_id": "A_40851",
        "kind": "tourism",
        "category": "leisure_park",
        "label": "Leisure / Park",
        "name": "",
        "area_m2": 4901.488645173609,
        "weight": 49.90148864517361,
        "osm_id": 869135484
      }
    },
    {
      "type": "Feature",
      "geometry": {
        "type": "Point",
        "coordinates": [
          121.54325825,
          31.254454296153845
        ]
      },
      "properties": {
        "attraction_id": "A_40852",
        "kind": "tourism",
        "category": "leisure_park",
        "label": "Leisure / Park",
        "name": "",
        "area_m2": 68114.54608131945,
        "weight": 113.11454608131945,
        "osm_id": 870410935
      }
    },
    {
      "type": "Feature",
      "geometry": {
        "type": "Point",
        "coordinates": [
          121.53925934615384,
          31.25268949230769
        ]
      },
      "properties": {
        "attraction_id": "A_40853",
        "kind": "tourism",
        "category": "leisure_park",
        "label": "Leisure / Park",
        "name": "",
        "area_m2": 12809.81747931242,
        "weight": 57.80981747931242,
        "osm_id": 870410937
      }
    },
    {
      "type": "Feature",
      "geometry": {
        "type": "Point",
        "coordinates": [
          121.52387421403509,
          31.247197517543857
        ]
      },
      "properties": {
        "attraction_id": "A_40854",
        "kind": "tourism",
        "category": "leisure_park",
        "label": "Leisure / Park",
        "name": "浦江东岸",
        "area_m2": 180113.81920678914,
        "weight": 225.11381920678915,
        "osm_id": 870410938
      }
    },
    {
      "type": "Feature",
      "geometry": {
        "type": "Point",
        "coordinates": [
          121.50431086923078,
          31.205354946153843
        ]
      },
      "properties": {
        "attraction_id": "A_40855",
        "kind": "tourism",
        "category": "leisure_park",
        "label": "Leisure / Park",
        "name": "",
        "area_m2": 6590.359776414931,
        "weight": 51.59035977641493,
        "osm_id": 870410942
      }
    },
    {
      "type": "Feature",
      "geometry": {
        "type": "Point",
        "coordinates": [
          121.50329513,
          31.20589003
        ]
      },
      "properties": {
        "attraction_id": "A_40856",
        "kind": "tourism",
        "category": "leisure_park",
        "label": "Leisure / Park",
        "name": "",
        "area_m2": 7084.732834003866,
        "weight": 52.084732834003866,
        "osm_id": 870410943
      }
    },
    {
      "type": "Feature",
      "geometry": {
        "type": "Point",
        "coordinates": [
          121.50381893846155,
          31.20785318461538
        ]
      },
      "properties": {
        "attraction_id": "A_40857",
        "kind": "tourism",
        "category": "leisure_park",
        "label": "Leisure / Park",
        "name": "",
        "area_m2": 16630.926001027226,
        "weight": 61.63092600102723,
        "osm_id": 870410944
      }
    },
    {
      "type": "Feature",
      "geometry": {
        "type": "Point",
        "coordinates": [
          121.5057133,
          31.208125525
        ]
      },
      "properties": {
        "attraction_id": "A_40858",
        "kind": "tourism",
        "category": "leisure_park",
        "label": "Leisure / Park",
        "name": "",
        "area_m2": 5808.841456122696,
        "weight": 50.80884145612269,
        "osm_id": 870410945
      }
    },
    {
      "type": "Feature",
      "geometry": {
        "type": "Point",
        "coordinates": [
          121.50621376000001,
          31.212822019999997
        ]
      },
      "properties": {
        "attraction_id": "A_40859",
        "kind": "tourism",
        "category": "leisure_park",
        "label": "Leisure / Park",
        "name": "",
        "area_m2": 12480.900829613209,
        "weight": 57.480900829613205,
        "osm_id": 870410947
      }
    },
    {
      "type": "Feature",
      "geometry": {
        "type": "Point",
        "coordinates": [
          121.507778795,
          31.215955055000002
        ]
      },
      "properties": {
        "attraction_id": "A_40860",
        "kind": "tourism",
        "category": "leisure_park",
        "label": "Leisure / Park",
        "name": "",
        "area_m2": 12840.713683769107,
        "weight": 57.84071368376911,
        "osm_id": 870410951
      }
    },
    {
      "type": "Feature",
      "geometry": {
        "type": "Point",
        "coordinates": [
          121.50537438333333,
          31.210797483333334
        ]
      },
      "properties": {
        "attraction_id": "A_40861",
        "kind": "tourism",
        "category": "leisure_park",
        "label": "Leisure / Park",
        "name": "",
        "area_m2": 4033.486508525908,
        "weight": 49.03348650852591,
        "osm_id": 870410952
      }
    },
    {
      "type": "Feature",
      "geometry": {
        "type": "Point",
        "coordinates": [
          121.49799307272728,
          31.210408536363637
        ]
      },
      "properties": {
        "attraction_id": "A_40862",
        "kind": "tourism",
        "category": "leisure_park",
        "label": "Leisure / Park",
        "name": "",
        "area_m2": 8058.796105183661,
        "weight": 53.05879610518366,
        "osm_id": 870410953
      }
    },
    {
      "type": "Feature",
      "geometry": {
        "type": "Point",
        "coordinates": [
          121.49755239000001,
          31.20956137
        ]
      },
      "properties": {
        "attraction_id": "A_40863",
        "kind": "tourism",
        "category": "leisure_park",
        "label": "Leisure / Park",
        "name": "",
        "area_m2": 3997.284387052059,
        "weight": 48.99728438705206,
        "osm_id": 870410954
      }
    },
    {
      "type": "Feature",
      "geometry": {
        "type": "Point",
        "coordinates": [
          121.40835075294117,
          31.209827217647057
        ]
      },
      "properties": {
        "attraction_id": "A_40864",
        "kind": "tourism",
        "category": "leisure_park",
        "label": "Leisure / Park",
        "name": "",
        "area_m2": 29634.869786150288,
        "weight": 74.63486978615029,
        "osm_id": 870429012
      }
    },
    {
      "type": "Feature",
      "geometry": {
        "type": "Point",
        "coordinates": [
          121.50116981666667,
          31.25107804166667
        ]
      },
      "properties": {
        "attraction_id": "A_40865",
        "kind": "tourism",
        "category": "leisure_park",
        "label": "Leisure / Park",
        "name": "",
        "area_m2": 17266.55923219025,
        "weight": 62.26655923219025,
        "osm_id": 870436402
      }
    },
    {
      "type": "Feature",
      "geometry": {
        "type": "Point",
        "coordinates": [
          121.50398555833334,
          31.251414775
        ]
      },
      "properties": {
        "attraction_id": "A_40866",
        "kind": "tourism",
        "category": "leisure_park",
        "label": "Leisure / Park",
        "name": "",
        "area_m2": 1669.648049555719,
        "weight": 46.66964804955572,
        "osm_id": 870436403
      }
    },
    {
      "type": "Feature",
      "geometry": {
        "type": "Point",
        "coordinates": [
          121.50416534444444,
          31.25169242222222
        ]
      },
      "properties": {
        "attraction_id": "A_40867",
        "kind": "tourism",
        "category": "leisure_park",
        "label": "Leisure / Park",
        "name": "",
        "area_m2": 788.5679483562708,
        "weight": 45.788567948356274,
        "osm_id": 870436404
      }
    },
    {
      "type": "Feature",
      "geometry": {
        "type": "Point",
        "coordinates": [
          121.5056975,
          31.25147216666667
        ]
      },
      "properties": {
        "attraction_id": "A_40868",
        "kind": "tourism",
        "category": "leisure_park",
        "label": "Leisure / Park",
        "name": "",
        "area_m2": 3054.430244088173,
        "weight": 48.054430244088174,
        "osm_id": 870436405
      }
    },
    {
      "type": "Feature",
      "geometry": {
        "type": "Point",
        "coordinates": [
          121.50736031428572,
          31.25149502142857
        ]
      },
      "properties": {
        "attraction_id": "A_40869",
        "kind": "tourism",
        "category": "leisure_park",
        "label": "Leisure / Park",
        "name": "",
        "area_m2": 4470.2406330779195,
        "weight": 49.47024063307792,
        "osm_id": 870436406
      }
    },
    {
      "type": "Feature",
      "geometry": {
        "type": "Point",
        "coordinates": [
          121.51048105,
          31.251630970833332
        ]
      },
      "properties": {
        "attraction_id": "A_40870",
        "kind": "tourism",
        "category": "leisure_park",
        "label": "Leisure / Park",
        "name": "",
        "area_m2": 11406.98232575506,
        "weight": 56.40698232575506,
        "osm_id": 870436407
      }
    },
    {
      "type": "Feature",
      "geometry": {
        "type": "Point",
        "coordinates": [
          121.514749475,
          31.251327
        ]
      },
      "properties": {
        "attraction_id": "A_40871",
        "kind": "tourism",
        "category": "leisure_park",
        "label": "Leisure / Park",
        "name": "",
        "area_m2": 3210.2071687579155,
        "weight": 48.21020716875792,
        "osm_id": 870436408
      }
    },
    {
      "type": "Feature",
      "geometry": {
        "type": "Point",
        "coordinates": [
          121.49769609696969,
          31.20683794545454
        ]
      },
      "properties": {
        "attraction_id": "A_40872",
        "kind": "tourism",
        "category": "leisure_park",
        "label": "Leisure / Park",
        "name": "",
        "area_m2": 17818.866041127592,
        "weight": 62.81886604112759,
        "osm_id": 870546897
      }
    },
    {
      "type": "Feature",
      "geometry": {
        "type": "Point",
        "coordinates": [
          121.49982338461538,
          31.201863173076923
        ]
      },
      "properties": {
        "attraction_id": "A_40873",
        "kind": "tourism",
        "category": "leisure_park",
        "label": "Leisure / Park",
        "name": "",
        "area_m2": 32011.921410057694,
        "weight": 77.0119214100577,
        "osm_id": 870546898
      }
    },
    {
      "type": "Feature",
      "geometry": {
        "type": "Point",
        "coordinates": [
          121.4980419090909,
          31.19558261818182
        ]
      },
      "properties": {
        "attraction_id": "A_40874",
        "kind": "tourism",
        "category": "leisure_park",
        "label": "Leisure / Park",
        "name": "",
        "area_m2": 15424.854007646441,
        "weight": 60.424854007646445,
        "osm_id": 870546899
      }
    },
    {
      "type": "Feature",
      "geometry": {
        "type": "Point",
        "coordinates": [
          121.45787117647058,
          31.175205752941178
        ]
      },
      "properties": {
        "attraction_id": "A_40875",
        "kind": "tourism",
        "category": "leisure_park",
        "label": "Leisure / Park",
        "name": "",
        "area_m2": 13046.531900370494,
        "weight": 58.046531900370496,
        "osm_id": 870546902
      }
    },
    {
      "type": "Feature",
      "geometry": {
        "type": "Point",
        "coordinates": [
          121.46008183333333,
          31.165951241666665
        ]
      },
      "properties": {
        "attraction_id": "A_40876",
        "kind": "tourism",
        "category": "leisure_park",
        "label": "Leisure / Park",
        "name": "",
        "area_m2": 11888.386147499084,
        "weight": 56.888386147499084,
        "osm_id": 870546903
      }
    },
    {
      "type": "Feature",
      "geometry": {
        "type": "Point",
        "coordinates": [
          121.45898963076924,
          31.139931292307693
        ]
      },
      "properties": {
        "attraction_id": "A_40877",
        "kind": "tourism",
        "category": "leisure_park",
        "label": "Leisure / Park",
        "name": "",
        "area_m2": 28517.263776147942,
        "weight": 73.51726377614794,
        "osm_id": 870546904
      }
    },
    {
      "type": "Feature",
      "geometry": {
        "type": "Point",
        "coordinates": [
          121.49535183333334,
          31.25328915
        ]
      },
      "properties": {
        "attraction_id": "A_40882",
        "kind": "tourism",
        "category": "leisure_park",
        "label": "Leisure / Park",
        "name": "",
        "area_m2": 3645.5036134794354,
        "weight": 48.645503613479434,
        "osm_id": 871712756
      }
    },
    {
      "type": "Feature",
      "geometry": {
        "type": "Point",
        "coordinates": [
          121.47544840588235,
          31.171179305882355
        ]
      },
      "properties": {
        "attraction_id": "A_40883",
        "kind": "tourism",
        "category": "leisure_park",
        "label": "Leisure / Park",
        "name": "济阳公园",
        "area_m2": 26645.56743711233,
        "weight": 71.64556743711233,
        "osm_id": 871722895
      }
    },
    {
      "type": "Feature",
      "geometry": {
        "type": "Point",
        "coordinates": [
          121.47618493928572,
          31.164556689285714
        ]
      },
      "properties": {
        "attraction_id": "A_40884",
        "kind": "tourism",
        "category": "leisure_park",
        "label": "Leisure / Park",
        "name": "",
        "area_m2": 8107.401084098965,
        "weight": 53.10740108409897,
        "osm_id": 871722896
      }
    },
    {
      "type": "Feature",
      "geometry": {
        "type": "Point",
        "coordinates": [
          121.436141875,
          31.225760725
        ]
      },
      "properties": {
        "attraction_id": "A_40897",
        "kind": "tourism",
        "category": "leisure_park",
        "label": "Leisure / Park",
        "name": "",
        "area_m2": 1879.1452528610826,
        "weight": 46.87914525286108,
        "osm_id": 876686835
      }
    },
    {
      "type": "Feature",
      "geometry": {
        "type": "Point",
        "coordinates": [
          121.55434195,
          31.234863016666665
        ]
      },
      "properties": {
        "attraction_id": "A_40905",
        "kind": "tourism",
        "category": "leisure_park",
        "label": "Leisure / Park",
        "name": "曼云体育馆",
        "area_m2": 6020.473814770579,
        "weight": 51.02047381477058,
        "osm_id": 877401726
      }
    },
    {
      "type": "Feature",
      "geometry": {
        "type": "Point",
        "coordinates": [
          121.55786396666666,
          31.232605380952382
        ]
      },
      "properties": {
        "attraction_id": "A_40985",
        "kind": "tourism",
        "category": "leisure_park",
        "label": "Leisure / Park",
        "name": "",
        "area_m2": 4986.666822835803,
        "weight": 49.9866668228358,
        "osm_id": 878581520
      }
    },
    {
      "type": "Feature",
      "geometry": {
        "type": "Point",
        "coordinates": [
          121.557864025,
          31.23225395
        ]
      },
      "properties": {
        "attraction_id": "A_40986",
        "kind": "tourism",
        "category": "leisure_park",
        "label": "Leisure / Park",
        "name": "",
        "area_m2": 2233.211170554161,
        "weight": 47.23321117055416,
        "osm_id": 878581521
      }
    },
    {
      "type": "Feature",
      "geometry": {
        "type": "Point",
        "coordinates": [
          121.555872,
          31.2315787
        ]
      },
      "properties": {
        "attraction_id": "A_40989",
        "kind": "tourism",
        "category": "leisure_park",
        "label": "Leisure / Park",
        "name": "",
        "area_m2": 540.6793670654297,
        "weight": 45.54067936706543,
        "osm_id": 878581530
      }
    },
    {
      "type": "Feature",
      "geometry": {
        "type": "Point",
        "coordinates": [
          121.4482916,
          31.2127144
        ]
      },
      "properties": {
        "attraction_id": "A_41034",
        "kind": "tourism",
        "category": "hotel_tourism",
        "label": "Hotel / Tourism",
        "name": "",
        "area_m2": 253.51400063931942,
        "weight": 37.53514000639319,
        "osm_id": 884027234
      }
    },
    {
      "type": "Feature",
      "geometry": {
        "type": "Point",
        "coordinates": [
          121.5582354,
          31.2378371
        ]
      },
      "properties": {
        "attraction_id": "A_41040",
        "kind": "tourism",
        "category": "hotel_tourism",
        "label": "Hotel / Tourism",
        "name": "海友酒店(崮山路店)",
        "area_m2": 184.86126525700092,
        "weight": 36.84861265257001,
        "osm_id": 884364366
      }
    },
    {
      "type": "Feature",
      "geometry": {
        "type": "Point",
        "coordinates": [
          121.5498667,
          31.236291625
        ]
      },
      "properties": {
        "attraction_id": "A_41076",
        "kind": "tourism",
        "category": "leisure_park",
        "label": "Leisure / Park",
        "name": "",
        "area_m2": 472.8926718980074,
        "weight": 45.47289267189801,
        "osm_id": 884387844
      }
    },
    {
      "type": "Feature",
      "geometry": {
        "type": "Point",
        "coordinates": [
          121.5481824,
          31.236042275000003
        ]
      },
      "properties": {
        "attraction_id": "A_41078",
        "kind": "tourism",
        "category": "leisure_park",
        "label": "Leisure / Park",
        "name": "",
        "area_m2": 994.7486114501953,
        "weight": 45.9947486114502,
        "osm_id": 884387848
      }
    },
    {
      "type": "Feature",
      "geometry": {
        "type": "Point",
        "coordinates": [
          121.547938925,
          31.2353826
        ]
      },
      "properties": {
        "attraction_id": "A_41081",
        "kind": "tourism",
        "category": "leisure_park",
        "label": "Leisure / Park",
        "name": "",
        "area_m2": 2343.5000400543213,
        "weight": 47.34350004005432,
        "osm_id": 884387854
      }
    },
    {
      "type": "Feature",
      "geometry": {
        "type": "Point",
        "coordinates": [
          121.54847785,
          31.23576435
        ]
      },
      "properties": {
        "attraction_id": "A_41082",
        "kind": "tourism",
        "category": "leisure_park",
        "label": "Leisure / Park",
        "name": "",
        "area_m2": 1184.177954480052,
        "weight": 46.18417795448005,
        "osm_id": 884387855
      }
    },
    {
      "type": "Feature",
      "geometry": {
        "type": "Point",
        "coordinates": [
          121.54864145,
          31.235479650000002
        ]
      },
      "properties": {
        "attraction_id": "A_41083",
        "kind": "tourism",
        "category": "leisure_park",
        "label": "Leisure / Park",
        "name": "",
        "area_m2": 1184.177954480052,
        "weight": 46.18417795448005,
        "osm_id": 884387856
      }
    },
    {
      "type": "Feature",
      "geometry": {
        "type": "Point",
        "coordinates": [
          121.5487407,
          31.235223425
        ]
      },
      "properties": {
        "attraction_id": "A_41084",
        "kind": "tourism",
        "category": "leisure_park",
        "label": "Leisure / Park",
        "name": "",
        "area_m2": 643.9409752041101,
        "weight": 45.64394097520411,
        "osm_id": 884387857
      }
    },
    {
      "type": "Feature",
      "geometry": {
        "type": "Point",
        "coordinates": [
          121.56010795,
          31.22775755
        ]
      },
      "properties": {
        "attraction_id": "A_41098",
        "kind": "tourism",
        "category": "leisure_park",
        "label": "Leisure / Park",
        "name": "",
        "area_m2": 483.12064003944397,
        "weight": 45.483120640039445,
        "osm_id": 885149320
      }
    },
    {
      "type": "Feature",
      "geometry": {
        "type": "Point",
        "coordinates": [
          121.55384724444444,
          31.22804121111111
        ]
      },
      "properties": {
        "attraction_id": "A_41111",
        "kind": "commercial",
        "category": "retail_service",
        "label": "Retail / Service",
        "name": "联洋广场",
        "area_m2": 19956.81273947656,
        "weight": 269.46015924345704,
        "osm_id": 885540852
      }
    },
    {
      "type": "Feature",
      "geometry": {
        "type": "Point",
        "coordinates": [
          121.55591612631578,
          31.225570089473685
        ]
      },
      "properties": {
        "attraction_id": "A_41128",
        "kind": "tourism",
        "category": "leisure_park",
        "label": "Leisure / Park",
        "name": "",
        "area_m2": 1693.619721710682,
        "weight": 46.69361972171068,
        "osm_id": 885540872
      }
    },
    {
      "type": "Feature",
      "geometry": {
        "type": "Point",
        "coordinates": [
          121.54677989999999,
          31.24253045
        ]
      },
      "properties": {
        "attraction_id": "A_41199",
        "kind": "tourism",
        "category": "leisure_park",
        "label": "Leisure / Park",
        "name": "上汽国贸篮球场",
        "area_m2": 767.423695281148,
        "weight": 45.767423695281146,
        "osm_id": 895534419
      }
    },
    {
      "type": "Feature",
      "geometry": {
        "type": "Point",
        "coordinates": [
          121.468703,
          31.163259316666668
        ]
      },
      "properties": {
        "attraction_id": "A_41206",
        "kind": "tourism",
        "category": "leisure_park",
        "label": "Leisure / Park",
        "name": "",
        "area_m2": 29.421525691635907,
        "weight": 45.02942152569164,
        "osm_id": 897198872
      }
    },
    {
      "type": "Feature",
      "geometry": {
        "type": "Point",
        "coordinates": [
          121.43320208499999,
          31.188723515
        ]
      },
      "properties": {
        "attraction_id": "A_41224",
        "kind": "tourism",
        "category": "leisure_park",
        "label": "Leisure / Park",
        "name": "",
        "area_m2": 1763.8804941130802,
        "weight": 46.76388049411308,
        "osm_id": 899417892
      }
    },
    {
      "type": "Feature",
      "geometry": {
        "type": "Point",
        "coordinates": [
          121.43355198181817,
          31.188751772727276
        ]
      },
      "properties": {
        "attraction_id": "A_41225",
        "kind": "tourism",
        "category": "leisure_park",
        "label": "Leisure / Park",
        "name": "",
        "area_m2": 203.1972557026893,
        "weight": 45.20319725570269,
        "osm_id": 899417893
      }
    },
    {
      "type": "Feature",
      "geometry": {
        "type": "Point",
        "coordinates": [
          121.4326232,
          31.1886129
        ]
      },
      "properties": {
        "attraction_id": "A_41226",
        "kind": "tourism",
        "category": "leisure_park",
        "label": "Leisure / Park",
        "name": "",
        "area_m2": 35.348501397296786,
        "weight": 45.035348501397294,
        "osm_id": 899417895
      }
    },
    {
      "type": "Feature",
      "geometry": {
        "type": "Point",
        "coordinates": [
          121.43337487777778,
          31.18851532222222
        ]
      },
      "properties": {
        "attraction_id": "A_41234",
        "kind": "tourism",
        "category": "leisure_park",
        "label": "Leisure / Park",
        "name": "",
        "area_m2": 208.26429596543312,
        "weight": 45.208264295965435,
        "osm_id": 899417903
      }
    },
    {
      "type": "Feature",
      "geometry": {
        "type": "Point",
        "coordinates": [
          121.43352562,
          31.188377459999998
        ]
      },
      "properties": {
        "attraction_id": "A_41235",
        "kind": "tourism",
        "category": "leisure_park",
        "label": "Leisure / Park",
        "name": "",
        "area_m2": 594.2992848157883,
        "weight": 45.59429928481579,
        "osm_id": 899417904
      }
    },
    {
      "type": "Feature",
      "geometry": {
        "type": "Point",
        "coordinates": [
          121.4337934625,
          31.1885979125
        ]
      },
      "properties": {
        "attraction_id": "A_41238",
        "kind": "tourism",
        "category": "leisure_park",
        "label": "Leisure / Park",
        "name": "",
        "area_m2": 156.30135896988213,
        "weight": 45.156301358969884,
        "osm_id": 899417908
      }
    },
    {
      "type": "Feature",
      "geometry": {
        "type": "Point",
        "coordinates": [
          121.43400030000001,
          31.1886704375
        ]
      },
      "properties": {
        "attraction_id": "A_41239",
        "kind": "tourism",
        "category": "leisure_park",
        "label": "Leisure / Park",
        "name": "",
        "area_m2": 379.40817105583847,
        "weight": 45.379408171055836,
        "osm_id": 899417912
      }
    },
    {
      "type": "Feature",
      "geometry": {
        "type": "Point",
        "coordinates": [
          121.43416935454546,
          31.188802109090908
        ]
      },
      "properties": {
        "attraction_id": "A_41240",
        "kind": "tourism",
        "category": "leisure_park",
        "label": "Leisure / Park",
        "name": "",
        "area_m2": 824.6093450374901,
        "weight": 45.82460934503749,
        "osm_id": 899417916
      }
    },
    {
      "type": "Feature",
      "geometry": {
        "type": "Point",
        "coordinates": [
          121.4340928,
          31.18831007
        ]
      },
      "properties": {
        "attraction_id": "A_41242",
        "kind": "tourism",
        "category": "leisure_park",
        "label": "Leisure / Park",
        "name": "",
        "area_m2": 360.53516836464405,
        "weight": 45.36053516836464,
        "osm_id": 899417920
      }
    },
    {
      "type": "Feature",
      "geometry": {
        "type": "Point",
        "coordinates": [
          121.4342952,
          31.188059074999998
        ]
      },
      "properties": {
        "attraction_id": "A_41243",
        "kind": "tourism",
        "category": "leisure_park",
        "label": "Leisure / Park",
        "name": "",
        "area_m2": 132.4058389030397,
        "weight": 45.13240583890304,
        "osm_id": 899417921
      }
    },
    {
      "type": "Feature",
      "geometry": {
        "type": "Point",
        "coordinates": [
          121.43283812857143,
          31.188098099999998
        ]
      },
      "properties": {
        "attraction_id": "A_41245",
        "kind": "tourism",
        "category": "leisure_park",
        "label": "Leisure / Park",
        "name": "",
        "area_m2": 1037.9644689811394,
        "weight": 46.03796446898114,
        "osm_id": 899417923
      }
    },
    {
      "type": "Feature",
      "geometry": {
        "type": "Point",
        "coordinates": [
          121.43297945,
          31.18786455
        ]
      },
      "properties": {
        "attraction_id": "A_41246",
        "kind": "tourism",
        "category": "leisure_park",
        "label": "Leisure / Park",
        "name": "",
        "area_m2": 1229.3154044300318,
        "weight": 46.22931540443003,
        "osm_id": 899417924
      }
    },
    {
      "type": "Feature",
      "geometry": {
        "type": "Point",
        "coordinates": [
          121.43261158749999,
          31.188296112499998
        ]
      },
      "properties": {
        "attraction_id": "A_41247",
        "kind": "tourism",
        "category": "leisure_park",
        "label": "Leisure / Park",
        "name": "",
        "area_m2": 789.7982769422233,
        "weight": 45.78979827694222,
        "osm_id": 899417928
      }
    },
    {
      "type": "Feature",
      "geometry": {
        "type": "Point",
        "coordinates": [
          121.43312573,
          31.188300399999996
        ]
      },
      "properties": {
        "attraction_id": "A_41248",
        "kind": "tourism",
        "category": "leisure_park",
        "label": "Leisure / Park",
        "name": "",
        "area_m2": 535.7678940556943,
        "weight": 45.535767894055695,
        "osm_id": 899417929
      }
    },
    {
      "type": "Feature",
      "geometry": {
        "type": "Point",
        "coordinates": [
          121.43262086,
          31.18776224
        ]
      },
      "properties": {
        "attraction_id": "A_41249",
        "kind": "tourism",
        "category": "leisure_park",
        "label": "Leisure / Park",
        "name": "",
        "area_m2": 185.9972851537168,
        "weight": 45.18599728515372,
        "osm_id": 899417930
      }
    },
    {
      "type": "Feature",
      "geometry": {
        "type": "Point",
        "coordinates": [
          121.433401375,
          31.188252675
        ]
      },
      "properties": {
        "attraction_id": "A_41250",
        "kind": "tourism",
        "category": "leisure_park",
        "label": "Leisure / Park",
        "name": "",
        "area_m2": 123.94963235408068,
        "weight": 45.12394963235408,
        "osm_id": 899417932
      }
    },
    {
      "type": "Feature",
      "geometry": {
        "type": "Point",
        "coordinates": [
          121.4336021375,
          31.1878281625
        ]
      },
      "properties": {
        "attraction_id": "A_41251",
        "kind": "tourism",
        "category": "leisure_park",
        "label": "Leisure / Park",
        "name": "",
        "area_m2": 350.95362527295947,
        "weight": 45.35095362527296,
        "osm_id": 899417933
      }
    },
    {
      "type": "Feature",
      "geometry": {
        "type": "Point",
        "coordinates": [
          121.43320807500001,
          31.18747165
        ]
      },
      "properties": {
        "attraction_id": "A_41253",
        "kind": "tourism",
        "category": "leisure_park",
        "label": "Leisure / Park",
        "name": "",
        "area_m2": 544.3864042628556,
        "weight": 45.54438640426286,
        "osm_id": 899417938
      }
    },
    {
      "type": "Feature",
      "geometry": {
        "type": "Point",
        "coordinates": [
          121.4339128,
          31.1876221
        ]
      },
      "properties": {
        "attraction_id": "A_41254",
        "kind": "tourism",
        "category": "leisure_park",
        "label": "Leisure / Park",
        "name": "",
        "area_m2": 528.7048985278234,
        "weight": 45.52870489852782,
        "osm_id": 899417939
      }
    },
    {
      "type": "Feature",
      "geometry": {
        "type": "Point",
        "coordinates": [
          121.4327361875,
          31.18742935
        ]
      },
      "properties": {
        "attraction_id": "A_41255",
        "kind": "tourism",
        "category": "leisure_park",
        "label": "Leisure / Park",
        "name": "",
        "area_m2": 375.10807317402214,
        "weight": 45.37510807317402,
        "osm_id": 899417941
      }
    },
    {
      "type": "Feature",
      "geometry": {
        "type": "Point",
        "coordinates": [
          121.4322498125,
          31.1863501875
        ]
      },
      "properties": {
        "attraction_id": "A_41256",
        "kind": "tourism",
        "category": "leisure_park",
        "label": "Leisure / Park",
        "name": "",
        "area_m2": 1487.5138951623812,
        "weight": 46.48751389516238,
        "osm_id": 899417942
      }
    },
    {
      "type": "Feature",
      "geometry": {
        "type": "Point",
        "coordinates": [
          121.43409485,
          31.189054300000002
        ]
      },
      "properties": {
        "attraction_id": "A_41257",
        "kind": "tourism",
        "category": "leisure_park",
        "label": "Leisure / Park",
        "name": "",
        "area_m2": 136.50763596780598,
        "weight": 45.1365076359678,
        "osm_id": 899417943
      }
    },
    {
      "type": "Feature",
      "geometry": {
        "type": "Point",
        "coordinates": [
          121.43322943999999,
          31.188891
        ]
      },
      "properties": {
        "attraction_id": "A_41258",
        "kind": "tourism",
        "category": "leisure_park",
        "label": "Leisure / Park",
        "name": "",
        "area_m2": 262.39512270130217,
        "weight": 45.2623951227013,
        "osm_id": 899417944
      }
    },
    {
      "type": "Feature",
      "geometry": {
        "type": "Point",
        "coordinates": [
          121.50397745000001,
          31.226210000000002
        ]
      },
      "properties": {
        "attraction_id": "A_41273",
        "kind": "tourism",
        "category": "leisure_park",
        "label": "Leisure / Park",
        "name": "",
        "area_m2": 350.4212442189455,
        "weight": 45.35042124421894,
        "osm_id": 903809250
      }
    },
    {
      "type": "Feature",
      "geometry": {
        "type": "Point",
        "coordinates": [
          121.4105641875,
          31.20636425
        ]
      },
      "properties": {
        "attraction_id": "A_41275",
        "kind": "tourism",
        "category": "leisure_park",
        "label": "Leisure / Park",
        "name": "",
        "area_m2": 7608.265331760049,
        "weight": 52.60826533176005,
        "osm_id": 908050659
      }
    },
    {
      "type": "Feature",
      "geometry": {
        "type": "Point",
        "coordinates": [
          121.43641561666668,
          31.22479936666667
        ]
      },
      "properties": {
        "attraction_id": "A_41278",
        "kind": "tourism",
        "category": "leisure_park",
        "label": "Leisure / Park",
        "name": "",
        "area_m2": 1073.500903621316,
        "weight": 46.073500903621316,
        "osm_id": 914052209
      }
    },
    {
      "type": "Feature",
      "geometry": {
        "type": "Point",
        "coordinates": [
          121.464105425,
          31.2053935
        ]
      },
      "properties": {
        "attraction_id": "A_41284",
        "kind": "tourism",
        "category": "leisure_park",
        "label": "Leisure / Park",
        "name": "",
        "area_m2": 596.9142987988889,
        "weight": 45.596914298798886,
        "osm_id": 916084380
      }
    },
    {
      "type": "Feature",
      "geometry": {
        "type": "Point",
        "coordinates": [
          121.460004775,
          31.196944175
        ]
      },
      "properties": {
        "attraction_id": "A_41285",
        "kind": "tourism",
        "category": "leisure_park",
        "label": "Leisure / Park",
        "name": "",
        "area_m2": 1842.4707984887064,
        "weight": 46.842470798488705,
        "osm_id": 916084381
      }
    },
    {
      "type": "Feature",
      "geometry": {
        "type": "Point",
        "coordinates": [
          121.439701525,
          31.194719
        ]
      },
      "properties": {
        "attraction_id": "A_41299",
        "kind": "tourism",
        "category": "leisure_park",
        "label": "Leisure / Park",
        "name": "",
        "area_m2": 2811.430084871128,
        "weight": 47.81143008487113,
        "osm_id": 929958552
      }
    },
    {
      "type": "Feature",
      "geometry": {
        "type": "Point",
        "coordinates": [
          121.53599151851851,
          31.228817062962964
        ]
      },
      "properties": {
        "attraction_id": "A_41349",
        "kind": "tourism",
        "category": "leisure_park",
        "label": "Leisure / Park",
        "name": "豆香园",
        "area_m2": 31365.477780856192,
        "weight": 76.3654777808562,
        "osm_id": 942639369
      }
    },
    {
      "type": "Feature",
      "geometry": {
        "type": "Point",
        "coordinates": [
          121.53666439999999,
          31.2289192
        ]
      },
      "properties": {
        "attraction_id": "A_41351",
        "kind": "tourism",
        "category": "leisure_park",
        "label": "Leisure / Park",
        "name": "",
        "area_m2": 1145.2645630985498,
        "weight": 46.14526456309855,
        "osm_id": 942639373
      }
    },
    {
      "type": "Feature",
      "geometry": {
        "type": "Point",
        "coordinates": [
          121.53010295,
          31.1778456
        ]
      },
      "properties": {
        "attraction_id": "A_41353",
        "kind": "tourism",
        "category": "leisure_park",
        "label": "Leisure / Park",
        "name": "锦尊湿地公园",
        "area_m2": 52858.96845755726,
        "weight": 97.85896845755727,
        "osm_id": 945937495
      }
    },
    {
      "type": "Feature",
      "geometry": {
        "type": "Point",
        "coordinates": [
          121.50472746666667,
          31.233101533333336
        ]
      },
      "properties": {
        "attraction_id": "A_41356",
        "kind": "tourism",
        "category": "leisure_park",
        "label": "Leisure / Park",
        "name": "",
        "area_m2": 454.89976090937853,
        "weight": 45.45489976090938,
        "osm_id": 948056545
      }
    },
    {
      "type": "Feature",
      "geometry": {
        "type": "Point",
        "coordinates": [
          121.40802159032259,
          31.241193983870968
        ]
      },
      "properties": {
        "attraction_id": "A_41379",
        "kind": "tourism",
        "category": "leisure_park",
        "label": "Leisure / Park",
        "name": "",
        "area_m2": 3875.1247254800983,
        "weight": 48.8751247254801,
        "osm_id": 949943666
      }
    },
    {
      "type": "Feature",
      "geometry": {
        "type": "Point",
        "coordinates": [
          121.40859065000001,
          31.241587000000003
        ]
      },
      "properties": {
        "attraction_id": "A_41380",
        "kind": "tourism",
        "category": "leisure_park",
        "label": "Leisure / Park",
        "name": "",
        "area_m2": 123.51808584015816,
        "weight": 45.12351808584016,
        "osm_id": 949948320
      }
    },
    {
      "type": "Feature",
      "geometry": {
        "type": "Point",
        "coordinates": [
          121.4104799264706,
          31.242200482352942
        ]
      },
      "properties": {
        "attraction_id": "A_41409",
        "kind": "tourism",
        "category": "leisure_park",
        "label": "Leisure / Park",
        "name": "",
        "area_m2": 3760.7566361939535,
        "weight": 48.76075663619395,
        "osm_id": 952828103
      }
    },
    {
      "type": "Feature",
      "geometry": {
        "type": "Point",
        "coordinates": [
          121.41127607037036,
          31.242796774074076
        ]
      },
      "properties": {
        "attraction_id": "A_41410",
        "kind": "tourism",
        "category": "leisure_park",
        "label": "Leisure / Park",
        "name": "",
        "area_m2": 3411.711183298379,
        "weight": 48.41171118329838,
        "osm_id": 952828104
      }
    },
    {
      "type": "Feature",
      "geometry": {
        "type": "Point",
        "coordinates": [
          121.41078867391306,
          31.24190263043478
        ]
      },
      "properties": {
        "attraction_id": "A_41411",
        "kind": "tourism",
        "category": "leisure_park",
        "label": "Leisure / Park",
        "name": "",
        "area_m2": 596.4704900803044,
        "weight": 45.59647049008031,
        "osm_id": 952828105
      }
    },
    {
      "type": "Feature",
      "geometry": {
        "type": "Point",
        "coordinates": [
          121.40906565,
          31.2428250875
        ]
      },
      "properties": {
        "attraction_id": "A_41422",
        "kind": "tourism",
        "category": "leisure_park",
        "label": "Leisure / Park",
        "name": "",
        "area_m2": 601.4662199122831,
        "weight": 45.60146621991228,
        "osm_id": 952832536
      }
    },
    {
      "type": "Feature",
      "geometry": {
        "type": "Point",
        "coordinates": [
          121.4104436111111,
          31.244119400000002
        ]
      },
      "properties": {
        "attraction_id": "A_41423",
        "kind": "tourism",
        "category": "leisure_park",
        "label": "Leisure / Park",
        "name": "",
        "area_m2": 287.09637161064893,
        "weight": 45.28709637161065,
        "osm_id": 952832537
      }
    },
    {
      "type": "Feature",
      "geometry": {
        "type": "Point",
        "coordinates": [
          121.4079734,
          31.2395567625
        ]
      },
      "properties": {
        "attraction_id": "A_41436",
        "kind": "tourism",
        "category": "leisure_park",
        "label": "Leisure / Park",
        "name": "",
        "area_m2": 89.98555323574692,
        "weight": 45.08998555323575,
        "osm_id": 952872086
      }
    },
    {
      "type": "Feature",
      "geometry": {
        "type": "Point",
        "coordinates": [
          121.4081331125,
          31.239564325
        ]
      },
      "properties": {
        "attraction_id": "A_41437",
        "kind": "tourism",
        "category": "leisure_park",
        "label": "Leisure / Park",
        "name": "",
        "area_m2": 89.97265945840627,
        "weight": 45.089972659458404,
        "osm_id": 952872087
      }
    },
    {
      "type": "Feature",
      "geometry": {
        "type": "Point",
        "coordinates": [
          121.4081427375,
          31.239413275
        ]
      },
      "properties": {
        "attraction_id": "A_41438",
        "kind": "tourism",
        "category": "leisure_park",
        "label": "Leisure / Park",
        "name": "",
        "area_m2": 89.9607129925862,
        "weight": 45.089960712992585,
        "osm_id": 952872088
      }
    },
    {
      "type": "Feature",
      "geometry": {
        "type": "Point",
        "coordinates": [
          121.4079784,
          31.239403325
        ]
      },
      "properties": {
        "attraction_id": "A_41439",
        "kind": "tourism",
        "category": "leisure_park",
        "label": "Leisure / Park",
        "name": "",
        "area_m2": 89.9738172669895,
        "weight": 45.08997381726699,
        "osm_id": 952872089
      }
    },
    {
      "type": "Feature",
      "geometry": {
        "type": "Point",
        "coordinates": [
          121.408343025,
          31.23958465
        ]
      },
      "properties": {
        "attraction_id": "A_41440",
        "kind": "tourism",
        "category": "leisure_park",
        "label": "Leisure / Park",
        "name": "",
        "area_m2": 112.20751478895545,
        "weight": 45.112207514788956,
        "osm_id": 952872090
      }
    },
    {
      "type": "Feature",
      "geometry": {
        "type": "Point",
        "coordinates": [
          121.40835129999999,
          31.239399325
        ]
      },
      "properties": {
        "attraction_id": "A_41441",
        "kind": "tourism",
        "category": "leisure_park",
        "label": "Leisure / Park",
        "name": "",
        "area_m2": 112.16209715418518,
        "weight": 45.11216209715418,
        "osm_id": 952872091
      }
    },
    {
      "type": "Feature",
      "geometry": {
        "type": "Point",
        "coordinates": [
          121.4084987,
          31.239596175000003
        ]
      },
      "properties": {
        "attraction_id": "A_41442",
        "kind": "tourism",
        "category": "leisure_park",
        "label": "Leisure / Park",
        "name": "",
        "area_m2": 32.58449859172106,
        "weight": 45.032584498591724,
        "osm_id": 952872092
      }
    },
    {
      "type": "Feature",
      "geometry": {
        "type": "Point",
        "coordinates": [
          121.4085056,
          31.23939285
        ]
      },
      "properties": {
        "attraction_id": "A_41443",
        "kind": "tourism",
        "category": "leisure_park",
        "label": "Leisure / Park",
        "name": "",
        "area_m2": 32.552606247365475,
        "weight": 45.032552606247364,
        "osm_id": 952872093
      }
    },
    {
      "type": "Feature",
      "geometry": {
        "type": "Point",
        "coordinates": [
          121.40850155,
          31.239495525
        ]
      },
      "properties": {
        "attraction_id": "A_41444",
        "kind": "tourism",
        "category": "leisure_park",
        "label": "Leisure / Park",
        "name": "",
        "area_m2": 62.21969250869006,
        "weight": 45.06221969250869,
        "osm_id": 952872094
      }
    },
    {
      "type": "Feature",
      "geometry": {
        "type": "Point",
        "coordinates": [
          121.40870928333334,
          31.2394711
        ]
      },
      "properties": {
        "attraction_id": "A_41445",
        "kind": "tourism",
        "category": "leisure_park",
        "label": "Leisure / Park",
        "name": "",
        "area_m2": 207.30973613169044,
        "weight": 45.20730973613169,
        "osm_id": 952872095
      }
    },
    {
      "type": "Feature",
      "geometry": {
        "type": "Point",
        "coordinates": [
          121.4082726,
          31.23891717
        ]
      },
      "properties": {
        "attraction_id": "A_41447",
        "kind": "tourism",
        "category": "leisure_park",
        "label": "Leisure / Park",
        "name": "",
        "area_m2": 1442.3676037429832,
        "weight": 46.44236760374298,
        "osm_id": 952872116
      }
    },
    {
      "type": "Feature",
      "geometry": {
        "type": "Point",
        "coordinates": [
          121.408915675,
          31.238541775
        ]
      },
      "properties": {
        "attraction_id": "A_41449",
        "kind": "tourism",
        "category": "leisure_park",
        "label": "Leisure / Park",
        "name": "",
        "area_m2": 103.13898578193039,
        "weight": 45.10313898578193,
        "osm_id": 952872122
      }
    },
    {
      "type": "Feature",
      "geometry": {
        "type": "Point",
        "coordinates": [
          121.40902365,
          31.23867995
        ]
      },
      "properties": {
        "attraction_id": "A_41450",
        "kind": "tourism",
        "category": "leisure_park",
        "label": "Leisure / Park",
        "name": "",
        "area_m2": 167.5382513469085,
        "weight": 45.16753825134691,
        "osm_id": 952872123
      }
    },
    {
      "type": "Feature",
      "geometry": {
        "type": "Point",
        "coordinates": [
          121.40913835,
          31.238836425000002
        ]
      },
      "properties": {
        "attraction_id": "A_41451",
        "kind": "tourism",
        "category": "leisure_park",
        "label": "Leisure / Park",
        "name": "",
        "area_m2": 103.15787909645587,
        "weight": 45.10315787909646,
        "osm_id": 952872124
      }
    },
    {
      "type": "Feature",
      "geometry": {
        "type": "Point",
        "coordinates": [
          121.40923844,
          31.23895824
        ]
      },
      "properties": {
        "attraction_id": "A_41452",
        "kind": "tourism",
        "category": "leisure_park",
        "label": "Leisure / Park",
        "name": "",
        "area_m2": 87.56131436210126,
        "weight": 45.0875613143621,
        "osm_id": 952872125
      }
    },
    {
      "type": "Feature",
      "geometry": {
        "type": "Point",
        "coordinates": [
          121.40734886190475,
          31.23960147142857
        ]
      },
      "properties": {
        "attraction_id": "A_41458",
        "kind": "tourism",
        "category": "leisure_park",
        "label": "Leisure / Park",
        "name": "",
        "area_m2": 2587.376133455895,
        "weight": 47.5873761334559,
        "osm_id": 952875268
      }
    },
    {
      "type": "Feature",
      "geometry": {
        "type": "Point",
        "coordinates": [
          121.4073454,
          31.23959635
        ]
      },
      "properties": {
        "attraction_id": "A_41459",
        "kind": "tourism",
        "category": "leisure_park",
        "label": "Leisure / Park",
        "name": "",
        "area_m2": 1157.2936590751633,
        "weight": 46.157293659075165,
        "osm_id": 952875270
      }
    },
    {
      "type": "Feature",
      "geometry": {
        "type": "Point",
        "coordinates": [
          121.40768145,
          31.2400452
        ]
      },
      "properties": {
        "attraction_id": "A_41460",
        "kind": "tourism",
        "category": "leisure_park",
        "label": "Leisure / Park",
        "name": "",
        "area_m2": 538.8489783080295,
        "weight": 45.53884897830803,
        "osm_id": 952875273
      }
    },
    {
      "type": "Feature",
      "geometry": {
        "type": "Point",
        "coordinates": [
          121.40662535384617,
          31.240771400000003
        ]
      },
      "properties": {
        "attraction_id": "A_41461",
        "kind": "tourism",
        "category": "hotel_tourism",
        "label": "Hotel / Tourism",
        "name": "橙子公寓",
        "area_m2": 792.8637307961471,
        "weight": 42.92863730796147,
        "osm_id": 952879784
      }
    },
    {
      "type": "Feature",
      "geometry": {
        "type": "Point",
        "coordinates": [
          121.5059902,
          31.2361876875
        ]
      },
      "properties": {
        "attraction_id": "A_41477",
        "kind": "tourism",
        "category": "hotel_tourism",
        "label": "Hotel / Tourism",
        "name": "上海浦东丽晶酒店",
        "area_m2": 2117.893100053072,
        "weight": 56.178931000530724,
        "osm_id": 956369929
      }
    },
    {
      "type": "Feature",
      "geometry": {
        "type": "Point",
        "coordinates": [
          121.50400707678571,
          31.23626882857143
        ]
      },
      "properties": {
        "attraction_id": "A_41593",
        "kind": "commercial",
        "category": "retail_service",
        "label": "Retail / Service",
        "name": "自由贸易试验区览海国际广场",
        "area_m2": 8924.509361311793,
        "weight": 131.55636701639742,
        "osm_id": 957451688
      }
    },
    {
      "type": "Feature",
      "geometry": {
        "type": "Point",
        "coordinates": [
          121.5229847422222,
          31.229456482222222
        ]
      },
      "properties": {
        "attraction_id": "A_41639",
        "kind": "commercial",
        "category": "retail_service",
        "label": "Retail / Service",
        "name": "世纪汇广场",
        "area_m2": 18407.53517013043,
        "weight": 250.0941896266304,
        "osm_id": 958350755
      }
    },
    {
      "type": "Feature",
      "geometry": {
        "type": "Point",
        "coordinates": [
          121.48897647692307,
          31.209548923076923
        ]
      },
      "properties": {
        "attraction_id": "A_41654",
        "kind": "tourism",
        "category": "leisure_park",
        "label": "Leisure / Park",
        "name": "",
        "area_m2": 13828.788954611868,
        "weight": 58.828788954611866,
        "osm_id": 958440272
      }
    },
    {
      "type": "Feature",
      "geometry": {
        "type": "Point",
        "coordinates": [
          121.5118848625,
          31.242024825
        ]
      },
      "properties": {
        "attraction_id": "A_41683",
        "kind": "tourism",
        "category": "hotel_tourism",
        "label": "Hotel / Tourism",
        "name": "东海宾馆（浦东大道店）",
        "area_m2": 1135.6406021416187,
        "weight": 46.35640602141619,
        "osm_id": 958766101
      }
    },
    {
      "type": "Feature",
      "geometry": {
        "type": "Point",
        "coordinates": [
          121.50391882857143,
          31.24668292857143
        ]
      },
      "properties": {
        "attraction_id": "A_41721",
        "kind": "tourism",
        "category": "leisure_park",
        "label": "Leisure / Park",
        "name": "",
        "area_m2": 11436.976440042257,
        "weight": 56.43697644004226,
        "osm_id": 959022835
      }
    },
    {
      "type": "Feature",
      "geometry": {
        "type": "Point",
        "coordinates": [
          121.51195183499999,
          31.24071416
        ]
      },
      "properties": {
        "attraction_id": "A_41759",
        "kind": "tourism",
        "category": "leisure_park",
        "label": "Leisure / Park",
        "name": "",
        "area_m2": 2075.790527291596,
        "weight": 47.075790527291595,
        "osm_id": 960774470
      }
    },
    {
      "type": "Feature",
      "geometry": {
        "type": "Point",
        "coordinates": [
          121.514407625,
          31.240046024999998
        ]
      },
      "properties": {
        "attraction_id": "A_41785",
        "kind": "tourism",
        "category": "leisure_park",
        "label": "Leisure / Park",
        "name": "",
        "area_m2": 1631.3524012193084,
        "weight": 46.63135240121931,
        "osm_id": 960774501
      }
    },
    {
      "type": "Feature",
      "geometry": {
        "type": "Point",
        "coordinates": [
          121.51156040000001,
          31.2369714
        ]
      },
      "properties": {
        "attraction_id": "A_41842",
        "kind": "tourism",
        "category": "leisure_park",
        "label": "Leisure / Park",
        "name": "",
        "area_m2": 172.57018897682428,
        "weight": 45.17257018897683,
        "osm_id": 961069855
      }
    },
    {
      "type": "Feature",
      "geometry": {
        "type": "Point",
        "coordinates": [
          121.51163460000001,
          31.236263125
        ]
      },
      "properties": {
        "attraction_id": "A_41843",
        "kind": "tourism",
        "category": "leisure_park",
        "label": "Leisure / Park",
        "name": "",
        "area_m2": 259.5705981105566,
        "weight": 45.25957059811056,
        "osm_id": 961069856
      }
    },
    {
      "type": "Feature",
      "geometry": {
        "type": "Point",
        "coordinates": [
          121.500644975,
          31.23313845
        ]
      },
      "properties": {
        "attraction_id": "A_41844",
        "kind": "tourism",
        "category": "leisure_park",
        "label": "Leisure / Park",
        "name": "",
        "area_m2": 502.32651250064373,
        "weight": 45.502326512500645,
        "osm_id": 961322831
      }
    },
    {
      "type": "Feature",
      "geometry": {
        "type": "Point",
        "coordinates": [
          121.49896859333333,
          31.23360298
        ]
      },
      "properties": {
        "attraction_id": "A_41850",
        "kind": "tourism",
        "category": "leisure_park",
        "label": "Leisure / Park",
        "name": "",
        "area_m2": 396.46020536869764,
        "weight": 45.3964602053687,
        "osm_id": 961322839
      }
    },
    {
      "type": "Feature",
      "geometry": {
        "type": "Point",
        "coordinates": [
          121.498501825,
          31.233994875
        ]
      },
      "properties": {
        "attraction_id": "A_41855",
        "kind": "tourism",
        "category": "leisure_park",
        "label": "Leisure / Park",
        "name": "",
        "area_m2": 318.70394361019135,
        "weight": 45.31870394361019,
        "osm_id": 961322850
      }
    },
    {
      "type": "Feature",
      "geometry": {
        "type": "Point",
        "coordinates": [
          121.49970188333333,
          31.233064216666666
        ]
      },
      "properties": {
        "attraction_id": "A_41856",
        "kind": "tourism",
        "category": "leisure_park",
        "label": "Leisure / Park",
        "name": "",
        "area_m2": 300.931542403996,
        "weight": 45.300931542403994,
        "osm_id": 961322859
      }
    },
    {
      "type": "Feature",
      "geometry": {
        "type": "Point",
        "coordinates": [
          121.49993841428571,
          31.230819014285714
        ]
      },
      "properties": {
        "attraction_id": "A_41917",
        "kind": "tourism",
        "category": "leisure_park",
        "label": "Leisure / Park",
        "name": "",
        "area_m2": 1984.0194240510464,
        "weight": 46.98401942405105,
        "osm_id": 964420105
      }
    },
    {
      "type": "Feature",
      "geometry": {
        "type": "Point",
        "coordinates": [
          121.504410925,
          31.22827225
        ]
      },
      "properties": {
        "attraction_id": "A_41937",
        "kind": "tourism",
        "category": "leisure_park",
        "label": "Leisure / Park",
        "name": "",
        "area_m2": 248.06362077593803,
        "weight": 45.24806362077594,
        "osm_id": 964452003
      }
    },
    {
      "type": "Feature",
      "geometry": {
        "type": "Point",
        "coordinates": [
          121.50457031818182,
          31.228022018181818
        ]
      },
      "properties": {
        "attraction_id": "A_41938",
        "kind": "tourism",
        "category": "leisure_park",
        "label": "Leisure / Park",
        "name": "",
        "area_m2": 167.0229742601514,
        "weight": 45.16702297426015,
        "osm_id": 964452004
      }
    },
    {
      "type": "Feature",
      "geometry": {
        "type": "Point",
        "coordinates": [
          121.506015125,
          31.227100550000003
        ]
      },
      "properties": {
        "attraction_id": "A_41941",
        "kind": "tourism",
        "category": "leisure_park",
        "label": "Leisure / Park",
        "name": "",
        "area_m2": 642.5070303380489,
        "weight": 45.64250703033805,
        "osm_id": 964452013
      }
    },
    {
      "type": "Feature",
      "geometry": {
        "type": "Point",
        "coordinates": [
          121.517655725,
          31.244340725
        ]
      },
      "properties": {
        "attraction_id": "A_41992",
        "kind": "tourism",
        "category": "leisure_park",
        "label": "Leisure / Park",
        "name": "",
        "area_m2": 578.1985474601388,
        "weight": 45.57819854746014,
        "osm_id": 967274337
      }
    },
    {
      "type": "Feature",
      "geometry": {
        "type": "Point",
        "coordinates": [
          121.49984766086956,
          31.24453930434783
        ]
      },
      "properties": {
        "attraction_id": "A_42034",
        "kind": "tourism",
        "category": "hotel_tourism",
        "label": "Hotel / Tourism",
        "name": "上海凯宾斯基大酒店",
        "area_m2": 4486.941220141947,
        "weight": 79.86941220141946,
        "osm_id": 967281056
      }
    },
    {
      "type": "Feature",
      "geometry": {
        "type": "Point",
        "coordinates": [
          121.51181250857142,
          31.231515851428576
        ]
      },
      "properties": {
        "attraction_id": "A_42042",
        "kind": "commercial",
        "category": "retail_service",
        "label": "Retail / Service",
        "name": "新梅联合广场",
        "area_m2": 6050.609286919236,
        "weight": 95.63261608649046,
        "osm_id": 967835500
      }
    },
    {
      "type": "Feature",
      "geometry": {
        "type": "Point",
        "coordinates": [
          121.51713942500001,
          31.23221235
        ]
      },
      "properties": {
        "attraction_id": "A_42052",
        "kind": "tourism",
        "category": "leisure_park",
        "label": "Leisure / Park",
        "name": "一兆韦德健身会所",
        "area_m2": 562.7650230824947,
        "weight": 45.56276502308249,
        "osm_id": 967835594
      }
    },
    {
      "type": "Feature",
      "geometry": {
        "type": "Point",
        "coordinates": [
          121.51966927272728,
          31.23088427272727
        ]
      },
      "properties": {
        "attraction_id": "A_42060",
        "kind": "tourism",
        "category": "leisure_park",
        "label": "Leisure / Park",
        "name": "",
        "area_m2": 251.41626355051994,
        "weight": 45.25141626355052,
        "osm_id": 967877475
      }
    },
    {
      "type": "Feature",
      "geometry": {
        "type": "Point",
        "coordinates": [
          121.5195221857143,
          31.231288785714288
        ]
      },
      "properties": {
        "attraction_id": "A_42061",
        "kind": "tourism",
        "category": "leisure_park",
        "label": "Leisure / Park",
        "name": "",
        "area_m2": 168.96909116208553,
        "weight": 45.16896909116208,
        "osm_id": 967877476
      }
    },
    {
      "type": "Feature",
      "geometry": {
        "type": "Point",
        "coordinates": [
          121.51896126666666,
          31.230297766666666
        ]
      },
      "properties": {
        "attraction_id": "A_42064",
        "kind": "tourism",
        "category": "leisure_park",
        "label": "Leisure / Park",
        "name": "",
        "area_m2": 2092.1176687180996,
        "weight": 47.0921176687181,
        "osm_id": 967877493
      }
    },
    {
      "type": "Feature",
      "geometry": {
        "type": "Point",
        "coordinates": [
          121.53315296666666,
          31.230012833333333
        ]
      },
      "properties": {
        "attraction_id": "A_42109",
        "kind": "tourism",
        "category": "leisure_park",
        "label": "Leisure / Park",
        "name": "",
        "area_m2": 1169.5374757945538,
        "weight": 46.169537475794556,
        "osm_id": 969460838
      }
    },
    {
      "type": "Feature",
      "geometry": {
        "type": "Point",
        "coordinates": [
          121.53625246153845,
          31.231783746153845
        ]
      },
      "properties": {
        "attraction_id": "A_42118",
        "kind": "tourism",
        "category": "leisure_park",
        "label": "Leisure / Park",
        "name": "",
        "area_m2": 11028.235789068043,
        "weight": 56.02823578906804,
        "osm_id": 969460890
      }
    },
    {
      "type": "Feature",
      "geometry": {
        "type": "Point",
        "coordinates": [
          121.507957275,
          31.230925875
        ]
      },
      "properties": {
        "attraction_id": "A_42131",
        "kind": "tourism",
        "category": "leisure_park",
        "label": "Leisure / Park",
        "name": "",
        "area_m2": 1169.2426558434963,
        "weight": 46.1692426558435,
        "osm_id": 969466801
      }
    },
    {
      "type": "Feature",
      "geometry": {
        "type": "Point",
        "coordinates": [
          121.468241725,
          31.2388997
        ]
      },
      "properties": {
        "attraction_id": "A_42138",
        "kind": "commercial",
        "category": "retail_service",
        "label": "Retail / Service",
        "name": "新金桥广场",
        "area_m2": 9308.213156931102,
        "weight": 136.35266446163877,
        "osm_id": 970379991
      }
    },
    {
      "type": "Feature",
      "geometry": {
        "type": "Point",
        "coordinates": [
          121.552476275,
          31.155756375
        ]
      },
      "properties": {
        "attraction_id": "A_42180",
        "kind": "tourism",
        "category": "leisure_park",
        "label": "Leisure / Park",
        "name": "园御园",
        "area_m2": 25165.48629907891,
        "weight": 70.1654862990789,
        "osm_id": 984683820
      }
    },
    {
      "type": "Feature",
      "geometry": {
        "type": "Point",
        "coordinates": [
          121.54621518888888,
          31.232220766666664
        ]
      },
      "properties": {
        "attraction_id": "A_42182",
        "kind": "tourism",
        "category": "leisure_park",
        "label": "Leisure / Park",
        "name": "中星恬园绿地",
        "area_m2": 5491.726077347994,
        "weight": 50.49172607734799,
        "osm_id": 985451227
      }
    },
    {
      "type": "Feature",
      "geometry": {
        "type": "Point",
        "coordinates": [
          121.47666965,
          31.195201075
        ]
      },
      "properties": {
        "attraction_id": "A_42183",
        "kind": "tourism",
        "category": "hotel_tourism",
        "label": "Hotel / Tourism",
        "name": "中国乒乓球博物馆",
        "area_m2": 2309.6510575264692,
        "weight": 58.09651057526469,
        "osm_id": 985832361
      }
    },
    {
      "type": "Feature",
      "geometry": {
        "type": "Point",
        "coordinates": [
          121.47194506000001,
          31.193578780000003
        ]
      },
      "properties": {
        "attraction_id": "A_42184",
        "kind": "tourism",
        "category": "hotel_tourism",
        "label": "Hotel / Tourism",
        "name": "卢湾城市规划展览馆",
        "area_m2": 1468.8310359828174,
        "weight": 49.68831035982817,
        "osm_id": 985832362
      }
    },
    {
      "type": "Feature",
      "geometry": {
        "type": "Point",
        "coordinates": [
          121.46419635000001,
          31.180812645454544
        ]
      },
      "properties": {
        "attraction_id": "A_42223",
        "kind": "tourism",
        "category": "leisure_park",
        "label": "Leisure / Park",
        "name": "",
        "area_m2": 14251.41814054735,
        "weight": 59.25141814054735,
        "osm_id": 998773452
      }
    },
    {
      "type": "Feature",
      "geometry": {
        "type": "Point",
        "coordinates": [
          121.41135466,
          31.15319396
        ]
      },
      "properties": {
        "attraction_id": "A_42316",
        "kind": "tourism",
        "category": "leisure_park",
        "label": "Leisure / Park",
        "name": "",
        "area_m2": 671.9732369726989,
        "weight": 45.6719732369727,
        "osm_id": 1012300047
      }
    },
    {
      "type": "Feature",
      "geometry": {
        "type": "Point",
        "coordinates": [
          121.41367074761904,
          31.153922304761906
        ]
      },
      "properties": {
        "attraction_id": "A_42317",
        "kind": "tourism",
        "category": "leisure_park",
        "label": "Leisure / Park",
        "name": "",
        "area_m2": 4697.709959429107,
        "weight": 49.697709959429105,
        "osm_id": 1012599092
      }
    },
    {
      "type": "Feature",
      "geometry": {
        "type": "Point",
        "coordinates": [
          121.41368595,
          31.153909043749998
        ]
      },
      "properties": {
        "attraction_id": "A_42318",
        "kind": "tourism",
        "category": "leisure_park",
        "label": "Leisure / Park",
        "name": "",
        "area_m2": 2456.9540927684866,
        "weight": 47.456954092768484,
        "osm_id": 1012599093
      }
    },
    {
      "type": "Feature",
      "geometry": {
        "type": "Point",
        "coordinates": [
          121.4131157909091,
          31.154048972727274
        ]
      },
      "properties": {
        "attraction_id": "A_42319",
        "kind": "tourism",
        "category": "leisure_park",
        "label": "Leisure / Park",
        "name": "",
        "area_m2": 842.7323514665477,
        "weight": 45.842732351466545,
        "osm_id": 1012599094
      }
    },
    {
      "type": "Feature",
      "geometry": {
        "type": "Point",
        "coordinates": [
          121.41349385000001,
          31.154629175
        ]
      },
      "properties": {
        "attraction_id": "A_42320",
        "kind": "tourism",
        "category": "leisure_park",
        "label": "Leisure / Park",
        "name": "",
        "area_m2": 483.70359625515994,
        "weight": 45.48370359625516,
        "osm_id": 1012599095
      }
    },
    {
      "type": "Feature",
      "geometry": {
        "type": "Point",
        "coordinates": [
          121.41339635294119,
          31.15391681176471
        ]
      },
      "properties": {
        "attraction_id": "A_42321",
        "kind": "tourism",
        "category": "leisure_park",
        "label": "Leisure / Park",
        "name": "康健社区体育公园",
        "area_m2": 11100.86759382824,
        "weight": 56.10086759382824,
        "osm_id": 1012599096
      }
    },
    {
      "type": "Feature",
      "geometry": {
        "type": "Point",
        "coordinates": [
          121.53108202000001,
          31.204620319999997
        ]
      },
      "properties": {
        "attraction_id": "A_42324",
        "kind": "tourism",
        "category": "leisure_park",
        "label": "Leisure / Park",
        "name": "",
        "area_m2": 28496.459918566048,
        "weight": 73.49645991856605,
        "osm_id": 1018830641
      }
    },
    {
      "type": "Feature",
      "geometry": {
        "type": "Point",
        "coordinates": [
          121.50792437272729,
          31.215895381818186
        ]
      },
      "properties": {
        "attraction_id": "A_42337",
        "kind": "tourism",
        "category": "leisure_park",
        "label": "Leisure / Park",
        "name": "",
        "area_m2": 6239.702707789838,
        "weight": 51.23970270778984,
        "osm_id": 1020121519
      }
    },
    {
      "type": "Feature",
      "geometry": {
        "type": "Point",
        "coordinates": [
          121.50572604166666,
          31.2123022
        ]
      },
      "properties": {
        "attraction_id": "A_42338",
        "kind": "tourism",
        "category": "leisure_park",
        "label": "Leisure / Park",
        "name": "",
        "area_m2": 1614.6068701595068,
        "weight": 46.614606870159506,
        "osm_id": 1020121528
      }
    },
    {
      "type": "Feature",
      "geometry": {
        "type": "Point",
        "coordinates": [
          121.519569925,
          31.2379365
        ]
      },
      "properties": {
        "attraction_id": "A_42344",
        "kind": "tourism",
        "category": "hotel_tourism",
        "label": "Hotel / Tourism",
        "name": "",
        "area_m2": 925.4297156110406,
        "weight": 44.254297156110404,
        "osm_id": 1020246850
      }
    },
    {
      "type": "Feature",
      "geometry": {
        "type": "Point",
        "coordinates": [
          121.533541775,
          31.193872475
        ]
      },
      "properties": {
        "attraction_id": "A_42367",
        "kind": "tourism",
        "category": "hotel_tourism",
        "label": "Hotel / Tourism",
        "name": "星河湾酒店",
        "area_m2": 17632.42957857251,
        "weight": 211.32429578572513,
        "osm_id": 1034667863
      }
    },
    {
      "type": "Feature",
      "geometry": {
        "type": "Point",
        "coordinates": [
          121.53464095833334,
          31.221980033333335
        ]
      },
      "properties": {
        "attraction_id": "A_42368",
        "kind": "tourism",
        "category": "hotel_tourism",
        "label": "Hotel / Tourism",
        "name": "上海博物馆东馆",
        "area_m2": 20607.75245181471,
        "weight": 241.0775245181471,
        "osm_id": 1034667864
      }
    },
    {
      "type": "Feature",
      "geometry": {
        "type": "Point",
        "coordinates": [
          121.515794575,
          31.18301185
        ]
      },
      "properties": {
        "attraction_id": "A_42378",
        "kind": "tourism",
        "category": "hotel_tourism",
        "label": "Hotel / Tourism",
        "name": "龙湖冠寓",
        "area_m2": 1070.6488021425903,
        "weight": 45.706488021425905,
        "osm_id": 1037887306
      }
    },
    {
      "type": "Feature",
      "geometry": {
        "type": "Point",
        "coordinates": [
          121.50720181111112,
          31.214196555555557
        ]
      },
      "properties": {
        "attraction_id": "A_42379",
        "kind": "tourism",
        "category": "leisure_park",
        "label": "Leisure / Park",
        "name": "",
        "area_m2": 371.1233200058341,
        "weight": 45.371123320005836,
        "osm_id": 1040094392
      }
    },
    {
      "type": "Feature",
      "geometry": {
        "type": "Point",
        "coordinates": [
          121.50944776000001,
          31.138852280000002
        ]
      },
      "properties": {
        "attraction_id": "A_42393",
        "kind": "tourism",
        "category": "leisure_park",
        "label": "Leisure / Park",
        "name": "",
        "area_m2": 26445.12823726132,
        "weight": 71.44512823726132,
        "osm_id": 1042824632
      }
    },
    {
      "type": "Feature",
      "geometry": {
        "type": "Point",
        "coordinates": [
          121.41966345,
          31.257605075
        ]
      },
      "properties": {
        "attraction_id": "A_42417",
        "kind": "tourism",
        "category": "leisure_park",
        "label": "Leisure / Park",
        "name": "",
        "area_m2": 790.164617843926,
        "weight": 45.79016461784393,
        "osm_id": 1044372332
      }
    },
    {
      "type": "Feature",
      "geometry": {
        "type": "Point",
        "coordinates": [
          121.517748625,
          31.141572875
        ]
      },
      "properties": {
        "attraction_id": "A_42453",
        "kind": "tourism",
        "category": "leisure_park",
        "label": "Leisure / Park",
        "name": "",
        "area_m2": 893.342916465248,
        "weight": 45.89334291646525,
        "osm_id": 1044645960
      }
    },
    {
      "type": "Feature",
      "geometry": {
        "type": "Point",
        "coordinates": [
          121.51743955,
          31.140644925
        ]
      },
      "properties": {
        "attraction_id": "A_42461",
        "kind": "tourism",
        "category": "leisure_park",
        "label": "Leisure / Park",
        "name": "",
        "area_m2": 1011.0797525467351,
        "weight": 46.011079752546735,
        "osm_id": 1044645968
      }
    },
    {
      "type": "Feature",
      "geometry": {
        "type": "Point",
        "coordinates": [
          121.51903607,
          31.14130411
        ]
      },
      "properties": {
        "attraction_id": "A_42462",
        "kind": "tourism",
        "category": "leisure_park",
        "label": "Leisure / Park",
        "name": "",
        "area_m2": 7724.871463422198,
        "weight": 52.7248714634222,
        "osm_id": 1044645969
      }
    },
    {
      "type": "Feature",
      "geometry": {
        "type": "Point",
        "coordinates": [
          121.51954791666667,
          31.141029250000003
        ]
      },
      "properties": {
        "attraction_id": "A_42463",
        "kind": "tourism",
        "category": "leisure_park",
        "label": "Leisure / Park",
        "name": "",
        "area_m2": 2053.1781740293372,
        "weight": 47.053178174029334,
        "osm_id": 1044645970
      }
    },
    {
      "type": "Feature",
      "geometry": {
        "type": "Point",
        "coordinates": [
          121.431690275,
          31.21403885
        ]
      },
      "properties": {
        "attraction_id": "A_42611",
        "kind": "tourism",
        "category": "leisure_park",
        "label": "Leisure / Park",
        "name": "",
        "area_m2": 1924.7548252101988,
        "weight": 46.9247548252102,
        "osm_id": 1053467385
      }
    },
    {
      "type": "Feature",
      "geometry": {
        "type": "Point",
        "coordinates": [
          121.423771525,
          31.25935085
        ]
      },
      "properties": {
        "attraction_id": "A_42620",
        "kind": "tourism",
        "category": "leisure_park",
        "label": "Leisure / Park",
        "name": "",
        "area_m2": 730.9392266198993,
        "weight": 45.7309392266199,
        "osm_id": 1054888751
      }
    },
    {
      "type": "Feature",
      "geometry": {
        "type": "Point",
        "coordinates": [
          121.42405635,
          31.25935835
        ]
      },
      "properties": {
        "attraction_id": "A_42621",
        "kind": "tourism",
        "category": "leisure_park",
        "label": "Leisure / Park",
        "name": "",
        "area_m2": 518.4811405595392,
        "weight": 45.51848114055954,
        "osm_id": 1054888752
      }
    },
    {
      "type": "Feature",
      "geometry": {
        "type": "Point",
        "coordinates": [
          121.49334834000001,
          31.221022420000004
        ]
      },
      "properties": {
        "attraction_id": "A_42623",
        "kind": "tourism",
        "category": "leisure_park",
        "label": "Leisure / Park",
        "name": "东门广场",
        "area_m2": 703.6452778279781,
        "weight": 45.70364527782798,
        "osm_id": 1056770823
      }
    },
    {
      "type": "Feature",
      "geometry": {
        "type": "Point",
        "coordinates": [
          121.49340545,
          31.22100695
        ]
      },
      "properties": {
        "attraction_id": "A_42624",
        "kind": "tourism",
        "category": "leisure_park",
        "label": "Leisure / Park",
        "name": "",
        "area_m2": 283.4986946210265,
        "weight": 45.283498694621024,
        "osm_id": 1056770824
      }
    },
    {
      "type": "Feature",
      "geometry": {
        "type": "Point",
        "coordinates": [
          121.47476968333332,
          31.195505183333335
        ]
      },
      "properties": {
        "attraction_id": "A_42645",
        "kind": "tourism",
        "category": "leisure_park",
        "label": "Leisure / Park",
        "name": "",
        "area_m2": 992.611614137888,
        "weight": 45.992611614137886,
        "osm_id": 1064372325
      }
    },
    {
      "type": "Feature",
      "geometry": {
        "type": "Point",
        "coordinates": [
          121.4746308,
          31.1958711
        ]
      },
      "properties": {
        "attraction_id": "A_42646",
        "kind": "tourism",
        "category": "leisure_park",
        "label": "Leisure / Park",
        "name": "",
        "area_m2": 526.9833437204361,
        "weight": 45.52698334372044,
        "osm_id": 1064372326
      }
    },
    {
      "type": "Feature",
      "geometry": {
        "type": "Point",
        "coordinates": [
          121.47449728,
          31.19629248
        ]
      },
      "properties": {
        "attraction_id": "A_42647",
        "kind": "tourism",
        "category": "leisure_park",
        "label": "Leisure / Park",
        "name": "",
        "area_m2": 618.6717163398862,
        "weight": 45.61867171633989,
        "osm_id": 1064372327
      }
    },
    {
      "type": "Feature",
      "geometry": {
        "type": "Point",
        "coordinates": [
          121.47419662,
          31.19672612
        ]
      },
      "properties": {
        "attraction_id": "A_42648",
        "kind": "tourism",
        "category": "leisure_park",
        "label": "Leisure / Park",
        "name": "",
        "area_m2": 2393.2632476240396,
        "weight": 47.39326324762404,
        "osm_id": 1064372328
      }
    },
    {
      "type": "Feature",
      "geometry": {
        "type": "Point",
        "coordinates": [
          121.46936953333332,
          31.16036432222222
        ]
      },
      "properties": {
        "attraction_id": "A_42650",
        "kind": "tourism",
        "category": "hotel_tourism",
        "label": "Hotel / Tourism",
        "name": "前滩华尔道夫酒店",
        "area_m2": 8961.217023688368,
        "weight": 124.61217023688368,
        "osm_id": 1064509399
      }
    },
    {
      "type": "Feature",
      "geometry": {
        "type": "Point",
        "coordinates": [
          121.4740428,
          31.138491950000002
        ]
      },
      "properties": {
        "attraction_id": "A_42652",
        "kind": "tourism",
        "category": "leisure_park",
        "label": "Leisure / Park",
        "name": "",
        "area_m2": 583718.3328314688,
        "weight": 628.7183328314687,
        "osm_id": 1064509417
      }
    },
    {
      "type": "Feature",
      "geometry": {
        "type": "Point",
        "coordinates": [
          121.54998435714286,
          31.158056100000003
        ]
      },
      "properties": {
        "attraction_id": "A_42654",
        "kind": "commercial",
        "category": "retail_service",
        "label": "Retail / Service",
        "name": "御桥九六广场",
        "area_m2": 39747.74605034292,
        "weight": 516.8468256292865,
        "osm_id": 1064509430
      }
    },
    {
      "type": "Feature",
      "geometry": {
        "type": "Point",
        "coordinates": [
          121.550856825,
          31.25533955
        ]
      },
      "properties": {
        "attraction_id": "A_42663",
        "kind": "tourism",
        "category": "hotel_tourism",
        "label": "Hotel / Tourism",
        "name": "兴荣温德姆",
        "area_m2": 3739.8749423474073,
        "weight": 72.39874942347407,
        "osm_id": 1066661591
      }
    },
    {
      "type": "Feature",
      "geometry": {
        "type": "Point",
        "coordinates": [
          121.48216870333334,
          31.25952575333333
        ]
      },
      "properties": {
        "attraction_id": "A_42691",
        "kind": "tourism",
        "category": "leisure_park",
        "label": "Leisure / Park",
        "name": "爱思儿童公园",
        "area_m2": 28165.381115451455,
        "weight": 73.16538111545145,
        "osm_id": 1069118321
      }
    },
    {
      "type": "Feature",
      "geometry": {
        "type": "Point",
        "coordinates": [
          121.4331453,
          31.1650642
        ]
      },
      "properties": {
        "attraction_id": "A_42720",
        "kind": "tourism",
        "category": "leisure_park",
        "label": "Leisure / Park",
        "name": "",
        "area_m2": 2533.786108205095,
        "weight": 47.53378610820509,
        "osm_id": 1071331793
      }
    },
    {
      "type": "Feature",
      "geometry": {
        "type": "Point",
        "coordinates": [
          121.4108244,
          31.1614455
        ]
      },
      "properties": {
        "attraction_id": "A_42721",
        "kind": "tourism",
        "category": "leisure_park",
        "label": "Leisure / Park",
        "name": "",
        "area_m2": 2608.9100413930137,
        "weight": 47.60891004139302,
        "osm_id": 1071346827
      }
    },
    {
      "type": "Feature",
      "geometry": {
        "type": "Point",
        "coordinates": [
          121.44289632499999,
          31.2541124
        ]
      },
      "properties": {
        "attraction_id": "A_42763",
        "kind": "tourism",
        "category": "leisure_park",
        "label": "Leisure / Park",
        "name": "",
        "area_m2": 1261.893377173692,
        "weight": 46.26189337717369,
        "osm_id": 1078943451
      }
    },
    {
      "type": "Feature",
      "geometry": {
        "type": "Point",
        "coordinates": [
          121.44263235,
          31.254106525
        ]
      },
      "properties": {
        "attraction_id": "A_42764",
        "kind": "tourism",
        "category": "leisure_park",
        "label": "Leisure / Park",
        "name": "",
        "area_m2": 425.3685065433383,
        "weight": 45.425368506543336,
        "osm_id": 1078943452
      }
    },
    {
      "type": "Feature",
      "geometry": {
        "type": "Point",
        "coordinates": [
          121.44316380000001,
          31.25400235
        ]
      },
      "properties": {
        "attraction_id": "A_42765",
        "kind": "tourism",
        "category": "leisure_park",
        "label": "Leisure / Park",
        "name": "",
        "area_m2": 1776.3350318819284,
        "weight": 46.77633503188193,
        "osm_id": 1078943453
      }
    },
    {
      "type": "Feature",
      "geometry": {
        "type": "Point",
        "coordinates": [
          121.44373742727272,
          31.253697145454545
        ]
      },
      "properties": {
        "attraction_id": "A_42766",
        "kind": "tourism",
        "category": "leisure_park",
        "label": "Leisure / Park",
        "name": "极度英睿健身中心 中远两湾城店",
        "area_m2": 2746.0088961347938,
        "weight": 47.746008896134796,
        "osm_id": 1078943454
      }
    },
    {
      "type": "Feature",
      "geometry": {
        "type": "Point",
        "coordinates": [
          121.450790825,
          31.210207099999998
        ]
      },
      "properties": {
        "attraction_id": "A_42771",
        "kind": "tourism",
        "category": "leisure_park",
        "label": "Leisure / Park",
        "name": "",
        "area_m2": 1696.4100909940898,
        "weight": 46.69641009099409,
        "osm_id": 1078951784
      }
    },
    {
      "type": "Feature",
      "geometry": {
        "type": "Point",
        "coordinates": [
          121.4833174375,
          31.259744675
        ]
      },
      "properties": {
        "attraction_id": "A_42774",
        "kind": "tourism",
        "category": "hotel_tourism",
        "label": "Hotel / Tourism",
        "name": "",
        "area_m2": 3121.5653566867113,
        "weight": 66.21565356686712,
        "osm_id": 1081680482
      }
    },
    {
      "type": "Feature",
      "geometry": {
        "type": "Point",
        "coordinates": [
          121.55890099999999,
          31.25643785
        ]
      },
      "properties": {
        "attraction_id": "A_42778",
        "kind": "tourism",
        "category": "leisure_park",
        "label": "Leisure / Park",
        "name": "",
        "area_m2": 2739.104993954301,
        "weight": 47.7391049939543,
        "osm_id": 1084567640
      }
    },
    {
      "type": "Feature",
      "geometry": {
        "type": "Point",
        "coordinates": [
          121.434787125,
          31.22524165
        ]
      },
      "properties": {
        "attraction_id": "A_42840",
        "kind": "tourism",
        "category": "leisure_park",
        "label": "Leisure / Park",
        "name": "",
        "area_m2": 431.4686797000468,
        "weight": 45.431468679700046,
        "osm_id": 1090250389
      }
    },
    {
      "type": "Feature",
      "geometry": {
        "type": "Point",
        "coordinates": [
          121.43489177500001,
          31.2250969
        ]
      },
      "properties": {
        "attraction_id": "A_42841",
        "kind": "tourism",
        "category": "leisure_park",
        "label": "Leisure / Park",
        "name": "",
        "area_m2": 431.1955949552357,
        "weight": 45.431195594955234,
        "osm_id": 1090250390
      }
    },
    {
      "type": "Feature",
      "geometry": {
        "type": "Point",
        "coordinates": [
          121.4349979,
          31.224950125
        ]
      },
      "properties": {
        "attraction_id": "A_42842",
        "kind": "tourism",
        "category": "leisure_park",
        "label": "Leisure / Park",
        "name": "",
        "area_m2": 431.24232828989625,
        "weight": 45.4312423282899,
        "osm_id": 1090250391
      }
    },
    {
      "type": "Feature",
      "geometry": {
        "type": "Point",
        "coordinates": [
          121.4351061,
          31.22480045
        ]
      },
      "properties": {
        "attraction_id": "A_42843",
        "kind": "tourism",
        "category": "leisure_park",
        "label": "Leisure / Park",
        "name": "",
        "area_m2": 431.3345318939537,
        "weight": 45.43133453189395,
        "osm_id": 1090250392
      }
    },
    {
      "type": "Feature",
      "geometry": {
        "type": "Point",
        "coordinates": [
          121.442610625,
          31.230838425
        ]
      },
      "properties": {
        "attraction_id": "A_42845",
        "kind": "tourism",
        "category": "leisure_park",
        "label": "Leisure / Park",
        "name": "",
        "area_m2": 420.2443653270602,
        "weight": 45.42024436532706,
        "osm_id": 1090250862
      }
    },
    {
      "type": "Feature",
      "geometry": {
        "type": "Point",
        "coordinates": [
          121.45374692499999,
          31.2328756
        ]
      },
      "properties": {
        "attraction_id": "A_42848",
        "kind": "tourism",
        "category": "leisure_park",
        "label": "Leisure / Park",
        "name": "",
        "area_m2": 273.44829200208187,
        "weight": 45.27344829200208,
        "osm_id": 1090251316
      }
    },
    {
      "type": "Feature",
      "geometry": {
        "type": "Point",
        "coordinates": [
          121.453608225,
          31.2328208
        ]
      },
      "properties": {
        "attraction_id": "A_42849",
        "kind": "tourism",
        "category": "leisure_park",
        "label": "Leisure / Park",
        "name": "",
        "area_m2": 273.44829201698303,
        "weight": 45.27344829201698,
        "osm_id": 1090251317
      }
    },
    {
      "type": "Feature",
      "geometry": {
        "type": "Point",
        "coordinates": [
          121.4302863,
          31.24498275
        ]
      },
      "properties": {
        "attraction_id": "A_42851",
        "kind": "tourism",
        "category": "leisure_park",
        "label": "Leisure / Park",
        "name": "",
        "area_m2": 314.3773214034736,
        "weight": 45.31437732140348,
        "osm_id": 1090251431
      }
    },
    {
      "type": "Feature",
      "geometry": {
        "type": "Point",
        "coordinates": [
          121.43045430000001,
          31.244900025
        ]
      },
      "properties": {
        "attraction_id": "A_42852",
        "kind": "tourism",
        "category": "leisure_park",
        "label": "Leisure / Park",
        "name": "",
        "area_m2": 314.2459628544748,
        "weight": 45.31424596285447,
        "osm_id": 1090251432
      }
    },
    {
      "type": "Feature",
      "geometry": {
        "type": "Point",
        "coordinates": [
          121.47992885,
          31.203247875000002
        ]
      },
      "properties": {
        "attraction_id": "A_42861",
        "kind": "tourism",
        "category": "leisure_park",
        "label": "Leisure / Park",
        "name": "",
        "area_m2": 419.9458614438772,
        "weight": 45.41994586144388,
        "osm_id": 1090583896
      }
    },
    {
      "type": "Feature",
      "geometry": {
        "type": "Point",
        "coordinates": [
          121.48010450000001,
          31.2032599
        ]
      },
      "properties": {
        "attraction_id": "A_42862",
        "kind": "tourism",
        "category": "leisure_park",
        "label": "Leisure / Park",
        "name": "",
        "area_m2": 419.8829714283347,
        "weight": 45.419882971428336,
        "osm_id": 1090583897
      }
    },
    {
      "type": "Feature",
      "geometry": {
        "type": "Point",
        "coordinates": [
          121.48028529999999,
          31.20327225
        ]
      },
      "properties": {
        "attraction_id": "A_42863",
        "kind": "tourism",
        "category": "leisure_park",
        "label": "Leisure / Park",
        "name": "",
        "area_m2": 419.8623414039612,
        "weight": 45.41986234140396,
        "osm_id": 1090583898
      }
    },
    {
      "type": "Feature",
      "geometry": {
        "type": "Point",
        "coordinates": [
          121.48046065,
          31.20328425
        ]
      },
      "properties": {
        "attraction_id": "A_42864",
        "kind": "tourism",
        "category": "leisure_park",
        "label": "Leisure / Park",
        "name": "",
        "area_m2": 419.85307893902063,
        "weight": 45.41985307893902,
        "osm_id": 1090583899
      }
    },
    {
      "type": "Feature",
      "geometry": {
        "type": "Point",
        "coordinates": [
          121.44140135,
          31.176261025000002
        ]
      },
      "properties": {
        "attraction_id": "A_42869",
        "kind": "tourism",
        "category": "leisure_park",
        "label": "Leisure / Park",
        "name": "",
        "area_m2": 421.51858536619693,
        "weight": 45.421518585366194,
        "osm_id": 1090584431
      }
    },
    {
      "type": "Feature",
      "geometry": {
        "type": "Point",
        "coordinates": [
          121.44135857500001,
          31.176392225
        ]
      },
      "properties": {
        "attraction_id": "A_42870",
        "kind": "tourism",
        "category": "leisure_park",
        "label": "Leisure / Park",
        "name": "",
        "area_m2": 421.6209460729733,
        "weight": 45.42162094607297,
        "osm_id": 1090584432
      }
    },
    {
      "type": "Feature",
      "geometry": {
        "type": "Point",
        "coordinates": [
          121.41227467499999,
          31.206005825
        ]
      },
      "properties": {
        "attraction_id": "A_42873",
        "kind": "tourism",
        "category": "leisure_park",
        "label": "Leisure / Park",
        "name": "",
        "area_m2": 385.51329121831805,
        "weight": 45.38551329121832,
        "osm_id": 1090998175
      }
    },
    {
      "type": "Feature",
      "geometry": {
        "type": "Point",
        "coordinates": [
          121.41244367499999,
          31.206028099999997
        ]
      },
      "properties": {
        "attraction_id": "A_42874",
        "kind": "tourism",
        "category": "leisure_park",
        "label": "Leisure / Park",
        "name": "",
        "area_m2": 385.57165524736047,
        "weight": 45.38557165524736,
        "osm_id": 1090998176
      }
    },
    {
      "type": "Feature",
      "geometry": {
        "type": "Point",
        "coordinates": [
          121.4844832,
          31.1594837
        ]
      },
      "properties": {
        "attraction_id": "A_42877",
        "kind": "tourism",
        "category": "leisure_park",
        "label": "Leisure / Park",
        "name": "",
        "area_m2": 1222.3430862873793,
        "weight": 46.22234308628738,
        "osm_id": 1091006965
      }
    },
    {
      "type": "Feature",
      "geometry": {
        "type": "Point",
        "coordinates": [
          121.4843607,
          31.1600151
        ]
      },
      "properties": {
        "attraction_id": "A_42878",
        "kind": "tourism",
        "category": "leisure_park",
        "label": "Leisure / Park",
        "name": "",
        "area_m2": 420.95362780429423,
        "weight": 45.420953627804295,
        "osm_id": 1091006966
      }
    },
    {
      "type": "Feature",
      "geometry": {
        "type": "Point",
        "coordinates": [
          121.54454817777777,
          31.182570233333333
        ]
      },
      "properties": {
        "attraction_id": "A_42883",
        "kind": "tourism",
        "category": "hotel_tourism",
        "label": "Hotel / Tourism",
        "name": "舜地三和园酒店",
        "area_m2": 4685.65997030586,
        "weight": 81.8565997030586,
        "osm_id": 1104687220
      }
    },
    {
      "type": "Feature",
      "geometry": {
        "type": "Point",
        "coordinates": [
          121.476442125,
          31.2136368
        ]
      },
      "properties": {
        "attraction_id": "A_42887",
        "kind": "tourism",
        "category": "leisure_park",
        "label": "Leisure / Park",
        "name": "",
        "area_m2": 488.8979953341186,
        "weight": 45.48889799533412,
        "osm_id": 1110289143
      }
    },
    {
      "type": "Feature",
      "geometry": {
        "type": "Point",
        "coordinates": [
          121.47671825,
          31.21370935
        ]
      },
      "properties": {
        "attraction_id": "A_42888",
        "kind": "tourism",
        "category": "leisure_park",
        "label": "Leisure / Park",
        "name": "",
        "area_m2": 886.0394126921892,
        "weight": 45.88603941269219,
        "osm_id": 1110289144
      }
    },
    {
      "type": "Feature",
      "geometry": {
        "type": "Point",
        "coordinates": [
          121.5341964,
          31.20978515
        ]
      },
      "properties": {
        "attraction_id": "A_42890",
        "kind": "tourism",
        "category": "leisure_park",
        "label": "Leisure / Park",
        "name": "",
        "area_m2": 426.6957226097584,
        "weight": 45.42669572260976,
        "osm_id": 1117454009
      }
    },
    {
      "type": "Feature",
      "geometry": {
        "type": "Point",
        "coordinates": [
          121.53437735,
          31.20975815
        ]
      },
      "properties": {
        "attraction_id": "A_42891",
        "kind": "tourism",
        "category": "leisure_park",
        "label": "Leisure / Park",
        "name": "",
        "area_m2": 426.9537032172084,
        "weight": 45.42695370321721,
        "osm_id": 1117454010
      }
    },
    {
      "type": "Feature",
      "geometry": {
        "type": "Point",
        "coordinates": [
          121.53455505,
          31.209731625
        ]
      },
      "properties": {
        "attraction_id": "A_42892",
        "kind": "tourism",
        "category": "leisure_park",
        "label": "Leisure / Park",
        "name": "",
        "area_m2": 426.8413432389498,
        "weight": 45.42684134323895,
        "osm_id": 1117454011
      }
    },
    {
      "type": "Feature",
      "geometry": {
        "type": "Point",
        "coordinates": [
          121.481995,
          31.197520275
        ]
      },
      "properties": {
        "attraction_id": "A_42899",
        "kind": "tourism",
        "category": "leisure_park",
        "label": "Leisure / Park",
        "name": "",
        "area_m2": 7719.500077586621,
        "weight": 52.71950007758662,
        "osm_id": 1117672141
      }
    },
    {
      "type": "Feature",
      "geometry": {
        "type": "Point",
        "coordinates": [
          121.51221494285714,
          31.254110085714284
        ]
      },
      "properties": {
        "attraction_id": "A_43014",
        "kind": "tourism",
        "category": "leisure_park",
        "label": "Leisure / Park",
        "name": "",
        "area_m2": 6050.99657355994,
        "weight": 51.05099657355994,
        "osm_id": 1117898211
      }
    },
    {
      "type": "Feature",
      "geometry": {
        "type": "Point",
        "coordinates": [
          121.51116725,
          31.253731925
        ]
      },
      "properties": {
        "attraction_id": "A_43015",
        "kind": "tourism",
        "category": "leisure_park",
        "label": "Leisure / Park",
        "name": "",
        "area_m2": 855.7470050305128,
        "weight": 45.855747005030516,
        "osm_id": 1117898212
      }
    },
    {
      "type": "Feature",
      "geometry": {
        "type": "Point",
        "coordinates": [
          121.43884738,
          31.22496708
        ]
      },
      "properties": {
        "attraction_id": "A_43016",
        "kind": "tourism",
        "category": "leisure_park",
        "label": "Leisure / Park",
        "name": "",
        "area_m2": 297.08146331086755,
        "weight": 45.29708146331087,
        "osm_id": 1119075350
      }
    },
    {
      "type": "Feature",
      "geometry": {
        "type": "Point",
        "coordinates": [
          121.47201673333332,
          31.187644093333333
        ]
      },
      "properties": {
        "attraction_id": "A_43023",
        "kind": "tourism",
        "category": "leisure_park",
        "label": "Leisure / Park",
        "name": "",
        "area_m2": 9262.45433261618,
        "weight": 54.26245433261618,
        "osm_id": 1125199569
      }
    },
    {
      "type": "Feature",
      "geometry": {
        "type": "Point",
        "coordinates": [
          121.47562734814814,
          31.18825369074074
        ]
      },
      "properties": {
        "attraction_id": "A_43024",
        "kind": "tourism",
        "category": "leisure_park",
        "label": "Leisure / Park",
        "name": "",
        "area_m2": 16205.896679542959,
        "weight": 61.20589667954296,
        "osm_id": 1125199571
      }
    },
    {
      "type": "Feature",
      "geometry": {
        "type": "Point",
        "coordinates": [
          121.4800776375,
          31.189387625
        ]
      },
      "properties": {
        "attraction_id": "A_43025",
        "kind": "tourism",
        "category": "leisure_park",
        "label": "Leisure / Park",
        "name": "",
        "area_m2": 437.9378250874579,
        "weight": 45.43793782508746,
        "osm_id": 1125199575
      }
    },
    {
      "type": "Feature",
      "geometry": {
        "type": "Point",
        "coordinates": [
          121.469999475,
          31.21539735
        ]
      },
      "properties": {
        "attraction_id": "A_43037",
        "kind": "tourism",
        "category": "leisure_park",
        "label": "Leisure / Park",
        "name": "",
        "area_m2": 408.0882262326777,
        "weight": 45.40808822623268,
        "osm_id": 1138074120
      }
    },
    {
      "type": "Feature",
      "geometry": {
        "type": "Point",
        "coordinates": [
          121.50431032727273,
          31.208962063636363
        ]
      },
      "properties": {
        "attraction_id": "A_43044",
        "kind": "tourism",
        "category": "leisure_park",
        "label": "Leisure / Park",
        "name": "",
        "area_m2": 11247.472207829356,
        "weight": 56.247472207829354,
        "osm_id": 1138563581
      }
    },
    {
      "type": "Feature",
      "geometry": {
        "type": "Point",
        "coordinates": [
          121.43234305,
          31.210760225
        ]
      },
      "properties": {
        "attraction_id": "A_43047",
        "kind": "tourism",
        "category": "leisure_park",
        "label": "Leisure / Park",
        "name": "",
        "area_m2": 298.66918610967696,
        "weight": 45.29866918610968,
        "osm_id": 1150630720
      }
    },
    {
      "type": "Feature",
      "geometry": {
        "type": "Point",
        "coordinates": [
          121.43223073529413,
          31.21089454705882
        ]
      },
      "properties": {
        "attraction_id": "A_43048",
        "kind": "tourism",
        "category": "leisure_park",
        "label": "Leisure / Park",
        "name": "",
        "area_m2": 5868.049901245162,
        "weight": 50.868049901245165,
        "osm_id": 1150630721
      }
    },
    {
      "type": "Feature",
      "geometry": {
        "type": "Point",
        "coordinates": [
          121.4452561,
          31.231947166666668
        ]
      },
      "properties": {
        "attraction_id": "A_43077",
        "kind": "tourism",
        "category": "leisure_park",
        "label": "Leisure / Park",
        "name": "西康公园",
        "area_m2": 2732.1005203537643,
        "weight": 47.73210052035377,
        "osm_id": 1153422469
      }
    },
    {
      "type": "Feature",
      "geometry": {
        "type": "Point",
        "coordinates": [
          121.44599342000001,
          31.213022080000002
        ]
      },
      "properties": {
        "attraction_id": "A_43084",
        "kind": "tourism",
        "category": "leisure_park",
        "label": "Leisure / Park",
        "name": "",
        "area_m2": 5787.346755746752,
        "weight": 50.78734675574675,
        "osm_id": 1153659642
      }
    },
    {
      "type": "Feature",
      "geometry": {
        "type": "Point",
        "coordinates": [
          121.44771130000001,
          31.21149174285714
        ]
      },
      "properties": {
        "attraction_id": "A_43096",
        "kind": "tourism",
        "category": "leisure_park",
        "label": "Leisure / Park",
        "name": "白公馆",
        "area_m2": 5441.656629614532,
        "weight": 50.441656629614535,
        "osm_id": 1153659654
      }
    },
    {
      "type": "Feature",
      "geometry": {
        "type": "Point",
        "coordinates": [
          121.44707542500001,
          31.211386425
        ]
      },
      "properties": {
        "attraction_id": "A_43098",
        "kind": "tourism",
        "category": "leisure_park",
        "label": "Leisure / Park",
        "name": "",
        "area_m2": 3855.3148457966745,
        "weight": 48.85531484579668,
        "osm_id": 1153659656
      }
    },
    {
      "type": "Feature",
      "geometry": {
        "type": "Point",
        "coordinates": [
          121.49404559999999,
          31.187382575
        ]
      },
      "properties": {
        "attraction_id": "A_43114",
        "kind": "tourism",
        "category": "leisure_park",
        "label": "Leisure / Park",
        "name": "",
        "area_m2": 3752.415789373219,
        "weight": 48.75241578937322,
        "osm_id": 1154070565
      }
    },
    {
      "type": "Feature",
      "geometry": {
        "type": "Point",
        "coordinates": [
          121.48288591111113,
          31.239779777777773
        ]
      },
      "properties": {
        "attraction_id": "A_43139",
        "kind": "commercial",
        "category": "retail_service",
        "label": "Retail / Service",
        "name": "外滩中央广场",
        "area_m2": 15834.937294587493,
        "weight": 217.93671618234367,
        "osm_id": 1156620264
      }
    },
    {
      "type": "Feature",
      "geometry": {
        "type": "Point",
        "coordinates": [
          121.46998773333333,
          31.205467158333335
        ]
      },
      "properties": {
        "attraction_id": "A_43212",
        "kind": "commercial",
        "category": "retail_service",
        "label": "Retail / Service",
        "name": "东汇广场",
        "area_m2": 813.7149006351829,
        "weight": 30.171436257939785,
        "osm_id": 1159133089
      }
    },
    {
      "type": "Feature",
      "geometry": {
        "type": "Point",
        "coordinates": [
          121.476528175,
          31.255920295
        ]
      },
      "properties": {
        "attraction_id": "A_43247",
        "kind": "tourism",
        "category": "leisure_park",
        "label": "Leisure / Park",
        "name": "",
        "area_m2": 12931.380448877811,
        "weight": 57.93138044887781,
        "osm_id": 1161277131
      }
    },
    {
      "type": "Feature",
      "geometry": {
        "type": "Point",
        "coordinates": [
          121.4599024,
          31.207642175
        ]
      },
      "properties": {
        "attraction_id": "A_43252",
        "kind": "tourism",
        "category": "leisure_park",
        "label": "Leisure / Park",
        "name": "",
        "area_m2": 1616.1729103587568,
        "weight": 46.616172910358756,
        "osm_id": 1169368824
      }
    },
    {
      "type": "Feature",
      "geometry": {
        "type": "Point",
        "coordinates": [
          121.45937141666667,
          31.207125108333333
        ]
      },
      "properties": {
        "attraction_id": "A_43253",
        "kind": "tourism",
        "category": "leisure_park",
        "label": "Leisure / Park",
        "name": "卢湾体育场",
        "area_m2": 53374.23105043173,
        "weight": 98.37423105043173,
        "osm_id": 1169368825
      }
    },
    {
      "type": "Feature",
      "geometry": {
        "type": "Point",
        "coordinates": [
          121.42158635,
          31.259809175
        ]
      },
      "properties": {
        "attraction_id": "A_43272",
        "kind": "tourism",
        "category": "leisure_park",
        "label": "Leisure / Park",
        "name": "",
        "area_m2": 273.00553582422435,
        "weight": 45.273005535824225,
        "osm_id": 1185281598
      }
    },
    {
      "type": "Feature",
      "geometry": {
        "type": "Point",
        "coordinates": [
          121.42186065,
          31.259419025
        ]
      },
      "properties": {
        "attraction_id": "A_43273",
        "kind": "tourism",
        "category": "leisure_park",
        "label": "Leisure / Park",
        "name": "",
        "area_m2": 399.90199932828546,
        "weight": 45.399901999328286,
        "osm_id": 1185281599
      }
    },
    {
      "type": "Feature",
      "geometry": {
        "type": "Point",
        "coordinates": [
          121.42180557500001,
          31.259176325
        ]
      },
      "properties": {
        "attraction_id": "A_43274",
        "kind": "tourism",
        "category": "leisure_park",
        "label": "Leisure / Park",
        "name": "",
        "area_m2": 399.8502137567848,
        "weight": 45.399850213756785,
        "osm_id": 1185281600
      }
    },
    {
      "type": "Feature",
      "geometry": {
        "type": "Point",
        "coordinates": [
          121.4219241,
          31.259763925
        ]
      },
      "properties": {
        "attraction_id": "A_43276",
        "kind": "tourism",
        "category": "leisure_park",
        "label": "Leisure / Park",
        "name": "",
        "area_m2": 2034.7118249349296,
        "weight": 47.03471182493493,
        "osm_id": 1185281603
      }
    },
    {
      "type": "Feature",
      "geometry": {
        "type": "Point",
        "coordinates": [
          121.42189461999999,
          31.259692819999998
        ]
      },
      "properties": {
        "attraction_id": "A_43277",
        "kind": "tourism",
        "category": "leisure_park",
        "label": "Leisure / Park",
        "name": "",
        "area_m2": 3803.936180628836,
        "weight": 48.80393618062884,
        "osm_id": 1185281604
      }
    },
    {
      "type": "Feature",
      "geometry": {
        "type": "Point",
        "coordinates": [
          121.42504191999998,
          31.25897589
        ]
      },
      "properties": {
        "attraction_id": "A_43280",
        "kind": "tourism",
        "category": "leisure_park",
        "label": "Leisure / Park",
        "name": "沪西工人文化宫体育中心",
        "area_m2": 14420.419439986348,
        "weight": 59.42041943998635,
        "osm_id": 1185281616
      }
    },
    {
      "type": "Feature",
      "geometry": {
        "type": "Point",
        "coordinates": [
          121.52757624285714,
          31.191628614285715
        ]
      },
      "properties": {
        "attraction_id": "A_43290",
        "kind": "tourism",
        "category": "leisure_park",
        "label": "Leisure / Park",
        "name": "由由公园",
        "area_m2": 7665.504293315113,
        "weight": 52.66550429331511,
        "osm_id": 1187862317
      }
    },
    {
      "type": "Feature",
      "geometry": {
        "type": "Point",
        "coordinates": [
          121.537504875,
          31.1987697375
        ]
      },
      "properties": {
        "attraction_id": "A_43294",
        "kind": "tourism",
        "category": "leisure_park",
        "label": "Leisure / Park",
        "name": "",
        "area_m2": 458.1905662342906,
        "weight": 45.45819056623429,
        "osm_id": 1187862326
      }
    },
    {
      "type": "Feature",
      "geometry": {
        "type": "Point",
        "coordinates": [
          121.41483362222223,
          31.25486828888889
        ]
      },
      "properties": {
        "attraction_id": "A_43296",
        "kind": "tourism",
        "category": "leisure_park",
        "label": "Leisure / Park",
        "name": "",
        "area_m2": 33167.4469914455,
        "weight": 78.1674469914455,
        "osm_id": 1189771712
      }
    },
    {
      "type": "Feature",
      "geometry": {
        "type": "Point",
        "coordinates": [
          121.4411650375,
          31.2538822125
        ]
      },
      "properties": {
        "attraction_id": "A_43297",
        "kind": "tourism",
        "category": "leisure_park",
        "label": "Leisure / Park",
        "name": "",
        "area_m2": 144.82453724741936,
        "weight": 45.144824537247416,
        "osm_id": 1192976337
      }
    },
    {
      "type": "Feature",
      "geometry": {
        "type": "Point",
        "coordinates": [
          121.460544125,
          31.1526188
        ]
      },
      "properties": {
        "attraction_id": "A_43298",
        "kind": "tourism",
        "category": "leisure_park",
        "label": "Leisure / Park",
        "name": "",
        "area_m2": 4003.3270907574333,
        "weight": 49.00332709075743,
        "osm_id": 1193002554
      }
    },
    {
      "type": "Feature",
      "geometry": {
        "type": "Point",
        "coordinates": [
          121.45607854516129,
          31.145177038709676
        ]
      },
      "properties": {
        "attraction_id": "A_43299",
        "kind": "tourism",
        "category": "leisure_park",
        "label": "Leisure / Park",
        "name": "",
        "area_m2": 8721.213902361924,
        "weight": 53.721213902361924,
        "osm_id": 1193002555
      }
    },
    {
      "type": "Feature",
      "geometry": {
        "type": "Point",
        "coordinates": [
          121.45590163333333,
          31.1476984
        ]
      },
      "properties": {
        "attraction_id": "A_43300",
        "kind": "tourism",
        "category": "leisure_park",
        "label": "Leisure / Park",
        "name": "",
        "area_m2": 2.0544771878048778,
        "weight": 45.002054477187805,
        "osm_id": 1193002558
      }
    },
    {
      "type": "Feature",
      "geometry": {
        "type": "Point",
        "coordinates": [
          121.40942592857142,
          31.15069342857143
        ]
      },
      "properties": {
        "attraction_id": "A_43342",
        "kind": "tourism",
        "category": "leisure_park",
        "label": "Leisure / Park",
        "name": "康乐文化广场",
        "area_m2": 13868.125524669187,
        "weight": 58.86812552466919,
        "osm_id": 1194208165
      }
    },
    {
      "type": "Feature",
      "geometry": {
        "type": "Point",
        "coordinates": [
          121.4242454,
          31.168997525
        ]
      },
      "properties": {
        "attraction_id": "A_43349",
        "kind": "commercial",
        "category": "retail_service",
        "label": "Retail / Service",
        "name": "光大生活广场",
        "area_m2": 27214.318431477528,
        "weight": 360.1789803934691,
        "osm_id": 1194217941
      }
    },
    {
      "type": "Feature",
      "geometry": {
        "type": "Point",
        "coordinates": [
          121.54055319473684,
          31.19285945789474
        ]
      },
      "properties": {
        "attraction_id": "A_43427",
        "kind": "tourism",
        "category": "leisure_park",
        "label": "Leisure / Park",
        "name": "锦绣文化公园",
        "area_m2": 445003.0195640996,
        "weight": 490.0030195640996,
        "osm_id": 1195185289
      }
    },
    {
      "type": "Feature",
      "geometry": {
        "type": "Point",
        "coordinates": [
          121.426701525,
          31.23586431875
        ]
      },
      "properties": {
        "attraction_id": "A_43457",
        "kind": "tourism",
        "category": "leisure_park",
        "label": "Leisure / Park",
        "name": "",
        "area_m2": 901.5386689696461,
        "weight": 45.90153866896964,
        "osm_id": 1196366451
      }
    },
    {
      "type": "Feature",
      "geometry": {
        "type": "Point",
        "coordinates": [
          121.4251253826087,
          31.23624666086957
        ]
      },
      "properties": {
        "attraction_id": "A_43470",
        "kind": "commercial",
        "category": "retail_service",
        "label": "Retail / Service",
        "name": "豪浦广场",
        "area_m2": 3699.7236966285855,
        "weight": 66.24654620785732,
        "osm_id": 1196369545
      }
    },
    {
      "type": "Feature",
      "geometry": {
        "type": "Point",
        "coordinates": [
          121.47628975,
          31.228146375
        ]
      },
      "properties": {
        "attraction_id": "A_43682",
        "kind": "tourism",
        "category": "leisure_park",
        "label": "Leisure / Park",
        "name": "",
        "area_m2": 2292.5787089690566,
        "weight": 47.29257870896906,
        "osm_id": 1197273920
      }
    },
    {
      "type": "Feature",
      "geometry": {
        "type": "Point",
        "coordinates": [
          121.47542328571429,
          31.23556832857143
        ]
      },
      "properties": {
        "attraction_id": "A_43791",
        "kind": "tourism",
        "category": "leisure_park",
        "label": "Leisure / Park",
        "name": "",
        "area_m2": 4560.56174005568,
        "weight": 49.56056174005568,
        "osm_id": 1197873387
      }
    },
    {
      "type": "Feature",
      "geometry": {
        "type": "Point",
        "coordinates": [
          121.4874703,
          31.2340448
        ]
      },
      "properties": {
        "attraction_id": "A_43792",
        "kind": "tourism",
        "category": "leisure_park",
        "label": "Leisure / Park",
        "name": "",
        "area_m2": 538.1591354236007,
        "weight": 45.5381591354236,
        "osm_id": 1197886085
      }
    },
    {
      "type": "Feature",
      "geometry": {
        "type": "Point",
        "coordinates": [
          121.54252386666667,
          31.23203223333333
        ]
      },
      "properties": {
        "attraction_id": "A_43821",
        "kind": "tourism",
        "category": "leisure_park",
        "label": "Leisure / Park",
        "name": "",
        "area_m2": 1647.7397486567497,
        "weight": 46.64773974865675,
        "osm_id": 1198335684
      }
    },
    {
      "type": "Feature",
      "geometry": {
        "type": "Point",
        "coordinates": [
          121.54218571999999,
          31.23159546
        ]
      },
      "properties": {
        "attraction_id": "A_43822",
        "kind": "tourism",
        "category": "leisure_park",
        "label": "Leisure / Park",
        "name": "游泳馆",
        "area_m2": 1449.4481768459082,
        "weight": 46.449448176845905,
        "osm_id": 1198335685
      }
    },
    {
      "type": "Feature",
      "geometry": {
        "type": "Point",
        "coordinates": [
          121.54262148000001,
          31.23174364
        ]
      },
      "properties": {
        "attraction_id": "A_43823",
        "kind": "tourism",
        "category": "leisure_park",
        "label": "Leisure / Park",
        "name": "球类馆",
        "area_m2": 1527.9145957678556,
        "weight": 46.527914595767854,
        "osm_id": 1198335686
      }
    },
    {
      "type": "Feature",
      "geometry": {
        "type": "Point",
        "coordinates": [
          121.54007682000001,
          31.231040139999998
        ]
      },
      "properties": {
        "attraction_id": "A_43830",
        "kind": "tourism",
        "category": "leisure_park",
        "label": "Leisure / Park",
        "name": "步青科探中心",
        "area_m2": 969.8000653460622,
        "weight": 45.969800065346064,
        "osm_id": 1198335696
      }
    },
    {
      "type": "Feature",
      "geometry": {
        "type": "Point",
        "coordinates": [
          121.5079695,
          31.229275077777782
        ]
      },
      "properties": {
        "attraction_id": "A_44204",
        "kind": "tourism",
        "category": "leisure_park",
        "label": "Leisure / Park",
        "name": "一兆韦德健身",
        "area_m2": 1514.2269402444363,
        "weight": 46.514226940244434,
        "osm_id": 1198910508
      }
    },
    {
      "type": "Feature",
      "geometry": {
        "type": "Point",
        "coordinates": [
          121.508249175,
          31.228950975
        ]
      },
      "properties": {
        "attraction_id": "A_44205",
        "kind": "tourism",
        "category": "leisure_park",
        "label": "Leisure / Park",
        "name": "",
        "area_m2": 667.4703121930361,
        "weight": 45.66747031219304,
        "osm_id": 1198910510
      }
    },
    {
      "type": "Feature",
      "geometry": {
        "type": "Point",
        "coordinates": [
          121.4079826,
          31.154427875
        ]
      },
      "properties": {
        "attraction_id": "A_44427",
        "kind": "tourism",
        "category": "leisure_park",
        "label": "Leisure / Park",
        "name": "",
        "area_m2": 1359.2811636154074,
        "weight": 46.35928116361541,
        "osm_id": 1199515597
      }
    },
    {
      "type": "Feature",
      "geometry": {
        "type": "Point",
        "coordinates": [
          121.40798295588235,
          31.15442780294118
        ]
      },
      "properties": {
        "attraction_id": "A_44428",
        "kind": "tourism",
        "category": "leisure_park",
        "label": "Leisure / Park",
        "name": "",
        "area_m2": 3183.928091080161,
        "weight": 48.18392809108016,
        "osm_id": 1199515598
      }
    },
    {
      "type": "Feature",
      "geometry": {
        "type": "Point",
        "coordinates": [
          121.4521642,
          31.21308165
        ]
      },
      "properties": {
        "attraction_id": "A_44602",
        "kind": "tourism",
        "category": "leisure_park",
        "label": "Leisure / Park",
        "name": "",
        "area_m2": 1115.6374212093651,
        "weight": 46.115637421209364,
        "osm_id": 1199765118
      }
    },
    {
      "type": "Feature",
      "geometry": {
        "type": "Point",
        "coordinates": [
          121.52271836,
          31.185904720000003
        ]
      },
      "properties": {
        "attraction_id": "A_44841",
        "kind": "tourism",
        "category": "leisure_park",
        "label": "Leisure / Park",
        "name": "",
        "area_m2": 2159.1174230463803,
        "weight": 47.15911742304638,
        "osm_id": 1200602159
      }
    },
    {
      "type": "Feature",
      "geometry": {
        "type": "Point",
        "coordinates": [
          121.5228748,
          31.185714349999998
        ]
      },
      "properties": {
        "attraction_id": "A_44842",
        "kind": "tourism",
        "category": "leisure_park",
        "label": "Leisure / Park",
        "name": "",
        "area_m2": 1315.7490140721202,
        "weight": 46.31574901407212,
        "osm_id": 1200602160
      }
    },
    {
      "type": "Feature",
      "geometry": {
        "type": "Point",
        "coordinates": [
          121.52364600370369,
          31.185660229629633
        ]
      },
      "properties": {
        "attraction_id": "A_44843",
        "kind": "tourism",
        "category": "leisure_park",
        "label": "Leisure / Park",
        "name": "",
        "area_m2": 7847.477091513574,
        "weight": 52.847477091513575,
        "osm_id": 1200602161
      }
    },
    {
      "type": "Feature",
      "geometry": {
        "type": "Point",
        "coordinates": [
          121.44218655,
          31.2411509
        ]
      },
      "properties": {
        "attraction_id": "A_45233",
        "kind": "tourism",
        "category": "leisure_park",
        "label": "Leisure / Park",
        "name": "",
        "area_m2": 4797.739021066576,
        "weight": 49.797739021066576,
        "osm_id": 1201404943
      }
    },
    {
      "type": "Feature",
      "geometry": {
        "type": "Point",
        "coordinates": [
          121.48020873333333,
          31.2294757
        ]
      },
      "properties": {
        "attraction_id": "A_45321",
        "kind": "tourism",
        "category": "hotel_tourism",
        "label": "Hotel / Tourism",
        "name": "SSAW",
        "area_m2": 690.9806506335735,
        "weight": 41.909806506335734,
        "osm_id": 1202226026
      }
    },
    {
      "type": "Feature",
      "geometry": {
        "type": "Point",
        "coordinates": [
          121.43203024705883,
          31.140399417647057
        ]
      },
      "properties": {
        "attraction_id": "A_45362",
        "kind": "tourism",
        "category": "leisure_park",
        "label": "Leisure / Park",
        "name": "",
        "area_m2": 3484.128004275437,
        "weight": 48.48412800427543,
        "osm_id": 1202258833
      }
    },
    {
      "type": "Feature",
      "geometry": {
        "type": "Point",
        "coordinates": [
          121.45736765000001,
          31.21631055
        ]
      },
      "properties": {
        "attraction_id": "A_45506",
        "kind": "tourism",
        "category": "leisure_park",
        "label": "Leisure / Park",
        "name": "",
        "area_m2": 469.87110947445035,
        "weight": 45.469871109474454,
        "osm_id": 1202493222
      }
    },
    {
      "type": "Feature",
      "geometry": {
        "type": "Point",
        "coordinates": [
          121.4304612,
          31.1416385
        ]
      },
      "properties": {
        "attraction_id": "A_45663",
        "kind": "tourism",
        "category": "leisure_park",
        "label": "Leisure / Park",
        "name": "主席台",
        "area_m2": 57.10497162665706,
        "weight": 45.05710497162666,
        "osm_id": 1202562447
      }
    },
    {
      "type": "Feature",
      "geometry": {
        "type": "Point",
        "coordinates": [
          121.4300202,
          31.141487025
        ]
      },
      "properties": {
        "attraction_id": "A_45664",
        "kind": "tourism",
        "category": "leisure_park",
        "label": "Leisure / Park",
        "name": "篮球场",
        "area_m2": 4678.537768716109,
        "weight": 49.67853776871611,
        "osm_id": 1202562454
      }
    },
    {
      "type": "Feature",
      "geometry": {
        "type": "Point",
        "coordinates": [
          121.4427197,
          31.210552439999997
        ]
      },
      "properties": {
        "attraction_id": "A_45668",
        "kind": "tourism",
        "category": "leisure_park",
        "label": "Leisure / Park",
        "name": "",
        "area_m2": 15863.45478294976,
        "weight": 60.86345478294976,
        "osm_id": 1202567073
      }
    },
    {
      "type": "Feature",
      "geometry": {
        "type": "Point",
        "coordinates": [
          121.44136695,
          31.2098807
        ]
      },
      "properties": {
        "attraction_id": "A_45669",
        "kind": "tourism",
        "category": "leisure_park",
        "label": "Leisure / Park",
        "name": "",
        "area_m2": 12229.405466685072,
        "weight": 57.22940546668507,
        "osm_id": 1202567074
      }
    },
    {
      "type": "Feature",
      "geometry": {
        "type": "Point",
        "coordinates": [
          121.4438049,
          31.209610599999998
        ]
      },
      "properties": {
        "attraction_id": "A_45763",
        "kind": "tourism",
        "category": "leisure_park",
        "label": "Leisure / Park",
        "name": "",
        "area_m2": 3175.349156839773,
        "weight": 48.17534915683977,
        "osm_id": 1203882923
      }
    },
    {
      "type": "Feature",
      "geometry": {
        "type": "Point",
        "coordinates": [
          121.53722421666667,
          31.2579349
        ]
      },
      "properties": {
        "attraction_id": "A_46020",
        "kind": "tourism",
        "category": "hotel_tourism",
        "label": "Hotel / Tourism",
        "name": "世界技能博物馆",
        "area_m2": 6129.2342202067375,
        "weight": 96.29234220206737,
        "osm_id": 1208662450
      }
    },
    {
      "type": "Feature",
      "geometry": {
        "type": "Point",
        "coordinates": [
          121.53698405833335,
          31.259581108333332
        ]
      },
      "properties": {
        "attraction_id": "A_46021",
        "kind": "tourism",
        "category": "leisure_park",
        "label": "Leisure / Park",
        "name": "杨浦大桥公园",
        "area_m2": 27570.669493079185,
        "weight": 72.57066949307918,
        "osm_id": 1208662451
      }
    },
    {
      "type": "Feature",
      "geometry": {
        "type": "Point",
        "coordinates": [
          121.5036756263158,
          31.16556837368421
        ]
      },
      "properties": {
        "attraction_id": "A_46029",
        "kind": "tourism",
        "category": "leisure_park",
        "label": "Leisure / Park",
        "name": "中汾泾城市绿地",
        "area_m2": 15923.357228547335,
        "weight": 60.92335722854733,
        "osm_id": 1209280333
      }
    },
    {
      "type": "Feature",
      "geometry": {
        "type": "Point",
        "coordinates": [
          121.50535091600001,
          31.162593152
        ]
      },
      "properties": {
        "attraction_id": "A_46030",
        "kind": "tourism",
        "category": "leisure_park",
        "label": "Leisure / Park",
        "name": "中汾泾城市绿地",
        "area_m2": 18608.54937940091,
        "weight": 63.60854937940091,
        "osm_id": 1209280334
      }
    },
    {
      "type": "Feature",
      "geometry": {
        "type": "Point",
        "coordinates": [
          121.50617814666666,
          31.160418993333334
        ]
      },
      "properties": {
        "attraction_id": "A_46035",
        "kind": "tourism",
        "category": "leisure_park",
        "label": "Leisure / Park",
        "name": "中汾泾城市绿地",
        "area_m2": 29327.13343943283,
        "weight": 74.32713343943283,
        "osm_id": 1209280339
      }
    },
    {
      "type": "Feature",
      "geometry": {
        "type": "Point",
        "coordinates": [
          121.45983818333333,
          31.19925915
        ]
      },
      "properties": {
        "attraction_id": "A_46050",
        "kind": "tourism",
        "category": "hotel_tourism",
        "label": "Hotel / Tourism",
        "name": "汉庭快捷酒店",
        "area_m2": 955.7413850240409,
        "weight": 44.55741385024041,
        "osm_id": 1209292053
      }
    },
    {
      "type": "Feature",
      "geometry": {
        "type": "Point",
        "coordinates": [
          121.46861410000001,
          31.24352738
        ]
      },
      "properties": {
        "attraction_id": "A_46061",
        "kind": "tourism",
        "category": "hotel_tourism",
        "label": "Hotel / Tourism",
        "name": "",
        "area_m2": 4039.1445044130087,
        "weight": 75.39144504413008,
        "osm_id": 1209450913
      }
    },
    {
      "type": "Feature",
      "geometry": {
        "type": "Point",
        "coordinates": [
          121.46527094999999,
          31.2415852
        ]
      },
      "properties": {
        "attraction_id": "A_46067",
        "kind": "tourism",
        "category": "hotel_tourism",
        "label": "Hotel / Tourism",
        "name": "Fotografiska影像艺术中心",
        "area_m2": 1413.4279365092516,
        "weight": 49.13427936509252,
        "osm_id": 1209450920
      }
    },
    {
      "type": "Feature",
      "geometry": {
        "type": "Point",
        "coordinates": [
          121.46473778,
          31.241818119999998
        ]
      },
      "properties": {
        "attraction_id": "A_46068",
        "kind": "tourism",
        "category": "leisure_park",
        "label": "Leisure / Park",
        "name": "静安区双拥公园",
        "area_m2": 2659.711697280407,
        "weight": 47.65971169728041,
        "osm_id": 1209450921
      }
    },
    {
      "type": "Feature",
      "geometry": {
        "type": "Point",
        "coordinates": [
          121.51114018181819,
          31.195091518181815
        ]
      },
      "properties": {
        "attraction_id": "A_46310",
        "kind": "tourism",
        "category": "leisure_park",
        "label": "Leisure / Park",
        "name": "",
        "area_m2": 2439.3960965164006,
        "weight": 47.439396096516404,
        "osm_id": 1211487784
      }
    },
    {
      "type": "Feature",
      "geometry": {
        "type": "Point",
        "coordinates": [
          121.45310865,
          31.171099299999998
        ]
      },
      "properties": {
        "attraction_id": "A_46314",
        "kind": "tourism",
        "category": "leisure_park",
        "label": "Leisure / Park",
        "name": "徐汇跑道公园",
        "area_m2": 12271.705445677042,
        "weight": 57.27170544567704,
        "osm_id": 1211499394
      }
    },
    {
      "type": "Feature",
      "geometry": {
        "type": "Point",
        "coordinates": [
          121.45210884375,
          31.23971579166667
        ]
      },
      "properties": {
        "attraction_id": "A_46319",
        "kind": "tourism",
        "category": "leisure_park",
        "label": "Leisure / Park",
        "name": "蝴蝶湾花园",
        "area_m2": 19282.40494863689,
        "weight": 64.2824049486369,
        "osm_id": 1211604639
      }
    },
    {
      "type": "Feature",
      "geometry": {
        "type": "Point",
        "coordinates": [
          121.47306186428571,
          31.24338302142857
        ]
      },
      "properties": {
        "attraction_id": "A_46324",
        "kind": "tourism",
        "category": "leisure_park",
        "label": "Leisure / Park",
        "name": "",
        "area_m2": 3981.035608202219,
        "weight": 48.98103560820222,
        "osm_id": 1211604656
      }
    },
    {
      "type": "Feature",
      "geometry": {
        "type": "Point",
        "coordinates": [
          121.47403439230769,
          31.243217892307694
        ]
      },
      "properties": {
        "attraction_id": "A_46326",
        "kind": "tourism",
        "category": "leisure_park",
        "label": "Leisure / Park",
        "name": "苏河湾中心绿地",
        "area_m2": 4497.565105982125,
        "weight": 49.497565105982126,
        "osm_id": 1211604658
      }
    },
    {
      "type": "Feature",
      "geometry": {
        "type": "Point",
        "coordinates": [
          121.49414529166667,
          31.142912066666668
        ]
      },
      "properties": {
        "attraction_id": "A_46452",
        "kind": "tourism",
        "category": "leisure_park",
        "label": "Leisure / Park",
        "name": "",
        "area_m2": 1838.0544987875037,
        "weight": 46.83805449878751,
        "osm_id": 1212227601
      }
    },
    {
      "type": "Feature",
      "geometry": {
        "type": "Point",
        "coordinates": [
          121.49391645384615,
          31.143243753846154
        ]
      },
      "properties": {
        "attraction_id": "A_46453",
        "kind": "tourism",
        "category": "leisure_park",
        "label": "Leisure / Park",
        "name": "",
        "area_m2": 1445.980121659115,
        "weight": 46.44598012165911,
        "osm_id": 1212227602
      }
    },
    {
      "type": "Feature",
      "geometry": {
        "type": "Point",
        "coordinates": [
          121.493851425,
          31.142750575
        ]
      },
      "properties": {
        "attraction_id": "A_46454",
        "kind": "tourism",
        "category": "leisure_park",
        "label": "Leisure / Park",
        "name": "",
        "area_m2": 522.6546163915191,
        "weight": 45.52265461639152,
        "osm_id": 1212227610
      }
    },
    {
      "type": "Feature",
      "geometry": {
        "type": "Point",
        "coordinates": [
          121.51324220555554,
          31.259292294444442
        ]
      },
      "properties": {
        "attraction_id": "A_46460",
        "kind": "tourism",
        "category": "leisure_park",
        "label": "Leisure / Park",
        "name": "",
        "area_m2": 3622.4715022295713,
        "weight": 48.62247150222957,
        "osm_id": 1213148834
      }
    },
    {
      "type": "Feature",
      "geometry": {
        "type": "Point",
        "coordinates": [
          121.51322614705883,
          31.2592717
        ]
      },
      "properties": {
        "attraction_id": "A_46461",
        "kind": "tourism",
        "category": "leisure_park",
        "label": "Leisure / Park",
        "name": "",
        "area_m2": 4508.439183443785,
        "weight": 49.508439183443784,
        "osm_id": 1213148835
      }
    },
    {
      "type": "Feature",
      "geometry": {
        "type": "Point",
        "coordinates": [
          121.5124203,
          31.259354725
        ]
      },
      "properties": {
        "attraction_id": "A_46462",
        "kind": "tourism",
        "category": "leisure_park",
        "label": "Leisure / Park",
        "name": "",
        "area_m2": 1324.5475107133389,
        "weight": 46.32454751071334,
        "osm_id": 1213148836
      }
    },
    {
      "type": "Feature",
      "geometry": {
        "type": "Point",
        "coordinates": [
          121.47719093999999,
          31.25473992
        ]
      },
      "properties": {
        "attraction_id": "A_46463",
        "kind": "tourism",
        "category": "leisure_park",
        "label": "Leisure / Park",
        "name": "",
        "area_m2": 3590.280500397086,
        "weight": 48.590280500397085,
        "osm_id": 1213148837
      }
    },
    {
      "type": "Feature",
      "geometry": {
        "type": "Point",
        "coordinates": [
          121.51536214736842,
          31.148556715789475
        ]
      },
      "properties": {
        "attraction_id": "A_46895",
        "kind": "tourism",
        "category": "leisure_park",
        "label": "Leisure / Park",
        "name": "东明公园",
        "area_m2": 67894.77938656183,
        "weight": 112.89477938656184,
        "osm_id": 1217488520
      }
    },
    {
      "type": "Feature",
      "geometry": {
        "type": "Point",
        "coordinates": [
          121.52857541666667,
          31.18312870833333
        ]
      },
      "properties": {
        "attraction_id": "A_47116",
        "kind": "tourism",
        "category": "hotel_tourism",
        "label": "Hotel / Tourism",
        "name": "上海大华锦绣皇冠假日酒店",
        "area_m2": 4580.626916348934,
        "weight": 80.80626916348933,
        "osm_id": 1219955152
      }
    },
    {
      "type": "Feature",
      "geometry": {
        "type": "Point",
        "coordinates": [
          121.43719351666665,
          31.219410416666665
        ]
      },
      "properties": {
        "attraction_id": "A_47850",
        "kind": "tourism",
        "category": "leisure_park",
        "label": "Leisure / Park",
        "name": "复旦大学附属华东医院南花园",
        "area_m2": 8481.096842324361,
        "weight": 53.48109684232436,
        "osm_id": 1226645406
      }
    },
    {
      "type": "Feature",
      "geometry": {
        "type": "Point",
        "coordinates": [
          121.5245472,
          31.16970105
        ]
      },
      "properties": {
        "attraction_id": "A_47894",
        "kind": "commercial",
        "category": "retail_service",
        "label": "Retail / Service",
        "name": "欧亚美浦东家居广场",
        "area_m2": 11156.961746811867,
        "weight": 159.46202183514833,
        "osm_id": 1229236394
      }
    },
    {
      "type": "Feature",
      "geometry": {
        "type": "Point",
        "coordinates": [
          121.537678425,
          31.1733508
        ]
      },
      "properties": {
        "attraction_id": "A_48138",
        "kind": "tourism",
        "category": "leisure_park",
        "label": "Leisure / Park",
        "name": "南新小区休闲绿地",
        "area_m2": 5985.721426561475,
        "weight": 50.985721426561476,
        "osm_id": 1229249263
      }
    },
    {
      "type": "Feature",
      "geometry": {
        "type": "Point",
        "coordinates": [
          121.5118765,
          31.150690825
        ]
      },
      "properties": {
        "attraction_id": "A_48274",
        "kind": "tourism",
        "category": "leisure_park",
        "label": "Leisure / Park",
        "name": "",
        "area_m2": 2255.3464017882943,
        "weight": 47.255346401788294,
        "osm_id": 1231839506
      }
    },
    {
      "type": "Feature",
      "geometry": {
        "type": "Point",
        "coordinates": [
          121.51068345,
          31.14941735
        ]
      },
      "properties": {
        "attraction_id": "A_48275",
        "kind": "tourism",
        "category": "leisure_park",
        "label": "Leisure / Park",
        "name": "",
        "area_m2": 1223.066926642321,
        "weight": 46.22306692664232,
        "osm_id": 1231839507
      }
    },
    {
      "type": "Feature",
      "geometry": {
        "type": "Point",
        "coordinates": [
          121.51512882857142,
          31.210524014285713
        ]
      },
      "properties": {
        "attraction_id": "A_48363",
        "kind": "tourism",
        "category": "hotel_tourism",
        "label": "Hotel / Tourism",
        "name": "",
        "area_m2": 1422.5563557446003,
        "weight": 49.225563557446,
        "osm_id": 1233722781
      }
    },
    {
      "type": "Feature",
      "geometry": {
        "type": "Point",
        "coordinates": [
          121.4891059375,
          31.2055576625
        ]
      },
      "properties": {
        "attraction_id": "A_48401",
        "kind": "tourism",
        "category": "hotel_tourism",
        "label": "Hotel / Tourism",
        "name": "",
        "area_m2": 673.3651323355734,
        "weight": 41.73365132335574,
        "osm_id": 1233759503
      }
    },
    {
      "type": "Feature",
      "geometry": {
        "type": "Point",
        "coordinates": [
          121.54580285,
          31.212303325
        ]
      },
      "properties": {
        "attraction_id": "A_48575",
        "kind": "tourism",
        "category": "hotel_tourism",
        "label": "Hotel / Tourism",
        "name": "",
        "area_m2": 1188.3287478014827,
        "weight": 46.88328747801483,
        "osm_id": 1233813421
      }
    },
    {
      "type": "Feature",
      "geometry": {
        "type": "Point",
        "coordinates": [
          121.44960511666666,
          31.203208133333334
        ]
      },
      "properties": {
        "attraction_id": "A_48655",
        "kind": "tourism",
        "category": "hotel_tourism",
        "label": "Hotel / Tourism",
        "name": "好望角大酒店",
        "area_m2": 2815.1286490112543,
        "weight": 63.15128649011254,
        "osm_id": 1234546191
      }
    },
    {
      "type": "Feature",
      "geometry": {
        "type": "Point",
        "coordinates": [
          121.54404937142859,
          31.201584528571427
        ]
      },
      "properties": {
        "attraction_id": "A_48664",
        "kind": "tourism",
        "category": "hotel_tourism",
        "label": "Hotel / Tourism",
        "name": "陆家嘴名城酒店",
        "area_m2": 1304.0203165486455,
        "weight": 48.04020316548645,
        "osm_id": 1234589210
      }
    },
    {
      "type": "Feature",
      "geometry": {
        "type": "Point",
        "coordinates": [
          121.5517689375,
          31.200791275
        ]
      },
      "properties": {
        "attraction_id": "A_48680",
        "kind": "tourism",
        "category": "hotel_tourism",
        "label": "Hotel / Tourism",
        "name": "上海市档案馆",
        "area_m2": 12440.071739941835,
        "weight": 159.40071739941834,
        "osm_id": 1234589226
      }
    },
    {
      "type": "Feature",
      "geometry": {
        "type": "Point",
        "coordinates": [
          121.5364932375,
          31.2096203375
        ]
      },
      "properties": {
        "attraction_id": "A_48744",
        "kind": "tourism",
        "category": "hotel_tourism",
        "label": "Hotel / Tourism",
        "name": "",
        "area_m2": 2403.4674281552434,
        "weight": 59.034674281552434,
        "osm_id": 1234594830
      }
    },
    {
      "type": "Feature",
      "geometry": {
        "type": "Point",
        "coordinates": [
          121.5370082875,
          31.2092036125
        ]
      },
      "properties": {
        "attraction_id": "A_48745",
        "kind": "tourism",
        "category": "hotel_tourism",
        "label": "Hotel / Tourism",
        "name": "",
        "area_m2": 2505.9800399392843,
        "weight": 60.05980039939284,
        "osm_id": 1234594831
      }
    },
    {
      "type": "Feature",
      "geometry": {
        "type": "Point",
        "coordinates": [
          121.5339648,
          31.20982445
        ]
      },
      "properties": {
        "attraction_id": "A_48785",
        "kind": "tourism",
        "category": "leisure_park",
        "label": "Leisure / Park",
        "name": "",
        "area_m2": 426.69572257995605,
        "weight": 45.42669572257996,
        "osm_id": 1234594871
      }
    },
    {
      "type": "Feature",
      "geometry": {
        "type": "Point",
        "coordinates": [
          121.54473039999999,
          31.173716275
        ]
      },
      "properties": {
        "attraction_id": "A_48925",
        "kind": "tourism",
        "category": "hotel_tourism",
        "label": "Hotel / Tourism",
        "name": "创锋宾馆",
        "area_m2": 3287.6948190853,
        "weight": 67.876948190853,
        "osm_id": 1234787860
      }
    },
    {
      "type": "Feature",
      "geometry": {
        "type": "Point",
        "coordinates": [
          121.54557015,
          31.173967
        ]
      },
      "properties": {
        "attraction_id": "A_48926",
        "kind": "commercial",
        "category": "retail_service",
        "label": "Retail / Service",
        "name": "幕天商业广场",
        "area_m2": 2857.9933224096894,
        "weight": 55.72491653012112,
        "osm_id": 1234787861
      }
    },
    {
      "type": "Feature",
      "geometry": {
        "type": "Point",
        "coordinates": [
          121.551749375,
          31.18597405
        ]
      },
      "properties": {
        "attraction_id": "A_48935",
        "kind": "commercial",
        "category": "retail_service",
        "label": "Retail / Service",
        "name": "北蔡休闲广场",
        "area_m2": 5656.003152698278,
        "weight": 90.70003940872849,
        "osm_id": 1234808983
      }
    },
    {
      "type": "Feature",
      "geometry": {
        "type": "Point",
        "coordinates": [
          121.43788675,
          31.18964215
        ]
      },
      "properties": {
        "attraction_id": "A_49079",
        "kind": "commercial",
        "category": "retail_service",
        "label": "Retail / Service",
        "name": "腾飞广场",
        "area_m2": 1980.850083226338,
        "weight": 44.76062604032923,
        "osm_id": 1234894669
      }
    },
    {
      "type": "Feature",
      "geometry": {
        "type": "Point",
        "coordinates": [
          121.5434367,
          31.230751275
        ]
      },
      "properties": {
        "attraction_id": "A_49184",
        "kind": "tourism",
        "category": "leisure_park",
        "label": "Leisure / Park",
        "name": "",
        "area_m2": 203.11010438203812,
        "weight": 45.20311010438204,
        "osm_id": 1252855870
      }
    },
    {
      "type": "Feature",
      "geometry": {
        "type": "Point",
        "coordinates": [
          121.5429076,
          31.230555475
        ]
      },
      "properties": {
        "attraction_id": "A_49185",
        "kind": "tourism",
        "category": "leisure_park",
        "label": "Leisure / Park",
        "name": "",
        "area_m2": 7586.6864797621965,
        "weight": 52.58668647976219,
        "osm_id": 1252855871
      }
    },
    {
      "type": "Feature",
      "geometry": {
        "type": "Point",
        "coordinates": [
          121.40849036842106,
          31.195953957894737
        ]
      },
      "properties": {
        "attraction_id": "A_49193",
        "kind": "tourism",
        "category": "hotel_tourism",
        "label": "Hotel / Tourism",
        "name": "",
        "area_m2": 112.3893432286568,
        "weight": 36.123893432286565,
        "osm_id": 1260397124
      }
    },
    {
      "type": "Feature",
      "geometry": {
        "type": "Point",
        "coordinates": [
          121.432878125,
          31.216946
        ]
      },
      "properties": {
        "attraction_id": "A_49197",
        "kind": "tourism",
        "category": "leisure_park",
        "label": "Leisure / Park",
        "name": "",
        "area_m2": 572.602862695232,
        "weight": 45.572602862695234,
        "osm_id": 1260399999
      }
    },
    {
      "type": "Feature",
      "geometry": {
        "type": "Point",
        "coordinates": [
          121.528645825,
          31.25384425
        ]
      },
      "properties": {
        "attraction_id": "A_49220",
        "kind": "tourism",
        "category": "leisure_park",
        "label": "Leisure / Park",
        "name": "锐那篮球公园",
        "area_m2": 728.9555862247944,
        "weight": 45.72895558622479,
        "osm_id": 1262242691
      }
    },
    {
      "type": "Feature",
      "geometry": {
        "type": "Point",
        "coordinates": [
          121.5374005,
          31.23072695
        ]
      },
      "properties": {
        "attraction_id": "A_49224",
        "kind": "tourism",
        "category": "leisure_park",
        "label": "Leisure / Park",
        "name": "",
        "area_m2": 778.5986449494958,
        "weight": 45.7785986449495,
        "osm_id": 1262855618
      }
    },
    {
      "type": "Feature",
      "geometry": {
        "type": "Point",
        "coordinates": [
          121.47936832,
          31.232228839999998
        ]
      },
      "properties": {
        "attraction_id": "A_49232",
        "kind": "tourism",
        "category": "hotel_tourism",
        "label": "Hotel / Tourism",
        "name": "",
        "area_m2": 1310.6319249346852,
        "weight": 48.10631924934685,
        "osm_id": 1263441704
      }
    },
    {
      "type": "Feature",
      "geometry": {
        "type": "Point",
        "coordinates": [
          121.527122475,
          31.19404065
        ]
      },
      "properties": {
        "attraction_id": "A_49249",
        "kind": "tourism",
        "category": "leisure_park",
        "label": "Leisure / Park",
        "name": "",
        "area_m2": 1698.7712293043733,
        "weight": 46.69877122930437,
        "osm_id": 1263442456
      }
    },
    {
      "type": "Feature",
      "geometry": {
        "type": "Point",
        "coordinates": [
          121.442744303125,
          31.1460729875
        ]
      },
      "properties": {
        "attraction_id": "A_49314",
        "kind": "tourism",
        "category": "hotel_tourism",
        "label": "Hotel / Tourism",
        "name": "格兰云天",
        "area_m2": 4580.4395619917195,
        "weight": 80.80439561991719,
        "osm_id": 1267862817
      }
    },
    {
      "type": "Feature",
      "geometry": {
        "type": "Point",
        "coordinates": [
          121.44411563999999,
          31.188676020000003
        ]
      },
      "properties": {
        "attraction_id": "A_49457",
        "kind": "tourism",
        "category": "leisure_park",
        "label": "Leisure / Park",
        "name": "憩园",
        "area_m2": 3402.640391346067,
        "weight": 48.40264039134607,
        "osm_id": 1270308372
      }
    },
    {
      "type": "Feature",
      "geometry": {
        "type": "Point",
        "coordinates": [
          121.44555195,
          31.191565725
        ]
      },
      "properties": {
        "attraction_id": "A_49458",
        "kind": "tourism",
        "category": "leisure_park",
        "label": "Leisure / Park",
        "name": "",
        "area_m2": 3531.9085713997483,
        "weight": 48.53190857139975,
        "osm_id": 1270308373
      }
    },
    {
      "type": "Feature",
      "geometry": {
        "type": "Point",
        "coordinates": [
          121.465705275,
          31.189712225
        ]
      },
      "properties": {
        "attraction_id": "A_49587",
        "kind": "tourism",
        "category": "hotel_tourism",
        "label": "Hotel / Tourism",
        "name": "星美术馆",
        "area_m2": 3026.239678416401,
        "weight": 65.26239678416401,
        "osm_id": 1271909276
      }
    },
    {
      "type": "Feature",
      "geometry": {
        "type": "Point",
        "coordinates": [
          121.44271395000001,
          31.1887901
        ]
      },
      "properties": {
        "attraction_id": "A_49590",
        "kind": "tourism",
        "category": "leisure_park",
        "label": "Leisure / Park",
        "name": "",
        "area_m2": 629.0631459299475,
        "weight": 45.62906314592995,
        "osm_id": 1272215168
      }
    },
    {
      "type": "Feature",
      "geometry": {
        "type": "Point",
        "coordinates": [
          121.44773512500001,
          31.191947125
        ]
      },
      "properties": {
        "attraction_id": "A_49593",
        "kind": "tourism",
        "category": "leisure_park",
        "label": "Leisure / Park",
        "name": "",
        "area_m2": 1497.5470884889364,
        "weight": 46.497547088488936,
        "osm_id": 1272499043
      }
    },
    {
      "type": "Feature",
      "geometry": {
        "type": "Point",
        "coordinates": [
          121.44699886666666,
          31.20813533333333
        ]
      },
      "properties": {
        "attraction_id": "A_49671",
        "kind": "tourism",
        "category": "leisure_park",
        "label": "Leisure / Park",
        "name": "",
        "area_m2": 8042.469384847209,
        "weight": 53.04246938484721,
        "osm_id": 1274376623
      }
    },
    {
      "type": "Feature",
      "geometry": {
        "type": "Point",
        "coordinates": [
          121.453276225,
          31.21360905
        ]
      },
      "properties": {
        "attraction_id": "A_49701",
        "kind": "tourism",
        "category": "leisure_park",
        "label": "Leisure / Park",
        "name": "",
        "area_m2": 823.2172391377389,
        "weight": 45.82321723913774,
        "osm_id": 1274554383
      }
    },
    {
      "type": "Feature",
      "geometry": {
        "type": "Point",
        "coordinates": [
          121.451063175,
          31.214412375000002
        ]
      },
      "properties": {
        "attraction_id": "A_49796",
        "kind": "tourism",
        "category": "leisure_park",
        "label": "Leisure / Park",
        "name": "",
        "area_m2": 511.56497609987855,
        "weight": 45.511564976099876,
        "osm_id": 1275100832
      }
    },
    {
      "type": "Feature",
      "geometry": {
        "type": "Point",
        "coordinates": [
          121.44979994,
          31.212033780000002
        ]
      },
      "properties": {
        "attraction_id": "A_49815",
        "kind": "tourism",
        "category": "leisure_park",
        "label": "Leisure / Park",
        "name": "",
        "area_m2": 7945.726444713771,
        "weight": 52.94572644471377,
        "osm_id": 1276093695
      }
    },
    {
      "type": "Feature",
      "geometry": {
        "type": "Point",
        "coordinates": [
          121.53036893846154,
          31.25436539230769
        ]
      },
      "properties": {
        "attraction_id": "A_49820",
        "kind": "tourism",
        "category": "hotel_tourism",
        "label": "Hotel / Tourism",
        "name": "上海柏凡音乐酒店",
        "area_m2": 5346.640980735421,
        "weight": 88.46640980735421,
        "osm_id": 1278520956
      }
    },
    {
      "type": "Feature",
      "geometry": {
        "type": "Point",
        "coordinates": [
          121.44501049,
          31.21489901
        ]
      },
      "properties": {
        "attraction_id": "A_49822",
        "kind": "tourism",
        "category": "leisure_park",
        "label": "Leisure / Park",
        "name": "",
        "area_m2": 245.14331391826272,
        "weight": 45.24514331391826,
        "osm_id": 1279602298
      }
    },
    {
      "type": "Feature",
      "geometry": {
        "type": "Point",
        "coordinates": [
          121.4283585375,
          31.144077924999998
        ]
      },
      "properties": {
        "attraction_id": "A_49844",
        "kind": "tourism",
        "category": "leisure_park",
        "label": "Leisure / Park",
        "name": "",
        "area_m2": 7533.546631241334,
        "weight": 52.533546631241336,
        "osm_id": 1284115116
      }
    },
    {
      "type": "Feature",
      "geometry": {
        "type": "Point",
        "coordinates": [
          121.42806748000001,
          31.144628219999998
        ]
      },
      "properties": {
        "attraction_id": "A_49845",
        "kind": "tourism",
        "category": "leisure_park",
        "label": "Leisure / Park",
        "name": "",
        "area_m2": 173.70815608208068,
        "weight": 45.17370815608208,
        "osm_id": 1284115117
      }
    },
    {
      "type": "Feature",
      "geometry": {
        "type": "Point",
        "coordinates": [
          121.43069095,
          31.139933075000002
        ]
      },
      "properties": {
        "attraction_id": "A_49846",
        "kind": "tourism",
        "category": "leisure_park",
        "label": "Leisure / Park",
        "name": "户外游泳池",
        "area_m2": 924.1429175830999,
        "weight": 45.9241429175831,
        "osm_id": 1284115120
      }
    },
    {
      "type": "Feature",
      "geometry": {
        "type": "Point",
        "coordinates": [
          121.429520575,
          31.14102125
        ]
      },
      "properties": {
        "attraction_id": "A_49848",
        "kind": "tourism",
        "category": "leisure_park",
        "label": "Leisure / Park",
        "name": "羽毛球馆",
        "area_m2": 1505.2294585183263,
        "weight": 46.50522945851833,
        "osm_id": 1284115123
      }
    },
    {
      "type": "Feature",
      "geometry": {
        "type": "Point",
        "coordinates": [
          121.4298886,
          31.1401191
        ]
      },
      "properties": {
        "attraction_id": "A_49854",
        "kind": "tourism",
        "category": "leisure_park",
        "label": "Leisure / Park",
        "name": "",
        "area_m2": 6560.899674637127,
        "weight": 51.56089967463713,
        "osm_id": 1284115131
      }
    },
    {
      "type": "Feature",
      "geometry": {
        "type": "Point",
        "coordinates": [
          121.4143241,
          31.25933147142857
        ]
      },
      "properties": {
        "attraction_id": "A_49856",
        "kind": "tourism",
        "category": "leisure_park",
        "label": "Leisure / Park",
        "name": "",
        "area_m2": 685.9222413040698,
        "weight": 45.68592224130407,
        "osm_id": 1285102168
      }
    },
    {
      "type": "Feature",
      "geometry": {
        "type": "Point",
        "coordinates": [
          121.414871375,
          31.2578077
        ]
      },
      "properties": {
        "attraction_id": "A_49858",
        "kind": "tourism",
        "category": "leisure_park",
        "label": "Leisure / Park",
        "name": "",
        "area_m2": 611.4084727074951,
        "weight": 45.611408472707495,
        "osm_id": 1285102173
      }
    },
    {
      "type": "Feature",
      "geometry": {
        "type": "Point",
        "coordinates": [
          121.414446325,
          31.239283375
        ]
      },
      "properties": {
        "attraction_id": "A_49861",
        "kind": "tourism",
        "category": "leisure_park",
        "label": "Leisure / Park",
        "name": "",
        "area_m2": 607.9475749144331,
        "weight": 45.607947574914434,
        "osm_id": 1286806240
      }
    },
    {
      "type": "Feature",
      "geometry": {
        "type": "Point",
        "coordinates": [
          121.41499085000001,
          31.23980135
        ]
      },
      "properties": {
        "attraction_id": "A_49862",
        "kind": "tourism",
        "category": "leisure_park",
        "label": "Leisure / Park",
        "name": "洛克公园 #76",
        "area_m2": 3024.03358107619,
        "weight": 48.02403358107619,
        "osm_id": 1286806243
      }
    },
    {
      "type": "Feature",
      "geometry": {
        "type": "Point",
        "coordinates": [
          121.48889853,
          31.21737802
        ]
      },
      "properties": {
        "attraction_id": "A_49867",
        "kind": "tourism",
        "category": "leisure_park",
        "label": "Leisure / Park",
        "name": "",
        "area_m2": 3083.2115021795034,
        "weight": 48.0832115021795,
        "osm_id": 1286953800
      }
    },
    {
      "type": "Feature",
      "geometry": {
        "type": "Point",
        "coordinates": [
          121.48777582,
          31.215417100000003
        ]
      },
      "properties": {
        "attraction_id": "A_49868",
        "kind": "tourism",
        "category": "leisure_park",
        "label": "Leisure / Park",
        "name": "",
        "area_m2": 3119.506721906364,
        "weight": 48.11950672190636,
        "osm_id": 1286954508
      }
    },
    {
      "type": "Feature",
      "geometry": {
        "type": "Point",
        "coordinates": [
          121.51219472307692,
          31.21668646153846
        ]
      },
      "properties": {
        "attraction_id": "A_50038",
        "kind": "tourism",
        "category": "leisure_park",
        "label": "Leisure / Park",
        "name": "",
        "area_m2": 13500.001242525876,
        "weight": 58.500001242525876,
        "osm_id": 1286966466
      }
    },
    {
      "type": "Feature",
      "geometry": {
        "type": "Point",
        "coordinates": [
          121.483133825,
          31.2187675
        ]
      },
      "properties": {
        "attraction_id": "A_50145",
        "kind": "tourism",
        "category": "leisure_park",
        "label": "Leisure / Park",
        "name": "",
        "area_m2": 366.2134258374572,
        "weight": 45.36621342583746,
        "osm_id": 1287054213
      }
    },
    {
      "type": "Feature",
      "geometry": {
        "type": "Point",
        "coordinates": [
          121.48327122500001,
          31.21883545
        ]
      },
      "properties": {
        "attraction_id": "A_50146",
        "kind": "tourism",
        "category": "leisure_park",
        "label": "Leisure / Park",
        "name": "",
        "area_m2": 366.35894122719765,
        "weight": 45.3663589412272,
        "osm_id": 1287054214
      }
    },
    {
      "type": "Feature",
      "geometry": {
        "type": "Point",
        "coordinates": [
          121.483412125,
          31.2189068
        ]
      },
      "properties": {
        "attraction_id": "A_50147",
        "kind": "tourism",
        "category": "leisure_park",
        "label": "Leisure / Park",
        "name": "",
        "area_m2": 366.21342584490776,
        "weight": 45.366213425844904,
        "osm_id": 1287054215
      }
    },
    {
      "type": "Feature",
      "geometry": {
        "type": "Point",
        "coordinates": [
          121.483566025,
          31.2189782
        ]
      },
      "properties": {
        "attraction_id": "A_50148",
        "kind": "tourism",
        "category": "leisure_park",
        "label": "Leisure / Park",
        "name": "",
        "area_m2": 366.2134258374572,
        "weight": 45.36621342583746,
        "osm_id": 1287054216
      }
    },
    {
      "type": "Feature",
      "geometry": {
        "type": "Point",
        "coordinates": [
          121.48663896000001,
          31.198693580000004
        ]
      },
      "properties": {
        "attraction_id": "A_50200",
        "kind": "tourism",
        "category": "leisure_park",
        "label": "Leisure / Park",
        "name": "",
        "area_m2": 4888.323792427778,
        "weight": 49.88832379242778,
        "osm_id": 1287061525
      }
    },
    {
      "type": "Feature",
      "geometry": {
        "type": "Point",
        "coordinates": [
          121.47609434285714,
          31.20793597857143
        ]
      },
      "properties": {
        "attraction_id": "A_50285",
        "kind": "tourism",
        "category": "hotel_tourism",
        "label": "Hotel / Tourism",
        "name": "",
        "area_m2": 1205.7053892873228,
        "weight": 47.05705389287323,
        "osm_id": 1287260670
      }
    },
    {
      "type": "Feature",
      "geometry": {
        "type": "Point",
        "coordinates": [
          121.474671725,
          31.219314875
        ]
      },
      "properties": {
        "attraction_id": "A_50295",
        "kind": "tourism",
        "category": "leisure_park",
        "label": "Leisure / Park",
        "name": "",
        "area_m2": 4828.341668605804,
        "weight": 49.8283416686058,
        "osm_id": 1287262148
      }
    },
    {
      "type": "Feature",
      "geometry": {
        "type": "Point",
        "coordinates": [
          121.41738204285714,
          31.141011971428572
        ]
      },
      "properties": {
        "attraction_id": "A_50373",
        "kind": "commercial",
        "category": "retail_service",
        "label": "Retail / Service",
        "name": "华轻梅陇购物中心",
        "area_m2": 5154.675723043045,
        "weight": 84.43344653803805,
        "osm_id": 1287579609
      }
    },
    {
      "type": "Feature",
      "geometry": {
        "type": "Point",
        "coordinates": [
          121.42489946666666,
          31.142358733333335
        ]
      },
      "properties": {
        "attraction_id": "A_50415",
        "kind": "tourism",
        "category": "leisure_park",
        "label": "Leisure / Park",
        "name": "",
        "area_m2": 1663.2451623102534,
        "weight": 46.663245162310254,
        "osm_id": 1287581681
      }
    },
    {
      "type": "Feature",
      "geometry": {
        "type": "Point",
        "coordinates": [
          121.41163541803277,
          31.22354928360656
        ]
      },
      "properties": {
        "attraction_id": "A_50544",
        "kind": "tourism",
        "category": "leisure_park",
        "label": "Leisure / Park",
        "name": "",
        "area_m2": 17503.67288637813,
        "weight": 62.50367288637813,
        "osm_id": 1293030500
      }
    },
    {
      "type": "Feature",
      "geometry": {
        "type": "Point",
        "coordinates": [
          121.405723025,
          31.1432237
        ]
      },
      "properties": {
        "attraction_id": "A_50580",
        "kind": "tourism",
        "category": "hotel_tourism",
        "label": "Hotel / Tourism",
        "name": "白玉兰酒店",
        "area_m2": 2091.8254275088693,
        "weight": 55.91825427508869,
        "osm_id": 1293563035
      }
    },
    {
      "type": "Feature",
      "geometry": {
        "type": "Point",
        "coordinates": [
          121.42712630000001,
          31.153051859999998
        ]
      },
      "properties": {
        "attraction_id": "A_50680",
        "kind": "tourism",
        "category": "leisure_park",
        "label": "Leisure / Park",
        "name": "城市动力广场",
        "area_m2": 21526.58982084226,
        "weight": 66.52658982084226,
        "osm_id": 1293817986
      }
    },
    {
      "type": "Feature",
      "geometry": {
        "type": "Point",
        "coordinates": [
          121.432171575,
          31.1521074
        ]
      },
      "properties": {
        "attraction_id": "A_50783",
        "kind": "tourism",
        "category": "leisure_park",
        "label": "Leisure / Park",
        "name": "",
        "area_m2": 2183.7794643575326,
        "weight": 47.183779464357535,
        "osm_id": 1293818093
      }
    },
    {
      "type": "Feature",
      "geometry": {
        "type": "Point",
        "coordinates": [
          121.43173225,
          31.1518684
        ]
      },
      "properties": {
        "attraction_id": "A_50784",
        "kind": "tourism",
        "category": "leisure_park",
        "label": "Leisure / Park",
        "name": "",
        "area_m2": 2809.6799006394576,
        "weight": 47.80967990063946,
        "osm_id": 1293818094
      }
    },
    {
      "type": "Feature",
      "geometry": {
        "type": "Point",
        "coordinates": [
          121.44356555,
          31.153435775
        ]
      },
      "properties": {
        "attraction_id": "A_50795",
        "kind": "tourism",
        "category": "hotel_tourism",
        "label": "Hotel / Tourism",
        "name": "黄母祠",
        "area_m2": 943.1128603885882,
        "weight": 44.43112860388588,
        "osm_id": 1295947934
      }
    },
    {
      "type": "Feature",
      "geometry": {
        "type": "Point",
        "coordinates": [
          121.44045814,
          31.150033810000004
        ]
      },
      "properties": {
        "attraction_id": "A_50799",
        "kind": "tourism",
        "category": "hotel_tourism",
        "label": "Hotel / Tourism",
        "name": "盆景博物馆",
        "area_m2": 1102.6208204682916,
        "weight": 46.026208204682916,
        "osm_id": 1295947943
      }
    },
    {
      "type": "Feature",
      "geometry": {
        "type": "Point",
        "coordinates": [
          121.41198053999999,
          31.22389096
        ]
      },
      "properties": {
        "attraction_id": "A_51072",
        "kind": "tourism",
        "category": "leisure_park",
        "label": "Leisure / Park",
        "name": "",
        "area_m2": 18.01112012192607,
        "weight": 45.018011120121926,
        "osm_id": 1296282694
      }
    },
    {
      "type": "Feature",
      "geometry": {
        "type": "Point",
        "coordinates": [
          121.558556925,
          31.187528425
        ]
      },
      "properties": {
        "attraction_id": "A_51395",
        "kind": "tourism",
        "category": "leisure_park",
        "label": "Leisure / Park",
        "name": "",
        "area_m2": 1157.2531884610653,
        "weight": 46.15725318846106,
        "osm_id": 1296312197
      }
    },
    {
      "type": "Feature",
      "geometry": {
        "type": "Point",
        "coordinates": [
          121.55792977499999,
          31.18723895
        ]
      },
      "properties": {
        "attraction_id": "A_51396",
        "kind": "tourism",
        "category": "leisure_park",
        "label": "Leisure / Park",
        "name": "",
        "area_m2": 3571.817308999598,
        "weight": 48.5718173089996,
        "osm_id": 1296312198
      }
    },
    {
      "type": "Feature",
      "geometry": {
        "type": "Point",
        "coordinates": [
          121.55327165,
          31.1804368
        ]
      },
      "properties": {
        "attraction_id": "A_51472",
        "kind": "tourism",
        "category": "leisure_park",
        "label": "Leisure / Park",
        "name": "",
        "area_m2": 1355.7210627496243,
        "weight": 46.35572106274962,
        "osm_id": 1296565780
      }
    },
    {
      "type": "Feature",
      "geometry": {
        "type": "Point",
        "coordinates": [
          121.552909575,
          31.180518725
        ]
      },
      "properties": {
        "attraction_id": "A_51473",
        "kind": "tourism",
        "category": "leisure_park",
        "label": "Leisure / Park",
        "name": "",
        "area_m2": 500.8716218546033,
        "weight": 45.5008716218546,
        "osm_id": 1296565781
      }
    },
    {
      "type": "Feature",
      "geometry": {
        "type": "Point",
        "coordinates": [
          121.559486625,
          31.143624375
        ]
      },
      "properties": {
        "attraction_id": "A_51576",
        "kind": "tourism",
        "category": "leisure_park",
        "label": "Leisure / Park",
        "name": "",
        "area_m2": 7807.93748402223,
        "weight": 52.80793748402223,
        "osm_id": 1300423584
      }
    },
    {
      "type": "Feature",
      "geometry": {
        "type": "Point",
        "coordinates": [
          121.559940825,
          31.153374200000002
        ]
      },
      "properties": {
        "attraction_id": "A_51583",
        "kind": "tourism",
        "category": "hotel_tourism",
        "label": "Hotel / Tourism",
        "name": "东申公寓",
        "area_m2": 1553.4337832611054,
        "weight": 50.53433783261106,
        "osm_id": 1300423643
      }
    },
    {
      "type": "Feature",
      "geometry": {
        "type": "Point",
        "coordinates": [
          121.46515417500001,
          31.253789375
        ]
      },
      "properties": {
        "attraction_id": "A_51608",
        "kind": "tourism",
        "category": "leisure_park",
        "label": "Leisure / Park",
        "name": "",
        "area_m2": 433.0503503009677,
        "weight": 45.43305035030097,
        "osm_id": 1302184080
      }
    },
    {
      "type": "Feature",
      "geometry": {
        "type": "Point",
        "coordinates": [
          121.46531085000001,
          31.2538698
        ]
      },
      "properties": {
        "attraction_id": "A_51609",
        "kind": "tourism",
        "category": "leisure_park",
        "label": "Leisure / Park",
        "name": "",
        "area_m2": 433.1286075785756,
        "weight": 45.433128607578574,
        "osm_id": 1302184081
      }
    },
    {
      "type": "Feature",
      "geometry": {
        "type": "Point",
        "coordinates": [
          121.465461225,
          31.253951049999998
        ]
      },
      "properties": {
        "attraction_id": "A_51610",
        "kind": "tourism",
        "category": "leisure_park",
        "label": "Leisure / Park",
        "name": "",
        "area_m2": 433.06192837655544,
        "weight": 45.43306192837655,
        "osm_id": 1302184082
      }
    },
    {
      "type": "Feature",
      "geometry": {
        "type": "Point",
        "coordinates": [
          121.47680781153846,
          31.194045924999998
        ]
      },
      "properties": {
        "attraction_id": "A_51769",
        "kind": "tourism",
        "category": "leisure_park",
        "label": "Leisure / Park",
        "name": "",
        "area_m2": 218678.56121455133,
        "weight": 263.67856121455134,
        "osm_id": 1307691767
      }
    },
    {
      "type": "Feature",
      "geometry": {
        "type": "Point",
        "coordinates": [
          121.5043564,
          31.1858917
        ]
      },
      "properties": {
        "attraction_id": "A_51771",
        "kind": "tourism",
        "category": "leisure_park",
        "label": "Leisure / Park",
        "name": "SES有机农场社",
        "area_m2": 65.59196539223194,
        "weight": 45.06559196539223,
        "osm_id": 1308605184
      }
    },
    {
      "type": "Feature",
      "geometry": {
        "type": "Point",
        "coordinates": [
          121.4342595,
          31.217250675000003
        ]
      },
      "properties": {
        "attraction_id": "A_51800",
        "kind": "tourism",
        "category": "leisure_park",
        "label": "Leisure / Park",
        "name": "",
        "area_m2": 637.0373361445963,
        "weight": 45.637037336144594,
        "osm_id": 1311376469
      }
    },
    {
      "type": "Feature",
      "geometry": {
        "type": "Point",
        "coordinates": [
          121.4959085,
          31.147987725
        ]
      },
      "properties": {
        "attraction_id": "A_51839",
        "kind": "tourism",
        "category": "leisure_park",
        "label": "Leisure / Park",
        "name": "",
        "area_m2": 141.31032766820863,
        "weight": 45.14131032766821,
        "osm_id": 1314780221
      }
    },
    {
      "type": "Feature",
      "geometry": {
        "type": "Point",
        "coordinates": [
          121.49589184999999,
          31.148068675
        ]
      },
      "properties": {
        "attraction_id": "A_51840",
        "kind": "tourism",
        "category": "leisure_park",
        "label": "Leisure / Park",
        "name": "",
        "area_m2": 139.5347768929787,
        "weight": 45.13953477689298,
        "osm_id": 1314780222
      }
    },
    {
      "type": "Feature",
      "geometry": {
        "type": "Point",
        "coordinates": [
          121.49565885,
          31.1486457
        ]
      },
      "properties": {
        "attraction_id": "A_51841",
        "kind": "tourism",
        "category": "leisure_park",
        "label": "Leisure / Park",
        "name": "",
        "area_m2": 146.43204802460968,
        "weight": 45.14643204802461,
        "osm_id": 1314780223
      }
    },
    {
      "type": "Feature",
      "geometry": {
        "type": "Point",
        "coordinates": [
          121.49831787272727,
          31.14999988181818
        ]
      },
      "properties": {
        "attraction_id": "A_51851",
        "kind": "tourism",
        "category": "leisure_park",
        "label": "Leisure / Park",
        "name": "",
        "area_m2": 3393.7484279684722,
        "weight": 48.393748427968475,
        "osm_id": 1314780243
      }
    },
    {
      "type": "Feature",
      "geometry": {
        "type": "Point",
        "coordinates": [
          121.4978784,
          31.14847815
        ]
      },
      "properties": {
        "attraction_id": "A_51853",
        "kind": "tourism",
        "category": "leisure_park",
        "label": "Leisure / Park",
        "name": "",
        "area_m2": 149.82189853675663,
        "weight": 45.14982189853676,
        "osm_id": 1314780265
      }
    },
    {
      "type": "Feature",
      "geometry": {
        "type": "Point",
        "coordinates": [
          121.52364912499999,
          31.238893775
        ]
      },
      "properties": {
        "attraction_id": "A_51872",
        "kind": "tourism",
        "category": "leisure_park",
        "label": "Leisure / Park",
        "name": "",
        "area_m2": 1451.1547854691744,
        "weight": 46.45115478546917,
        "osm_id": 1316810665
      }
    },
    {
      "type": "Feature",
      "geometry": {
        "type": "Point",
        "coordinates": [
          121.52646622500001,
          31.23922755
        ]
      },
      "properties": {
        "attraction_id": "A_51873",
        "kind": "tourism",
        "category": "leisure_park",
        "label": "Leisure / Park",
        "name": "",
        "area_m2": 1433.2650772556663,
        "weight": 46.43326507725567,
        "osm_id": 1316810666
      }
    },
    {
      "type": "Feature",
      "geometry": {
        "type": "Point",
        "coordinates": [
          121.4916715375,
          31.1514377375
        ]
      },
      "properties": {
        "attraction_id": "A_51881",
        "kind": "tourism",
        "category": "leisure_park",
        "label": "Leisure / Park",
        "name": "",
        "area_m2": 2719.528780850582,
        "weight": 47.71952878085058,
        "osm_id": 1317174153
      }
    },
    {
      "type": "Feature",
      "geometry": {
        "type": "Point",
        "coordinates": [
          121.492821175,
          31.149146000000002
        ]
      },
      "properties": {
        "attraction_id": "A_51895",
        "kind": "tourism",
        "category": "leisure_park",
        "label": "Leisure / Park",
        "name": "",
        "area_m2": 1266.042539077811,
        "weight": 46.26604253907781,
        "osm_id": 1317174184
      }
    },
    {
      "type": "Feature",
      "geometry": {
        "type": "Point",
        "coordinates": [
          121.499360475,
          31.146515649999998
        ]
      },
      "properties": {
        "attraction_id": "A_51948",
        "kind": "tourism",
        "category": "leisure_park",
        "label": "Leisure / Park",
        "name": "",
        "area_m2": 2302.9737172191963,
        "weight": 47.302973717219196,
        "osm_id": 1317387494
      }
    },
    {
      "type": "Feature",
      "geometry": {
        "type": "Point",
        "coordinates": [
          121.49936426875,
          31.1465110375
        ]
      },
      "properties": {
        "attraction_id": "A_51952",
        "kind": "tourism",
        "category": "leisure_park",
        "label": "Leisure / Park",
        "name": "",
        "area_m2": 4403.570906617679,
        "weight": 49.40357090661768,
        "osm_id": 1317387500
      }
    },
    {
      "type": "Feature",
      "geometry": {
        "type": "Point",
        "coordinates": [
          121.50258955,
          31.257664
        ]
      },
      "properties": {
        "attraction_id": "A_51972",
        "kind": "tourism",
        "category": "leisure_park",
        "label": "Leisure / Park",
        "name": "",
        "area_m2": 502.2906730771065,
        "weight": 45.502290673077106,
        "osm_id": 1317404395
      }
    },
    {
      "type": "Feature",
      "geometry": {
        "type": "Point",
        "coordinates": [
          121.50004391,
          31.256608210000003
        ]
      },
      "properties": {
        "attraction_id": "A_52089",
        "kind": "tourism",
        "category": "hotel_tourism",
        "label": "Hotel / Tourism",
        "name": "",
        "area_m2": 1168.44718927145,
        "weight": 46.6844718927145,
        "osm_id": 1319023982
      }
    },
    {
      "type": "Feature",
      "geometry": {
        "type": "Point",
        "coordinates": [
          121.501048575,
          31.14222065
        ]
      },
      "properties": {
        "attraction_id": "A_52187",
        "kind": "tourism",
        "category": "leisure_park",
        "label": "Leisure / Park",
        "name": "",
        "area_m2": 2347.0689297468634,
        "weight": 47.34706892974686,
        "osm_id": 1322845802
      }
    },
    {
      "type": "Feature",
      "geometry": {
        "type": "Point",
        "coordinates": [
          121.50100478125,
          31.142244125
        ]
      },
      "properties": {
        "attraction_id": "A_52188",
        "kind": "tourism",
        "category": "leisure_park",
        "label": "Leisure / Park",
        "name": "",
        "area_m2": 5128.85145318578,
        "weight": 50.12885145318578,
        "osm_id": 1322845803
      }
    },
    {
      "type": "Feature",
      "geometry": {
        "type": "Point",
        "coordinates": [
          121.4953927,
          31.14058645
        ]
      },
      "properties": {
        "attraction_id": "A_52197",
        "kind": "tourism",
        "category": "leisure_park",
        "label": "Leisure / Park",
        "name": "",
        "area_m2": 1060.0708602704108,
        "weight": 46.06007086027041,
        "osm_id": 1322845814
      }
    },
    {
      "type": "Feature",
      "geometry": {
        "type": "Point",
        "coordinates": [
          121.48460985,
          31.151281575
        ]
      },
      "properties": {
        "attraction_id": "A_52199",
        "kind": "tourism",
        "category": "leisure_park",
        "label": "Leisure / Park",
        "name": "",
        "area_m2": 785.4235531147569,
        "weight": 45.785423553114754,
        "osm_id": 1322864123
      }
    },
    {
      "type": "Feature",
      "geometry": {
        "type": "Point",
        "coordinates": [
          121.48507065,
          31.151045975
        ]
      },
      "properties": {
        "attraction_id": "A_52200",
        "kind": "tourism",
        "category": "leisure_park",
        "label": "Leisure / Park",
        "name": "",
        "area_m2": 841.183099521324,
        "weight": 45.841183099521324,
        "osm_id": 1322864124
      }
    },
    {
      "type": "Feature",
      "geometry": {
        "type": "Point",
        "coordinates": [
          121.48516193999998,
          31.151533
        ]
      },
      "properties": {
        "attraction_id": "A_52201",
        "kind": "tourism",
        "category": "leisure_park",
        "label": "Leisure / Park",
        "name": "",
        "area_m2": 981.1401604553685,
        "weight": 45.98114016045537,
        "osm_id": 1322864125
      }
    },
    {
      "type": "Feature",
      "geometry": {
        "type": "Point",
        "coordinates": [
          121.4895581,
          31.15109415
        ]
      },
      "properties": {
        "attraction_id": "A_52205",
        "kind": "tourism",
        "category": "leisure_park",
        "label": "Leisure / Park",
        "name": "",
        "area_m2": 1554.486335749738,
        "weight": 46.554486335749736,
        "osm_id": 1322864135
      }
    },
    {
      "type": "Feature",
      "geometry": {
        "type": "Point",
        "coordinates": [
          121.48956036875,
          31.15109688125
        ]
      },
      "properties": {
        "attraction_id": "A_52206",
        "kind": "tourism",
        "category": "leisure_park",
        "label": "Leisure / Park",
        "name": "",
        "area_m2": 2843.8695417698473,
        "weight": 47.84386954176985,
        "osm_id": 1322864136
      }
    },
    {
      "type": "Feature",
      "geometry": {
        "type": "Point",
        "coordinates": [
          121.49167198888888,
          31.15143086111111
        ]
      },
      "properties": {
        "attraction_id": "A_52212",
        "kind": "tourism",
        "category": "leisure_park",
        "label": "Leisure / Park",
        "name": "",
        "area_m2": 4044.3209048379213,
        "weight": 49.04432090483792,
        "osm_id": 1322864142
      }
    },
    {
      "type": "Feature",
      "geometry": {
        "type": "Point",
        "coordinates": [
          121.49313972499999,
          31.1520623
        ]
      },
      "properties": {
        "attraction_id": "A_52221",
        "kind": "tourism",
        "category": "leisure_park",
        "label": "Leisure / Park",
        "name": "",
        "area_m2": 526.2437150925398,
        "weight": 45.52624371509254,
        "osm_id": 1322864174
      }
    },
    {
      "type": "Feature",
      "geometry": {
        "type": "Point",
        "coordinates": [
          121.4327229,
          31.234768425
        ]
      },
      "properties": {
        "attraction_id": "A_52222",
        "kind": "tourism",
        "category": "leisure_park",
        "label": "Leisure / Park",
        "name": "",
        "area_m2": 597.364896543324,
        "weight": 45.597364896543326,
        "osm_id": 1322886074
      }
    },
    {
      "type": "Feature",
      "geometry": {
        "type": "Point",
        "coordinates": [
          121.42946649999999,
          31.141063975
        ]
      },
      "properties": {
        "attraction_id": "A_52347",
        "kind": "tourism",
        "category": "leisure_park",
        "label": "Leisure / Park",
        "name": "",
        "area_m2": 650.8331941060314,
        "weight": 45.650833194106035,
        "osm_id": 1328400967
      }
    },
    {
      "type": "Feature",
      "geometry": {
        "type": "Point",
        "coordinates": [
          121.532292,
          31.17619395
        ]
      },
      "properties": {
        "attraction_id": "A_52368",
        "kind": "tourism",
        "category": "leisure_park",
        "label": "Leisure / Park",
        "name": "HGA",
        "area_m2": 654.6136468350887,
        "weight": 45.65461364683509,
        "osm_id": 1329312282
      }
    },
    {
      "type": "Feature",
      "geometry": {
        "type": "Point",
        "coordinates": [
          121.55196128749999,
          31.2176882875
        ]
      },
      "properties": {
        "attraction_id": "A_52560",
        "kind": "tourism",
        "category": "leisure_park",
        "label": "Leisure / Park",
        "name": "蔬菜园",
        "area_m2": 1158.08633633703,
        "weight": 46.15808633633703,
        "osm_id": 1329832335
      }
    },
    {
      "type": "Feature",
      "geometry": {
        "type": "Point",
        "coordinates": [
          121.501830225,
          31.25699583125
        ]
      },
      "properties": {
        "attraction_id": "A_52574",
        "kind": "tourism",
        "category": "leisure_park",
        "label": "Leisure / Park",
        "name": "",
        "area_m2": 2166.2600967660546,
        "weight": 47.16626009676605,
        "osm_id": 1330594031
      }
    },
    {
      "type": "Feature",
      "geometry": {
        "type": "Point",
        "coordinates": [
          121.444439175,
          31.231926299999998
        ]
      },
      "properties": {
        "attraction_id": "A_52620",
        "kind": "tourism",
        "category": "leisure_park",
        "label": "Leisure / Park",
        "name": "",
        "area_m2": 1161.9509932920337,
        "weight": 46.16195099329203,
        "osm_id": 1331510432
      }
    },
    {
      "type": "Feature",
      "geometry": {
        "type": "Point",
        "coordinates": [
          121.47306111428573,
          31.162987057142857
        ]
      },
      "properties": {
        "attraction_id": "A_52678",
        "kind": "tourism",
        "category": "leisure_park",
        "label": "Leisure / Park",
        "name": "",
        "area_m2": 5869.9021304976195,
        "weight": 50.86990213049762,
        "osm_id": 1332568024
      }
    },
    {
      "type": "Feature",
      "geometry": {
        "type": "Point",
        "coordinates": [
          121.47531315714286,
          31.163156414285712
        ]
      },
      "properties": {
        "attraction_id": "A_52679",
        "kind": "tourism",
        "category": "leisure_park",
        "label": "Leisure / Park",
        "name": "",
        "area_m2": 5288.828167585656,
        "weight": 50.288828167585656,
        "osm_id": 1332568075
      }
    },
    {
      "type": "Feature",
      "geometry": {
        "type": "Point",
        "coordinates": [
          121.48570647777777,
          31.165624533333332
        ]
      },
      "properties": {
        "attraction_id": "A_52704",
        "kind": "tourism",
        "category": "leisure_park",
        "label": "Leisure / Park",
        "name": "",
        "area_m2": 3918.200172498822,
        "weight": 48.91820017249882,
        "osm_id": 1332568501
      }
    },
    {
      "type": "Feature",
      "geometry": {
        "type": "Point",
        "coordinates": [
          121.48996112,
          31.158284520000002
        ]
      },
      "properties": {
        "attraction_id": "A_52709",
        "kind": "tourism",
        "category": "leisure_park",
        "label": "Leisure / Park",
        "name": "",
        "area_m2": 19891.82462349534,
        "weight": 64.89182462349534,
        "osm_id": 1332571280
      }
    },
    {
      "type": "Feature",
      "geometry": {
        "type": "Point",
        "coordinates": [
          121.50128057500001,
          31.189660275
        ]
      },
      "properties": {
        "attraction_id": "A_52741",
        "kind": "tourism",
        "category": "leisure_park",
        "label": "Leisure / Park",
        "name": "羽毛球馆",
        "area_m2": 2062.5726785175502,
        "weight": 47.06257267851755,
        "osm_id": 1333164911
      }
    },
    {
      "type": "Feature",
      "geometry": {
        "type": "Point",
        "coordinates": [
          121.500584075,
          31.189946625
        ]
      },
      "properties": {
        "attraction_id": "A_52742",
        "kind": "tourism",
        "category": "leisure_park",
        "label": "Leisure / Park",
        "name": "",
        "area_m2": 1731.8114831112325,
        "weight": 46.73181148311123,
        "osm_id": 1333164912
      }
    },
    {
      "type": "Feature",
      "geometry": {
        "type": "Point",
        "coordinates": [
          121.47076984545456,
          31.176567336363636
        ]
      },
      "properties": {
        "attraction_id": "A_53108",
        "kind": "tourism",
        "category": "leisure_park",
        "label": "Leisure / Park",
        "name": "上海久事国际马术中心",
        "area_m2": 17746.949024852365,
        "weight": 62.74694902485237,
        "osm_id": 1341490851
      }
    },
    {
      "type": "Feature",
      "geometry": {
        "type": "Point",
        "coordinates": [
          121.48071246666667,
          31.252453844444442
        ]
      },
      "properties": {
        "attraction_id": "A_53125",
        "kind": "tourism",
        "category": "leisure_park",
        "label": "Leisure / Park",
        "name": "",
        "area_m2": 1894.2713266387582,
        "weight": 46.89427132663876,
        "osm_id": 1341569393
      }
    },
    {
      "type": "Feature",
      "geometry": {
        "type": "Point",
        "coordinates": [
          121.558106125,
          31.144309575
        ]
      },
      "properties": {
        "attraction_id": "A_53193",
        "kind": "tourism",
        "category": "leisure_park",
        "label": "Leisure / Park",
        "name": "",
        "area_m2": 7807.937483942602,
        "weight": 52.8079374839426,
        "osm_id": 1342419786
      }
    },
    {
      "type": "Feature",
      "geometry": {
        "type": "Point",
        "coordinates": [
          121.557292725,
          31.144165375
        ]
      },
      "properties": {
        "attraction_id": "A_53194",
        "kind": "tourism",
        "category": "leisure_park",
        "label": "Leisure / Park",
        "name": "",
        "area_m2": 7807.937484004535,
        "weight": 52.80793748400453,
        "osm_id": 1342419787
      }
    },
    {
      "type": "Feature",
      "geometry": {
        "type": "Point",
        "coordinates": [
          121.557489925,
          31.143121174999997
        ]
      },
      "properties": {
        "attraction_id": "A_53195",
        "kind": "tourism",
        "category": "leisure_park",
        "label": "Leisure / Park",
        "name": "",
        "area_m2": 7807.937483957969,
        "weight": 52.80793748395797,
        "osm_id": 1342419788
      }
    },
    {
      "type": "Feature",
      "geometry": {
        "type": "Point",
        "coordinates": [
          121.558299125,
          31.143216074999998
        ]
      },
      "properties": {
        "attraction_id": "A_53196",
        "kind": "tourism",
        "category": "leisure_park",
        "label": "Leisure / Park",
        "name": "",
        "area_m2": 7807.937484021764,
        "weight": 52.807937484021764,
        "osm_id": 1342419789
      }
    },
    {
      "type": "Feature",
      "geometry": {
        "type": "Point",
        "coordinates": [
          121.554848425,
          31.143855975
        ]
      },
      "properties": {
        "attraction_id": "A_53197",
        "kind": "tourism",
        "category": "leisure_park",
        "label": "Leisure / Park",
        "name": "",
        "area_m2": 7807.937484021764,
        "weight": 52.807937484021764,
        "osm_id": 1342419790
      }
    },
    {
      "type": "Feature",
      "geometry": {
        "type": "Point",
        "coordinates": [
          121.555049725,
          31.142776575
        ]
      },
      "properties": {
        "attraction_id": "A_53198",
        "kind": "tourism",
        "category": "leisure_park",
        "label": "Leisure / Park",
        "name": "",
        "area_m2": 7807.937484021997,
        "weight": 52.807937484022,
        "osm_id": 1342419791
      }
    },
    {
      "type": "Feature",
      "geometry": {
        "type": "Point",
        "coordinates": [
          121.555838425,
          31.142875
        ]
      },
      "properties": {
        "attraction_id": "A_53199",
        "kind": "tourism",
        "category": "leisure_park",
        "label": "Leisure / Park",
        "name": "",
        "area_m2": 7808.42360538966,
        "weight": 52.80842360538966,
        "osm_id": 1342419792
      }
    },
    {
      "type": "Feature",
      "geometry": {
        "type": "Point",
        "coordinates": [
          121.555612525,
          31.14397555
        ]
      },
      "properties": {
        "attraction_id": "A_53200",
        "kind": "tourism",
        "category": "leisure_park",
        "label": "Leisure / Park",
        "name": "",
        "area_m2": 7807.451362655032,
        "weight": 52.80745136265503,
        "osm_id": 1342419793
      }
    },
    {
      "type": "Feature",
      "geometry": {
        "type": "Point",
        "coordinates": [
          121.556442325,
          31.144066975
        ]
      },
      "properties": {
        "attraction_id": "A_53201",
        "kind": "tourism",
        "category": "leisure_park",
        "label": "Leisure / Park",
        "name": "",
        "area_m2": 7807.937484022696,
        "weight": 52.807937484022695,
        "osm_id": 1342419794
      }
    },
    {
      "type": "Feature",
      "geometry": {
        "type": "Point",
        "coordinates": [
          121.556660025,
          31.142994575000003
        ]
      },
      "properties": {
        "attraction_id": "A_53202",
        "kind": "tourism",
        "category": "leisure_park",
        "label": "Leisure / Park",
        "name": "",
        "area_m2": 7807.93748395727,
        "weight": 52.80793748395727,
        "osm_id": 1342419795
      }
    },
    {
      "type": "Feature",
      "geometry": {
        "type": "Point",
        "coordinates": [
          121.41295535555554,
          31.17858657777778
        ]
      },
      "properties": {
        "attraction_id": "A_53234",
        "kind": "tourism",
        "category": "leisure_park",
        "label": "Leisure / Park",
        "name": "",
        "area_m2": 7078.150697051082,
        "weight": 52.07815069705108,
        "osm_id": 1342713759
      }
    },
    {
      "type": "Feature",
      "geometry": {
        "type": "Point",
        "coordinates": [
          121.5456135,
          31.149676375
        ]
      },
      "properties": {
        "attraction_id": "A_53240",
        "kind": "tourism",
        "category": "hotel_tourism",
        "label": "Hotel / Tourism",
        "name": "格林豪泰",
        "area_m2": 538.1885016299784,
        "weight": 40.38188501629978,
        "osm_id": 1343420917
      }
    },
    {
      "type": "Feature",
      "geometry": {
        "type": "Point",
        "coordinates": [
          121.54469035,
          31.1495034
        ]
      },
      "properties": {
        "attraction_id": "A_53241",
        "kind": "tourism",
        "category": "hotel_tourism",
        "label": "Hotel / Tourism",
        "name": "上海锦季酒店",
        "area_m2": 538.4191158777103,
        "weight": 40.3841911587771,
        "osm_id": 1343420918
      }
    },
    {
      "type": "Feature",
      "geometry": {
        "type": "Point",
        "coordinates": [
          121.429052325,
          31.206140275
        ]
      },
      "properties": {
        "attraction_id": "A_53263",
        "kind": "tourism",
        "category": "leisure_park",
        "label": "Leisure / Park",
        "name": "",
        "area_m2": 982.7084110453725,
        "weight": 45.98270841104537,
        "osm_id": 1343674550
      }
    },
    {
      "type": "Feature",
      "geometry": {
        "type": "Point",
        "coordinates": [
          121.50407240625,
          31.2565496125
        ]
      },
      "properties": {
        "attraction_id": "A_53353",
        "kind": "tourism",
        "category": "leisure_park",
        "label": "Leisure / Park",
        "name": "",
        "area_m2": 5790.731448784471,
        "weight": 50.79073144878447,
        "osm_id": 1344500335
      }
    },
    {
      "type": "Feature",
      "geometry": {
        "type": "Point",
        "coordinates": [
          121.430460475,
          31.219495600000002
        ]
      },
      "properties": {
        "attraction_id": "A_53368",
        "kind": "tourism",
        "category": "leisure_park",
        "label": "Leisure / Park",
        "name": "",
        "area_m2": 495.71306215412915,
        "weight": 45.49571306215413,
        "osm_id": 1346898200
      }
    },
    {
      "type": "Feature",
      "geometry": {
        "type": "Point",
        "coordinates": [
          121.42975125,
          31.2191468
        ]
      },
      "properties": {
        "attraction_id": "A_53371",
        "kind": "tourism",
        "category": "leisure_park",
        "label": "Leisure / Park",
        "name": "会所游泳池",
        "area_m2": 114.65675178356469,
        "weight": 45.11465675178356,
        "osm_id": 1346990455
      }
    },
    {
      "type": "Feature",
      "geometry": {
        "type": "Point",
        "coordinates": [
          121.42686682499999,
          31.22365915
        ]
      },
      "properties": {
        "attraction_id": "A_53379",
        "kind": "tourism",
        "category": "leisure_park",
        "label": "Leisure / Park",
        "name": "",
        "area_m2": 900.2728693317622,
        "weight": 45.900272869331765,
        "osm_id": 1346991677
      }
    },
    {
      "type": "Feature",
      "geometry": {
        "type": "Point",
        "coordinates": [
          121.559752975,
          31.21701575
        ]
      },
      "properties": {
        "attraction_id": "A_53697",
        "kind": "tourism",
        "category": "leisure_park",
        "label": "Leisure / Park",
        "name": "",
        "area_m2": 1026.489541836083,
        "weight": 46.026489541836085,
        "osm_id": 1355331293
      }
    },
    {
      "type": "Feature",
      "geometry": {
        "type": "Point",
        "coordinates": [
          121.4220437,
          31.1423452
        ]
      },
      "properties": {
        "attraction_id": "A_53742",
        "kind": "tourism",
        "category": "leisure_park",
        "label": "Leisure / Park",
        "name": "",
        "area_m2": 1084.7298492144037,
        "weight": 46.084729849214405,
        "osm_id": 1356144690
      }
    },
    {
      "type": "Feature",
      "geometry": {
        "type": "Point",
        "coordinates": [
          121.4241156,
          31.142062375000002
        ]
      },
      "properties": {
        "attraction_id": "A_53743",
        "kind": "tourism",
        "category": "leisure_park",
        "label": "Leisure / Park",
        "name": "",
        "area_m2": 2327.6847549664963,
        "weight": 47.3276847549665,
        "osm_id": 1356144691
      }
    },
    {
      "type": "Feature",
      "geometry": {
        "type": "Point",
        "coordinates": [
          121.42880005555556,
          31.20562391851852
        ]
      },
      "properties": {
        "attraction_id": "A_54037",
        "kind": "tourism",
        "category": "leisure_park",
        "label": "Leisure / Park",
        "name": "",
        "area_m2": 5483.6306857373565,
        "weight": 50.48363068573735,
        "osm_id": 1361147882
      }
    },
    {
      "type": "Feature",
      "geometry": {
        "type": "Point",
        "coordinates": [
          121.42854,
          31.205632825000002
        ]
      },
      "properties": {
        "attraction_id": "A_54038",
        "kind": "tourism",
        "category": "leisure_park",
        "label": "Leisure / Park",
        "name": "",
        "area_m2": 452.97858950309455,
        "weight": 45.4529785895031,
        "osm_id": 1361147883
      }
    },
    {
      "type": "Feature",
      "geometry": {
        "type": "Point",
        "coordinates": [
          121.42870835,
          31.20563755
        ]
      },
      "properties": {
        "attraction_id": "A_54039",
        "kind": "tourism",
        "category": "leisure_park",
        "label": "Leisure / Park",
        "name": "",
        "area_m2": 536.077923392877,
        "weight": 45.536077923392874,
        "osm_id": 1361147884
      }
    },
    {
      "type": "Feature",
      "geometry": {
        "type": "Point",
        "coordinates": [
          121.42889174999999,
          31.205643074999998
        ]
      },
      "properties": {
        "attraction_id": "A_54040",
        "kind": "tourism",
        "category": "leisure_park",
        "label": "Leisure / Park",
        "name": "",
        "area_m2": 542.0734728109092,
        "weight": 45.54207347281091,
        "osm_id": 1361147885
      }
    },
    {
      "type": "Feature",
      "geometry": {
        "type": "Point",
        "coordinates": [
          121.429067875,
          31.205648175
        ]
      },
      "properties": {
        "attraction_id": "A_54041",
        "kind": "tourism",
        "category": "leisure_park",
        "label": "Leisure / Park",
        "name": "",
        "area_m2": 492.08949238434434,
        "weight": 45.492089492384345,
        "osm_id": 1361147886
      }
    },
    {
      "type": "Feature",
      "geometry": {
        "type": "Point",
        "coordinates": [
          121.428380175,
          31.205620175
        ]
      },
      "properties": {
        "attraction_id": "A_54042",
        "kind": "tourism",
        "category": "leisure_park",
        "label": "Leisure / Park",
        "name": "",
        "area_m2": 187.97818893007934,
        "weight": 45.18797818893008,
        "osm_id": 1361147887
      }
    },
    {
      "type": "Feature",
      "geometry": {
        "type": "Point",
        "coordinates": [
          121.42492866666667,
          31.25911475
        ]
      },
      "properties": {
        "attraction_id": "A_54043",
        "kind": "tourism",
        "category": "leisure_park",
        "label": "Leisure / Park",
        "name": "",
        "area_m2": 14570.925339695066,
        "weight": 59.570925339695066,
        "osm_id": 1361386872
      }
    },
    {
      "type": "Feature",
      "geometry": {
        "type": "Point",
        "coordinates": [
          121.423593925,
          31.20802865
        ]
      },
      "properties": {
        "attraction_id": "A_54045",
        "kind": "tourism",
        "category": "leisure_park",
        "label": "Leisure / Park",
        "name": "",
        "area_m2": 449.5786871211603,
        "weight": 45.44957868712116,
        "osm_id": 1361620480
      }
    },
    {
      "type": "Feature",
      "geometry": {
        "type": "Point",
        "coordinates": [
          121.423583125,
          31.207888525
        ]
      },
      "properties": {
        "attraction_id": "A_54046",
        "kind": "tourism",
        "category": "leisure_park",
        "label": "Leisure / Park",
        "name": "",
        "area_m2": 483.4408265128732,
        "weight": 45.483440826512876,
        "osm_id": 1361620481
      }
    },
    {
      "type": "Feature",
      "geometry": {
        "type": "Point",
        "coordinates": [
          121.42357095,
          31.2077326
        ]
      },
      "properties": {
        "attraction_id": "A_54047",
        "kind": "tourism",
        "category": "leisure_park",
        "label": "Leisure / Park",
        "name": "",
        "area_m2": 563.8908858383074,
        "weight": 45.563890885838305,
        "osm_id": 1361620482
      }
    },
    {
      "type": "Feature",
      "geometry": {
        "type": "Point",
        "coordinates": [
          121.42361788333334,
          31.207907029166666
        ]
      },
      "properties": {
        "attraction_id": "A_54048",
        "kind": "tourism",
        "category": "leisure_park",
        "label": "Leisure / Park",
        "name": "",
        "area_m2": 3890.6700835227966,
        "weight": 48.8906700835228,
        "osm_id": 1361620483
      }
    },
    {
      "type": "Feature",
      "geometry": {
        "type": "Point",
        "coordinates": [
          121.4320328025641,
          31.242266184615385
        ]
      },
      "properties": {
        "attraction_id": "A_54089",
        "kind": "commercial",
        "category": "retail_service",
        "label": "Retail / Service",
        "name": "经纬时尚广场",
        "area_m2": 4124.954950276762,
        "weight": 71.56193687845953,
        "osm_id": 1363851545
      }
    },
    {
      "type": "Feature",
      "geometry": {
        "type": "Point",
        "coordinates": [
          121.42582217500001,
          31.2147974875
        ]
      },
      "properties": {
        "attraction_id": "A_54133",
        "kind": "tourism",
        "category": "leisure_park",
        "label": "Leisure / Park",
        "name": "",
        "area_m2": 648.2387574780732,
        "weight": 45.648238757478076,
        "osm_id": 1365224508
      }
    },
    {
      "type": "Feature",
      "geometry": {
        "type": "Point",
        "coordinates": [
          121.40694055,
          31.225268924999998
        ]
      },
      "properties": {
        "attraction_id": "A_54276",
        "kind": "tourism",
        "category": "leisure_park",
        "label": "Leisure / Park",
        "name": "",
        "area_m2": 581.9923149682581,
        "weight": 45.58199231496826,
        "osm_id": 1365689096
      }
    },
    {
      "type": "Feature",
      "geometry": {
        "type": "Point",
        "coordinates": [
          121.407064175,
          31.224959525000003
        ]
      },
      "properties": {
        "attraction_id": "A_54277",
        "kind": "tourism",
        "category": "leisure_park",
        "label": "Leisure / Park",
        "name": "",
        "area_m2": 1380.1518582780845,
        "weight": 46.38015185827808,
        "osm_id": 1365689097
      }
    },
    {
      "type": "Feature",
      "geometry": {
        "type": "Point",
        "coordinates": [
          121.44365713333333,
          31.2454565
        ]
      },
      "properties": {
        "attraction_id": "A_54291",
        "kind": "tourism",
        "category": "hotel_tourism",
        "label": "Hotel / Tourism",
        "name": "沪西工人半日学校史料陈列馆",
        "area_m2": 239.23781035467982,
        "weight": 37.3923781035468,
        "osm_id": 1365724642
      }
    },
    {
      "type": "Feature",
      "geometry": {
        "type": "Point",
        "coordinates": [
          121.4570476125,
          31.1492217125
        ]
      },
      "properties": {
        "attraction_id": "A_54306",
        "kind": "tourism",
        "category": "leisure_park",
        "label": "Leisure / Park",
        "name": "",
        "area_m2": 3214.1282426305115,
        "weight": 48.21412824263051,
        "osm_id": 1365822277
      }
    },
    {
      "type": "Feature",
      "geometry": {
        "type": "Point",
        "coordinates": [
          121.40441259411764,
          31.24176835882353
        ]
      },
      "properties": {
        "attraction_id": "A_54323",
        "kind": "tourism",
        "category": "leisure_park",
        "label": "Leisure / Park",
        "name": "曹杨公园",
        "area_m2": 21680.584300423507,
        "weight": 66.6805843004235,
        "osm_id": 1366526146
      }
    },
    {
      "type": "Feature",
      "geometry": {
        "type": "Point",
        "coordinates": [
          121.403711075,
          31.241637525
        ]
      },
      "properties": {
        "attraction_id": "A_54325",
        "kind": "tourism",
        "category": "leisure_park",
        "label": "Leisure / Park",
        "name": "",
        "area_m2": 430.2037221251521,
        "weight": 45.43020372212515,
        "osm_id": 1366526151
      }
    },
    {
      "type": "Feature",
      "geometry": {
        "type": "Point",
        "coordinates": [
          121.39923864615383,
          31.236705446153845
        ]
      },
      "properties": {
        "attraction_id": "A_54326",
        "kind": "tourism",
        "category": "leisure_park",
        "label": "Leisure / Park",
        "name": "枣阳公园",
        "area_m2": 9840.953752144414,
        "weight": 54.840953752144415,
        "osm_id": 1366542534
      }
    },
    {
      "type": "Feature",
      "geometry": {
        "type": "Point",
        "coordinates": [
          121.429212025,
          31.191699075000002
        ]
      },
      "properties": {
        "attraction_id": "A_54470",
        "kind": "tourism",
        "category": "leisure_park",
        "label": "Leisure / Park",
        "name": "",
        "area_m2": 565.9767290912569,
        "weight": 45.565976729091254,
        "osm_id": 1368010155
      }
    },
    {
      "type": "Feature",
      "geometry": {
        "type": "Point",
        "coordinates": [
          121.49316911666666,
          31.252384699999997
        ]
      },
      "properties": {
        "attraction_id": "A_54489",
        "kind": "tourism",
        "category": "leisure_park",
        "label": "Leisure / Park",
        "name": "雷士德花园",
        "area_m2": 2046.7619720101357,
        "weight": 47.04676197201014,
        "osm_id": 1370784547
      }
    },
    {
      "type": "Feature",
      "geometry": {
        "type": "Point",
        "coordinates": [
          121.4855410875,
          31.2551457375
        ]
      },
      "properties": {
        "attraction_id": "A_54508",
        "kind": "tourism",
        "category": "leisure_park",
        "label": "Leisure / Park",
        "name": "",
        "area_m2": 1176.3754881843925,
        "weight": 46.17637548818439,
        "osm_id": 1370925944
      }
    },
    {
      "type": "Feature",
      "geometry": {
        "type": "Point",
        "coordinates": [
          121.41133985357143,
          31.15144839285714
        ]
      },
      "properties": {
        "attraction_id": "A_54547",
        "kind": "tourism",
        "category": "leisure_park",
        "label": "Leisure / Park",
        "name": "",
        "area_m2": 2648.538431699504,
        "weight": 47.64853843169951,
        "osm_id": 1374372587
      }
    },
    {
      "type": "Feature",
      "geometry": {
        "type": "Point",
        "coordinates": [
          121.40452331666667,
          31.25638445
        ]
      },
      "properties": {
        "attraction_id": "A_54602",
        "kind": "tourism",
        "category": "leisure_park",
        "label": "Leisure / Park",
        "name": "",
        "area_m2": 2845.1631287396885,
        "weight": 47.845163128739685,
        "osm_id": 1376373235
      }
    },
    {
      "type": "Feature",
      "geometry": {
        "type": "Point",
        "coordinates": [
          121.40442961666666,
          31.250143766666667
        ]
      },
      "properties": {
        "attraction_id": "A_54603",
        "kind": "tourism",
        "category": "leisure_park",
        "label": "Leisure / Park",
        "name": "山姆公园",
        "area_m2": 18443.045659379102,
        "weight": 63.4430456593791,
        "osm_id": 1376373236
      }
    },
    {
      "type": "Feature",
      "geometry": {
        "type": "Point",
        "coordinates": [
          121.39944825714285,
          31.254361985714286
        ]
      },
      "properties": {
        "attraction_id": "A_54606",
        "kind": "tourism",
        "category": "leisure_park",
        "label": "Leisure / Park",
        "name": "",
        "area_m2": 128594.30277165282,
        "weight": 173.59430277165282,
        "osm_id": 1376377390
      }
    },
    {
      "type": "Feature",
      "geometry": {
        "type": "Point",
        "coordinates": [
          121.41556382222221,
          31.254112922222223
        ]
      },
      "properties": {
        "attraction_id": "A_54658",
        "kind": "tourism",
        "category": "leisure_park",
        "label": "Leisure / Park",
        "name": "",
        "area_m2": 30865.26474101469,
        "weight": 75.86526474101468,
        "osm_id": 1376457203
      }
    },
    {
      "type": "Feature",
      "geometry": {
        "type": "Point",
        "coordinates": [
          121.41151585,
          31.25299945
        ]
      },
      "properties": {
        "attraction_id": "A_54660",
        "kind": "tourism",
        "category": "leisure_park",
        "label": "Leisure / Park",
        "name": "",
        "area_m2": 9831.45841303654,
        "weight": 54.83145841303654,
        "osm_id": 1376457205
      }
    },
    {
      "type": "Feature",
      "geometry": {
        "type": "Point",
        "coordinates": [
          121.41868625714287,
          31.248764242857142
        ]
      },
      "properties": {
        "attraction_id": "A_54661",
        "kind": "tourism",
        "category": "leisure_park",
        "label": "Leisure / Park",
        "name": "",
        "area_m2": 5756.982879670337,
        "weight": 50.75698287967034,
        "osm_id": 1376480756
      }
    },
    {
      "type": "Feature",
      "geometry": {
        "type": "Point",
        "coordinates": [
          121.41879573333334,
          31.247052808333333
        ]
      },
      "properties": {
        "attraction_id": "A_54662",
        "kind": "tourism",
        "category": "leisure_park",
        "label": "Leisure / Park",
        "name": "",
        "area_m2": 12255.153268510476,
        "weight": 57.255153268510476,
        "osm_id": 1376480757
      }
    },
    {
      "type": "Feature",
      "geometry": {
        "type": "Point",
        "coordinates": [
          121.45908760526316,
          31.18488087368421
        ]
      },
      "properties": {
        "attraction_id": "A_54663",
        "kind": "tourism",
        "category": "hotel_tourism",
        "label": "Hotel / Tourism",
        "name": "West Bund Orbit",
        "area_m2": 1745.0942743886262,
        "weight": 52.45094274388626,
        "osm_id": 1376876640
      }
    },
    {
      "type": "Feature",
      "geometry": {
        "type": "Point",
        "coordinates": [
          121.42374445,
          31.16650425
        ]
      },
      "properties": {
        "attraction_id": "A_54671",
        "kind": "tourism",
        "category": "leisure_park",
        "label": "Leisure / Park",
        "name": "",
        "area_m2": 2186.2651723348536,
        "weight": 47.186265172334856,
        "osm_id": 1376933102
      }
    },
    {
      "type": "Feature",
      "geometry": {
        "type": "Point",
        "coordinates": [
          121.428267125,
          31.1415777
        ]
      },
      "properties": {
        "attraction_id": "A_54886",
        "kind": "tourism",
        "category": "leisure_park",
        "label": "Leisure / Park",
        "name": "射击场",
        "area_m2": 490.5138739271788,
        "weight": 45.49051387392718,
        "osm_id": 1377123348
      }
    },
    {
      "type": "Feature",
      "geometry": {
        "type": "Point",
        "coordinates": [
          121.47654625,
          31.183830075
        ]
      },
      "properties": {
        "attraction_id": "A_55174",
        "kind": "tourism",
        "category": "hotel_tourism",
        "label": "Hotel / Tourism",
        "name": "东游客服务中心",
        "area_m2": 890.6237524040043,
        "weight": 43.906237524040044,
        "osm_id": 1388203602
      }
    },
    {
      "type": "Feature",
      "geometry": {
        "type": "Point",
        "coordinates": [
          121.54098537499999,
          31.193677775
        ]
      },
      "properties": {
        "attraction_id": "A_55252",
        "kind": "tourism",
        "category": "leisure_park",
        "label": "Leisure / Park",
        "name": "综合活动区",
        "area_m2": 5459.9236252605915,
        "weight": 50.45992362526059,
        "osm_id": 1391335447
      }
    },
    {
      "type": "Feature",
      "geometry": {
        "type": "Point",
        "coordinates": [
          121.53299238333334,
          31.238766766666668
        ]
      },
      "properties": {
        "attraction_id": "A_55392",
        "kind": "tourism",
        "category": "leisure_park",
        "label": "Leisure / Park",
        "name": "",
        "area_m2": 8831.67007522285,
        "weight": 53.831670075222846,
        "osm_id": 1415882166
      }
    },
    {
      "type": "Feature",
      "geometry": {
        "type": "Point",
        "coordinates": [
          121.46769087391304,
          31.142874617391307
        ]
      },
      "properties": {
        "attraction_id": "A_55420",
        "kind": "tourism",
        "category": "leisure_park",
        "label": "Leisure / Park",
        "name": "",
        "area_m2": 37398.597539976705,
        "weight": 82.3985975399767,
        "osm_id": 1417463598
      }
    },
    {
      "type": "Feature",
      "geometry": {
        "type": "Point",
        "coordinates": [
          121.453191,
          31.176060125
        ]
      },
      "properties": {
        "attraction_id": "A_55539",
        "kind": "tourism",
        "category": "leisure_park",
        "label": "Leisure / Park",
        "name": "",
        "area_m2": 542.4738637953997,
        "weight": 45.5424738637954,
        "osm_id": 1424561266
      }
    },
    {
      "type": "Feature",
      "geometry": {
        "type": "Point",
        "coordinates": [
          121.45338155,
          31.176084025
        ]
      },
      "properties": {
        "attraction_id": "A_55540",
        "kind": "tourism",
        "category": "leisure_park",
        "label": "Leisure / Park",
        "name": "",
        "area_m2": 515.5166264791042,
        "weight": 45.515516626479105,
        "osm_id": 1424561267
      }
    },
    {
      "type": "Feature",
      "geometry": {
        "type": "Point",
        "coordinates": [
          121.453563825,
          31.176106925
        ]
      },
      "properties": {
        "attraction_id": "A_55541",
        "kind": "tourism",
        "category": "leisure_park",
        "label": "Leisure / Park",
        "name": "",
        "area_m2": 495.7966348230839,
        "weight": 45.49579663482309,
        "osm_id": 1424561268
      }
    },
    {
      "type": "Feature",
      "geometry": {
        "type": "Point",
        "coordinates": [
          121.46937413333335,
          31.186359616666667
        ]
      },
      "properties": {
        "attraction_id": "A_55552",
        "kind": "tourism",
        "category": "leisure_park",
        "label": "Leisure / Park",
        "name": "狗GO乐园",
        "area_m2": 1758.1696601845324,
        "weight": 46.758169660184535,
        "osm_id": 1425258429
      }
    },
    {
      "type": "Feature",
      "geometry": {
        "type": "Point",
        "coordinates": [
          121.516396325,
          31.236525925000002
        ]
      },
      "properties": {
        "attraction_id": "A_55748",
        "kind": "tourism",
        "category": "leisure_park",
        "label": "Leisure / Park",
        "name": "",
        "area_m2": 551.6280179619789,
        "weight": 45.55162801796198,
        "osm_id": 1427522178
      }
    },
    {
      "type": "Feature",
      "geometry": {
        "type": "Point",
        "coordinates": [
          121.51815025,
          31.235054425
        ]
      },
      "properties": {
        "attraction_id": "A_55770",
        "kind": "tourism",
        "category": "leisure_park",
        "label": "Leisure / Park",
        "name": "",
        "area_m2": 2755.200258024037,
        "weight": 47.75520025802404,
        "osm_id": 1427522207
      }
    },
    {
      "type": "Feature",
      "geometry": {
        "type": "Point",
        "coordinates": [
          121.511028975,
          31.2362849
        ]
      },
      "properties": {
        "attraction_id": "A_55868",
        "kind": "tourism",
        "category": "leisure_park",
        "label": "Leisure / Park",
        "name": "",
        "area_m2": 951.1969370692968,
        "weight": 45.9511969370693,
        "osm_id": 1427522333
      }
    },
    {
      "type": "Feature",
      "geometry": {
        "type": "Point",
        "coordinates": [
          121.52119855000001,
          31.241880375
        ]
      },
      "properties": {
        "attraction_id": "A_55901",
        "kind": "tourism",
        "category": "leisure_park",
        "label": "Leisure / Park",
        "name": "",
        "area_m2": 2299.440245963633,
        "weight": 47.29944024596363,
        "osm_id": 1427539630
      }
    },
    {
      "type": "Feature",
      "geometry": {
        "type": "Point",
        "coordinates": [
          121.52120573333335,
          31.24188115
        ]
      },
      "properties": {
        "attraction_id": "A_55902",
        "kind": "tourism",
        "category": "leisure_park",
        "label": "Leisure / Park",
        "name": "",
        "area_m2": 5303.60937256366,
        "weight": 50.303609372563656,
        "osm_id": 1427539631
      }
    },
    {
      "type": "Feature",
      "geometry": {
        "type": "Point",
        "coordinates": [
          121.523909775,
          31.242564925
        ]
      },
      "properties": {
        "attraction_id": "A_55912",
        "kind": "tourism",
        "category": "hotel_tourism",
        "label": "Hotel / Tourism",
        "name": "和颐至尊酒店",
        "area_m2": 828.5426810309291,
        "weight": 43.28542681030929,
        "osm_id": 1427539642
      }
    },
    {
      "type": "Feature",
      "geometry": {
        "type": "Point",
        "coordinates": [
          121.52337168333334,
          31.242487516666667
        ]
      },
      "properties": {
        "attraction_id": "A_55915",
        "kind": "tourism",
        "category": "hotel_tourism",
        "label": "Hotel / Tourism",
        "name": "汉庭优佳酒店",
        "area_m2": 507.1834106594324,
        "weight": 40.07183410659432,
        "osm_id": 1427539647
      }
    },
    {
      "type": "Feature",
      "geometry": {
        "type": "Point",
        "coordinates": [
          121.5231023388889,
          31.240401777777777
        ]
      },
      "properties": {
        "attraction_id": "A_55930",
        "kind": "tourism",
        "category": "leisure_park",
        "label": "Leisure / Park",
        "name": "",
        "area_m2": 5254.200717277825,
        "weight": 50.254200717277826,
        "osm_id": 1427539664
      }
    },
    {
      "type": "Feature",
      "geometry": {
        "type": "Point",
        "coordinates": [
          121.523094425,
          31.2403982
        ]
      },
      "properties": {
        "attraction_id": "A_55931",
        "kind": "tourism",
        "category": "leisure_park",
        "label": "Leisure / Park",
        "name": "",
        "area_m2": 2299.2881521508098,
        "weight": 47.29928815215081,
        "osm_id": 1427539665
      }
    },
    {
      "type": "Feature",
      "geometry": {
        "type": "Point",
        "coordinates": [
          121.520642025,
          31.2335214
        ]
      },
      "properties": {
        "attraction_id": "A_55989",
        "kind": "tourism",
        "category": "leisure_park",
        "label": "Leisure / Park",
        "name": "",
        "area_m2": 859.1078576818109,
        "weight": 45.85910785768181,
        "osm_id": 1427638530
      }
    },
    {
      "type": "Feature",
      "geometry": {
        "type": "Point",
        "coordinates": [
          121.5221579,
          31.23562725
        ]
      },
      "properties": {
        "attraction_id": "A_55990",
        "kind": "tourism",
        "category": "leisure_park",
        "label": "Leisure / Park",
        "name": "",
        "area_m2": 1288.2242404818535,
        "weight": 46.28822424048185,
        "osm_id": 1427638533
      }
    },
    {
      "type": "Feature",
      "geometry": {
        "type": "Point",
        "coordinates": [
          121.5219315,
          31.2352996
        ]
      },
      "properties": {
        "attraction_id": "A_55991",
        "kind": "tourism",
        "category": "leisure_park",
        "label": "Leisure / Park",
        "name": "",
        "area_m2": 918.1922594979405,
        "weight": 45.91819225949794,
        "osm_id": 1427638534
      }
    },
    {
      "type": "Feature",
      "geometry": {
        "type": "Point",
        "coordinates": [
          121.524154425,
          31.24554925
        ]
      },
      "properties": {
        "attraction_id": "A_56004",
        "kind": "tourism",
        "category": "leisure_park",
        "label": "Leisure / Park",
        "name": "",
        "area_m2": 618.3406359255314,
        "weight": 45.618340635925534,
        "osm_id": 1427664567
      }
    },
    {
      "type": "Feature",
      "geometry": {
        "type": "Point",
        "coordinates": [
          121.5249105125,
          31.231821225
        ]
      },
      "properties": {
        "attraction_id": "A_56074",
        "kind": "tourism",
        "category": "hotel_tourism",
        "label": "Hotel / Tourism",
        "name": "如家商旅酒店",
        "area_m2": 1293.4514792487025,
        "weight": 47.93451479248702,
        "osm_id": 1427672075
      }
    },
    {
      "type": "Feature",
      "geometry": {
        "type": "Point",
        "coordinates": [
          121.526110225,
          31.233011175
        ]
      },
      "properties": {
        "attraction_id": "A_56087",
        "kind": "tourism",
        "category": "leisure_park",
        "label": "Leisure / Park",
        "name": "",
        "area_m2": 1374.7988921701908,
        "weight": 46.37479889217019,
        "osm_id": 1427672093
      }
    },
    {
      "type": "Feature",
      "geometry": {
        "type": "Point",
        "coordinates": [
          121.52899745,
          31.23051505
        ]
      },
      "properties": {
        "attraction_id": "A_56175",
        "kind": "tourism",
        "category": "leisure_park",
        "label": "Leisure / Park",
        "name": "",
        "area_m2": 505.46496085077524,
        "weight": 45.50546496085077,
        "osm_id": 1427672198
      }
    },
    {
      "type": "Feature",
      "geometry": {
        "type": "Point",
        "coordinates": [
          121.52928262500001,
          31.2309851
        ]
      },
      "properties": {
        "attraction_id": "A_56176",
        "kind": "tourism",
        "category": "leisure_park",
        "label": "Leisure / Park",
        "name": "",
        "area_m2": 1317.5938227698207,
        "weight": 46.31759382276982,
        "osm_id": 1427672199
      }
    },
    {
      "type": "Feature",
      "geometry": {
        "type": "Point",
        "coordinates": [
          121.52566985,
          31.22151745
        ]
      },
      "properties": {
        "attraction_id": "A_56221",
        "kind": "tourism",
        "category": "leisure_park",
        "label": "Leisure / Park",
        "name": "",
        "area_m2": 1115.2983940392733,
        "weight": 46.11529839403927,
        "osm_id": 1427705400
      }
    },
    {
      "type": "Feature",
      "geometry": {
        "type": "Point",
        "coordinates": [
          121.5262114,
          31.224944288888892
        ]
      },
      "properties": {
        "attraction_id": "A_56236",
        "kind": "tourism",
        "category": "leisure_park",
        "label": "Leisure / Park",
        "name": "",
        "area_m2": 3644.7428811192513,
        "weight": 48.64474288111925,
        "osm_id": 1427705425
      }
    },
    {
      "type": "Feature",
      "geometry": {
        "type": "Point",
        "coordinates": [
          121.525350475,
          31.2255421
        ]
      },
      "properties": {
        "attraction_id": "A_56238",
        "kind": "tourism",
        "category": "leisure_park",
        "label": "Leisure / Park",
        "name": "星想园",
        "area_m2": 3886.664331957698,
        "weight": 48.8866643319577,
        "osm_id": 1427705434
      }
    },
    {
      "type": "Feature",
      "geometry": {
        "type": "Point",
        "coordinates": [
          121.524453825,
          31.225405475
        ]
      },
      "properties": {
        "attraction_id": "A_56245",
        "kind": "tourism",
        "category": "hotel_tourism",
        "label": "Hotel / Tourism",
        "name": "上海浦东假日酒店",
        "area_m2": 709.318640910089,
        "weight": 42.09318640910089,
        "osm_id": 1427705448
      }
    },
    {
      "type": "Feature",
      "geometry": {
        "type": "Point",
        "coordinates": [
          121.525130375,
          31.227227
        ]
      },
      "properties": {
        "attraction_id": "A_56255",
        "kind": "tourism",
        "category": "leisure_park",
        "label": "Leisure / Park",
        "name": "",
        "area_m2": 607.9342074766755,
        "weight": 45.607934207476674,
        "osm_id": 1427705468
      }
    },
    {
      "type": "Feature",
      "geometry": {
        "type": "Point",
        "coordinates": [
          121.530088225,
          31.234555875
        ]
      },
      "properties": {
        "attraction_id": "A_56285",
        "kind": "tourism",
        "category": "leisure_park",
        "label": "Leisure / Park",
        "name": "",
        "area_m2": 464.082333996892,
        "weight": 45.46408233399689,
        "osm_id": 1427893873
      }
    },
    {
      "type": "Feature",
      "geometry": {
        "type": "Point",
        "coordinates": [
          121.534008925,
          31.2332167
        ]
      },
      "properties": {
        "attraction_id": "A_56292",
        "kind": "tourism",
        "category": "leisure_park",
        "label": "Leisure / Park",
        "name": "",
        "area_m2": 2512.4507641643286,
        "weight": 47.51245076416433,
        "osm_id": 1427893891
      }
    },
    {
      "type": "Feature",
      "geometry": {
        "type": "Point",
        "coordinates": [
          121.5336788,
          31.234541275
        ]
      },
      "properties": {
        "attraction_id": "A_56293",
        "kind": "tourism",
        "category": "leisure_park",
        "label": "Leisure / Park",
        "name": "源深体育馆",
        "area_m2": 7777.793117813766,
        "weight": 52.777793117813765,
        "osm_id": 1427893905
      }
    },
    {
      "type": "Feature",
      "geometry": {
        "type": "Point",
        "coordinates": [
          121.53107,
          31.234664375
        ]
      },
      "properties": {
        "attraction_id": "A_56295",
        "kind": "tourism",
        "category": "leisure_park",
        "label": "Leisure / Park",
        "name": "",
        "area_m2": 4090.7579413205385,
        "weight": 49.09075794132054,
        "osm_id": 1427893917
      }
    },
    {
      "type": "Feature",
      "geometry": {
        "type": "Point",
        "coordinates": [
          121.51688257500001,
          31.2290378
        ]
      },
      "properties": {
        "attraction_id": "A_56325",
        "kind": "tourism",
        "category": "leisure_park",
        "label": "Leisure / Park",
        "name": "",
        "area_m2": 248.27692053467035,
        "weight": 45.24827692053467,
        "osm_id": 1427893966
      }
    },
    {
      "type": "Feature",
      "geometry": {
        "type": "Point",
        "coordinates": [
          121.51679545,
          31.22725485
        ]
      },
      "properties": {
        "attraction_id": "A_56334",
        "kind": "tourism",
        "category": "leisure_park",
        "label": "Leisure / Park",
        "name": "",
        "area_m2": 5747.432176433504,
        "weight": 50.747432176433506,
        "osm_id": 1427893978
      }
    },
    {
      "type": "Feature",
      "geometry": {
        "type": "Point",
        "coordinates": [
          121.51542220555555,
          31.228742472222223
        ]
      },
      "properties": {
        "attraction_id": "A_56345",
        "kind": "tourism",
        "category": "leisure_park",
        "label": "Leisure / Park",
        "name": "",
        "area_m2": 3081.982226200402,
        "weight": 48.0819822262004,
        "osm_id": 1427893989
      }
    },
    {
      "type": "Feature",
      "geometry": {
        "type": "Point",
        "coordinates": [
          121.5154256,
          31.228732725
        ]
      },
      "properties": {
        "attraction_id": "A_56346",
        "kind": "tourism",
        "category": "leisure_park",
        "label": "Leisure / Park",
        "name": "",
        "area_m2": 1619.0314850583673,
        "weight": 46.619031485058365,
        "osm_id": 1427893990
      }
    },
    {
      "type": "Feature",
      "geometry": {
        "type": "Point",
        "coordinates": [
          121.51880795,
          31.228085225
        ]
      },
      "properties": {
        "attraction_id": "A_56360",
        "kind": "tourism",
        "category": "leisure_park",
        "label": "Leisure / Park",
        "name": "",
        "area_m2": 1766.4157246947289,
        "weight": 46.76641572469473,
        "osm_id": 1427894009
      }
    },
    {
      "type": "Feature",
      "geometry": {
        "type": "Point",
        "coordinates": [
          121.51307039999999,
          31.22908363
        ]
      },
      "properties": {
        "attraction_id": "A_56361",
        "kind": "commercial",
        "category": "retail_service",
        "label": "Retail / Service",
        "name": "华润时代广场",
        "area_m2": 6889.808640748262,
        "weight": 106.12260800935329,
        "osm_id": 1427894011
      }
    },
    {
      "type": "Feature",
      "geometry": {
        "type": "Point",
        "coordinates": [
          121.513930575,
          31.2271231375
        ]
      },
      "properties": {
        "attraction_id": "A_56381",
        "kind": "tourism",
        "category": "hotel_tourism",
        "label": "Hotel / Tourism",
        "name": "吉泰连锁酒店",
        "area_m2": 186.4016758352518,
        "weight": 36.86401675835252,
        "osm_id": 1427894038
      }
    },
    {
      "type": "Feature",
      "geometry": {
        "type": "Point",
        "coordinates": [
          121.51362785,
          31.226002899999997
        ]
      },
      "properties": {
        "attraction_id": "A_56405",
        "kind": "tourism",
        "category": "leisure_park",
        "label": "Leisure / Park",
        "name": "",
        "area_m2": 1102.5846126824617,
        "weight": 46.10258461268246,
        "osm_id": 1427894069
      }
    },
    {
      "type": "Feature",
      "geometry": {
        "type": "Point",
        "coordinates": [
          121.51357675,
          31.22777555
        ]
      },
      "properties": {
        "attraction_id": "A_56409",
        "kind": "tourism",
        "category": "leisure_park",
        "label": "Leisure / Park",
        "name": "",
        "area_m2": 1304.2877701371908,
        "weight": 46.30428777013719,
        "osm_id": 1427894073
      }
    },
    {
      "type": "Feature",
      "geometry": {
        "type": "Point",
        "coordinates": [
          121.5141168,
          31.227835
        ]
      },
      "properties": {
        "attraction_id": "A_56410",
        "kind": "tourism",
        "category": "leisure_park",
        "label": "Leisure / Park",
        "name": "",
        "area_m2": 404.6329596042633,
        "weight": 45.404632959604264,
        "osm_id": 1427894074
      }
    },
    {
      "type": "Feature",
      "geometry": {
        "type": "Point",
        "coordinates": [
          121.513867275,
          31.227753325000002
        ]
      },
      "properties": {
        "attraction_id": "A_56411",
        "kind": "tourism",
        "category": "leisure_park",
        "label": "Leisure / Park",
        "name": "",
        "area_m2": 141.49436645954847,
        "weight": 45.14149436645955,
        "osm_id": 1427894075
      }
    },
    {
      "type": "Feature",
      "geometry": {
        "type": "Point",
        "coordinates": [
          121.52443870833334,
          31.235024733333333
        ]
      },
      "properties": {
        "attraction_id": "A_56449",
        "kind": "tourism",
        "category": "leisure_park",
        "label": "Leisure / Park",
        "name": "瀚晴园",
        "area_m2": 3701.526140138507,
        "weight": 48.701526140138505,
        "osm_id": 1428265657
      }
    },
    {
      "type": "Feature",
      "geometry": {
        "type": "Point",
        "coordinates": [
          121.524288,
          31.233883075
        ]
      },
      "properties": {
        "attraction_id": "A_56455",
        "kind": "tourism",
        "category": "leisure_park",
        "label": "Leisure / Park",
        "name": "",
        "area_m2": 1169.8053504005075,
        "weight": 46.16980535040051,
        "osm_id": 1428265671
      }
    },
    {
      "type": "Feature",
      "geometry": {
        "type": "Point",
        "coordinates": [
          121.5245901,
          31.23691935
        ]
      },
      "properties": {
        "attraction_id": "A_56457",
        "kind": "tourism",
        "category": "leisure_park",
        "label": "Leisure / Park",
        "name": "",
        "area_m2": 432.09531681984663,
        "weight": 45.43209531681985,
        "osm_id": 1428265673
      }
    },
    {
      "type": "Feature",
      "geometry": {
        "type": "Point",
        "coordinates": [
          121.52451687499999,
          31.236614324999998
        ]
      },
      "properties": {
        "attraction_id": "A_56458",
        "kind": "tourism",
        "category": "leisure_park",
        "label": "Leisure / Park",
        "name": "",
        "area_m2": 601.9749711453915,
        "weight": 45.60197497114539,
        "osm_id": 1428265674
      }
    },
    {
      "type": "Feature",
      "geometry": {
        "type": "Point",
        "coordinates": [
          121.52602965,
          31.2350322
        ]
      },
      "properties": {
        "attraction_id": "A_56529",
        "kind": "tourism",
        "category": "leisure_park",
        "label": "Leisure / Park",
        "name": "",
        "area_m2": 467.0905815884471,
        "weight": 45.467090581588444,
        "osm_id": 1428265774
      }
    },
    {
      "type": "Feature",
      "geometry": {
        "type": "Point",
        "coordinates": [
          121.511981125,
          31.244221375000002
        ]
      },
      "properties": {
        "attraction_id": "A_56546",
        "kind": "tourism",
        "category": "leisure_park",
        "label": "Leisure / Park",
        "name": "",
        "area_m2": 689.8722076192498,
        "weight": 45.68987220761925,
        "osm_id": 1428265805
      }
    },
    {
      "type": "Feature",
      "geometry": {
        "type": "Point",
        "coordinates": [
          121.53447537058823,
          31.22779010588235
        ]
      },
      "properties": {
        "attraction_id": "A_56559",
        "kind": "tourism",
        "category": "leisure_park",
        "label": "Leisure / Park",
        "name": "",
        "area_m2": 24427.230359204113,
        "weight": 69.42723035920412,
        "osm_id": 1428288598
      }
    },
    {
      "type": "Feature",
      "geometry": {
        "type": "Point",
        "coordinates": [
          121.535660725,
          31.227890575
        ]
      },
      "properties": {
        "attraction_id": "A_56580",
        "kind": "tourism",
        "category": "leisure_park",
        "label": "Leisure / Park",
        "name": "",
        "area_m2": 763.0491293221712,
        "weight": 45.76304912932217,
        "osm_id": 1428288656
      }
    },
    {
      "type": "Feature",
      "geometry": {
        "type": "Point",
        "coordinates": [
          121.535730375,
          31.22760565
        ]
      },
      "properties": {
        "attraction_id": "A_56581",
        "kind": "tourism",
        "category": "leisure_park",
        "label": "Leisure / Park",
        "name": "",
        "area_m2": 392.66875344514847,
        "weight": 45.39266875344515,
        "osm_id": 1428288657
      }
    },
    {
      "type": "Feature",
      "geometry": {
        "type": "Point",
        "coordinates": [
          121.535853625,
          31.227681525
        ]
      },
      "properties": {
        "attraction_id": "A_56582",
        "kind": "tourism",
        "category": "leisure_park",
        "label": "Leisure / Park",
        "name": "",
        "area_m2": 249.65002787858248,
        "weight": 45.24965002787858,
        "osm_id": 1428288658
      }
    },
    {
      "type": "Feature",
      "geometry": {
        "type": "Point",
        "coordinates": [
          121.5288280625,
          31.217866025
        ]
      },
      "properties": {
        "attraction_id": "A_56592",
        "kind": "tourism",
        "category": "hotel_tourism",
        "label": "Hotel / Tourism",
        "name": "上海浦东中心万枫酒店",
        "area_m2": 704.9315495714545,
        "weight": 42.049315495714545,
        "osm_id": 1429506852
      }
    },
    {
      "type": "Feature",
      "geometry": {
        "type": "Point",
        "coordinates": [
          121.52603614,
          31.219023019999998
        ]
      },
      "properties": {
        "attraction_id": "A_56612",
        "kind": "tourism",
        "category": "hotel_tourism",
        "label": "Hotel / Tourism",
        "name": "如家精选酒店",
        "area_m2": 914.7363087236881,
        "weight": 44.14736308723688,
        "osm_id": 1429506909
      }
    },
    {
      "type": "Feature",
      "geometry": {
        "type": "Point",
        "coordinates": [
          121.52646977142857,
          31.217181885714286
        ]
      },
      "properties": {
        "attraction_id": "A_56620",
        "kind": "tourism",
        "category": "hotel_tourism",
        "label": "Hotel / Tourism",
        "name": "如家商旅酒店",
        "area_m2": 819.6154571995139,
        "weight": 43.19615457199514,
        "osm_id": 1429506930
      }
    },
    {
      "type": "Feature",
      "geometry": {
        "type": "Point",
        "coordinates": [
          121.5263006,
          31.217646633333334
        ]
      },
      "properties": {
        "attraction_id": "A_56623",
        "kind": "tourism",
        "category": "hotel_tourism",
        "label": "Hotel / Tourism",
        "name": "建国璞隐酒店",
        "area_m2": 994.4296880438924,
        "weight": 44.94429688043893,
        "osm_id": 1429506934
      }
    },
    {
      "type": "Feature",
      "geometry": {
        "type": "Point",
        "coordinates": [
          121.51195065,
          31.228503225
        ]
      },
      "properties": {
        "attraction_id": "A_56643",
        "kind": "tourism",
        "category": "hotel_tourism",
        "label": "Hotel / Tourism",
        "name": "上海好运来青年旅舍",
        "area_m2": 97.29958251863718,
        "weight": 35.97299582518637,
        "osm_id": 1429697218
      }
    },
    {
      "type": "Feature",
      "geometry": {
        "type": "Point",
        "coordinates": [
          121.51104225,
          31.226002625
        ]
      },
      "properties": {
        "attraction_id": "A_56663",
        "kind": "tourism",
        "category": "leisure_park",
        "label": "Leisure / Park",
        "name": "",
        "area_m2": 1450.1781746447086,
        "weight": 46.450178174644705,
        "osm_id": 1429697245
      }
    },
    {
      "type": "Feature",
      "geometry": {
        "type": "Point",
        "coordinates": [
          121.51157814000001,
          31.225214440000002
        ]
      },
      "properties": {
        "attraction_id": "A_56664",
        "kind": "tourism",
        "category": "leisure_park",
        "label": "Leisure / Park",
        "name": "",
        "area_m2": 1466.4885278642178,
        "weight": 46.466488527864215,
        "osm_id": 1429697246
      }
    },
    {
      "type": "Feature",
      "geometry": {
        "type": "Point",
        "coordinates": [
          121.5129407125,
          31.2253213125
        ]
      },
      "properties": {
        "attraction_id": "A_56667",
        "kind": "tourism",
        "category": "hotel_tourism",
        "label": "Hotel / Tourism",
        "name": "全季酒店",
        "area_m2": 1440.5621078312397,
        "weight": 49.40562107831239,
        "osm_id": 1429697251
      }
    },
    {
      "type": "Feature",
      "geometry": {
        "type": "Point",
        "coordinates": [
          121.50952726428571,
          31.225539957142853
        ]
      },
      "properties": {
        "attraction_id": "A_56677",
        "kind": "tourism",
        "category": "leisure_park",
        "label": "Leisure / Park",
        "name": "鑫园",
        "area_m2": 12804.341259337962,
        "weight": 57.80434125933796,
        "osm_id": 1429697274
      }
    },
    {
      "type": "Feature",
      "geometry": {
        "type": "Point",
        "coordinates": [
          121.50979466666666,
          31.2272269
        ]
      },
      "properties": {
        "attraction_id": "A_56695",
        "kind": "tourism",
        "category": "hotel_tourism",
        "label": "Hotel / Tourism",
        "name": "亚朵X酒店",
        "area_m2": 1416.807471998036,
        "weight": 49.16807471998036,
        "osm_id": 1429697292
      }
    },
    {
      "type": "Feature",
      "geometry": {
        "type": "Point",
        "coordinates": [
          121.50864571500001,
          31.224167440000002
        ]
      },
      "properties": {
        "attraction_id": "A_56711",
        "kind": "tourism",
        "category": "leisure_park",
        "label": "Leisure / Park",
        "name": "",
        "area_m2": 1258.7822952121496,
        "weight": 46.25878229521215,
        "osm_id": 1429697328
      }
    },
    {
      "type": "Feature",
      "geometry": {
        "type": "Point",
        "coordinates": [
          121.51085365,
          31.222088175
        ]
      },
      "properties": {
        "attraction_id": "A_56730",
        "kind": "tourism",
        "category": "leisure_park",
        "label": "Leisure / Park",
        "name": "",
        "area_m2": 1951.562126480043,
        "weight": 46.95156212648004,
        "osm_id": 1429697404
      }
    },
    {
      "type": "Feature",
      "geometry": {
        "type": "Point",
        "coordinates": [
          121.510884475,
          31.2218324
        ]
      },
      "properties": {
        "attraction_id": "A_56731",
        "kind": "tourism",
        "category": "leisure_park",
        "label": "Leisure / Park",
        "name": "",
        "area_m2": 716.0736596062779,
        "weight": 45.71607365960628,
        "osm_id": 1429697405
      }
    },
    {
      "type": "Feature",
      "geometry": {
        "type": "Point",
        "coordinates": [
          121.51129725,
          31.2218217
        ]
      },
      "properties": {
        "attraction_id": "A_56732",
        "kind": "tourism",
        "category": "leisure_park",
        "label": "Leisure / Park",
        "name": "",
        "area_m2": 779.7695043161511,
        "weight": 45.77976950431615,
        "osm_id": 1429697406
      }
    },
    {
      "type": "Feature",
      "geometry": {
        "type": "Point",
        "coordinates": [
          121.50784353333334,
          31.232889416666666
        ]
      },
      "properties": {
        "attraction_id": "A_56746",
        "kind": "tourism",
        "category": "leisure_park",
        "label": "Leisure / Park",
        "name": "",
        "area_m2": 2106.434908531606,
        "weight": 47.106434908531604,
        "osm_id": 1429734776
      }
    },
    {
      "type": "Feature",
      "geometry": {
        "type": "Point",
        "coordinates": [
          121.507624275,
          31.23299035
        ]
      },
      "properties": {
        "attraction_id": "A_56747",
        "kind": "tourism",
        "category": "leisure_park",
        "label": "Leisure / Park",
        "name": "",
        "area_m2": 383.9737227112055,
        "weight": 45.383973722711204,
        "osm_id": 1429734777
      }
    },
    {
      "type": "Feature",
      "geometry": {
        "type": "Point",
        "coordinates": [
          121.513554475,
          31.221968375
        ]
      },
      "properties": {
        "attraction_id": "A_56781",
        "kind": "tourism",
        "category": "leisure_park",
        "label": "Leisure / Park",
        "name": "",
        "area_m2": 789.264211833477,
        "weight": 45.789264211833476,
        "osm_id": 1429734853
      }
    },
    {
      "type": "Feature",
      "geometry": {
        "type": "Point",
        "coordinates": [
          121.516072425,
          31.220923149999997
        ]
      },
      "properties": {
        "attraction_id": "A_56895",
        "kind": "tourism",
        "category": "leisure_park",
        "label": "Leisure / Park",
        "name": "",
        "area_m2": 815.855371363461,
        "weight": 45.81585537136346,
        "osm_id": 1429735018
      }
    },
    {
      "type": "Feature",
      "geometry": {
        "type": "Point",
        "coordinates": [
          121.51656661666668,
          31.22113416666667
        ]
      },
      "properties": {
        "attraction_id": "A_56896",
        "kind": "tourism",
        "category": "leisure_park",
        "label": "Leisure / Park",
        "name": "",
        "area_m2": 325.6155294701457,
        "weight": 45.32561552947015,
        "osm_id": 1429735019
      }
    },
    {
      "type": "Feature",
      "geometry": {
        "type": "Point",
        "coordinates": [
          121.41988246000001,
          31.2186941
        ]
      },
      "properties": {
        "attraction_id": "A_56903",
        "kind": "tourism",
        "category": "leisure_park",
        "label": "Leisure / Park",
        "name": "",
        "area_m2": 937.6956885242835,
        "weight": 45.937695688524286,
        "osm_id": 1429738256
      }
    },
    {
      "type": "Feature",
      "geometry": {
        "type": "Point",
        "coordinates": [
          121.4196221,
          31.21833795
        ]
      },
      "properties": {
        "attraction_id": "A_56905",
        "kind": "tourism",
        "category": "leisure_park",
        "label": "Leisure / Park",
        "name": "",
        "area_m2": 486.99371743481606,
        "weight": 45.486993717434814,
        "osm_id": 1429738260
      }
    },
    {
      "type": "Feature",
      "geometry": {
        "type": "Point",
        "coordinates": [
          121.42084849999999,
          31.21893006
        ]
      },
      "properties": {
        "attraction_id": "A_56907",
        "kind": "tourism",
        "category": "leisure_park",
        "label": "Leisure / Park",
        "name": "",
        "area_m2": 103.61368694715202,
        "weight": 45.10361368694715,
        "osm_id": 1429738274
      }
    },
    {
      "type": "Feature",
      "geometry": {
        "type": "Point",
        "coordinates": [
          121.42371966666667,
          31.220551933333336
        ]
      },
      "properties": {
        "attraction_id": "A_56912",
        "kind": "tourism",
        "category": "leisure_park",
        "label": "Leisure / Park",
        "name": "",
        "area_m2": 118.0287088882178,
        "weight": 45.11802870888822,
        "osm_id": 1429738286
      }
    },
    {
      "type": "Feature",
      "geometry": {
        "type": "Point",
        "coordinates": [
          121.518876725,
          31.224750075
        ]
      },
      "properties": {
        "attraction_id": "A_56993",
        "kind": "tourism",
        "category": "leisure_park",
        "label": "Leisure / Park",
        "name": "",
        "area_m2": 340.135754019022,
        "weight": 45.34013575401902,
        "osm_id": 1429905619
      }
    },
    {
      "type": "Feature",
      "geometry": {
        "type": "Point",
        "coordinates": [
          121.51958542857143,
          31.223995000000002
        ]
      },
      "properties": {
        "attraction_id": "A_57024",
        "kind": "tourism",
        "category": "leisure_park",
        "label": "Leisure / Park",
        "name": "",
        "area_m2": 5098.832709237933,
        "weight": 50.09883270923793,
        "osm_id": 1429905651
      }
    },
    {
      "type": "Feature",
      "geometry": {
        "type": "Point",
        "coordinates": [
          121.51853815,
          31.223209666666666
        ]
      },
      "properties": {
        "attraction_id": "A_57027",
        "kind": "tourism",
        "category": "leisure_park",
        "label": "Leisure / Park",
        "name": "",
        "area_m2": 1184.7082830369473,
        "weight": 46.18470828303695,
        "osm_id": 1429905654
      }
    },
    {
      "type": "Feature",
      "geometry": {
        "type": "Point",
        "coordinates": [
          121.52053601666667,
          31.222693858333333
        ]
      },
      "properties": {
        "attraction_id": "A_57029",
        "kind": "tourism",
        "category": "hotel_tourism",
        "label": "Hotel / Tourism",
        "name": "桔子酒店",
        "area_m2": 942.3815995231271,
        "weight": 44.42381599523127,
        "osm_id": 1429905659
      }
    },
    {
      "type": "Feature",
      "geometry": {
        "type": "Point",
        "coordinates": [
          121.5225987,
          31.22372524
        ]
      },
      "properties": {
        "attraction_id": "A_57123",
        "kind": "tourism",
        "category": "leisure_park",
        "label": "Leisure / Park",
        "name": "",
        "area_m2": 2229.9959385097027,
        "weight": 47.2299959385097,
        "osm_id": 1429905784
      }
    },
    {
      "type": "Feature",
      "geometry": {
        "type": "Point",
        "coordinates": [
          121.522496675,
          31.22535315
        ]
      },
      "properties": {
        "attraction_id": "A_57124",
        "kind": "tourism",
        "category": "leisure_park",
        "label": "Leisure / Park",
        "name": "",
        "area_m2": 1903.2851229161024,
        "weight": 46.9032851229161,
        "osm_id": 1429905795
      }
    },
    {
      "type": "Feature",
      "geometry": {
        "type": "Point",
        "coordinates": [
          121.52069325,
          31.225398650000002
        ]
      },
      "properties": {
        "attraction_id": "A_57136",
        "kind": "tourism",
        "category": "leisure_park",
        "label": "Leisure / Park",
        "name": "",
        "area_m2": 81.90637091547251,
        "weight": 45.08190637091547,
        "osm_id": 1429905812
      }
    },
    {
      "type": "Feature",
      "geometry": {
        "type": "Point",
        "coordinates": [
          121.52196771999999,
          31.22383966
        ]
      },
      "properties": {
        "attraction_id": "A_57139",
        "kind": "tourism",
        "category": "leisure_park",
        "label": "Leisure / Park",
        "name": "",
        "area_m2": 1858.2043003067374,
        "weight": 46.85820430030674,
        "osm_id": 1429905815
      }
    },
    {
      "type": "Feature",
      "geometry": {
        "type": "Point",
        "coordinates": [
          121.52278565,
          31.22135685
        ]
      },
      "properties": {
        "attraction_id": "A_57182",
        "kind": "tourism",
        "category": "leisure_park",
        "label": "Leisure / Park",
        "name": "",
        "area_m2": 1759.4633524343371,
        "weight": 46.75946335243434,
        "osm_id": 1429929293
      }
    },
    {
      "type": "Feature",
      "geometry": {
        "type": "Point",
        "coordinates": [
          121.520011725,
          31.2207914
        ]
      },
      "properties": {
        "attraction_id": "A_57235",
        "kind": "tourism",
        "category": "leisure_park",
        "label": "Leisure / Park",
        "name": "",
        "area_m2": 286.16396798193455,
        "weight": 45.286163967981935,
        "osm_id": 1429929367
      }
    },
    {
      "type": "Feature",
      "geometry": {
        "type": "Point",
        "coordinates": [
          121.521030975,
          31.219069975
        ]
      },
      "properties": {
        "attraction_id": "A_57253",
        "kind": "tourism",
        "category": "hotel_tourism",
        "label": "Hotel / Tourism",
        "name": "上海南泉大酒店",
        "area_m2": 413.77453576028347,
        "weight": 39.13774535760284,
        "osm_id": 1429929392
      }
    },
    {
      "type": "Feature",
      "geometry": {
        "type": "Point",
        "coordinates": [
          121.521820775,
          31.2198943
        ]
      },
      "properties": {
        "attraction_id": "A_57275",
        "kind": "tourism",
        "category": "leisure_park",
        "label": "Leisure / Park",
        "name": "",
        "area_m2": 424.3229535445571,
        "weight": 45.424322953544554,
        "osm_id": 1429929441
      }
    },
    {
      "type": "Feature",
      "geometry": {
        "type": "Point",
        "coordinates": [
          121.52200859999999,
          31.2201453
        ]
      },
      "properties": {
        "attraction_id": "A_57276",
        "kind": "tourism",
        "category": "leisure_park",
        "label": "Leisure / Park",
        "name": "",
        "area_m2": 1003.2218694314361,
        "weight": 46.003221869431435,
        "osm_id": 1429929442
      }
    },
    {
      "type": "Feature",
      "geometry": {
        "type": "Point",
        "coordinates": [
          121.51820190000001,
          31.21977348333333
        ]
      },
      "properties": {
        "attraction_id": "A_57344",
        "kind": "tourism",
        "category": "leisure_park",
        "label": "Leisure / Park",
        "name": "",
        "area_m2": 452.49331019073725,
        "weight": 45.45249331019074,
        "osm_id": 1429938632
      }
    },
    {
      "type": "Feature",
      "geometry": {
        "type": "Point",
        "coordinates": [
          121.51802415,
          31.220204925
        ]
      },
      "properties": {
        "attraction_id": "A_57347",
        "kind": "tourism",
        "category": "leisure_park",
        "label": "Leisure / Park",
        "name": "",
        "area_m2": 1310.7611257508397,
        "weight": 46.31076112575084,
        "osm_id": 1429938635
      }
    },
    {
      "type": "Feature",
      "geometry": {
        "type": "Point",
        "coordinates": [
          121.51391855,
          31.217402349999997
        ]
      },
      "properties": {
        "attraction_id": "A_57369",
        "kind": "tourism",
        "category": "hotel_tourism",
        "label": "Hotel / Tourism",
        "name": "上海浦东大酒店",
        "area_m2": 1724.2526301667094,
        "weight": 52.2425263016671,
        "osm_id": 1429938675
      }
    },
    {
      "type": "Feature",
      "geometry": {
        "type": "Point",
        "coordinates": [
          121.51152952,
          31.218250060000003
        ]
      },
      "properties": {
        "attraction_id": "A_57390",
        "kind": "tourism",
        "category": "leisure_park",
        "label": "Leisure / Park",
        "name": "",
        "area_m2": 2939.162117175758,
        "weight": 47.939162117175755,
        "osm_id": 1429938717
      }
    },
    {
      "type": "Feature",
      "geometry": {
        "type": "Point",
        "coordinates": [
          121.41597925454545,
          31.155289509090906
        ]
      },
      "properties": {
        "attraction_id": "A_57397",
        "kind": "tourism",
        "category": "leisure_park",
        "label": "Leisure / Park",
        "name": "康健绿苑",
        "area_m2": 10711.843776966212,
        "weight": 55.71184377696621,
        "osm_id": 1430475329
      }
    },
    {
      "type": "Feature",
      "geometry": {
        "type": "Point",
        "coordinates": [
          121.43020445,
          31.149117525
        ]
      },
      "properties": {
        "attraction_id": "A_57413",
        "kind": "tourism",
        "category": "leisure_park",
        "label": "Leisure / Park",
        "name": "",
        "area_m2": 3134.435231580399,
        "weight": 48.1344352315804,
        "osm_id": 1431188401
      }
    },
    {
      "type": "Feature",
      "geometry": {
        "type": "Point",
        "coordinates": [
          121.5291291,
          31.192008700000002
        ]
      },
      "properties": {
        "attraction_id": "A_57434",
        "kind": "tourism",
        "category": "leisure_park",
        "label": "Leisure / Park",
        "name": "",
        "area_m2": 3265.041784696281,
        "weight": 48.26504178469628,
        "osm_id": 1431214009
      }
    },
    {
      "type": "Feature",
      "geometry": {
        "type": "Point",
        "coordinates": [
          121.53468755,
          31.1913577
        ]
      },
      "properties": {
        "attraction_id": "A_57437",
        "kind": "tourism",
        "category": "leisure_park",
        "label": "Leisure / Park",
        "name": "",
        "area_m2": 670.1768982633948,
        "weight": 45.67017689826339,
        "osm_id": 1431214027
      }
    },
    {
      "type": "Feature",
      "geometry": {
        "type": "Point",
        "coordinates": [
          121.43455895,
          31.235926675
        ]
      },
      "properties": {
        "attraction_id": "A_57628",
        "kind": "tourism",
        "category": "leisure_park",
        "label": "Leisure / Park",
        "name": "",
        "area_m2": 5331.500276464969,
        "weight": 50.33150027646497,
        "osm_id": 1432760483
      }
    },
    {
      "type": "Feature",
      "geometry": {
        "type": "Point",
        "coordinates": [
          121.433652575,
          31.235308075
        ]
      },
      "properties": {
        "attraction_id": "A_57629",
        "kind": "tourism",
        "category": "leisure_park",
        "label": "Leisure / Park",
        "name": "",
        "area_m2": 570.508809549734,
        "weight": 45.570508809549736,
        "osm_id": 1432760484
      }
    },
    {
      "type": "Feature",
      "geometry": {
        "type": "Point",
        "coordinates": [
          121.43383165,
          31.23536785
        ]
      },
      "properties": {
        "attraction_id": "A_57630",
        "kind": "tourism",
        "category": "leisure_park",
        "label": "Leisure / Park",
        "name": "",
        "area_m2": 573.3711207546294,
        "weight": 45.57337112075463,
        "osm_id": 1432760485
      }
    },
    {
      "type": "Feature",
      "geometry": {
        "type": "Point",
        "coordinates": [
          121.55864606666667,
          31.217265533333332
        ]
      },
      "properties": {
        "attraction_id": "A_57656",
        "kind": "tourism",
        "category": "leisure_park",
        "label": "Leisure / Park",
        "name": "",
        "area_m2": 3031.551226608455,
        "weight": 48.03155122660846,
        "osm_id": 1433572018
      }
    },
    {
      "type": "Feature",
      "geometry": {
        "type": "Point",
        "coordinates": [
          121.55665535,
          31.21443655
        ]
      },
      "properties": {
        "attraction_id": "A_57659",
        "kind": "tourism",
        "category": "leisure_park",
        "label": "Leisure / Park",
        "name": "",
        "area_m2": 679.7782819345593,
        "weight": 45.67977828193456,
        "osm_id": 1433572021
      }
    },
    {
      "type": "Feature",
      "geometry": {
        "type": "Point",
        "coordinates": [
          121.55683547999999,
          31.214463419999998
        ]
      },
      "properties": {
        "attraction_id": "A_57660",
        "kind": "tourism",
        "category": "leisure_park",
        "label": "Leisure / Park",
        "name": "",
        "area_m2": 429.0788592994213,
        "weight": 45.42907885929942,
        "osm_id": 1433572022
      }
    },
    {
      "type": "Feature",
      "geometry": {
        "type": "Point",
        "coordinates": [
          121.537223025,
          31.231023200000003
        ]
      },
      "properties": {
        "attraction_id": "A_58612",
        "kind": "tourism",
        "category": "leisure_park",
        "label": "Leisure / Park",
        "name": "",
        "area_m2": 607.699383020401,
        "weight": 45.6076993830204,
        "osm_id": 1435300684
      }
    },
    {
      "type": "Feature",
      "geometry": {
        "type": "Point",
        "coordinates": [
          121.537227325,
          31.229444275
        ]
      },
      "properties": {
        "attraction_id": "A_58615",
        "kind": "tourism",
        "category": "leisure_park",
        "label": "Leisure / Park",
        "name": "",
        "area_m2": 452.8757025152445,
        "weight": 45.45287570251524,
        "osm_id": 1435300703
      }
    },
    {
      "type": "Feature",
      "geometry": {
        "type": "Point",
        "coordinates": [
          121.53094018181818,
          31.21310351818182
        ]
      },
      "properties": {
        "attraction_id": "A_58643",
        "kind": "tourism",
        "category": "hotel_tourism",
        "label": "Hotel / Tourism",
        "name": "东锦江索菲特商务公寓",
        "area_m2": 2318.3932953178883,
        "weight": 58.18393295317888,
        "osm_id": 1435346751
      }
    },
    {
      "type": "Feature",
      "geometry": {
        "type": "Point",
        "coordinates": [
          121.530918625,
          31.21269435
        ]
      },
      "properties": {
        "attraction_id": "A_58646",
        "kind": "tourism",
        "category": "leisure_park",
        "label": "Leisure / Park",
        "name": "",
        "area_m2": 459.016504175961,
        "weight": 45.45901650417596,
        "osm_id": 1435346755
      }
    },
    {
      "type": "Feature",
      "geometry": {
        "type": "Point",
        "coordinates": [
          121.5345018,
          31.2160171
        ]
      },
      "properties": {
        "attraction_id": "A_58657",
        "kind": "tourism",
        "category": "leisure_park",
        "label": "Leisure / Park",
        "name": "",
        "area_m2": 1421.148777358234,
        "weight": 46.42114877735823,
        "osm_id": 1435346810
      }
    },
    {
      "type": "Feature",
      "geometry": {
        "type": "Point",
        "coordinates": [
          121.53465575,
          31.216403575
        ]
      },
      "properties": {
        "attraction_id": "A_58658",
        "kind": "tourism",
        "category": "leisure_park",
        "label": "Leisure / Park",
        "name": "",
        "area_m2": 362.04494965076447,
        "weight": 45.362044949650766,
        "osm_id": 1435346811
      }
    },
    {
      "type": "Feature",
      "geometry": {
        "type": "Point",
        "coordinates": [
          121.53665125185186,
          31.216441933333336
        ]
      },
      "properties": {
        "attraction_id": "A_58665",
        "kind": "tourism",
        "category": "leisure_park",
        "label": "Leisure / Park",
        "name": "",
        "area_m2": 13033.629817336798,
        "weight": 58.0336298173368,
        "osm_id": 1435346836
      }
    },
    {
      "type": "Feature",
      "geometry": {
        "type": "Point",
        "coordinates": [
          121.5493457,
          31.2235089
        ]
      },
      "properties": {
        "attraction_id": "A_58713",
        "kind": "tourism",
        "category": "leisure_park",
        "label": "Leisure / Park",
        "name": "",
        "area_m2": 619.5879632681608,
        "weight": 45.61958796326816,
        "osm_id": 1435592514
      }
    },
    {
      "type": "Feature",
      "geometry": {
        "type": "Point",
        "coordinates": [
          121.54856099142859,
          31.22360638
        ]
      },
      "properties": {
        "attraction_id": "A_58714",
        "kind": "tourism",
        "category": "leisure_park",
        "label": "Leisure / Park",
        "name": "",
        "area_m2": 23313.57805196196,
        "weight": 68.31357805196195,
        "osm_id": 1435592524
      }
    },
    {
      "type": "Feature",
      "geometry": {
        "type": "Point",
        "coordinates": [
          121.550036525,
          31.223621899999998
        ]
      },
      "properties": {
        "attraction_id": "A_58733",
        "kind": "tourism",
        "category": "leisure_park",
        "label": "Leisure / Park",
        "name": "",
        "area_m2": 728.9709008485079,
        "weight": 45.72897090084851,
        "osm_id": 1435592562
      }
    },
    {
      "type": "Feature",
      "geometry": {
        "type": "Point",
        "coordinates": [
          121.55058173,
          31.224907495000004
        ]
      },
      "properties": {
        "attraction_id": "A_58735",
        "kind": "tourism",
        "category": "leisure_park",
        "label": "Leisure / Park",
        "name": "",
        "area_m2": 316.85671401023865,
        "weight": 45.316856714010235,
        "osm_id": 1435592564
      }
    },
    {
      "type": "Feature",
      "geometry": {
        "type": "Point",
        "coordinates": [
          121.552497775,
          31.226270275
        ]
      },
      "properties": {
        "attraction_id": "A_58765",
        "kind": "tourism",
        "category": "leisure_park",
        "label": "Leisure / Park",
        "name": "",
        "area_m2": 1210.916839748621,
        "weight": 46.21091683974862,
        "osm_id": 1435597886
      }
    },
    {
      "type": "Feature",
      "geometry": {
        "type": "Point",
        "coordinates": [
          121.55342491875,
          31.2257285625
        ]
      },
      "properties": {
        "attraction_id": "A_58767",
        "kind": "tourism",
        "category": "leisure_park",
        "label": "Leisure / Park",
        "name": "",
        "area_m2": 24765.311846733093,
        "weight": 69.7653118467331,
        "osm_id": 1435597898
      }
    },
    {
      "type": "Feature",
      "geometry": {
        "type": "Point",
        "coordinates": [
          121.557648675,
          31.2281334
        ]
      },
      "properties": {
        "attraction_id": "A_58768",
        "kind": "tourism",
        "category": "leisure_park",
        "label": "Leisure / Park",
        "name": "",
        "area_m2": 761.7622260153294,
        "weight": 45.76176222601533,
        "osm_id": 1435597906
      }
    },
    {
      "type": "Feature",
      "geometry": {
        "type": "Point",
        "coordinates": [
          121.5600343,
          31.22924
        ]
      },
      "properties": {
        "attraction_id": "A_58780",
        "kind": "tourism",
        "category": "leisure_park",
        "label": "Leisure / Park",
        "name": "",
        "area_m2": 567.2605273425579,
        "weight": 45.567260527342555,
        "osm_id": 1435602934
      }
    },
    {
      "type": "Feature",
      "geometry": {
        "type": "Point",
        "coordinates": [
          121.5576743,
          31.230670875
        ]
      },
      "properties": {
        "attraction_id": "A_58781",
        "kind": "tourism",
        "category": "leisure_park",
        "label": "Leisure / Park",
        "name": "",
        "area_m2": 846.2117742449045,
        "weight": 45.84621177424491,
        "osm_id": 1435602938
      }
    },
    {
      "type": "Feature",
      "geometry": {
        "type": "Point",
        "coordinates": [
          121.55861403611112,
          31.23035932222222
        ]
      },
      "properties": {
        "attraction_id": "A_58786",
        "kind": "tourism",
        "category": "leisure_park",
        "label": "Leisure / Park",
        "name": "",
        "area_m2": 29072.82681412995,
        "weight": 74.07282681412995,
        "osm_id": 1435602948
      }
    },
    {
      "type": "Feature",
      "geometry": {
        "type": "Point",
        "coordinates": [
          121.557372,
          31.231884425
        ]
      },
      "properties": {
        "attraction_id": "A_58787",
        "kind": "tourism",
        "category": "leisure_park",
        "label": "Leisure / Park",
        "name": "",
        "area_m2": 1097.1777558624744,
        "weight": 46.097177755862475,
        "osm_id": 1435602952
      }
    },
    {
      "type": "Feature",
      "geometry": {
        "type": "Point",
        "coordinates": [
          121.55920896,
          31.23444188
        ]
      },
      "properties": {
        "attraction_id": "A_58789",
        "kind": "tourism",
        "category": "leisure_park",
        "label": "Leisure / Park",
        "name": "",
        "area_m2": 678.4518553167582,
        "weight": 45.67845185531676,
        "osm_id": 1435607102
      }
    },
    {
      "type": "Feature",
      "geometry": {
        "type": "Point",
        "coordinates": [
          121.55937328,
          31.23452408
        ]
      },
      "properties": {
        "attraction_id": "A_58790",
        "kind": "tourism",
        "category": "leisure_park",
        "label": "Leisure / Park",
        "name": "",
        "area_m2": 678.5153769105673,
        "weight": 45.67851537691057,
        "osm_id": 1435607103
      }
    },
    {
      "type": "Feature",
      "geometry": {
        "type": "Point",
        "coordinates": [
          121.55758562857143,
          31.23477844285714
        ]
      },
      "properties": {
        "attraction_id": "A_58791",
        "kind": "tourism",
        "category": "leisure_park",
        "label": "Leisure / Park",
        "name": "",
        "area_m2": 19850.545988753438,
        "weight": 64.85054598875344,
        "osm_id": 1435607143
      }
    },
    {
      "type": "Feature",
      "geometry": {
        "type": "Point",
        "coordinates": [
          121.55099425,
          31.23116285
        ]
      },
      "properties": {
        "attraction_id": "A_58811",
        "kind": "tourism",
        "category": "leisure_park",
        "label": "Leisure / Park",
        "name": "",
        "area_m2": 684.8293760716915,
        "weight": 45.68482937607169,
        "osm_id": 1435621266
      }
    },
    {
      "type": "Feature",
      "geometry": {
        "type": "Point",
        "coordinates": [
          121.549319225,
          31.228991524999998
        ]
      },
      "properties": {
        "attraction_id": "A_58815",
        "kind": "tourism",
        "category": "leisure_park",
        "label": "Leisure / Park",
        "name": "",
        "area_m2": 663.5909195393324,
        "weight": 45.66359091953933,
        "osm_id": 1435621287
      }
    },
    {
      "type": "Feature",
      "geometry": {
        "type": "Point",
        "coordinates": [
          121.5473566,
          31.2356187
        ]
      },
      "properties": {
        "attraction_id": "A_58875",
        "kind": "tourism",
        "category": "leisure_park",
        "label": "Leisure / Park",
        "name": "",
        "area_m2": 1093.7638018876314,
        "weight": 46.09376380188763,
        "osm_id": 1435835884
      }
    },
    {
      "type": "Feature",
      "geometry": {
        "type": "Point",
        "coordinates": [
          121.5475304,
          31.237531985714288
        ]
      },
      "properties": {
        "attraction_id": "A_58890",
        "kind": "tourism",
        "category": "leisure_park",
        "label": "Leisure / Park",
        "name": "",
        "area_m2": 1602.2563772946596,
        "weight": 46.60225637729466,
        "osm_id": 1435835961
      }
    },
    {
      "type": "Feature",
      "geometry": {
        "type": "Point",
        "coordinates": [
          121.46718468888889,
          31.229202744444446
        ]
      },
      "properties": {
        "attraction_id": "A_58974",
        "kind": "tourism",
        "category": "leisure_park",
        "label": "Leisure / Park",
        "name": "",
        "area_m2": 3242.2511816732585,
        "weight": 48.24225118167326,
        "osm_id": 1448275458
      }
    },
    {
      "type": "Feature",
      "geometry": {
        "type": "Point",
        "coordinates": [
          121.49336357857143,
          31.186655264285715
        ]
      },
      "properties": {
        "attraction_id": "A_59126",
        "kind": "tourism",
        "category": "leisure_park",
        "label": "Leisure / Park",
        "name": "飓龙棒球中心",
        "area_m2": 6121.754098147154,
        "weight": 51.12175409814715,
        "osm_id": 1461436628
      }
    },
    {
      "type": "Feature",
      "geometry": {
        "type": "Point",
        "coordinates": [
          121.49511306666666,
          31.188310883333333
        ]
      },
      "properties": {
        "attraction_id": "A_59127",
        "kind": "tourism",
        "category": "leisure_park",
        "label": "Leisure / Park",
        "name": "锐那篮球羽毛球馆",
        "area_m2": 2427.0207633562386,
        "weight": 47.42702076335624,
        "osm_id": 1461436629
      }
    },
    {
      "type": "Feature",
      "geometry": {
        "type": "Point",
        "coordinates": [
          121.49683242727274,
          31.190292781818183
        ]
      },
      "properties": {
        "attraction_id": "A_59130",
        "kind": "tourism",
        "category": "leisure_park",
        "label": "Leisure / Park",
        "name": "",
        "area_m2": 11301.758338667452,
        "weight": 56.301758338667454,
        "osm_id": 1461436633
      }
    },
    {
      "type": "Feature",
      "geometry": {
        "type": "Point",
        "coordinates": [
          121.49752696923078,
          31.18829443846154
        ]
      },
      "properties": {
        "attraction_id": "A_59131",
        "kind": "tourism",
        "category": "leisure_park",
        "label": "Leisure / Park",
        "name": "",
        "area_m2": 11350.423207752407,
        "weight": 56.35042320775241,
        "osm_id": 1461436634
      }
    },
    {
      "type": "Feature",
      "geometry": {
        "type": "Point",
        "coordinates": [
          121.42458694444446,
          31.225416833333334
        ]
      },
      "properties": {
        "attraction_id": "A_59150",
        "kind": "tourism",
        "category": "leisure_park",
        "label": "Leisure / Park",
        "name": "",
        "area_m2": 1415.3995251767337,
        "weight": 46.41539952517673,
        "osm_id": 1463399443
      }
    },
    {
      "type": "Feature",
      "geometry": {
        "type": "Point",
        "coordinates": [
          121.43608819090909,
          31.24387990909091
        ]
      },
      "properties": {
        "attraction_id": "A_59187",
        "kind": "commercial",
        "category": "retail_service",
        "label": "Retail / Service",
        "name": "189购物中心",
        "area_m2": 3254.278909366578,
        "weight": 60.67848636708222,
        "osm_id": 1463869600
      }
    },
    {
      "type": "Feature",
      "geometry": {
        "type": "Point",
        "coordinates": [
          121.43798826363636,
          31.24328322272727
        ]
      },
      "properties": {
        "attraction_id": "A_59196",
        "kind": "commercial",
        "category": "retail_service",
        "label": "Retail / Service",
        "name": "鑫意生活广场",
        "area_m2": 2819.8046660497785,
        "weight": 55.24755832562223,
        "osm_id": 1464060922
      }
    },
    {
      "type": "Feature",
      "geometry": {
        "type": "Point",
        "coordinates": [
          121.438010075,
          31.24895995
        ]
      },
      "properties": {
        "attraction_id": "A_59219",
        "kind": "tourism",
        "category": "hotel_tourism",
        "label": "Hotel / Tourism",
        "name": "顾正红纪念馆",
        "area_m2": 174.7641819640994,
        "weight": 36.747641819641,
        "osm_id": 1464284524
      }
    },
    {
      "type": "Feature",
      "geometry": {
        "type": "Point",
        "coordinates": [
          121.43104908571429,
          31.24075435714286
        ]
      },
      "properties": {
        "attraction_id": "A_59288",
        "kind": "tourism",
        "category": "leisure_park",
        "label": "Leisure / Park",
        "name": "",
        "area_m2": 1727.2507732771337,
        "weight": 46.727250773277134,
        "osm_id": 1464593698
      }
    },
    {
      "type": "Feature",
      "geometry": {
        "type": "Point",
        "coordinates": [
          121.43043157058823,
          31.240341976470592
        ]
      },
      "properties": {
        "attraction_id": "A_59291",
        "kind": "tourism",
        "category": "hotel_tourism",
        "label": "Hotel / Tourism",
        "name": "安曼纳卓悦大酒店",
        "area_m2": 984.8178314398974,
        "weight": 44.84817831439897,
        "osm_id": 1464593701
      }
    },
    {
      "type": "Feature",
      "geometry": {
        "type": "Point",
        "coordinates": [
          121.4289431875,
          31.2413974875
        ]
      },
      "properties": {
        "attraction_id": "A_59301",
        "kind": "tourism",
        "category": "leisure_park",
        "label": "Leisure / Park",
        "name": "",
        "area_m2": 481.3329849354923,
        "weight": 45.48133298493549,
        "osm_id": 1464593717
      }
    },
    {
      "type": "Feature",
      "geometry": {
        "type": "Point",
        "coordinates": [
          121.4297436,
          31.2389359
        ]
      },
      "properties": {
        "attraction_id": "A_59386",
        "kind": "commercial",
        "category": "retail_service",
        "label": "Retail / Service",
        "name": "半岛休闲广场",
        "area_m2": 4037.3585333414376,
        "weight": 70.46698166676796,
        "osm_id": 1465283060
      }
    },
    {
      "type": "Feature",
      "geometry": {
        "type": "Point",
        "coordinates": [
          121.52907814444444,
          31.222722655555554
        ]
      },
      "properties": {
        "attraction_id": "A_59398",
        "kind": "tourism",
        "category": "leisure_park",
        "label": "Leisure / Park",
        "name": "",
        "area_m2": 252.20004675537348,
        "weight": 45.25220004675538,
        "osm_id": 1465345236
      }
    },
    {
      "type": "Feature",
      "geometry": {
        "type": "Point",
        "coordinates": [
          121.52897790000002,
          31.22250038333333
        ]
      },
      "properties": {
        "attraction_id": "A_59399",
        "kind": "tourism",
        "category": "leisure_park",
        "label": "Leisure / Park",
        "name": "",
        "area_m2": 200.36878406256437,
        "weight": 45.20036878406256,
        "osm_id": 1465345237
      }
    },
    {
      "type": "Feature",
      "geometry": {
        "type": "Point",
        "coordinates": [
          121.52905625,
          31.222302066666668
        ]
      },
      "properties": {
        "attraction_id": "A_59400",
        "kind": "tourism",
        "category": "leisure_park",
        "label": "Leisure / Park",
        "name": "",
        "area_m2": 125.21774756163359,
        "weight": 45.125217747561635,
        "osm_id": 1465345238
      }
    },
    {
      "type": "Feature",
      "geometry": {
        "type": "Point",
        "coordinates": [
          121.52911522,
          31.222127
        ]
      },
      "properties": {
        "attraction_id": "A_59401",
        "kind": "tourism",
        "category": "leisure_park",
        "label": "Leisure / Park",
        "name": "",
        "area_m2": 65.82194808870554,
        "weight": 45.065821948088704,
        "osm_id": 1465345239
      }
    },
    {
      "type": "Feature",
      "geometry": {
        "type": "Point",
        "coordinates": [
          121.529496025,
          31.222471791666667
        ]
      },
      "properties": {
        "attraction_id": "A_59402",
        "kind": "tourism",
        "category": "leisure_park",
        "label": "Leisure / Park",
        "name": "",
        "area_m2": 1044.795850329101,
        "weight": 46.0447958503291,
        "osm_id": 1465345240
      }
    },
    {
      "type": "Feature",
      "geometry": {
        "type": "Point",
        "coordinates": [
          121.43141679285714,
          31.238769957142857
        ]
      },
      "properties": {
        "attraction_id": "A_59412",
        "kind": "tourism",
        "category": "leisure_park",
        "label": "Leisure / Park",
        "name": "",
        "area_m2": 2870.169249491766,
        "weight": 47.87016924949177,
        "osm_id": 1465355210
      }
    },
    {
      "type": "Feature",
      "geometry": {
        "type": "Point",
        "coordinates": [
          121.432828,
          31.2408834875
        ]
      },
      "properties": {
        "attraction_id": "A_59452",
        "kind": "commercial",
        "category": "retail_service",
        "label": "Retail / Service",
        "name": "亚新生活广场",
        "area_m2": 16738.00132253021,
        "weight": 229.22501653162763,
        "osm_id": 1465526815
      }
    },
    {
      "type": "Feature",
      "geometry": {
        "type": "Point",
        "coordinates": [
          121.428749025,
          31.2276518
        ]
      },
      "properties": {
        "attraction_id": "A_59460",
        "kind": "tourism",
        "category": "leisure_park",
        "label": "Leisure / Park",
        "name": "",
        "area_m2": 334.33971591852605,
        "weight": 45.334339715918524,
        "osm_id": 1466004295
      }
    },
    {
      "type": "Feature",
      "geometry": {
        "type": "Point",
        "coordinates": [
          121.4289888,
          31.227604925
        ]
      },
      "properties": {
        "attraction_id": "A_59461",
        "kind": "tourism",
        "category": "leisure_park",
        "label": "Leisure / Park",
        "name": "",
        "area_m2": 171.80940403044224,
        "weight": 45.17180940403044,
        "osm_id": 1466004296
      }
    },
    {
      "type": "Feature",
      "geometry": {
        "type": "Point",
        "coordinates": [
          121.426977,
          31.228216225
        ]
      },
      "properties": {
        "attraction_id": "A_59487",
        "kind": "tourism",
        "category": "leisure_park",
        "label": "Leisure / Park",
        "name": "",
        "area_m2": 239.06056052446365,
        "weight": 45.239060560524464,
        "osm_id": 1466133517
      }
    },
    {
      "type": "Feature",
      "geometry": {
        "type": "Point",
        "coordinates": [
          121.42717139999999,
          31.228362125
        ]
      },
      "properties": {
        "attraction_id": "A_59488",
        "kind": "tourism",
        "category": "leisure_park",
        "label": "Leisure / Park",
        "name": "",
        "area_m2": 239.060560522601,
        "weight": 45.2390605605226,
        "osm_id": 1466133518
      }
    },
    {
      "type": "Feature",
      "geometry": {
        "type": "Point",
        "coordinates": [
          121.44546906000001,
          31.24141832
        ]
      },
      "properties": {
        "attraction_id": "A_59576",
        "kind": "tourism",
        "category": "leisure_park",
        "label": "Leisure / Park",
        "name": "",
        "area_m2": 5200.7475238107145,
        "weight": 50.20074752381071,
        "osm_id": 1467237180
      }
    },
    {
      "type": "Feature",
      "geometry": {
        "type": "Point",
        "coordinates": [
          121.48511545,
          31.1964297
        ]
      },
      "properties": {
        "attraction_id": "A_59676",
        "kind": "tourism",
        "category": "leisure_park",
        "label": "Leisure / Park",
        "name": "",
        "area_m2": 1722.149840824306,
        "weight": 46.72214984082431,
        "osm_id": 1467986576
      }
    },
    {
      "type": "Feature",
      "geometry": {
        "type": "Point",
        "coordinates": [
          121.4557414,
          31.243258275000002
        ]
      },
      "properties": {
        "attraction_id": "A_59778",
        "kind": "tourism",
        "category": "leisure_park",
        "label": "Leisure / Park",
        "name": "",
        "area_m2": 115.34385804086924,
        "weight": 45.115343858040866,
        "osm_id": 1468817496
      }
    },
    {
      "type": "Feature",
      "geometry": {
        "type": "Point",
        "coordinates": [
          121.548297975,
          31.2033377
        ]
      },
      "properties": {
        "attraction_id": "A_59790",
        "kind": "tourism",
        "category": "leisure_park",
        "label": "Leisure / Park",
        "name": "",
        "area_m2": 1210.237890765071,
        "weight": 46.21023789076507,
        "osm_id": 1472449588
      }
    },
    {
      "type": "Feature",
      "geometry": {
        "type": "Point",
        "coordinates": [
          121.52990768,
          31.236750280000003
        ]
      },
      "properties": {
        "attraction_id": "A_59801",
        "kind": "tourism",
        "category": "leisure_park",
        "label": "Leisure / Park",
        "name": "",
        "area_m2": 429.17706244438887,
        "weight": 45.42917706244439,
        "osm_id": 1478750043
      }
    },
    {
      "type": "Feature",
      "geometry": {
        "type": "Point",
        "coordinates": [
          121.53004095,
          31.236651425
        ]
      },
      "properties": {
        "attraction_id": "A_59802",
        "kind": "tourism",
        "category": "leisure_park",
        "label": "Leisure / Park",
        "name": "",
        "area_m2": 244.47641666978598,
        "weight": 45.244476416669784,
        "osm_id": 1478750044
      }
    },
    {
      "type": "Feature",
      "geometry": {
        "type": "Point",
        "coordinates": [
          121.530107725,
          31.236521625
        ]
      },
      "properties": {
        "attraction_id": "A_59803",
        "kind": "tourism",
        "category": "leisure_park",
        "label": "Leisure / Park",
        "name": "",
        "area_m2": 185.8199300840497,
        "weight": 45.18581993008405,
        "osm_id": 1478750045
      }
    },
    {
      "type": "Feature",
      "geometry": {
        "type": "Point",
        "coordinates": [
          121.5300931,
          31.23638422
        ]
      },
      "properties": {
        "attraction_id": "A_59804",
        "kind": "tourism",
        "category": "leisure_park",
        "label": "Leisure / Park",
        "name": "",
        "area_m2": 468.3265413567424,
        "weight": 45.468326541356745,
        "osm_id": 1478750046
      }
    },
    {
      "type": "Feature",
      "geometry": {
        "type": "Point",
        "coordinates": [
          121.52990185,
          31.23660215
        ]
      },
      "properties": {
        "attraction_id": "A_59805",
        "kind": "tourism",
        "category": "leisure_park",
        "label": "Leisure / Park",
        "name": "",
        "area_m2": 263.8518553003669,
        "weight": 45.263851855300366,
        "osm_id": 1478750047
      }
    },
    {
      "type": "Feature",
      "geometry": {
        "type": "Point",
        "coordinates": [
          121.52996875,
          31.236471075
        ]
      },
      "properties": {
        "attraction_id": "A_59806",
        "kind": "tourism",
        "category": "leisure_park",
        "label": "Leisure / Park",
        "name": "",
        "area_m2": 209.86075492948294,
        "weight": 45.20986075492948,
        "osm_id": 1478750048
      }
    },
    {
      "type": "Feature",
      "geometry": {
        "type": "Point",
        "coordinates": [
          121.529661075,
          31.2370087
        ]
      },
      "properties": {
        "attraction_id": "A_59807",
        "kind": "tourism",
        "category": "leisure_park",
        "label": "Leisure / Park",
        "name": "",
        "area_m2": 796.1347481310368,
        "weight": 45.79613474813104,
        "osm_id": 1478750049
      }
    },
    {
      "type": "Feature",
      "geometry": {
        "type": "Point",
        "coordinates": [
          121.4781316,
          31.252467749999997
        ]
      },
      "properties": {
        "attraction_id": "A_59815",
        "kind": "tourism",
        "category": "hotel_tourism",
        "label": "Hotel / Tourism",
        "name": "",
        "area_m2": 204.11692345887423,
        "weight": 37.04116923458874,
        "osm_id": 1482845686
      }
    },
    {
      "type": "Feature",
      "geometry": {
        "type": "Point",
        "coordinates": [
          121.40180525,
          31.194493425
        ]
      },
      "properties": {
        "attraction_id": "A_59817",
        "kind": "tourism",
        "category": "leisure_park",
        "label": "Leisure / Park",
        "name": "",
        "area_m2": 462.20879056304693,
        "weight": 45.46220879056305,
        "osm_id": 1483835255
      }
    },
    {
      "type": "Feature",
      "geometry": {
        "type": "Point",
        "coordinates": [
          121.401998925,
          31.19445205
        ]
      },
      "properties": {
        "attraction_id": "A_59818",
        "kind": "tourism",
        "category": "leisure_park",
        "label": "Leisure / Park",
        "name": "",
        "area_m2": 420.26541635836475,
        "weight": 45.42026541635836,
        "osm_id": 1483835256
      }
    },
    {
      "type": "Feature",
      "geometry": {
        "type": "Point",
        "coordinates": [
          121.55550888888888,
          31.2459674
        ]
      },
      "properties": {
        "attraction_id": "A_59828",
        "kind": "tourism",
        "category": "leisure_park",
        "label": "Leisure / Park",
        "name": "跑道",
        "area_m2": 5480.516972377896,
        "weight": 50.4805169723779,
        "osm_id": 1487124701
      }
    },
    {
      "type": "Feature",
      "geometry": {
        "type": "Point",
        "coordinates": [
          121.45312525,
          31.1829729
        ]
      },
      "properties": {
        "attraction_id": "A_59866",
        "kind": "tourism",
        "category": "leisure_park",
        "label": "Leisure / Park",
        "name": "",
        "area_m2": 1354.335061635822,
        "weight": 46.35433506163582,
        "osm_id": 1497058203
      }
    },
    {
      "type": "Feature",
      "geometry": {
        "type": "Point",
        "coordinates": [
          121.4533579,
          31.1827761
        ]
      },
      "properties": {
        "attraction_id": "A_59867",
        "kind": "tourism",
        "category": "leisure_park",
        "label": "Leisure / Park",
        "name": "",
        "area_m2": 30.819368083029985,
        "weight": 45.03081936808303,
        "osm_id": 1497058204
      }
    },
    {
      "type": "Feature",
      "geometry": {
        "type": "Point",
        "coordinates": [
          121.45339343333335,
          31.1828187
        ]
      },
      "properties": {
        "attraction_id": "A_59868",
        "kind": "tourism",
        "category": "leisure_park",
        "label": "Leisure / Park",
        "name": "",
        "area_m2": 27.21932284347713,
        "weight": 45.02721932284348,
        "osm_id": 1497058205
      }
    },
    {
      "type": "Feature",
      "geometry": {
        "type": "Point",
        "coordinates": [
          121.402058875,
          31.147769675
        ]
      },
      "properties": {
        "attraction_id": "A_59879",
        "kind": "tourism",
        "category": "hotel_tourism",
        "label": "Hotel / Tourism",
        "name": "亚朵酒店",
        "area_m2": 1246.0336743505177,
        "weight": 47.46033674350518,
        "osm_id": 1499898109
      }
    },
    {
      "type": "Feature",
      "geometry": {
        "type": "Point",
        "coordinates": [
          121.40541315,
          31.14477361666667
        ]
      },
      "properties": {
        "attraction_id": "A_59882",
        "kind": "tourism",
        "category": "hotel_tourism",
        "label": "Hotel / Tourism",
        "name": "全季酒店",
        "area_m2": 891.3117007011024,
        "weight": 43.913117007011024,
        "osm_id": 1499898113
      }
    },
    {
      "type": "Feature",
      "geometry": {
        "type": "Point",
        "coordinates": [
          121.50307528666667,
          31.216572826666667
        ]
      },
      "properties": {
        "attraction_id": "A_59888",
        "kind": "tourism",
        "category": "leisure_park",
        "label": "Leisure / Park",
        "name": "",
        "area_m2": 7155.300793834031,
        "weight": 52.15530079383403,
        "osm_id": 1501426667
      }
    },
    {
      "type": "Feature",
      "geometry": {
        "type": "Point",
        "coordinates": [
          121.4273258,
          31.157955025
        ]
      },
      "properties": {
        "attraction_id": "A_59895",
        "kind": "tourism",
        "category": "leisure_park",
        "label": "Leisure / Park",
        "name": "瑞趣网球俱乐部万科店",
        "area_m2": 839.6678449520841,
        "weight": 45.83966784495208,
        "osm_id": 1502717638
      }
    },
    {
      "type": "Feature",
      "geometry": {
        "type": "Point",
        "coordinates": [
          121.42831595,
          31.153823449999997
        ]
      },
      "properties": {
        "attraction_id": "A_59896",
        "kind": "tourism",
        "category": "leisure_park",
        "label": "Leisure / Park",
        "name": "瑞趣网球俱乐部南站店",
        "area_m2": 421.00067691877484,
        "weight": 45.42100067691877,
        "osm_id": 1502719406
      }
    },
    {
      "type": "Feature",
      "geometry": {
        "type": "Point",
        "coordinates": [
          121.42081585,
          31.2038433
        ]
      },
      "properties": {
        "attraction_id": "A_59898",
        "kind": "tourism",
        "category": "leisure_park",
        "label": "Leisure / Park",
        "name": "",
        "area_m2": 221.5903997514397,
        "weight": 45.22159039975144,
        "osm_id": 1504295438
      }
    },
    {
      "type": "Feature",
      "geometry": {
        "type": "Point",
        "coordinates": [
          121.47797392941177,
          31.210728688235296
        ]
      },
      "properties": {
        "attraction_id": "A_59907",
        "kind": "tourism",
        "category": "leisure_park",
        "label": "Leisure / Park",
        "name": "操场",
        "area_m2": 3002.621190223843,
        "weight": 48.00262119022384,
        "osm_id": 1510972563
      }
    },
    {
      "type": "Feature",
      "geometry": {
        "type": "Point",
        "coordinates": [
          121.477125325,
          31.210598575
        ]
      },
      "properties": {
        "attraction_id": "A_59911",
        "kind": "tourism",
        "category": "leisure_park",
        "label": "Leisure / Park",
        "name": "下沉式广场",
        "area_m2": 924.2173856645823,
        "weight": 45.92421738566458,
        "osm_id": 1510972567
      }
    },
    {
      "type": "Feature",
      "geometry": {
        "type": "Point",
        "coordinates": [
          121.40782953333333,
          31.248460566666665
        ]
      },
      "properties": {
        "attraction_id": "A_59918",
        "kind": "tourism",
        "category": "leisure_park",
        "label": "Leisure / Park",
        "name": "",
        "area_m2": 36111.137505246326,
        "weight": 81.11113750524632,
        "osm_id": 1511441994
      }
    },
    {
      "type": "Feature",
      "geometry": {
        "type": "Point",
        "coordinates": [
          121.45058122142858,
          31.14716667857143
        ]
      },
      "properties": {
        "attraction_id": "A_59919",
        "kind": "tourism",
        "category": "leisure_park",
        "label": "Leisure / Park",
        "name": "",
        "area_m2": 16577.885355831124,
        "weight": 61.57788535583113,
        "osm_id": 1512144627
      }
    },
    {
      "type": "Feature",
      "geometry": {
        "type": "Point",
        "coordinates": [
          121.4514387,
          31.15060775
        ]
      },
      "properties": {
        "attraction_id": "A_59920",
        "kind": "tourism",
        "category": "leisure_park",
        "label": "Leisure / Park",
        "name": "",
        "area_m2": 420.6088116164319,
        "weight": 45.42060881161643,
        "osm_id": 1512144628
      }
    },
    {
      "type": "Feature",
      "geometry": {
        "type": "Point",
        "coordinates": [
          121.4775598,
          31.203966100000002
        ]
      },
      "properties": {
        "attraction_id": "A_60056",
        "kind": "tourism",
        "category": "leisure_park",
        "label": "Leisure / Park",
        "name": "操场",
        "area_m2": 1887.5022563934326,
        "weight": 46.88750225639343,
        "osm_id": 1512480748
      }
    }
  ]
}