keep_edge_quantile,max_selected_edges,min_selected_stations,max_node_degree,leaf_prune_rounds,protected_top_stations,weak_leaf_conductance_quantile,selected_stations,selected_edges,covered_value,total_length_km,max_edge_km,branch_nodes,leaf_nodes,components,max_turn_deg,mean_conductance,horizontal_edges,vertical_edges,diagonal_edges,vertical_edge_share,horizontal_edge_share,metro_like_score,balanced_score,coverage_score,grid_score
0.58,28,28,2,0,14,0.3,22,21,6044981.31,40.88401141183786,3.3976493114369943,1,3,1,133.70445953224188,2.511794751572629,9,2,10,0.09523809523809523,0.42857142857142855,139.71694555404278,-47.55715630950885,278.17843792857144,245.29987540000002
0.58,28,28,2,0,18,0.3,22,21,6044981.31,40.88401141183786,3.3976493114369943,1,3,1,133.70445953224188,2.511794751572629,9,2,10,0.09523809523809523,0.42857142857142855,139.71694555404278,-47.55715630950885,278.17843792857144,245.29987540000002
0.58,34,28,2,0,14,0.3,22,21,6044981.31,40.88401141183786,3.3976493114369943,1,3,1,133.70445953224188,2.511794751572629,9,2,10,0.09523809523809523,0.42857142857142855,139.71694555404278,-47.55715630950885,278.17843792857144,245.29987540000002
0.58,34,28,2,0,18,0.3,22,21,6044981.31,40.88401141183786,3.3976493114369943,1,3,1,133.70445953224188,2.511794751572629,9,2,10,0.09523809523809523,0.42857142857142855,139.71694555404278,-47.55715630950885,278.17843792857144,245.29987540000002
0.58,40,28,2,0,14,0.3,22,21,6044981.31,40.88401141183786,3.3976493114369943,1,3,1,133.70445953224188,2.511794751572629,9,2,10,0.09523809523809523,0.42857142857142855,139.71694555404278,-47.55715630950885,278.17843792857144,245.29987540000002
0.58,40,28,2,0,18,0.3,22,21,6044981.31,40.88401141183786,3.3976493114369943,1,3,1,133.70445953224188,2.511794751572629,9,2,10,0.09523809523809523,0.42857142857142855,139.71694555404278,-47.55715630950885,278.17843792857144,245.29987540000002
0.58,46,28,2,0,14,0.3,22,21,6044981.31,40.88401141183786,3.3976493114369943,1,3,1,133.70445953224188,2.511794751572629,9,2,10,0.09523809523809523,0.42857142857142855,139.71694555404278,-47.55715630950885,278.17843792857144,245.29987540000002
0.58,46,28,2,0,18,0.3,22,21,6044981.31,40.88401141183786,3.3976493114369943,1,3,1,133.70445953224188,2.511794751572629,9,2,10,0.09523809523809523,0.42857142857142855,139.71694555404278,-47.55715630950885,278.17843792857144,245.29987540000002
0.63,28,28,2,0,14,0.3,22,21,6044981.31,40.88401141183786,3.3976493114369943,1,3,1,133.70445953224188,2.511794751572629,9,2,10,0.09523809523809523,0.42857142857142855,139.71694555404278,-47.55715630950885,278.17843792857144,245.29987540000002
0.63,28,28,2,0,18,0.3,22,21,6044981.31,40.88401141183786,3.3976493114369943,1,3,1,133.70445953224188,2.511794751572629,9,2,10,0.09523809523809523,0.42857142857142855,139.71694555404278,-47.55715630950885,278.17843792857144,245.29987540000002
0.63,28,34,2,0,14,0.3,22,21,6044981.31,40.88401141183786,3.3976493114369943,1,3,1,133.70445953224188,2.511794751572629,9,2,10,0.09523809523809523,0.42857142857142855,139.71694555404278,-47.55715630950885,278.17843792857144,245.29987540000002
0.63,28,34,2,0,18,0.3,22,21,6044981.31,40.88401141183786,3.3976493114369943,1,3,1,133.70445953224188,2.511794751572629,9,2,10,0.09523809523809523,0.42857142857142855,139.71694555404278,-47.55715630950885,278.17843792857144,245.29987540000002
0.63,28,40,2,0,14,0.3,22,21,6044981.31,40.88401141183786,3.3976493114369943,1,3,1,133.70445953224188,2.511794751572629,9,2,10,0.09523809523809523,0.42857142857142855,139.71694555404278,-47.55715630950885,278.17843792857144,245.29987540000002
0.63,28,40,2,0,18,0.3,22,21,6044981.31,40.88401141183786,3.3976493114369943,1,3,1,133.70445953224188,2.511794751572629,9,2,10,0.09523809523809523,0.42857142857142855,139.71694555404278,-47.55715630950885,278.17843792857144,245.29987540000002
0.63,34,28,2,0,14,0.3,22,21,6044981.31,40.88401141183786,3.3976493114369943,1,3,1,133.70445953224188,2.511794751572629,9,2,10,0.09523809523809523,0.42857142857142855,139.71694555404278,-47.55715630950885,278.17843792857144,245.29987540000002
0.63,34,28,2,0,18,0.3,22,21,6044981.31,40.88401141183786,3.3976493114369943,1,3,1,133.70445953224188,2.511794751572629,9,2,10,0.09523809523809523,0.42857142857142855,139.71694555404278,-47.55715630950885,278.17843792857144,245.29987540000002
0.63,34,34,2,0,14,0.3,22,21,6044981.31,40.88401141183786,3.3976493114369943,1,3,1,133.70445953224188,2.511794751572629,9,2,10,0.09523809523809523,0.42857142857142855,139.71694555404278,-47.55715630950885,278.17843792857144,245.29987540000002
0.63,34,34,2,0,18,0.3,22,21,6044981.31,40.88401141183786,3.3976493114369943,1,3,1,133.70445953224188,2.511794751572629,9,2,10,0.09523809523809523,0.42857142857142855,139.71694555404278,-47.55715630950885,278.17843792857144,245.29987540000002
0.63,34,40,2,0,14,0.3,22,21,6044981.31,40.88401141183786,3.3976493114369943,1,3,1,133.70445953224188,2.511794751572629,9,2,10,0.09523809523809523,0.42857142857142855,139.71694555404278,-47.55715630950885,278.17843792857144,245.29987540000002
0.63,34,40,2,0,18,0.3,22,21,6044981.31,40.88401141183786,3.3976493114369943,1,3,1,133.70445953224188,2.511794751572629,9,2,10,0.09523809523809523,0.42857142857142855,139.71694555404278,-47.55715630950885,278.17843792857144,245.29987540000002
0.63,40,28,2,0,14,0.3,22,21,6044981.31,40.88401141183786,3.3976493114369943,1,3,1,133.70445953224188,2.511794751572629,9,2,10,0.09523809523809523,0.42857142857142855,139.71694555404278,-47.55715630950885,278.17843792857144,245.29987540000002
0.63,40,28,2,0,18,0.3,22,21,6044981.31,40.88401141183786,3.3976493114369943,1,3,1,133.70445953224188,2.511794751572629,9,2,10,0.09523809523809523,0.42857142857142855,139.71694555404278,-47.55715630950885,278.17843792857144,245.29987540000002
0.63,40,34,2,0,14,0.3,22,21,6044981.31,40.88401141183786,3.3976493114369943,1,3,1,133.70445953224188,2.511794751572629,9,2,10,0.09523809523809523,0.42857142857142855,139.71694555404278,-47.55715630950885,278.17843792857144,245.29987540000002
0.63,40,34,2,0,18,0.3,22,21,6044981.31,40.88401141183786,3.3976493114369943,1,3,1,133.70445953224188,2.511794751572629,9,2,10,0.09523809523809523,0.42857142857142855,139.71694555404278,-47.55715630950885,278.17843792857144,245.29987540000002
0.63,40,40,2,0,14,0.3,22,21,6044981.31,40.88401141183786,3.3976493114369943,1,3,1,133.70445953224188,2.511794751572629,9,2,10,0.09523809523809523,0.42857142857142855,139.71694555404278,-47.55715630950885,278.17843792857144,245.29987540000002
0.63,40,40,2,0,18,0.3,22,21,6044981.31,40.88401141183786,3.3976493114369943,1,3,1,133.70445953224188,2.511794751572629,9,2,10,0.09523809523809523,0.42857142857142855,139.71694555404278,-47.55715630950885,278.17843792857144,245.29987540000002
0.63,46,28,2,0,14,0.3,22,21,6044981.31,40.88401141183786,3.3976493114369943,1,3,1,133.70445953224188,2.511794751572629,9,2,10,0.09523809523809523,0.42857142857142855,139.71694555404278,-47.55715630950885,278.17843792857144,245.29987540000002
0.63,46,28,2,0,18,0.3,22,21,6044981.31,40.88401141183786,3.3976493114369943,1,3,1,133.70445953224188,2.511794751572629,9,2,10,0.09523809523809523,0.42857142857142855,139.71694555404278,-47.55715630950885,278.17843792857144,245.29987540000002
0.63,46,34,2,0,14,0.3,22,21,6044981.31,40.88401141183786,3.3976493114369943,1,3,1,133.70445953224188,2.511794751572629,9,2,10,0.09523809523809523,0.42857142857142855,139.71694555404278,-47.55715630950885,278.17843792857144,245.29987540000002
0.63,46,34,2,0,18,0.3,22,21,6044981.31,40.88401141183786,3.3976493114369943,1,3,1,133.70445953224188,2.511794751572629,9,2,10,0.09523809523809523,0.42857142857142855,139.71694555404278,-47.55715630950885,278.17843792857144,245.29987540000002
0.63,46,40,2,0,14,0.3,22,21,6044981.31,40.88401141183786,3.3976493114369943,1,3,1,133.70445953224188,2.511794751572629,9,2,10,0.09523809523809523,0.42857142857142855,139.71694555404278,-47.55715630950885,278.17843792857144,245.29987540000002
0.63,46,40,2,0,18,0.3,22,21,6044981.31,40.88401141183786,3.3976493114369943,1,3,1,133.70445953224188,2.511794751572629,9,2,10,0.09523809523809523,0.42857142857142855,139.71694555404278,-47.55715630950885,278.17843792857144,245.29987540000002
0.68,28,28,2,0,14,0.3,22,21,6044981.31,40.88401141183786,3.3976493114369943,1,3,1,133.70445953224188,2.511794751572629,9,2,10,0.09523809523809523,0.42857142857142855,139.71694555404278,-47.55715630950885,278.17843792857144,245.29987540000002
0.68,28,28,2,0,18,0.3,22,21,6044981.31,40.88401141183786,3.3976493114369943,1,3,1,133.70445953224188,2.511794751572629,9,2,10,0.09523809523809523,0.42857142857142855,139.71694555404278,-47.55715630950885,278.17843792857144,245.29987540000002
0.68,28,34,2,0,14,0.3,22,21,6044981.31,40.88401141183786,3.3976493114369943,1,3,1,133.70445953224188,2.511794751572629,9,2,10,0.09523809523809523,0.42857142857142855,139.71694555404278,-47.55715630950885,278.17843792857144,245.29987540000002
0.68,28,34,2,0,18,0.3,22,21,6044981.31,40.88401141183786,3.3976493114369943,1,3,1,133.70445953224188,2.511794751572629,9,2,10,0.09523809523809523,0.42857142857142855,139.71694555404278,-47.55715630950885,278.17843792857144,245.29987540000002
0.68,28,40,2,0,14,0.3,22,21,6044981.31,40.88401141183786,3.3976493114369943,1,3,1,133.70445953224188,2.511794751572629,9,2,10,0.09523809523809523,0.42857142857142855,139.71694555404278,-47.55715630950885,278.17843792857144,245.29987540000002
0.68,28,40,2,0,18,0.3,22,21,6044981.31,40.88401141183786,3.3976493114369943,1,3,1,133.70445953224188,2.511794751572629,9,2,10,0.09523809523809523,0.42857142857142855,139.71694555404278,-47.55715630950885,278.17843792857144,245.29987540000002
0.68,34,28,2,0,14,0.3,22,21,6044981.31,40.88401141183786,3.3976493114369943,1,3,1,133.70445953224188,2.511794751572629,9,2,10,0.09523809523809523,0.42857142857142855,139.71694555404278,-47.55715630950885,278.17843792857144,245.29987540000002
0.68,34,28,2,0,18,0.3,22,21,6044981.31,40.88401141183786,3.3976493114369943,1,3,1,133.70445953224188,2.511794751572629,9,2,10,0.09523809523809523,0.42857142857142855,139.71694555404278,-47.55715630950885,278.17843792857144,245.29987540000002
0.68,34,34,2,0,14,0.3,22,21,6044981.31,40.88401141183786,3.3976493114369943,1,3,1,133.70445953224188,2.511794751572629,9,2,10,0.09523809523809523,0.42857142857142855,139.71694555404278,-47.55715630950885,278.17843792857144,245.29987540000002
0.68,34,34,2,0,18,0.3,22,21,6044981.31,40.88401141183786,3.3976493114369943,1,3,1,133.70445953224188,2.511794751572629,9,2,10,0.09523809523809523,0.42857142857142855,139.71694555404278,-47.55715630950885,278.17843792857144,245.29987540000002
0.68,34,40,2,0,14,0.3,22,21,6044981.31,40.88401141183786,3.3976493114369943,1,3,1,133.70445953224188,2.511794751572629,9,2,10,0.09523809523809523,0.42857142857142855,139.71694555404278,-47.55715630950885,278.17843792857144,245.29987540000002
0.68,34,40,2,0,18,0.3,22,21,6044981.31,40.88401141183786,3.3976493114369943,1,3,1,133.70445953224188,2.511794751572629,9,2,10,0.09523809523809523,0.42857142857142855,139.71694555404278,-47.55715630950885,278.17843792857144,245.29987540000002
0.68,40,28,2,0,14,0.3,22,21,6044981.31,40.88401141183786,3.3976493114369943,1,3,1,133.70445953224188,2.511794751572629,9,2,10,0.09523809523809523,0.42857142857142855,139.71694555404278,-47.55715630950885,278.17843792857144,245.29987540000002
0.68,40,28,2,0,18,0.3,22,21,6044981.31,40.88401141183786,3.3976493114369943,1,3,1,133.70445953224188,2.511794751572629,9,2,10,0.09523809523809523,0.42857142857142855,139.71694555404278,-47.55715630950885,278.17843792857144,245.29987540000002
0.68,40,34,2,0,14,0.3,22,21,6044981.31,40.88401141183786,3.3976493114369943,1,3,1,133.70445953224188,2.511794751572629,9,2,10,0.09523809523809523,0.42857142857142855,139.71694555404278,-47.55715630950885,278.17843792857144,245.29987540000002
0.68,40,34,2,0,18,0.3,22,21,6044981.31,40.88401141183786,3.3976493114369943,1,3,1,133.70445953224188,2.511794751572629,9,2,10,0.09523809523809523,0.42857142857142855,139.71694555404278,-47.55715630950885,278.17843792857144,245.29987540000002
0.68,40,40,2,0,14,0.3,22,21,6044981.31,40.88401141183786,3.3976493114369943,1,3,1,133.70445953224188,2.511794751572629,9,2,10,0.09523809523809523,0.42857142857142855,139.71694555404278,-47.55715630950885,278.17843792857144,245.29987540000002
0.68,40,40,2,0,18,0.3,22,21,6044981.31,40.88401141183786,3.3976493114369943,1,3,1,133.70445953224188,2.511794751572629,9,2,10,0.09523809523809523,0.42857142857142855,139.71694555404278,-47.55715630950885,278.17843792857144,245.29987540000002
0.68,46,28,2,0,14,0.3,22,21,6044981.31,40.88401141183786,3.3976493114369943,1,3,1,133.70445953224188,2.511794751572629,9,2,10,0.09523809523809523,0.42857142857142855,139.71694555404278,-47.55715630950885,278.17843792857144,245.29987540000002
0.68,46,28,2,0,18,0.3,22,21,6044981.31,40.88401141183786,3.3976493114369943,1,3,1,133.70445953224188,2.511794751572629,9,2,10,0.09523809523809523,0.42857142857142855,139.71694555404278,-47.55715630950885,278.17843792857144,245.29987540000002
0.68,46,34,2,0,14,0.3,22,21,6044981.31,40.88401141183786,3.3976493114369943,1,3,1,133.70445953224188,2.511794751572629,9,2,10,0.09523809523809523,0.42857142857142855,139.71694555404278,-47.55715630950885,278.17843792857144,245.29987540000002
0.68,46,34,2,0,18,0.3,22,21,6044981.31,40.88401141183786,3.3976493114369943,1,3,1,133.70445953224188,2.511794751572629,9,2,10,0.09523809523809523,0.42857142857142855,139.71694555404278,-47.55715630950885,278.17843792857144,245.29987540000002
0.68,46,40,2,0,14,0.3,22,21,6044981.31,40.88401141183786,3.3976493114369943,1,3,1,133.70445953224188,2.511794751572629,9,2,10,0.09523809523809523,0.42857142857142855,139.71694555404278,-47.55715630950885,278.17843792857144,245.29987540000002
0.68,46,40,2,0,18,0.3,22,21,6044981.31,40.88401141183786,3.3976493114369943,1,3,1,133.70445953224188,2.511794751572629,9,2,10,0.09523809523809523,0.42857142857142855,139.71694555404278,-47.55715630950885,278.17843792857144,245.29987540000002
0.73,28,28,2,0,14,0.3,22,21,6044981.31,40.88401141183786,3.3976493114369943,1,3,1,133.70445953224188,2.511794751572629,9,2,10,0.09523809523809523,0.42857142857142855,139.71694555404278,-47.55715630950885,278.17843792857144,245.29987540000002
0.73,28,28,2,0,18,0.3,22,21,6044981.31,40.88401141183786,3.3976493114369943,1,3,1,133.70445953224188,2.511794751572629,9,2,10,0.09523809523809523,0.42857142857142855,139.71694555404278,-47.55715630950885,278.17843792857144,245.29987540000002
0.73,28,34,2,0,14,0.3,22,21,6044981.31,40.88401141183786,3.3976493114369943,1,3,1,133.70445953224188,2.511794751572629,9,2,10,0.09523809523809523,0.42857142857142855,139.71694555404278,-47.55715630950885,278.17843792857144,245.29987540000002
0.73,28,34,2,0,18,0.3,22,21,6044981.31,40.88401141183786,3.3976493114369943,1,3,1,133.70445953224188,2.511794751572629,9,2,10,0.09523809523809523,0.42857142857142855,139.71694555404278,-47.55715630950885,278.17843792857144,245.29987540000002
0.73,28,40,2,0,14,0.3,22,21,6044981.31,40.88401141183786,3.3976493114369943,1,3,1,133.70445953224188,2.511794751572629,9,2,10,0.09523809523809523,0.42857142857142855,139.71694555404278,-47.55715630950885,278.17843792857144,245.29987540000002
0.73,28,40,2,0,18,0.3,22,21,6044981.31,40.88401141183786,3.3976493114369943,1,3,1,133.70445953224188,2.511794751572629,9,2,10,0.09523809523809523,0.42857142857142855,139.71694555404278,-47.55715630950885,278.17843792857144,245.29987540000002
0.73,34,28,2,0,14,0.3,22,21,6044981.31,40.88401141183786,3.3976493114369943,1,3,1,133.70445953224188,2.511794751572629,9,2,10,0.09523809523809523,0.42857142857142855,139.71694555404278,-47.55715630950885,278.17843792857144,245.29987540000002
0.73,34,28,2,0,18,0.3,22,21,6044981.31,40.88401141183786,3.3976493114369943,1,3,1,133.70445953224188,2.511794751572629,9,2,10,0.09523809523809523,0.42857142857142855,139.71694555404278,-47.55715630950885,278.17843792857144,245.29987540000002
0.73,34,34,2,0,14,0.3,22,21,6044981.31,40.88401141183786,3.3976493114369943,1,3,1,133.70445953224188,2.511794751572629,9,2,10,0.09523809523809523,0.42857142857142855,139.71694555404278,-47.55715630950885,278.17843792857144,245.29987540000002
0.73,34,34,2,0,18,0.3,22,21,6044981.31,40.88401141183786,3.3976493114369943,1,3,1,133.70445953224188,2.511794751572629,9,2,10,0.09523809523809523,0.42857142857142855,139.71694555404278,-47.55715630950885,278.17843792857144,245.29987540000002
0.73,34,40,2,0,14,0.3,22,21,6044981.31,40.88401141183786,3.3976493114369943,1,3,1,133.70445953224188,2.511794751572629,9,2,10,0.09523809523809523,0.42857142857142855,139.71694555404278,-47.55715630950885,278.17843792857144,245.29987540000002
0.73,34,40,2,0,18,0.3,22,21,6044981.31,40.88401141183786,3.3976493114369943,1,3,1,133.70445953224188,2.511794751572629,9,2,10,0.09523809523809523,0.42857142857142855,139.71694555404278,-47.55715630950885,278.17843792857144,245.29987540000002
0.73,40,28,2,0,14,0.3,22,21,6044981.31,40.88401141183786,3.3976493114369943,1,3,1,133.70445953224188,2.511794751572629,9,2,10,0.09523809523809523,0.42857142857142855,139.71694555404278,-47.55715630950885,278.17843792857144,245.29987540000002
0.73,40,28,2,0,18,0.3,22,21,6044981.31,40.88401141183786,3.3976493114369943,1,3,1,133.70445953224188,2.511794751572629,9,2,10,0.09523809523809523,0.42857142857142855,139.71694555404278,-47.55715630950885,278.17843792857144,245.29987540000002
0.73,40,34,2,0,14,0.3,22,21,6044981.31,40.88401141183786,3.3976493114369943,1,3,1,133.70445953224188,2.511794751572629,9,2,10,0.09523809523809523,0.42857142857142855,139.71694555404278,-47.55715630950885,278.17843792857144,245.29987540000002
0.73,40,34,2,0,18,0.3,22,21,6044981.31,40.88401141183786,3.3976493114369943,1,3,1,133.70445953224188,2.511794751572629,9,2,10,0.09523809523809523,0.42857142857142855,139.71694555404278,-47.55715630950885,278.17843792857144,245.29987540000002
0.73,40,40,2,0,14,0.3,22,21,6044981.31,40.88401141183786,3.3976493114369943,1,3,1,133.70445953224188,2.511794751572629,9,2,10,0.09523809523809523,0.42857142857142855,139.71694555404278,-47.55715630950885,278.17843792857144,245.29987540000002
0.73,40,40,2,0,18,0.3,22,21,6044981.31,40.88401141183786,3.3976493114369943,1,3,1,133.70445953224188,2.511794751572629,9,2,10,0.09523809523809523,0.42857142857142855,139.71694555404278,-47.55715630950885,278.17843792857144,245.29987540000002
0.73,46,28,2,0,14,0.3,22,21,6044981.31,40.88401141183786,3.3976493114369943,1,3,1,133.70445953224188,2.511794751572629,9,2,10,0.09523809523809523,0.42857142857142855,139.71694555404278,-47.55715630950885,278.17843792857144,245.29987540000002
0.73,46,28,2,0,18,0.3,22,21,6044981.31,40.88401141183786,3.3976493114369943,1,3,1,133.70445953224188,2.511794751572629,9,2,10,0.09523809523809523,0.42857142857142855,139.71694555404278,-47.55715630950885,278.17843792857144,245.29987540000002
0.73,46,34,2,0,14,0.3,22,21,6044981.31,40.88401141183786,3.3976493114369943,1,3,1,133.70445953224188,2.511794751572629,9,2,10,0.09523809523809523,0.42857142857142855,139.71694555404278,-47.55715630950885,278.17843792857144,245.29987540000002
0.73,46,34,2,0,18,0.3,22,21,6044981.31,40.88401141183786,3.3976493114369943,1,3,1,133.70445953224188,2.511794751572629,9,2,10,0.09523809523809523,0.42857142857142855,139.71694555404278,-47.55715630950885,278.17843792857144,245.29987540000002
0.73,46,40,2,0,14,0.3,22,21,6044981.31,40.88401141183786,3.3976493114369943,1,3,1,133.70445953224188,2.511794751572629,9,2,10,0.09523809523809523,0.42857142857142855,139.71694555404278,-47.55715630950885,278.17843792857144,245.29987540000002
0.73,46,40,2,0,18,0.3,22,21,6044981.31,40.88401141183786,3.3976493114369943,1,3,1,133.70445953224188,2.511794751572629,9,2,10,0.09523809523809523,0.42857142857142855,139.71694555404278,-47.55715630950885,278.17843792857144,245.29987540000002
0.58,28,28,2,0,14,0.45,21,20,5946000.31,39.43701570077969,3.3976493114369943,1,3,1,133.70445953224188,2.5945612586533704,9,2,9,0.1,0.45,130.89210388737612,-56.34900430950885,265.4714307857143,235.64000206666668
0.58,28,28,2,0,18,0.45,21,20,5946000.31,39.43701570077969,3.3976493114369943,1,3,1,133.70445953224188,2.5945612586533704,9,2,9,0.1,0.45,130.89210388737612,-56.34900430950885,265.4714307857143,235.64000206666668
0.58,28,34,2,0,14,0.45,21,20,5946000.31,39.43701570077969,3.3976493114369943,1,3,1,133.70445953224188,2.5945612586533704,9,2,9,0.1,0.45,130.89210388737612,-56.34900430950885,265.4714307857143,235.64000206666668
0.58,28,34,2,0,14,0.6,21,20,5946000.31,39.43701570077969,3.3976493114369943,1,3,1,133.70445953224188,2.5945612586533704,9,2,9,0.1,0.45,130.89210388737612,-56.34900430950885,265.4714307857143,235.64000206666668
0.58,28,34,2,0,18,0.45,21,20,5946000.31,39.43701570077969,3.3976493114369943,1,3,1,133.70445953224188,2.5945612586533704,9,2,9,0.1,0.45,130.89210388737612,-56.34900430950885,265.4714307857143,235.64000206666668
0.58,28,34,2,0,18,0.6,21,20,5946000.31,39.43701570077969,3.3976493114369943,1,3,1,133.70445953224188,2.5945612586533704,9,2,9,0.1,0.45,130.89210388737612,-56.34900430950885,265.4714307857143,235.64000206666668
0.58,28,40,2,0,14,0.45,21,20,5946000.31,39.43701570077969,3.3976493114369943,1,3,1,133.70445953224188,2.5945612586533704,9,2,9,0.1,0.45,130.89210388737612,-56.34900430950885,265.4714307857143,235.64000206666668
0.58,28,40,2,0,14,0.6,21,20,5946000.31,39.43701570077969,3.3976493114369943,1,3,1,133.70445953224188,2.5945612586533704,9,2,9,0.1,0.45,130.89210388737612,-56.34900430950885,265.4714307857143,235.64000206666668
0.58,28,40,2,0,18,0.45,21,20,5946000.31,39.43701570077969,3.3976493114369943,1,3,1,133.70445953224188,2.5945612586533704,9,2,9,0.1,0.45,130.89210388737612,-56.34900430950885,265.4714307857143,235.64000206666668
0.58,28,40,2,0,18,0.6,21,20,5946000.31,39.43701570077969,3.3976493114369943,1,3,1,133.70445953224188,2.5945612586533704,9,2,9,0.1,0.45,130.89210388737612,-56.34900430950885,265.4714307857143,235.64000206666668
0.58,34,28,2,0,14,0.45,21,20,5946000.31,39.43701570077969,3.3976493114369943,1,3,1,133.70445953224188,2.5945612586533704,9,2,9,0.1,0.45,130.89210388737612,-56.34900430950885,265.4714307857143,235.64000206666668
0.58,34,28,2,0,18,0.45,21,20,5946000.31,39.43701570077969,3.3976493114369943,1,3,1,133.70445953224188,2.5945612586533704,9,2,9,0.1,0.45,130.89210388737612,-56.34900430950885,265.4714307857143,235.64000206666668
0.58,34,34,2,0,14,0.45,21,20,5946000.31,39.43701570077969,3.3976493114369943,1,3,1,133.70445953224188,2.5945612586533704,9,2,9,0.1,0.45,130.89210388737612,-56.34900430950885,265.4714307857143,235.64000206666668
0.58,34,34,2,0,14,0.6,21,20,5946000.31,39.43701570077969,3.3976493114369943,1,3,1,133.70445953224188,2.5945612586533704,9,2,9,0.1,0.45,130.89210388737612,-56.34900430950885,265.4714307857143,235.64000206666668
0.58,34,34,2,0,18,0.45,21,20,5946000.31,39.43701570077969,3.3976493114369943,1,3,1,133.70445953224188,2.5945612586533704,9,2,9,0.1,0.45,130.89210388737612,-56.34900430950885,265.4714307857143,235.64000206666668
0.58,34,34,2,0,18,0.6,21,20,5946000.31,39.43701570077969,3.3976493114369943,1,3,1,133.70445953224188,2.5945612586533704,9,2,9,0.1,0.45,130.89210388737612,-56.34900430950885,265.4714307857143,235.64000206666668
0.58,34,40,2,0,14,0.45,21,20,5946000.31,39.43701570077969,3.3976493114369943,1,3,1,133.70445953224188,2.5945612586533704,9,2,9,0.1,0.45,130.89210388737612,-56.34900430950885,265.4714307857143,235.64000206666668
0.58,34,40,2,0,14,0.6,21,20,5946000.31,39.43701570077969,3.3976493114369943,1,3,1,133.70445953224188,2.5945612586533704,9,2,9,0.1,0.45,130.89210388737612,-56.34900430950885,265.4714307857143,235.64000206666668
0.58,34,40,2,0,18,0.45,21,20,5946000.31,39.43701570077969,3.3976493114369943,1,3,1,133.70445953224188,2.5945612586533704,9,2,9,0.1,0.45,130.89210388737612,-56.34900430950885,265.4714307857143,235.64000206666668
0.58,34,40,2,0,18,0.6,21,20,5946000.31,39.43701570077969,3.3976493114369943,1,3,1,133.70445953224188,2.5945612586533704,9,2,9,0.1,0.45,130.89210388737612,-56.34900430950885,265.4714307857143,235.64000206666668
0.58,40,28,2,0,14,0.45,21,20,5946000.31,39.43701570077969,3.3976493114369943,1,3,1,133.70445953224188,2.5945612586533704,9,2,9,0.1,0.45,130.89210388737612,-56.34900430950885,265.4714307857143,235.64000206666668
0.58,40,28,2,0,18,0.45,21,20,5946000.31,39.43701570077969,3.3976493114369943,1,3,1,133.70445953224188,2.5945612586533704,9,2,9,0.1,0.45,130.89210388737612,-56.34900430950885,265.4714307857143,235.64000206666668
0.58,40,34,2,0,14,0.45,21,20,5946000.31,39.43701570077969,3.3976493114369943,1,3,1,133.70445953224188,2.5945612586533704,9,2,9,0.1,0.45,130.89210388737612,-56.34900430950885,265.4714307857143,235.64000206666668
0.58,40,34,2,0,14,0.6,21,20,5946000.31,39.43701570077969,3.3976493114369943,1,3,1,133.70445953224188,2.5945612586533704,9,2,9,0.1,0.45,130.89210388737612,-56.34900430950885,265.4714307857143,235.64000206666668
0.58,40,34,2,0,18,0.45,21,20,5946000.31,39.43701570077969,3.3976493114369943,1,3,1,133.70445953224188,2.5945612586533704,9,2,9,0.1,0.45,130.89210388737612,-56.34900430950885,265.4714307857143,235.64000206666668
0.58,40,34,2,0,18,0.6,21,20,5946000.31,39.43701570077969,3.3976493114369943,1,3,1,133.70445953224188,2.5945612586533704,9,2,9,0.1,0.45,130.89210388737612,-56.34900430950885,265.4714307857143,235.64000206666668
0.58,40,40,2,0,14,0.45,21,20,5946000.31,39.43701570077969,3.3976493114369943,1,3,1,133.70445953224188,2.5945612586533704,9,2,9,0.1,0.45,130.89210388737612,-56.34900430950885,265.4714307857143,235.64000206666668
0.58,40,40,2,0,14,0.6,21,20,5946000.31,39.43701570077969,3.3976493114369943,1,3,1,133.70445953224188,2.5945612586533704,9,2,9,0.1,0.45,130.89210388737612,-56.34900430950885,265.4714307857143,235.64000206666668
0.58,40,40,2,0,18,0.45,21,20,5946000.31,39.43701570077969,3.3976493114369943,1,3,1,133.70445953224188,2.5945612586533704,9,2,9,0.1,0.45,130.89210388737612,-56.34900430950885,265.4714307857143,235.64000206666668
0.58,40,40,2,0,18,0.6,21,20,5946000.31,39.43701570077969,3.3976493114369943,1,3,1,133.70445953224188,2.5945612586533704,9,2,9,0.1,0.45,130.89210388737612,-56.34900430950885,265.4714307857143,235.64000206666668
0.58,46,28,2,0,14,0.45,21,20,5946000.31,39.43701570077969,3.3976493114369943,1,3,1,133.70445953224188,2.5945612586533704,9,2,9,0.1,0.45,130.89210388737612,-56.34900430950885,265.4714307857143,235.64000206666668
0.58,46,28,2,0,18,0.45,21,20,5946000.31,39.43701570077969,3.3976493114369943,1,3,1,133.70445953224188,2.5945612586533704,9,2,9,0.1,0.45,130.89210388737612,-56.34900430950885,265.4714307857143,235.64000206666668
0.58,46,34,2,0,14,0.45,21,20,5946000.31,39.43701570077969,3.3976493114369943,1,3,1,133.70445953224188,2.5945612586533704,9,2,9,0.1,0.45,130.89210388737612,-56.34900430950885,265.4714307857143,235.64000206666668
0.58,46,34,2,0,14,0.6,21,20,5946000.31,39.43701570077969,3.3976493114369943,1,3,1,133.70445953224188,2.5945612586533704,9,2,9,0.1,0.45,130.89210388737612,-56.34900430950885,265.4714307857143,235.64000206666668
0.58,46,34,2,0,18,0.45,21,20,5946000.31,39.43701570077969,3.3976493114369943,1,3,1,133.70445953224188,2.5945612586533704,9,2,9,0.1,0.45,130.89210388737612,-56.34900430950885,265.4714307857143,235.64000206666668
0.58,46,34,2,0,18,0.6,21,20,5946000.31,39.43701570077969,3.3976493114369943,1,3,1,133.70445953224188,2.5945612586533704,9,2,9,0.1,0.45,130.89210388737612,-56.34900430950885,265.4714307857143,235.64000206666668
0.58,46,40,2,0,14,0.45,21,20,5946000.31,39.43701570077969,3.3976493114369943,1,3,1,133.70445953224188,2.5945612586533704,9,2,9,0.1,0.45,130.89210388737612,-56.34900430950885,265.4714307857143,235.64000206666668
0.58,46,40,2,0,14,0.6,21,20,5946000.31,39.43701570077969,3.3976493114369943,1,3,1,133.70445953224188,2.5945612586533704,9,2,9,0.1,0.45,130.89210388737612,-56.34900430950885,265.4714307857143,235.64000206666668
0.58,46,40,2,0,18,0.45,21,20,5946000.31,39.43701570077969,3.3976493114369943,1,3,1,133.70445953224188,2.5945612586533704,9,2,9,0.1,0.45,130.89210388737612,-56.34900430950885,265.4714307857143,235.64000206666668
0.58,46,40,2,0,18,0.6,21,20,5946000.31,39.43701570077969,3.3976493114369943,1,3,1,133.70445953224188,2.5945612586533704,9,2,9,0.1,0.45,130.89210388737612,-56.34900430950885,265.4714307857143,235.64000206666668
0.63,28,28,2,0,14,0.45,21,20,5946000.31,39.43701570077969,3.3976493114369943,1,3,1,133.70445953224188,2.5945612586533704,9,2,9,0.1,0.45,130.89210388737612,-56.34900430950885,265.4714307857143,235.64000206666668
0.63,28,28,2,0,18,0.45,21,20,5946000.31,39.43701570077969,3.3976493114369943,1,3,1,133.70445953224188,2.5945612586533704,9,2,9,0.1,0.45,130.89210388737612,-56.34900430950885,265.4714307857143,235.64000206666668
0.63,28,34,2,0,14,0.45,21,20,5946000.31,39.43701570077969,3.3976493114369943,1,3,1,133.70445953224188,2.5945612586533704,9,2,9,0.1,0.45,130.89210388737612,-56.34900430950885,265.4714307857143,235.64000206666668
0.63,28,34,2,0,18,0.45,21,20,5946000.31,39.43701570077969,3.3976493114369943,1,3,1,133.70445953224188,2.5945612586533704,9,2,9,0.1,0.45,130.89210388737612,-56.34900430950885,265.4714307857143,235.64000206666668
0.63,28,40,2,0,14,0.45,21,20,5946000.31,39.43701570077969,3.3976493114369943,1,3,1,133.70445953224188,2.5945612586533704,9,2,9,0.1,0.45,130.89210388737612,-56.34900430950885,265.4714307857143,235.64000206666668
0.63,28,40,2,0,18,0.45,21,20,5946000.31,39.43701570077969,3.3976493114369943,1,3,1,133.70445953224188,2.5945612586533704,9,2,9,0.1,0.45,130.89210388737612,-56.34900430950885,265.4714307857143,235.64000206666668
0.63,34,28,2,0,14,0.45,21,20,5946000.31,39.43701570077969,3.3976493114369943,1,3,1,133.70445953224188,2.5945612586533704,9,2,9,0.1,0.45,130.89210388737612,-56.34900430950885,265.4714307857143,235.64000206666668
0.63,34,28,2,0,18,0.45,21,20,5946000.31,39.43701570077969,3.3976493114369943,1,3,1,133.70445953224188,2.5945612586533704,9,2,9,0.1,0.45,130.89210388737612,-56.34900430950885,265.4714307857143,235.64000206666668
0.63,34,34,2,0,14,0.45,21,20,5946000.31,39.43701570077969,3.3976493114369943,1,3,1,133.70445953224188,2.5945612586533704,9,2,9,0.1,0.45,130.89210388737612,-56.34900430950885,265.4714307857143,235.64000206666668
0.63,34,34,2,0,18,0.45,21,20,5946000.31,39.43701570077969,3.3976493114369943,1,3,1,133.70445953224188,2.5945612586533704,9,2,9,0.1,0.45,130.89210388737612,-56.34900430950885,265.4714307857143,235.64000206666668
0.63,34,40,2,0,14,0.45,21,20,5946000.31,39.43701570077969,3.3976493114369943,1,3,1,133.70445953224188,2.5945612586533704,9,2,9,0.1,0.45,130.89210388737612,-56.34900430950885,265.4714307857143,235.64000206666668
0.63,34,40,2,0,18,0.45,21,20,5946000.31,39.43701570077969,3.3976493114369943,1,3,1,133.70445953224188,2.5945612586533704,9,2,9,0.1,0.45,130.89210388737612,-56.34900430950885,265.4714307857143,235.64000206666668
0.63,40,28,2,0,14,0.45,21,20,5946000.31,39.43701570077969,3.3976493114369943,1,3,1,133.70445953224188,2.5945612586533704,9,2,9,0.1,0.45,130.89210388737612,-56.34900430950885,265.4714307857143,235.64000206666668
0.63,40,28,2,0,18,0.45,21,20,5946000.31,39.43701570077969,3.3976493114369943,1,3,1,133.70445953224188,2.5945612586533704,9,2,9,0.1,0.45,130.89210388737612,-56.34900430950885,265.4714307857143,235.64000206666668
0.63,40,34,2,0,14,0.45,21,20,5946000.31,39.43701570077969,3.3976493114369943,1,3,1,133.70445953224188,2.5945612586533704,9,2,9,0.1,0.45,130.89210388737612,-56.34900430950885,265.4714307857143,235.64000206666668
0.63,40,34,2,0,18,0.45,21,20,5946000.31,39.43701570077969,3.3976493114369943,1,3,1,133.70445953224188,2.5945612586533704,9,2,9,0.1,0.45,130.89210388737612,-56.34900430950885,265.4714307857143,235.64000206666668
0.63,40,40,2,0,14,0.45,21,20,5946000.31,39.43701570077969,3.3976493114369943,1,3,1,133.70445953224188,2.5945612586533704,9,2,9,0.1,0.45,130.89210388737612,-56.34900430950885,265.4714307857143,235.64000206666668
0.63,40,40,2,0,18,0.45,21,20,5946000.31,39.43701570077969,3.3976493114369943,1,3,1,133.70445953224188,2.5945612586533704,9,2,9,0.1,0.45,130.89210388737612,-56.34900430950885,265.4714307857143,235.64000206666668
0.63,46,28,2,0,14,0.45,21,20,5946000.31,39.43701570077969,3.3976493114369943,1,3,1,133.70445953224188,2.5945612586533704,9,2,9,0.1,0.45,130.89210388737612,-56.34900430950885,265.4714307857143,235.64000206666668
0.63,46,28,2,0,18,0.45,21,20,5946000.31,39.43701570077969,3.3976493114369943,1,3,1,133.70445953224188,2.5945612586533704,9,2,9,0.1,0.45,130.89210388737612,-56.34900430950885,265.4714307857143,235.64000206666668
0.63,46,34,2,0,14,0.45,21,20,5946000.31,39.43701570077969,3.3976493114369943,1,3,1,133.70445953224188,2.5945612586533704,9,2,9,0.1,0.45,130.89210388737612,-56.34900430950885,265.4714307857143,235.64000206666668
0.63,46,34,2,0,18,0.45,21,20,5946000.31,39.43701570077969,3.3976493114369943,1,3,1,133.70445953224188,2.5945612586533704,9,2,9,0.1,0.45,130.89210388737612,-56.34900430950885,265.4714307857143,235.64000206666668
0.63,46,40,2,0,14,0.45,21,20,5946000.31,39.43701570077969,3.3976493114369943,1,3,1,133.70445953224188,2.5945612586533704,9,2,9,0.1,0.45,130.89210388737612,-56.34900430950885,265.4714307857143,235.64000206666668
0.63,46,40,2,0,18,0.45,21,20,5946000.31,39.43701570077969,3.3976493114369943,1,3,1,133.70445953224188,2.5945612586533704,9,2,9,0.1,0.45,130.89210388737612,-56.34900430950885,265.4714307857143,235.64000206666668
0.68,28,28,2,0,14,0.45,21,20,5946000.31,39.43701570077969,3.3976493114369943,1,3,1,133.70445953224188,2.5945612586533704,9,2,9,0.1,0.45,130.89210388737612,-56.34900430950885,265.4714307857143,235.64000206666668
0.68,28,28,2,0,18,0.45,21,20,5946000.31,39.43701570077969,3.3976493114369943,1,3,1,133.70445953224188,2.5945612586533704,9,2,9,0.1,0.45,130.89210388737612,-56.34900430950885,265.4714307857143,235.64000206666668
0.68,28,34,2,0,14,0.45,21,20,5946000.31,39.43701570077969,3.3976493114369943,1,3,1,133.70445953224188,2.5945612586533704,9,2,9,0.1,0.45,130.89210388737612,-56.34900430950885,265.4714307857143,235.64000206666668
0.68,28,34,2,0,18,0.45,21,20,5946000.31,39.43701570077969,3.3976493114369943,1,3,1,133.70445953224188,2.5945612586533704,9,2,9,0.1,0.45,130.89210388737612,-56.34900430950885,265.4714307857143,235.64000206666668
0.68,28,40,2,0,14,0.45,21,20,5946000.31,39.43701570077969,3.3976493114369943,1,3,1,133.70445953224188,2.5945612586533704,9,2,9,0.1,0.45,130.89210388737612,-56.34900430950885,265.4714307857143,235.64000206666668
0.68,28,40,2,0,18,0.45,21,20,5946000.31,39.43701570077969,3.3976493114369943,1,3,1,133.70445953224188,2.5945612586533704,9,2,9,0.1,0.45,130.89210388737612,-56.34900430950885,265.4714307857143,235.64000206666668
0.68,34,28,2,0,14,0.45,21,20,5946000.31,39.43701570077969,3.3976493114369943,1,3,1,133.70445953224188,2.5945612586533704,9,2,9,0.1,0.45,130.89210388737612,-56.34900430950885,265.4714307857143,235.64000206666668
0.68,34,28,2,0,18,0.45,21,20,5946000.31,39.43701570077969,3.3976493114369943,1,3,1,133.70445953224188,2.5945612586533704,9,2,9,0.1,0.45,130.89210388737612,-56.34900430950885,265.4714307857143,235.64000206666668
0.68,34,34,2,0,14,0.45,21,20,5946000.31,39.43701570077969,3.3976493114369943,1,3,1,133.70445953224188,2.5945612586533704,9,2,9,0.1,0.45,130.89210388737612,-56.34900430950885,265.4714307857143,235.64000206666668
0.68,34,34,2,0,18,0.45,21,20,5946000.31,39.43701570077969,3.3976493114369943,1,3,1,133.70445953224188,2.5945612586533704,9,2,9,0.1,0.45,130.89210388737612,-56.34900430950885,265.4714307857143,235.64000206666668
0.68,34,40,2,0,14,0.45,21,20,5946000.31,39.43701570077969,3.3976493114369943,1,3,1,133.70445953224188,2.5945612586533704,9,2,9,0.1,0.45,130.89210388737612,-56.34900430950885,265.4714307857143,235.64000206666668
0.68,34,40,2,0,18,0.45,21,20,5946000.31,39.43701570077969,3.3976493114369943,1,3,1,133.70445953224188,2.5945612586533704,9,2,9,0.1,0.45,130.89210388737612,-56.34900430950885,265.4714307857143,235.64000206666668
0.68,40,28,2,0,14,0.45,21,20,5946000.31,39.43701570077969,3.3976493114369943,1,3,1,133.70445953224188,2.5945612586533704,9,2,9,0.1,0.45,130.89210388737612,-56.34900430950885,265.4714307857143,235.64000206666668
0.68,40,28,2,0,18,0.45,21,20,5946000.31,39.43701570077969,3.3976493114369943,1,3,1,133.70445953224188,2.5945612586533704,9,2,9,0.1,0.45,130.89210388737612,-56.34900430950885,265.4714307857143,235.64000206666668
0.68,40,34,2,0,14,0.45,21,20,5946000.31,39.43701570077969,3.3976493114369943,1,3,1,133.70445953224188,2.5945612586533704,9,2,9,0.1,0.45,130.89210388737612,-56.34900430950885,265.4714307857143,235.64000206666668
0.68,40,34,2,0,18,0.45,21,20,5946000.31,39.43701570077969,3.3976493114369943,1,3,1,133.70445953224188,2.5945612586533704,9,2,9,0.1,0.45,130.89210388737612,-56.34900430950885,265.4714307857143,235.64000206666668
0.68,40,40,2,0,14,0.45,21,20,5946000.31,39.43701570077969,3.3976493114369943,1,3,1,133.70445953224188,2.5945612586533704,9,2,9,0.1,0.45,130.89210388737612,-56.34900430950885,265.4714307857143,235.64000206666668
0.68,40,40,2,0,18,0.45,21,20,5946000.31,39.43701570077969,3.3976493114369943,1,3,1,133.70445953224188,2.5945612586533704,9,2,9,0.1,0.45,130.89210388737612,-56.34900430950885,265.4714307857143,235.64000206666668
0.68,46,28,2,0,14,0.45,21,20,5946000.31,39.43701570077969,3.3976493114369943,1,3,1,133.70445953224188,2.5945612586533704,9,2,9,0.1,0.45,130.89210388737612,-56.34900430950885,265.4714307857143,235.64000206666668
0.68,46,28,2,0,18,0.45,21,20,5946000.31,39.43701570077969,3.3976493114369943,1,3,1,133.70445953224188,2.5945612586533704,9,2,9,0.1,0.45,130.89210388737612,-56.34900430950885,265.4714307857143,235.64000206666668
0.68,46,34,2,0,14,0.45,21,20,5946000.31,39.43701570077969,3.3976493114369943,1,3,1,133.70445953224188,2.5945612586533704,9,2,9,0.1,0.45,130.89210388737612,-56.34900430950885,265.4714307857143,235.64000206666668
0.68,46,34,2,0,18,0.45,21,20,5946000.31,39.43701570077969,3.3976493114369943,1,3,1,133.70445953224188,2.5945612586533704,9,2,9,0.1,0.45,130.89210388737612,-56.34900430950885,265.4714307857143,235.64000206666668
0.68,46,40,2,0,14,0.45,21,20,5946000.31,39.43701570077969,3.3976493114369943,1,3,1,133.70445953224188,2.5945612586533704,9,2,9,0.1,0.45,130.89210388737612,-56.34900430950885,265.4714307857143,235.64000206666668
0.68,46,40,2,0,18,0.45,21,20,5946000.31,39.43701570077969,3.3976493114369943,1,3,1,133.70445953224188,2.5945612586533704,9,2,9,0.1,0.45,130.89210388737612,-56.34900430950885,265.4714307857143,235.64000206666668
0.73,28,28,2,0,14,0.45,21,20,5946000.31,39.43701570077969,3.3976493114369943,1,3,1,133.70445953224188,2.5945612586533704,9,2,9,0.1,0.45,130.89210388737612,-56.34900430950885,265.4714307857143,235.64000206666668
0.73,28,28,2,0,18,0.45,21,20,5946000.31,39.43701570077969,3.3976493114369943,1,3,1,133.70445953224188,2.5945612586533704,9,2,9,0.1,0.45,130.89210388737612,-56.34900430950885,265.4714307857143,235.64000206666668
0.73,28,34,2,0,14,0.45,21,20,5946000.31,39.43701570077969,3.3976493114369943,1,3,1,133.70445953224188,2.5945612586533704,9,2,9,0.1,0.45,130.89210388737612,-56.34900430950885,265.4714307857143,235.64000206666668
0.73,28,34,2,0,18,0.45,21,20,5946000.31,39.43701570077969,3.3976493114369943,1,3,1,133.70445953224188,2.5945612586533704,9,2,9,0.1,0.45,130.89210388737612,-56.34900430950885,265.4714307857143,235.64000206666668
0.73,28,40,2,0,14,0.45,21,20,5946000.31,39.43701570077969,3.3976493114369943,1,3,1,133.70445953224188,2.5945612586533704,9,2,9,0.1,0.45,130.89210388737612,-56.34900430950885,265.4714307857143,235.64000206666668
0.73,28,40,2,0,18,0.45,21,20,5946000.31,39.43701570077969,3.3976493114369943,1,3,1,133.70445953224188,2.5945612586533704,9,2,9,0.1,0.45,130.89210388737612,-56.34900430950885,265.4714307857143,235.64000206666668
0.73,34,28,2,0,14,0.45,21,20,5946000.31,39.43701570077969,3.3976493114369943,1,3,1,133.70445953224188,2.5945612586533704,9,2,9,0.1,0.45,130.89210388737612,-56.34900430950885,265.4714307857143,235.64000206666668
0.73,34,28,2,0,18,0.45,21,20,5946000.31,39.43701570077969,3.3976493114369943,1,3,1,133.70445953224188,2.5945612586533704,9,2,9,0.1,0.45,130.89210388737612,-56.34900430950885,265.4714307857143,235.64000206666668
0.73,34,34,2,0,14,0.45,21,20,5946000.31,39.43701570077969,3.3976493114369943,1,3,1,133.70445953224188,2.5945612586533704,9,2,9,0.1,0.45,130.89210388737612,-56.34900430950885,265.4714307857143,235.64000206666668
0.73,34,34,2,0,18,0.45,21,20,5946000.31,39.43701570077969,3.3976493114369943,1,3,1,133.70445953224188,2.5945612586533704,9,2,9,0.1,0.45,130.89210388737612,-56.34900430950885,265.4714307857143,235.64000206666668
0.73,34,40,2,0,14,0.45,21,20,5946000.31,39.43701570077969,3.3976493114369943,1,3,1,133.70445953224188,2.5945612586533704,9,2,9,0.1,0.45,130.89210388737612,-56.34900430950885,265.4714307857143,235.64000206666668
0.73,34,40,2,0,18,0.45,21,20,5946000.31,39.43701570077969,3.3976493114369943,1,3,1,133.70445953224188,2.5945612586533704,9,2,9,0.1,0.45,130.89210388737612,-56.34900430950885,265.4714307857143,235.64000206666668
0.73,40,28,2,0,14,0.45,21,20,5946000.31,39.43701570077969,3.3976493114369943,1,3,1,133.70445953224188,2.5945612586533704,9,2,9,0.1,0.45,130.89210388737612,-56.34900430950885,265.4714307857143,235.64000206666668
0.73,40,28,2,0,18,0.45,21,20,5946000.31,39.43701570077969,3.3976493114369943,1,3,1,133.70445953224188,2.5945612586533704,9,2,9,0.1,0.45,130.89210388737612,-56.34900430950885,265.4714307857143,235.64000206666668
0.73,40,34,2,0,14,0.45,21,20,5946000.31,39.43701570077969,3.3976493114369943,1,3,1,133.70445953224188,2.5945612586533704,9,2,9,0.1,0.45,130.89210388737612,-56.34900430950885,265.4714307857143,235.64000206666668
0.73,40,34,2,0,18,0.45,21,20,5946000.31,39.43701570077969,3.3976493114369943,1,3,1,133.70445953224188,2.5945612586533704,9,2,9,0.1,0.45,130.89210388737612,-56.34900430950885,265.4714307857143,235.64000206666668
0.73,40,40,2,0,14,0.45,21,20,5946000.31,39.43701570077969,3.3976493114369943,1,3,1,133.70445953224188,2.5945612586533704,9,2,9,0.1,0.45,130.89210388737612,-56.34900430950885,265.4714307857143,235.64000206666668
0.73,40,40,2,0,18,0.45,21,20,5946000.31,39.43701570077969,3.3976493114369943,1,3,1,133.70445953224188,2.5945612586533704,9,2,9,0.1,0.45,130.89210388737612,-56.34900430950885,265.4714307857143,235.64000206666668
0.73,46,28,2,0,14,0.45,21,20,5946000.31,39.43701570077969,3.3976493114369943,1,3,1,133.70445953224188,2.5945612586533704,9,2,9,0.1,0.45,130.89210388737612,-56.34900430950885,265.4714307857143,235.64000206666668
0.73,46,28,2,0,18,0.45,21,20,5946000.31,39.43701570077969,3.3976493114369943,1,3,1,133.70445953224188,2.5945612586533704,9,2,9,0.1,0.45,130.89210388737612,-56.34900430950885,265.4714307857143,235.64000206666668
0.73,46,34,2,0,14,0.45,21,20,5946000.31,39.43701570077969,3.3976493114369943,1,3,1,133.70445953224188,2.5945612586533704,9,2,9,0.1,0.45,130.89210388737612,-56.34900430950885,265.4714307857143,235.64000206666668
0.73,46,34,2,0,18,0.45,21,20,5946000.31,39.43701570077969,3.3976493114369943,1,3,1,133.70445953224188,2.5945612586533704,9,2,9,0.1,0.45,130.89210388737612,-56.34900430950885,265.4714307857143,235.64000206666668
0.73,46,40,2,0,14,0.45,21,20,5946000.31,39.43701570077969,3.3976493114369943,1,3,1,133.70445953224188,2.5945612586533704,9,2,9,0.1,0.45,130.89210388737612,-56.34900430950885,265.4714307857143,235.64000206666668
0.73,46,40,2,0,18,0.45,21,20,5946000.31,39.43701570077969,3.3976493114369943,1,3,1,133.70445953224188,2.5945612586533704,9,2,9,0.1,0.45,130.89210388737612,-56.34900430950885,265.4714307857143,235.64000206666668
0.78,28,28,2,0,14,0.3,21,20,5946000.31,39.43701570077969,3.3976493114369943,1,3,1,133.70445953224188,2.5945612586533704,9,2,9,0.1,0.45,130.89210388737612,-56.34900430950885,265.4714307857143,235.64000206666668
0.78,28,28,2,0,14,0.45,21,20,5946000.31,39.43701570077969,3.3976493114369943,1,3,1,133.70445953224188,2.5945612586533704,9,2,9,0.1,0.45,130.89210388737612,-56.34900430950885,265.4714307857143,235.64000206666668
0.78,28,28,2,0,18,0.3,21,20,5946000.31,39.43701570077969,3.3976493114369943,1,3,1,133.70445953224188,2.5945612586533704,9,2,9,0.1,0.45,130.89210388737612,-56.34900430950885,265.4714307857143,235.64000206666668
0.78,28,28,2,0,18,0.45,21,20,5946000.31,39.43701570077969,3.3976493114369943,1,3,1,133.70445953224188,2.5945612586533704,9,2,9,0.1,0.45,130.89210388737612,-56.34900430950885,265.4714307857143,235.64000206666668
0.78,28,28,2,0,22,0.3,21,20,5946000.31,39.43701570077969,3.3976493114369943,1,3,1,133.70445953224188,2.5945612586533704,9,2,9,0.1,0.45,130.89210388737612,-56.34900430950885,265.4714307857143,235.64000206666668
0.78,28,28,2,0,22,0.45,21,20,5946000.31,39.43701570077969,3.3976493114369943,1,3,1,133.70445953224188,2.5945612586533704,9,2,9,0.1,0.45,130.89210388737612,-56.34900430950885,265.4714307857143,235.64000206666668
0.78,28,34,2,0,14,0.3,21,20,5946000.31,39.43701570077969,3.3976493114369943,1,3,1,133.70445953224188,2.5945612586533704,9,2,9,0.1,0.45,130.89210388737612,-56.34900430950885,265.4714307857143,235.64000206666668
0.78,28,34,2,0,14,0.45,21,20,5946000.31,39.43701570077969,3.3976493114369943,1,3,1,133.70445953224188,2.5945612586533704,9,2,9,0.1,0.45,130.89210388737612,-56.34900430950885,265.4714307857143,235.64000206666668
0.78,28,34,2,0,18,0.3,21,20,5946000.31,39.43701570077969,3.3976493114369943,1,3,1,133.70445953224188,2.5945612586533704,9,2,9,0.1,0.45,130.89210388737612,-56.34900430950885,265.4714307857143,235.64000206666668
0.78,28,34,2,0,18,0.45,21,20,5946000.31,39.43701570077969,3.3976493114369943,1,3,1,133.70445953224188,2.5945612586533704,9,2,9,0.1,0.45,130.89210388737612,-56.34900430950885,265.4714307857143,235.64000206666668
0.78,28,34,2,0,22,0.3,21,20,5946000.31,39.43701570077969,3.3976493114369943,1,3,1,133.70445953224188,2.5945612586533704,9,2,9,0.1,0.45,130.89210388737612,-56.34900430950885,265.4714307857143,235.64000206666668
0.78,28,34,2,0,22,0.45,21,20,5946000.31,39.43701570077969,3.3976493114369943,1,3,1,133.70445953224188,2.5945612586533704,9,2,9,0.1,0.45,130.89210388737612,-56.34900430950885,265.4714307857143,235.64000206666668
0.78,28,40,2,0,14,0.3,21,20,5946000.31,39.43701570077969,3.3976493114369943,1,3,1,133.70445953224188,2.5945612586533704,9,2,9,0.1,0.45,130.89210388737612,-56.34900430950885,265.4714307857143,235.64000206666668
0.78,28,40,2,0,14,0.45,21,20,5946000.31,39.43701570077969,3.3976493114369943,1,3,1,133.70445953224188,2.5945612586533704,9,2,9,0.1,0.45,130.89210388737612,-56.34900430950885,265.4714307857143,235.64000206666668
0.78,28,40,2,0,18,0.3,21,20,5946000.31,39.43701570077969,3.3976493114369943,1,3,1,133.70445953224188,2.5945612586533704,9,2,9,0.1,0.45,130.89210388737612,-56.34900430950885,265.4714307857143,235.64000206666668
0.78,28,40,2,0,18,0.45,21,20,5946000.31,39.43701570077969,3.3976493114369943,1,3,1,133.70445953224188,2.5945612586533704,9,2,9,0.1,0.45,130.89210388737612,-56.34900430950885,265.4714307857143,235.64000206666668
0.78,28,40,2,0,22,0.3,21,20,5946000.31,39.43701570077969,3.3976493114369943,1,3,1,133.70445953224188,2.5945612586533704,9,2,9,0.1,0.45,130.89210388737612,-56.34900430950885,265.4714307857143,235.64000206666668
0.78,28,40,2,0,22,0.45,21,20,5946000.31,39.43701570077969,3.3976493114369943,1,3,1,133.70445953224188,2.5945612586533704,9,2,9,0.1,0.45,130.89210388737612,-56.34900430950885,265.4714307857143,235.64000206666668
0.78,34,28,2,0,14,0.3,21,20,5946000.31,39.43701570077969,3.3976493114369943,1,3,1,133.70445953224188,2.5945612586533704,9,2,9,0.1,0.45,130.89210388737612,-56.34900430950885,265.4714307857143,235.64000206666668
0.78,34,28,2,0,14,0.45,21,20,5946000.31,39.43701570077969,3.3976493114369943,1,3,1,133.70445953224188,2.5945612586533704,9,2,9,0.1,0.45,130.89210388737612,-56.34900430950885,265.4714307857143,235.64000206666668
0.78,34,28,2,0,18,0.3,21,20,5946000.31,39.43701570077969,3.3976493114369943,1,3,1,133.70445953224188,2.5945612586533704,9,2,9,0.1,0.45,130.89210388737612,-56.34900430950885,265.4714307857143,235.64000206666668
0.78,34,28,2,0,18,0.45,21,20,5946000.31,39.43701570077969,3.3976493114369943,1,3,1,133.70445953224188,2.5945612586533704,9,2,9,0.1,0.45,130.89210388737612,-56.34900430950885,265.4714307857143,235.64000206666668
0.78,34,28,2,0,22,0.3,21,20,5946000.31,39.43701570077969,3.3976493114369943,1,3,1,133.70445953224188,2.5945612586533704,9,2,9,0.1,0.45,130.89210388737612,-56.34900430950885,265.4714307857143,235.64000206666668
0.78,34,28,2,0,22,0.45,21,20,5946000.31,39.43701570077969,3.3976493114369943,1,3,1,133.70445953224188,2.5945612586533704,9,2,9,0.1,0.45,130.89210388737612,-56.34900430950885,265.4714307857143,235.64000206666668
0.78,34,34,2,0,14,0.3,21,20,5946000.31,39.43701570077969,3.3976493114369943,1,3,1,133.70445953224188,2.5945612586533704,9,2,9,0.1,0.45,130.89210388737612,-56.34900430950885,265.4714307857143,235.64000206666668
0.78,34,34,2,0,14,0.45,21,20,5946000.31,39.43701570077969,3.3976493114369943,1,3,1,133.70445953224188,2.5945612586533704,9,2,9,0.1,0.45,130.89210388737612,-56.34900430950885,265.4714307857143,235.64000206666668
0.78,34,34,2,0,18,0.3,21,20,5946000.31,39.43701570077969,3.3976493114369943,1,3,1,133.70445953224188,2.5945612586533704,9,2,9,0.1,0.45,130.89210388737612,-56.34900430950885,265.4714307857143,235.64000206666668
0.78,34,34,2,0,18,0.45,21,20,5946000.31,39.43701570077969,3.3976493114369943,1,3,1,133.70445953224188,2.5945612586533704,9,2,9,0.1,0.45,130.89210388737612,-56.34900430950885,265.4714307857143,235.64000206666668
0.78,34,34,2,0,22,0.3,21,20,5946000.31,39.43701570077969,3.3976493114369943,1,3,1,133.70445953224188,2.5945612586533704,9,2,9,0.1,0.45,130.89210388737612,-56.34900430950885,265.4714307857143,235.64000206666668
0.78,34,34,2,0,22,0.45,21,20,5946000.31,39.43701570077969,3.3976493114369943,1,3,1,133.70445953224188,2.5945612586533704,9,2,9,0.1,0.45,130.89210388737612,-56.34900430950885,265.4714307857143,235.64000206666668
0.78,34,40,2,0,14,0.3,21,20,5946000.31,39.43701570077969,3.3976493114369943,1,3,1,133.70445953224188,2.5945612586533704,9,2,9,0.1,0.45,130.89210388737612,-56.34900430950885,265.4714307857143,235.64000206666668
0.78,34,40,2,0,14,0.45,21,20,5946000.31,39.43701570077969,3.3976493114369943,1,3,1,133.70445953224188,2.5945612586533704,9,2,9,0.1,0.45,130.89210388737612,-56.34900430950885,265.4714307857143,235.64000206666668
0.78,34,40,2,0,18,0.3,21,20,5946000.31,39.43701570077969,3.3976493114369943,1,3,1,133.70445953224188,2.5945612586533704,9,2,9,0.1,0.45,130.89210388737612,-56.34900430950885,265.4714307857143,235.64000206666668
0.78,34,40,2,0,18,0.45,21,20,5946000.31,39.43701570077969,3.3976493114369943,1,3,1,133.70445953224188,2.5945612586533704,9,2,9,0.1,0.45,130.89210388737612,-56.34900430950885,265.4714307857143,235.64000206666668
0.78,34,40,2,0,22,0.3,21,20,5946000.31,39.43701570077969,3.3976493114369943,1,3,1,133.70445953224188,2.5945612586533704,9,2,9,0.1,0.45,130.89210388737612,-56.34900430950885,265.4714307857143,235.64000206666668
0.78,34,40,2,0,22,0.45,21,20,5946000.31,39.43701570077969,3.3976493114369943,1,3,1,133.70445953224188,2.5945612586533704,9,2,9,0.1,0.45,130.89210388737612,-56.34900430950885,265.4714307857143,235.64000206666668
0.78,40,28,2,0,14,0.3,21,20,5946000.31,39.43701570077969,3.3976493114369943,1,3,1,133.70445953224188,2.5945612586533704,9,2,9,0.1,0.45,130.89210388737612,-56.34900430950885,265.4714307857143,235.64000206666668
0.78,40,28,2,0,14,0.45,21,20,5946000.31,39.43701570077969,3.3976493114369943,1,3,1,133.70445953224188,2.5945612586533704,9,2,9,0.1,0.45,130.89210388737612,-56.34900430950885,265.4714307857143,235.64000206666668
0.78,40,28,2,0,18,0.3,21,20,5946000.31,39.43701570077969,3.3976493114369943,1,3,1,133.70445953224188,2.5945612586533704,9,2,9,0.1,0.45,130.89210388737612,-56.34900430950885,265.4714307857143,235.64000206666668
0.78,40,28,2,0,18,0.45,21,20,5946000.31,39.43701570077969,3.3976493114369943,1,3,1,133.70445953224188,2.5945612586533704,9,2,9,0.1,0.45,130.89210388737612,-56.34900430950885,265.4714307857143,235.64000206666668
0.78,40,28,2,0,22,0.3,21,20,5946000.31,39.43701570077969,3.3976493114369943,1,3,1,133.70445953224188,2.5945612586533704,9,2,9,0.1,0.45,130.89210388737612,-56.34900430950885,265.4714307857143,235.64000206666668
0.78,40,28,2,0,22,0.45,21,20,5946000.31,39.43701570077969,3.3976493114369943,1,3,1,133.70445953224188,2.5945612586533704,9,2,9,0.1,0.45,130.89210388737612,-56.34900430950885,265.4714307857143,235.64000206666668
0.78,40,34,2,0,14,0.3,21,20,5946000.31,39.43701570077969,3.3976493114369943,1,3,1,133.70445953224188,2.5945612586533704,9,2,9,0.1,0.45,130.89210388737612,-56.34900430950885,265.4714307857143,235.64000206666668
0.78,40,34,2,0,14,0.45,21,20,5946000.31,39.43701570077969,3.3976493114369943,1,3,1,133.70445953224188,2.5945612586533704,9,2,9,0.1,0.45,130.89210388737612,-56.34900430950885,265.4714307857143,235.64000206666668
0.78,40,34,2,0,18,0.3,21,20,5946000.31,39.43701570077969,3.3976493114369943,1,3,1,133.70445953224188,2.5945612586533704,9,2,9,0.1,0.45,130.89210388737612,-56.34900430950885,265.4714307857143,235.64000206666668
0.78,40,34,2,0,18,0.45,21,20,5946000.31,39.43701570077969,3.3976493114369943,1,3,1,133.70445953224188,2.5945612586533704,9,2,9,0.1,0.45,130.89210388737612,-56.34900430950885,265.4714307857143,235.64000206666668
0.78,40,34,2,0,22,0.3,21,20,5946000.31,39.43701570077969,3.3976493114369943,1,3,1,133.70445953224188,2.5945612586533704,9,2,9,0.1,0.45,130.89210388737612,-56.34900430950885,265.4714307857143,235.64000206666668
0.78,40,34,2,0,22,0.45,21,20,5946000.31,39.43701570077969,3.3976493114369943,1,3,1,133.70445953224188,2.5945612586533704,9,2,9,0.1,0.45,130.89210388737612,-56.34900430950885,265.4714307857143,235.64000206666668
0.78,40,40,2,0,14,0.3,21,20,5946000.31,39.43701570077969,3.3976493114369943,1,3,1,133.70445953224188,2.5945612586533704,9,2,9,0.1,0.45,130.89210388737612,-56.34900430950885,265.4714307857143,235.64000206666668
0.78,40,40,2,0,14,0.45,21,20,5946000.31,39.43701570077969,3.3976493114369943,1,3,1,133.70445953224188,2.5945612586533704,9,2,9,0.1,0.45,130.89210388737612,-56.34900430950885,265.4714307857143,235.64000206666668
0.78,40,40,2,0,18,0.3,21,20,5946000.31,39.43701570077969,3.3976493114369943,1,3,1,133.70445953224188,2.5945612586533704,9,2,9,0.1,0.45,130.89210388737612,-56.34900430950885,265.4714307857143,235.64000206666668
0.78,40,40,2,0,18,0.45,21,20,5946000.31,39.43701570077969,3.3976493114369943,1,3,1,133.70445953224188,2.5945612586533704,9,2,9,0.1,0.45,130.89210388737612,-56.34900430950885,265.4714307857143,235.64000206666668
0.78,40,40,2,0,22,0.3,21,20,5946000.31,39.43701570077969,3.3976493114369943,1,3,1,133.70445953224188,2.5945612586533704,9,2,9,0.1,0.45,130.89210388737612,-56.34900430950885,265.4714307857143,235.64000206666668
0.78,40,40,2,0,22,0.45,21,20,5946000.31,39.43701570077969,3.3976493114369943,1,3,1,133.70445953224188,2.5945612586533704,9,2,9,0.1,0.45,130.89210388737612,-56.34900430950885,265.4714307857143,235.64000206666668
0.78,46,28,2,0,14,0.3,21,20,5946000.31,39.43701570077969,3.3976493114369943,1,3,1,133.70445953224188,2.5945612586533704,9,2,9,0.1,0.45,130.89210388737612,-56.34900430950885,265.4714307857143,235.64000206666668
0.78,46,28,2,0,14,0.45,21,20,5946000.31,39.43701570077969,3.3976493114369943,1,3,1,133.70445953224188,2.5945612586533704,9,2,9,0.1,0.45,130.89210388737612,-56.34900430950885,265.4714307857143,235.64000206666668
0.78,46,28,2,0,18,0.3,21,20,5946000.31,39.43701570077969,3.3976493114369943,1,3,1,133.70445953224188,2.5945612586533704,9,2,9,0.1,0.45,130.89210388737612,-56.34900430950885,265.4714307857143,235.64000206666668
0.78,46,28,2,0,18,0.45,21,20,5946000.31,39.43701570077969,3.3976493114369943,1,3,1,133.70445953224188,2.5945612586533704,9,2,9,0.1,0.45,130.89210388737612,-56.34900430950885,265.4714307857143,235.64000206666668
0.78,46,28,2,0,22,0.3,21,20,5946000.31,39.43701570077969,3.3976493114369943,1,3,1,133.70445953224188,2.5945612586533704,9,2,9,0.1,0.45,130.89210388737612,-56.34900430950885,265.4714307857143,235.64000206666668
0.78,46,28,2,0,22,0.45,21,20,5946000.31,39.43701570077969,3.3976493114369943,1,3,1,133.70445953224188,2.5945612586533704,9,2,9,0.1,0.45,130.89210388737612,-56.34900430950885,265.4714307857143,235.64000206666668
0.78,46,34,2,0,14,0.3,21,20,5946000.31,39.43701570077969,3.3976493114369943,1,3,1,133.70445953224188,2.5945612586533704,9,2,9,0.1,0.45,130.89210388737612,-56.34900430950885,265.4714307857143,235.64000206666668
0.78,46,34,2,0,14,0.45,21,20,5946000.31,39.43701570077969,3.3976493114369943,1,3,1,133.70445953224188,2.5945612586533704,9,2,9,0.1,0.45,130.89210388737612,-56.34900430950885,265.4714307857143,235.64000206666668
0.78,46,34,2,0,18,0.3,21,20,5946000.31,39.43701570077969,3.3976493114369943,1,3,1,133.70445953224188,2.5945612586533704,9,2,9,0.1,0.45,130.89210388737612,-56.34900430950885,265.4714307857143,235.64000206666668
0.78,46,34,2,0,18,0.45,21,20,5946000.31,39.43701570077969,3.3976493114369943,1,3,1,133.70445953224188,2.5945612586533704,9,2,9,0.1,0.45,130.89210388737612,-56.34900430950885,265.4714307857143,235.64000206666668
0.78,46,34,2,0,22,0.3,21,20,5946000.31,39.43701570077969,3.3976493114369943,1,3,1,133.70445953224188,2.5945612586533704,9,2,9,0.1,0.45,130.89210388737612,-56.34900430950885,265.4714307857143,235.64000206666668
0.78,46,34,2,0,22,0.45,21,20,5946000.31,39.43701570077969,3.3976493114369943,1,3,1,133.70445953224188,2.5945612586533704,9,2,9,0.1,0.45,130.89210388737612,-56.34900430950885,265.4714307857143,235.64000206666668
0.78,46,40,2,0,14,0.3,21,20,5946000.31,39.43701570077969,3.3976493114369943,1,3,1,133.70445953224188,2.5945612586533704,9,2,9,0.1,0.45,130.89210388737612,-56.34900430950885,265.4714307857143,235.64000206666668
0.78,46,40,2,0,14,0.45,21,20,5946000.31,39.43701570077969,3.3976493114369943,1,3,1,133.70445953224188,2.5945612586533704,9,2,9,0.1,0.45,130.89210388737612,-56.34900430950885,265.4714307857143,235.64000206666668
0.78,46,40,2,0,18,0.3,21,20,5946000.31,39.43701570077969,3.3976493114369943,1,3,1,133.70445953224188,2.5945612586533704,9,2,9,0.1,0.45,130.89210388737612,-56.34900430950885,265.4714307857143,235.64000206666668
0.78,46,40,2,0,18,0.45,21,20,5946000.31,39.43701570077969,3.3976493114369943,1,3,1,133.70445953224188,2.5945612586533704,9,2,9,0.1,0.45,130.89210388737612,-56.34900430950885,265.4714307857143,235.64000206666668
0.78,46,40,2,0,22,0.3,21,20,5946000.31,39.43701570077969,3.3976493114369943,1,3,1,133.70445953224188,2.5945612586533704,9,2,9,0.1,0.45,130.89210388737612,-56.34900430950885,265.4714307857143,235.64000206666668
0.78,46,40,2,0,22,0.45,21,20,5946000.31,39.43701570077969,3.3976493114369943,1,3,1,133.70445953224188,2.5945612586533704,9,2,9,0.1,0.45,130.89210388737612,-56.34900430950885,265.4714307857143,235.64000206666668
0.58,28,28,2,0,14,0.6,20,19,5886000.31,38.35412642941833,3.3976493114369943,1,3,1,133.70445953224188,2.607338516064337,8,2,9,0.10526315789473684,0.42105263157894735,122.39210388737611,-64.82900430950885,253.04285935714285,227.24000206666665
0.58,28,28,2,0,18,0.6,20,19,5886000.31,38.35412642941833,3.3976493114369943,1,3,1,133.70445953224188,2.607338516064337,8,2,9,0.10526315789473684,0.42105263157894735,122.39210388737611,-64.82900430950885,253.04285935714285,227.24000206666665
0.58,28,28,2,1,14,0.3,20,19,5886000.31,38.35412642941833,3.3976493114369943,1,3,1,133.70445953224188,2.607338516064337,8,2,9,0.10526315789473684,0.42105263157894735,122.39210388737611,-64.82900430950885,253.04285935714285,227.24000206666665
0.58,28,28,2,1,14,0.45,20,19,5886000.31,38.35412642941833,3.3976493114369943,1,3,1,133.70445953224188,2.607338516064337,8,2,9,0.10526315789473684,0.42105263157894735,122.39210388737611,-64.82900430950885,253.04285935714285,227.24000206666665
0.58,28,28,2,1,14,0.6,20,19,5886000.31,38.35412642941833,3.3976493114369943,1,3,1,133.70445953224188,2.607338516064337,8,2,9,0.10526315789473684,0.42105263157894735,122.39210388737611,-64.82900430950885,253.04285935714285,227.24000206666665
0.58,28,28,2,1,18,0.3,20,19,5886000.31,38.35412642941833,3.3976493114369943,1,3,1,133.70445953224188,2.607338516064337,8,2,9,0.10526315789473684,0.42105263157894735,122.39210388737611,-64.82900430950885,253.04285935714285,227.24000206666665
0.58,28,28,2,1,18,0.45,20,19,5886000.31,38.35412642941833,3.3976493114369943,1,3,1,133.70445953224188,2.607338516064337,8,2,9,0.10526315789473684,0.42105263157894735,122.39210388737611,-64.82900430950885,253.04285935714285,227.24000206666665
0.58,28,28,2,1,18,0.6,20,19,5886000.31,38.35412642941833,3.3976493114369943,1,3,1,133.70445953224188,2.607338516064337,8,2,9,0.10526315789473684,0.42105263157894735,122.39210388737611,-64.82900430950885,253.04285935714285,227.24000206666665
0.58,28,28,2,2,18,0.3,20,19,5886000.31,38.35412642941833,3.3976493114369943,1,3,1,133.70445953224188,2.607338516064337,8,2,9,0.10526315789473684,0.42105263157894735,122.39210388737611,-64.82900430950885,253.04285935714285,227.24000206666665
0.58,28,28,2,2,18,0.45,20,19,5886000.31,38.35412642941833,3.3976493114369943,1,3,1,133.70445953224188,2.607338516064337,8,2,9,0.10526315789473684,0.42105263157894735,122.39210388737611,-64.82900430950885,253.04285935714285,227.24000206666665
0.58,28,28,2,2,18,0.6,20,19,5886000.31,38.35412642941833,3.3976493114369943,1,3,1,133.70445953224188,2.607338516064337,8,2,9,0.10526315789473684,0.42105263157894735,122.39210388737611,-64.82900430950885,253.04285935714285,227.24000206666665
0.58,28,34,2,1,14,0.3,20,19,5886000.31,38.35412642941833,3.3976493114369943,1,3,1,133.70445953224188,2.607338516064337,8,2,9,0.10526315789473684,0.42105263157894735,122.39210388737611,-64.82900430950885,253.04285935714285,227.24000206666665
0.58,28,34,2,1,14,0.45,20,19,5886000.31,38.35412642941833,3.3976493114369943,1,3,1,133.70445953224188,2.607338516064337,8,2,9,0.10526315789473684,0.42105263157894735,122.39210388737611,-64.82900430950885,253.04285935714285,227.24000206666665
0.58,28,34,2,1,14,0.6,20,19,5886000.31,38.35412642941833,3.3976493114369943,1,3,1,133.70445953224188,2.607338516064337,8,2,9,0.10526315789473684,0.42105263157894735,122.39210388737611,-64.82900430950885,253.04285935714285,227.24000206666665
0.58,28,34,2,1,18,0.3,20,19,5886000.31,38.35412642941833,3.3976493114369943,1,3,1,133.70445953224188,2.607338516064337,8,2,9,0.10526315789473684,0.42105263157894735,122.39210388737611,-64.82900430950885,253.04285935714285,227.24000206666665
0.58,28,34,2,1,18,0.45,20,19,5886000.31,38.35412642941833,3.3976493114369943,1,3,1,133.70445953224188,2.607338516064337,8,2,9,0.10526315789473684,0.42105263157894735,122.39210388737611,-64.82900430950885,253.04285935714285,227.24000206666665
0.58,28,34,2,1,18,0.6,20,19,5886000.31,38.35412642941833,3.3976493114369943,1,3,1,133.70445953224188,2.607338516064337,8,2,9,0.10526315789473684,0.42105263157894735,122.39210388737611,-64.82900430950885,253.04285935714285,227.24000206666665
0.58,28,34,2,2,18,0.3,20,19,5886000.31,38.35412642941833,3.3976493114369943,1,3,1,133.70445953224188,2.607338516064337,8,2,9,0.10526315789473684,0.42105263157894735,122.39210388737611,-64.82900430950885,253.04285935714285,227.24000206666665
0.58,28,34,2,2,18,0.45,20,19,5886000.31,38.35412642941833,3.3976493114369943,1,3,1,133.70445953224188,2.607338516064337,8,2,9,0.10526315789473684,0.42105263157894735,122.39210388737611,-64.82900430950885,253.04285935714285,227.24000206666665
0.58,28,34,2,2,18,0.6,20,19,5886000.31,38.35412642941833,3.3976493114369943,1,3,1,133.70445953224188,2.607338516064337,8,2,9,0.10526315789473684,0.42105263157894735,122.39210388737611,-64.82900430950885,253.04285935714285,227.24000206666665
0.58,28,40,2,1,14,0.3,20,19,5886000.31,38.35412642941833,3.3976493114369943,1,3,1,133.70445953224188,2.607338516064337,8,2,9,0.10526315789473684,0.42105263157894735,122.39210388737611,-64.82900430950885,253.04285935714285,227.24000206666665
0.58,28,40,2,1,14,0.45,20,19,5886000.31,38.35412642941833,3.3976493114369943,1,3,1,133.70445953224188,2.607338516064337,8,2,9,0.10526315789473684,0.42105263157894735,122.39210388737611,-64.82900430950885,253.04285935714285,227.24000206666665
0.58,28,40,2,1,14,0.6,20,19,5886000.31,38.35412642941833,3.3976493114369943,1,3,1,133.70445953224188,2.607338516064337,8,2,9,0.10526315789473684,0.42105263157894735,122.39210388737611,-64.82900430950885,253.04285935714285,227.24000206666665
0.58,28,40,2,1,18,0.3,20,19,5886000.31,38.35412642941833,3.3976493114369943,1,3,1,133.70445953224188,2.607338516064337,8,2,9,0.10526315789473684,0.42105263157894735,122.39210388737611,-64.82900430950885,253.04285935714285,227.24000206666665
0.58,28,40,2,1,18,0.45,20,19,5886000.31,38.35412642941833,3.3976493114369943,1,3,1,133.70445953224188,2.607338516064337,8,2,9,0.10526315789473684,0.42105263157894735,122.39210388737611,-64.82900430950885,253.04285935714285,227.24000206666665
0.58,28,40,2,1,18,0.6,20,19,5886000.31,38.35412642941833,3.3976493114369943,1,3,1,133.70445953224188,2.607338516064337,8,2,9,0.10526315789473684,0.42105263157894735,122.39210388737611,-64.82900430950885,253.04285935714285,227.24000206666665
0.58,28,40,2,2,18,0.3,20,19,5886000.31,38.35412642941833,3.3976493114369943,1,3,1,133.70445953224188,2.607338516064337,8,2,9,0.10526315789473684,0.42105263157894735,122.39210388737611,-64.82900430950885,253.04285935714285,227.24000206666665
0.58,28,40,2,2,18,0.45,20,19,5886000.31,38.35412642941833,3.3976493114369943,1,3,1,133.70445953224188,2.607338516064337,8,2,9,0.10526315789473684,0.42105263157894735,122.39210388737611,-64.82900430950885,253.04285935714285,227.24000206666665
0.58,28,40,2,2,18,0.6,20,19,5886000.31,38.35412642941833,3.3976493114369943,1,3,1,133.70445953224188,2.607338516064337,8,2,9,0.10526315789473684,0.42105263157894735,122.39210388737611,-64.82900430950885,253.04285935714285,227.24000206666665
0.58,34,28,2,0,14,0.6,20,19,5886000.31,38.35412642941833,3.3976493114369943,1,3,1,133.70445953224188,2.607338516064337,8,2,9,0.10526315789473684,0.42105263157894735,122.39210388737611,-64.82900430950885,253.04285935714285,227.24000206666665
0.58,34,28,2,0,18,0.6,20,19,5886000.31,38.35412642941833,3.3976493114369943,1,3,1,133.70445953224188,2.607338516064337,8,2,9,0.10526315789473684,0.42105263157894735,122.39210388737611,-64.82900430950885,253.04285935714285,227.24000206666665
0.58,34,28,2,1,14,0.3,20,19,5886000.31,38.35412642941833,3.3976493114369943,1,3,1,133.70445953224188,2.607338516064337,8,2,9,0.10526315789473684,0.42105263157894735,122.39210388737611,-64.82900430950885,253.04285935714285,227.24000206666665
0.58,34,28,2,1,14,0.45,20,19,5886000.31,38.35412642941833,3.3976493114369943,1,3,1,133.70445953224188,2.607338516064337,8,2,9,0.10526315789473684,0.42105263157894735,122.39210388737611,-64.82900430950885,253.04285935714285,227.24000206666665
0.58,34,28,2,1,14,0.6,20,19,5886000.31,38.35412642941833,3.3976493114369943,1,3,1,133.70445953224188,2.607338516064337,8,2,9,0.10526315789473684,0.42105263157894735,122.39210388737611,-64.82900430950885,253.04285935714285,227.24000206666665
0.58,34,28,2,1,18,0.3,20,19,5886000.31,38.35412642941833,3.3976493114369943,1,3,1,133.70445953224188,2.607338516064337,8,2,9,0.10526315789473684,0.42105263157894735,122.39210388737611,-64.82900430950885,253.04285935714285,227.24000206666665
0.58,34,28,2,1,18,0.45,20,19,5886000.31,38.35412642941833,3.3976493114369943,1,3,1,133.70445953224188,2.607338516064337,8,2,9,0.10526315789473684,0.42105263157894735,122.39210388737611,-64.82900430950885,253.04285935714285,227.24000206666665
0.58,34,28,2,1,18,0.6,20,19,5886000.31,38.35412642941833,3.3976493114369943,1,3,1,133.70445953224188,2.607338516064337,8,2,9,0.10526315789473684,0.42105263157894735,122.39210388737611,-64.82900430950885,253.04285935714285,227.24000206666665
0.58,34,28,2,2,18,0.3,20,19,5886000.31,38.35412642941833,3.3976493114369943,1,3,1,133.70445953224188,2.607338516064337,8,2,9,0.10526315789473684,0.42105263157894735,122.39210388737611,-64.82900430950885,253.04285935714285,227.24000206666665
0.58,34,28,2,2,18,0.45,20,19,5886000.31,38.35412642941833,3.3976493114369943,1,3,1,133.70445953224188,2.607338516064337,8,2,9,0.10526315789473684,0.42105263157894735,122.39210388737611,-64.82900430950885,253.04285935714285,227.24000206666665
0.58,34,28,2,2,18,0.6,20,19,5886000.31,38.35412642941833,3.3976493114369943,1,3,1,133.70445953224188,2.607338516064337,8,2,9,0.10526315789473684,0.42105263157894735,122.39210388737611,-64.82900430950885,253.04285935714285,227.24000206666665
0.58,34,34,2,1,14,0.3,20,19,5886000.31,38.35412642941833,3.3976493114369943,1,3,1,133.70445953224188,2.607338516064337,8,2,9,0.10526315789473684,0.42105263157894735,122.39210388737611,-64.82900430950885,253.04285935714285,227.24000206666665
0.58,34,34,2,1,14,0.45,20,19,5886000.31,38.35412642941833,3.3976493114369943,1,3,1,133.70445953224188,2.607338516064337,8,2,9,0.10526315789473684,0.42105263157894735,122.39210388737611,-64.82900430950885,253.04285935714285,227.24000206666665
0.58,34,34,2,1,14,0.6,20,19,5886000.31,38.35412642941833,3.3976493114369943,1,3,1,133.70445953224188,2.607338516064337,8,2,9,0.10526315789473684,0.42105263157894735,122.39210388737611,-64.82900430950885,253.04285935714285,227.24000206666665
0.58,34,34,2,1,18,0.3,20,19,5886000.31,38.35412642941833,3.3976493114369943,1,3,1,133.70445953224188,2.607338516064337,8,2,9,0.10526315789473684,0.42105263157894735,122.39210388737611,-64.82900430950885,253.04285935714285,227.24000206666665
0.58,34,34,2,1,18,0.45,20,19,5886000.31,38.35412642941833,3.3976493114369943,1,3,1,133.70445953224188,2.607338516064337,8,2,9,0.10526315789473684,0.42105263157894735,122.39210388737611,-64.82900430950885,253.04285935714285,227.24000206666665
0.58,34,34,2,1,18,0.6,20,19,5886000.31,38.35412642941833,3.3976493114369943,1,3,1,133.70445953224188,2.607338516064337,8,2,9,0.10526315789473684,0.42105263157894735,122.39210388737611,-64.82900430950885,253.04285935714285,227.24000206666665
0.58,34,34,2,2,18,0.3,20,19,5886000.31,38.35412642941833,3.3976493114369943,1,3,1,133.70445953224188,2.607338516064337,8,2,9,0.10526315789473684,0.42105263157894735,122.39210388737611,-64.82900430950885,253.04285935714285,227.24000206666665
0.58,34,34,2,2,18,0.45,20,19,5886000.31,38.35412642941833,3.3976493114369943,1,3,1,133.70445953224188,2.607338516064337,8,2,9,0.10526315789473684,0.42105263157894735,122.39210388737611,-64.82900430950885,253.04285935714285,227.24000206666665
0.58,34,34,2,2,18,0.6,20,19,5886000.31,38.35412642941833,3.3976493114369943,1,3,1,133.70445953224188,2.607338516064337,8,2,9,0.10526315789473684,0.42105263157894735,122.39210388737611,-64.82900430950885,253.04285935714285,227.24000206666665
0.58,34,40,2,1,14,0.3,20,19,5886000.31,38.35412642941833,3.3976493114369943,1,3,1,133.70445953224188,2.607338516064337,8,2,9,0.10526315789473684,0.42105263157894735,122.39210388737611,-64.82900430950885,253.04285935714285,227.24000206666665
0.58,34,40,2,1,14,0.45,20,19,5886000.31,38.35412642941833,3.3976493114369943,1,3,1,133.70445953224188,2.607338516064337,8,2,9,0.10526315789473684,0.42105263157894735,122.39210388737611,-64.82900430950885,253.04285935714285,227.24000206666665
0.58,34,40,2,1,14,0.6,20,19,5886000.31,38.35412642941833,3.3976493114369943,1,3,1,133.70445953224188,2.607338516064337,8,2,9,0.10526315789473684,0.42105263157894735,122.39210388737611,-64.82900430950885,253.04285935714285,227.24000206666665
0.58,34,40,2,1,18,0.3,20,19,5886000.31,38.35412642941833,3.3976493114369943,1,3,1,133.70445953224188,2.607338516064337,8,2,9,0.10526315789473684,0.42105263157894735,122.39210388737611,-64.82900430950885,253.04285935714285,227.24000206666665
0.58,34,40,2,1,18,0.45,20,19,5886000.31,38.35412642941833,3.3976493114369943,1,3,1,133.70445953224188,2.607338516064337,8,2,9,0.10526315789473684,0.42105263157894735,122.39210388737611,-64.82900430950885,253.04285935714285,227.24000206666665
0.58,34,40,2,1,18,0.6,20,19,5886000.31,38.35412642941833,3.3976493114369943,1,3,1,133.70445953224188,2.607338516064337,8,2,9,0.10526315789473684,0.42105263157894735,122.39210388737611,-64.82900430950885,253.04285935714285,227.24000206666665
0.58,34,40,2,2,18,0.3,20,19,5886000.31,38.35412642941833,3.3976493114369943,1,3,1,133.70445953224188,2.607338516064337,8,2,9,0.10526315789473684,0.42105263157894735,122.39210388737611,-64.82900430950885,253.04285935714285,227.24000206666665
0.58,34,40,2,2,18,0.45,20,19,5886000.31,38.35412642941833,3.3976493114369943,1,3,1,133.70445953224188,2.607338516064337,8,2,9,0.10526315789473684,0.42105263157894735,122.39210388737611,-64.82900430950885,253.04285935714285,227.24000206666665
0.58,34,40,2,2,18,0.6,20,19,5886000.31,38.35412642941833,3.3976493114369943,1,3,1,133.70445953224188,2.607338516064337,8,2,9,0.10526315789473684,0.42105263157894735,122.39210388737611,-64.82900430950885,253.04285935714285,227.24000206666665
0.58,40,28,2,0,14,0.6,20,19,5886000.31,38.35412642941833,3.3976493114369943,1,3,1,133.70445953224188,2.607338516064337,8,2,9,0.10526315789473684,0.42105263157894735,122.39210388737611,-64.82900430950885,253.04285935714285,227.24000206666665
0.58,40,28,2,0,18,0.6,20,19,5886000.31,38.35412642941833,3.3976493114369943,1,3,1,133.70445953224188,2.607338516064337,8,2,9,0.10526315789473684,0.42105263157894735,122.39210388737611,-64.82900430950885,253.04285935714285,227.24000206666665
0.58,40,28,2,1,14,0.3,20,19,5886000.31,38.35412642941833,3.3976493114369943,1,3,1,133.70445953224188,2.607338516064337,8,2,9,0.10526315789473684,0.42105263157894735,122.39210388737611,-64.82900430950885,253.04285935714285,227.24000206666665
0.58,40,28,2,1,14,0.45,20,19,5886000.31,38.35412642941833,3.3976493114369943,1,3,1,133.70445953224188,2.607338516064337,8,2,9,0.10526315789473684,0.42105263157894735,122.39210388737611,-64.82900430950885,253.04285935714285,227.24000206666665
0.58,40,28,2,1,14,0.6,20,19,5886000.31,38.35412642941833,3.3976493114369943,1,3,1,133.70445953224188,2.607338516064337,8,2,9,0.10526315789473684,0.42105263157894735,122.39210388737611,-64.82900430950885,253.04285935714285,227.24000206666665
0.58,40,28,2,1,18,0.3,20,19,5886000.31,38.35412642941833,3.3976493114369943,1,3,1,133.70445953224188,2.607338516064337,8,2,9,0.10526315789473684,0.42105263157894735,122.39210388737611,-64.82900430950885,253.04285935714285,227.24000206666665
0.58,40,28,2,1,18,0.45,20,19,5886000.31,38.35412642941833,3.3976493114369943,1,3,1,133.70445953224188,2.607338516064337,8,2,9,0.10526315789473684,0.42105263157894735,122.39210388737611,-64.82900430950885,253.04285935714285,227.24000206666665
0.58,40,28,2,1,18,0.6,20,19,5886000.31,38.35412642941833,3.3976493114369943,1,3,1,133.70445953224188,2.607338516064337,8,2,9,0.10526315789473684,0.42105263157894735,122.39210388737611,-64.82900430950885,253.04285935714285,227.24000206666665
0.58,40,28,2,2,18,0.3,20,19,5886000.31,38.35412642941833,3.3976493114369943,1,3,1,133.70445953224188,2.607338516064337,8,2,9,0.10526315789473684,0.42105263157894735,122.39210388737611,-64.82900430950885,253.04285935714285,227.24000206666665
0.58,40,28,2,2,18,0.45,20,19,5886000.31,38.35412642941833,3.3976493114369943,1,3,1,133.70445953224188,2.607338516064337,8,2,9,0.10526315789473684,0.42105263157894735,122.39210388737611,-64.82900430950885,253.04285935714285,227.24000206666665
0.58,40,28,2,2,18,0.6,20,19,5886000.31,38.35412642941833,3.3976493114369943,1,3,1,133.70445953224188,2.607338516064337,8,2,9,0.10526315789473684,0.42105263157894735,122.39210388737611,-64.82900430950885,253.04285935714285,227.24000206666665
0.58,40,34,2,1,14,0.3,20,19,5886000.31,38.35412642941833,3.3976493114369943,1,3,1,133.70445953224188,2.607338516064337,8,2,9,0.10526315789473684,0.42105263157894735,122.39210388737611,-64.82900430950885,253.04285935714285,227.24000206666665
0.58,40,34,2,1,14,0.45,20,19,5886000.31,38.35412642941833,3.3976493114369943,1,3,1,133.70445953224188,2.607338516064337,8,2,9,0.10526315789473684,0.42105263157894735,122.39210388737611,-64.82900430950885,253.04285935714285,227.24000206666665
0.58,40,34,2,1,14,0.6,20,19,5886000.31,38.35412642941833,3.3976493114369943,1,3,1,133.70445953224188,2.607338516064337,8,2,9,0.10526315789473684,0.42105263157894735,122.39210388737611,-64.82900430950885,253.04285935714285,227.24000206666665
0.58,40,34,2,1,18,0.3,20,19,5886000.31,38.35412642941833,3.3976493114369943,1,3,1,133.70445953224188,2.607338516064337,8,2,9,0.10526315789473684,0.42105263157894735,122.39210388737611,-64.82900430950885,253.04285935714285,227.24000206666665
0.58,40,34,2,1,18,0.45,20,19,5886000.31,38.35412642941833,3.3976493114369943,1,3,1,133.70445953224188,2.607338516064337,8,2,9,0.10526315789473684,0.42105263157894735,122.39210388737611,-64.82900430950885,253.04285935714285,227.24000206666665
0.58,40,34,2,1,18,0.6,20,19,5886000.31,38.35412642941833,3.3976493114369943,1,3,1,133.70445953224188,2.607338516064337,8,2,9,0.10526315789473684,0.42105263157894735,122.39210388737611,-64.82900430950885,253.04285935714285,227.24000206666665
0.58,40,34,2,2,18,0.3,20,19,5886000.31,38.35412642941833,3.3976493114369943,1,3,1,133.70445953224188,2.607338516064337,8,2,9,0.10526315789473684,0.42105263157894735,122.39210388737611,-64.82900430950885,253.04285935714285,227.24000206666665
0.58,40,34,2,2,18,0.45,20,19,5886000.31,38.35412642941833,3.3976493114369943,1,3,1,133.70445953224188,2.607338516064337,8,2,9,0.10526315789473684,0.42105263157894735,122.39210388737611,-64.82900430950885,253.04285935714285,227.24000206666665
0.58,40,34,2,2,18,0.6,20,19,5886000.31,38.35412642941833,3.3976493114369943,1,3,1,133.70445953224188,2.607338516064337,8,2,9,0.10526315789473684,0.42105263157894735,122.39210388737611,-64.82900430950885,253.04285935714285,227.24000206666665
0.58,40,40,2,1,14,0.3,20,19,5886000.31,38.35412642941833,3.3976493114369943,1,3,1,133.70445953224188,2.607338516064337,8,2,9,0.10526315789473684,0.42105263157894735,122.39210388737611,-64.82900430950885,253.04285935714285,227.24000206666665
0.58,40,40,2,1,14,0.45,20,19,5886000.31,38.35412642941833,3.3976493114369943,1,3,1,133.70445953224188,2.607338516064337,8,2,9,0.10526315789473684,0.42105263157894735,122.39210388737611,-64.82900430950885,253.04285935714285,227.24000206666665
0.58,40,40,2,1,14,0.6,20,19,5886000.31,38.35412642941833,3.3976493114369943,1,3,1,133.70445953224188,2.607338516064337,8,2,9,0.10526315789473684,0.42105263157894735,122.39210388737611,-64.82900430950885,253.04285935714285,227.24000206666665
0.58,40,40,2,1,18,0.3,20,19,5886000.31,38.35412642941833,3.3976493114369943,1,3,1,133.70445953224188,2.607338516064337,8,2,9,0.10526315789473684,0.42105263157894735,122.39210388737611,-64.82900430950885,253.04285935714285,227.24000206666665
0.58,40,40,2,1,18,0.45,20,19,5886000.31,38.35412642941833,3.3976493114369943,1,3,1,133.70445953224188,2.607338516064337,8,2,9,0.10526315789473684,0.42105263157894735,122.39210388737611,-64.82900430950885,253.04285935714285,227.24000206666665
0.58,40,40,2,1,18,0.6,20,19,5886000.31,38.35412642941833,3.3976493114369943,1,3,1,133.70445953224188,2.607338516064337,8,2,9,0.10526315789473684,0.42105263157894735,122.39210388737611,-64.82900430950885,253.04285935714285,227.24000206666665
0.58,40,40,2,2,18,0.3,20,19,5886000.31,38.35412642941833,3.3976493114369943,1,3,1,133.70445953224188,2.607338516064337,8,2,9,0.10526315789473684,0.42105263157894735,122.39210388737611,-64.82900430950885,253.04285935714285,227.24000206666665
0.58,40,40,2,2,18,0.45,20,19,5886000.31,38.35412642941833,3.3976493114369943,1,3,1,133.70445953224188,2.607338516064337,8,2,9,0.10526315789473684,0.42105263157894735,122.39210388737611,-64.82900430950885,253.04285935714285,227.24000206666665
0.58,40,40,2,2,18,0.6,20,19,5886000.31,38.35412642941833,3.3976493114369943,1,3,1,133.70445953224188,2.607338516064337,8,2,9,0.10526315789473684,0.42105263157894735,122.39210388737611,-64.82900430950885,253.04285935714285,227.24000206666665
0.58,46,28,2,0,14,0.6,20,19,5886000.31,38.35412642941833,3.3976493114369943,1,3,1,133.70445953224188,2.607338516064337,8,2,9,0.10526315789473684,0.42105263157894735,122.39210388737611,-64.82900430950885,253.04285935714285,227.24000206666665
0.58,46,28,2,0,18,0.6,20,19,5886000.31,38.35412642941833,3.3976493114369943,1,3,1,133.70445953224188,2.607338516064337,8,2,9,0.10526315789473684,0.42105263157894735,122.39210388737611,-64.82900430950885,253.04285935714285,227.24000206666665
0.58,46,28,2,1,14,0.3,20,19,5886000.31,38.35412642941833,3.3976493114369943,1,3,1,133.70445953224188,2.607338516064337,8,2,9,0.10526315789473684,0.42105263157894735,122.39210388737611,-64.82900430950885,253.04285935714285,227.24000206666665
0.58,46,28,2,1,14,0.45,20,19,5886000.31,38.35412642941833,3.3976493114369943,1,3,1,133.70445953224188,2.607338516064337,8,2,9,0.10526315789473684,0.42105263157894735,122.39210388737611,-64.82900430950885,253.04285935714285,227.24000206666665
0.58,46,28,2,1,14,0.6,20,19,5886000.31,38.35412642941833,3.3976493114369943,1,3,1,133.70445953224188,2.607338516064337,8,2,9,0.10526315789473684,0.42105263157894735,122.39210388737611,-64.82900430950885,253.04285935714285,227.24000206666665
0.58,46,28,2,1,18,0.3,20,19,5886000.31,38.35412642941833,3.3976493114369943,1,3,1,133.70445953224188,2.607338516064337,8,2,9,0.10526315789473684,0.42105263157894735,122.39210388737611,-64.82900430950885,253.04285935714285,227.24000206666665
0.58,46,28,2,1,18,0.45,20,19,5886000.31,38.35412642941833,3.3976493114369943,1,3,1,133.70445953224188,2.607338516064337,8,2,9,0.10526315789473684,0.42105263157894735,122.39210388737611,-64.82900430950885,253.04285935714285,227.24000206666665
0.58,46,28,2,1,18,0.6,20,19,5886000.31,38.35412642941833,3.3976493114369943,1,3,1,133.70445953224188,2.607338516064337,8,2,9,0.10526315789473684,0.42105263157894735,122.39210388737611,-64.82900430950885,253.04285935714285,227.24000206666665
0.58,46,28,2,2,18,0.3,20,19,5886000.31,38.35412642941833,3.3976493114369943,1,3,1,133.70445953224188,2.607338516064337,8,2,9,0.10526315789473684,0.42105263157894735,122.39210388737611,-64.82900430950885,253.04285935714285,227.24000206666665
0.58,46,28,2,2,18,0.45,20,19,5886000.31,38.35412642941833,3.3976493114369943,1,3,1,133.70445953224188,2.607338516064337,8,2,9,0.10526315789473684,0.42105263157894735,122.39210388737611,-64.82900430950885,253.04285935714285,227.24000206666665
0.58,46,28,2,2,18,0.6,20,19,5886000.31,38.35412642941833,3.3976493114369943,1,3,1,133.70445953224188,2.607338516064337,8,2,9,0.10526315789473684,0.42105263157894735,122.39210388737611,-64.82900430950885,253.04285935714285,227.24000206666665
0.58,46,34,2,1,14,0.3,20,19,5886000.31,38.35412642941833,3.3976493114369943,1,3,1,133.70445953224188,2.607338516064337,8,2,9,0.10526315789473684,0.42105263157894735,122.39210388737611,-64.82900430950885,253.04285935714285,227.24000206666665
0.58,46,34,2,1,14,0.45,20,19,5886000.31,38.35412642941833,3.3976493114369943,1,3,1,133.70445953224188,2.607338516064337,8,2,9,0.10526315789473684,0.42105263157894735,122.39210388737611,-64.82900430950885,253.04285935714285,227.24000206666665
0.58,46,34,2,1,14,0.6,20,19,5886000.31,38.35412642941833,3.3976493114369943,1,3,1,133.70445953224188,2.607338516064337,8,2,9,0.10526315789473684,0.42105263157894735,122.39210388737611,-64.82900430950885,253.04285935714285,227.24000206666665
0.58,46,34,2,1,18,0.3,20,19,5886000.31,38.35412642941833,3.3976493114369943,1,3,1,133.70445953224188,2.607338516064337,8,2,9,0.10526315789473684,0.42105263157894735,122.39210388737611,-64.82900430950885,253.04285935714285,227.24000206666665
0.58,46,34,2,1,18,0.45,20,19,5886000.31,38.35412642941833,3.3976493114369943,1,3,1,133.70445953224188,2.607338516064337,8,2,9,0.10526315789473684,0.42105263157894735,122.39210388737611,-64.82900430950885,253.04285935714285,227.24000206666665
0.58,46,34,2,1,18,0.6,20,19,5886000.31,38.35412642941833,3.3976493114369943,1,3,1,133.70445953224188,2.607338516064337,8,2,9,0.10526315789473684,0.42105263157894735,122.39210388737611,-64.82900430950885,253.04285935714285,227.24000206666665
0.58,46,34,2,2,18,0.3,20,19,5886000.31,38.35412642941833,3.3976493114369943,1,3,1,133.70445953224188,2.607338516064337,8,2,9,0.10526315789473684,0.42105263157894735,122.39210388737611,-64.82900430950885,253.04285935714285,227.24000206666665
0.58,46,34,2,2,18,0.45,20,19,5886000.31,38.35412642941833,3.3976493114369943,1,3,1,133.70445953224188,2.607338516064337,8,2,9,0.10526315789473684,0.42105263157894735,122.39210388737611,-64.82900430950885,253.04285935714285,227.24000206666665
0.58,46,34,2,2,18,0.6,20,19,5886000.31,38.35412642941833,3.3976493114369943,1,3,1,133.70445953224188,2.607338516064337,8,2,9,0.10526315789473684,0.42105263157894735,122.39210388737611,-64.82900430950885,253.04285935714285,227.24000206666665
0.58,46,40,2,1,14,0.3,20,19,5886000.31,38.35412642941833,3.3976493114369943,1,3,1,133.70445953224188,2.607338516064337,8,2,9,0.10526315789473684,0.42105263157894735,122.39210388737611,-64.82900430950885,253.04285935714285,227.24000206666665
0.58,46,40,2,1,14,0.45,20,19,5886000.31,38.35412642941833,3.3976493114369943,1,3,1,133.70445953224188,2.607338516064337,8,2,9,0.10526315789473684,0.42105263157894735,122.39210388737611,-64.82900430950885,253.04285935714285,227.24000206666665
0.58,46,40,2,1,14,0.6,20,19,5886000.31,38.35412642941833,3.3976493114369943,1,3,1,133.70445953224188,2.607338516064337,8,2,9,0.10526315789473684,0.42105263157894735,122.39210388737611,-64.82900430950885,253.04285935714285,227.24000206666665
0.58,46,40,2,1,18,0.3,20,19,5886000.31,38.35412642941833,3.3976493114369943,1,3,1,133.70445953224188,2.607338516064337,8,2,9,0.10526315789473684,0.42105263157894735,122.39210388737611,-64.82900430950885,253.04285935714285,227.24000206666665
0.58,46,40,2,1,18,0.45,20,19,5886000.31,38.35412642941833,3.3976493114369943,1,3,1,133.70445953224188,2.607338516064337,8,2,9,0.10526315789473684,0.42105263157894735,122.39210388737611,-64.82900430950885,253.04285935714285,227.24000206666665
0.58,46,40,2,1,18,0.6,20,19,5886000.31,38.35412642941833,3.3976493114369943,1,3,1,133.70445953224188,2.607338516064337,8,2,9,0.10526315789473684,0.42105263157894735,122.39210388737611,-64.82900430950885,253.04285935714285,227.24000206666665
0.58,46,40,2,2,18,0.3,20,19,5886000.31,38.35412642941833,3.3976493114369943,1,3,1,133.70445953224188,2.607338516064337,8,2,9,0.10526315789473684,0.42105263157894735,122.39210388737611,-64.82900430950885,253.04285935714285,227.24000206666665
0.58,46,40,2,2,18,0.45,20,19,5886000.31,38.35412642941833,3.3976493114369943,1,3,1,133.70445953224188,2.607338516064337,8,2,9,0.10526315789473684,0.42105263157894735,122.39210388737611,-64.82900430950885,253.04285935714285,227.24000206666665
0.58,46,40,2,2,18,0.6,20,19,5886000.31,38.35412642941833,3.3976493114369943,1,3,1,133.70445953224188,2.607338516064337,8,2,9,0.10526315789473684,0.42105263157894735,122.39210388737611,-64.82900430950885,253.04285935714285,227.24000206666665
0.63,28,28,2,0,14,0.6,20,19,5886000.31,38.35412642941833,3.3976493114369943,1,3,1,133.70445953224188,2.607338516064337,8,2,9,0.10526315789473684,0.42105263157894735,122.39210388737611,-64.82900430950885,253.04285935714285,227.24000206666665
0.63,28,28,2,0,18,0.6,20,19,5886000.31,38.35412642941833,3.3976493114369943,1,3,1,133.70445953224188,2.607338516064337,8,2,9,0.10526315789473684,0.42105263157894735,122.39210388737611,-64.82900430950885,253.04285935714285,227.24000206666665
0.63,28,28,2,1,14,0.3,20,19,5886000.31,38.35412642941833,3.3976493114369943,1,3,1,133.70445953224188,2.607338516064337,8,2,9,0.10526315789473684,0.42105263157894735,122.39210388737611,-64.82900430950885,253.04285935714285,227.24000206666665
0.63,28,28,2,1,14,0.45,20,19,5886000.31,38.35412642941833,3.3976493114369943,1,3,1,133.70445953224188,2.607338516064337,8,2,9,0.10526315789473684,0.42105263157894735,122.39210388737611,-64.82900430950885,253.04285935714285,227.24000206666665
0.63,28,28,2,1,14,0.6,20,19,5886000.31,38.35412642941833,3.3976493114369943,1,3,1,133.70445953224188,2.607338516064337,8,2,9,0.10526315789473684,0.42105263157894735,122.39210388737611,-64.82900430950885,253.04285935714285,227.24000206666665
0.63,28,28,2,1,18,0.3,20,19,5886000.31,38.35412642941833,3.3976493114369943,1,3,1,133.70445953224188,2.607338516064337,8,2,9,0.10526315789473684,0.42105263157894735,122.39210388737611,-64.82900430950885,253.04285935714285,227.24000206666665
0.63,28,28,2,1,18,0.45,20,19,5886000.31,38.35412642941833,3.3976493114369943,1,3,1,133.70445953224188,2.607338516064337,8,2,9,0.10526315789473684,0.42105263157894735,122.39210388737611,-64.82900430950885,253.04285935714285,227.24000206666665
0.63,28,28,2,1,18,0.6,20,19,5886000.31,38.35412642941833,3.3976493114369943,1,3,1,133.70445953224188,2.607338516064337,8,2,9,0.10526315789473684,0.42105263157894735,122.39210388737611,-64.82900430950885,253.04285935714285,227.24000206666665
0.63,28,28,2,2,18,0.3,20,19,5886000.31,38.35412642941833,3.3976493114369943,1,3,1,133.70445953224188,2.607338516064337,8,2,9,0.10526315789473684,0.42105263157894735,122.39210388737611,-64.82900430950885,253.04285935714285,227.24000206666665
0.63,28,28,2,2,18,0.45,20,19,5886000.31,38.35412642941833,3.3976493114369943,1,3,1,133.70445953224188,2.607338516064337,8,2,9,0.10526315789473684,0.42105263157894735,122.39210388737611,-64.82900430950885,253.04285935714285,227.24000206666665
0.63,28,28,2,2,18,0.6,20,19,5886000.31,38.35412642941833,3.3976493114369943,1,3,1,133.70445953224188,2.607338516064337,8,2,9,0.10526315789473684,0.42105263157894735,122.39210388737611,-64.82900430950885,253.04285935714285,227.24000206666665
0.63,28,34,2,0,14,0.6,20,19,5886000.31,38.35412642941833,3.3976493114369943,1,3,1,133.70445953224188,2.607338516064337,8,2,9,0.10526315789473684,0.42105263157894735,122.39210388737611,-64.82900430950885,253.04285935714285,227.24000206666665
0.63,28,34,2,0,18,0.6,20,19,5886000.31,38.35412642941833,3.3976493114369943,1,3,1,133.70445953224188,2.607338516064337,8,2,9,0.10526315789473684,0.42105263157894735,122.39210388737611,-64.82900430950885,253.04285935714285,227.24000206666665
0.63,28,34,2,1,14,0.3,20,19,5886000.31,38.35412642941833,3.3976493114369943,1,3,1,133.70445953224188,2.607338516064337,8,2,9,0.10526315789473684,0.42105263157894735,122.39210388737611,-64.82900430950885,253.04285935714285,227.24000206666665
0.63,28,34,2,1,14,0.45,20,19,5886000.31,38.35412642941833,3.3976493114369943,1,3,1,133.70445953224188,2.607338516064337,8,2,9,0.10526315789473684,0.42105263157894735,122.39210388737611,-64.82900430950885,253.04285935714285,227.24000206666665
0.63,28,34,2,1,14,0.6,20,19,5886000.31,38.35412642941833,3.3976493114369943,1,3,1,133.70445953224188,2.607338516064337,8,2,9,0.10526315789473684,0.42105263157894735,122.39210388737611,-64.82900430950885,253.04285935714285,227.24000206666665
0.63,28,34,2,1,18,0.3,20,19,5886000.31,38.35412642941833,3.3976493114369943,1,3,1,133.70445953224188,2.607338516064337,8,2,9,0.10526315789473684,0.42105263157894735,122.39210388737611,-64.82900430950885,253.04285935714285,227.24000206666665
0.63,28,34,2,1,18,0.45,20,19,5886000.31,38.35412642941833,3.3976493114369943,1,3,1,133.70445953224188,2.607338516064337,8,2,9,0.10526315789473684,0.42105263157894735,122.39210388737611,-64.82900430950885,253.04285935714285,227.24000206666665
0.63,28,34,2,1,18,0.6,20,19,5886000.31,38.35412642941833,3.3976493114369943,1,3,1,133.70445953224188,2.607338516064337,8,2,9,0.10526315789473684,0.42105263157894735,122.39210388737611,-64.82900430950885,253.04285935714285,227.24000206666665
0.63,28,34,2,2,18,0.3,20,19,5886000.31,38.35412642941833,3.3976493114369943,1,3,1,133.70445953224188,2.607338516064337,8,2,9,0.10526315789473684,0.42105263157894735,122.39210388737611,-64.82900430950885,253.04285935714285,227.24000206666665
0.63,28,34,2,2,18,0.45,20,19,5886000.31,38.35412642941833,3.3976493114369943,1,3,1,133.70445953224188,2.607338516064337,8,2,9,0.10526315789473684,0.42105263157894735,122.39210388737611,-64.82900430950885,253.04285935714285,227.24000206666665
0.63,28,34,2,2,18,0.6,20,19,5886000.31,38.35412642941833,3.3976493114369943,1,3,1,133.70445953224188,2.607338516064337,8,2,9,0.10526315789473684,0.42105263157894735,122.39210388737611,-64.82900430950885,253.04285935714285,227.24000206666665
0.63,28,40,2,0,14,0.6,20,19,5886000.31,38.35412642941833,3.3976493114369943,1,3,1,133.70445953224188,2.607338516064337,8,2,9,0.10526315789473684,0.42105263157894735,122.39210388737611,-64.82900430950885,253.04285935714285,227.24000206666665
0.63,28,40,2,0,18,0.6,20,19,5886000.31,38.35412642941833,3.3976493114369943,1,3,1,133.70445953224188,2.607338516064337,8,2,9,0.10526315789473684,0.42105263157894735,122.39210388737611,-64.82900430950885,253.04285935714285,227.24000206666665
0.63,28,40,2,1,14,0.3,20,19,5886000.31,38.35412642941833,3.3976493114369943,1,3,1,133.70445953224188,2.607338516064337,8,2,9,0.10526315789473684,0.42105263157894735,122.39210388737611,-64.82900430950885,253.04285935714285,227.24000206666665
0.63,28,40,2,1,14,0.45,20,19,5886000.31,38.35412642941833,3.3976493114369943,1,3,1,133.70445953224188,2.607338516064337,8,2,9,0.10526315789473684,0.42105263157894735,122.39210388737611,-64.82900430950885,253.04285935714285,227.24000206666665
0.63,28,40,2,1,14,0.6,20,19,5886000.31,38.35412642941833,3.3976493114369943,1,3,1,133.70445953224188,2.607338516064337,8,2,9,0.10526315789473684,0.42105263157894735,122.39210388737611,-64.82900430950885,253.04285935714285,227.24000206666665
0.63,28,40,2,1,18,0.3,20,19,5886000.31,38.35412642941833,3.3976493114369943,1,3,1,133.70445953224188,2.607338516064337,8,2,9,0.10526315789473684,0.42105263157894735,122.39210388737611,-64.82900430950885,253.04285935714285,227.24000206666665
0.63,28,40,2,1,18,0.45,20,19,5886000.31,38.35412642941833,3.3976493114369943,1,3,1,133.70445953224188,2.607338516064337,8,2,9,0.10526315789473684,0.42105263157894735,122.39210388737611,-64.82900430950885,253.04285935714285,227.24000206666665
0.63,28,40,2,1,18,0.6,20,19,5886000.31,38.35412642941833,3.3976493114369943,1,3,1,133.70445953224188,2.607338516064337,8,2,9,0.10526315789473684,0.42105263157894735,122.39210388737611,-64.82900430950885,253.04285935714285,227.24000206666665
0.63,28,40,2,2,18,0.3,20,19,5886000.31,38.35412642941833,3.3976493114369943,1,3,1,133.70445953224188,2.607338516064337,8,2,9,0.10526315789473684,0.42105263157894735,122.39210388737611,-64.82900430950885,253.04285935714285,227.24000206666665
0.63,28,40,2,2,18,0.45,20,19,5886000.31,38.35412642941833,3.3976493114369943,1,3,1,133.70445953224188,2.607338516064337,8,2,9,0.10526315789473684,0.42105263157894735,122.39210388737611,-64.82900430950885,253.04285935714285,227.24000206666665
0.63,28,40,2,2,18,0.6,20,19,5886000.31,38.35412642941833,3.3976493114369943,1,3,1,133.70445953224188,2.607338516064337,8,2,9,0.10526315789473684,0.42105263157894735,122.39210388737611,-64.82900430950885,253.04285935714285,227.24000206666665
0.63,34,28,2,0,14,0.6,20,19,5886000.31,38.35412642941833,3.3976493114369943,1,3,1,133.70445953224188,2.607338516064337,8,2,9,0.10526315789473684,0.42105263157894735,122.39210388737611,-64.82900430950885,253.04285935714285,227.24000206666665
0.63,34,28,2,0,18,0.6,20,19,5886000.31,38.35412642941833,3.3976493114369943,1,3,1,133.70445953224188,2.607338516064337,8,2,9,0.10526315789473684,0.42105263157894735,122.39210388737611,-64.82900430950885,253.04285935714285,227.24000206666665
0.63,34,28,2,1,14,0.3,20,19,5886000.31,38.35412642941833,3.3976493114369943,1,3,1,133.70445953224188,2.607338516064337,8,2,9,0.10526315789473684,0.42105263157894735,122.39210388737611,-64.82900430950885,253.04285935714285,227.24000206666665
0.63,34,28,2,1,14,0.45,20,19,5886000.31,38.35412642941833,3.3976493114369943,1,3,1,133.70445953224188,2.607338516064337,8,2,9,0.10526315789473684,0.42105263157894735,122.39210388737611,-64.82900430950885,253.04285935714285,227.24000206666665
0.63,34,28,2,1,14,0.6,20,19,5886000.31,38.35412642941833,3.3976493114369943,1,3,1,133.70445953224188,2.607338516064337,8,2,9,0.10526315789473684,0.42105263157894735,122.39210388737611,-64.82900430950885,253.04285935714285,227.24000206666665
0.63,34,28,2,1,18,0.3,20,19,5886000.31,38.35412642941833,3.3976493114369943,1,3,1,133.70445953224188,2.607338516064337,8,2,9,0.10526315789473684,0.42105263157894735,122.39210388737611,-64.82900430950885,253.04285935714285,227.24000206666665
0.63,34,28,2,1,18,0.45,20,19,5886000.31,38.35412642941833,3.3976493114369943,1,3,1,133.70445953224188,2.607338516064337,8,2,9,0.10526315789473684,0.42105263157894735,122.39210388737611,-64.82900430950885,253.04285935714285,227.24000206666665
0.63,34,28,2,1,18,0.6,20,19,5886000.31,38.35412642941833,3.3976493114369943,1,3,1,133.70445953224188,2.607338516064337,8,2,9,0.10526315789473684,0.42105263157894735,122.39210388737611,-64.82900430950885,253.04285935714285,227.24000206666665
0.63,34,28,2,2,18,0.3,20,19,5886000.31,38.35412642941833,3.3976493114369943,1,3,1,133.70445953224188,2.607338516064337,8,2,9,0.10526315789473684,0.42105263157894735,122.39210388737611,-64.82900430950885,253.04285935714285,227.24000206666665
0.63,34,28,2,2,18,0.45,20,19,5886000.31,38.35412642941833,3.3976493114369943,1,3,1,133.70445953224188,2.607338516064337,8,2,9,0.10526315789473684,0.42105263157894735,122.39210388737611,-64.82900430950885,253.04285935714285,227.24000206666665
0.63,34,28,2,2,18,0.6,20,19,5886000.31,38.35412642941833,3.3976493114369943,1,3,1,133.70445953224188,2.607338516064337,8,2,9,0.10526315789473684,0.42105263157894735,122.39210388737611,-64.82900430950885,253.04285935714285,227.24000206666665
0.63,34,34,2,0,14,0.6,20,19,5886000.31,38.35412642941833,3.3976493114369943,1,3,1,133.70445953224188,2.607338516064337,8,2,9,0.10526315789473684,0.42105263157894735,122.39210388737611,-64.82900430950885,253.04285935714285,227.24000206666665
0.63,34,34,2,0,18,0.6,20,19,5886000.31,38.35412642941833,3.3976493114369943,1,3,1,133.70445953224188,2.607338516064337,8,2,9,0.10526315789473684,0.42105263157894735,122.39210388737611,-64.82900430950885,253.04285935714285,227.24000206666665
0.63,34,34,2,1,14,0.3,20,19,5886000.31,38.35412642941833,3.3976493114369943,1,3,1,133.70445953224188,2.607338516064337,8,2,9,0.10526315789473684,0.42105263157894735,122.39210388737611,-64.82900430950885,253.04285935714285,227.24000206666665
0.63,34,34,2,1,14,0.45,20,19,5886000.31,38.35412642941833,3.3976493114369943,1,3,1,133.70445953224188,2.607338516064337,8,2,9,0.10526315789473684,0.42105263157894735,122.39210388737611,-64.82900430950885,253.04285935714285,227.24000206666665
0.63,34,34,2,1,14,0.6,20,19,5886000.31,38.35412642941833,3.3976493114369943,1,3,1,133.70445953224188,2.607338516064337,8,2,9,0.10526315789473684,0.42105263157894735,122.39210388737611,-64.82900430950885,253.04285935714285,227.24000206666665
0.63,34,34,2,1,18,0.3,20,19,5886000.31,38.35412642941833,3.3976493114369943,1,3,1,133.70445953224188,2.607338516064337,8,2,9,0.10526315789473684,0.42105263157894735,122.39210388737611,-64.82900430950885,253.04285935714285,227.24000206666665
0.63,34,34,2,1,18,0.45,20,19,5886000.31,38.35412642941833,3.3976493114369943,1,3,1,133.70445953224188,2.607338516064337,8,2,9,0.10526315789473684,0.42105263157894735,122.39210388737611,-64.82900430950885,253.04285935714285,227.24000206666665
0.63,34,34,2,1,18,0.6,20,19,5886000.31,38.35412642941833,3.3976493114369943,1,3,1,133.70445953224188,2.607338516064337,8,2,9,0.10526315789473684,0.42105263157894735,122.39210388737611,-64.82900430950885,253.04285935714285,227.24000206666665
0.63,34,34,2,2,18,0.3,20,19,5886000.31,38.35412642941833,3.3976493114369943,1,3,1,133.70445953224188,2.607338516064337,8,2,9,0.10526315789473684,0.42105263157894735,122.39210388737611,-64.82900430950885,253.04285935714285,227.24000206666665
0.63,34,34,2,2,18,0.45,20,19,5886000.31,38.35412642941833,3.3976493114369943,1,3,1,133.70445953224188,2.607338516064337,8,2,9,0.10526315789473684,0.42105263157894735,122.39210388737611,-64.82900430950885,253.04285935714285,227.24000206666665
0.63,34,34,2,2,18,0.6,20,19,5886000.31,38.35412642941833,3.3976493114369943,1,3,1,133.70445953224188,2.607338516064337,8,2,9,0.10526315789473684,0.42105263157894735,122.39210388737611,-64.82900430950885,253.04285935714285,227.24000206666665
0.63,34,40,2,0,14,0.6,20,19,5886000.31,38.35412642941833,3.3976493114369943,1,3,1,133.70445953224188,2.607338516064337,8,2,9,0.10526315789473684,0.42105263157894735,122.39210388737611,-64.82900430950885,253.04285935714285,227.24000206666665
0.63,34,40,2,0,18,0.6,20,19,5886000.31,38.35412642941833,3.3976493114369943,1,3,1,133.70445953224188,2.607338516064337,8,2,9,0.10526315789473684,0.42105263157894735,122.39210388737611,-64.82900430950885,253.04285935714285,227.24000206666665
0.63,34,40,2,1,14,0.3,20,19,5886000.31,38.35412642941833,3.3976493114369943,1,3,1,133.70445953224188,2.607338516064337,8,2,9,0.10526315789473684,0.42105263157894735,122.39210388737611,-64.82900430950885,253.04285935714285,227.24000206666665
0.63,34,40,2,1,14,0.45,20,19,5886000.31,38.35412642941833,3.3976493114369943,1,3,1,133.70445953224188,2.607338516064337,8,2,9,0.10526315789473684,0.42105263157894735,122.39210388737611,-64.82900430950885,253.04285935714285,227.24000206666665
0.63,34,40,2,1,14,0.6,20,19,5886000.31,38.35412642941833,3.3976493114369943,1,3,1,133.70445953224188,2.607338516064337,8,2,9,0.10526315789473684,0.42105263157894735,122.39210388737611,-64.82900430950885,253.04285935714285,227.24000206666665
0.63,34,40,2,1,18,0.3,20,19,5886000.31,38.35412642941833,3.3976493114369943,1,3,1,133.70445953224188,2.607338516064337,8,2,9,0.10526315789473684,0.42105263157894735,122.39210388737611,-64.82900430950885,253.04285935714285,227.24000206666665
0.63,34,40,2,1,18,0.45,20,19,5886000.31,38.35412642941833,3.3976493114369943,1,3,1,133.70445953224188,2.607338516064337,8,2,9,0.10526315789473684,0.42105263157894735,122.39210388737611,-64.82900430950885,253.04285935714285,227.24000206666665
0.63,34,40,2,1,18,0.6,20,19,5886000.31,38.35412642941833,3.3976493114369943,1,3,1,133.70445953224188,2.607338516064337,8,2,9,0.10526315789473684,0.42105263157894735,122.39210388737611,-64.82900430950885,253.04285935714285,227.24000206666665
0.63,34,40,2,2,18,0.3,20,19,5886000.31,38.35412642941833,3.3976493114369943,1,3,1,133.70445953224188,2.607338516064337,8,2,9,0.10526315789473684,0.42105263157894735,122.39210388737611,-64.82900430950885,253.04285935714285,227.24000206666665
0.63,34,40,2,2,18,0.45,20,19,5886000.31,38.35412642941833,3.3976493114369943,1,3,1,133.70445953224188,2.607338516064337,8,2,9,0.10526315789473684,0.42105263157894735,122.39210388737611,-64.82900430950885,253.04285935714285,227.24000206666665
0.63,34,40,2,2,18,0.6,20,19,5886000.31,38.35412642941833,3.3976493114369943,1,3,1,133.70445953224188,2.607338516064337,8,2,9,0.10526315789473684,0.42105263157894735,122.39210388737611,-64.82900430950885,253.04285935714285,227.24000206666665
0.63,40,28,2,0,14,0.6,20,19,5886000.31,38.35412642941833,3.3976493114369943,1,3,1,133.70445953224188,2.607338516064337,8,2,9,0.10526315789473684,0.42105263157894735,122.39210388737611,-64.82900430950885,253.04285935714285,227.24000206666665
0.63,40,28,2,0,18,0.6,20,19,5886000.31,38.35412642941833,3.3976493114369943,1,3,1,133.70445953224188,2.607338516064337,8,2,9,0.10526315789473684,0.42105263157894735,122.39210388737611,-64.82900430950885,253.04285935714285,227.24000206666665
0.63,40,28,2,1,14,0.3,20,19,5886000.31,38.35412642941833,3.3976493114369943,1,3,1,133.70445953224188,2.607338516064337,8,2,9,0.10526315789473684,0.42105263157894735,122.39210388737611,-64.82900430950885,253.04285935714285,227.24000206666665
0.63,40,28,2,1,14,0.45,20,19,5886000.31,38.35412642941833,3.3976493114369943,1,3,1,133.70445953224188,2.607338516064337,8,2,9,0.10526315789473684,0.42105263157894735,122.39210388737611,-64.82900430950885,253.04285935714285,227.24000206666665
0.63,40,28,2,1,14,0.6,20,19,5886000.31,38.35412642941833,3.3976493114369943,1,3,1,133.70445953224188,2.607338516064337,8,2,9,0.10526315789473684,0.42105263157894735,122.39210388737611,-64.82900430950885,253.04285935714285,227.24000206666665
0.63,40,28,2,1,18,0.3,20,19,5886000.31,38.35412642941833,3.3976493114369943,1,3,1,133.70445953224188,2.607338516064337,8,2,9,0.10526315789473684,0.42105263157894735,122.39210388737611,-64.82900430950885,253.04285935714285,227.24000206666665
0.63,40,28,2,1,18,0.45,20,19,5886000.31,38.35412642941833,3.3976493114369943,1,3,1,133.70445953224188,2.607338516064337,8,2,9,0.10526315789473684,0.42105263157894735,122.39210388737611,-64.82900430950885,253.04285935714285,227.24000206666665
0.63,40,28,2,1,18,0.6,20,19,5886000.31,38.35412642941833,3.3976493114369943,1,3,1,133.70445953224188,2.607338516064337,8,2,9,0.10526315789473684,0.42105263157894735,122.39210388737611,-64.82900430950885,253.04285935714285,227.24000206666665
0.63,40,28,2,2,18,0.3,20,19,5886000.31,38.35412642941833,3.3976493114369943,1,3,1,133.70445953224188,2.607338516064337,8,2,9,0.10526315789473684,0.42105263157894735,122.39210388737611,-64.82900430950885,253.04285935714285,227.24000206666665
0.63,40,28,2,2,18,0.45,20,19,5886000.31,38.35412642941833,3.3976493114369943,1,3,1,133.70445953224188,2.607338516064337,8,2,9,0.10526315789473684,0.42105263157894735,122.39210388737611,-64.82900430950885,253.04285935714285,227.24000206666665
0.63,40,28,2,2,18,0.6,20,19,5886000.31,38.35412642941833,3.3976493114369943,1,3,1,133.70445953224188,2.607338516064337,8,2,9,0.10526315789473684,0.42105263157894735,122.39210388737611,-64.82900430950885,253.04285935714285,227.24000206666665
0.63,40,34,2,0,14,0.6,20,19,5886000.31,38.35412642941833,3.3976493114369943,1,3,1,133.70445953224188,2.607338516064337,8,2,9,0.10526315789473684,0.42105263157894735,122.39210388737611,-64.82900430950885,253.04285935714285,227.24000206666665
0.63,40,34,2,0,18,0.6,20,19,5886000.31,38.35412642941833,3.3976493114369943,1,3,1,133.70445953224188,2.607338516064337,8,2,9,0.10526315789473684,0.42105263157894735,122.39210388737611,-64.82900430950885,253.04285935714285,227.24000206666665
0.63,40,34,2,1,14,0.3,20,19,5886000.31,38.35412642941833,3.3976493114369943,1,3,1,133.70445953224188,2.607338516064337,8,2,9,0.10526315789473684,0.42105263157894735,122.39210388737611,-64.82900430950885,253.04285935714285,227.24000206666665
0.63,40,34,2,1,14,0.45,20,19,5886000.31,38.35412642941833,3.3976493114369943,1,3,1,133.70445953224188,2.607338516064337,8,2,9,0.10526315789473684,0.42105263157894735,122.39210388737611,-64.82900430950885,253.04285935714285,227.24000206666665
0.63,40,34,2,1,14,0.6,20,19,5886000.31,38.35412642941833,3.3976493114369943,1,3,1,133.70445953224188,2.607338516064337,8,2,9,0.10526315789473684,0.42105263157894735,122.39210388737611,-64.82900430950885,253.04285935714285,227.24000206666665
0.63,40,34,2,1,18,0.3,20,19,5886000.31,38.35412642941833,3.3976493114369943,1,3,1,133.70445953224188,2.607338516064337,8,2,9,0.10526315789473684,0.42105263157894735,122.39210388737611,-64.82900430950885,253.04285935714285,227.24000206666665
0.63,40,34,2,1,18,0.45,20,19,5886000.31,38.35412642941833,3.3976493114369943,1,3,1,133.70445953224188,2.607338516064337,8,2,9,0.10526315789473684,0.42105263157894735,122.39210388737611,-64.82900430950885,253.04285935714285,227.24000206666665
0.63,40,34,2,1,18,0.6,20,19,5886000.31,38.35412642941833,3.3976493114369943,1,3,1,133.70445953224188,2.607338516064337,8,2,9,0.10526315789473684,0.42105263157894735,122.39210388737611,-64.82900430950885,253.04285935714285,227.24000206666665
0.63,40,34,2,2,18,0.3,20,19,5886000.31,38.35412642941833,3.3976493114369943,1,3,1,133.70445953224188,2.607338516064337,8,2,9,0.10526315789473684,0.42105263157894735,122.39210388737611,-64.82900430950885,253.04285935714285,227.24000206666665
0.63,40,34,2,2,18,0.45,20,19,5886000.31,38.35412642941833,3.3976493114369943,1,3,1,133.70445953224188,2.607338516064337,8,2,9,0.10526315789473684,0.42105263157894735,122.39210388737611,-64.82900430950885,253.04285935714285,227.24000206666665
0.63,40,34,2,2,18,0.6,20,19,5886000.31,38.35412642941833,3.3976493114369943,1,3,1,133.70445953224188,2.607338516064337,8,2,9,0.10526315789473684,0.42105263157894735,122.39210388737611,-64.82900430950885,253.04285935714285,227.24000206666665
0.63,40,40,2,0,14,0.6,20,19,5886000.31,38.35412642941833,3.3976493114369943,1,3,1,133.70445953224188,2.607338516064337,8,2,9,0.10526315789473684,0.42105263157894735,122.39210388737611,-64.82900430950885,253.04285935714285,227.24000206666665
0.63,40,40,2,0,18,0.6,20,19,5886000.31,38.35412642941833,3.3976493114369943,1,3,1,133.70445953224188,2.607338516064337,8,2,9,0.10526315789473684,0.42105263157894735,122.39210388737611,-64.82900430950885,253.04285935714285,227.24000206666665
0.63,40,40,2,1,14,0.3,20,19,5886000.31,38.35412642941833,3.3976493114369943,1,3,1,133.70445953224188,2.607338516064337,8,2,9,0.10526315789473684,0.42105263157894735,122.39210388737611,-64.82900430950885,253.04285935714285,227.24000206666665
0.63,40,40,2,1,14,0.45,20,19,5886000.31,38.35412642941833,3.3976493114369943,1,3,1,133.70445953224188,2.607338516064337,8,2,9,0.10526315789473684,0.42105263157894735,122.39210388737611,-64.82900430950885,253.04285935714285,227.24000206666665
0.63,40,40,2,1,14,0.6,20,19,5886000.31,38.35412642941833,3.3976493114369943,1,3,1,133.70445953224188,2.607338516064337,8,2,9,0.10526315789473684,0.42105263157894735,122.39210388737611,-64.82900430950885,253.04285935714285,227.24000206666665
0.63,40,40,2,1,18,0.3,20,19,5886000.31,38.35412642941833,3.3976493114369943,1,3,1,133.70445953224188,2.607338516064337,8,2,9,0.10526315789473684,0.42105263157894735,122.39210388737611,-64.82900430950885,253.04285935714285,227.24000206666665
0.63,40,40,2,1,18,0.45,20,19,5886000.31,38.35412642941833,3.3976493114369943,1,3,1,133.70445953224188,2.607338516064337,8,2,9,0.10526315789473684,0.42105263157894735,122.39210388737611,-64.82900430950885,253.04285935714285,227.24000206666665
0.63,40,40,2,1,18,0.6,20,19,5886000.31,38.35412642941833,3.3976493114369943,1,3,1,133.70445953224188,2.607338516064337,8,2,9,0.10526315789473684,0.42105263157894735,122.39210388737611,-64.82900430950885,253.04285935714285,227.24000206666665
0.63,40,40,2,2,18,0.3,20,19,5886000.31,38.35412642941833,3.3976493114369943,1,3,1,133.70445953224188,2.607338516064337,8,2,9,0.10526315789473684,0.42105263157894735,122.39210388737611,-64.82900430950885,253.04285935714285,227.24000206666665
0.63,40,40,2,2,18,0.45,20,19,5886000.31,38.35412642941833,3.3976493114369943,1,3,1,133.70445953224188,2.607338516064337,8,2,9,0.10526315789473684,0.42105263157894735,122.39210388737611,-64.82900430950885,253.04285935714285,227.24000206666665
0.63,40,40,2,2,18,0.6,20,19,5886000.31,38.35412642941833,3.3976493114369943,1,3,1,133.70445953224188,2.607338516064337,8,2,9,0.10526315789473684,0.42105263157894735,122.39210388737611,-64.82900430950885,253.04285935714285,227.24000206666665
0.63,46,28,2,0,14,0.6,20,19,5886000.31,38.35412642941833,3.3976493114369943,1,3,1,133.70445953224188,2.607338516064337,8,2,9,0.10526315789473684,0.42105263157894735,122.39210388737611,-64.82900430950885,253.04285935714285,227.24000206666665
0.63,46,28,2,0,18,0.6,20,19,5886000.31,38.35412642941833,3.3976493114369943,1,3,1,133.70445953224188,2.607338516064337,8,2,9,0.10526315789473684,0.42105263157894735,122.39210388737611,-64.82900430950885,253.04285935714285,227.24000206666665
0.63,46,28,2,1,14,0.3,20,19,5886000.31,38.35412642941833,3.3976493114369943,1,3,1,133.70445953224188,2.607338516064337,8,2,9,0.10526315789473684,0.42105263157894735,122.39210388737611,-64.82900430950885,253.04285935714285,227.24000206666665
0.63,46,28,2,1,14,0.45,20,19,5886000.31,38.35412642941833,3.3976493114369943,1,3,1,133.70445953224188,2.607338516064337,8,2,9,0.10526315789473684,0.42105263157894735,122.39210388737611,-64.82900430950885,253.04285935714285,227.24000206666665
0.63,46,28,2,1,14,0.6,20,19,5886000.31,38.35412642941833,3.3976493114369943,1,3,1,133.70445953224188,2.607338516064337,8,2,9,0.10526315789473684,0.42105263157894735,122.39210388737611,-64.82900430950885,253.04285935714285,227.24000206666665
0.63,46,28,2,1,18,0.3,20,19,5886000.31,38.35412642941833,3.3976493114369943,1,3,1,133.70445953224188,2.607338516064337,8,2,9,0.10526315789473684,0.42105263157894735,122.39210388737611,-64.82900430950885,253.04285935714285,227.24000206666665
0.63,46,28,2,1,18,0.45,20,19,5886000.31,38.35412642941833,3.3976493114369943,1,3,1,133.70445953224188,2.607338516064337,8,2,9,0.10526315789473684,0.42105263157894735,122.39210388737611,-64.82900430950885,253.04285935714285,227.24000206666665
0.63,46,28,2,1,18,0.6,20,19,5886000.31,38.35412642941833,3.3976493114369943,1,3,1,133.70445953224188,2.607338516064337,8,2,9,0.10526315789473684,0.42105263157894735,122.39210388737611,-64.82900430950885,253.04285935714285,227.24000206666665
0.63,46,28,2,2,18,0.3,20,19,5886000.31,38.35412642941833,3.3976493114369943,1,3,1,133.70445953224188,2.607338516064337,8,2,9,0.10526315789473684,0.42105263157894735,122.39210388737611,-64.82900430950885,253.04285935714285,227.24000206666665
0.63,46,28,2,2,18,0.45,20,19,5886000.31,38.35412642941833,3.3976493114369943,1,3,1,133.70445953224188,2.607338516064337,8,2,9,0.10526315789473684,0.42105263157894735,122.39210388737611,-64.82900430950885,253.04285935714285,227.24000206666665
0.63,46,28,2,2,18,0.6,20,19,5886000.31,38.35412642941833,3.3976493114369943,1,3,1,133.70445953224188,2.607338516064337,8,2,9,0.10526315789473684,0.42105263157894735,122.39210388737611,-64.82900430950885,253.04285935714285,227.24000206666665
0.63,46,34,2,0,14,0.6,20,19,5886000.31,38.35412642941833,3.3976493114369943,1,3,1,133.70445953224188,2.607338516064337,8,2,9,0.10526315789473684,0.42105263157894735,122.39210388737611,-64.82900430950885,253.04285935714285,227.24000206666665
0.63,46,34,2,0,18,0.6,20,19,5886000.31,38.35412642941833,3.3976493114369943,1,3,1,133.70445953224188,2.607338516064337,8,2,9,0.10526315789473684,0.42105263157894735,122.39210388737611,-64.82900430950885,253.04285935714285,227.24000206666665
0.63,46,34,2,1,14,0.3,20,19,5886000.31,38.35412642941833,3.3976493114369943,1,3,1,133.70445953224188,2.607338516064337,8,2,9,0.10526315789473684,0.42105263157894735,122.39210388737611,-64.82900430950885,253.04285935714285,227.24000206666665
0.63,46,34,2,1,14,0.45,20,19,5886000.31,38.35412642941833,3.3976493114369943,1,3,1,133.70445953224188,2.607338516064337,8,2,9,0.10526315789473684,0.42105263157894735,122.39210388737611,-64.82900430950885,253.04285935714285,227.24000206666665
0.63,46,34,2,1,14,0.6,20,19,5886000.31,38.35412642941833,3.3976493114369943,1,3,1,133.70445953224188,2.607338516064337,8,2,9,0.10526315789473684,0.42105263157894735,122.39210388737611,-64.82900430950885,253.04285935714285,227.24000206666665
0.63,46,34,2,1,18,0.3,20,19,5886000.31,38.35412642941833,3.3976493114369943,1,3,1,133.70445953224188,2.607338516064337,8,2,9,0.10526315789473684,0.42105263157894735,122.39210388737611,-64.82900430950885,253.04285935714285,227.24000206666665
0.63,46,34,2,1,18,0.45,20,19,5886000.31,38.35412642941833,3.3976493114369943,1,3,1,133.70445953224188,2.607338516064337,8,2,9,0.10526315789473684,0.42105263157894735,122.39210388737611,-64.82900430950885,253.04285935714285,227.24000206666665
0.63,46,34,2,1,18,0.6,20,19,5886000.31,38.35412642941833,3.3976493114369943,1,3,1,133.70445953224188,2.607338516064337,8,2,9,0.10526315789473684,0.42105263157894735,122.39210388737611,-64.82900430950885,253.04285935714285,227.24000206666665
0.63,46,34,2,2,18,0.3,20,19,5886000.31,38.35412642941833,3.3976493114369943,1,3,1,133.70445953224188,2.607338516064337,8,2,9,0.10526315789473684,0.42105263157894735,122.39210388737611,-64.82900430950885,253.04285935714285,227.24000206666665
0.63,46,34,2,2,18,0.45,20,19,5886000.31,38.35412642941833,3.3976493114369943,1,3,1,133.70445953224188,2.607338516064337,8,2,9,0.10526315789473684,0.42105263157894735,122.39210388737611,-64.82900430950885,253.04285935714285,227.24000206666665
0.63,46,34,2,2,18,0.6,20,19,5886000.31,38.35412642941833,3.3976493114369943,1,3,1,133.70445953224188,2.607338516064337,8,2,9,0.10526315789473684,0.42105263157894735,122.39210388737611,-64.82900430950885,253.04285935714285,227.24000206666665
0.63,46,40,2,0,14,0.6,20,19,5886000.31,38.35412642941833,3.3976493114369943,1,3,1,133.70445953224188,2.607338516064337,8,2,9,0.10526315789473684,0.42105263157894735,122.39210388737611,-64.82900430950885,253.04285935714285,227.24000206666665
0.63,46,40,2,0,18,0.6,20,19,5886000.31,38.35412642941833,3.3976493114369943,1,3,1,133.70445953224188,2.607338516064337,8,2,9,0.10526315789473684,0.42105263157894735,122.39210388737611,-64.82900430950885,253.04285935714285,227.24000206666665
0.63,46,40,2,1,14,0.3,20,19,5886000.31,38.35412642941833,3.3976493114369943,1,3,1,133.70445953224188,2.607338516064337,8,2,9,0.10526315789473684,0.42105263157894735,122.39210388737611,-64.82900430950885,253.04285935714285,227.24000206666665
0.63,46,40,2,1,14,0.45,20,19,5886000.31,38.35412642941833,3.3976493114369943,1,3,1,133.70445953224188,2.607338516064337,8,2,9,0.10526315789473684,0.42105263157894735,122.39210388737611,-64.82900430950885,253.04285935714285,227.24000206666665
0.63,46,40,2,1,14,0.6,20,19,5886000.31,38.35412642941833,3.3976493114369943,1,3,1,133.70445953224188,2.607338516064337,8,2,9,0.10526315789473684,0.42105263157894735,122.39210388737611,-64.82900430950885,253.04285935714285,227.24000206666665
0.63,46,40,2,1,18,0.3,20,19,5886000.31,38.35412642941833,3.3976493114369943,1,3,1,133.70445953224188,2.607338516064337,8,2,9,0.10526315789473684,0.42105263157894735,122.39210388737611,-64.82900430950885,253.04285935714285,227.24000206666665
0.63,46,40,2,1,18,0.45,20,19,5886000.31,38.35412642941833,3.3976493114369943,1,3,1,133.70445953224188,2.607338516064337,8,2,9,0.10526315789473684,0.42105263157894735,122.39210388737611,-64.82900430950885,253.04285935714285,227.24000206666665
0.63,46,40,2,1,18,0.6,20,19,5886000.31,38.35412642941833,3.3976493114369943,1,3,1,133.70445953224188,2.607338516064337,8,2,9,0.10526315789473684,0.42105263157894735,122.39210388737611,-64.82900430950885,253.04285935714285,227.24000206666665
0.63,46,40,2,2,18,0.3,20,19,5886000.31,38.35412642941833,3.3976493114369943,1,3,1,133.70445953224188,2.607338516064337,8,2,9,0.10526315789473684,0.42105263157894735,122.39210388737611,-64.82900430950885,253.04285935714285,227.24000206666665
0.63,46,40,2,2,18,0.45,20,19,5886000.31,38.35412642941833,3.3976493114369943,1,3,1,133.70445953224188,2.607338516064337,8,2,9,0.10526315789473684,0.42105263157894735,122.39210388737611,-64.82900430950885,253.04285935714285,227.24000206666665
0.63,46,40,2,2,18,0.6,20,19,5886000.31,38.35412642941833,3.3976493114369943,1,3,1,133.70445953224188,2.607338516064337,8,2,9,0.10526315789473684,0.42105263157894735,122.39210388737611,-64.82900430950885,253.04285935714285,227.24000206666665
0.68,28,28,2,0,14,0.6,20,19,5886000.31,38.35412642941833,3.3976493114369943,1,3,1,133.70445953224188,2.607338516064337,8,2,9,0.10526315789473684,0.42105263157894735,122.39210388737611,-64.82900430950885,253.04285935714285,227.24000206666665
0.68,28,28,2,0,18,0.6,20,19,5886000.31,38.35412642941833,3.3976493114369943,1,3,1,133.70445953224188,2.607338516064337,8,2,9,0.10526315789473684,0.42105263157894735,122.39210388737611,-64.82900430950885,253.04285935714285,227.24000206666665
0.68,28,28,2,1,14,0.3,20,19,5886000.31,38.35412642941833,3.3976493114369943,1,3,1,133.70445953224188,2.607338516064337,8,2,9,0.10526315789473684,0.42105263157894735,122.39210388737611,-64.82900430950885,253.04285935714285,227.24000206666665
0.68,28,28,2,1,14,0.45,20,19,5886000.31,38.35412642941833,3.3976493114369943,1,3,1,133.70445953224188,2.607338516064337,8,2,9,0.10526315789473684,0.42105263157894735,122.39210388737611,-64.82900430950885,253.04285935714285,227.24000206666665
0.68,28,28,2,1,14,0.6,20,19,5886000.31,38.35412642941833,3.3976493114369943,1,3,1,133.70445953224188,2.607338516064337,8,2,9,0.10526315789473684,0.42105263157894735,122.39210388737611,-64.82900430950885,253.04285935714285,227.24000206666665
0.68,28,28,2,1,18,0.3,20,19,5886000.31,38.35412642941833,3.3976493114369943,1,3,1,133.70445953224188,2.607338516064337,8,2,9,0.10526315789473684,0.42105263157894735,122.39210388737611,-64.82900430950885,253.04285935714285,227.24000206666665
0.68,28,28,2,1,18,0.45,20,19,5886000.31,38.35412642941833,3.3976493114369943,1,3,1,133.70445953224188,2.607338516064337,8,2,9,0.10526315789473684,0.42105263157894735,122.39210388737611,-64.82900430950885,253.04285935714285,227.24000206666665
0.68,28,28,2,1,18,0.6,20,19,5886000.31,38.35412642941833,3.3976493114369943,1,3,1,133.70445953224188,2.607338516064337,8,2,9,0.10526315789473684,0.42105263157894735,122.39210388737611,-64.82900430950885,253.04285935714285,227.24000206666665
0.68,28,28,2,2,18,0.3,20,19,5886000.31,38.35412642941833,3.3976493114369943,1,3,1,133.70445953224188,2.607338516064337,8,2,9,0.10526315789473684,0.42105263157894735,122.39210388737611,-64.82900430950885,253.04285935714285,227.24000206666665
0.68,28,28,2,2,18,0.45,20,19,5886000.31,38.35412642941833,3.3976493114369943,1,3,1,133.70445953224188,2.607338516064337,8,2,9,0.10526315789473684,0.42105263157894735,122.39210388737611,-64.82900430950885,253.04285935714285,227.24000206666665
0.68,28,28,2,2,18,0.6,20,19,5886000.31,38.35412642941833,3.3976493114369943,1,3,1,133.70445953224188,2.607338516064337,8,2,9,0.10526315789473684,0.42105263157894735,122.39210388737611,-64.82900430950885,253.04285935714285,227.24000206666665
0.68,28,34,2,0,14,0.6,20,19,5886000.31,38.35412642941833,3.3976493114369943,1,3,1,133.70445953224188,2.607338516064337,8,2,9,0.10526315789473684,0.42105263157894735,122.39210388737611,-64.82900430950885,253.04285935714285,227.24000206666665
0.68,28,34,2,0,18,0.6,20,19,5886000.31,38.35412642941833,3.3976493114369943,1,3,1,133.70445953224188,2.607338516064337,8,2,9,0.10526315789473684,0.42105263157894735,122.39210388737611,-64.82900430950885,253.04285935714285,227.24000206666665
0.68,28,34,2,1,14,0.3,20,19,5886000.31,38.35412642941833,3.3976493114369943,1,3,1,133.70445953224188,2.607338516064337,8,2,9,0.10526315789473684,0.42105263157894735,122.39210388737611,-64.82900430950885,253.04285935714285,227.24000206666665
0.68,28,34,2,1,14,0.45,20,19,5886000.31,38.35412642941833,3.3976493114369943,1,3,1,133.70445953224188,2.607338516064337,8,2,9,0.10526315789473684,0.42105263157894735,122.39210388737611,-64.82900430950885,253.04285935714285,227.24000206666665
0.68,28,34,2,1,14,0.6,20,19,5886000.31,38.35412642941833,3.3976493114369943,1,3,1,133.70445953224188,2.607338516064337,8,2,9,0.10526315789473684,0.42105263157894735,122.39210388737611,-64.82900430950885,253.04285935714285,227.24000206666665
0.68,28,34,2,1,18,0.3,20,19,5886000.31,38.35412642941833,3.3976493114369943,1,3,1,133.70445953224188,2.607338516064337,8,2,9,0.10526315789473684,0.42105263157894735,122.39210388737611,-64.82900430950885,253.04285935714285,227.24000206666665
0.68,28,34,2,1,18,0.45,20,19,5886000.31,38.35412642941833,3.3976493114369943,1,3,1,133.70445953224188,2.607338516064337,8,2,9,0.10526315789473684,0.42105263157894735,122.39210388737611,-64.82900430950885,253.04285935714285,227.24000206666665
0.68,28,34,2,1,18,0.6,20,19,5886000.31,38.35412642941833,3.3976493114369943,1,3,1,133.70445953224188,2.607338516064337,8,2,9,0.10526315789473684,0.42105263157894735,122.39210388737611,-64.82900430950885,253.04285935714285,227.24000206666665
0.68,28,34,2,2,18,0.3,20,19,5886000.31,38.35412642941833,3.3976493114369943,1,3,1,133.70445953224188,2.607338516064337,8,2,9,0.10526315789473684,0.42105263157894735,122.39210388737611,-64.82900430950885,253.04285935714285,227.24000206666665
0.68,28,34,2,2,18,0.45,20,19,5886000.31,38.35412642941833,3.3976493114369943,1,3,1,133.70445953224188,2.607338516064337,8,2,9,0.10526315789473684,0.42105263157894735,122.39210388737611,-64.82900430950885,253.04285935714285,227.24000206666665
0.68,28,34,2,2,18,0.6,20,19,5886000.31,38.35412642941833,3.3976493114369943,1,3,1,133.70445953224188,2.607338516064337,8,2,9,0.10526315789473684,0.42105263157894735,122.39210388737611,-64.82900430950885,253.04285935714285,227.24000206666665
0.68,28,40,2,0,14,0.6,20,19,5886000.31,38.35412642941833,3.3976493114369943,1,3,1,133.70445953224188,2.607338516064337,8,2,9,0.10526315789473684,0.42105263157894735,122.39210388737611,-64.82900430950885,253.04285935714285,227.24000206666665
0.68,28,40,2,0,18,0.6,20,19,5886000.31,38.35412642941833,3.3976493114369943,1,3,1,133.70445953224188,2.607338516064337,8,2,9,0.10526315789473684,0.42105263157894735,122.39210388737611,-64.82900430950885,253.04285935714285,227.24000206666665
0.68,28,40,2,1,14,0.3,20,19,5886000.31,38.35412642941833,3.3976493114369943,1,3,1,133.70445953224188,2.607338516064337,8,2,9,0.10526315789473684,0.42105263157894735,122.39210388737611,-64.82900430950885,253.04285935714285,227.24000206666665
0.68,28,40,2,1,14,0.45,20,19,5886000.31,38.35412642941833,3.3976493114369943,1,3,1,133.70445953224188,2.607338516064337,8,2,9,0.10526315789473684,0.42105263157894735,122.39210388737611,-64.82900430950885,253.04285935714285,227.24000206666665
0.68,28,40,2,1,14,0.6,20,19,5886000.31,38.35412642941833,3.3976493114369943,1,3,1,133.70445953224188,2.607338516064337,8,2,9,0.10526315789473684,0.42105263157894735,122.39210388737611,-64.82900430950885,253.04285935714285,227.24000206666665
0.68,28,40,2,1,18,0.3,20,19,5886000.31,38.35412642941833,3.3976493114369943,1,3,1,133.70445953224188,2.607338516064337,8,2,9,0.10526315789473684,0.42105263157894735,122.39210388737611,-64.82900430950885,253.04285935714285,227.24000206666665
0.68,28,40,2,1,18,0.45,20,19,5886000.31,38.35412642941833,3.3976493114369943,1,3,1,133.70445953224188,2.607338516064337,8,2,9,0.10526315789473684,0.42105263157894735,122.39210388737611,-64.82900430950885,253.04285935714285,227.24000206666665
0.68,28,40,2,1,18,0.6,20,19,5886000.31,38.35412642941833,3.3976493114369943,1,3,1,133.70445953224188,2.607338516064337,8,2,9,0.10526315789473684,0.42105263157894735,122.39210388737611,-64.82900430950885,253.04285935714285,227.24000206666665
0.68,28,40,2,2,18,0.3,20,19,5886000.31,38.35412642941833,3.3976493114369943,1,3,1,133.70445953224188,2.607338516064337,8,2,9,0.10526315789473684,0.42105263157894735,122.39210388737611,-64.82900430950885,253.04285935714285,227.24000206666665
0.68,28,40,2,2,18,0.45,20,19,5886000.31,38.35412642941833,3.3976493114369943,1,3,1,133.70445953224188,2.607338516064337,8,2,9,0.10526315789473684,0.42105263157894735,122.39210388737611,-64.82900430950885,253.04285935714285,227.24000206666665
0.68,28,40,2,2,18,0.6,20,19,5886000.31,38.35412642941833,3.3976493114369943,1,3,1,133.70445953224188,2.607338516064337,8,2,9,0.10526315789473684,0.42105263157894735,122.39210388737611,-64.82900430950885,253.04285935714285,227.24000206666665
0.68,34,28,2,0,14,0.6,20,19,5886000.31,38.35412642941833,3.3976493114369943,1,3,1,133.70445953224188,2.607338516064337,8,2,9,0.10526315789473684,0.42105263157894735,122.39210388737611,-64.82900430950885,253.04285935714285,227.24000206666665
0.68,34,28,2,0,18,0.6,20,19,5886000.31,38.35412642941833,3.3976493114369943,1,3,1,133.70445953224188,2.607338516064337,8,2,9,0.10526315789473684,0.42105263157894735,122.39210388737611,-64.82900430950885,253.04285935714285,227.24000206666665
0.68,34,28,2,1,14,0.3,20,19,5886000.31,38.35412642941833,3.3976493114369943,1,3,1,133.70445953224188,2.607338516064337,8,2,9,0.10526315789473684,0.42105263157894735,122.39210388737611,-64.82900430950885,253.04285935714285,227.24000206666665
0.68,34,28,2,1,14,0.45,20,19,5886000.31,38.35412642941833,3.3976493114369943,1,3,1,133.70445953224188,2.607338516064337,8,2,9,0.10526315789473684,0.42105263157894735,122.39210388737611,-64.82900430950885,253.04285935714285,227.24000206666665
0.68,34,28,2,1,14,0.6,20,19,5886000.31,38.35412642941833,3.3976493114369943,1,3,1,133.70445953224188,2.607338516064337,8,2,9,0.10526315789473684,0.42105263157894735,122.39210388737611,-64.82900430950885,253.04285935714285,227.24000206666665
0.68,34,28,2,1,18,0.3,20,19,5886000.31,38.35412642941833,3.3976493114369943,1,3,1,133.70445953224188,2.607338516064337,8,2,9,0.10526315789473684,0.42105263157894735,122.39210388737611,-64.82900430950885,253.04285935714285,227.24000206666665
0.68,34,28,2,1,18,0.45,20,19,5886000.31,38.35412642941833,3.3976493114369943,1,3,1,133.70445953224188,2.607338516064337,8,2,9,0.10526315789473684,0.42105263157894735,122.39210388737611,-64.82900430950885,253.04285935714285,227.24000206666665
0.68,34,28,2,1,18,0.6,20,19,5886000.31,38.35412642941833,3.3976493114369943,1,3,1,133.70445953224188,2.607338516064337,8,2,9,0.10526315789473684,0.42105263157894735,122.39210388737611,-64.82900430950885,253.04285935714285,227.24000206666665
0.68,34,28,2,2,18,0.3,20,19,5886000.31,38.35412642941833,3.3976493114369943,1,3,1,133.70445953224188,2.607338516064337,8,2,9,0.10526315789473684,0.42105263157894735,122.39210388737611,-64.82900430950885,253.04285935714285,227.24000206666665
0.68,34,28,2,2,18,0.45,20,19,5886000.31,38.35412642941833,3.3976493114369943,1,3,1,133.70445953224188,2.607338516064337,8,2,9,0.10526315789473684,0.42105263157894735,122.39210388737611,-64.82900430950885,253.04285935714285,227.24000206666665
0.68,34,28,2,2,18,0.6,20,19,5886000.31,38.35412642941833,3.3976493114369943,1,3,1,133.70445953224188,2.607338516064337,8,2,9,0.10526315789473684,0.42105263157894735,122.39210388737611,-64.82900430950885,253.04285935714285,227.24000206666665
0.68,34,34,2,0,14,0.6,20,19,5886000.31,38.35412642941833,3.3976493114369943,1,3,1,133.70445953224188,2.607338516064337,8,2,9,0.10526315789473684,0.42105263157894735,122.39210388737611,-64.82900430950885,253.04285935714285,227.24000206666665
0.68,34,34,2,0,18,0.6,20,19,5886000.31,38.35412642941833,3.3976493114369943,1,3,1,133.70445953224188,2.607338516064337,8,2,9,0.10526315789473684,0.42105263157894735,122.39210388737611,-64.82900430950885,253.04285935714285,227.24000206666665
0.68,34,34,2,1,14,0.3,20,19,5886000.31,38.35412642941833,3.3976493114369943,1,3,1,133.70445953224188,2.607338516064337,8,2,9,0.10526315789473684,0.42105263157894735,122.39210388737611,-64.82900430950885,253.04285935714285,227.24000206666665
0.68,34,34,2,1,14,0.45,20,19,5886000.31,38.35412642941833,3.3976493114369943,1,3,1,133.70445953224188,2.607338516064337,8,2,9,0.10526315789473684,0.42105263157894735,122.39210388737611,-64.82900430950885,253.04285935714285,227.24000206666665
0.68,34,34,2,1,14,0.6,20,19,5886000.31,38.35412642941833,3.3976493114369943,1,3,1,133.70445953224188,2.607338516064337,8,2,9,0.10526315789473684,0.42105263157894735,122.39210388737611,-64.82900430950885,253.04285935714285,227.24000206666665
0.68,34,34,2,1,18,0.3,20,19,5886000.31,38.35412642941833,3.3976493114369943,1,3,1,133.70445953224188,2.607338516064337,8,2,9,0.10526315789473684,0.42105263157894735,122.39210388737611,-64.82900430950885,253.04285935714285,227.24000206666665
0.68,34,34,2,1,18,0.45,20,19,5886000.31,38.35412642941833,3.3976493114369943,1,3,1,133.70445953224188,2.607338516064337,8,2,9,0.10526315789473684,0.42105263157894735,122.39210388737611,-64.82900430950885,253.04285935714285,227.24000206666665
0.68,34,34,2,1,18,0.6,20,19,5886000.31,38.35412642941833,3.3976493114369943,1,3,1,133.70445953224188,2.607338516064337,8,2,9,0.10526315789473684,0.42105263157894735,122.39210388737611,-64.82900430950885,253.04285935714285,227.24000206666665
0.68,34,34,2,2,18,0.3,20,19,5886000.31,38.35412642941833,3.3976493114369943,1,3,1,133.70445953224188,2.607338516064337,8,2,9,0.10526315789473684,0.42105263157894735,122.39210388737611,-64.82900430950885,253.04285935714285,227.24000206666665
0.68,34,34,2,2,18,0.45,20,19,5886000.31,38.35412642941833,3.3976493114369943,1,3,1,133.70445953224188,2.607338516064337,8,2,9,0.10526315789473684,0.42105263157894735,122.39210388737611,-64.82900430950885,253.04285935714285,227.24000206666665
0.68,34,34,2,2,18,0.6,20,19,5886000.31,38.35412642941833,3.3976493114369943,1,3,1,133.70445953224188,2.607338516064337,8,2,9,0.10526315789473684,0.42105263157894735,122.39210388737611,-64.82900430950885,253.04285935714285,227.24000206666665
0.68,34,40,2,0,14,0.6,20,19,5886000.31,38.35412642941833,3.3976493114369943,1,3,1,133.70445953224188,2.607338516064337,8,2,9,0.10526315789473684,0.42105263157894735,122.39210388737611,-64.82900430950885,253.04285935714285,227.24000206666665
0.68,34,40,2,0,18,0.6,20,19,5886000.31,38.35412642941833,3.3976493114369943,1,3,1,133.70445953224188,2.607338516064337,8,2,9,0.10526315789473684,0.42105263157894735,122.39210388737611,-64.82900430950885,253.04285935714285,227.24000206666665
0.68,34,40,2,1,14,0.3,20,19,5886000.31,38.35412642941833,3.3976493114369943,1,3,1,133.70445953224188,2.607338516064337,8,2,9,0.10526315789473684,0.42105263157894735,122.39210388737611,-64.82900430950885,253.04285935714285,227.24000206666665
0.68,34,40,2,1,14,0.45,20,19,5886000.31,38.35412642941833,3.3976493114369943,1,3,1,133.70445953224188,2.607338516064337,8,2,9,0.10526315789473684,0.42105263157894735,122.39210388737611,-64.82900430950885,253.04285935714285,227.24000206666665
0.68,34,40,2,1,14,0.6,20,19,5886000.31,38.35412642941833,3.3976493114369943,1,3,1,133.70445953224188,2.607338516064337,8,2,9,0.10526315789473684,0.42105263157894735,122.39210388737611,-64.82900430950885,253.04285935714285,227.24000206666665
0.68,34,40,2,1,18,0.3,20,19,5886000.31,38.35412642941833,3.3976493114369943,1,3,1,133.70445953224188,2.607338516064337,8,2,9,0.10526315789473684,0.42105263157894735,122.39210388737611,-64.82900430950885,253.04285935714285,227.24000206666665
0.68,34,40,2,1,18,0.45,20,19,5886000.31,38.35412642941833,3.3976493114369943,1,3,1,133.70445953224188,2.607338516064337,8,2,9,0.10526315789473684,0.42105263157894735,122.39210388737611,-64.82900430950885,253.04285935714285,227.24000206666665
0.68,34,40,2,1,18,0.6,20,19,5886000.31,38.35412642941833,3.3976493114369943,1,3,1,133.70445953224188,2.607338516064337,8,2,9,0.10526315789473684,0.42105263157894735,122.39210388737611,-64.82900430950885,253.04285935714285,227.24000206666665
0.68,34,40,2,2,18,0.3,20,19,5886000.31,38.35412642941833,3.3976493114369943,1,3,1,133.70445953224188,2.607338516064337,8,2,9,0.10526315789473684,0.42105263157894735,122.39210388737611,-64.82900430950885,253.04285935714285,227.24000206666665
0.68,34,40,2,2,18,0.45,20,19,5886000.31,38.35412642941833,3.3976493114369943,1,3,1,133.70445953224188,2.607338516064337,8,2,9,0.10526315789473684,0.42105263157894735,122.39210388737611,-64.82900430950885,253.04285935714285,227.24000206666665
0.68,34,40,2,2,18,0.6,20,19,5886000.31,38.35412642941833,3.3976493114369943,1,3,1,133.70445953224188,2.607338516064337,8,2,9,0.10526315789473684,0.42105263157894735,122.39210388737611,-64.82900430950885,253.04285935714285,227.24000206666665
0.68,40,28,2,0,14,0.6,20,19,5886000.31,38.35412642941833,3.3976493114369943,1,3,1,133.70445953224188,2.607338516064337,8,2,9,0.10526315789473684,0.42105263157894735,122.39210388737611,-64.82900430950885,253.04285935714285,227.24000206666665
0.68,40,28,2,0,18,0.6,20,19,5886000.31,38.35412642941833,3.3976493114369943,1,3,1,133.70445953224188,2.607338516064337,8,2,9,0.10526315789473684,0.42105263157894735,122.39210388737611,-64.82900430950885,253.04285935714285,227.24000206666665
0.68,40,28,2,1,14,0.3,20,19,5886000.31,38.35412642941833,3.3976493114369943,1,3,1,133.70445953224188,2.607338516064337,8,2,9,0.10526315789473684,0.42105263157894735,122.39210388737611,-64.82900430950885,253.04285935714285,227.24000206666665
0.68,40,28,2,1,14,0.45,20,19,5886000.31,38.35412642941833,3.3976493114369943,1,3,1,133.70445953224188,2.607338516064337,8,2,9,0.10526315789473684,0.42105263157894735,122.39210388737611,-64.82900430950885,253.04285935714285,227.24000206666665
0.68,40,28,2,1,14,0.6,20,19,5886000.31,38.35412642941833,3.3976493114369943,1,3,1,133.70445953224188,2.607338516064337,8,2,9,0.10526315789473684,0.42105263157894735,122.39210388737611,-64.82900430950885,253.04285935714285,227.24000206666665
0.68,40,28,2,1,18,0.3,20,19,5886000.31,38.35412642941833,3.3976493114369943,1,3,1,133.70445953224188,2.607338516064337,8,2,9,0.10526315789473684,0.42105263157894735,122.39210388737611,-64.82900430950885,253.04285935714285,227.24000206666665
0.68,40,28,2,1,18,0.45,20,19,5886000.31,38.35412642941833,3.3976493114369943,1,3,1,133.70445953224188,2.607338516064337,8,2,9,0.10526315789473684,0.42105263157894735,122.39210388737611,-64.82900430950885,253.04285935714285,227.24000206666665
0.68,40,28,2,1,18,0.6,20,19,5886000.31,38.35412642941833,3.3976493114369943,1,3,1,133.70445953224188,2.607338516064337,8,2,9,0.10526315789473684,0.42105263157894735,122.39210388737611,-64.82900430950885,253.04285935714285,227.24000206666665
0.68,40,28,2,2,18,0.3,20,19,5886000.31,38.35412642941833,3.3976493114369943,1,3,1,133.70445953224188,2.607338516064337,8,2,9,0.10526315789473684,0.42105263157894735,122.39210388737611,-64.82900430950885,253.04285935714285,227.24000206666665
0.68,40,28,2,2,18,0.45,20,19,5886000.31,38.35412642941833,3.3976493114369943,1,3,1,133.70445953224188,2.607338516064337,8,2,9,0.10526315789473684,0.42105263157894735,122.39210388737611,-64.82900430950885,253.04285935714285,227.24000206666665
0.68,40,28,2,2,18,0.6,20,19,5886000.31,38.35412642941833,3.3976493114369943,1,3,1,133.70445953224188,2.607338516064337,8,2,9,0.10526315789473684,0.42105263157894735,122.39210388737611,-64.82900430950885,253.04285935714285,227.24000206666665
0.68,40,34,2,0,14,0.6,20,19,5886000.31,38.35412642941833,3.3976493114369943,1,3,1,133.70445953224188,2.607338516064337,8,2,9,0.10526315789473684,0.42105263157894735,122.39210388737611,-64.82900430950885,253.04285935714285,227.24000206666665
0.68,40,34,2,0,18,0.6,20,19,5886000.31,38.35412642941833,3.3976493114369943,1,3,1,133.70445953224188,2.607338516064337,8,2,9,0.10526315789473684,0.42105263157894735,122.39210388737611,-64.82900430950885,253.04285935714285,227.24000206666665
0.68,40,34,2,1,14,0.3,20,19,5886000.31,38.35412642941833,3.3976493114369943,1,3,1,133.70445953224188,2.607338516064337,8,2,9,0.10526315789473684,0.42105263157894735,122.39210388737611,-64.82900430950885,253.04285935714285,227.24000206666665
0.68,40,34,2,1,14,0.45,20,19,5886000.31,38.35412642941833,3.3976493114369943,1,3,1,133.70445953224188,2.607338516064337,8,2,9,0.10526315789473684,0.42105263157894735,122.39210388737611,-64.82900430950885,253.04285935714285,227.24000206666665
0.68,40,34,2,1,14,0.6,20,19,5886000.31,38.35412642941833,3.3976493114369943,1,3,1,133.70445953224188,2.607338516064337,8,2,9,0.10526315789473684,0.42105263157894735,122.39210388737611,-64.82900430950885,253.04285935714285,227.24000206666665
0.68,40,34,2,1,18,0.3,20,19,5886000.31,38.35412642941833,3.3976493114369943,1,3,1,133.70445953224188,2.607338516064337,8,2,9,0.10526315789473684,0.42105263157894735,122.39210388737611,-64.82900430950885,253.04285935714285,227.24000206666665
0.68,40,34,2,1,18,0.45,20,19,5886000.31,38.35412642941833,3.3976493114369943,1,3,1,133.70445953224188,2.607338516064337,8,2,9,0.10526315789473684,0.42105263157894735,122.39210388737611,-64.82900430950885,253.04285935714285,227.24000206666665
0.68,40,34,2,1,18,0.6,20,19,5886000.31,38.35412642941833,3.3976493114369943,1,3,1,133.70445953224188,2.607338516064337,8,2,9,0.10526315789473684,0.42105263157894735,122.39210388737611,-64.82900430950885,253.04285935714285,227.24000206666665
0.68,40,34,2,2,18,0.3,20,19,5886000.31,38.35412642941833,3.3976493114369943,1,3,1,133.70445953224188,2.607338516064337,8,2,9,0.10526315789473684,0.42105263157894735,122.39210388737611,-64.82900430950885,253.04285935714285,227.24000206666665
0.68,40,34,2,2,18,0.45,20,19,5886000.31,38.35412642941833,3.3976493114369943,1,3,1,133.70445953224188,2.607338516064337,8,2,9,0.10526315789473684,0.42105263157894735,122.39210388737611,-64.82900430950885,253.04285935714285,227.24000206666665
0.68,40,34,2,2,18,0.6,20,19,5886000.31,38.35412642941833,3.3976493114369943,1,3,1,133.70445953224188,2.607338516064337,8,2,9,0.10526315789473684,0.42105263157894735,122.39210388737611,-64.82900430950885,253.04285935714285,227.24000206666665
0.68,40,40,2,0,14,0.6,20,19,5886000.31,38.35412642941833,3.3976493114369943,1,3,1,133.70445953224188,2.607338516064337,8,2,9,0.10526315789473684,0.42105263157894735,122.39210388737611,-64.82900430950885,253.04285935714285,227.24000206666665
0.68,40,40,2,0,18,0.6,20,19,5886000.31,38.35412642941833,3.3976493114369943,1,3,1,133.70445953224188,2.607338516064337,8,2,9,0.10526315789473684,0.42105263157894735,122.39210388737611,-64.82900430950885,253.04285935714285,227.24000206666665
0.68,40,40,2,1,14,0.3,20,19,5886000.31,38.35412642941833,3.3976493114369943,1,3,1,133.70445953224188,2.607338516064337,8,2,9,0.10526315789473684,0.42105263157894735,122.39210388737611,-64.82900430950885,253.04285935714285,227.24000206666665
0.68,40,40,2,1,14,0.45,20,19,5886000.31,38.35412642941833,3.3976493114369943,1,3,1,133.70445953224188,2.607338516064337,8,2,9,0.10526315789473684,0.42105263157894735,122.39210388737611,-64.82900430950885,253.04285935714285,227.24000206666665
0.68,40,40,2,1,14,0.6,20,19,5886000.31,38.35412642941833,3.3976493114369943,1,3,1,133.70445953224188,2.607338516064337,8,2,9,0.10526315789473684,0.42105263157894735,122.39210388737611,-64.82900430950885,253.04285935714285,227.24000206666665
0.68,40,40,2,1,18,0.3,20,19,5886000.31,38.35412642941833,3.3976493114369943,1,3,1,133.70445953224188,2.607338516064337,8,2,9,0.10526315789473684,0.42105263157894735,122.39210388737611,-64.82900430950885,253.04285935714285,227.24000206666665
0.68,40,40,2,1,18,0.45,20,19,5886000.31,38.35412642941833,3.3976493114369943,1,3,1,133.70445953224188,2.607338516064337,8,2,9,0.10526315789473684,0.42105263157894735,122.39210388737611,-64.82900430950885,253.04285935714285,227.24000206666665
0.68,40,40,2,1,18,0.6,20,19,5886000.31,38.35412642941833,3.3976493114369943,1,3,1,133.70445953224188,2.607338516064337,8,2,9,0.10526315789473684,0.42105263157894735,122.39210388737611,-64.82900430950885,253.04285935714285,227.24000206666665
0.68,40,40,2,2,18,0.3,20,19,5886000.31,38.35412642941833,3.3976493114369943,1,3,1,133.70445953224188,2.607338516064337,8,2,9,0.10526315789473684,0.42105263157894735,122.39210388737611,-64.82900430950885,253.04285935714285,227.24000206666665
0.68,40,40,2,2,18,0.45,20,19,5886000.31,38.35412642941833,3.3976493114369943,1,3,1,133.70445953224188,2.607338516064337,8,2,9,0.10526315789473684,0.42105263157894735,122.39210388737611,-64.82900430950885,253.04285935714285,227.24000206666665
0.68,40,40,2,2,18,0.6,20,19,5886000.31,38.35412642941833,3.3976493114369943,1,3,1,133.70445953224188,2.607338516064337,8,2,9,0.10526315789473684,0.42105263157894735,122.39210388737611,-64.82900430950885,253.04285935714285,227.24000206666665
0.68,46,28,2,0,14,0.6,20,19,5886000.31,38.35412642941833,3.3976493114369943,1,3,1,133.70445953224188,2.607338516064337,8,2,9,0.10526315789473684,0.42105263157894735,122.39210388737611,-64.82900430950885,253.04285935714285,227.24000206666665
0.68,46,28,2,0,18,0.6,20,19,5886000.31,38.35412642941833,3.3976493114369943,1,3,1,133.70445953224188,2.607338516064337,8,2,9,0.10526315789473684,0.42105263157894735,122.39210388737611,-64.82900430950885,253.04285935714285,227.24000206666665
0.68,46,28,2,1,14,0.3,20,19,5886000.31,38.35412642941833,3.3976493114369943,1,3,1,133.70445953224188,2.607338516064337,8,2,9,0.10526315789473684,0.42105263157894735,122.39210388737611,-64.82900430950885,253.04285935714285,227.24000206666665
0.68,46,28,2,1,14,0.45,20,19,5886000.31,38.35412642941833,3.3976493114369943,1,3,1,133.70445953224188,2.607338516064337,8,2,9,0.10526315789473684,0.42105263157894735,122.39210388737611,-64.82900430950885,253.04285935714285,227.24000206666665
0.68,46,28,2,1,14,0.6,20,19,5886000.31,38.35412642941833,3.3976493114369943,1,3,1,133.70445953224188,2.607338516064337,8,2,9,0.10526315789473684,0.42105263157894735,122.39210388737611,-64.82900430950885,253.04285935714285,227.24000206666665
0.68,46,28,2,1,18,0.3,20,19,5886000.31,38.35412642941833,3.3976493114369943,1,3,1,133.70445953224188,2.607338516064337,8,2,9,0.10526315789473684,0.42105263157894735,122.39210388737611,-64.82900430950885,253.04285935714285,227.24000206666665
0.68,46,28,2,1,18,0.45,20,19,5886000.31,38.35412642941833,3.3976493114369943,1,3,1,133.70445953224188,2.607338516064337,8,2,9,0.10526315789473684,0.42105263157894735,122.39210388737611,-64.82900430950885,253.04285935714285,227.24000206666665
0.68,46,28,2,1,18,0.6,20,19,5886000.31,38.35412642941833,3.3976493114369943,1,3,1,133.70445953224188,2.607338516064337,8,2,9,0.10526315789473684,0.42105263157894735,122.39210388737611,-64.82900430950885,253.04285935714285,227.24000206666665
0.68,46,28,2,2,18,0.3,20,19,5886000.31,38.35412642941833,3.3976493114369943,1,3,1,133.70445953224188,2.607338516064337,8,2,9,0.10526315789473684,0.42105263157894735,122.39210388737611,-64.82900430950885,253.04285935714285,227.24000206666665
0.68,46,28,2,2,18,0.45,20,19,5886000.31,38.35412642941833,3.3976493114369943,1,3,1,133.70445953224188,2.607338516064337,8,2,9,0.10526315789473684,0.42105263157894735,122.39210388737611,-64.82900430950885,253.04285935714285,227.24000206666665
0.68,46,28,2,2,18,0.6,20,19,5886000.31,38.35412642941833,3.3976493114369943,1,3,1,133.70445953224188,2.607338516064337,8,2,9,0.10526315789473684,0.42105263157894735,122.39210388737611,-64.82900430950885,253.04285935714285,227.24000206666665
0.68,46,34,2,0,14,0.6,20,19,5886000.31,38.35412642941833,3.3976493114369943,1,3,1,133.70445953224188,2.607338516064337,8,2,9,0.10526315789473684,0.42105263157894735,122.39210388737611,-64.82900430950885,253.04285935714285,227.24000206666665
0.68,46,34,2,0,18,0.6,20,19,5886000.31,38.35412642941833,3.3976493114369943,1,3,1,133.70445953224188,2.607338516064337,8,2,9,0.10526315789473684,0.42105263157894735,122.39210388737611,-64.82900430950885,253.04285935714285,227.24000206666665
0.68,46,34,2,1,14,0.3,20,19,5886000.31,38.35412642941833,3.3976493114369943,1,3,1,133.70445953224188,2.607338516064337,8,2,9,0.10526315789473684,0.42105263157894735,122.39210388737611,-64.82900430950885,253.04285935714285,227.24000206666665
0.68,46,34,2,1,14,0.45,20,19,5886000.31,38.35412642941833,3.3976493114369943,1,3,1,133.70445953224188,2.607338516064337,8,2,9,0.10526315789473684,0.42105263157894735,122.39210388737611,-64.82900430950885,253.04285935714285,227.24000206666665
0.68,46,34,2,1,14,0.6,20,19,5886000.31,38.35412642941833,3.3976493114369943,1,3,1,133.70445953224188,2.607338516064337,8,2,9,0.10526315789473684,0.42105263157894735,122.39210388737611,-64.82900430950885,253.04285935714285,227.24000206666665
0.68,46,34,2,1,18,0.3,20,19,5886000.31,38.35412642941833,3.3976493114369943,1,3,1,133.70445953224188,2.607338516064337,8,2,9,0.10526315789473684,0.42105263157894735,122.39210388737611,-64.82900430950885,253.04285935714285,227.24000206666665
0.68,46,34,2,1,18,0.45,20,19,5886000.31,38.35412642941833,3.3976493114369943,1,3,1,133.70445953224188,2.607338516064337,8,2,9,0.10526315789473684,0.42105263157894735,122.39210388737611,-64.82900430950885,253.04285935714285,227.24000206666665
0.68,46,34,2,1,18,0.6,20,19,5886000.31,38.35412642941833,3.3976493114369943,1,3,1,133.70445953224188,2.607338516064337,8,2,9,0.10526315789473684,0.42105263157894735,122.39210388737611,-64.82900430950885,253.04285935714285,227.24000206666665
0.68,46,34,2,2,18,0.3,20,19,5886000.31,38.35412642941833,3.3976493114369943,1,3,1,133.70445953224188,2.607338516064337,8,2,9,0.10526315789473684,0.42105263157894735,122.39210388737611,-64.82900430950885,253.04285935714285,227.24000206666665
0.68,46,34,2,2,18,0.45,20,19,5886000.31,38.35412642941833,3.3976493114369943,1,3,1,133.70445953224188,2.607338516064337,8,2,9,0.10526315789473684,0.42105263157894735,122.39210388737611,-64.82900430950885,253.04285935714285,227.24000206666665
0.68,46,34,2,2,18,0.6,20,19,5886000.31,38.35412642941833,3.3976493114369943,1,3,1,133.70445953224188,2.607338516064337,8,2,9,0.10526315789473684,0.42105263157894735,122.39210388737611,-64.82900430950885,253.04285935714285,227.24000206666665
0.68,46,40,2,0,14,0.6,20,19,5886000.31,38.35412642941833,3.3976493114369943,1,3,1,133.70445953224188,2.607338516064337,8,2,9,0.10526315789473684,0.42105263157894735,122.39210388737611,-64.82900430950885,253.04285935714285,227.24000206666665
0.68,46,40,2,0,18,0.6,20,19,5886000.31,38.35412642941833,3.3976493114369943,1,3,1,133.70445953224188,2.607338516064337,8,2,9,0.10526315789473684,0.42105263157894735,122.39210388737611,-64.82900430950885,253.04285935714285,227.24000206666665
0.68,46,40,2,1,14,0.3,20,19,5886000.31,38.35412642941833,3.3976493114369943,1,3,1,133.70445953224188,2.607338516064337,8,2,9,0.10526315789473684,0.42105263157894735,122.39210388737611,-64.82900430950885,253.04285935714285,227.24000206666665
0.68,46,40,2,1,14,0.45,20,19,5886000.31,38.35412642941833,3.3976493114369943,1,3,1,133.70445953224188,2.607338516064337,8,2,9,0.10526315789473684,0.42105263157894735,122.39210388737611,-64.82900430950885,253.04285935714285,227.24000206666665
0.68,46,40,2,1,14,0.6,20,19,5886000.31,38.35412642941833,3.3976493114369943,1,3,1,133.70445953224188,2.607338516064337,8,2,9,0.10526315789473684,0.42105263157894735,122.39210388737611,-64.82900430950885,253.04285935714285,227.24000206666665
0.68,46,40,2,1,18,0.3,20,19,5886000.31,38.35412642941833,3.3976493114369943,1,3,1,133.70445953224188,2.607338516064337,8,2,9,0.10526315789473684,0.42105263157894735,122.39210388737611,-64.82900430950885,253.04285935714285,227.24000206666665
0.68,46,40,2,1,18,0.45,20,19,5886000.31,38.35412642941833,3.3976493114369943,1,3,1,133.70445953224188,2.607338516064337,8,2,9,0.10526315789473684,0.42105263157894735,122.39210388737611,-64.82900430950885,253.04285935714285,227.24000206666665
0.68,46,40,2,1,18,0.6,20,19,5886000.31,38.35412642941833,3.3976493114369943,1,3,1,133.70445953224188,2.607338516064337,8,2,9,0.10526315789473684,0.42105263157894735,122.39210388737611,-64.82900430950885,253.04285935714285,227.24000206666665
0.68,46,40,2,2,18,0.3,20,19,5886000.31,38.35412642941833,3.3976493114369943,1,3,1,133.70445953224188,2.607338516064337,8,2,9,0.10526315789473684,0.42105263157894735,122.39210388737611,-64.82900430950885,253.04285935714285,227.24000206666665
0.68,46,40,2,2,18,0.45,20,19,5886000.31,38.35412642941833,3.3976493114369943,1,3,1,133.70445953224188,2.607338516064337,8,2,9,0.10526315789473684,0.42105263157894735,122.39210388737611,-64.82900430950885,253.04285935714285,227.24000206666665
0.68,46,40,2,2,18,0.6,20,19,5886000.31,38.35412642941833,3.3976493114369943,1,3,1,133.70445953224188,2.607338516064337,8,2,9,0.10526315789473684,0.42105263157894735,122.39210388737611,-64.82900430950885,253.04285935714285,227.24000206666665
0.73,28,28,2,0,14,0.6,20,19,5886000.31,38.35412642941833,3.3976493114369943,1,3,1,133.70445953224188,2.607338516064337,8,2,9,0.10526315789473684,0.42105263157894735,122.39210388737611,-64.82900430950885,253.04285935714285,227.24000206666665
0.73,28,28,2,0,18,0.6,20,19,5886000.31,38.35412642941833,3.3976493114369943,1,3,1,133.70445953224188,2.607338516064337,8,2,9,0.10526315789473684,0.42105263157894735,122.39210388737611,-64.82900430950885,253.04285935714285,227.24000206666665
0.73,28,28,2,1,14,0.3,20,19,5886000.31,38.35412642941833,3.3976493114369943,1,3,1,133.70445953224188,2.607338516064337,8,2,9,0.10526315789473684,0.42105263157894735,122.39210388737611,-64.82900430950885,253.04285935714285,227.24000206666665
0.73,28,28,2,1,14,0.45,20,19,5886000.31,38.35412642941833,3.3976493114369943,1,3,1,133.70445953224188,2.607338516064337,8,2,9,0.10526315789473684,0.42105263157894735,122.39210388737611,-64.82900430950885,253.04285935714285,227.24000206666665
0.73,28,28,2,1,14,0.6,20,19,5886000.31,38.35412642941833,3.3976493114369943,1,3,1,133.70445953224188,2.607338516064337,8,2,9,0.10526315789473684,0.42105263157894735,122.39210388737611,-64.82900430950885,253.04285935714285,227.24000206666665
0.73,28,28,2,1,18,0.3,20,19,5886000.31,38.35412642941833,3.3976493114369943,1,3,1,133.70445953224188,2.607338516064337,8,2,9,0.10526315789473684,0.42105263157894735,122.39210388737611,-64.82900430950885,253.04285935714285,227.24000206666665
0.73,28,28,2,1,18,0.45,20,19,5886000.31,38.35412642941833,3.3976493114369943,1,3,1,133.70445953224188,2.607338516064337,8,2,9,0.10526315789473684,0.42105263157894735,122.39210388737611,-64.82900430950885,253.04285935714285,227.24000206666665
0.73,28,28,2,1,18,0.6,20,19,5886000.31,38.35412642941833,3.3976493114369943,1,3,1,133.70445953224188,2.607338516064337,8,2,9,0.10526315789473684,0.42105263157894735,122.39210388737611,-64.82900430950885,253.04285935714285,227.24000206666665
0.73,28,28,2,2,18,0.3,20,19,5886000.31,38.35412642941833,3.3976493114369943,1,3,1,133.70445953224188,2.607338516064337,8,2,9,0.10526315789473684,0.42105263157894735,122.39210388737611,-64.82900430950885,253.04285935714285,227.24000206666665
0.73,28,28,2,2,18,0.45,20,19,5886000.31,38.35412642941833,3.3976493114369943,1,3,1,133.70445953224188,2.607338516064337,8,2,9,0.10526315789473684,0.42105263157894735,122.39210388737611,-64.82900430950885,253.04285935714285,227.24000206666665
0.73,28,28,2,2,18,0.6,20,19,5886000.31,38.35412642941833,3.3976493114369943,1,3,1,133.70445953224188,2.607338516064337,8,2,9,0.10526315789473684,0.42105263157894735,122.39210388737611,-64.82900430950885,253.04285935714285,227.24000206666665
0.73,28,34,2,0,14,0.6,20,19,5886000.31,38.35412642941833,3.3976493114369943,1,3,1,133.70445953224188,2.607338516064337,8,2,9,0.10526315789473684,0.42105263157894735,122.39210388737611,-64.82900430950885,253.04285935714285,227.24000206666665
0.73,28,34,2,0,18,0.6,20,19,5886000.31,38.35412642941833,3.3976493114369943,1,3,1,133.70445953224188,2.607338516064337,8,2,9,0.10526315789473684,0.42105263157894735,122.39210388737611,-64.82900430950885,253.04285935714285,227.24000206666665
0.73,28,34,2,1,14,0.3,20,19,5886000.31,38.35412642941833,3.3976493114369943,1,3,1,133.70445953224188,2.607338516064337,8,2,9,0.10526315789473684,0.42105263157894735,122.39210388737611,-64.82900430950885,253.04285935714285,227.24000206666665
0.73,28,34,2,1,14,0.45,20,19,5886000.31,38.35412642941833,3.3976493114369943,1,3,1,133.70445953224188,2.607338516064337,8,2,9,0.10526315789473684,0.42105263157894735,122.39210388737611,-64.82900430950885,253.04285935714285,227.24000206666665
0.73,28,34,2,1,14,0.6,20,19,5886000.31,38.35412642941833,3.3976493114369943,1,3,1,133.70445953224188,2.607338516064337,8,2,9,0.10526315789473684,0.42105263157894735,122.39210388737611,-64.82900430950885,253.04285935714285,227.24000206666665
0.73,28,34,2,1,18,0.3,20,19,5886000.31,38.35412642941833,3.3976493114369943,1,3,1,133.70445953224188,2.607338516064337,8,2,9,0.10526315789473684,0.42105263157894735,122.39210388737611,-64.82900430950885,253.04285935714285,227.24000206666665
0.73,28,34,2,1,18,0.45,20,19,5886000.31,38.35412642941833,3.3976493114369943,1,3,1,133.70445953224188,2.607338516064337,8,2,9,0.10526315789473684,0.42105263157894735,122.39210388737611,-64.82900430950885,253.04285935714285,227.24000206666665
0.73,28,34,2,1,18,0.6,20,19,5886000.31,38.35412642941833,3.3976493114369943,1,3,1,133.70445953224188,2.607338516064337,8,2,9,0.10526315789473684,0.42105263157894735,122.39210388737611,-64.82900430950885,253.04285935714285,227.24000206666665
0.73,28,34,2,2,18,0.3,20,19,5886000.31,38.35412642941833,3.3976493114369943,1,3,1,133.70445953224188,2.607338516064337,8,2,9,0.10526315789473684,0.42105263157894735,122.39210388737611,-64.82900430950885,253.04285935714285,227.24000206666665
0.73,28,34,2,2,18,0.45,20,19,5886000.31,38.35412642941833,3.3976493114369943,1,3,1,133.70445953224188,2.607338516064337,8,2,9,0.10526315789473684,0.42105263157894735,122.39210388737611,-64.82900430950885,253.04285935714285,227.24000206666665
0.73,28,34,2,2,18,0.6,20,19,5886000.31,38.35412642941833,3.3976493114369943,1,3,1,133.70445953224188,2.607338516064337,8,2,9,0.10526315789473684,0.42105263157894735,122.39210388737611,-64.82900430950885,253.04285935714285,227.24000206666665
0.73,28,40,2,0,14,0.6,20,19,5886000.31,38.35412642941833,3.3976493114369943,1,3,1,133.70445953224188,2.607338516064337,8,2,9,0.10526315789473684,0.42105263157894735,122.39210388737611,-64.82900430950885,253.04285935714285,227.24000206666665
0.73,28,40,2,0,18,0.6,20,19,5886000.31,38.35412642941833,3.3976493114369943,1,3,1,133.70445953224188,2.607338516064337,8,2,9,0.10526315789473684,0.42105263157894735,122.39210388737611,-64.82900430950885,253.04285935714285,227.24000206666665
0.73,28,40,2,1,14,0.3,20,19,5886000.31,38.35412642941833,3.3976493114369943,1,3,1,133.70445953224188,2.607338516064337,8,2,9,0.10526315789473684,0.42105263157894735,122.39210388737611,-64.82900430950885,253.04285935714285,227.24000206666665
0.73,28,40,2,1,14,0.45,20,19,5886000.31,38.35412642941833,3.3976493114369943,1,3,1,133.70445953224188,2.607338516064337,8,2,9,0.10526315789473684,0.42105263157894735,122.39210388737611,-64.82900430950885,253.04285935714285,227.24000206666665
0.73,28,40,2,1,14,0.6,20,19,5886000.31,38.35412642941833,3.3976493114369943,1,3,1,133.70445953224188,2.607338516064337,8,2,9,0.10526315789473684,0.42105263157894735,122.39210388737611,-64.82900430950885,253.04285935714285,227.24000206666665
0.73,28,40,2,1,18,0.3,20,19,5886000.31,38.35412642941833,3.3976493114369943,1,3,1,133.70445953224188,2.607338516064337,8,2,9,0.10526315789473684,0.42105263157894735,122.39210388737611,-64.82900430950885,253.04285935714285,227.24000206666665
0.73,28,40,2,1,18,0.45,20,19,5886000.31,38.35412642941833,3.3976493114369943,1,3,1,133.70445953224188,2.607338516064337,8,2,9,0.10526315789473684,0.42105263157894735,122.39210388737611,-64.82900430950885,253.04285935714285,227.24000206666665
0.73,28,40,2,1,18,0.6,20,19,5886000.31,38.35412642941833,3.3976493114369943,1,3,1,133.70445953224188,2.607338516064337,8,2,9,0.10526315789473684,0.42105263157894735,122.39210388737611,-64.82900430950885,253.04285935714285,227.24000206666665
0.73,28,40,2,2,18,0.3,20,19,5886000.31,38.35412642941833,3.3976493114369943,1,3,1,133.70445953224188,2.607338516064337,8,2,9,0.10526315789473684,0.42105263157894735,122.39210388737611,-64.82900430950885,253.04285935714285,227.24000206666665
0.73,28,40,2,2,18,0.45,20,19,5886000.31,38.35412642941833,3.3976493114369943,1,3,1,133.70445953224188,2.607338516064337,8,2,9,0.10526315789473684,0.42105263157894735,122.39210388737611,-64.82900430950885,253.04285935714285,227.24000206666665
0.73,28,40,2,2,18,0.6,20,19,5886000.31,38.35412642941833,3.3976493114369943,1,3,1,133.70445953224188,2.607338516064337,8,2,9,0.10526315789473684,0.42105263157894735,122.39210388737611,-64.82900430950885,253.04285935714285,227.24000206666665
0.73,34,28,2,0,14,0.6,20,19,5886000.31,38.35412642941833,3.3976493114369943,1,3,1,133.70445953224188,2.607338516064337,8,2,9,0.10526315789473684,0.42105263157894735,122.39210388737611,-64.82900430950885,253.04285935714285,227.24000206666665
0.73,34,28,2,0,18,0.6,20,19,5886000.31,38.35412642941833,3.3976493114369943,1,3,1,133.70445953224188,2.607338516064337,8,2,9,0.10526315789473684,0.42105263157894735,122.39210388737611,-64.82900430950885,253.04285935714285,227.24000206666665
0.73,34,28,2,1,14,0.3,20,19,5886000.31,38.35412642941833,3.3976493114369943,1,3,1,133.70445953224188,2.607338516064337,8,2,9,0.10526315789473684,0.42105263157894735,122.39210388737611,-64.82900430950885,253.04285935714285,227.24000206666665
0.73,34,28,2,1,14,0.45,20,19,5886000.31,38.35412642941833,3.3976493114369943,1,3,1,133.70445953224188,2.607338516064337,8,2,9,0.10526315789473684,0.42105263157894735,122.39210388737611,-64.82900430950885,253.04285935714285,227.24000206666665
0.73,34,28,2,1,14,0.6,20,19,5886000.31,38.35412642941833,3.3976493114369943,1,3,1,133.70445953224188,2.607338516064337,8,2,9,0.10526315789473684,0.42105263157894735,122.39210388737611,-64.82900430950885,253.04285935714285,227.24000206666665
0.73,34,28,2,1,18,0.3,20,19,5886000.31,38.35412642941833,3.3976493114369943,1,3,1,133.70445953224188,2.607338516064337,8,2,9,0.10526315789473684,0.42105263157894735,122.39210388737611,-64.82900430950885,253.04285935714285,227.24000206666665
0.73,34,28,2,1,18,0.45,20,19,5886000.31,38.35412642941833,3.3976493114369943,1,3,1,133.70445953224188,2.607338516064337,8,2,9,0.10526315789473684,0.42105263157894735,122.39210388737611,-64.82900430950885,253.04285935714285,227.24000206666665
0.73,34,28,2,1,18,0.6,20,19,5886000.31,38.35412642941833,3.3976493114369943,1,3,1,133.70445953224188,2.607338516064337,8,2,9,0.10526315789473684,0.42105263157894735,122.39210388737611,-64.82900430950885,253.04285935714285,227.24000206666665
0.73,34,28,2,2,18,0.3,20,19,5886000.31,38.35412642941833,3.3976493114369943,1,3,1,133.70445953224188,2.607338516064337,8,2,9,0.10526315789473684,0.42105263157894735,122.39210388737611,-64.82900430950885,253.04285935714285,227.24000206666665
0.73,34,28,2,2,18,0.45,20,19,5886000.31,38.35412642941833,3.3976493114369943,1,3,1,133.70445953224188,2.607338516064337,8,2,9,0.10526315789473684,0.42105263157894735,122.39210388737611,-64.82900430950885,253.04285935714285,227.24000206666665
0.73,34,28,2,2,18,0.6,20,19,5886000.31,38.35412642941833,3.3976493114369943,1,3,1,133.70445953224188,2.607338516064337,8,2,9,0.10526315789473684,0.42105263157894735,122.39210388737611,-64.82900430950885,253.04285935714285,227.24000206666665
0.73,34,34,2,0,14,0.6,20,19,5886000.31,38.35412642941833,3.3976493114369943,1,3,1,133.70445953224188,2.607338516064337,8,2,9,0.10526315789473684,0.42105263157894735,122.39210388737611,-64.82900430950885,253.04285935714285,227.24000206666665
0.73,34,34,2,0,18,0.6,20,19,5886000.31,38.35412642941833,3.3976493114369943,1,3,1,133.70445953224188,2.607338516064337,8,2,9,0.10526315789473684,0.42105263157894735,122.39210388737611,-64.82900430950885,253.04285935714285,227.24000206666665
0.73,34,34,2,1,14,0.3,20,19,5886000.31,38.35412642941833,3.3976493114369943,1,3,1,133.70445953224188,2.607338516064337,8,2,9,0.10526315789473684,0.42105263157894735,122.39210388737611,-64.82900430950885,253.04285935714285,227.24000206666665
0.73,34,34,2,1,14,0.45,20,19,5886000.31,38.35412642941833,3.3976493114369943,1,3,1,133.70445953224188,2.607338516064337,8,2,9,0.10526315789473684,0.42105263157894735,122.39210388737611,-64.82900430950885,253.04285935714285,227.24000206666665
0.73,34,34,2,1,14,0.6,20,19,5886000.31,38.35412642941833,3.3976493114369943,1,3,1,133.70445953224188,2.607338516064337,8,2,9,0.10526315789473684,0.42105263157894735,122.39210388737611,-64.82900430950885,253.04285935714285,227.24000206666665
0.73,34,34,2,1,18,0.3,20,19,5886000.31,38.35412642941833,3.3976493114369943,1,3,1,133.70445953224188,2.607338516064337,8,2,9,0.10526315789473684,0.42105263157894735,122.39210388737611,-64.82900430950885,253.04285935714285,227.24000206666665
0.73,34,34,2,1,18,0.45,20,19,5886000.31,38.35412642941833,3.3976493114369943,1,3,1,133.70445953224188,2.607338516064337,8,2,9,0.10526315789473684,0.42105263157894735,122.39210388737611,-64.82900430950885,253.04285935714285,227.24000206666665
0.73,34,34,2,1,18,0.6,20,19,5886000.31,38.35412642941833,3.3976493114369943,1,3,1,133.70445953224188,2.607338516064337,8,2,9,0.10526315789473684,0.42105263157894735,122.39210388737611,-64.82900430950885,253.04285935714285,227.24000206666665
0.73,34,34,2,2,18,0.3,20,19,5886000.31,38.35412642941833,3.3976493114369943,1,3,1,133.70445953224188,2.607338516064337,8,2,9,0.10526315789473684,0.42105263157894735,122.39210388737611,-64.82900430950885,253.04285935714285,227.24000206666665
0.73,34,34,2,2,18,0.45,20,19,5886000.31,38.35412642941833,3.3976493114369943,1,3,1,133.70445953224188,2.607338516064337,8,2,9,0.10526315789473684,0.42105263157894735,122.39210388737611,-64.82900430950885,253.04285935714285,227.24000206666665
0.73,34,34,2,2,18,0.6,20,19,5886000.31,38.35412642941833,3.3976493114369943,1,3,1,133.70445953224188,2.607338516064337,8,2,9,0.10526315789473684,0.42105263157894735,122.39210388737611,-64.82900430950885,253.04285935714285,227.24000206666665
0.73,34,40,2,0,14,0.6,20,19,5886000.31,38.35412642941833,3.3976493114369943,1,3,1,133.70445953224188,2.607338516064337,8,2,9,0.10526315789473684,0.42105263157894735,122.39210388737611,-64.82900430950885,253.04285935714285,227.24000206666665
0.73,34,40,2,0,18,0.6,20,19,5886000.31,38.35412642941833,3.3976493114369943,1,3,1,133.70445953224188,2.607338516064337,8,2,9,0.10526315789473684,0.42105263157894735,122.39210388737611,-64.82900430950885,253.04285935714285,227.24000206666665
0.73,34,40,2,1,14,0.3,20,19,5886000.31,38.35412642941833,3.3976493114369943,1,3,1,133.70445953224188,2.607338516064337,8,2,9,0.10526315789473684,0.42105263157894735,122.39210388737611,-64.82900430950885,253.04285935714285,227.24000206666665
0.73,34,40,2,1,14,0.45,20,19,5886000.31,38.35412642941833,3.3976493114369943,1,3,1,133.70445953224188,2.607338516064337,8,2,9,0.10526315789473684,0.42105263157894735,122.39210388737611,-64.82900430950885,253.04285935714285,227.24000206666665
0.73,34,40,2,1,14,0.6,20,19,5886000.31,38.35412642941833,3.3976493114369943,1,3,1,133.70445953224188,2.607338516064337,8,2,9,0.10526315789473684,0.42105263157894735,122.39210388737611,-64.82900430950885,253.04285935714285,227.24000206666665
0.73,34,40,2,1,18,0.3,20,19,5886000.31,38.35412642941833,3.3976493114369943,1,3,1,133.70445953224188,2.607338516064337,8,2,9,0.10526315789473684,0.42105263157894735,122.39210388737611,-64.82900430950885,253.04285935714285,227.24000206666665
0.73,34,40,2,1,18,0.45,20,19,5886000.31,38.35412642941833,3.3976493114369943,1,3,1,133.70445953224188,2.607338516064337,8,2,9,0.10526315789473684,0.42105263157894735,122.39210388737611,-64.82900430950885,253.04285935714285,227.24000206666665
0.73,34,40,2,1,18,0.6,20,19,5886000.31,38.35412642941833,3.3976493114369943,1,3,1,133.70445953224188,2.607338516064337,8,2,9,0.10526315789473684,0.42105263157894735,122.39210388737611,-64.82900430950885,253.04285935714285,227.24000206666665
0.73,34,40,2,2,18,0.3,20,19,5886000.31,38.35412642941833,3.3976493114369943,1,3,1,133.70445953224188,2.607338516064337,8,2,9,0.10526315789473684,0.42105263157894735,122.39210388737611,-64.82900430950885,253.04285935714285,227.24000206666665
0.73,34,40,2,2,18,0.45,20,19,5886000.31,38.35412642941833,3.3976493114369943,1,3,1,133.70445953224188,2.607338516064337,8,2,9,0.10526315789473684,0.42105263157894735,122.39210388737611,-64.82900430950885,253.04285935714285,227.24000206666665
0.73,34,40,2,2,18,0.6,20,19,5886000.31,38.35412642941833,3.3976493114369943,1,3,1,133.70445953224188,2.607338516064337,8,2,9,0.10526315789473684,0.42105263157894735,122.39210388737611,-64.82900430950885,253.04285935714285,227.24000206666665
0.73,40,28,2,0,14,0.6,20,19,5886000.31,38.35412642941833,3.3976493114369943,1,3,1,133.70445953224188,2.607338516064337,8,2,9,0.10526315789473684,0.42105263157894735,122.39210388737611,-64.82900430950885,253.04285935714285,227.24000206666665
0.73,40,28,2,0,18,0.6,20,19,5886000.31,38.35412642941833,3.3976493114369943,1,3,1,133.70445953224188,2.607338516064337,8,2,9,0.10526315789473684,0.42105263157894735,122.39210388737611,-64.82900430950885,253.04285935714285,227.24000206666665
0.73,40,28,2,1,14,0.3,20,19,5886000.31,38.35412642941833,3.3976493114369943,1,3,1,133.70445953224188,2.607338516064337,8,2,9,0.10526315789473684,0.42105263157894735,122.39210388737611,-64.82900430950885,253.04285935714285,227.24000206666665
0.73,40,28,2,1,14,0.45,20,19,5886000.31,38.35412642941833,3.3976493114369943,1,3,1,133.70445953224188,2.607338516064337,8,2,9,0.10526315789473684,0.42105263157894735,122.39210388737611,-64.82900430950885,253.04285935714285,227.24000206666665
0.73,40,28,2,1,14,0.6,20,19,5886000.31,38.35412642941833,3.3976493114369943,1,3,1,133.70445953224188,2.607338516064337,8,2,9,0.10526315789473684,0.42105263157894735,122.39210388737611,-64.82900430950885,253.04285935714285,227.24000206666665
0.73,40,28,2,1,18,0.3,20,19,5886000.31,38.35412642941833,3.3976493114369943,1,3,1,133.70445953224188,2.607338516064337,8,2,9,0.10526315789473684,0.42105263157894735,122.39210388737611,-64.82900430950885,253.04285935714285,227.24000206666665
0.73,40,28,2,1,18,0.45,20,19,5886000.31,38.35412642941833,3.3976493114369943,1,3,1,133.70445953224188,2.607338516064337,8,2,9,0.10526315789473684,0.42105263157894735,122.39210388737611,-64.82900430950885,253.04285935714285,227.24000206666665
0.73,40,28,2,1,18,0.6,20,19,5886000.31,38.35412642941833,3.3976493114369943,1,3,1,133.70445953224188,2.607338516064337,8,2,9,0.10526315789473684,0.42105263157894735,122.39210388737611,-64.82900430950885,253.04285935714285,227.24000206666665
0.73,40,28,2,2,18,0.3,20,19,5886000.31,38.35412642941833,3.3976493114369943,1,3,1,133.70445953224188,2.607338516064337,8,2,9,0.10526315789473684,0.42105263157894735,122.39210388737611,-64.82900430950885,253.04285935714285,227.24000206666665
0.73,40,28,2,2,18,0.45,20,19,5886000.31,38.35412642941833,3.3976493114369943,1,3,1,133.70445953224188,2.607338516064337,8,2,9,0.10526315789473684,0.42105263157894735,122.39210388737611,-64.82900430950885,253.04285935714285,227.24000206666665
0.73,40,28,2,2,18,0.6,20,19,5886000.31,38.35412642941833,3.3976493114369943,1,3,1,133.70445953224188,2.607338516064337,8,2,9,0.10526315789473684,0.42105263157894735,122.39210388737611,-64.82900430950885,253.04285935714285,227.24000206666665
0.73,40,34,2,0,14,0.6,20,19,5886000.31,38.35412642941833,3.3976493114369943,1,3,1,133.70445953224188,2.607338516064337,8,2,9,0.10526315789473684,0.42105263157894735,122.39210388737611,-64.82900430950885,253.04285935714285,227.24000206666665
0.73,40,34,2,0,18,0.6,20,19,5886000.31,38.35412642941833,3.3976493114369943,1,3,1,133.70445953224188,2.607338516064337,8,2,9,0.10526315789473684,0.42105263157894735,122.39210388737611,-64.82900430950885,253.04285935714285,227.24000206666665
0.73,40,34,2,1,14,0.3,20,19,5886000.31,38.35412642941833,3.3976493114369943,1,3,1,133.70445953224188,2.607338516064337,8,2,9,0.10526315789473684,0.42105263157894735,122.39210388737611,-64.82900430950885,253.04285935714285,227.24000206666665
0.73,40,34,2,1,14,0.45,20,19,5886000.31,38.35412642941833,3.3976493114369943,1,3,1,133.70445953224188,2.607338516064337,8,2,9,0.10526315789473684,0.42105263157894735,122.39210388737611,-64.82900430950885,253.04285935714285,227.24000206666665
0.73,40,34,2,1,14,0.6,20,19,5886000.31,38.35412642941833,3.3976493114369943,1,3,1,133.70445953224188,2.607338516064337,8,2,9,0.10526315789473684,0.42105263157894735,122.39210388737611,-64.82900430950885,253.04285935714285,227.24000206666665
0.73,40,34,2,1,18,0.3,20,19,5886000.31,38.35412642941833,3.3976493114369943,1,3,1,133.70445953224188,2.607338516064337,8,2,9,0.10526315789473684,0.42105263157894735,122.39210388737611,-64.82900430950885,253.04285935714285,227.24000206666665
0.73,40,34,2,1,18,0.45,20,19,5886000.31,38.35412642941833,3.3976493114369943,1,3,1,133.70445953224188,2.607338516064337,8,2,9,0.10526315789473684,0.42105263157894735,122.39210388737611,-64.82900430950885,253.04285935714285,227.24000206666665
0.73,40,34,2,1,18,0.6,20,19,5886000.31,38.35412642941833,3.3976493114369943,1,3,1,133.70445953224188,2.607338516064337,8,2,9,0.10526315789473684,0.42105263157894735,122.39210388737611,-64.82900430950885,253.04285935714285,227.24000206666665
0.73,40,34,2,2,18,0.3,20,19,5886000.31,38.35412642941833,3.3976493114369943,1,3,1,133.70445953224188,2.607338516064337,8,2,9,0.10526315789473684,0.42105263157894735,122.39210388737611,-64.82900430950885,253.04285935714285,227.24000206666665
0.73,40,34,2,2,18,0.45,20,19,5886000.31,38.35412642941833,3.3976493114369943,1,3,1,133.70445953224188,2.607338516064337,8,2,9,0.10526315789473684,0.42105263157894735,122.39210388737611,-64.82900430950885,253.04285935714285,227.24000206666665
0.73,40,34,2,2,18,0.6,20,19,5886000.31,38.35412642941833,3.3976493114369943,1,3,1,133.70445953224188,2.607338516064337,8,2,9,0.10526315789473684,0.42105263157894735,122.39210388737611,-64.82900430950885,253.04285935714285,227.24000206666665
0.73,40,40,2,0,14,0.6,20,19,5886000.31,38.35412642941833,3.3976493114369943,1,3,1,133.70445953224188,2.607338516064337,8,2,9,0.10526315789473684,0.42105263157894735,122.39210388737611,-64.82900430950885,253.04285935714285,227.24000206666665
0.73,40,40,2,0,18,0.6,20,19,5886000.31,38.35412642941833,3.3976493114369943,1,3,1,133.70445953224188,2.607338516064337,8,2,9,0.10526315789473684,0.42105263157894735,122.39210388737611,-64.82900430950885,253.04285935714285,227.24000206666665
0.73,40,40,2,1,14,0.3,20,19,5886000.31,38.35412642941833,3.3976493114369943,1,3,1,133.70445953224188,2.607338516064337,8,2,9,0.10526315789473684,0.42105263157894735,122.39210388737611,-64.82900430950885,253.04285935714285,227.24000206666665
0.73,40,40,2,1,14,0.45,20,19,5886000.31,38.35412642941833,3.3976493114369943,1,3,1,133.70445953224188,2.607338516064337,8,2,9,0.10526315789473684,0.42105263157894735,122.39210388737611,-64.82900430950885,253.04285935714285,227.24000206666665
0.73,40,40,2,1,14,0.6,20,19,5886000.31,38.35412642941833,3.3976493114369943,1,3,1,133.70445953224188,2.607338516064337,8,2,9,0.10526315789473684,0.42105263157894735,122.39210388737611,-64.82900430950885,253.04285935714285,227.24000206666665
0.73,40,40,2,1,18,0.3,20,19,5886000.31,38.35412642941833,3.3976493114369943,1,3,1,133.70445953224188,2.607338516064337,8,2,9,0.10526315789473684,0.42105263157894735,122.39210388737611,-64.82900430950885,253.04285935714285,227.24000206666665
0.73,40,40,2,1,18,0.45,20,19,5886000.31,38.35412642941833,3.3976493114369943,1,3,1,133.70445953224188,2.607338516064337,8,2,9,0.10526315789473684,0.42105263157894735,122.39210388737611,-64.82900430950885,253.04285935714285,227.24000206666665
0.73,40,40,2,1,18,0.6,20,19,5886000.31,38.35412642941833,3.3976493114369943,1,3,1,133.70445953224188,2.607338516064337,8,2,9,0.10526315789473684,0.42105263157894735,122.39210388737611,-64.82900430950885,253.04285935714285,227.24000206666665
0.73,40,40,2,2,18,0.3,20,19,5886000.31,38.35412642941833,3.3976493114369943,1,3,1,133.70445953224188,2.607338516064337,8,2,9,0.10526315789473684,0.42105263157894735,122.39210388737611,-64.82900430950885,253.04285935714285,227.24000206666665
0.73,40,40,2,2,18,0.45,20,19,5886000.31,38.35412642941833,3.3976493114369943,1,3,1,133.70445953224188,2.607338516064337,8,2,9,0.10526315789473684,0.42105263157894735,122.39210388737611,-64.82900430950885,253.04285935714285,227.24000206666665
0.73,40,40,2,2,18,0.6,20,19,5886000.31,38.35412642941833,3.3976493114369943,1,3,1,133.70445953224188,2.607338516064337,8,2,9,0.10526315789473684,0.42105263157894735,122.39210388737611,-64.82900430950885,253.04285935714285,227.24000206666665
0.73,46,28,2,0,14,0.6,20,19,5886000.31,38.35412642941833,3.3976493114369943,1,3,1,133.70445953224188,2.607338516064337,8,2,9,0.10526315789473684,0.42105263157894735,122.39210388737611,-64.82900430950885,253.04285935714285,227.24000206666665
0.73,46,28,2,0,18,0.6,20,19,5886000.31,38.35412642941833,3.3976493114369943,1,3,1,133.70445953224188,2.607338516064337,8,2,9,0.10526315789473684,0.42105263157894735,122.39210388737611,-64.82900430950885,253.04285935714285,227.24000206666665
0.73,46,28,2,1,14,0.3,20,19,5886000.31,38.35412642941833,3.3976493114369943,1,3,1,133.70445953224188,2.607338516064337,8,2,9,0.10526315789473684,0.42105263157894735,122.39210388737611,-64.82900430950885,253.04285935714285,227.24000206666665
0.73,46,28,2,1,14,0.45,20,19,5886000.31,38.35412642941833,3.3976493114369943,1,3,1,133.70445953224188,2.607338516064337,8,2,9,0.10526315789473684,0.42105263157894735,122.39210388737611,-64.82900430950885,253.04285935714285,227.24000206666665
0.73,46,28,2,1,14,0.6,20,19,5886000.31,38.35412642941833,3.3976493114369943,1,3,1,133.70445953224188,2.607338516064337,8,2,9,0.10526315789473684,0.42105263157894735,122.39210388737611,-64.82900430950885,253.04285935714285,227.24000206666665
0.73,46,28,2,1,18,0.3,20,19,5886000.31,38.35412642941833,3.3976493114369943,1,3,1,133.70445953224188,2.607338516064337,8,2,9,0.10526315789473684,0.42105263157894735,122.39210388737611,-64.82900430950885,253.04285935714285,227.24000206666665
0.73,46,28,2,1,18,0.45,20,19,5886000.31,38.35412642941833,3.3976493114369943,1,3,1,133.70445953224188,2.607338516064337,8,2,9,0.10526315789473684,0.42105263157894735,122.39210388737611,-64.82900430950885,253.04285935714285,227.24000206666665
0.73,46,28,2,1,18,0.6,20,19,5886000.31,38.35412642941833,3.3976493114369943,1,3,1,133.70445953224188,2.607338516064337,8,2,9,0.10526315789473684,0.42105263157894735,122.39210388737611,-64.82900430950885,253.04285935714285,227.24000206666665
0.73,46,28,2,2,18,0.3,20,19,5886000.31,38.35412642941833,3.3976493114369943,1,3,1,133.70445953224188,2.607338516064337,8,2,9,0.10526315789473684,0.42105263157894735,122.39210388737611,-64.82900430950885,253.04285935714285,227.24000206666665
0.73,46,28,2,2,18,0.45,20,19,5886000.31,38.35412642941833,3.3976493114369943,1,3,1,133.70445953224188,2.607338516064337,8,2,9,0.10526315789473684,0.42105263157894735,122.39210388737611,-64.82900430950885,253.04285935714285,227.24000206666665
0.73,46,28,2,2,18,0.6,20,19,5886000.31,38.35412642941833,3.3976493114369943,1,3,1,133.70445953224188,2.607338516064337,8,2,9,0.10526315789473684,0.42105263157894735,122.39210388737611,-64.82900430950885,253.04285935714285,227.24000206666665
0.73,46,34,2,0,14,0.6,20,19,5886000.31,38.35412642941833,3.3976493114369943,1,3,1,133.70445953224188,2.607338516064337,8,2,9,0.10526315789473684,0.42105263157894735,122.39210388737611,-64.82900430950885,253.04285935714285,227.24000206666665
0.73,46,34,2,0,18,0.6,20,19,5886000.31,38.35412642941833,3.3976493114369943,1,3,1,133.70445953224188,2.607338516064337,8,2,9,0.10526315789473684,0.42105263157894735,122.39210388737611,-64.82900430950885,253.04285935714285,227.24000206666665
0.73,46,34,2,1,14,0.3,20,19,5886000.31,38.35412642941833,3.3976493114369943,1,3,1,133.70445953224188,2.607338516064337,8,2,9,0.10526315789473684,0.42105263157894735,122.39210388737611,-64.82900430950885,253.04285935714285,227.24000206666665
0.73,46,34,2,1,14,0.45,20,19,5886000.31,38.35412642941833,3.3976493114369943,1,3,1,133.70445953224188,2.607338516064337,8,2,9,0.10526315789473684,0.42105263157894735,122.39210388737611,-64.82900430950885,253.04285935714285,227.24000206666665
0.73,46,34,2,1,14,0.6,20,19,5886000.31,38.35412642941833,3.3976493114369943,1,3,1,133.70445953224188,2.607338516064337,8,2,9,0.10526315789473684,0.42105263157894735,122.39210388737611,-64.82900430950885,253.04285935714285,227.24000206666665
0.73,46,34,2,1,18,0.3,20,19,5886000.31,38.35412642941833,3.3976493114369943,1,3,1,133.70445953224188,2.607338516064337,8,2,9,0.10526315789473684,0.42105263157894735,122.39210388737611,-64.82900430950885,253.04285935714285,227.24000206666665
0.73,46,34,2,1,18,0.45,20,19,5886000.31,38.35412642941833,3.3976493114369943,1,3,1,133.70445953224188,2.607338516064337,8,2,9,0.10526315789473684,0.42105263157894735,122.39210388737611,-64.82900430950885,253.04285935714285,227.24000206666665
0.73,46,34,2,1,18,0.6,20,19,5886000.31,38.35412642941833,3.3976493114369943,1,3,1,133.70445953224188,2.607338516064337,8,2,9,0.10526315789473684,0.42105263157894735,122.39210388737611,-64.82900430950885,253.04285935714285,227.24000206666665
0.73,46,34,2,2,18,0.3,20,19,5886000.31,38.35412642941833,3.3976493114369943,1,3,1,133.70445953224188,2.607338516064337,8,2,9,0.10526315789473684,0.42105263157894735,122.39210388737611,-64.82900430950885,253.04285935714285,227.24000206666665
0.73,46,34,2,2,18,0.45,20,19,5886000.31,38.35412642941833,3.3976493114369943,1,3,1,133.70445953224188,2.607338516064337,8,2,9,0.10526315789473684,0.42105263157894735,122.39210388737611,-64.82900430950885,253.04285935714285,227.24000206666665
0.73,46,34,2,2,18,0.6,20,19,5886000.31,38.35412642941833,3.3976493114369943,1,3,1,133.70445953224188,2.607338516064337,8,2,9,0.10526315789473684,0.42105263157894735,122.39210388737611,-64.82900430950885,253.04285935714285,227.24000206666665
0.73,46,40,2,0,14,0.6,20,19,5886000.31,38.35412642941833,3.3976493114369943,1,3,1,133.70445953224188,2.607338516064337,8,2,9,0.10526315789473684,0.42105263157894735,122.39210388737611,-64.82900430950885,253.04285935714285,227.24000206666665
0.73,46,40,2,0,18,0.6,20,19,5886000.31,38.35412642941833,3.3976493114369943,1,3,1,133.70445953224188,2.607338516064337,8,2,9,0.10526315789473684,0.42105263157894735,122.39210388737611,-64.82900430950885,253.04285935714285,227.24000206666665
0.73,46,40,2,1,14,0.3,20,19,5886000.31,38.35412642941833,3.3976493114369943,1,3,1,133.70445953224188,2.607338516064337,8,2,9,0.10526315789473684,0.42105263157894735,122.39210388737611,-64.82900430950885,253.04285935714285,227.24000206666665
0.73,46,40,2,1,14,0.45,20,19,5886000.31,38.35412642941833,3.3976493114369943,1,3,1,133.70445953224188,2.607338516064337,8,2,9,0.10526315789473684,0.42105263157894735,122.39210388737611,-64.82900430950885,253.04285935714285,227.24000206666665
0.73,46,40,2,1,14,0.6,20,19,5886000.31,38.35412642941833,3.3976493114369943,1,3,1,133.70445953224188,2.607338516064337,8,2,9,0.10526315789473684,0.42105263157894735,122.39210388737611,-64.82900430950885,253.04285935714285,227.24000206666665
0.73,46,40,2,1,18,0.3,20,19,5886000.31,38.35412642941833,3.3976493114369943,1,3,1,133.70445953224188,2.607338516064337,8,2,9,0.10526315789473684,0.42105263157894735,122.39210388737611,-64.82900430950885,253.04285935714285,227.24000206666665
0.73,46,40,2,1,18,0.45,20,19,5886000.31,38.35412642941833,3.3976493114369943,1,3,1,133.70445953224188,2.607338516064337,8,2,9,0.10526315789473684,0.42105263157894735,122.39210388737611,-64.82900430950885,253.04285935714285,227.24000206666665
0.73,46,40,2,1,18,0.6,20,19,5886000.31,38.35412642941833,3.3976493114369943,1,3,1,133.70445953224188,2.607338516064337,8,2,9,0.10526315789473684,0.42105263157894735,122.39210388737611,-64.82900430950885,253.04285935714285,227.24000206666665
0.73,46,40,2,2,18,0.3,20,19,5886000.31,38.35412642941833,3.3976493114369943,1,3,1,133.70445953224188,2.607338516064337,8,2,9,0.10526315789473684,0.42105263157894735,122.39210388737611,-64.82900430950885,253.04285935714285,227.24000206666665
0.73,46,40,2,2,18,0.45,20,19,5886000.31,38.35412642941833,3.3976493114369943,1,3,1,133.70445953224188,2.607338516064337,8,2,9,0.10526315789473684,0.42105263157894735,122.39210388737611,-64.82900430950885,253.04285935714285,227.24000206666665
0.73,46,40,2,2,18,0.6,20,19,5886000.31,38.35412642941833,3.3976493114369943,1,3,1,133.70445953224188,2.607338516064337,8,2,9,0.10526315789473684,0.42105263157894735,122.39210388737611,-64.82900430950885,253.04285935714285,227.24000206666665
0.78,28,28,2,0,14,0.6,20,19,5886000.31,38.35412642941833,3.3976493114369943,1,3,1,133.70445953224188,2.607338516064337,8,2,9,0.10526315789473684,0.42105263157894735,122.39210388737611,-64.82900430950885,253.04285935714285,227.24000206666665
0.78,28,28,2,0,18,0.6,20,19,5886000.31,38.35412642941833,3.3976493114369943,1,3,1,133.70445953224188,2.607338516064337,8,2,9,0.10526315789473684,0.42105263157894735,122.39210388737611,-64.82900430950885,253.04285935714285,227.24000206666665
0.78,28,28,2,0,22,0.6,20,19,5886000.31,38.35412642941833,3.3976493114369943,1,3,1,133.70445953224188,2.607338516064337,8,2,9,0.10526315789473684,0.42105263157894735,122.39210388737611,-64.82900430950885,253.04285935714285,227.24000206666665
0.78,28,28,2,1,14,0.3,20,19,5886000.31,38.35412642941833,3.3976493114369943,1,3,1,133.70445953224188,2.607338516064337,8,2,9,0.10526315789473684,0.42105263157894735,122.39210388737611,-64.82900430950885,253.04285935714285,227.24000206666665
0.78,28,28,2,1,14,0.45,20,19,5886000.31,38.35412642941833,3.3976493114369943,1,3,1,133.70445953224188,2.607338516064337,8,2,9,0.10526315789473684,0.42105263157894735,122.39210388737611,-64.82900430950885,253.04285935714285,227.24000206666665
0.78,28,28,2,1,14,0.6,20,19,5886000.31,38.35412642941833,3.3976493114369943,1,3,1,133.70445953224188,2.607338516064337,8,2,9,0.10526315789473684,0.42105263157894735,122.39210388737611,-64.82900430950885,253.04285935714285,227.24000206666665
0.78,28,28,2,1,18,0.3,20,19,5886000.31,38.35412642941833,3.3976493114369943,1,3,1,133.70445953224188,2.607338516064337,8,2,9,0.10526315789473684,0.42105263157894735,122.39210388737611,-64.82900430950885,253.04285935714285,227.24000206666665
0.78,28,28,2,1,18,0.45,20,19,5886000.31,38.35412642941833,3.3976493114369943,1,3,1,133.70445953224188,2.607338516064337,8,2,9,0.10526315789473684,0.42105263157894735,122.39210388737611,-64.82900430950885,253.04285935714285,227.24000206666665
0.78,28,28,2,1,18,0.6,20,19,5886000.31,38.35412642941833,3.3976493114369943,1,3,1,133.70445953224188,2.607338516064337,8,2,9,0.10526315789473684,0.42105263157894735,122.39210388737611,-64.82900430950885,253.04285935714285,227.24000206666665
0.78,28,28,2,1,22,0.3,20,19,5886000.31,38.35412642941833,3.3976493114369943,1,3,1,133.70445953224188,2.607338516064337,8,2,9,0.10526315789473684,0.42105263157894735,122.39210388737611,-64.82900430950885,253.04285935714285,227.24000206666665
0.78,28,28,2,1,22,0.45,20,19,5886000.31,38.35412642941833,3.3976493114369943,1,3,1,133.70445953224188,2.607338516064337,8,2,9,0.10526315789473684,0.42105263157894735,122.39210388737611,-64.82900430950885,253.04285935714285,227.24000206666665
0.78,28,28,2,1,22,0.6,20,19,5886000.31,38.35412642941833,3.3976493114369943,1,3,1,133.70445953224188,2.607338516064337,8,2,9,0.10526315789473684,0.42105263157894735,122.39210388737611,-64.82900430950885,253.04285935714285,227.24000206666665
0.78,28,28,2,2,18,0.3,20,19,5886000.31,38.35412642941833,3.3976493114369943,1,3,1,133.70445953224188,2.607338516064337,8,2,9,0.10526315789473684,0.42105263157894735,122.39210388737611,-64.82900430950885,253.04285935714285,227.24000206666665
0.78,28,28,2,2,18,0.45,20,19,5886000.31,38.35412642941833,3.3976493114369943,1,3,1,133.70445953224188,2.607338516064337,8,2,9,0.10526315789473684,0.42105263157894735,122.39210388737611,-64.82900430950885,253.04285935714285,227.24000206666665
0.78,28,28,2,2,18,0.6,20,19,5886000.31,38.35412642941833,3.3976493114369943,1,3,1,133.70445953224188,2.607338516064337,8,2,9,0.10526315789473684,0.42105263157894735,122.39210388737611,-64.82900430950885,253.04285935714285,227.24000206666665
0.78,28,28,2,2,22,0.3,20,19,5886000.31,38.35412642941833,3.3976493114369943,1,3,1,133.70445953224188,2.607338516064337,8,2,9,0.10526315789473684,0.42105263157894735,122.39210388737611,-64.82900430950885,253.04285935714285,227.24000206666665
0.78,28,28,2,2,22,0.45,20,19,5886000.31,38.35412642941833,3.3976493114369943,1,3,1,133.70445953224188,2.607338516064337,8,2,9,0.10526315789473684,0.42105263157894735,122.39210388737611,-64.82900430950885,253.04285935714285,227.24000206666665
0.78,28,28,2,2,22,0.6,20,19,5886000.31,38.35412642941833,3.3976493114369943,1,3,1,133.70445953224188,2.607338516064337,8,2,9,0.10526315789473684,0.42105263157894735,122.39210388737611,-64.82900430950885,253.04285935714285,227.24000206666665
0.78,28,34,2,0,14,0.6,20,19,5886000.31,38.35412642941833,3.3976493114369943,1,3,1,133.70445953224188,2.607338516064337,8,2,9,0.10526315789473684,0.42105263157894735,122.39210388737611,-64.82900430950885,253.04285935714285,227.24000206666665
0.78,28,34,2,0,18,0.6,20,19,5886000.31,38.35412642941833,3.3976493114369943,1,3,1,133.70445953224188,2.607338516064337,8,2,9,0.10526315789473684,0.42105263157894735,122.39210388737611,-64.82900430950885,253.04285935714285,227.24000206666665
0.78,28,34,2,0,22,0.6,20,19,5886000.31,38.35412642941833,3.3976493114369943,1,3,1,133.70445953224188,2.607338516064337,8,2,9,0.10526315789473684,0.42105263157894735,122.39210388737611,-64.82900430950885,253.04285935714285,227.24000206666665
0.78,28,34,2,1,14,0.3,20,19,5886000.31,38.35412642941833,3.3976493114369943,1,3,1,133.70445953224188,2.607338516064337,8,2,9,0.10526315789473684,0.42105263157894735,122.39210388737611,-64.82900430950885,253.04285935714285,227.24000206666665
0.78,28,34,2,1,14,0.45,20,19,5886000.31,38.35412642941833,3.3976493114369943,1,3,1,133.70445953224188,2.607338516064337,8,2,9,0.10526315789473684,0.42105263157894735,122.39210388737611,-64.82900430950885,253.04285935714285,227.24000206666665
0.78,28,34,2,1,14,0.6,20,19,5886000.31,38.35412642941833,3.3976493114369943,1,3,1,133.70445953224188,2.607338516064337,8,2,9,0.10526315789473684,0.42105263157894735,122.39210388737611,-64.82900430950885,253.04285935714285,227.24000206666665
0.78,28,34,2,1,18,0.3,20,19,5886000.31,38.35412642941833,3.3976493114369943,1,3,1,133.70445953224188,2.607338516064337,8,2,9,0.10526315789473684,0.42105263157894735,122.39210388737611,-64.82900430950885,253.04285935714285,227.24000206666665
0.78,28,34,2,1,18,0.45,20,19,5886000.31,38.35412642941833,3.3976493114369943,1,3,1,133.70445953224188,2.607338516064337,8,2,9,0.10526315789473684,0.42105263157894735,122.39210388737611,-64.82900430950885,253.04285935714285,227.24000206666665
0.78,28,34,2,1,18,0.6,20,19,5886000.31,38.35412642941833,3.3976493114369943,1,3,1,133.70445953224188,2.607338516064337,8,2,9,0.10526315789473684,0.42105263157894735,122.39210388737611,-64.82900430950885,253.04285935714285,227.24000206666665
0.78,28,34,2,1,22,0.3,20,19,5886000.31,38.35412642941833,3.3976493114369943,1,3,1,133.70445953224188,2.607338516064337,8,2,9,0.10526315789473684,0.42105263157894735,122.39210388737611,-64.82900430950885,253.04285935714285,227.24000206666665
0.78,28,34,2,1,22,0.45,20,19,5886000.31,38.35412642941833,3.3976493114369943,1,3,1,133.70445953224188,2.607338516064337,8,2,9,0.10526315789473684,0.42105263157894735,122.39210388737611,-64.82900430950885,253.04285935714285,227.24000206666665
0.78,28,34,2,1,22,0.6,20,19,5886000.31,38.35412642941833,3.3976493114369943,1,3,1,133.70445953224188,2.607338516064337,8,2,9,0.10526315789473684,0.42105263157894735,122.39210388737611,-64.82900430950885,253.04285935714285,227.24000206666665
0.78,28,34,2,2,18,0.3,20,19,5886000.31,38.35412642941833,3.3976493114369943,1,3,1,133.70445953224188,2.607338516064337,8,2,9,0.10526315789473684,0.42105263157894735,122.39210388737611,-64.82900430950885,253.04285935714285,227.24000206666665
0.78,28,34,2,2,18,0.45,20,19,5886000.31,38.35412642941833,3.3976493114369943,1,3,1,133.70445953224188,2.607338516064337,8,2,9,0.10526315789473684,0.42105263157894735,122.39210388737611,-64.82900430950885,253.04285935714285,227.24000206666665
0.78,28,34,2,2,18,0.6,20,19,5886000.31,38.35412642941833,3.3976493114369943,1,3,1,133.70445953224188,2.607338516064337,8,2,9,0.10526315789473684,0.42105263157894735,122.39210388737611,-64.82900430950885,253.04285935714285,227.24000206666665
0.78,28,34,2,2,22,0.3,20,19,5886000.31,38.35412642941833,3.3976493114369943,1,3,1,133.70445953224188,2.607338516064337,8,2,9,0.10526315789473684,0.42105263157894735,122.39210388737611,-64.82900430950885,253.04285935714285,227.24000206666665
0.78,28,34,2,2,22,0.45,20,19,5886000.31,38.35412642941833,3.3976493114369943,1,3,1,133.70445953224188,2.607338516064337,8,2,9,0.10526315789473684,0.42105263157894735,122.39210388737611,-64.82900430950885,253.04285935714285,227.24000206666665
0.78,28,34,2,2,22,0.6,20,19,5886000.31,38.35412642941833,3.3976493114369943,1,3,1,133.70445953224188,2.607338516064337,8,2,9,0.10526315789473684,0.42105263157894735,122.39210388737611,-64.82900430950885,253.04285935714285,227.24000206666665
0.78,28,40,2,0,14,0.6,20,19,5886000.31,38.35412642941833,3.3976493114369943,1,3,1,133.70445953224188,2.607338516064337,8,2,9,0.10526315789473684,0.42105263157894735,122.39210388737611,-64.82900430950885,253.04285935714285,227.24000206666665
0.78,28,40,2,0,18,0.6,20,19,5886000.31,38.35412642941833,3.3976493114369943,1,3,1,133.70445953224188,2.607338516064337,8,2,9,0.10526315789473684,0.42105263157894735,122.39210388737611,-64.82900430950885,253.04285935714285,227.24000206666665
0.78,28,40,2,0,22,0.6,20,19,5886000.31,38.35412642941833,3.3976493114369943,1,3,1,133.70445953224188,2.607338516064337,8,2,9,0.10526315789473684,0.42105263157894735,122.39210388737611,-64.82900430950885,253.04285935714285,227.24000206666665
0.78,28,40,2,1,14,0.3,20,19,5886000.31,38.35412642941833,3.3976493114369943,1,3,1,133.70445953224188,2.607338516064337,8,2,9,0.10526315789473684,0.42105263157894735,122.39210388737611,-64.82900430950885,253.04285935714285,227.24000206666665
0.78,28,40,2,1,14,0.45,20,19,5886000.31,38.35412642941833,3.3976493114369943,1,3,1,133.70445953224188,2.607338516064337,8,2,9,0.10526315789473684,0.42105263157894735,122.39210388737611,-64.82900430950885,253.04285935714285,227.24000206666665
0.78,28,40,2,1,14,0.6,20,19,5886000.31,38.35412642941833,3.3976493114369943,1,3,1,133.70445953224188,2.607338516064337,8,2,9,0.10526315789473684,0.42105263157894735,122.39210388737611,-64.82900430950885,253.04285935714285,227.24000206666665
0.78,28,40,2,1,18,0.3,20,19,5886000.31,38.35412642941833,3.3976493114369943,1,3,1,133.70445953224188,2.607338516064337,8,2,9,0.10526315789473684,0.42105263157894735,122.39210388737611,-64.82900430950885,253.04285935714285,227.24000206666665
0.78,28,40,2,1,18,0.45,20,19,5886000.31,38.35412642941833,3.3976493114369943,1,3,1,133.70445953224188,2.607338516064337,8,2,9,0.10526315789473684,0.42105263157894735,122.39210388737611,-64.82900430950885,253.04285935714285,227.24000206666665
0.78,28,40,2,1,18,0.6,20,19,5886000.31,38.35412642941833,3.3976493114369943,1,3,1,133.70445953224188,2.607338516064337,8,2,9,0.10526315789473684,0.42105263157894735,122.39210388737611,-64.82900430950885,253.04285935714285,227.24000206666665
0.78,28,40,2,1,22,0.3,20,19,5886000.31,38.35412642941833,3.3976493114369943,1,3,1,133.70445953224188,2.607338516064337,8,2,9,0.10526315789473684,0.42105263157894735,122.39210388737611,-64.82900430950885,253.04285935714285,227.24000206666665
0.78,28,40,2,1,22,0.45,20,19,5886000.31,38.35412642941833,3.3976493114369943,1,3,1,133.70445953224188,2.607338516064337,8,2,9,0.10526315789473684,0.42105263157894735,122.39210388737611,-64.82900430950885,253.04285935714285,227.24000206666665
0.78,28,40,2,1,22,0.6,20,19,5886000.31,38.35412642941833,3.3976493114369943,1,3,1,133.70445953224188,2.607338516064337,8,2,9,0.10526315789473684,0.42105263157894735,122.39210388737611,-64.82900430950885,253.04285935714285,227.24000206666665
0.78,28,40,2,2,18,0.3,20,19,5886000.31,38.35412642941833,3.3976493114369943,1,3,1,133.70445953224188,2.607338516064337,8,2,9,0.10526315789473684,0.42105263157894735,122.39210388737611,-64.82900430950885,253.04285935714285,227.24000206666665
0.78,28,40,2,2,18,0.45,20,19,5886000.31,38.35412642941833,3.3976493114369943,1,3,1,133.70445953224188,2.607338516064337,8,2,9,0.10526315789473684,0.42105263157894735,122.39210388737611,-64.82900430950885,253.04285935714285,227.24000206666665
0.78,28,40,2,2,18,0.6,20,19,5886000.31,38.35412642941833,3.3976493114369943,1,3,1,133.70445953224188,2.607338516064337,8,2,9,0.10526315789473684,0.42105263157894735,122.39210388737611,-64.82900430950885,253.04285935714285,227.24000206666665
0.78,28,40,2,2,22,0.3,20,19,5886000.31,38.35412642941833,3.3976493114369943,1,3,1,133.70445953224188,2.607338516064337,8,2,9,0.10526315789473684,0.42105263157894735,122.39210388737611,-64.82900430950885,253.04285935714285,227.24000206666665
0.78,28,40,2,2,22,0.45,20,19,5886000.31,38.35412642941833,3.3976493114369943,1,3,1,133.70445953224188,2.607338516064337,8,2,9,0.10526315789473684,0.42105263157894735,122.39210388737611,-64.82900430950885,253.04285935714285,227.24000206666665
0.78,28,40,2,2,22,0.6,20,19,5886000.31,38.35412642941833,3.3976493114369943,1,3,1,133.70445953224188,2.607338516064337,8,2,9,0.10526315789473684,0.42105263157894735,122.39210388737611,-64.82900430950885,253.04285935714285,227.24000206666665
0.78,34,28,2,0,14,0.6,20,19,5886000.31,38.35412642941833,3.3976493114369943,1,3,1,133.70445953224188,2.607338516064337,8,2,9,0.10526315789473684,0.42105263157894735,122.39210388737611,-64.82900430950885,253.04285935714285,227.24000206666665
0.78,34,28,2,0,18,0.6,20,19,5886000.31,38.35412642941833,3.3976493114369943,1,3,1,133.70445953224188,2.607338516064337,8,2,9,0.10526315789473684,0.42105263157894735,122.39210388737611,-64.82900430950885,253.04285935714285,227.24000206666665
0.78,34,28,2,0,22,0.6,20,19,5886000.31,38.35412642941833,3.3976493114369943,1,3,1,133.70445953224188,2.607338516064337,8,2,9,0.10526315789473684,0.42105263157894735,122.39210388737611,-64.82900430950885,253.04285935714285,227.24000206666665
0.78,34,28,2,1,14,0.3,20,19,5886000.31,38.35412642941833,3.3976493114369943,1,3,1,133.70445953224188,2.607338516064337,8,2,9,0.10526315789473684,0.42105263157894735,122.39210388737611,-64.82900430950885,253.04285935714285,227.24000206666665
0.78,34,28,2,1,14,0.45,20,19,5886000.31,38.35412642941833,3.3976493114369943,1,3,1,133.70445953224188,2.607338516064337,8,2,9,0.10526315789473684,0.42105263157894735,122.39210388737611,-64.82900430950885,253.04285935714285,227.24000206666665
0.78,34,28,2,1,14,0.6,20,19,5886000.31,38.35412642941833,3.3976493114369943,1,3,1,133.70445953224188,2.607338516064337,8,2,9,0.10526315789473684,0.42105263157894735,122.39210388737611,-64.82900430950885,253.04285935714285,227.24000206666665
0.78,34,28,2,1,18,0.3,20,19,5886000.31,38.35412642941833,3.3976493114369943,1,3,1,133.70445953224188,2.607338516064337,8,2,9,0.10526315789473684,0.42105263157894735,122.39210388737611,-64.82900430950885,253.04285935714285,227.24000206666665
0.78,34,28,2,1,18,0.45,20,19,5886000.31,38.35412642941833,3.3976493114369943,1,3,1,133.70445953224188,2.607338516064337,8,2,9,0.10526315789473684,0.42105263157894735,122.39210388737611,-64.82900430950885,253.04285935714285,227.24000206666665
0.78,34,28,2,1,18,0.6,20,19,5886000.31,38.35412642941833,3.3976493114369943,1,3,1,133.70445953224188,2.607338516064337,8,2,9,0.10526315789473684,0.42105263157894735,122.39210388737611,-64.82900430950885,253.04285935714285,227.24000206666665
0.78,34,28,2,1,22,0.3,20,19,5886000.31,38.35412642941833,3.3976493114369943,1,3,1,133.70445953224188,2.607338516064337,8,2,9,0.10526315789473684,0.42105263157894735,122.39210388737611,-64.82900430950885,253.04285935714285,227.24000206666665
0.78,34,28,2,1,22,0.45,20,19,5886000.31,38.35412642941833,3.3976493114369943,1,3,1,133.70445953224188,2.607338516064337,8,2,9,0.10526315789473684,0.42105263157894735,122.39210388737611,-64.82900430950885,253.04285935714285,227.24000206666665
0.78,34,28,2,1,22,0.6,20,19,5886000.31,38.35412642941833,3.3976493114369943,1,3,1,133.70445953224188,2.607338516064337,8,2,9,0.10526315789473684,0.42105263157894735,122.39210388737611,-64.82900430950885,253.04285935714285,227.24000206666665
0.78,34,28,2,2,18,0.3,20,19,5886000.31,38.35412642941833,3.3976493114369943,1,3,1,133.70445953224188,2.607338516064337,8,2,9,0.10526315789473684,0.42105263157894735,122.39210388737611,-64.82900430950885,253.04285935714285,227.24000206666665
0.78,34,28,2,2,18,0.45,20,19,5886000.31,38.35412642941833,3.3976493114369943,1,3,1,133.70445953224188,2.607338516064337,8,2,9,0.10526315789473684,0.42105263157894735,122.39210388737611,-64.82900430950885,253.04285935714285,227.24000206666665
0.78,34,28,2,2,18,0.6,20,19,5886000.31,38.35412642941833,3.3976493114369943,1,3,1,133.70445953224188,2.607338516064337,8,2,9,0.10526315789473684,0.42105263157894735,122.39210388737611,-64.82900430950885,253.04285935714285,227.24000206666665
0.78,34,28,2,2,22,0.3,20,19,5886000.31,38.35412642941833,3.3976493114369943,1,3,1,133.70445953224188,2.607338516064337,8,2,9,0.10526315789473684,0.42105263157894735,122.39210388737611,-64.82900430950885,253.04285935714285,227.24000206666665
0.78,34,28,2,2,22,0.45,20,19,5886000.31,38.35412642941833,3.3976493114369943,1,3,1,133.70445953224188,2.607338516064337,8,2,9,0.10526315789473684,0.42105263157894735,122.39210388737611,-64.82900430950885,253.04285935714285,227.24000206666665
0.78,34,28,2,2,22,0.6,20,19,5886000.31,38.35412642941833,3.3976493114369943,1,3,1,133.70445953224188,2.607338516064337,8,2,9,0.10526315789473684,0.42105263157894735,122.39210388737611,-64.82900430950885,253.04285935714285,227.24000206666665
0.78,34,34,2,0,14,0.6,20,19,5886000.31,38.35412642941833,3.3976493114369943,1,3,1,133.70445953224188,2.607338516064337,8,2,9,0.10526315789473684,0.42105263157894735,122.39210388737611,-64.82900430950885,253.04285935714285,227.24000206666665
0.78,34,34,2,0,18,0.6,20,19,5886000.31,38.35412642941833,3.3976493114369943,1,3,1,133.70445953224188,2.607338516064337,8,2,9,0.10526315789473684,0.42105263157894735,122.39210388737611,-64.82900430950885,253.04285935714285,227.24000206666665
0.78,34,34,2,0,22,0.6,20,19,5886000.31,38.35412642941833,3.3976493114369943,1,3,1,133.70445953224188,2.607338516064337,8,2,9,0.10526315789473684,0.42105263157894735,122.39210388737611,-64.82900430950885,253.04285935714285,227.24000206666665
0.78,34,34,2,1,14,0.3,20,19,5886000.31,38.35412642941833,3.3976493114369943,1,3,1,133.70445953224188,2.607338516064337,8,2,9,0.10526315789473684,0.42105263157894735,122.39210388737611,-64.82900430950885,253.04285935714285,227.24000206666665
0.78,34,34,2,1,14,0.45,20,19,5886000.31,38.35412642941833,3.3976493114369943,1,3,1,133.70445953224188,2.607338516064337,8,2,9,0.10526315789473684,0.42105263157894735,122.39210388737611,-64.82900430950885,253.04285935714285,227.24000206666665
0.78,34,34,2,1,14,0.6,20,19,5886000.31,38.35412642941833,3.3976493114369943,1,3,1,133.70445953224188,2.607338516064337,8,2,9,0.10526315789473684,0.42105263157894735,122.39210388737611,-64.82900430950885,253.04285935714285,227.24000206666665
0.78,34,34,2,1,18,0.3,20,19,5886000.31,38.35412642941833,3.3976493114369943,1,3,1,133.70445953224188,2.607338516064337,8,2,9,0.10526315789473684,0.42105263157894735,122.39210388737611,-64.82900430950885,253.04285935714285,227.24000206666665
0.78,34,34,2,1,18,0.45,20,19,5886000.31,38.35412642941833,3.3976493114369943,1,3,1,133.70445953224188,2.607338516064337,8,2,9,0.10526315789473684,0.42105263157894735,122.39210388737611,-64.82900430950885,253.04285935714285,227.24000206666665
0.78,34,34,2,1,18,0.6,20,19,5886000.31,38.35412642941833,3.3976493114369943,1,3,1,133.70445953224188,2.607338516064337,8,2,9,0.10526315789473684,0.42105263157894735,122.39210388737611,-64.82900430950885,253.04285935714285,227.24000206666665
0.78,34,34,2,1,22,0.3,20,19,5886000.31,38.35412642941833,3.3976493114369943,1,3,1,133.70445953224188,2.607338516064337,8,2,9,0.10526315789473684,0.42105263157894735,122.39210388737611,-64.82900430950885,253.04285935714285,227.24000206666665
0.78,34,34,2,1,22,0.45,20,19,5886000.31,38.35412642941833,3.3976493114369943,1,3,1,133.70445953224188,2.607338516064337,8,2,9,0.10526315789473684,0.42105263157894735,122.39210388737611,-64.82900430950885,253.04285935714285,227.24000206666665
0.78,34,34,2,1,22,0.6,20,19,5886000.31,38.35412642941833,3.3976493114369943,1,3,1,133.70445953224188,2.607338516064337,8,2,9,0.10526315789473684,0.42105263157894735,122.39210388737611,-64.82900430950885,253.04285935714285,227.24000206666665
0.78,34,34,2,2,18,0.3,20,19,5886000.31,38.35412642941833,3.3976493114369943,1,3,1,133.70445953224188,2.607338516064337,8,2,9,0.10526315789473684,0.42105263157894735,122.39210388737611,-64.82900430950885,253.04285935714285,227.24000206666665
0.78,34,34,2,2,18,0.45,20,19,5886000.31,38.35412642941833,3.3976493114369943,1,3,1,133.70445953224188,2.607338516064337,8,2,9,0.10526315789473684,0.42105263157894735,122.39210388737611,-64.82900430950885,253.04285935714285,227.24000206666665
0.78,34,34,2,2,18,0.6,20,19,5886000.31,38.35412642941833,3.3976493114369943,1,3,1,133.70445953224188,2.607338516064337,8,2,9,0.10526315789473684,0.42105263157894735,122.39210388737611,-64.82900430950885,253.04285935714285,227.24000206666665
0.78,34,34,2,2,22,0.3,20,19,5886000.31,38.35412642941833,3.3976493114369943,1,3,1,133.70445953224188,2.607338516064337,8,2,9,0.10526315789473684,0.42105263157894735,122.39210388737611,-64.82900430950885,253.04285935714285,227.24000206666665
0.78,34,34,2,2,22,0.45,20,19,5886000.31,38.35412642941833,3.3976493114369943,1,3,1,133.70445953224188,2.607338516064337,8,2,9,0.10526315789473684,0.42105263157894735,122.39210388737611,-64.82900430950885,253.04285935714285,227.24000206666665
0.78,34,34,2,2,22,0.6,20,19,5886000.31,38.35412642941833,3.3976493114369943,1,3,1,133.70445953224188,2.607338516064337,8,2,9,0.10526315789473684,0.42105263157894735,122.39210388737611,-64.82900430950885,253.04285935714285,227.24000206666665
0.78,34,40,2,0,14,0.6,20,19,5886000.31,38.35412642941833,3.3976493114369943,1,3,1,133.70445953224188,2.607338516064337,8,2,9,0.10526315789473684,0.42105263157894735,122.39210388737611,-64.82900430950885,253.04285935714285,227.24000206666665
0.78,34,40,2,0,18,0.6,20,19,5886000.31,38.35412642941833,3.3976493114369943,1,3,1,133.70445953224188,2.607338516064337,8,2,9,0.10526315789473684,0.42105263157894735,122.39210388737611,-64.82900430950885,253.04285935714285,227.24000206666665
0.78,34,40,2,0,22,0.6,20,19,5886000.31,38.35412642941833,3.3976493114369943,1,3,1,133.70445953224188,2.607338516064337,8,2,9,0.10526315789473684,0.42105263157894735,122.39210388737611,-64.82900430950885,253.04285935714285,227.24000206666665
0.78,34,40,2,1,14,0.3,20,19,5886000.31,38.35412642941833,3.3976493114369943,1,3,1,133.70445953224188,2.607338516064337,8,2,9,0.10526315789473684,0.42105263157894735,122.39210388737611,-64.82900430950885,253.04285935714285,227.24000206666665
0.78,34,40,2,1,14,0.45,20,19,5886000.31,38.35412642941833,3.3976493114369943,1,3,1,133.70445953224188,2.607338516064337,8,2,9,0.10526315789473684,0.42105263157894735,122.39210388737611,-64.82900430950885,253.04285935714285,227.24000206666665
0.78,34,40,2,1,14,0.6,20,19,5886000.31,38.35412642941833,3.3976493114369943,1,3,1,133.70445953224188,2.607338516064337,8,2,9,0.10526315789473684,0.42105263157894735,122.39210388737611,-64.82900430950885,253.04285935714285,227.24000206666665
0.78,34,40,2,1,18,0.3,20,19,5886000.31,38.35412642941833,3.3976493114369943,1,3,1,133.70445953224188,2.607338516064337,8,2,9,0.10526315789473684,0.42105263157894735,122.39210388737611,-64.82900430950885,253.04285935714285,227.24000206666665
0.78,34,40,2,1,18,0.45,20,19,5886000.31,38.35412642941833,3.3976493114369943,1,3,1,133.70445953224188,2.607338516064337,8,2,9,0.10526315789473684,0.42105263157894735,122.39210388737611,-64.82900430950885,253.04285935714285,227.24000206666665
0.78,34,40,2,1,18,0.6,20,19,5886000.31,38.35412642941833,3.3976493114369943,1,3,1,133.70445953224188,2.607338516064337,8,2,9,0.10526315789473684,0.42105263157894735,122.39210388737611,-64.82900430950885,253.04285935714285,227.24000206666665
0.78,34,40,2,1,22,0.3,20,19,5886000.31,38.35412642941833,3.3976493114369943,1,3,1,133.70445953224188,2.607338516064337,8,2,9,0.10526315789473684,0.42105263157894735,122.39210388737611,-64.82900430950885,253.04285935714285,227.24000206666665
0.78,34,40,2,1,22,0.45,20,19,5886000.31,38.35412642941833,3.3976493114369943,1,3,1,133.70445953224188,2.607338516064337,8,2,9,0.10526315789473684,0.42105263157894735,122.39210388737611,-64.82900430950885,253.04285935714285,227.24000206666665
0.78,34,40,2,1,22,0.6,20,19,5886000.31,38.35412642941833,3.3976493114369943,1,3,1,133.70445953224188,2.607338516064337,8,2,9,0.10526315789473684,0.42105263157894735,122.39210388737611,-64.82900430950885,253.04285935714285,227.24000206666665
0.78,34,40,2,2,18,0.3,20,19,5886000.31,38.35412642941833,3.3976493114369943,1,3,1,133.70445953224188,2.607338516064337,8,2,9,0.10526315789473684,0.42105263157894735,122.39210388737611,-64.82900430950885,253.04285935714285,227.24000206666665
0.78,34,40,2,2,18,0.45,20,19,5886000.31,38.35412642941833,3.3976493114369943,1,3,1,133.70445953224188,2.607338516064337,8,2,9,0.10526315789473684,0.42105263157894735,122.39210388737611,-64.82900430950885,253.04285935714285,227.24000206666665
0.78,34,40,2,2,18,0.6,20,19,5886000.31,38.35412642941833,3.3976493114369943,1,3,1,133.70445953224188,2.607338516064337,8,2,9,0.10526315789473684,0.42105263157894735,122.39210388737611,-64.82900430950885,253.04285935714285,227.24000206666665
0.78,34,40,2,2,22,0.3,20,19,5886000.31,38.35412642941833,3.3976493114369943,1,3,1,133.70445953224188,2.607338516064337,8,2,9,0.10526315789473684,0.42105263157894735,122.39210388737611,-64.82900430950885,253.04285935714285,227.24000206666665
0.78,34,40,2,2,22,0.45,20,19,5886000.31,38.35412642941833,3.3976493114369943,1,3,1,133.70445953224188,2.607338516064337,8,2,9,0.10526315789473684,0.42105263157894735,122.39210388737611,-64.82900430950885,253.04285935714285,227.24000206666665
0.78,34,40,2,2,22,0.6,20,19,5886000.31,38.35412642941833,3.3976493114369943,1,3,1,133.70445953224188,2.607338516064337,8,2,9,0.10526315789473684,0.42105263157894735,122.39210388737611,-64.82900430950885,253.04285935714285,227.24000206666665
0.78,40,28,2,0,14,0.6,20,19,5886000.31,38.35412642941833,3.3976493114369943,1,3,1,133.70445953224188,2.607338516064337,8,2,9,0.10526315789473684,0.42105263157894735,122.39210388737611,-64.82900430950885,253.04285935714285,227.24000206666665
0.78,40,28,2,0,18,0.6,20,19,5886000.31,38.35412642941833,3.3976493114369943,1,3,1,133.70445953224188,2.607338516064337,8,2,9,0.10526315789473684,0.42105263157894735,122.39210388737611,-64.82900430950885,253.04285935714285,227.24000206666665
0.78,40,28,2,0,22,0.6,20,19,5886000.31,38.35412642941833,3.3976493114369943,1,3,1,133.70445953224188,2.607338516064337,8,2,9,0.10526315789473684,0.42105263157894735,122.39210388737611,-64.82900430950885,253.04285935714285,227.24000206666665
0.78,40,28,2,1,14,0.3,20,19,5886000.31,38.35412642941833,3.3976493114369943,1,3,1,133.70445953224188,2.607338516064337,8,2,9,0.10526315789473684,0.42105263157894735,122.39210388737611,-64.82900430950885,253.04285935714285,227.24000206666665
0.78,40,28,2,1,14,0.45,20,19,5886000.31,38.35412642941833,3.3976493114369943,1,3,1,133.70445953224188,2.607338516064337,8,2,9,0.10526315789473684,0.42105263157894735,122.39210388737611,-64.82900430950885,253.04285935714285,227.24000206666665
0.78,40,28,2,1,14,0.6,20,19,5886000.31,38.35412642941833,3.3976493114369943,1,3,1,133.70445953224188,2.607338516064337,8,2,9,0.10526315789473684,0.42105263157894735,122.39210388737611,-64.82900430950885,253.04285935714285,227.24000206666665
0.78,40,28,2,1,18,0.3,20,19,5886000.31,38.35412642941833,3.3976493114369943,1,3,1,133.70445953224188,2.607338516064337,8,2,9,0.10526315789473684,0.42105263157894735,122.39210388737611,-64.82900430950885,253.04285935714285,227.24000206666665
0.78,40,28,2,1,18,0.45,20,19,5886000.31,38.35412642941833,3.3976493114369943,1,3,1,133.70445953224188,2.607338516064337,8,2,9,0.10526315789473684,0.42105263157894735,122.39210388737611,-64.82900430950885,253.04285935714285,227.24000206666665
0.78,40,28,2,1,18,0.6,20,19,5886000.31,38.35412642941833,3.3976493114369943,1,3,1,133.70445953224188,2.607338516064337,8,2,9,0.10526315789473684,0.42105263157894735,122.39210388737611,-64.82900430950885,253.04285935714285,227.24000206666665
0.78,40,28,2,1,22,0.3,20,19,5886000.31,38.35412642941833,3.3976493114369943,1,3,1,133.70445953224188,2.607338516064337,8,2,9,0.10526315789473684,0.42105263157894735,122.39210388737611,-64.82900430950885,253.04285935714285,227.24000206666665
0.78,40,28,2,1,22,0.45,20,19,5886000.31,38.35412642941833,3.3976493114369943,1,3,1,133.70445953224188,2.607338516064337,8,2,9,0.10526315789473684,0.42105263157894735,122.39210388737611,-64.82900430950885,253.04285935714285,227.24000206666665
0.78,40,28,2,1,22,0.6,20,19,5886000.31,38.35412642941833,3.3976493114369943,1,3,1,133.70445953224188,2.607338516064337,8,2,9,0.10526315789473684,0.42105263157894735,122.39210388737611,-64.82900430950885,253.04285935714285,227.24000206666665
0.78,40,28,2,2,18,0.3,20,19,5886000.31,38.35412642941833,3.3976493114369943,1,3,1,133.70445953224188,2.607338516064337,8,2,9,0.10526315789473684,0.42105263157894735,122.39210388737611,-64.82900430950885,253.04285935714285,227.24000206666665
0.78,40,28,2,2,18,0.45,20,19,5886000.31,38.35412642941833,3.3976493114369943,1,3,1,133.70445953224188,2.607338516064337,8,2,9,0.10526315789473684,0.42105263157894735,122.39210388737611,-64.82900430950885,253.04285935714285,227.24000206666665
0.78,40,28,2,2,18,0.6,20,19,5886000.31,38.35412642941833,3.3976493114369943,1,3,1,133.70445953224188,2.607338516064337,8,2,9,0.10526315789473684,0.42105263157894735,122.39210388737611,-64.82900430950885,253.04285935714285,227.24000206666665
0.78,40,28,2,2,22,0.3,20,19,5886000.31,38.35412642941833,3.3976493114369943,1,3,1,133.70445953224188,2.607338516064337,8,2,9,0.10526315789473684,0.42105263157894735,122.39210388737611,-64.82900430950885,253.04285935714285,227.24000206666665
0.78,40,28,2,2,22,0.45,20,19,5886000.31,38.35412642941833,3.3976493114369943,1,3,1,133.70445953224188,2.607338516064337,8,2,9,0.10526315789473684,0.42105263157894735,122.39210388737611,-64.82900430950885,253.04285935714285,227.24000206666665
0.78,40,28,2,2,22,0.6,20,19,5886000.31,38.35412642941833,3.3976493114369943,1,3,1,133.70445953224188,2.607338516064337,8,2,9,0.10526315789473684,0.42105263157894735,122.39210388737611,-64.82900430950885,253.04285935714285,227.24000206666665
0.78,40,34,2,0,14,0.6,20,19,5886000.31,38.35412642941833,3.3976493114369943,1,3,1,133.70445953224188,2.607338516064337,8,2,9,0.10526315789473684,0.42105263157894735,122.39210388737611,-64.82900430950885,253.04285935714285,227.24000206666665
0.78,40,34,2,0,18,0.6,20,19,5886000.31,38.35412642941833,3.3976493114369943,1,3,1,133.70445953224188,2.607338516064337,8,2,9,0.10526315789473684,0.42105263157894735,122.39210388737611,-64.82900430950885,253.04285935714285,227.24000206666665
0.78,40,34,2,0,22,0.6,20,19,5886000.31,38.35412642941833,3.3976493114369943,1,3,1,133.70445953224188,2.607338516064337,8,2,9,0.10526315789473684,0.42105263157894735,122.39210388737611,-64.82900430950885,253.04285935714285,227.24000206666665
0.78,40,34,2,1,14,0.3,20,19,5886000.31,38.35412642941833,3.3976493114369943,1,3,1,133.70445953224188,2.607338516064337,8,2,9,0.10526315789473684,0.42105263157894735,122.39210388737611,-64.82900430950885,253.04285935714285,227.24000206666665
0.78,40,34,2,1,14,0.45,20,19,5886000.31,38.35412642941833,3.3976493114369943,1,3,1,133.70445953224188,2.607338516064337,8,2,9,0.10526315789473684,0.42105263157894735,122.39210388737611,-64.82900430950885,253.04285935714285,227.24000206666665
0.78,40,34,2,1,14,0.6,20,19,5886000.31,38.35412642941833,3.3976493114369943,1,3,1,133.70445953224188,2.607338516064337,8,2,9,0.10526315789473684,0.42105263157894735,122.39210388737611,-64.82900430950885,253.04285935714285,227.24000206666665
0.78,40,34,2,1,18,0.3,20,19,5886000.31,38.35412642941833,3.3976493114369943,1,3,1,133.70445953224188,2.607338516064337,8,2,9,0.10526315789473684,0.42105263157894735,122.39210388737611,-64.82900430950885,253.04285935714285,227.24000206666665
0.78,40,34,2,1,18,0.45,20,19,5886000.31,38.35412642941833,3.3976493114369943,1,3,1,133.70445953224188,2.607338516064337,8,2,9,0.10526315789473684,0.42105263157894735,122.39210388737611,-64.82900430950885,253.04285935714285,227.24000206666665
0.78,40,34,2,1,18,0.6,20,19,5886000.31,38.35412642941833,3.3976493114369943,1,3,1,133.70445953224188,2.607338516064337,8,2,9,0.10526315789473684,0.42105263157894735,122.39210388737611,-64.82900430950885,253.04285935714285,227.24000206666665
0.78,40,34,2,1,22,0.3,20,19,5886000.31,38.35412642941833,3.3976493114369943,1,3,1,133.70445953224188,2.607338516064337,8,2,9,0.10526315789473684,0.42105263157894735,122.39210388737611,-64.82900430950885,253.04285935714285,227.24000206666665
0.78,40,34,2,1,22,0.45,20,19,5886000.31,38.35412642941833,3.3976493114369943,1,3,1,133.70445953224188,2.607338516064337,8,2,9,0.10526315789473684,0.42105263157894735,122.39210388737611,-64.82900430950885,253.04285935714285,227.24000206666665
0.78,40,34,2,1,22,0.6,20,19,5886000.31,38.35412642941833,3.3976493114369943,1,3,1,133.70445953224188,2.607338516064337,8,2,9,0.10526315789473684,0.42105263157894735,122.39210388737611,-64.82900430950885,253.04285935714285,227.24000206666665
0.78,40,34,2,2,18,0.3,20,19,5886000.31,38.35412642941833,3.3976493114369943,1,3,1,133.70445953224188,2.607338516064337,8,2,9,0.10526315789473684,0.42105263157894735,122.39210388737611,-64.82900430950885,253.04285935714285,227.24000206666665
0.78,40,34,2,2,18,0.45,20,19,5886000.31,38.35412642941833,3.3976493114369943,1,3,1,133.70445953224188,2.607338516064337,8,2,9,0.10526315789473684,0.42105263157894735,122.39210388737611,-64.82900430950885,253.04285935714285,227.24000206666665
0.78,40,34,2,2,18,0.6,20,19,5886000.31,38.35412642941833,3.3976493114369943,1,3,1,133.70445953224188,2.607338516064337,8,2,9,0.10526315789473684,0.42105263157894735,122.39210388737611,-64.82900430950885,253.04285935714285,227.24000206666665
0.78,40,34,2,2,22,0.3,20,19,5886000.31,38.35412642941833,3.3976493114369943,1,3,1,133.70445953224188,2.607338516064337,8,2,9,0.10526315789473684,0.42105263157894735,122.39210388737611,-64.82900430950885,253.04285935714285,227.24000206666665
0.78,40,34,2,2,22,0.45,20,19,5886000.31,38.35412642941833,3.3976493114369943,1,3,1,133.70445953224188,2.607338516064337,8,2,9,0.10526315789473684,0.42105263157894735,122.39210388737611,-64.82900430950885,253.04285935714285,227.24000206666665
0.78,40,34,2,2,22,0.6,20,19,5886000.31,38.35412642941833,3.3976493114369943,1,3,1,133.70445953224188,2.607338516064337,8,2,9,0.10526315789473684,0.42105263157894735,122.39210388737611,-64.82900430950885,253.04285935714285,227.24000206666665
0.78,40,40,2,0,14,0.6,20,19,5886000.31,38.35412642941833,3.3976493114369943,1,3,1,133.70445953224188,2.607338516064337,8,2,9,0.10526315789473684,0.42105263157894735,122.39210388737611,-64.82900430950885,253.04285935714285,227.24000206666665
0.78,40,40,2,0,18,0.6,20,19,5886000.31,38.35412642941833,3.3976493114369943,1,3,1,133.70445953224188,2.607338516064337,8,2,9,0.10526315789473684,0.42105263157894735,122.39210388737611,-64.82900430950885,253.04285935714285,227.24000206666665
0.78,40,40,2,0,22,0.6,20,19,5886000.31,38.35412642941833,3.3976493114369943,1,3,1,133.70445953224188,2.607338516064337,8,2,9,0.10526315789473684,0.42105263157894735,122.39210388737611,-64.82900430950885,253.04285935714285,227.24000206666665
0.78,40,40,2,1,14,0.3,20,19,5886000.31,38.35412642941833,3.3976493114369943,1,3,1,133.70445953224188,2.607338516064337,8,2,9,0.10526315789473684,0.42105263157894735,122.39210388737611,-64.82900430950885,253.04285935714285,227.24000206666665
0.78,40,40,2,1,14,0.45,20,19,5886000.31,38.35412642941833,3.3976493114369943,1,3,1,133.70445953224188,2.607338516064337,8,2,9,0.10526315789473684,0.42105263157894735,122.39210388737611,-64.82900430950885,253.04285935714285,227.24000206666665
0.78,40,40,2,1,14,0.6,20,19,5886000.31,38.35412642941833,3.3976493114369943,1,3,1,133.70445953224188,2.607338516064337,8,2,9,0.10526315789473684,0.42105263157894735,122.39210388737611,-64.82900430950885,253.04285935714285,227.24000206666665
0.78,40,40,2,1,18,0.3,20,19,5886000.31,38.35412642941833,3.3976493114369943,1,3,1,133.70445953224188,2.607338516064337,8,2,9,0.10526315789473684,0.42105263157894735,122.39210388737611,-64.82900430950885,253.04285935714285,227.24000206666665
0.78,40,40,2,1,18,0.45,20,19,5886000.31,38.35412642941833,3.3976493114369943,1,3,1,133.70445953224188,2.607338516064337,8,2,9,0.10526315789473684,0.42105263157894735,122.39210388737611,-64.82900430950885,253.04285935714285,227.24000206666665
0.78,40,40,2,1,18,0.6,20,19,5886000.31,38.35412642941833,3.3976493114369943,1,3,1,133.70445953224188,2.607338516064337,8,2,9,0.10526315789473684,0.42105263157894735,122.39210388737611,-64.82900430950885,253.04285935714285,227.24000206666665
0.78,40,40,2,1,22,0.3,20,19,5886000.31,38.35412642941833,3.3976493114369943,1,3,1,133.70445953224188,2.607338516064337,8,2,9,0.10526315789473684,0.42105263157894735,122.39210388737611,-64.82900430950885,253.04285935714285,227.24000206666665
0.78,40,40,2,1,22,0.45,20,19,5886000.31,38.35412642941833,3.3976493114369943,1,3,1,133.70445953224188,2.607338516064337,8,2,9,0.10526315789473684,0.42105263157894735,122.39210388737611,-64.82900430950885,253.04285935714285,227.24000206666665
0.78,40,40,2,1,22,0.6,20,19,5886000.31,38.35412642941833,3.3976493114369943,1,3,1,133.70445953224188,2.607338516064337,8,2,9,0.10526315789473684,0.42105263157894735,122.39210388737611,-64.82900430950885,253.04285935714285,227.24000206666665
0.78,40,40,2,2,18,0.3,20,19,5886000.31,38.35412642941833,3.3976493114369943,1,3,1,133.70445953224188,2.607338516064337,8,2,9,0.10526315789473684,0.42105263157894735,122.39210388737611,-64.82900430950885,253.04285935714285,227.24000206666665
0.78,40,40,2,2,18,0.45,20,19,5886000.31,38.35412642941833,3.3976493114369943,1,3,1,133.70445953224188,2.607338516064337,8,2,9,0.10526315789473684,0.42105263157894735,122.39210388737611,-64.82900430950885,253.04285935714285,227.24000206666665
0.78,40,40,2,2,18,0.6,20,19,5886000.31,38.35412642941833,3.3976493114369943,1,3,1,133.70445953224188,2.607338516064337,8,2,9,0.10526315789473684,0.42105263157894735,122.39210388737611,-64.82900430950885,253.04285935714285,227.24000206666665
0.78,40,40,2,2,22,0.3,20,19,5886000.31,38.35412642941833,3.3976493114369943,1,3,1,133.70445953224188,2.607338516064337,8,2,9,0.10526315789473684,0.42105263157894735,122.39210388737611,-64.82900430950885,253.04285935714285,227.24000206666665
0.78,40,40,2,2,22,0.45,20,19,5886000.31,38.35412642941833,3.3976493114369943,1,3,1,133.70445953224188,2.607338516064337,8,2,9,0.10526315789473684,0.42105263157894735,122.39210388737611,-64.82900430950885,253.04285935714285,227.24000206666665
0.78,40,40,2,2,22,0.6,20,19,5886000.31,38.35412642941833,3.3976493114369943,1,3,1,133.70445953224188,2.607338516064337,8,2,9,0.10526315789473684,0.42105263157894735,122.39210388737611,-64.82900430950885,253.04285935714285,227.24000206666665
0.78,46,28,2,0,14,0.6,20,19,5886000.31,38.35412642941833,3.3976493114369943,1,3,1,133.70445953224188,2.607338516064337,8,2,9,0.10526315789473684,0.42105263157894735,122.39210388737611,-64.82900430950885,253.04285935714285,227.24000206666665
0.78,46,28,2,0,18,0.6,20,19,5886000.31,38.35412642941833,3.3976493114369943,1,3,1,133.70445953224188,2.607338516064337,8,2,9,0.10526315789473684,0.42105263157894735,122.39210388737611,-64.82900430950885,253.04285935714285,227.24000206666665
0.78,46,28,2,0,22,0.6,20,19,5886000.31,38.35412642941833,3.3976493114369943,1,3,1,133.70445953224188,2.607338516064337,8,2,9,0.10526315789473684,0.42105263157894735,122.39210388737611,-64.82900430950885,253.04285935714285,227.24000206666665
0.78,46,28,2,1,14,0.3,20,19,5886000.31,38.35412642941833,3.3976493114369943,1,3,1,133.70445953224188,2.607338516064337,8,2,9,0.10526315789473684,0.42105263157894735,122.39210388737611,-64.82900430950885,253.04285935714285,227.24000206666665
0.78,46,28,2,1,14,0.45,20,19,5886000.31,38.35412642941833,3.3976493114369943,1,3,1,133.70445953224188,2.607338516064337,8,2,9,0.10526315789473684,0.42105263157894735,122.39210388737611,-64.82900430950885,253.04285935714285,227.24000206666665
0.78,46,28,2,1,14,0.6,20,19,5886000.31,38.35412642941833,3.3976493114369943,1,3,1,133.70445953224188,2.607338516064337,8,2,9,0.10526315789473684,0.42105263157894735,122.39210388737611,-64.82900430950885,253.04285935714285,227.24000206666665
0.78,46,28,2,1,18,0.3,20,19,5886000.31,38.35412642941833,3.3976493114369943,1,3,1,133.70445953224188,2.607338516064337,8,2,9,0.10526315789473684,0.42105263157894735,122.39210388737611,-64.82900430950885,253.04285935714285,227.24000206666665
0.78,46,28,2,1,18,0.45,20,19,5886000.31,38.35412642941833,3.3976493114369943,1,3,1,133.70445953224188,2.607338516064337,8,2,9,0.10526315789473684,0.42105263157894735,122.39210388737611,-64.82900430950885,253.04285935714285,227.24000206666665
0.78,46,28,2,1,18,0.6,20,19,5886000.31,38.35412642941833,3.3976493114369943,1,3,1,133.70445953224188,2.607338516064337,8,2,9,0.10526315789473684,0.42105263157894735,122.39210388737611,-64.82900430950885,253.04285935714285,227.24000206666665
0.78,46,28,2,1,22,0.3,20,19,5886000.31,38.35412642941833,3.3976493114369943,1,3,1,133.70445953224188,2.607338516064337,8,2,9,0.10526315789473684,0.42105263157894735,122.39210388737611,-64.82900430950885,253.04285935714285,227.24000206666665
0.78,46,28,2,1,22,0.45,20,19,5886000.31,38.35412642941833,3.3976493114369943,1,3,1,133.70445953224188,2.607338516064337,8,2,9,0.10526315789473684,0.42105263157894735,122.39210388737611,-64.82900430950885,253.04285935714285,227.24000206666665
0.78,46,28,2,1,22,0.6,20,19,5886000.31,38.35412642941833,3.3976493114369943,1,3,1,133.70445953224188,2.607338516064337,8,2,9,0.10526315789473684,0.42105263157894735,122.39210388737611,-64.82900430950885,253.04285935714285,227.24000206666665
0.78,46,28,2,2,18,0.3,20,19,5886000.31,38.35412642941833,3.3976493114369943,1,3,1,133.70445953224188,2.607338516064337,8,2,9,0.10526315789473684,0.42105263157894735,122.39210388737611,-64.82900430950885,253.04285935714285,227.24000206666665
0.78,46,28,2,2,18,0.45,20,19,5886000.31,38.35412642941833,3.3976493114369943,1,3,1,133.70445953224188,2.607338516064337,8,2,9,0.10526315789473684,0.42105263157894735,122.39210388737611,-64.82900430950885,253.04285935714285,227.24000206666665
0.78,46,28,2,2,18,0.6,20,19,5886000.31,38.35412642941833,3.3976493114369943,1,3,1,133.70445953224188,2.607338516064337,8,2,9,0.10526315789473684,0.42105263157894735,122.39210388737611,-64.82900430950885,253.04285935714285,227.24000206666665
0.78,46,28,2,2,22,0.3,20,19,5886000.31,38.35412642941833,3.3976493114369943,1,3,1,133.70445953224188,2.607338516064337,8,2,9,0.10526315789473684,0.42105263157894735,122.39210388737611,-64.82900430950885,253.04285935714285,227.24000206666665
0.78,46,28,2,2,22,0.45,20,19,5886000.31,38.35412642941833,3.3976493114369943,1,3,1,133.70445953224188,2.607338516064337,8,2,9,0.10526315789473684,0.42105263157894735,122.39210388737611,-64.82900430950885,253.04285935714285,227.24000206666665
0.78,46,28,2,2,22,0.6,20,19,5886000.31,38.35412642941833,3.3976493114369943,1,3,1,133.70445953224188,2.607338516064337,8,2,9,0.10526315789473684,0.42105263157894735,122.39210388737611,-64.82900430950885,253.04285935714285,227.24000206666665
0.78,46,34,2,0,14,0.6,20,19,5886000.31,38.35412642941833,3.3976493114369943,1,3,1,133.70445953224188,2.607338516064337,8,2,9,0.10526315789473684,0.42105263157894735,122.39210388737611,-64.82900430950885,253.04285935714285,227.24000206666665
0.78,46,34,2,0,18,0.6,20,19,5886000.31,38.35412642941833,3.3976493114369943,1,3,1,133.70445953224188,2.607338516064337,8,2,9,0.10526315789473684,0.42105263157894735,122.39210388737611,-64.82900430950885,253.04285935714285,227.24000206666665
0.78,46,34,2,0,22,0.6,20,19,5886000.31,38.35412642941833,3.3976493114369943,1,3,1,133.70445953224188,2.607338516064337,8,2,9,0.10526315789473684,0.42105263157894735,122.39210388737611,-64.82900430950885,253.04285935714285,227.24000206666665
0.78,46,34,2,1,14,0.3,20,19,5886000.31,38.35412642941833,3.3976493114369943,1,3,1,133.70445953224188,2.607338516064337,8,2,9,0.10526315789473684,0.42105263157894735,122.39210388737611,-64.82900430950885,253.04285935714285,227.24000206666665
0.78,46,34,2,1,14,0.45,20,19,5886000.31,38.35412642941833,3.3976493114369943,1,3,1,133.70445953224188,2.607338516064337,8,2,9,0.10526315789473684,0.42105263157894735,122.39210388737611,-64.82900430950885,253.04285935714285,227.24000206666665
0.78,46,34,2,1,14,0.6,20,19,5886000.31,38.35412642941833,3.3976493114369943,1,3,1,133.70445953224188,2.607338516064337,8,2,9,0.10526315789473684,0.42105263157894735,122.39210388737611,-64.82900430950885,253.04285935714285,227.24000206666665
0.78,46,34,2,1,18,0.3,20,19,5886000.31,38.35412642941833,3.3976493114369943,1,3,1,133.70445953224188,2.607338516064337,8,2,9,0.10526315789473684,0.42105263157894735,122.39210388737611,-64.82900430950885,253.04285935714285,227.24000206666665
0.78,46,34,2,1,18,0.45,20,19,5886000.31,38.35412642941833,3.3976493114369943,1,3,1,133.70445953224188,2.607338516064337,8,2,9,0.10526315789473684,0.42105263157894735,122.39210388737611,-64.82900430950885,253.04285935714285,227.24000206666665
0.78,46,34,2,1,18,0.6,20,19,5886000.31,38.35412642941833,3.3976493114369943,1,3,1,133.70445953224188,2.607338516064337,8,2,9,0.10526315789473684,0.42105263157894735,122.39210388737611,-64.82900430950885,253.04285935714285,227.24000206666665
0.78,46,34,2,1,22,0.3,20,19,5886000.31,38.35412642941833,3.3976493114369943,1,3,1,133.70445953224188,2.607338516064337,8,2,9,0.10526315789473684,0.42105263157894735,122.39210388737611,-64.82900430950885,253.04285935714285,227.24000206666665
0.78,46,34,2,1,22,0.45,20,19,5886000.31,38.35412642941833,3.3976493114369943,1,3,1,133.70445953224188,2.607338516064337,8,2,9,0.10526315789473684,0.42105263157894735,122.39210388737611,-64.82900430950885,253.04285935714285,227.24000206666665
0.78,46,34,2,1,22,0.6,20,19,5886000.31,38.35412642941833,3.3976493114369943,1,3,1,133.70445953224188,2.607338516064337,8,2,9,0.10526315789473684,0.42105263157894735,122.39210388737611,-64.82900430950885,253.04285935714285,227.24000206666665
0.78,46,34,2,2,18,0.3,20,19,5886000.31,38.35412642941833,3.3976493114369943,1,3,1,133.70445953224188,2.607338516064337,8,2,9,0.10526315789473684,0.42105263157894735,122.39210388737611,-64.82900430950885,253.04285935714285,227.24000206666665
0.78,46,34,2,2,18,0.45,20,19,5886000.31,38.35412642941833,3.3976493114369943,1,3,1,133.70445953224188,2.607338516064337,8,2,9,0.10526315789473684,0.42105263157894735,122.39210388737611,-64.82900430950885,253.04285935714285,227.24000206666665
0.78,46,34,2,2,18,0.6,20,19,5886000.31,38.35412642941833,3.3976493114369943,1,3,1,133.70445953224188,2.607338516064337,8,2,9,0.10526315789473684,0.42105263157894735,122.39210388737611,-64.82900430950885,253.04285935714285,227.24000206666665
0.78,46,34,2,2,22,0.3,20,19,5886000.31,38.35412642941833,3.3976493114369943,1,3,1,133.70445953224188,2.607338516064337,8,2,9,0.10526315789473684,0.42105263157894735,122.39210388737611,-64.82900430950885,253.04285935714285,227.24000206666665
0.78,46,34,2,2,22,0.45,20,19,5886000.31,38.35412642941833,3.3976493114369943,1,3,1,133.70445953224188,2.607338516064337,8,2,9,0.10526315789473684,0.42105263157894735,122.39210388737611,-64.82900430950885,253.04285935714285,227.24000206666665
0.78,46,34,2,2,22,0.6,20,19,5886000.31,38.35412642941833,3.3976493114369943,1,3,1,133.70445953224188,2.607338516064337,8,2,9,0.10526315789473684,0.42105263157894735,122.39210388737611,-64.82900430950885,253.04285935714285,227.24000206666665
0.78,46,40,2,0,14,0.6,20,19,5886000.31,38.35412642941833,3.3976493114369943,1,3,1,133.70445953224188,2.607338516064337,8,2,9,0.10526315789473684,0.42105263157894735,122.39210388737611,-64.82900430950885,253.04285935714285,227.24000206666665
0.78,46,40,2,0,18,0.6,20,19,5886000.31,38.35412642941833,3.3976493114369943,1,3,1,133.70445953224188,2.607338516064337,8,2,9,0.10526315789473684,0.42105263157894735,122.39210388737611,-64.82900430950885,253.04285935714285,227.24000206666665
0.78,46,40,2,0,22,0.6,20,19,5886000.31,38.35412642941833,3.3976493114369943,1,3,1,133.70445953224188,2.607338516064337,8,2,9,0.10526315789473684,0.42105263157894735,122.39210388737611,-64.82900430950885,253.04285935714285,227.24000206666665
0.78,46,40,2,1,14,0.3,20,19,5886000.31,38.35412642941833,3.3976493114369943,1,3,1,133.70445953224188,2.607338516064337,8,2,9,0.10526315789473684,0.42105263157894735,122.39210388737611,-64.82900430950885,253.04285935714285,227.24000206666665
0.78,46,40,2,1,14,0.45,20,19,5886000.31,38.35412642941833,3.3976493114369943,1,3,1,133.70445953224188,2.607338516064337,8,2,9,0.10526315789473684,0.42105263157894735,122.39210388737611,-64.82900430950885,253.04285935714285,227.24000206666665
0.78,46,40,2,1,14,0.6,20,19,5886000.31,38.35412642941833,3.3976493114369943,1,3,1,133.70445953224188,2.607338516064337,8,2,9,0.10526315789473684,0.42105263157894735,122.39210388737611,-64.82900430950885,253.04285935714285,227.24000206666665
0.78,46,40,2,1,18,0.3,20,19,5886000.31,38.35412642941833,3.3976493114369943,1,3,1,133.70445953224188,2.607338516064337,8,2,9,0.10526315789473684,0.42105263157894735,122.39210388737611,-64.82900430950885,253.04285935714285,227.24000206666665
0.78,46,40,2,1,18,0.45,20,19,5886000.31,38.35412642941833,3.3976493114369943,1,3,1,133.70445953224188,2.607338516064337,8,2,9,0.10526315789473684,0.42105263157894735,122.39210388737611,-64.82900430950885,253.04285935714285,227.24000206666665
0.78,46,40,2,1,18,0.6,20,19,5886000.31,38.35412642941833,3.3976493114369943,1,3,1,133.70445953224188,2.607338516064337,8,2,9,0.10526315789473684,0.42105263157894735,122.39210388737611,-64.82900430950885,253.04285935714285,227.24000206666665
0.78,46,40,2,1,22,0.3,20,19,5886000.31,38.35412642941833,3.3976493114369943,1,3,1,133.70445953224188,2.607338516064337,8,2,9,0.10526315789473684,0.42105263157894735,122.39210388737611,-64.82900430950885,253.04285935714285,227.24000206666665
0.78,46,40,2,1,22,0.45,20,19,5886000.31,38.35412642941833,3.3976493114369943,1,3,1,133.70445953224188,2.607338516064337,8,2,9,0.10526315789473684,0.42105263157894735,122.39210388737611,-64.82900430950885,253.04285935714285,227.24000206666665
0.78,46,40,2,1,22,0.6,20,19,5886000.31,38.35412642941833,3.3976493114369943,1,3,1,133.70445953224188,2.607338516064337,8,2,9,0.10526315789473684,0.42105263157894735,122.39210388737611,-64.82900430950885,253.04285935714285,227.24000206666665
0.78,46,40,2,2,18,0.3,20,19,5886000.31,38.35412642941833,3.3976493114369943,1,3,1,133.70445953224188,2.607338516064337,8,2,9,0.10526315789473684,0.42105263157894735,122.39210388737611,-64.82900430950885,253.04285935714285,227.24000206666665
0.78,46,40,2,2,18,0.45,20,19,5886000.31,38.35412642941833,3.3976493114369943,1,3,1,133.70445953224188,2.607338516064337,8,2,9,0.10526315789473684,0.42105263157894735,122.39210388737611,-64.82900430950885,253.04285935714285,227.24000206666665
0.78,46,40,2,2,18,0.6,20,19,5886000.31,38.35412642941833,3.3976493114369943,1,3,1,133.70445953224188,2.607338516064337,8,2,9,0.10526315789473684,0.42105263157894735,122.39210388737611,-64.82900430950885,253.04285935714285,227.24000206666665
0.78,46,40,2,2,22,0.3,20,19,5886000.31,38.35412642941833,3.3976493114369943,1,3,1,133.70445953224188,2.607338516064337,8,2,9,0.10526315789473684,0.42105263157894735,122.39210388737611,-64.82900430950885,253.04285935714285,227.24000206666665
0.78,46,40,2,2,22,0.45,20,19,5886000.31,38.35412642941833,3.3976493114369943,1,3,1,133.70445953224188,2.607338516064337,8,2,9,0.10526315789473684,0.42105263157894735,122.39210388737611,-64.82900430950885,253.04285935714285,227.24000206666665
0.78,46,40,2,2,22,0.6,20,19,5886000.31,38.35412642941833,3.3976493114369943,1,3,1,133.70445953224188,2.607338516064337,8,2,9,0.10526315789473684,0.42105263157894735,122.39210388737611,-64.82900430950885,253.04285935714285,227.24000206666665
0.58,28,28,2,0,22,0.3,24,23,6351911.47,45.579009300454146,3.3976493114369943,2,4,1,133.70445953224188,2.3116281019955873,9,2,12,0.08695652173913043,0.391304347826087,118.2746968873761,-57.101715029508846,285.3707962142857,225.34607646666666
0.58,34,28,2,0,22,0.3,24,23,6351911.47,45.579009300454146,3.3976493114369943,2,4,1,133.70445953224188,2.3116281019955873,9,2,12,0.08695652173913043,0.391304347826087,118.2746968873761,-57.101715029508846,285.3707962142857,225.34607646666666
0.58,40,28,2,0,22,0.3,24,23,6351911.47,45.579009300454146,3.3976493114369943,2,4,1,133.70445953224188,2.3116281019955873,9,2,12,0.08695652173913043,0.391304347826087,118.2746968873761,-57.101715029508846,285.3707962142857,225.34607646666666
0.58,46,28,2,0,22,0.3,24,23,6351911.47,45.579009300454146,3.3976493114369943,2,4,1,133.70445953224188,2.3116281019955873,9,2,12,0.08695652173913043,0.391304347826087,118.2746968873761,-57.101715029508846,285.3707962142857,225.34607646666666
0.63,28,28,2,0,22,0.3,24,23,6351911.47,45.579009300454146,3.3976493114369943,2,4,1,133.70445953224188,2.3116281019955873,9,2,12,0.08695652173913043,0.391304347826087,118.2746968873761,-57.101715029508846,285.3707962142857,225.34607646666666
0.63,28,34,2,0,22,0.3,24,23,6351911.47,45.579009300454146,3.3976493114369943,2,4,1,133.70445953224188,2.3116281019955873,9,2,12,0.08695652173913043,0.391304347826087,118.2746968873761,-57.101715029508846,285.3707962142857,225.34607646666666
0.63,28,40,2,0,22,0.3,24,23,6351911.47,45.579009300454146,3.3976493114369943,2,4,1,133.70445953224188,2.3116281019955873,9,2,12,0.08695652173913043,0.391304347826087,118.2746968873761,-57.101715029508846,285.3707962142857,225.34607646666666
0.63,34,28,2,0,22,0.3,24,23,6351911.47,45.579009300454146,3.3976493114369943,2,4,1,133.70445953224188,2.3116281019955873,9,2,12,0.08695652173913043,0.391304347826087,118.2746968873761,-57.101715029508846,285.3707962142857,225.34607646666666
0.63,34,34,2,0,22,0.3,24,23,6351911.47,45.579009300454146,3.3976493114369943,2,4,1,133.70445953224188,2.3116281019955873,9,2,12,0.08695652173913043,0.391304347826087,118.2746968873761,-57.101715029508846,285.3707962142857,225.34607646666666
0.63,34,40,2,0,22,0.3,24,23,6351911.47,45.579009300454146,3.3976493114369943,2,4,1,133.70445953224188,2.3116281019955873,9,2,12,0.08695652173913043,0.391304347826087,118.2746968873761,-57.101715029508846,285.3707962142857,225.34607646666666
0.63,40,28,2,0,22,0.3,24,23,6351911.47,45.579009300454146,3.3976493114369943,2,4,1,133.70445953224188,2.3116281019955873,9,2,12,0.08695652173913043,0.391304347826087,118.2746968873761,-57.101715029508846,285.3707962142857,225.34607646666666
0.63,40,34,2,0,22,0.3,24,23,6351911.47,45.579009300454146,3.3976493114369943,2,4,1,133.70445953224188,2.3116281019955873,9,2,12,0.08695652173913043,0.391304347826087,118.2746968873761,-57.101715029508846,285.3707962142857,225.34607646666666
0.63,40,40,2,0,22,0.3,24,23,6351911.47,45.579009300454146,3.3976493114369943,2,4,1,133.70445953224188,2.3116281019955873,9,2,12,0.08695652173913043,0.391304347826087,118.2746968873761,-57.101715029508846,285.3707962142857,225.34607646666666
0.63,46,28,2,0,22,0.3,24,23,6351911.47,45.579009300454146,3.3976493114369943,2,4,1,133.70445953224188,2.3116281019955873,9,2,12,0.08695652173913043,0.391304347826087,118.2746968873761,-57.101715029508846,285.3707962142857,225.34607646666666
0.63,46,34,2,0,22,0.3,24,23,6351911.47,45.579009300454146,3.3976493114369943,2,4,1,133.70445953224188,2.3116281019955873,9,2,12,0.08695652173913043,0.391304347826087,118.2746968873761,-57.101715029508846,285.3707962142857,225.34607646666666
0.63,46,40,2,0,22,0.3,24,23,6351911.47,45.579009300454146,3.3976493114369943,2,4,1,133.70445953224188,2.3116281019955873,9,2,12,0.08695652173913043,0.391304347826087,118.2746968873761,-57.101715029508846,285.3707962142857,225.34607646666666
0.68,28,28,2,0,22,0.3,24,23,6351911.47,45.579009300454146,3.3976493114369943,2,4,1,133.70445953224188,2.3116281019955873,9,2,12,0.08695652173913043,0.391304347826087,118.2746968873761,-57.101715029508846,285.3707962142857,225.34607646666666
0.68,28,34,2,0,22,0.3,24,23,6351911.47,45.579009300454146,3.3976493114369943,2,4,1,133.70445953224188,2.3116281019955873,9,2,12,0.08695652173913043,0.391304347826087,118.2746968873761,-57.101715029508846,285.3707962142857,225.34607646666666
0.68,28,40,2,0,22,0.3,24,23,6351911.47,45.579009300454146,3.3976493114369943,2,4,1,133.70445953224188,2.3116281019955873,9,2,12,0.08695652173913043,0.391304347826087,118.2746968873761,-57.101715029508846,285.3707962142857,225.34607646666666
0.68,34,28,2,0,22,0.3,24,23,6351911.47,45.579009300454146,3.3976493114369943,2,4,1,133.70445953224188,2.3116281019955873,9,2,12,0.08695652173913043,0.391304347826087,118.2746968873761,-57.101715029508846,285.3707962142857,225.34607646666666
0.68,34,34,2,0,22,0.3,24,23,6351911.47,45.579009300454146,3.3976493114369943,2,4,1,133.70445953224188,2.3116281019955873,9,2,12,0.08695652173913043,0.391304347826087,118.2746968873761,-57.101715029508846,285.3707962142857,225.34607646666666
0.68,34,40,2,0,22,0.3,24,23,6351911.47,45.579009300454146,3.3976493114369943,2,4,1,133.70445953224188,2.3116281019955873,9,2,12,0.08695652173913043,0.391304347826087,118.2746968873761,-57.101715029508846,285.3707962142857,225.34607646666666
0.68,40,28,2,0,22,0.3,24,23,6351911.47,45.579009300454146,3.3976493114369943,2,4,1,133.70445953224188,2.3116281019955873,9,2,12,0.08695652173913043,0.391304347826087,118.2746968873761,-57.101715029508846,285.3707962142857,225.34607646666666
0.68,40,34,2,0,22,0.3,24,23,6351911.47,45.579009300454146,3.3976493114369943,2,4,1,133.70445953224188,2.3116281019955873,9,2,12,0.08695652173913043,0.391304347826087,118.2746968873761,-57.101715029508846,285.3707962142857,225.34607646666666
0.68,40,40,2,0,22,0.3,24,23,6351911.47,45.579009300454146,3.3976493114369943,2,4,1,133.70445953224188,2.3116281019955873,9,2,12,0.08695652173913043,0.391304347826087,118.2746968873761,-57.101715029508846,285.3707962142857,225.34607646666666
0.68,46,28,2,0,22,0.3,24,23,6351911.47,45.579009300454146,3.3976493114369943,2,4,1,133.70445953224188,2.3116281019955873,9,2,12,0.08695652173913043,0.391304347826087,118.2746968873761,-57.101715029508846,285.3707962142857,225.34607646666666
0.68,46,34,2,0,22,0.3,24,23,6351911.47,45.579009300454146,3.3976493114369943,2,4,1,133.70445953224188,2.3116281019955873,9,2,12,0.08695652173913043,0.391304347826087,118.2746968873761,-57.101715029508846,285.3707962142857,225.34607646666666
0.68,46,40,2,0,22,0.3,24,23,6351911.47,45.579009300454146,3.3976493114369943,2,4,1,133.70445953224188,2.3116281019955873,9,2,12,0.08695652173913043,0.391304347826087,118.2746968873761,-57.101715029508846,285.3707962142857,225.34607646666666
0.73,28,28,2,0,22,0.3,24,23,6351911.47,45.579009300454146,3.3976493114369943,2,4,1,133.70445953224188,2.3116281019955873,9,2,12,0.08695652173913043,0.391304347826087,118.2746968873761,-57.101715029508846,285.3707962142857,225.34607646666666
0.73,28,34,2,0,22,0.3,24,23,6351911.47,45.579009300454146,3.3976493114369943,2,4,1,133.70445953224188,2.3116281019955873,9,2,12,0.08695652173913043,0.391304347826087,118.2746968873761,-57.101715029508846,285.3707962142857,225.34607646666666
0.73,28,40,2,0,22,0.3,24,23,6351911.47,45.579009300454146,3.3976493114369943,2,4,1,133.70445953224188,2.3116281019955873,9,2,12,0.08695652173913043,0.391304347826087,118.2746968873761,-57.101715029508846,285.3707962142857,225.34607646666666
0.73,34,28,2,0,22,0.3,24,23,6351911.47,45.579009300454146,3.3976493114369943,2,4,1,133.70445953224188,2.3116281019955873,9,2,12,0.08695652173913043,0.391304347826087,118.2746968873761,-57.101715029508846,285.3707962142857,225.34607646666666
0.73,34,34,2,0,22,0.3,24,23,6351911.47,45.579009300454146,3.3976493114369943,2,4,1,133.70445953224188,2.3116281019955873,9,2,12,0.08695652173913043,0.391304347826087,118.2746968873761,-57.101715029508846,285.3707962142857,225.34607646666666
0.73,34,40,2,0,22,0.3,24,23,6351911.47,45.579009300454146,3.3976493114369943,2,4,1,133.70445953224188,2.3116281019955873,9,2,12,0.08695652173913043,0.391304347826087,118.2746968873761,-57.101715029508846,285.3707962142857,225.34607646666666
0.73,40,28,2,0,22,0.3,24,23,6351911.47,45.579009300454146,3.3976493114369943,2,4,1,133.70445953224188,2.3116281019955873,9,2,12,0.08695652173913043,0.391304347826087,118.2746968873761,-57.101715029508846,285.3707962142857,225.34607646666666
0.73,40,34,2,0,22,0.3,24,23,6351911.47,45.579009300454146,3.3976493114369943,2,4,1,133.70445953224188,2.3116281019955873,9,2,12,0.08695652173913043,0.391304347826087,118.2746968873761,-57.101715029508846,285.3707962142857,225.34607646666666
0.73,40,40,2,0,22,0.3,24,23,6351911.47,45.579009300454146,3.3976493114369943,2,4,1,133.70445953224188,2.3116281019955873,9,2,12,0.08695652173913043,0.391304347826087,118.2746968873761,-57.101715029508846,285.3707962142857,225.34607646666666
0.73,46,28,2,0,22,0.3,24,23,6351911.47,45.579009300454146,3.3976493114369943,2,4,1,133.70445953224188,2.3116281019955873,9,2,12,0.08695652173913043,0.391304347826087,118.2746968873761,-57.101715029508846,285.3707962142857,225.34607646666666
0.73,46,34,2,0,22,0.3,24,23,6351911.47,45.579009300454146,3.3976493114369943,2,4,1,133.70445953224188,2.3116281019955873,9,2,12,0.08695652173913043,0.391304347826087,118.2746968873761,-57.101715029508846,285.3707962142857,225.34607646666666
0.73,46,40,2,0,22,0.3,24,23,6351911.47,45.579009300454146,3.3976493114369943,2,4,1,133.70445953224188,2.3116281019955873,9,2,12,0.08695652173913043,0.391304347826087,118.2746968873761,-57.101715029508846,285.3707962142857,225.34607646666666
0.58,28,34,2,0,14,0.3,24,23,6202571.31,44.481526278341335,3.3976493114369943,2,4,1,133.70445953224188,2.3546193048781072,9,2,12,0.08695652173913043,0.391304347826087,117.03019555404278,-58.29643630950885,284.3040807857143,224.3504754
0.58,28,34,2,0,18,0.3,24,23,6202571.31,44.481526278341335,3.3976493114369943,2,4,1,133.70445953224188,2.3546193048781072,9,2,12,0.08695652173913043,0.391304347826087,117.03019555404278,-58.29643630950885,284.3040807857143,224.3504754
0.58,28,40,2,0,14,0.3,24,23,6202571.31,44.481526278341335,3.3976493114369943,2,4,1,133.70445953224188,2.3546193048781072,9,2,12,0.08695652173913043,0.391304347826087,117.03019555404278,-58.29643630950885,284.3040807857143,224.3504754
0.58,28,40,2,0,18,0.3,24,23,6202571.31,44.481526278341335,3.3976493114369943,2,4,1,133.70445953224188,2.3546193048781072,9,2,12,0.08695652173913043,0.391304347826087,117.03019555404278,-58.29643630950885,284.3040807857143,224.3504754
0.58,34,34,2,0,14,0.3,24,23,6202571.31,44.481526278341335,3.3976493114369943,2,4,1,133.70445953224188,2.3546193048781072,9,2,12,0.08695652173913043,0.391304347826087,117.03019555404278,-58.29643630950885,284.3040807857143,224.3504754
0.58,34,34,2,0,18,0.3,24,23,6202571.31,44.481526278341335,3.3976493114369943,2,4,1,133.70445953224188,2.3546193048781072,9,2,12,0.08695652173913043,0.391304347826087,117.03019555404278,-58.29643630950885,284.3040807857143,224.3504754
0.58,34,40,2,0,14,0.3,24,23,6202571.31,44.481526278341335,3.3976493114369943,2,4,1,133.70445953224188,2.3546193048781072,9,2,12,0.08695652173913043,0.391304347826087,117.03019555404278,-58.29643630950885,284.3040807857143,224.3504754
0.58,34,40,2,0,18,0.3,24,23,6202571.31,44.481526278341335,3.3976493114369943,2,4,1,133.70445953224188,2.3546193048781072,9,2,12,0.08695652173913043,0.391304347826087,117.03019555404278,-58.29643630950885,284.3040807857143,224.3504754
0.58,40,34,2,0,14,0.3,24,23,6202571.31,44.481526278341335,3.3976493114369943,2,4,1,133.70445953224188,2.3546193048781072,9,2,12,0.08695652173913043,0.391304347826087,117.03019555404278,-58.29643630950885,284.3040807857143,224.3504754
0.58,40,34,2,0,18,0.3,24,23,6202571.31,44.481526278341335,3.3976493114369943,2,4,1,133.70445953224188,2.3546193048781072,9,2,12,0.08695652173913043,0.391304347826087,117.03019555404278,-58.29643630950885,284.3040807857143,224.3504754
0.58,40,40,2,0,14,0.3,24,23,6202571.31,44.481526278341335,3.3976493114369943,2,4,1,133.70445953224188,2.3546193048781072,9,2,12,0.08695652173913043,0.391304347826087,117.03019555404278,-58.29643630950885,284.3040807857143,224.3504754
0.58,40,40,2,0,18,0.3,24,23,6202571.31,44.481526278341335,3.3976493114369943,2,4,1,133.70445953224188,2.3546193048781072,9,2,12,0.08695652173913043,0.391304347826087,117.03019555404278,-58.29643630950885,284.3040807857143,224.3504754
0.58,46,34,2,0,14,0.3,24,23,6202571.31,44.481526278341335,3.3976493114369943,2,4,1,133.70445953224188,2.3546193048781072,9,2,12,0.08695652173913043,0.391304347826087,117.03019555404278,-58.29643630950885,284.3040807857143,224.3504754
0.58,46,34,2,0,18,0.3,24,23,6202571.31,44.481526278341335,3.3976493114369943,2,4,1,133.70445953224188,2.3546193048781072,9,2,12,0.08695652173913043,0.391304347826087,117.03019555404278,-58.29643630950885,284.3040807857143,224.3504754
0.58,46,40,2,0,14,0.3,24,23,6202571.31,44.481526278341335,3.3976493114369943,2,4,1,133.70445953224188,2.3546193048781072,9,2,12,0.08695652173913043,0.391304347826087,117.03019555404278,-58.29643630950885,284.3040807857143,224.3504754
0.58,46,40,2,0,18,0.3,24,23,6202571.31,44.481526278341335,3.3976493114369943,2,4,1,133.70445953224188,2.3546193048781072,9,2,12,0.08695652173913043,0.391304347826087,117.03019555404278,-58.29643630950885,284.3040807857143,224.3504754
0.58,28,28,2,2,14,0.3,19,18,5647225.8,36.15780258073881,3.3976493114369943,1,3,1,133.70445953224188,2.5832228138547926,8,2,8,0.1111111111111111,0.4444444444444444,112.40231630404277,-74.73920038950884,239.33732714285713,216.648172
0.58,28,28,2,2,14,0.45,19,18,5647225.8,36.15780258073881,3.3976493114369943,1,3,1,133.70445953224188,2.5832228138547926,8,2,8,0.1111111111111111,0.4444444444444444,112.40231630404277,-74.73920038950884,239.33732714285713,216.648172
0.58,28,34,2,2,14,0.3,19,18,5647225.8,36.15780258073881,3.3976493114369943,1,3,1,133.70445953224188,2.5832228138547926,8,2,8,0.1111111111111111,0.4444444444444444,112.40231630404277,-74.73920038950884,239.33732714285713,216.648172
0.58,28,34,2,2,14,0.45,19,18,5647225.8,36.15780258073881,3.3976493114369943,1,3,1,133.70445953224188,2.5832228138547926,8,2,8,0.1111111111111111,0.4444444444444444,112.40231630404277,-74.73920038950884,239.33732714285713,216.648172
0.58,28,40,2,2,14,0.3,19,18,5647225.8,36.15780258073881,3.3976493114369943,1,3,1,133.70445953224188,2.5832228138547926,8,2,8,0.1111111111111111,0.4444444444444444,112.40231630404277,-74.73920038950884,239.33732714285713,216.648172
0.58,28,40,2,2,14,0.45,19,18,5647225.8,36.15780258073881,3.3976493114369943,1,3,1,133.70445953224188,2.5832228138547926,8,2,8,0.1111111111111111,0.4444444444444444,112.40231630404277,-74.73920038950884,239.33732714285713,216.648172
0.58,34,28,2,2,14,0.3,19,18,5647225.8,36.15780258073881,3.3976493114369943,1,3,1,133.70445953224188,2.5832228138547926,8,2,8,0.1111111111111111,0.4444444444444444,112.40231630404277,-74.73920038950884,239.33732714285713,216.648172
0.58,34,28,2,2,14,0.45,19,18,5647225.8,36.15780258073881,3.3976493114369943,1,3,1,133.70445953224188,2.5832228138547926,8,2,8,0.1111111111111111,0.4444444444444444,112.40231630404277,-74.73920038950884,239.33732714285713,216.648172
0.58,34,34,2,2,14,0.3,19,18,5647225.8,36.15780258073881,3.3976493114369943,1,3,1,133.70445953224188,2.5832228138547926,8,2,8,0.1111111111111111,0.4444444444444444,112.40231630404277,-74.73920038950884,239.33732714285713,216.648172
0.58,34,34,2,2,14,0.45,19,18,5647225.8,36.15780258073881,3.3976493114369943,1,3,1,133.70445953224188,2.5832228138547926,8,2,8,0.1111111111111111,0.4444444444444444,112.40231630404277,-74.73920038950884,239.33732714285713,216.648172
0.58,34,40,2,2,14,0.3,19,18,5647225.8,36.15780258073881,3.3976493114369943,1,3,1,133.70445953224188,2.5832228138547926,8,2,8,0.1111111111111111,0.4444444444444444,112.40231630404277,-74.73920038950884,239.33732714285713,216.648172
0.58,34,40,2,2,14,0.45,19,18,5647225.8,36.15780258073881,3.3976493114369943,1,3,1,133.70445953224188,2.5832228138547926,8,2,8,0.1111111111111111,0.4444444444444444,112.40231630404277,-74.73920038950884,239.33732714285713,216.648172
0.58,40,28,2,2,14,0.3,19,18,5647225.8,36.15780258073881,3.3976493114369943,1,3,1,133.70445953224188,2.5832228138547926,8,2,8,0.1111111111111111,0.4444444444444444,112.40231630404277,-74.73920038950884,239.33732714285713,216.648172
0.58,40,28,2,2,14,0.45,19,18,5647225.8,36.15780258073881,3.3976493114369943,1,3,1,133.70445953224188,2.5832228138547926,8,2,8,0.1111111111111111,0.4444444444444444,112.40231630404277,-74.73920038950884,239.33732714285713,216.648172
0.58,40,34,2,2,14,0.3,19,18,5647225.8,36.15780258073881,3.3976493114369943,1,3,1,133.70445953224188,2.5832228138547926,8,2,8,0.1111111111111111,0.4444444444444444,112.40231630404277,-74.73920038950884,239.33732714285713,216.648172
0.58,40,34,2,2,14,0.45,19,18,5647225.8,36.15780258073881,3.3976493114369943,1,3,1,133.70445953224188,2.5832228138547926,8,2,8,0.1111111111111111,0.4444444444444444,112.40231630404277,-74.73920038950884,239.33732714285713,216.648172
0.58,40,40,2,2,14,0.3,19,18,5647225.8,36.15780258073881,3.3976493114369943,1,3,1,133.70445953224188,2.5832228138547926,8,2,8,0.1111111111111111,0.4444444444444444,112.40231630404277,-74.73920038950884,239.33732714285713,216.648172
0.58,40,40,2,2,14,0.45,19,18,5647225.8,36.15780258073881,3.3976493114369943,1,3,1,133.70445953224188,2.5832228138547926,8,2,8,0.1111111111111111,0.4444444444444444,112.40231630404277,-74.73920038950884,239.33732714285713,216.648172
0.58,46,28,2,2,14,0.3,19,18,5647225.8,36.15780258073881,3.3976493114369943,1,3,1,133.70445953224188,2.5832228138547926,8,2,8,0.1111111111111111,0.4444444444444444,112.40231630404277,-74.73920038950884,239.33732714285713,216.648172
0.58,46,28,2,2,14,0.45,19,18,5647225.8,36.15780258073881,3.3976493114369943,1,3,1,133.70445953224188,2.5832228138547926,8,2,8,0.1111111111111111,0.4444444444444444,112.40231630404277,-74.73920038950884,239.33732714285713,216.648172
0.58,46,34,2,2,14,0.3,19,18,5647225.8,36.15780258073881,3.3976493114369943,1,3,1,133.70445953224188,2.5832228138547926,8,2,8,0.1111111111111111,0.4444444444444444,112.40231630404277,-74.73920038950884,239.33732714285713,216.648172
0.58,46,34,2,2,14,0.45,19,18,5647225.8,36.15780258073881,3.3976493114369943,1,3,1,133.70445953224188,2.5832228138547926,8,2,8,0.1111111111111111,0.4444444444444444,112.40231630404277,-74.73920038950884,239.33732714285713,216.648172
0.58,46,40,2,2,14,0.3,19,18,5647225.8,36.15780258073881,3.3976493114369943,1,3,1,133.70445953224188,2.5832228138547926,8,2,8,0.1111111111111111,0.4444444444444444,112.40231630404277,-74.73920038950884,239.33732714285713,216.648172
0.58,46,40,2,2,14,0.45,19,18,5647225.8,36.15780258073881,3.3976493114369943,1,3,1,133.70445953224188,2.5832228138547926,8,2,8,0.1111111111111111,0.4444444444444444,112.40231630404277,-74.73920038950884,239.33732714285713,216.648172
0.63,28,28,2,2,14,0.3,19,18,5647225.8,36.15780258073881,3.3976493114369943,1,3,1,133.70445953224188,2.5832228138547926,8,2,8,0.1111111111111111,0.4444444444444444,112.40231630404277,-74.73920038950884,239.33732714285713,216.648172
0.63,28,28,2,2,14,0.45,19,18,5647225.8,36.15780258073881,3.3976493114369943,1,3,1,133.70445953224188,2.5832228138547926,8,2,8,0.1111111111111111,0.4444444444444444,112.40231630404277,-74.73920038950884,239.33732714285713,216.648172
0.63,28,34,2,2,14,0.3,19,18,5647225.8,36.15780258073881,3.3976493114369943,1,3,1,133.70445953224188,2.5832228138547926,8,2,8,0.1111111111111111,0.4444444444444444,112.40231630404277,-74.73920038950884,239.33732714285713,216.648172
0.63,28,34,2,2,14,0.45,19,18,5647225.8,36.15780258073881,3.3976493114369943,1,3,1,133.70445953224188,2.5832228138547926,8,2,8,0.1111111111111111,0.4444444444444444,112.40231630404277,-74.73920038950884,239.33732714285713,216.648172
0.63,28,40,2,2,14,0.3,19,18,5647225.8,36.15780258073881,3.3976493114369943,1,3,1,133.70445953224188,2.5832228138547926,8,2,8,0.1111111111111111,0.4444444444444444,112.40231630404277,-74.73920038950884,239.33732714285713,216.648172
0.63,28,40,2,2,14,0.45,19,18,5647225.8,36.15780258073881,3.3976493114369943,1,3,1,133.70445953224188,2.5832228138547926,8,2,8,0.1111111111111111,0.4444444444444444,112.40231630404277,-74.73920038950884,239.33732714285713,216.648172
0.63,34,28,2,2,14,0.3,19,18,5647225.8,36.15780258073881,3.3976493114369943,1,3,1,133.70445953224188,2.5832228138547926,8,2,8,0.1111111111111111,0.4444444444444444,112.40231630404277,-74.73920038950884,239.33732714285713,216.648172
0.63,34,28,2,2,14,0.45,19,18,5647225.8,36.15780258073881,3.3976493114369943,1,3,1,133.70445953224188,2.5832228138547926,8,2,8,0.1111111111111111,0.4444444444444444,112.40231630404277,-74.73920038950884,239.33732714285713,216.648172
0.63,34,34,2,2,14,0.3,19,18,5647225.8,36.15780258073881,3.3976493114369943,1,3,1,133.70445953224188,2.5832228138547926,8,2,8,0.1111111111111111,0.4444444444444444,112.40231630404277,-74.73920038950884,239.33732714285713,216.648172
0.63,34,34,2,2,14,0.45,19,18,5647225.8,36.15780258073881,3.3976493114369943,1,3,1,133.70445953224188,2.5832228138547926,8,2,8,0.1111111111111111,0.4444444444444444,112.40231630404277,-74.73920038950884,239.33732714285713,216.648172
0.63,34,40,2,2,14,0.3,19,18,5647225.8,36.15780258073881,3.3976493114369943,1,3,1,133.70445953224188,2.5832228138547926,8,2,8,0.1111111111111111,0.4444444444444444,112.40231630404277,-74.73920038950884,239.33732714285713,216.648172
0.63,34,40,2,2,14,0.45,19,18,5647225.8,36.15780258073881,3.3976493114369943,1,3,1,133.70445953224188,2.5832228138547926,8,2,8,0.1111111111111111,0.4444444444444444,112.40231630404277,-74.73920038950884,239.33732714285713,216.648172
0.63,40,28,2,2,14,0.3,19,18,5647225.8,36.15780258073881,3.3976493114369943,1,3,1,133.70445953224188,2.5832228138547926,8,2,8,0.1111111111111111,0.4444444444444444,112.40231630404277,-74.73920038950884,239.33732714285713,216.648172
0.63,40,28,2,2,14,0.45,19,18,5647225.8,36.15780258073881,3.3976493114369943,1,3,1,133.70445953224188,2.5832228138547926,8,2,8,0.1111111111111111,0.4444444444444444,112.40231630404277,-74.73920038950884,239.33732714285713,216.648172
0.63,40,34,2,2,14,0.3,19,18,5647225.8,36.15780258073881,3.3976493114369943,1,3,1,133.70445953224188,2.5832228138547926,8,2,8,0.1111111111111111,0.4444444444444444,112.40231630404277,-74.73920038950884,239.33732714285713,216.648172
0.63,40,34,2,2,14,0.45,19,18,5647225.8,36.15780258073881,3.3976493114369943,1,3,1,133.70445953224188,2.5832228138547926,8,2,8,0.1111111111111111,0.4444444444444444,112.40231630404277,-74.73920038950884,239.33732714285713,216.648172
0.63,40,40,2,2,14,0.3,19,18,5647225.8,36.15780258073881,3.3976493114369943,1,3,1,133.70445953224188,2.5832228138547926,8,2,8,0.1111111111111111,0.4444444444444444,112.40231630404277,-74.73920038950884,239.33732714285713,216.648172
0.63,40,40,2,2,14,0.45,19,18,5647225.8,36.15780258073881,3.3976493114369943,1,3,1,133.70445953224188,2.5832228138547926,8,2,8,0.1111111111111111,0.4444444444444444,112.40231630404277,-74.73920038950884,239.33732714285713,216.648172
0.63,46,28,2,2,14,0.3,19,18,5647225.8,36.15780258073881,3.3976493114369943,1,3,1,133.70445953224188,2.5832228138547926,8,2,8,0.1111111111111111,0.4444444444444444,112.40231630404277,-74.73920038950884,239.33732714285713,216.648172
0.63,46,28,2,2,14,0.45,19,18,5647225.8,36.15780258073881,3.3976493114369943,1,3,1,133.70445953224188,2.5832228138547926,8,2,8,0.1111111111111111,0.4444444444444444,112.40231630404277,-74.73920038950884,239.33732714285713,216.648172
0.63,46,34,2,2,14,0.3,19,18,5647225.8,36.15780258073881,3.3976493114369943,1,3,1,133.70445953224188,2.5832228138547926,8,2,8,0.1111111111111111,0.4444444444444444,112.40231630404277,-74.73920038950884,239.33732714285713,216.648172
0.63,46,34,2,2,14,0.45,19,18,5647225.8,36.15780258073881,3.3976493114369943,1,3,1,133.70445953224188,2.5832228138547926,8,2,8,0.1111111111111111,0.4444444444444444,112.40231630404277,-74.73920038950884,239.33732714285713,216.648172
0.63,46,40,2,2,14,0.3,19,18,5647225.8,36.15780258073881,3.3976493114369943,1,3,1,133.70445953224188,2.5832228138547926,8,2,8,0.1111111111111111,0.4444444444444444,112.40231630404277,-74.73920038950884,239.33732714285713,216.648172
0.63,46,40,2,2,14,0.45,19,18,5647225.8,36.15780258073881,3.3976493114369943,1,3,1,133.70445953224188,2.5832228138547926,8,2,8,0.1111111111111111,0.4444444444444444,112.40231630404277,-74.73920038950884,239.33732714285713,216.648172
0.68,28,28,2,2,14,0.3,19,18,5647225.8,36.15780258073881,3.3976493114369943,1,3,1,133.70445953224188,2.5832228138547926,8,2,8,0.1111111111111111,0.4444444444444444,112.40231630404277,-74.73920038950884,239.33732714285713,216.648172
0.68,28,28,2,2,14,0.45,19,18,5647225.8,36.15780258073881,3.3976493114369943,1,3,1,133.70445953224188,2.5832228138547926,8,2,8,0.1111111111111111,0.4444444444444444,112.40231630404277,-74.73920038950884,239.33732714285713,216.648172
0.68,28,34,2,2,14,0.3,19,18,5647225.8,36.15780258073881,3.3976493114369943,1,3,1,133.70445953224188,2.5832228138547926,8,2,8,0.1111111111111111,0.4444444444444444,112.40231630404277,-74.73920038950884,239.33732714285713,216.648172
0.68,28,34,2,2,14,0.45,19,18,5647225.8,36.15780258073881,3.3976493114369943,1,3,1,133.70445953224188,2.5832228138547926,8,2,8,0.1111111111111111,0.4444444444444444,112.40231630404277,-74.73920038950884,239.33732714285713,216.648172
0.68,28,40,2,2,14,0.3,19,18,5647225.8,36.15780258073881,3.3976493114369943,1,3,1,133.70445953224188,2.5832228138547926,8,2,8,0.1111111111111111,0.4444444444444444,112.40231630404277,-74.73920038950884,239.33732714285713,216.648172
0.68,28,40,2,2,14,0.45,19,18,5647225.8,36.15780258073881,3.3976493114369943,1,3,1,133.70445953224188,2.5832228138547926,8,2,8,0.1111111111111111,0.4444444444444444,112.40231630404277,-74.73920038950884,239.33732714285713,216.648172
0.68,34,28,2,2,14,0.3,19,18,5647225.8,36.15780258073881,3.3976493114369943,1,3,1,133.70445953224188,2.5832228138547926,8,2,8,0.1111111111111111,0.4444444444444444,112.40231630404277,-74.73920038950884,239.33732714285713,216.648172
0.68,34,28,2,2,14,0.45,19,18,5647225.8,36.15780258073881,3.3976493114369943,1,3,1,133.70445953224188,2.5832228138547926,8,2,8,0.1111111111111111,0.4444444444444444,112.40231630404277,-74.73920038950884,239.33732714285713,216.648172
0.68,34,34,2,2,14,0.3,19,18,5647225.8,36.15780258073881,3.3976493114369943,1,3,1,133.70445953224188,2.5832228138547926,8,2,8,0.1111111111111111,0.4444444444444444,112.40231630404277,-74.73920038950884,239.33732714285713,216.648172
0.68,34,34,2,2,14,0.45,19,18,5647225.8,36.15780258073881,3.3976493114369943,1,3,1,133.70445953224188,2.5832228138547926,8,2,8,0.1111111111111111,0.4444444444444444,112.40231630404277,-74.73920038950884,239.33732714285713,216.648172
0.68,34,40,2,2,14,0.3,19,18,5647225.8,36.15780258073881,3.3976493114369943,1,3,1,133.70445953224188,2.5832228138547926,8,2,8,0.1111111111111111,0.4444444444444444,112.40231630404277,-74.73920038950884,239.33732714285713,216.648172
0.68,34,40,2,2,14,0.45,19,18,5647225.8,36.15780258073881,3.3976493114369943,1,3,1,133.70445953224188,2.5832228138547926,8,2,8,0.1111111111111111,0.4444444444444444,112.40231630404277,-74.73920038950884,239.33732714285713,216.648172
0.68,40,28,2,2,14,0.3,19,18,5647225.8,36.15780258073881,3.3976493114369943,1,3,1,133.70445953224188,2.5832228138547926,8,2,8,0.1111111111111111,0.4444444444444444,112.40231630404277,-74.73920038950884,239.33732714285713,216.648172
0.68,40,28,2,2,14,0.45,19,18,5647225.8,36.15780258073881,3.3976493114369943,1,3,1,133.70445953224188,2.5832228138547926,8,2,8,0.1111111111111111,0.4444444444444444,112.40231630404277,-74.73920038950884,239.33732714285713,216.648172
0.68,40,34,2,2,14,0.3,19,18,5647225.8,36.15780258073881,3.3976493114369943,1,3,1,133.70445953224188,2.5832228138547926,8,2,8,0.1111111111111111,0.4444444444444444,112.40231630404277,-74.73920038950884,239.33732714285713,216.648172
0.68,40,34,2,2,14,0.45,19,18,5647225.8,36.15780258073881,3.3976493114369943,1,3,1,133.70445953224188,2.5832228138547926,8,2,8,0.1111111111111111,0.4444444444444444,112.40231630404277,-74.73920038950884,239.33732714285713,216.648172
0.68,40,40,2,2,14,0.3,19,18,5647225.8,36.15780258073881,3.3976493114369943,1,3,1,133.70445953224188,2.5832228138547926,8,2,8,0.1111111111111111,0.4444444444444444,112.40231630404277,-74.73920038950884,239.33732714285713,216.648172
0.68,40,40,2,2,14,0.45,19,18,5647225.8,36.15780258073881,3.3976493114369943,1,3,1,133.70445953224188,2.5832228138547926,8,2,8,0.1111111111111111,0.4444444444444444,112.40231630404277,-74.73920038950884,239.33732714285713,216.648172
0.68,46,28,2,2,14,0.3,19,18,5647225.8,36.15780258073881,3.3976493114369943,1,3,1,133.70445953224188,2.5832228138547926,8,2,8,0.1111111111111111,0.4444444444444444,112.40231630404277,-74.73920038950884,239.33732714285713,216.648172
0.68,46,28,2,2,14,0.45,19,18,5647225.8,36.15780258073881,3.3976493114369943,1,3,1,133.70445953224188,2.5832228138547926,8,2,8,0.1111111111111111,0.4444444444444444,112.40231630404277,-74.73920038950884,239.33732714285713,216.648172
0.68,46,34,2,2,14,0.3,19,18,5647225.8,36.15780258073881,3.3976493114369943,1,3,1,133.70445953224188,2.5832228138547926,8,2,8,0.1111111111111111,0.4444444444444444,112.40231630404277,-74.73920038950884,239.33732714285713,216.648172
0.68,46,34,2,2,14,0.45,19,18,5647225.8,36.15780258073881,3.3976493114369943,1,3,1,133.70445953224188,2.5832228138547926,8,2,8,0.1111111111111111,0.4444444444444444,112.40231630404277,-74.73920038950884,239.33732714285713,216.648172
0.68,46,40,2,2,14,0.3,19,18,5647225.8,36.15780258073881,3.3976493114369943,1,3,1,133.70445953224188,2.5832228138547926,8,2,8,0.1111111111111111,0.4444444444444444,112.40231630404277,-74.73920038950884,239.33732714285713,216.648172
0.68,46,40,2,2,14,0.45,19,18,5647225.8,36.15780258073881,3.3976493114369943,1,3,1,133.70445953224188,2.5832228138547926,8,2,8,0.1111111111111111,0.4444444444444444,112.40231630404277,-74.73920038950884,239.33732714285713,216.648172
0.73,28,28,2,2,14,0.3,19,18,5647225.8,36.15780258073881,3.3976493114369943,1,3,1,133.70445953224188,2.5832228138547926,8,2,8,0.1111111111111111,0.4444444444444444,112.40231630404277,-74.73920038950884,239.33732714285713,216.648172
0.73,28,28,2,2,14,0.45,19,18,5647225.8,36.15780258073881,3.3976493114369943,1,3,1,133.70445953224188,2.5832228138547926,8,2,8,0.1111111111111111,0.4444444444444444,112.40231630404277,-74.73920038950884,239.33732714285713,216.648172
0.73,28,34,2,2,14,0.3,19,18,5647225.8,36.15780258073881,3.3976493114369943,1,3,1,133.70445953224188,2.5832228138547926,8,2,8,0.1111111111111111,0.4444444444444444,112.40231630404277,-74.73920038950884,239.33732714285713,216.648172
0.73,28,34,2,2,14,0.45,19,18,5647225.8,36.15780258073881,3.3976493114369943,1,3,1,133.70445953224188,2.5832228138547926,8,2,8,0.1111111111111111,0.4444444444444444,112.40231630404277,-74.73920038950884,239.33732714285713,216.648172
0.73,28,40,2,2,14,0.3,19,18,5647225.8,36.15780258073881,3.3976493114369943,1,3,1,133.70445953224188,2.5832228138547926,8,2,8,0.1111111111111111,0.4444444444444444,112.40231630404277,-74.73920038950884,239.33732714285713,216.648172
0.73,28,40,2,2,14,0.45,19,18,5647225.8,36.15780258073881,3.3976493114369943,1,3,1,133.70445953224188,2.5832228138547926,8,2,8,0.1111111111111111,0.4444444444444444,112.40231630404277,-74.73920038950884,239.33732714285713,216.648172
0.73,34,28,2,2,14,0.3,19,18,5647225.8,36.15780258073881,3.3976493114369943,1,3,1,133.70445953224188,2.5832228138547926,8,2,8,0.1111111111111111,0.4444444444444444,112.40231630404277,-74.73920038950884,239.33732714285713,216.648172
0.73,34,28,2,2,14,0.45,19,18,5647225.8,36.15780258073881,3.3976493114369943,1,3,1,133.70445953224188,2.5832228138547926,8,2,8,0.1111111111111111,0.4444444444444444,112.40231630404277,-74.73920038950884,239.33732714285713,216.648172
0.73,34,34,2,2,14,0.3,19,18,5647225.8,36.15780258073881,3.3976493114369943,1,3,1,133.70445953224188,2.5832228138547926,8,2,8,0.1111111111111111,0.4444444444444444,112.40231630404277,-74.73920038950884,239.33732714285713,216.648172
0.73,34,34,2,2,14,0.45,19,18,5647225.8,36.15780258073881,3.3976493114369943,1,3,1,133.70445953224188,2.5832228138547926,8,2,8,0.1111111111111111,0.4444444444444444,112.40231630404277,-74.73920038950884,239.33732714285713,216.648172
0.73,34,40,2,2,14,0.3,19,18,5647225.8,36.15780258073881,3.3976493114369943,1,3,1,133.70445953224188,2.5832228138547926,8,2,8,0.1111111111111111,0.4444444444444444,112.40231630404277,-74.73920038950884,239.33732714285713,216.648172
0.73,34,40,2,2,14,0.45,19,18,5647225.8,36.15780258073881,3.3976493114369943,1,3,1,133.70445953224188,2.5832228138547926,8,2,8,0.1111111111111111,0.4444444444444444,112.40231630404277,-74.73920038950884,239.33732714285713,216.648172
0.73,40,28,2,2,14,0.3,19,18,5647225.8,36.15780258073881,3.3976493114369943,1,3,1,133.70445953224188,2.5832228138547926,8,2,8,0.1111111111111111,0.4444444444444444,112.40231630404277,-74.73920038950884,239.33732714285713,216.648172
0.73,40,28,2,2,14,0.45,19,18,5647225.8,36.15780258073881,3.3976493114369943,1,3,1,133.70445953224188,2.5832228138547926,8,2,8,0.1111111111111111,0.4444444444444444,112.40231630404277,-74.73920038950884,239.33732714285713,216.648172
0.73,40,34,2,2,14,0.3,19,18,5647225.8,36.15780258073881,3.3976493114369943,1,3,1,133.70445953224188,2.5832228138547926,8,2,8,0.1111111111111111,0.4444444444444444,112.40231630404277,-74.73920038950884,239.33732714285713,216.648172
0.73,40,34,2,2,14,0.45,19,18,5647225.8,36.15780258073881,3.3976493114369943,1,3,1,133.70445953224188,2.5832228138547926,8,2,8,0.1111111111111111,0.4444444444444444,112.40231630404277,-74.73920038950884,239.33732714285713,216.648172
0.73,40,40,2,2,14,0.3,19,18,5647225.8,36.15780258073881,3.3976493114369943,1,3,1,133.70445953224188,2.5832228138547926,8,2,8,0.1111111111111111,0.4444444444444444,112.40231630404277,-74.73920038950884,239.33732714285713,216.648172
0.73,40,40,2,2,14,0.45,19,18,5647225.8,36.15780258073881,3.3976493114369943,1,3,1,133.70445953224188,2.5832228138547926,8,2,8,0.1111111111111111,0.4444444444444444,112.40231630404277,-74.73920038950884,239.33732714285713,216.648172
0.73,46,28,2,2,14,0.3,19,18,5647225.8,36.15780258073881,3.3976493114369943,1,3,1,133.70445953224188,2.5832228138547926,8,2,8,0.1111111111111111,0.4444444444444444,112.40231630404277,-74.73920038950884,239.33732714285713,216.648172
0.73,46,28,2,2,14,0.45,19,18,5647225.8,36.15780258073881,3.3976493114369943,1,3,1,133.70445953224188,2.5832228138547926,8,2,8,0.1111111111111111,0.4444444444444444,112.40231630404277,-74.73920038950884,239.33732714285713,216.648172
0.73,46,34,2,2,14,0.3,19,18,5647225.8,36.15780258073881,3.3976493114369943,1,3,1,133.70445953224188,2.5832228138547926,8,2,8,0.1111111111111111,0.4444444444444444,112.40231630404277,-74.73920038950884,239.33732714285713,216.648172
0.73,46,34,2,2,14,0.45,19,18,5647225.8,36.15780258073881,3.3976493114369943,1,3,1,133.70445953224188,2.5832228138547926,8,2,8,0.1111111111111111,0.4444444444444444,112.40231630404277,-74.73920038950884,239.33732714285713,216.648172
0.73,46,40,2,2,14,0.3,19,18,5647225.8,36.15780258073881,3.3976493114369943,1,3,1,133.70445953224188,2.5832228138547926,8,2,8,0.1111111111111111,0.4444444444444444,112.40231630404277,-74.73920038950884,239.33732714285713,216.648172
0.73,46,40,2,2,14,0.45,19,18,5647225.8,36.15780258073881,3.3976493114369943,1,3,1,133.70445953224188,2.5832228138547926,8,2,8,0.1111111111111111,0.4444444444444444,112.40231630404277,-74.73920038950884,239.33732714285713,216.648172
0.78,28,28,2,2,14,0.3,19,18,5647225.8,36.15780258073881,3.3976493114369943,1,3,1,133.70445953224188,2.5832228138547926,8,2,8,0.1111111111111111,0.4444444444444444,112.40231630404277,-74.73920038950884,239.33732714285713,216.648172
0.78,28,28,2,2,14,0.45,19,18,5647225.8,36.15780258073881,3.3976493114369943,1,3,1,133.70445953224188,2.5832228138547926,8,2,8,0.1111111111111111,0.4444444444444444,112.40231630404277,-74.73920038950884,239.33732714285713,216.648172
0.78,28,34,2,2,14,0.3,19,18,5647225.8,36.15780258073881,3.3976493114369943,1,3,1,133.70445953224188,2.5832228138547926,8,2,8,0.1111111111111111,0.4444444444444444,112.40231630404277,-74.73920038950884,239.33732714285713,216.648172
0.78,28,34,2,2,14,0.45,19,18,5647225.8,36.15780258073881,3.3976493114369943,1,3,1,133.70445953224188,2.5832228138547926,8,2,8,0.1111111111111111,0.4444444444444444,112.40231630404277,-74.73920038950884,239.33732714285713,216.648172
0.78,28,40,2,2,14,0.3,19,18,5647225.8,36.15780258073881,3.3976493114369943,1,3,1,133.70445953224188,2.5832228138547926,8,2,8,0.1111111111111111,0.4444444444444444,112.40231630404277,-74.73920038950884,239.33732714285713,216.648172
0.78,28,40,2,2,14,0.45,19,18,5647225.8,36.15780258073881,3.3976493114369943,1,3,1,133.70445953224188,2.5832228138547926,8,2,8,0.1111111111111111,0.4444444444444444,112.40231630404277,-74.73920038950884,239.33732714285713,216.648172
0.78,34,28,2,2,14,0.3,19,18,5647225.8,36.15780258073881,3.3976493114369943,1,3,1,133.70445953224188,2.5832228138547926,8,2,8,0.1111111111111111,0.4444444444444444,112.40231630404277,-74.73920038950884,239.33732714285713,216.648172
0.78,34,28,2,2,14,0.45,19,18,5647225.8,36.15780258073881,3.3976493114369943,1,3,1,133.70445953224188,2.5832228138547926,8,2,8,0.1111111111111111,0.4444444444444444,112.40231630404277,-74.73920038950884,239.33732714285713,216.648172
0.78,34,34,2,2,14,0.3,19,18,5647225.8,36.15780258073881,3.3976493114369943,1,3,1,133.70445953224188,2.5832228138547926,8,2,8,0.1111111111111111,0.4444444444444444,112.40231630404277,-74.73920038950884,239.33732714285713,216.648172
0.78,34,34,2,2,14,0.45,19,18,5647225.8,36.15780258073881,3.3976493114369943,1,3,1,133.70445953224188,2.5832228138547926,8,2,8,0.1111111111111111,0.4444444444444444,112.40231630404277,-74.73920038950884,239.33732714285713,216.648172
0.78,34,40,2,2,14,0.3,19,18,5647225.8,36.15780258073881,3.3976493114369943,1,3,1,133.70445953224188,2.5832228138547926,8,2,8,0.1111111111111111,0.4444444444444444,112.40231630404277,-74.73920038950884,239.33732714285713,216.648172
0.78,34,40,2,2,14,0.45,19,18,5647225.8,36.15780258073881,3.3976493114369943,1,3,1,133.70445953224188,2.5832228138547926,8,2,8,0.1111111111111111,0.4444444444444444,112.40231630404277,-74.73920038950884,239.33732714285713,216.648172
0.78,40,28,2,2,14,0.3,19,18,5647225.8,36.15780258073881,3.3976493114369943,1,3,1,133.70445953224188,2.5832228138547926,8,2,8,0.1111111111111111,0.4444444444444444,112.40231630404277,-74.73920038950884,239.33732714285713,216.648172
0.78,40,28,2,2,14,0.45,19,18,5647225.8,36.15780258073881,3.3976493114369943,1,3,1,133.70445953224188,2.5832228138547926,8,2,8,0.1111111111111111,0.4444444444444444,112.40231630404277,-74.73920038950884,239.33732714285713,216.648172
0.78,40,34,2,2,14,0.3,19,18,5647225.8,36.15780258073881,3.3976493114369943,1,3,1,133.70445953224188,2.5832228138547926,8,2,8,0.1111111111111111,0.4444444444444444,112.40231630404277,-74.73920038950884,239.33732714285713,216.648172
0.78,40,34,2,2,14,0.45,19,18,5647225.8,36.15780258073881,3.3976493114369943,1,3,1,133.70445953224188,2.5832228138547926,8,2,8,0.1111111111111111,0.4444444444444444,112.40231630404277,-74.73920038950884,239.33732714285713,216.648172
0.78,40,40,2,2,14,0.3,19,18,5647225.8,36.15780258073881,3.3976493114369943,1,3,1,133.70445953224188,2.5832228138547926,8,2,8,0.1111111111111111,0.4444444444444444,112.40231630404277,-74.73920038950884,239.33732714285713,216.648172
0.78,40,40,2,2,14,0.45,19,18,5647225.8,36.15780258073881,3.3976493114369943,1,3,1,133.70445953224188,2.5832228138547926,8,2,8,0.1111111111111111,0.4444444444444444,112.40231630404277,-74.73920038950884,239.33732714285713,216.648172
0.78,46,28,2,2,14,0.3,19,18,5647225.8,36.15780258073881,3.3976493114369943,1,3,1,133.70445953224188,2.5832228138547926,8,2,8,0.1111111111111111,0.4444444444444444,112.40231630404277,-74.73920038950884,239.33732714285713,216.648172
0.78,46,28,2,2,14,0.45,19,18,5647225.8,36.15780258073881,3.3976493114369943,1,3,1,133.70445953224188,2.5832228138547926,8,2,8,0.1111111111111111,0.4444444444444444,112.40231630404277,-74.73920038950884,239.33732714285713,216.648172
0.78,46,34,2,2,14,0.3,19,18,5647225.8,36.15780258073881,3.3976493114369943,1,3,1,133.70445953224188,2.5832228138547926,8,2,8,0.1111111111111111,0.4444444444444444,112.40231630404277,-74.73920038950884,239.33732714285713,216.648172
0.78,46,34,2,2,14,0.45,19,18,5647225.8,36.15780258073881,3.3976493114369943,1,3,1,133.70445953224188,2.5832228138547926,8,2,8,0.1111111111111111,0.4444444444444444,112.40231630404277,-74.73920038950884,239.33732714285713,216.648172
0.78,46,40,2,2,14,0.3,19,18,5647225.8,36.15780258073881,3.3976493114369943,1,3,1,133.70445953224188,2.5832228138547926,8,2,8,0.1111111111111111,0.4444444444444444,112.40231630404277,-74.73920038950884,239.33732714285713,216.648172
0.78,46,40,2,2,14,0.45,19,18,5647225.8,36.15780258073881,3.3976493114369943,1,3,1,133.70445953224188,2.5832228138547926,8,2,8,0.1111111111111111,0.4444444444444444,112.40231630404277,-74.73920038950884,239.33732714285713,216.648172
0.58,28,28,2,0,22,0.45,23,22,6252930.47,44.13201358939598,3.3976493114369943,2,4,1,133.70445953224188,2.377771897088214,9,2,11,0.09090909090909091,0.4090909090909091,109.44985522070944,-65.89356302950885,272.6637890714286,215.68620313333332
0.58,28,34,2,0,22,0.45,23,22,6252930.47,44.13201358939598,3.3976493114369943,2,4,1,133.70445953224188,2.377771897088214,9,2,11,0.09090909090909091,0.4090909090909091,109.44985522070944,-65.89356302950885,272.6637890714286,215.68620313333332
0.58,28,34,2,0,22,0.6,23,22,6252930.47,44.13201358939598,3.3976493114369943,2,4,1,133.70445953224188,2.377771897088214,9,2,11,0.09090909090909091,0.4090909090909091,109.44985522070944,-65.89356302950885,272.6637890714286,215.68620313333332
0.58,28,40,2,0,22,0.45,23,22,6252930.47,44.13201358939598,3.3976493114369943,2,4,1,133.70445953224188,2.377771897088214,9,2,11,0.09090909090909091,0.4090909090909091,109.44985522070944,-65.89356302950885,272.6637890714286,215.68620313333332
0.58,28,40,2,0,22,0.6,23,22,6252930.47,44.13201358939598,3.3976493114369943,2,4,1,133.70445953224188,2.377771897088214,9,2,11,0.09090909090909091,0.4090909090909091,109.44985522070944,-65.89356302950885,272.6637890714286,215.68620313333332
0.58,34,28,2,0,22,0.45,23,22,6252930.47,44.13201358939598,3.3976493114369943,2,4,1,133.70445953224188,2.377771897088214,9,2,11,0.09090909090909091,0.4090909090909091,109.44985522070944,-65.89356302950885,272.6637890714286,215.68620313333332
0.58,34,34,2,0,22,0.45,23,22,6252930.47,44.13201358939598,3.3976493114369943,2,4,1,133.70445953224188,2.377771897088214,9,2,11,0.09090909090909091,0.4090909090909091,109.44985522070944,-65.89356302950885,272.6637890714286,215.68620313333332
0.58,34,34,2,0,22,0.6,23,22,6252930.47,44.13201358939598,3.3976493114369943,2,4,1,133.70445953224188,2.377771897088214,9,2,11,0.09090909090909091,0.4090909090909091,109.44985522070944,-65.89356302950885,272.6637890714286,215.68620313333332
0.58,34,40,2,0,22,0.45,23,22,6252930.47,44.13201358939598,3.3976493114369943,2,4,1,133.70445953224188,2.377771897088214,9,2,11,0.09090909090909091,0.4090909090909091,109.44985522070944,-65.89356302950885,272.6637890714286,215.68620313333332
0.58,34,40,2,0,22,0.6,23,22,6252930.47,44.13201358939598,3.3976493114369943,2,4,1,133.70445953224188,2.377771897088214,9,2,11,0.09090909090909091,0.4090909090909091,109.44985522070944,-65.89356302950885,272.6637890714286,215.68620313333332
0.58,40,28,2,0,22,0.45,23,22,6252930.47,44.13201358939598,3.3976493114369943,2,4,1,133.70445953224188,2.377771897088214,9,2,11,0.09090909090909091,0.4090909090909091,109.44985522070944,-65.89356302950885,272.6637890714286,215.68620313333332
0.58,40,34,2,0,22,0.45,23,22,6252930.47,44.13201358939598,3.3976493114369943,2,4,1,133.70445953224188,2.377771897088214,9,2,11,0.09090909090909091,0.4090909090909091,109.44985522070944,-65.89356302950885,272.6637890714286,215.68620313333332
0.58,40,34,2,0,22,0.6,23,22,6252930.47,44.13201358939598,3.3976493114369943,2,4,1,133.70445953224188,2.377771897088214,9,2,11,0.09090909090909091,0.4090909090909091,109.44985522070944,-65.89356302950885,272.6637890714286,215.68620313333332
0.58,40,40,2,0,22,0.45,23,22,6252930.47,44.13201358939598,3.3976493114369943,2,4,1,133.70445953224188,2.377771897088214,9,2,11,0.09090909090909091,0.4090909090909091,109.44985522070944,-65.89356302950885,272.6637890714286,215.68620313333332
0.58,40,40,2,0,22,0.6,23,22,6252930.47,44.13201358939598,3.3976493114369943,2,4,1,133.70445953224188,2.377771897088214,9,2,11,0.09090909090909091,0.4090909090909091,109.44985522070944,-65.89356302950885,272.6637890714286,215.68620313333332
0.58,46,28,2,0,22,0.45,23,22,6252930.47,44.13201358939598,3.3976493114369943,2,4,1,133.70445953224188,2.377771897088214,9,2,11,0.09090909090909091,0.4090909090909091,109.44985522070944,-65.89356302950885,272.6637890714286,215.68620313333332
0.58,46,34,2,0,22,0.45,23,22,6252930.47,44.13201358939598,3.3976493114369943,2,4,1,133.70445953224188,2.377771897088214,9,2,11,0.09090909090909091,0.4090909090909091,109.44985522070944,-65.89356302950885,272.6637890714286,215.68620313333332
0.58,46,34,2,0,22,0.6,23,22,6252930.47,44.13201358939598,3.3976493114369943,2,4,1,133.70445953224188,2.377771897088214,9,2,11,0.09090909090909091,0.4090909090909091,109.44985522070944,-65.89356302950885,272.6637890714286,215.68620313333332
0.58,46,40,2,0,22,0.45,23,22,6252930.47,44.13201358939598,3.3976493114369943,2,4,1,133.70445953224188,2.377771897088214,9,2,11,0.09090909090909091,0.4090909090909091,109.44985522070944,-65.89356302950885,272.6637890714286,215.68620313333332
0.58,46,40,2,0,22,0.6,23,22,6252930.47,44.13201358939598,3.3976493114369943,2,4,1,133.70445953224188,2.377771897088214,9,2,11,0.09090909090909091,0.4090909090909091,109.44985522070944,-65.89356302950885,272.6637890714286,215.68620313333332
0.63,28,28,2,0,22,0.45,23,22,6252930.47,44.13201358939598,3.3976493114369943,2,4,1,133.70445953224188,2.377771897088214,9,2,11,0.09090909090909091,0.4090909090909091,109.44985522070944,-65.89356302950885,272.6637890714286,215.68620313333332
0.63,28,34,2,0,22,0.45,23,22,6252930.47,44.13201358939598,3.3976493114369943,2,4,1,133.70445953224188,2.377771897088214,9,2,11,0.09090909090909091,0.4090909090909091,109.44985522070944,-65.89356302950885,272.6637890714286,215.68620313333332
0.63,28,40,2,0,22,0.45,23,22,6252930.47,44.13201358939598,3.3976493114369943,2,4,1,133.70445953224188,2.377771897088214,9,2,11,0.09090909090909091,0.4090909090909091,109.44985522070944,-65.89356302950885,272.6637890714286,215.68620313333332
0.63,34,28,2,0,22,0.45,23,22,6252930.47,44.13201358939598,3.3976493114369943,2,4,1,133.70445953224188,2.377771897088214,9,2,11,0.09090909090909091,0.4090909090909091,109.44985522070944,-65.89356302950885,272.6637890714286,215.68620313333332
0.63,34,34,2,0,22,0.45,23,22,6252930.47,44.13201358939598,3.3976493114369943,2,4,1,133.70445953224188,2.377771897088214,9,2,11,0.09090909090909091,0.4090909090909091,109.44985522070944,-65.89356302950885,272.6637890714286,215.68620313333332
0.63,34,40,2,0,22,0.45,23,22,6252930.47,44.13201358939598,3.3976493114369943,2,4,1,133.70445953224188,2.377771897088214,9,2,11,0.09090909090909091,0.4090909090909091,109.44985522070944,-65.89356302950885,272.6637890714286,215.68620313333332
0.63,40,28,2,0,22,0.45,23,22,6252930.47,44.13201358939598,3.3976493114369943,2,4,1,133.70445953224188,2.377771897088214,9,2,11,0.09090909090909091,0.4090909090909091,109.44985522070944,-65.89356302950885,272.6637890714286,215.68620313333332
0.63,40,34,2,0,22,0.45,23,22,6252930.47,44.13201358939598,3.3976493114369943,2,4,1,133.70445953224188,2.377771897088214,9,2,11,0.09090909090909091,0.4090909090909091,109.44985522070944,-65.89356302950885,272.6637890714286,215.68620313333332
0.63,40,40,2,0,22,0.45,23,22,6252930.47,44.13201358939598,3.3976493114369943,2,4,1,133.70445953224188,2.377771897088214,9,2,11,0.09090909090909091,0.4090909090909091,109.44985522070944,-65.89356302950885,272.6637890714286,215.68620313333332
0.63,46,28,2,0,22,0.45,23,22,6252930.47,44.13201358939598,3.3976493114369943,2,4,1,133.70445953224188,2.377771897088214,9,2,11,0.09090909090909091,0.4090909090909091,109.44985522070944,-65.89356302950885,272.6637890714286,215.68620313333332
0.63,46,34,2,0,22,0.45,23,22,6252930.47,44.13201358939598,3.3976493114369943,2,4,1,133.70445953224188,2.377771897088214,9,2,11,0.09090909090909091,0.4090909090909091,109.44985522070944,-65.89356302950885,272.6637890714286,215.68620313333332
0.63,46,40,2,0,22,0.45,23,22,6252930.47,44.13201358939598,3.3976493114369943,2,4,1,133.70445953224188,2.377771897088214,9,2,11,0.09090909090909091,0.4090909090909091,109.44985522070944,-65.89356302950885,272.6637890714286,215.68620313333332
0.68,28,28,2,0,22,0.45,23,22,6252930.47,44.13201358939598,3.3976493114369943,2,4,1,133.70445953224188,2.377771897088214,9,2,11,0.09090909090909091,0.4090909090909091,109.44985522070944,-65.89356302950885,272.6637890714286,215.68620313333332
0.68,28,34,2,0,22,0.45,23,22,6252930.47,44.13201358939598,3.3976493114369943,2,4,1,133.70445953224188,2.377771897088214,9,2,11,0.09090909090909091,0.4090909090909091,109.44985522070944,-65.89356302950885,272.6637890714286,215.68620313333332
0.68,28,40,2,0,22,0.45,23,22,6252930.47,44.13201358939598,3.3976493114369943,2,4,1,133.70445953224188,2.377771897088214,9,2,11,0.09090909090909091,0.4090909090909091,109.44985522070944,-65.89356302950885,272.6637890714286,215.68620313333332
0.68,34,28,2,0,22,0.45,23,22,6252930.47,44.13201358939598,3.3976493114369943,2,4,1,133.70445953224188,2.377771897088214,9,2,11,0.09090909090909091,0.4090909090909091,109.44985522070944,-65.89356302950885,272.6637890714286,215.68620313333332
0.68,34,34,2,0,22,0.45,23,22,6252930.47,44.13201358939598,3.3976493114369943,2,4,1,133.70445953224188,2.377771897088214,9,2,11,0.09090909090909091,0.4090909090909091,109.44985522070944,-65.89356302950885,272.6637890714286,215.68620313333332
0.68,34,40,2,0,22,0.45,23,22,6252930.47,44.13201358939598,3.3976493114369943,2,4,1,133.70445953224188,2.377771897088214,9,2,11,0.09090909090909091,0.4090909090909091,109.44985522070944,-65.89356302950885,272.6637890714286,215.68620313333332
0.68,40,28,2,0,22,0.45,23,22,6252930.47,44.13201358939598,3.3976493114369943,2,4,1,133.70445953224188,2.377771897088214,9,2,11,0.09090909090909091,0.4090909090909091,109.44985522070944,-65.89356302950885,272.6637890714286,215.68620313333332
0.68,40,34,2,0,22,0.45,23,22,6252930.47,44.13201358939598,3.3976493114369943,2,4,1,133.70445953224188,2.377771897088214,9,2,11,0.09090909090909091,0.4090909090909091,109.44985522070944,-65.89356302950885,272.6637890714286,215.68620313333332
0.68,40,40,2,0,22,0.45,23,22,6252930.47,44.13201358939598,3.3976493114369943,2,4,1,133.70445953224188,2.377771897088214,9,2,11,0.09090909090909091,0.4090909090909091,109.44985522070944,-65.89356302950885,272.6637890714286,215.68620313333332
0.68,46,28,2,0,22,0.45,23,22,6252930.47,44.13201358939598,3.3976493114369943,2,4,1,133.70445953224188,2.377771897088214,9,2,11,0.09090909090909091,0.4090909090909091,109.44985522070944,-65.89356302950885,272.6637890714286,215.68620313333332
0.68,46,34,2,0,22,0.45,23,22,6252930.47,44.13201358939598,3.3976493114369943,2,4,1,133.70445953224188,2.377771897088214,9,2,11,0.09090909090909091,0.4090909090909091,109.44985522070944,-65.89356302950885,272.6637890714286,215.68620313333332
0.68,46,40,2,0,22,0.45,23,22,6252930.47,44.13201358939598,3.3976493114369943,2,4,1,133.70445953224188,2.377771897088214,9,2,11,0.09090909090909091,0.4090909090909091,109.44985522070944,-65.89356302950885,272.6637890714286,215.68620313333332
0.73,28,28,2,0,22,0.45,23,22,6252930.47,44.13201358939598,3.3976493114369943,2,4,1,133.70445953224188,2.377771897088214,9,2,11,0.09090909090909091,0.4090909090909091,109.44985522070944,-65.89356302950885,272.6637890714286,215.68620313333332
0.73,28,34,2,0,22,0.45,23,22,6252930.47,44.13201358939598,3.3976493114369943,2,4,1,133.70445953224188,2.377771897088214,9,2,11,0.09090909090909091,0.4090909090909091,109.44985522070944,-65.89356302950885,272.6637890714286,215.68620313333332
0.73,28,40,2,0,22,0.45,23,22,6252930.47,44.13201358939598,3.3976493114369943,2,4,1,133.70445953224188,2.377771897088214,9,2,11,0.09090909090909091,0.4090909090909091,109.44985522070944,-65.89356302950885,272.6637890714286,215.68620313333332
0.73,34,28,2,0,22,0.45,23,22,6252930.47,44.13201358939598,3.3976493114369943,2,4,1,133.70445953224188,2.377771897088214,9,2,11,0.09090909090909091,0.4090909090909091,109.44985522070944,-65.89356302950885,272.6637890714286,215.68620313333332
0.73,34,34,2,0,22,0.45,23,22,6252930.47,44.13201358939598,3.3976493114369943,2,4,1,133.70445953224188,2.377771897088214,9,2,11,0.09090909090909091,0.4090909090909091,109.44985522070944,-65.89356302950885,272.6637890714286,215.68620313333332
0.73,34,40,2,0,22,0.45,23,22,6252930.47,44.13201358939598,3.3976493114369943,2,4,1,133.70445953224188,2.377771897088214,9,2,11,0.09090909090909091,0.4090909090909091,109.44985522070944,-65.89356302950885,272.6637890714286,215.68620313333332
0.73,40,28,2,0,22,0.45,23,22,6252930.47,44.13201358939598,3.3976493114369943,2,4,1,133.70445953224188,2.377771897088214,9,2,11,0.09090909090909091,0.4090909090909091,109.44985522070944,-65.89356302950885,272.6637890714286,215.68620313333332
0.73,40,34,2,0,22,0.45,23,22,6252930.47,44.13201358939598,3.3976493114369943,2,4,1,133.70445953224188,2.377771897088214,9,2,11,0.09090909090909091,0.4090909090909091,109.44985522070944,-65.89356302950885,272.6637890714286,215.68620313333332
0.73,40,40,2,0,22,0.45,23,22,6252930.47,44.13201358939598,3.3976493114369943,2,4,1,133.70445953224188,2.377771897088214,9,2,11,0.09090909090909091,0.4090909090909091,109.44985522070944,-65.89356302950885,272.6637890714286,215.68620313333332
0.73,46,28,2,0,22,0.45,23,22,6252930.47,44.13201358939598,3.3976493114369943,2,4,1,133.70445953224188,2.377771897088214,9,2,11,0.09090909090909091,0.4090909090909091,109.44985522070944,-65.89356302950885,272.6637890714286,215.68620313333332
0.73,46,34,2,0,22,0.45,23,22,6252930.47,44.13201358939598,3.3976493114369943,2,4,1,133.70445953224188,2.377771897088214,9,2,11,0.09090909090909091,0.4090909090909091,109.44985522070944,-65.89356302950885,272.6637890714286,215.68620313333332
0.73,46,40,2,0,22,0.45,23,22,6252930.47,44.13201358939598,3.3976493114369943,2,4,1,133.70445953224188,2.377771897088214,9,2,11,0.09090909090909091,0.4090909090909091,109.44985522070944,-65.89356302950885,272.6637890714286,215.68620313333332
0.58,28,28,2,2,14,0.6,18,17,5540313.8,33.34130560913803,3.3976493114369943,1,3,1,133.70445953224188,2.5909701171074166,8,2,7,0.11764705882352941,0.47058823529411764,103.51138297070945,-83.59449638950885,226.57367,206.93542533333334
0.58,28,34,2,2,14,0.6,18,17,5540313.8,33.34130560913803,3.3976493114369943,1,3,1,133.70445953224188,2.5909701171074166,8,2,7,0.11764705882352941,0.47058823529411764,103.51138297070945,-83.59449638950885,226.57367,206.93542533333334
0.58,28,40,2,2,14,0.6,18,17,5540313.8,33.34130560913803,3.3976493114369943,1,3,1,133.70445953224188,2.5909701171074166,8,2,7,0.11764705882352941,0.47058823529411764,103.51138297070945,-83.59449638950885,226.57367,206.93542533333334
0.58,34,28,2,2,14,0.6,18,17,5540313.8,33.34130560913803,3.3976493114369943,1,3,1,133.70445953224188,2.5909701171074166,8,2,7,0.11764705882352941,0.47058823529411764,103.51138297070945,-83.59449638950885,226.57367,206.93542533333334
0.58,34,34,2,2,14,0.6,18,17,5540313.8,33.34130560913803,3.3976493114369943,1,3,1,133.70445953224188,2.5909701171074166,8,2,7,0.11764705882352941,0.47058823529411764,103.51138297070945,-83.59449638950885,226.57367,206.93542533333334
0.58,34,40,2,2,14,0.6,18,17,5540313.8,33.34130560913803,3.3976493114369943,1,3,1,133.70445953224188,2.5909701171074166,8,2,7,0.11764705882352941,0.47058823529411764,103.51138297070945,-83.59449638950885,226.57367,206.93542533333334
0.58,40,28,2,2,14,0.6,18,17,5540313.8,33.34130560913803,3.3976493114369943,1,3,1,133.70445953224188,2.5909701171074166,8,2,7,0.11764705882352941,0.47058823529411764,103.51138297070945,-83.59449638950885,226.57367,206.93542533333334
0.58,40,34,2,2,14,0.6,18,17,5540313.8,33.34130560913803,3.3976493114369943,1,3,1,133.70445953224188,2.5909701171074166,8,2,7,0.11764705882352941,0.47058823529411764,103.51138297070945,-83.59449638950885,226.57367,206.93542533333334
0.58,40,40,2,2,14,0.6,18,17,5540313.8,33.34130560913803,3.3976493114369943,1,3,1,133.70445953224188,2.5909701171074166,8,2,7,0.11764705882352941,0.47058823529411764,103.51138297070945,-83.59449638950885,226.57367,206.93542533333334
0.58,46,28,2,2,14,0.6,18,17,5540313.8,33.34130560913803,3.3976493114369943,1,3,1,133.70445953224188,2.5909701171074166,8,2,7,0.11764705882352941,0.47058823529411764,103.51138297070945,-83.59449638950885,226.57367,206.93542533333334
0.58,46,34,2,2,14,0.6,18,17,5540313.8,33.34130560913803,3.3976493114369943,1,3,1,133.70445953224188,2.5909701171074166,8,2,7,0.11764705882352941,0.47058823529411764,103.51138297070945,-83.59449638950885,226.57367,206.93542533333334
0.58,46,40,2,2,14,0.6,18,17,5540313.8,33.34130560913803,3.3976493114369943,1,3,1,133.70445953224188,2.5909701171074166,8,2,7,0.11764705882352941,0.47058823529411764,103.51138297070945,-83.59449638950885,226.57367,206.93542533333334
0.63,28,28,2,2,14,0.6,18,17,5540313.8,33.34130560913803,3.3976493114369943,1,3,1,133.70445953224188,2.5909701171074166,8,2,7,0.11764705882352941,0.47058823529411764,103.51138297070945,-83.59449638950885,226.57367,206.93542533333334
0.63,28,34,2,2,14,0.6,18,17,5540313.8,33.34130560913803,3.3976493114369943,1,3,1,133.70445953224188,2.5909701171074166,8,2,7,0.11764705882352941,0.47058823529411764,103.51138297070945,-83.59449638950885,226.57367,206.93542533333334
0.63,28,40,2,2,14,0.6,18,17,5540313.8,33.34130560913803,3.3976493114369943,1,3,1,133.70445953224188,2.5909701171074166,8,2,7,0.11764705882352941,0.47058823529411764,103.51138297070945,-83.59449638950885,226.57367,206.93542533333334
0.63,34,28,2,2,14,0.6,18,17,5540313.8,33.34130560913803,3.3976493114369943,1,3,1,133.70445953224188,2.5909701171074166,8,2,7,0.11764705882352941,0.47058823529411764,103.51138297070945,-83.59449638950885,226.57367,206.93542533333334
0.63,34,34,2,2,14,0.6,18,17,5540313.8,33.34130560913803,3.3976493114369943,1,3,1,133.70445953224188,2.5909701171074166,8,2,7,0.11764705882352941,0.47058823529411764,103.51138297070945,-83.59449638950885,226.57367,206.93542533333334
0.63,34,40,2,2,14,0.6,18,17,5540313.8,33.34130560913803,3.3976493114369943,1,3,1,133.70445953224188,2.5909701171074166,8,2,7,0.11764705882352941,0.47058823529411764,103.51138297070945,-83.59449638950885,226.57367,206.93542533333334
0.63,40,28,2,2,14,0.6,18,17,5540313.8,33.34130560913803,3.3976493114369943,1,3,1,133.70445953224188,2.5909701171074166,8,2,7,0.11764705882352941,0.47058823529411764,103.51138297070945,-83.59449638950885,226.57367,206.93542533333334
0.63,40,34,2,2,14,0.6,18,17,5540313.8,33.34130560913803,3.3976493114369943,1,3,1,133.70445953224188,2.5909701171074166,8,2,7,0.11764705882352941,0.47058823529411764,103.51138297070945,-83.59449638950885,226.57367,206.93542533333334
0.63,40,40,2,2,14,0.6,18,17,5540313.8,33.34130560913803,3.3976493114369943,1,3,1,133.70445953224188,2.5909701171074166,8,2,7,0.11764705882352941,0.47058823529411764,103.51138297070945,-83.59449638950885,226.57367,206.93542533333334
0.63,46,28,2,2,14,0.6,18,17,5540313.8,33.34130560913803,3.3976493114369943,1,3,1,133.70445953224188,2.5909701171074166,8,2,7,0.11764705882352941,0.47058823529411764,103.51138297070945,-83.59449638950885,226.57367,206.93542533333334
0.63,46,34,2,2,14,0.6,18,17,5540313.8,33.34130560913803,3.3976493114369943,1,3,1,133.70445953224188,2.5909701171074166,8,2,7,0.11764705882352941,0.47058823529411764,103.51138297070945,-83.59449638950885,226.57367,206.93542533333334
0.63,46,40,2,2,14,0.6,18,17,5540313.8,33.34130560913803,3.3976493114369943,1,3,1,133.70445953224188,2.5909701171074166,8,2,7,0.11764705882352941,0.47058823529411764,103.51138297070945,-83.59449638950885,226.57367,206.93542533333334
0.68,28,28,2,2,14,0.6,18,17,5540313.8,33.34130560913803,3.3976493114369943,1,3,1,133.70445953224188,2.5909701171074166,8,2,7,0.11764705882352941,0.47058823529411764,103.51138297070945,-83.59449638950885,226.57367,206.93542533333334
0.68,28,34,2,2,14,0.6,18,17,5540313.8,33.34130560913803,3.3976493114369943,1,3,1,133.70445953224188,2.5909701171074166,8,2,7,0.11764705882352941,0.47058823529411764,103.51138297070945,-83.59449638950885,226.57367,206.93542533333334
0.68,28,40,2,2,14,0.6,18,17,5540313.8,33.34130560913803,3.3976493114369943,1,3,1,133.70445953224188,2.5909701171074166,8,2,7,0.11764705882352941,0.47058823529411764,103.51138297070945,-83.59449638950885,226.57367,206.93542533333334
0.68,34,28,2,2,14,0.6,18,17,5540313.8,33.34130560913803,3.3976493114369943,1,3,1,133.70445953224188,2.5909701171074166,8,2,7,0.11764705882352941,0.47058823529411764,103.51138297070945,-83.59449638950885,226.57367,206.93542533333334
0.68,34,34,2,2,14,0.6,18,17,5540313.8,33.34130560913803,3.3976493114369943,1,3,1,133.70445953224188,2.5909701171074166,8,2,7,0.11764705882352941,0.47058823529411764,103.51138297070945,-83.59449638950885,226.57367,206.93542533333334
0.68,34,40,2,2,14,0.6,18,17,5540313.8,33.34130560913803,3.3976493114369943,1,3,1,133.70445953224188,2.5909701171074166,8,2,7,0.11764705882352941,0.47058823529411764,103.51138297070945,-83.59449638950885,226.57367,206.93542533333334
0.68,40,28,2,2,14,0.6,18,17,5540313.8,33.34130560913803,3.3976493114369943,1,3,1,133.70445953224188,2.5909701171074166,8,2,7,0.11764705882352941,0.47058823529411764,103.51138297070945,-83.59449638950885,226.57367,206.93542533333334
0.68,40,34,2,2,14,0.6,18,17,5540313.8,33.34130560913803,3.3976493114369943,1,3,1,133.70445953224188,2.5909701171074166,8,2,7,0.11764705882352941,0.47058823529411764,103.51138297070945,-83.59449638950885,226.57367,206.93542533333334
0.68,40,40,2,2,14,0.6,18,17,5540313.8,33.34130560913803,3.3976493114369943,1,3,1,133.70445953224188,2.5909701171074166,8,2,7,0.11764705882352941,0.47058823529411764,103.51138297070945,-83.59449638950885,226.57367,206.93542533333334
0.68,46,28,2,2,14,0.6,18,17,5540313.8,33.34130560913803,3.3976493114369943,1,3,1,133.70445953224188,2.5909701171074166,8,2,7,0.11764705882352941,0.47058823529411764,103.51138297070945,-83.59449638950885,226.57367,206.93542533333334
0.68,46,34,2,2,14,0.6,18,17,5540313.8,33.34130560913803,3.3976493114369943,1,3,1,133.70445953224188,2.5909701171074166,8,2,7,0.11764705882352941,0.47058823529411764,103.51138297070945,-83.59449638950885,226.57367,206.93542533333334
0.68,46,40,2,2,14,0.6,18,17,5540313.8,33.34130560913803,3.3976493114369943,1,3,1,133.70445953224188,2.5909701171074166,8,2,7,0.11764705882352941,0.47058823529411764,103.51138297070945,-83.59449638950885,226.57367,206.93542533333334
0.73,28,28,2,2,14,0.6,18,17,5540313.8,33.34130560913803,3.3976493114369943,1,3,1,133.70445953224188,2.5909701171074166,8,2,7,0.11764705882352941,0.47058823529411764,103.51138297070945,-83.59449638950885,226.57367,206.93542533333334
0.73,28,34,2,2,14,0.6,18,17,5540313.8,33.34130560913803,3.3976493114369943,1,3,1,133.70445953224188,2.5909701171074166,8,2,7,0.11764705882352941,0.47058823529411764,103.51138297070945,-83.59449638950885,226.57367,206.93542533333334
0.73,28,40,2,2,14,0.6,18,17,5540313.8,33.34130560913803,3.3976493114369943,1,3,1,133.70445953224188,2.5909701171074166,8,2,7,0.11764705882352941,0.47058823529411764,103.51138297070945,-83.59449638950885,226.57367,206.93542533333334
0.73,34,28,2,2,14,0.6,18,17,5540313.8,33.34130560913803,3.3976493114369943,1,3,1,133.70445953224188,2.5909701171074166,8,2,7,0.11764705882352941,0.47058823529411764,103.51138297070945,-83.59449638950885,226.57367,206.93542533333334
0.73,34,34,2,2,14,0.6,18,17,5540313.8,33.34130560913803,3.3976493114369943,1,3,1,133.70445953224188,2.5909701171074166,8,2,7,0.11764705882352941,0.47058823529411764,103.51138297070945,-83.59449638950885,226.57367,206.93542533333334
0.73,34,40,2,2,14,0.6,18,17,5540313.8,33.34130560913803,3.3976493114369943,1,3,1,133.70445953224188,2.5909701171074166,8,2,7,0.11764705882352941,0.47058823529411764,103.51138297070945,-83.59449638950885,226.57367,206.93542533333334
0.73,40,28,2,2,14,0.6,18,17,5540313.8,33.34130560913803,3.3976493114369943,1,3,1,133.70445953224188,2.5909701171074166,8,2,7,0.11764705882352941,0.47058823529411764,103.51138297070945,-83.59449638950885,226.57367,206.93542533333334
0.73,40,34,2,2,14,0.6,18,17,5540313.8,33.34130560913803,3.3976493114369943,1,3,1,133.70445953224188,2.5909701171074166,8,2,7,0.11764705882352941,0.47058823529411764,103.51138297070945,-83.59449638950885,226.57367,206.93542533333334
0.73,40,40,2,2,14,0.6,18,17,5540313.8,33.34130560913803,3.3976493114369943,1,3,1,133.70445953224188,2.5909701171074166,8,2,7,0.11764705882352941,0.47058823529411764,103.51138297070945,-83.59449638950885,226.57367,206.93542533333334
0.73,46,28,2,2,14,0.6,18,17,5540313.8,33.34130560913803,3.3976493114369943,1,3,1,133.70445953224188,2.5909701171074166,8,2,7,0.11764705882352941,0.47058823529411764,103.51138297070945,-83.59449638950885,226.57367,206.93542533333334
0.73,46,34,2,2,14,0.6,18,17,5540313.8,33.34130560913803,3.3976493114369943,1,3,1,133.70445953224188,2.5909701171074166,8,2,7,0.11764705882352941,0.47058823529411764,103.51138297070945,-83.59449638950885,226.57367,206.93542533333334
0.73,46,40,2,2,14,0.6,18,17,5540313.8,33.34130560913803,3.3976493114369943,1,3,1,133.70445953224188,2.5909701171074166,8,2,7,0.11764705882352941,0.47058823529411764,103.51138297070945,-83.59449638950885,226.57367,206.93542533333334
0.78,28,28,2,2,14,0.6,18,17,5540313.8,33.34130560913803,3.3976493114369943,1,3,1,133.70445953224188,2.5909701171074166,8,2,7,0.11764705882352941,0.47058823529411764,103.51138297070945,-83.59449638950885,226.57367,206.93542533333334
0.78,28,34,2,2,14,0.6,18,17,5540313.8,33.34130560913803,3.3976493114369943,1,3,1,133.70445953224188,2.5909701171074166,8,2,7,0.11764705882352941,0.47058823529411764,103.51138297070945,-83.59449638950885,226.57367,206.93542533333334
0.78,28,40,2,2,14,0.6,18,17,5540313.8,33.34130560913803,3.3976493114369943,1,3,1,133.70445953224188,2.5909701171074166,8,2,7,0.11764705882352941,0.47058823529411764,103.51138297070945,-83.59449638950885,226.57367,206.93542533333334
0.78,34,28,2,2,14,0.6,18,17,5540313.8,33.34130560913803,3.3976493114369943,1,3,1,133.70445953224188,2.5909701171074166,8,2,7,0.11764705882352941,0.47058823529411764,103.51138297070945,-83.59449638950885,226.57367,206.93542533333334
0.78,34,34,2,2,14,0.6,18,17,5540313.8,33.34130560913803,3.3976493114369943,1,3,1,133.70445953224188,2.5909701171074166,8,2,7,0.11764705882352941,0.47058823529411764,103.51138297070945,-83.59449638950885,226.57367,206.93542533333334
0.78,34,40,2,2,14,0.6,18,17,5540313.8,33.34130560913803,3.3976493114369943,1,3,1,133.70445953224188,2.5909701171074166,8,2,7,0.11764705882352941,0.47058823529411764,103.51138297070945,-83.59449638950885,226.57367,206.93542533333334
0.78,40,28,2,2,14,0.6,18,17,5540313.8,33.34130560913803,3.3976493114369943,1,3,1,133.70445953224188,2.5909701171074166,8,2,7,0.11764705882352941,0.47058823529411764,103.51138297070945,-83.59449638950885,226.57367,206.93542533333334
0.78,40,34,2,2,14,0.6,18,17,5540313.8,33.34130560913803,3.3976493114369943,1,3,1,133.70445953224188,2.5909701171074166,8,2,7,0.11764705882352941,0.47058823529411764,103.51138297070945,-83.59449638950885,226.57367,206.93542533333334
0.78,40,40,2,2,14,0.6,18,17,5540313.8,33.34130560913803,3.3976493114369943,1,3,1,133.70445953224188,2.5909701171074166,8,2,7,0.11764705882352941,0.47058823529411764,103.51138297070945,-83.59449638950885,226.57367,206.93542533333334
0.78,46,28,2,2,14,0.6,18,17,5540313.8,33.34130560913803,3.3976493114369943,1,3,1,133.70445953224188,2.5909701171074166,8,2,7,0.11764705882352941,0.47058823529411764,103.51138297070945,-83.59449638950885,226.57367,206.93542533333334
0.78,46,34,2,2,14,0.6,18,17,5540313.8,33.34130560913803,3.3976493114369943,1,3,1,133.70445953224188,2.5909701171074166,8,2,7,0.11764705882352941,0.47058823529411764,103.51138297070945,-83.59449638950885,226.57367,206.93542533333334
0.78,46,40,2,2,14,0.6,18,17,5540313.8,33.34130560913803,3.3976493114369943,1,3,1,133.70445953224188,2.5909701171074166,8,2,7,0.11764705882352941,0.47058823529411764,103.51138297070945,-83.59449638950885,226.57367,206.93542533333334
0.58,28,28,2,0,22,0.6,22,21,6192930.47,43.049124318034615,3.3976493114369943,2,4,1,133.70445953224188,2.3790089699093193,8,2,11,0.09523809523809523,0.38095238095238093,100.94985522070944,-74.37356302950884,260.23521764285715,207.28620313333334
0.58,28,28,2,1,22,0.3,22,21,6192930.47,43.049124318034615,3.3976493114369943,2,4,1,133.70445953224188,2.3790089699093193,8,2,11,0.09523809523809523,0.38095238095238093,100.94985522070944,-74.37356302950884,260.23521764285715,207.28620313333334
0.58,28,28,2,1,22,0.45,22,21,6192930.47,43.049124318034615,3.3976493114369943,2,4,1,133.70445953224188,2.3790089699093193,8,2,11,0.09523809523809523,0.38095238095238093,100.94985522070944,-74.37356302950884,260.23521764285715,207.28620313333334
0.58,28,28,2,1,22,0.6,22,21,6192930.47,43.049124318034615,3.3976493114369943,2,4,1,133.70445953224188,2.3790089699093193,8,2,11,0.09523809523809523,0.38095238095238093,100.94985522070944,-74.37356302950884,260.23521764285715,207.28620313333334
0.58,28,28,2,2,22,0.3,22,21,6192930.47,43.049124318034615,3.3976493114369943,2,4,1,133.70445953224188,2.3790089699093193,8,2,11,0.09523809523809523,0.38095238095238093,100.94985522070944,-74.37356302950884,260.23521764285715,207.28620313333334
0.58,28,28,2,2,22,0.45,22,21,6192930.47,43.049124318034615,3.3976493114369943,2,4,1,133.70445953224188,2.3790089699093193,8,2,11,0.09523809523809523,0.38095238095238093,100.94985522070944,-74.37356302950884,260.23521764285715,207.28620313333334
0.58,28,28,2,2,22,0.6,22,21,6192930.47,43.049124318034615,3.3976493114369943,2,4,1,133.70445953224188,2.3790089699093193,8,2,11,0.09523809523809523,0.38095238095238093,100.94985522070944,-74.37356302950884,260.23521764285715,207.28620313333334
0.58,28,34,2,1,22,0.3,22,21,6192930.47,43.049124318034615,3.3976493114369943,2,4,1,133.70445953224188,2.3790089699093193,8,2,11,0.09523809523809523,0.38095238095238093,100.94985522070944,-74.37356302950884,260.23521764285715,207.28620313333334
0.58,28,34,2,1,22,0.45,22,21,6192930.47,43.049124318034615,3.3976493114369943,2,4,1,133.70445953224188,2.3790089699093193,8,2,11,0.09523809523809523,0.38095238095238093,100.94985522070944,-74.37356302950884,260.23521764285715,207.28620313333334
0.58,28,34,2,1,22,0.6,22,21,6192930.47,43.049124318034615,3.3976493114369943,2,4,1,133.70445953224188,2.3790089699093193,8,2,11,0.09523809523809523,0.38095238095238093,100.94985522070944,-74.37356302950884,260.23521764285715,207.28620313333334
0.58,28,34,2,2,22,0.3,22,21,6192930.47,43.049124318034615,3.3976493114369943,2,4,1,133.70445953224188,2.3790089699093193,8,2,11,0.09523809523809523,0.38095238095238093,100.94985522070944,-74.37356302950884,260.23521764285715,207.28620313333334
0.58,28,34,2,2,22,0.45,22,21,6192930.47,43.049124318034615,3.3976493114369943,2,4,1,133.70445953224188,2.3790089699093193,8,2,11,0.09523809523809523,0.38095238095238093,100.94985522070944,-74.37356302950884,260.23521764285715,207.28620313333334
0.58,28,34,2,2,22,0.6,22,21,6192930.47,43.049124318034615,3.3976493114369943,2,4,1,133.70445953224188,2.3790089699093193,8,2,11,0.09523809523809523,0.38095238095238093,100.94985522070944,-74.37356302950884,260.23521764285715,207.28620313333334
0.58,28,40,2,1,22,0.3,22,21,6192930.47,43.049124318034615,3.3976493114369943,2,4,1,133.70445953224188,2.3790089699093193,8,2,11,0.09523809523809523,0.38095238095238093,100.94985522070944,-74.37356302950884,260.23521764285715,207.28620313333334
0.58,28,40,2,1,22,0.45,22,21,6192930.47,43.049124318034615,3.3976493114369943,2,4,1,133.70445953224188,2.3790089699093193,8,2,11,0.09523809523809523,0.38095238095238093,100.94985522070944,-74.37356302950884,260.23521764285715,207.28620313333334
0.58,28,40,2,1,22,0.6,22,21,6192930.47,43.049124318034615,3.3976493114369943,2,4,1,133.70445953224188,2.3790089699093193,8,2,11,0.09523809523809523,0.38095238095238093,100.94985522070944,-74.37356302950884,260.23521764285715,207.28620313333334
0.58,28,40,2,2,22,0.3,22,21,6192930.47,43.049124318034615,3.3976493114369943,2,4,1,133.70445953224188,2.3790089699093193,8,2,11,0.09523809523809523,0.38095238095238093,100.94985522070944,-74.37356302950884,260.23521764285715,207.28620313333334
0.58,28,40,2,2,22,0.45,22,21,6192930.47,43.049124318034615,3.3976493114369943,2,4,1,133.70445953224188,2.3790089699093193,8,2,11,0.09523809523809523,0.38095238095238093,100.94985522070944,-74.37356302950884,260.23521764285715,207.28620313333334
0.58,28,40,2,2,22,0.6,22,21,6192930.47,43.049124318034615,3.3976493114369943,2,4,1,133.70445953224188,2.3790089699093193,8,2,11,0.09523809523809523,0.38095238095238093,100.94985522070944,-74.37356302950884,260.23521764285715,207.28620313333334
0.58,34,28,2,0,22,0.6,22,21,6192930.47,43.049124318034615,3.3976493114369943,2,4,1,133.70445953224188,2.3790089699093193,8,2,11,0.09523809523809523,0.38095238095238093,100.94985522070944,-74.37356302950884,260.23521764285715,207.28620313333334
0.58,34,28,2,1,22,0.3,22,21,6192930.47,43.049124318034615,3.3976493114369943,2,4,1,133.70445953224188,2.3790089699093193,8,2,11,0.09523809523809523,0.38095238095238093,100.94985522070944,-74.37356302950884,260.23521764285715,207.28620313333334
0.58,34,28,2,1,22,0.45,22,21,6192930.47,43.049124318034615,3.3976493114369943,2,4,1,133.70445953224188,2.3790089699093193,8,2,11,0.09523809523809523,0.38095238095238093,100.94985522070944,-74.37356302950884,260.23521764285715,207.28620313333334
0.58,34,28,2,1,22,0.6,22,21,6192930.47,43.049124318034615,3.3976493114369943,2,4,1,133.70445953224188,2.3790089699093193,8,2,11,0.09523809523809523,0.38095238095238093,100.94985522070944,-74.37356302950884,260.23521764285715,207.28620313333334
0.58,34,28,2,2,22,0.3,22,21,6192930.47,43.049124318034615,3.3976493114369943,2,4,1,133.70445953224188,2.3790089699093193,8,2,11,0.09523809523809523,0.38095238095238093,100.94985522070944,-74.37356302950884,260.23521764285715,207.28620313333334
0.58,34,28,2,2,22,0.45,22,21,6192930.47,43.049124318034615,3.3976493114369943,2,4,1,133.70445953224188,2.3790089699093193,8,2,11,0.09523809523809523,0.38095238095238093,100.94985522070944,-74.37356302950884,260.23521764285715,207.28620313333334
0.58,34,28,2,2,22,0.6,22,21,6192930.47,43.049124318034615,3.3976493114369943,2,4,1,133.70445953224188,2.3790089699093193,8,2,11,0.09523809523809523,0.38095238095238093,100.94985522070944,-74.37356302950884,260.23521764285715,207.28620313333334
0.58,34,34,2,1,22,0.3,22,21,6192930.47,43.049124318034615,3.3976493114369943,2,4,1,133.70445953224188,2.3790089699093193,8,2,11,0.09523809523809523,0.38095238095238093,100.94985522070944,-74.37356302950884,260.23521764285715,207.28620313333334
0.58,34,34,2,1,22,0.45,22,21,6192930.47,43.049124318034615,3.3976493114369943,2,4,1,133.70445953224188,2.3790089699093193,8,2,11,0.09523809523809523,0.38095238095238093,100.94985522070944,-74.37356302950884,260.23521764285715,207.28620313333334
0.58,34,34,2,1,22,0.6,22,21,6192930.47,43.049124318034615,3.3976493114369943,2,4,1,133.70445953224188,2.3790089699093193,8,2,11,0.09523809523809523,0.38095238095238093,100.94985522070944,-74.37356302950884,260.23521764285715,207.28620313333334
0.58,34,34,2,2,22,0.3,22,21,6192930.47,43.049124318034615,3.3976493114369943,2,4,1,133.70445953224188,2.3790089699093193,8,2,11,0.09523809523809523,0.38095238095238093,100.94985522070944,-74.37356302950884,260.23521764285715,207.28620313333334
0.58,34,34,2,2,22,0.45,22,21,6192930.47,43.049124318034615,3.3976493114369943,2,4,1,133.70445953224188,2.3790089699093193,8,2,11,0.09523809523809523,0.38095238095238093,100.94985522070944,-74.37356302950884,260.23521764285715,207.28620313333334
0.58,34,34,2,2,22,0.6,22,21,6192930.47,43.049124318034615,3.3976493114369943,2,4,1,133.70445953224188,2.3790089699093193,8,2,11,0.09523809523809523,0.38095238095238093,100.94985522070944,-74.37356302950884,260.23521764285715,207.28620313333334
0.58,34,40,2,1,22,0.3,22,21,6192930.47,43.049124318034615,3.3976493114369943,2,4,1,133.70445953224188,2.3790089699093193,8,2,11,0.09523809523809523,0.38095238095238093,100.94985522070944,-74.37356302950884,260.23521764285715,207.28620313333334
0.58,34,40,2,1,22,0.45,22,21,6192930.47,43.049124318034615,3.3976493114369943,2,4,1,133.70445953224188,2.3790089699093193,8,2,11,0.09523809523809523,0.38095238095238093,100.94985522070944,-74.37356302950884,260.23521764285715,207.28620313333334
0.58,34,40,2,1,22,0.6,22,21,6192930.47,43.049124318034615,3.3976493114369943,2,4,1,133.70445953224188,2.3790089699093193,8,2,11,0.09523809523809523,0.38095238095238093,100.94985522070944,-74.37356302950884,260.23521764285715,207.28620313333334
0.58,34,40,2,2,22,0.3,22,21,6192930.47,43.049124318034615,3.3976493114369943,2,4,1,133.70445953224188,2.3790089699093193,8,2,11,0.09523809523809523,0.38095238095238093,100.94985522070944,-74.37356302950884,260.23521764285715,207.28620313333334
0.58,34,40,2,2,22,0.45,22,21,6192930.47,43.049124318034615,3.3976493114369943,2,4,1,133.70445953224188,2.3790089699093193,8,2,11,0.09523809523809523,0.38095238095238093,100.94985522070944,-74.37356302950884,260.23521764285715,207.28620313333334
0.58,34,40,2,2,22,0.6,22,21,6192930.47,43.049124318034615,3.3976493114369943,2,4,1,133.70445953224188,2.3790089699093193,8,2,11,0.09523809523809523,0.38095238095238093,100.94985522070944,-74.37356302950884,260.23521764285715,207.28620313333334
0.58,40,28,2,0,22,0.6,22,21,6192930.47,43.049124318034615,3.3976493114369943,2,4,1,133.70445953224188,2.3790089699093193,8,2,11,0.09523809523809523,0.38095238095238093,100.94985522070944,-74.37356302950884,260.23521764285715,207.28620313333334
0.58,40,28,2,1,22,0.3,22,21,6192930.47,43.049124318034615,3.3976493114369943,2,4,1,133.70445953224188,2.3790089699093193,8,2,11,0.09523809523809523,0.38095238095238093,100.94985522070944,-74.37356302950884,260.23521764285715,207.28620313333334
0.58,40,28,2,1,22,0.45,22,21,6192930.47,43.049124318034615,3.3976493114369943,2,4,1,133.70445953224188,2.3790089699093193,8,2,11,0.09523809523809523,0.38095238095238093,100.94985522070944,-74.37356302950884,260.23521764285715,207.28620313333334
0.58,40,28,2,1,22,0.6,22,21,6192930.47,43.049124318034615,3.3976493114369943,2,4,1,133.70445953224188,2.3790089699093193,8,2,11,0.09523809523809523,0.38095238095238093,100.94985522070944,-74.37356302950884,260.23521764285715,207.28620313333334
0.58,40,28,2,2,22,0.3,22,21,6192930.47,43.049124318034615,3.3976493114369943,2,4,1,133.70445953224188,2.3790089699093193,8,2,11,0.09523809523809523,0.38095238095238093,100.94985522070944,-74.37356302950884,260.23521764285715,207.28620313333334
0.58,40,28,2,2,22,0.45,22,21,6192930.47,43.049124318034615,3.3976493114369943,2,4,1,133.70445953224188,2.3790089699093193,8,2,11,0.09523809523809523,0.38095238095238093,100.94985522070944,-74.37356302950884,260.23521764285715,207.28620313333334
0.58,40,28,2,2,22,0.6,22,21,6192930.47,43.049124318034615,3.3976493114369943,2,4,1,133.70445953224188,2.3790089699093193,8,2,11,0.09523809523809523,0.38095238095238093,100.94985522070944,-74.37356302950884,260.23521764285715,207.28620313333334
0.58,40,34,2,1,22,0.3,22,21,6192930.47,43.049124318034615,3.3976493114369943,2,4,1,133.70445953224188,2.3790089699093193,8,2,11,0.09523809523809523,0.38095238095238093,100.94985522070944,-74.37356302950884,260.23521764285715,207.28620313333334
0.58,40,34,2,1,22,0.45,22,21,6192930.47,43.049124318034615,3.3976493114369943,2,4,1,133.70445953224188,2.3790089699093193,8,2,11,0.09523809523809523,0.38095238095238093,100.94985522070944,-74.37356302950884,260.23521764285715,207.28620313333334
0.58,40,34,2,1,22,0.6,22,21,6192930.47,43.049124318034615,3.3976493114369943,2,4,1,133.70445953224188,2.3790089699093193,8,2,11,0.09523809523809523,0.38095238095238093,100.94985522070944,-74.37356302950884,260.23521764285715,207.28620313333334
0.58,40,34,2,2,22,0.3,22,21,6192930.47,43.049124318034615,3.3976493114369943,2,4,1,133.70445953224188,2.3790089699093193,8,2,11,0.09523809523809523,0.38095238095238093,100.94985522070944,-74.37356302950884,260.23521764285715,207.28620313333334
0.58,40,34,2,2,22,0.45,22,21,6192930.47,43.049124318034615,3.3976493114369943,2,4,1,133.70445953224188,2.3790089699093193,8,2,11,0.09523809523809523,0.38095238095238093,100.94985522070944,-74.37356302950884,260.23521764285715,207.28620313333334
0.58,40,34,2,2,22,0.6,22,21,6192930.47,43.049124318034615,3.3976493114369943,2,4,1,133.70445953224188,2.3790089699093193,8,2,11,0.09523809523809523,0.38095238095238093,100.94985522070944,-74.37356302950884,260.23521764285715,207.28620313333334
0.58,40,40,2,1,22,0.3,22,21,6192930.47,43.049124318034615,3.3976493114369943,2,4,1,133.70445953224188,2.3790089699093193,8,2,11,0.09523809523809523,0.38095238095238093,100.94985522070944,-74.37356302950884,260.23521764285715,207.28620313333334
0.58,40,40,2,1,22,0.45,22,21,6192930.47,43.049124318034615,3.3976493114369943,2,4,1,133.70445953224188,2.3790089699093193,8,2,11,0.09523809523809523,0.38095238095238093,100.94985522070944,-74.37356302950884,260.23521764285715,207.28620313333334
0.58,40,40,2,1,22,0.6,22,21,6192930.47,43.049124318034615,3.3976493114369943,2,4,1,133.70445953224188,2.3790089699093193,8,2,11,0.09523809523809523,0.38095238095238093,100.94985522070944,-74.37356302950884,260.23521764285715,207.28620313333334
0.58,40,40,2,2,22,0.3,22,21,6192930.47,43.049124318034615,3.3976493114369943,2,4,1,133.70445953224188,2.3790089699093193,8,2,11,0.09523809523809523,0.38095238095238093,100.94985522070944,-74.37356302950884,260.23521764285715,207.28620313333334
0.58,40,40,2,2,22,0.45,22,21,6192930.47,43.049124318034615,3.3976493114369943,2,4,1,133.70445953224188,2.3790089699093193,8,2,11,0.09523809523809523,0.38095238095238093,100.94985522070944,-74.37356302950884,260.23521764285715,207.28620313333334
0.58,40,40,2,2,22,0.6,22,21,6192930.47,43.049124318034615,3.3976493114369943,2,4,1,133.70445953224188,2.3790089699093193,8,2,11,0.09523809523809523,0.38095238095238093,100.94985522070944,-74.37356302950884,260.23521764285715,207.28620313333334
0.58,46,28,2,0,22,0.6,22,21,6192930.47,43.049124318034615,3.3976493114369943,2,4,1,133.70445953224188,2.3790089699093193,8,2,11,0.09523809523809523,0.38095238095238093,100.94985522070944,-74.37356302950884,260.23521764285715,207.28620313333334
0.58,46,28,2,1,22,0.3,22,21,6192930.47,43.049124318034615,3.3976493114369943,2,4,1,133.70445953224188,2.3790089699093193,8,2,11,0.09523809523809523,0.38095238095238093,100.94985522070944,-74.37356302950884,260.23521764285715,207.28620313333334
0.58,46,28,2,1,22,0.45,22,21,6192930.47,43.049124318034615,3.3976493114369943,2,4,1,133.70445953224188,2.3790089699093193,8,2,11,0.09523809523809523,0.38095238095238093,100.94985522070944,-74.37356302950884,260.23521764285715,207.28620313333334
0.58,46,28,2,1,22,0.6,22,21,6192930.47,43.049124318034615,3.3976493114369943,2,4,1,133.70445953224188,2.3790089699093193,8,2,11,0.09523809523809523,0.38095238095238093,100.94985522070944,-74.37356302950884,260.23521764285715,207.28620313333334
0.58,46,28,2,2,22,0.3,22,21,6192930.47,43.049124318034615,3.3976493114369943,2,4,1,133.70445953224188,2.3790089699093193,8,2,11,0.09523809523809523,0.38095238095238093,100.94985522070944,-74.37356302950884,260.23521764285715,207.28620313333334
0.58,46,28,2,2,22,0.45,22,21,6192930.47,43.049124318034615,3.3976493114369943,2,4,1,133.70445953224188,2.3790089699093193,8,2,11,0.09523809523809523,0.38095238095238093,100.94985522070944,-74.37356302950884,260.23521764285715,207.28620313333334
0.58,46,28,2,2,22,0.6,22,21,6192930.47,43.049124318034615,3.3976493114369943,2,4,1,133.70445953224188,2.3790089699093193,8,2,11,0.09523809523809523,0.38095238095238093,100.94985522070944,-74.37356302950884,260.23521764285715,207.28620313333334
0.58,46,34,2,1,22,0.3,22,21,6192930.47,43.049124318034615,3.3976493114369943,2,4,1,133.70445953224188,2.3790089699093193,8,2,11,0.09523809523809523,0.38095238095238093,100.94985522070944,-74.37356302950884,260.23521764285715,207.28620313333334
0.58,46,34,2,1,22,0.45,22,21,6192930.47,43.049124318034615,3.3976493114369943,2,4,1,133.70445953224188,2.3790089699093193,8,2,11,0.09523809523809523,0.38095238095238093,100.94985522070944,-74.37356302950884,260.23521764285715,207.28620313333334
0.58,46,34,2,1,22,0.6,22,21,6192930.47,43.049124318034615,3.3976493114369943,2,4,1,133.70445953224188,2.3790089699093193,8,2,11,0.09523809523809523,0.38095238095238093,100.94985522070944,-74.37356302950884,260.23521764285715,207.28620313333334
0.58,46,34,2,2,22,0.3,22,21,6192930.47,43.049124318034615,3.3976493114369943,2,4,1,133.70445953224188,2.3790089699093193,8,2,11,0.09523809523809523,0.38095238095238093,100.94985522070944,-74.37356302950884,260.23521764285715,207.28620313333334
0.58,46,34,2,2,22,0.45,22,21,6192930.47,43.049124318034615,3.3976493114369943,2,4,1,133.70445953224188,2.3790089699093193,8,2,11,0.09523809523809523,0.38095238095238093,100.94985522070944,-74.37356302950884,260.23521764285715,207.28620313333334
0.58,46,34,2,2,22,0.6,22,21,6192930.47,43.049124318034615,3.3976493114369943,2,4,1,133.70445953224188,2.3790089699093193,8,2,11,0.09523809523809523,0.38095238095238093,100.94985522070944,-74.37356302950884,260.23521764285715,207.28620313333334
0.58,46,40,2,1,22,0.3,22,21,6192930.47,43.049124318034615,3.3976493114369943,2,4,1,133.70445953224188,2.3790089699093193,8,2,11,0.09523809523809523,0.38095238095238093,100.94985522070944,-74.37356302950884,260.23521764285715,207.28620313333334
0.58,46,40,2,1,22,0.45,22,21,6192930.47,43.049124318034615,3.3976493114369943,2,4,1,133.70445953224188,2.3790089699093193,8,2,11,0.09523809523809523,0.38095238095238093,100.94985522070944,-74.37356302950884,260.23521764285715,207.28620313333334
0.58,46,40,2,1,22,0.6,22,21,6192930.47,43.049124318034615,3.3976493114369943,2,4,1,133.70445953224188,2.3790089699093193,8,2,11,0.09523809523809523,0.38095238095238093,100.94985522070944,-74.37356302950884,260.23521764285715,207.28620313333334
0.58,46,40,2,2,22,0.3,22,21,6192930.47,43.049124318034615,3.3976493114369943,2,4,1,133.70445953224188,2.3790089699093193,8,2,11,0.09523809523809523,0.38095238095238093,100.94985522070944,-74.37356302950884,260.23521764285715,207.28620313333334
0.58,46,40,2,2,22,0.45,22,21,6192930.47,43.049124318034615,3.3976493114369943,2,4,1,133.70445953224188,2.3790089699093193,8,2,11,0.09523809523809523,0.38095238095238093,100.94985522070944,-74.37356302950884,260.23521764285715,207.28620313333334
0.58,46,40,2,2,22,0.6,22,21,6192930.47,43.049124318034615,3.3976493114369943,2,4,1,133.70445953224188,2.3790089699093193,8,2,11,0.09523809523809523,0.38095238095238093,100.94985522070944,-74.37356302950884,260.23521764285715,207.28620313333334
0.63,28,28,2,0,22,0.6,22,21,6192930.47,43.049124318034615,3.3976493114369943,2,4,1,133.70445953224188,2.3790089699093193,8,2,11,0.09523809523809523,0.38095238095238093,100.94985522070944,-74.37356302950884,260.23521764285715,207.28620313333334
0.63,28,28,2,1,22,0.3,22,21,6192930.47,43.049124318034615,3.3976493114369943,2,4,1,133.70445953224188,2.3790089699093193,8,2,11,0.09523809523809523,0.38095238095238093,100.94985522070944,-74.37356302950884,260.23521764285715,207.28620313333334
0.63,28,28,2,1,22,0.45,22,21,6192930.47,43.049124318034615,3.3976493114369943,2,4,1,133.70445953224188,2.3790089699093193,8,2,11,0.09523809523809523,0.38095238095238093,100.94985522070944,-74.37356302950884,260.23521764285715,207.28620313333334
0.63,28,28,2,1,22,0.6,22,21,6192930.47,43.049124318034615,3.3976493114369943,2,4,1,133.70445953224188,2.3790089699093193,8,2,11,0.09523809523809523,0.38095238095238093,100.94985522070944,-74.37356302950884,260.23521764285715,207.28620313333334
0.63,28,28,2,2,22,0.3,22,21,6192930.47,43.049124318034615,3.3976493114369943,2,4,1,133.70445953224188,2.3790089699093193,8,2,11,0.09523809523809523,0.38095238095238093,100.94985522070944,-74.37356302950884,260.23521764285715,207.28620313333334
0.63,28,28,2,2,22,0.45,22,21,6192930.47,43.049124318034615,3.3976493114369943,2,4,1,133.70445953224188,2.3790089699093193,8,2,11,0.09523809523809523,0.38095238095238093,100.94985522070944,-74.37356302950884,260.23521764285715,207.28620313333334
0.63,28,28,2,2,22,0.6,22,21,6192930.47,43.049124318034615,3.3976493114369943,2,4,1,133.70445953224188,2.3790089699093193,8,2,11,0.09523809523809523,0.38095238095238093,100.94985522070944,-74.37356302950884,260.23521764285715,207.28620313333334
0.63,28,34,2,0,22,0.6,22,21,6192930.47,43.049124318034615,3.3976493114369943,2,4,1,133.70445953224188,2.3790089699093193,8,2,11,0.09523809523809523,0.38095238095238093,100.94985522070944,-74.37356302950884,260.23521764285715,207.28620313333334
0.63,28,34,2,1,22,0.3,22,21,6192930.47,43.049124318034615,3.3976493114369943,2,4,1,133.70445953224188,2.3790089699093193,8,2,11,0.09523809523809523,0.38095238095238093,100.94985522070944,-74.37356302950884,260.23521764285715,207.28620313333334
0.63,28,34,2,1,22,0.45,22,21,6192930.47,43.049124318034615,3.3976493114369943,2,4,1,133.70445953224188,2.3790089699093193,8,2,11,0.09523809523809523,0.38095238095238093,100.94985522070944,-74.37356302950884,260.23521764285715,207.28620313333334
0.63,28,34,2,1,22,0.6,22,21,6192930.47,43.049124318034615,3.3976493114369943,2,4,1,133.70445953224188,2.3790089699093193,8,2,11,0.09523809523809523,0.38095238095238093,100.94985522070944,-74.37356302950884,260.23521764285715,207.28620313333334
0.63,28,34,2,2,22,0.3,22,21,6192930.47,43.049124318034615,3.3976493114369943,2,4,1,133.70445953224188,2.3790089699093193,8,2,11,0.09523809523809523,0.38095238095238093,100.94985522070944,-74.37356302950884,260.23521764285715,207.28620313333334
0.63,28,34,2,2,22,0.45,22,21,6192930.47,43.049124318034615,3.3976493114369943,2,4,1,133.70445953224188,2.3790089699093193,8,2,11,0.09523809523809523,0.38095238095238093,100.94985522070944,-74.37356302950884,260.23521764285715,207.28620313333334
0.63,28,34,2,2,22,0.6,22,21,6192930.47,43.049124318034615,3.3976493114369943,2,4,1,133.70445953224188,2.3790089699093193,8,2,11,0.09523809523809523,0.38095238095238093,100.94985522070944,-74.37356302950884,260.23521764285715,207.28620313333334
0.63,28,40,2,0,22,0.6,22,21,6192930.47,43.049124318034615,3.3976493114369943,2,4,1,133.70445953224188,2.3790089699093193,8,2,11,0.09523809523809523,0.38095238095238093,100.94985522070944,-74.37356302950884,260.23521764285715,207.28620313333334
0.63,28,40,2,1,22,0.3,22,21,6192930.47,43.049124318034615,3.3976493114369943,2,4,1,133.70445953224188,2.3790089699093193,8,2,11,0.09523809523809523,0.38095238095238093,100.94985522070944,-74.37356302950884,260.23521764285715,207.28620313333334
0.63,28,40,2,1,22,0.45,22,21,6192930.47,43.049124318034615,3.3976493114369943,2,4,1,133.70445953224188,2.3790089699093193,8,2,11,0.09523809523809523,0.38095238095238093,100.94985522070944,-74.37356302950884,260.23521764285715,207.28620313333334
0.63,28,40,2,1,22,0.6,22,21,6192930.47,43.049124318034615,3.3976493114369943,2,4,1,133.70445953224188,2.3790089699093193,8,2,11,0.09523809523809523,0.38095238095238093,100.94985522070944,-74.37356302950884,260.23521764285715,207.28620313333334
0.63,28,40,2,2,22,0.3,22,21,6192930.47,43.049124318034615,3.3976493114369943,2,4,1,133.70445953224188,2.3790089699093193,8,2,11,0.09523809523809523,0.38095238095238093,100.94985522070944,-74.37356302950884,260.23521764285715,207.28620313333334
0.63,28,40,2,2,22,0.45,22,21,6192930.47,43.049124318034615,3.3976493114369943,2,4,1,133.70445953224188,2.3790089699093193,8,2,11,0.09523809523809523,0.38095238095238093,100.94985522070944,-74.37356302950884,260.23521764285715,207.28620313333334
0.63,28,40,2,2,22,0.6,22,21,6192930.47,43.049124318034615,3.3976493114369943,2,4,1,133.70445953224188,2.3790089699093193,8,2,11,0.09523809523809523,0.38095238095238093,100.94985522070944,-74.37356302950884,260.23521764285715,207.28620313333334
0.63,34,28,2,0,22,0.6,22,21,6192930.47,43.049124318034615,3.3976493114369943,2,4,1,133.70445953224188,2.3790089699093193,8,2,11,0.09523809523809523,0.38095238095238093,100.94985522070944,-74.37356302950884,260.23521764285715,207.28620313333334
0.63,34,28,2,1,22,0.3,22,21,6192930.47,43.049124318034615,3.3976493114369943,2,4,1,133.70445953224188,2.3790089699093193,8,2,11,0.09523809523809523,0.38095238095238093,100.94985522070944,-74.37356302950884,260.23521764285715,207.28620313333334
0.63,34,28,2,1,22,0.45,22,21,6192930.47,43.049124318034615,3.3976493114369943,2,4,1,133.70445953224188,2.3790089699093193,8,2,11,0.09523809523809523,0.38095238095238093,100.94985522070944,-74.37356302950884,260.23521764285715,207.28620313333334
0.63,34,28,2,1,22,0.6,22,21,6192930.47,43.049124318034615,3.3976493114369943,2,4,1,133.70445953224188,2.3790089699093193,8,2,11,0.09523809523809523,0.38095238095238093,100.94985522070944,-74.37356302950884,260.23521764285715,207.28620313333334
0.63,34,28,2,2,22,0.3,22,21,6192930.47,43.049124318034615,3.3976493114369943,2,4,1,133.70445953224188,2.3790089699093193,8,2,11,0.09523809523809523,0.38095238095238093,100.94985522070944,-74.37356302950884,260.23521764285715,207.28620313333334
0.63,34,28,2,2,22,0.45,22,21,6192930.47,43.049124318034615,3.3976493114369943,2,4,1,133.70445953224188,2.3790089699093193,8,2,11,0.09523809523809523,0.38095238095238093,100.94985522070944,-74.37356302950884,260.23521764285715,207.28620313333334
0.63,34,28,2,2,22,0.6,22,21,6192930.47,43.049124318034615,3.3976493114369943,2,4,1,133.70445953224188,2.3790089699093193,8,2,11,0.09523809523809523,0.38095238095238093,100.94985522070944,-74.37356302950884,260.23521764285715,207.28620313333334
0.63,34,34,2,0,22,0.6,22,21,6192930.47,43.049124318034615,3.3976493114369943,2,4,1,133.70445953224188,2.3790089699093193,8,2,11,0.09523809523809523,0.38095238095238093,100.94985522070944,-74.37356302950884,260.23521764285715,207.28620313333334
0.63,34,34,2,1,22,0.3,22,21,6192930.47,43.049124318034615,3.3976493114369943,2,4,1,133.70445953224188,2.3790089699093193,8,2,11,0.09523809523809523,0.38095238095238093,100.94985522070944,-74.37356302950884,260.23521764285715,207.28620313333334
0.63,34,34,2,1,22,0.45,22,21,6192930.47,43.049124318034615,3.3976493114369943,2,4,1,133.70445953224188,2.3790089699093193,8,2,11,0.09523809523809523,0.38095238095238093,100.94985522070944,-74.37356302950884,260.23521764285715,207.28620313333334
0.63,34,34,2,1,22,0.6,22,21,6192930.47,43.049124318034615,3.3976493114369943,2,4,1,133.70445953224188,2.3790089699093193,8,2,11,0.09523809523809523,0.38095238095238093,100.94985522070944,-74.37356302950884,260.23521764285715,207.28620313333334
0.63,34,34,2,2,22,0.3,22,21,6192930.47,43.049124318034615,3.3976493114369943,2,4,1,133.70445953224188,2.3790089699093193,8,2,11,0.09523809523809523,0.38095238095238093,100.94985522070944,-74.37356302950884,260.23521764285715,207.28620313333334
0.63,34,34,2,2,22,0.45,22,21,6192930.47,43.049124318034615,3.3976493114369943,2,4,1,133.70445953224188,2.3790089699093193,8,2,11,0.09523809523809523,0.38095238095238093,100.94985522070944,-74.37356302950884,260.23521764285715,207.28620313333334
0.63,34,34,2,2,22,0.6,22,21,6192930.47,43.049124318034615,3.3976493114369943,2,4,1,133.70445953224188,2.3790089699093193,8,2,11,0.09523809523809523,0.38095238095238093,100.94985522070944,-74.37356302950884,260.23521764285715,207.28620313333334
0.63,34,40,2,0,22,0.6,22,21,6192930.47,43.049124318034615,3.3976493114369943,2,4,1,133.70445953224188,2.3790089699093193,8,2,11,0.09523809523809523,0.38095238095238093,100.94985522070944,-74.37356302950884,260.23521764285715,207.28620313333334
0.63,34,40,2,1,22,0.3,22,21,6192930.47,43.049124318034615,3.3976493114369943,2,4,1,133.70445953224188,2.3790089699093193,8,2,11,0.09523809523809523,0.38095238095238093,100.94985522070944,-74.37356302950884,260.23521764285715,207.28620313333334
0.63,34,40,2,1,22,0.45,22,21,6192930.47,43.049124318034615,3.3976493114369943,2,4,1,133.70445953224188,2.3790089699093193,8,2,11,0.09523809523809523,0.38095238095238093,100.94985522070944,-74.37356302950884,260.23521764285715,207.28620313333334
0.63,34,40,2,1,22,0.6,22,21,6192930.47,43.049124318034615,3.3976493114369943,2,4,1,133.70445953224188,2.3790089699093193,8,2,11,0.09523809523809523,0.38095238095238093,100.94985522070944,-74.37356302950884,260.23521764285715,207.28620313333334
0.63,34,40,2,2,22,0.3,22,21,6192930.47,43.049124318034615,3.3976493114369943,2,4,1,133.70445953224188,2.3790089699093193,8,2,11,0.09523809523809523,0.38095238095238093,100.94985522070944,-74.37356302950884,260.23521764285715,207.28620313333334
0.63,34,40,2,2,22,0.45,22,21,6192930.47,43.049124318034615,3.3976493114369943,2,4,1,133.70445953224188,2.3790089699093193,8,2,11,0.09523809523809523,0.38095238095238093,100.94985522070944,-74.37356302950884,260.23521764285715,207.28620313333334
0.63,34,40,2,2,22,0.6,22,21,6192930.47,43.049124318034615,3.3976493114369943,2,4,1,133.70445953224188,2.3790089699093193,8,2,11,0.09523809523809523,0.38095238095238093,100.94985522070944,-74.37356302950884,260.23521764285715,207.28620313333334
0.63,40,28,2,0,22,0.6,22,21,6192930.47,43.049124318034615,3.3976493114369943,2,4,1,133.70445953224188,2.3790089699093193,8,2,11,0.09523809523809523,0.38095238095238093,100.94985522070944,-74.37356302950884,260.23521764285715,207.28620313333334
0.63,40,28,2,1,22,0.3,22,21,6192930.47,43.049124318034615,3.3976493114369943,2,4,1,133.70445953224188,2.3790089699093193,8,2,11,0.09523809523809523,0.38095238095238093,100.94985522070944,-74.37356302950884,260.23521764285715,207.28620313333334
0.63,40,28,2,1,22,0.45,22,21,6192930.47,43.049124318034615,3.3976493114369943,2,4,1,133.70445953224188,2.3790089699093193,8,2,11,0.09523809523809523,0.38095238095238093,100.94985522070944,-74.37356302950884,260.23521764285715,207.28620313333334
0.63,40,28,2,1,22,0.6,22,21,6192930.47,43.049124318034615,3.3976493114369943,2,4,1,133.70445953224188,2.3790089699093193,8,2,11,0.09523809523809523,0.38095238095238093,100.94985522070944,-74.37356302950884,260.23521764285715,207.28620313333334
0.63,40,28,2,2,22,0.3,22,21,6192930.47,43.049124318034615,3.3976493114369943,2,4,1,133.70445953224188,2.3790089699093193,8,2,11,0.09523809523809523,0.38095238095238093,100.94985522070944,-74.37356302950884,260.23521764285715,207.28620313333334
0.63,40,28,2,2,22,0.45,22,21,6192930.47,43.049124318034615,3.3976493114369943,2,4,1,133.70445953224188,2.3790089699093193,8,2,11,0.09523809523809523,0.38095238095238093,100.94985522070944,-74.37356302950884,260.23521764285715,207.28620313333334
0.63,40,28,2,2,22,0.6,22,21,6192930.47,43.049124318034615,3.3976493114369943,2,4,1,133.70445953224188,2.3790089699093193,8,2,11,0.09523809523809523,0.38095238095238093,100.94985522070944,-74.37356302950884,260.23521764285715,207.28620313333334
0.63,40,34,2,0,22,0.6,22,21,6192930.47,43.049124318034615,3.3976493114369943,2,4,1,133.70445953224188,2.3790089699093193,8,2,11,0.09523809523809523,0.38095238095238093,100.94985522070944,-74.37356302950884,260.23521764285715,207.28620313333334
0.63,40,34,2,1,22,0.3,22,21,6192930.47,43.049124318034615,3.3976493114369943,2,4,1,133.70445953224188,2.3790089699093193,8,2,11,0.09523809523809523,0.38095238095238093,100.94985522070944,-74.37356302950884,260.23521764285715,207.28620313333334
0.63,40,34,2,1,22,0.45,22,21,6192930.47,43.049124318034615,3.3976493114369943,2,4,1,133.70445953224188,2.3790089699093193,8,2,11,0.09523809523809523,0.38095238095238093,100.94985522070944,-74.37356302950884,260.23521764285715,207.28620313333334
0.63,40,34,2,1,22,0.6,22,21,6192930.47,43.049124318034615,3.3976493114369943,2,4,1,133.70445953224188,2.3790089699093193,8,2,11,0.09523809523809523,0.38095238095238093,100.94985522070944,-74.37356302950884,260.23521764285715,207.28620313333334
0.63,40,34,2,2,22,0.3,22,21,6192930.47,43.049124318034615,3.3976493114369943,2,4,1,133.70445953224188,2.3790089699093193,8,2,11,0.09523809523809523,0.38095238095238093,100.94985522070944,-74.37356302950884,260.23521764285715,207.28620313333334
0.63,40,34,2,2,22,0.45,22,21,6192930.47,43.049124318034615,3.3976493114369943,2,4,1,133.70445953224188,2.3790089699093193,8,2,11,0.09523809523809523,0.38095238095238093,100.94985522070944,-74.37356302950884,260.23521764285715,207.28620313333334
0.63,40,34,2,2,22,0.6,22,21,6192930.47,43.049124318034615,3.3976493114369943,2,4,1,133.70445953224188,2.3790089699093193,8,2,11,0.09523809523809523,0.38095238095238093,100.94985522070944,-74.37356302950884,260.23521764285715,207.28620313333334
0.63,40,40,2,0,22,0.6,22,21,6192930.47,43.049124318034615,3.3976493114369943,2,4,1,133.70445953224188,2.3790089699093193,8,2,11,0.09523809523809523,0.38095238095238093,100.94985522070944,-74.37356302950884,260.23521764285715,207.28620313333334
0.63,40,40,2,1,22,0.3,22,21,6192930.47,43.049124318034615,3.3976493114369943,2,4,1,133.70445953224188,2.3790089699093193,8,2,11,0.09523809523809523,0.38095238095238093,100.94985522070944,-74.37356302950884,260.23521764285715,207.28620313333334
0.63,40,40,2,1,22,0.45,22,21,6192930.47,43.049124318034615,3.3976493114369943,2,4,1,133.70445953224188,2.3790089699093193,8,2,11,0.09523809523809523,0.38095238095238093,100.94985522070944,-74.37356302950884,260.23521764285715,207.28620313333334
0.63,40,40,2,1,22,0.6,22,21,6192930.47,43.049124318034615,3.3976493114369943,2,4,1,133.70445953224188,2.3790089699093193,8,2,11,0.09523809523809523,0.38095238095238093,100.94985522070944,-74.37356302950884,260.23521764285715,207.28620313333334
0.63,40,40,2,2,22,0.3,22,21,6192930.47,43.049124318034615,3.3976493114369943,2,4,1,133.70445953224188,2.3790089699093193,8,2,11,0.09523809523809523,0.38095238095238093,100.94985522070944,-74.37356302950884,260.23521764285715,207.28620313333334
0.63,40,40,2,2,22,0.45,22,21,6192930.47,43.049124318034615,3.3976493114369943,2,4,1,133.70445953224188,2.3790089699093193,8,2,11,0.09523809523809523,0.38095238095238093,100.94985522070944,-74.37356302950884,260.23521764285715,207.28620313333334
0.63,40,40,2,2,22,0.6,22,21,6192930.47,43.049124318034615,3.3976493114369943,2,4,1,133.70445953224188,2.3790089699093193,8,2,11,0.09523809523809523,0.38095238095238093,100.94985522070944,-74.37356302950884,260.23521764285715,207.28620313333334
0.63,46,28,2,0,22,0.6,22,21,6192930.47,43.049124318034615,3.3976493114369943,2,4,1,133.70445953224188,2.3790089699093193,8,2,11,0.09523809523809523,0.38095238095238093,100.94985522070944,-74.37356302950884,260.23521764285715,207.28620313333334
0.63,46,28,2,1,22,0.3,22,21,6192930.47,43.049124318034615,3.3976493114369943,2,4,1,133.70445953224188,2.3790089699093193,8,2,11,0.09523809523809523,0.38095238095238093,100.94985522070944,-74.37356302950884,260.23521764285715,207.28620313333334
0.63,46,28,2,1,22,0.45,22,21,6192930.47,43.049124318034615,3.3976493114369943,2,4,1,133.70445953224188,2.3790089699093193,8,2,11,0.09523809523809523,0.38095238095238093,100.94985522070944,-74.37356302950884,260.23521764285715,207.28620313333334
0.63,46,28,2,1,22,0.6,22,21,6192930.47,43.049124318034615,3.3976493114369943,2,4,1,133.70445953224188,2.3790089699093193,8,2,11,0.09523809523809523,0.38095238095238093,100.94985522070944,-74.37356302950884,260.23521764285715,207.28620313333334
0.63,46,28,2,2,22,0.3,22,21,6192930.47,43.049124318034615,3.3976493114369943,2,4,1,133.70445953224188,2.3790089699093193,8,2,11,0.09523809523809523,0.38095238095238093,100.94985522070944,-74.37356302950884,260.23521764285715,207.28620313333334
0.63,46,28,2,2,22,0.45,22,21,6192930.47,43.049124318034615,3.3976493114369943,2,4,1,133.70445953224188,2.3790089699093193,8,2,11,0.09523809523809523,0.38095238095238093,100.94985522070944,-74.37356302950884,260.23521764285715,207.28620313333334
0.63,46,28,2,2,22,0.6,22,21,6192930.47,43.049124318034615,3.3976493114369943,2,4,1,133.70445953224188,2.3790089699093193,8,2,11,0.09523809523809523,0.38095238095238093,100.94985522070944,-74.37356302950884,260.23521764285715,207.28620313333334
0.63,46,34,2,0,22,0.6,22,21,6192930.47,43.049124318034615,3.3976493114369943,2,4,1,133.70445953224188,2.3790089699093193,8,2,11,0.09523809523809523,0.38095238095238093,100.94985522070944,-74.37356302950884,260.23521764285715,207.28620313333334
0.63,46,34,2,1,22,0.3,22,21,6192930.47,43.049124318034615,3.3976493114369943,2,4,1,133.70445953224188,2.3790089699093193,8,2,11,0.09523809523809523,0.38095238095238093,100.94985522070944,-74.37356302950884,260.23521764285715,207.28620313333334
0.63,46,34,2,1,22,0.45,22,21,6192930.47,43.049124318034615,3.3976493114369943,2,4,1,133.70445953224188,2.3790089699093193,8,2,11,0.09523809523809523,0.38095238095238093,100.94985522070944,-74.37356302950884,260.23521764285715,207.28620313333334
0.63,46,34,2,1,22,0.6,22,21,6192930.47,43.049124318034615,3.3976493114369943,2,4,1,133.70445953224188,2.3790089699093193,8,2,11,0.09523809523809523,0.38095238095238093,100.94985522070944,-74.37356302950884,260.23521764285715,207.28620313333334
0.63,46,34,2,2,22,0.3,22,21,6192930.47,43.049124318034615,3.3976493114369943,2,4,1,133.70445953224188,2.3790089699093193,8,2,11,0.09523809523809523,0.38095238095238093,100.94985522070944,-74.37356302950884,260.23521764285715,207.28620313333334
0.63,46,34,2,2,22,0.45,22,21,6192930.47,43.049124318034615,3.3976493114369943,2,4,1,133.70445953224188,2.3790089699093193,8,2,11,0.09523809523809523,0.38095238095238093,100.94985522070944,-74.37356302950884,260.23521764285715,207.28620313333334
0.63,46,34,2,2,22,0.6,22,21,6192930.47,43.049124318034615,3.3976493114369943,2,4,1,133.70445953224188,2.3790089699093193,8,2,11,0.09523809523809523,0.38095238095238093,100.94985522070944,-74.37356302950884,260.23521764285715,207.28620313333334
0.63,46,40,2,0,22,0.6,22,21,6192930.47,43.049124318034615,3.3976493114369943,2,4,1,133.70445953224188,2.3790089699093193,8,2,11,0.09523809523809523,0.38095238095238093,100.94985522070944,-74.37356302950884,260.23521764285715,207.28620313333334
0.63,46,40,2,1,22,0.3,22,21,6192930.47,43.049124318034615,3.3976493114369943,2,4,1,133.70445953224188,2.3790089699093193,8,2,11,0.09523809523809523,0.38095238095238093,100.94985522070944,-74.37356302950884,260.23521764285715,207.28620313333334
0.63,46,40,2,1,22,0.45,22,21,6192930.47,43.049124318034615,3.3976493114369943,2,4,1,133.70445953224188,2.3790089699093193,8,2,11,0.09523809523809523,0.38095238095238093,100.94985522070944,-74.37356302950884,260.23521764285715,207.28620313333334
0.63,46,40,2,1,22,0.6,22,21,6192930.47,43.049124318034615,3.3976493114369943,2,4,1,133.70445953224188,2.3790089699093193,8,2,11,0.09523809523809523,0.38095238095238093,100.94985522070944,-74.37356302950884,260.23521764285715,207.28620313333334
0.63,46,40,2,2,22,0.3,22,21,6192930.47,43.049124318034615,3.3976493114369943,2,4,1,133.70445953224188,2.3790089699093193,8,2,11,0.09523809523809523,0.38095238095238093,100.94985522070944,-74.37356302950884,260.23521764285715,207.28620313333334
0.63,46,40,2,2,22,0.45,22,21,6192930.47,43.049124318034615,3.3976493114369943,2,4,1,133.70445953224188,2.3790089699093193,8,2,11,0.09523809523809523,0.38095238095238093,100.94985522070944,-74.37356302950884,260.23521764285715,207.28620313333334
0.63,46,40,2,2,22,0.6,22,21,6192930.47,43.049124318034615,3.3976493114369943,2,4,1,133.70445953224188,2.3790089699093193,8,2,11,0.09523809523809523,0.38095238095238093,100.94985522070944,-74.37356302950884,260.23521764285715,207.28620313333334
0.68,28,28,2,0,22,0.6,22,21,6192930.47,43.049124318034615,3.3976493114369943,2,4,1,133.70445953224188,2.3790089699093193,8,2,11,0.09523809523809523,0.38095238095238093,100.94985522070944,-74.37356302950884,260.23521764285715,207.28620313333334
0.68,28,28,2,1,22,0.3,22,21,6192930.47,43.049124318034615,3.3976493114369943,2,4,1,133.70445953224188,2.3790089699093193,8,2,11,0.09523809523809523,0.38095238095238093,100.94985522070944,-74.37356302950884,260.23521764285715,207.28620313333334
0.68,28,28,2,1,22,0.45,22,21,6192930.47,43.049124318034615,3.3976493114369943,2,4,1,133.70445953224188,2.3790089699093193,8,2,11,0.09523809523809523,0.38095238095238093,100.94985522070944,-74.37356302950884,260.23521764285715,207.28620313333334
0.68,28,28,2,1,22,0.6,22,21,6192930.47,43.049124318034615,3.3976493114369943,2,4,1,133.70445953224188,2.3790089699093193,8,2,11,0.09523809523809523,0.38095238095238093,100.94985522070944,-74.37356302950884,260.23521764285715,207.28620313333334
0.68,28,28,2,2,22,0.3,22,21,6192930.47,43.049124318034615,3.3976493114369943,2,4,1,133.70445953224188,2.3790089699093193,8,2,11,0.09523809523809523,0.38095238095238093,100.94985522070944,-74.37356302950884,260.23521764285715,207.28620313333334
0.68,28,28,2,2,22,0.45,22,21,6192930.47,43.049124318034615,3.3976493114369943,2,4,1,133.70445953224188,2.3790089699093193,8,2,11,0.09523809523809523,0.38095238095238093,100.94985522070944,-74.37356302950884,260.23521764285715,207.28620313333334
0.68,28,28,2,2,22,0.6,22,21,6192930.47,43.049124318034615,3.3976493114369943,2,4,1,133.70445953224188,2.3790089699093193,8,2,11,0.09523809523809523,0.38095238095238093,100.94985522070944,-74.37356302950884,260.23521764285715,207.28620313333334
0.68,28,34,2,0,22,0.6,22,21,6192930.47,43.049124318034615,3.3976493114369943,2,4,1,133.70445953224188,2.3790089699093193,8,2,11,0.09523809523809523,0.38095238095238093,100.94985522070944,-74.37356302950884,260.23521764285715,207.28620313333334
0.68,28,34,2,1,22,0.3,22,21,6192930.47,43.049124318034615,3.3976493114369943,2,4,1,133.70445953224188,2.3790089699093193,8,2,11,0.09523809523809523,0.38095238095238093,100.94985522070944,-74.37356302950884,260.23521764285715,207.28620313333334
0.68,28,34,2,1,22,0.45,22,21,6192930.47,43.049124318034615,3.3976493114369943,2,4,1,133.70445953224188,2.3790089699093193,8,2,11,0.09523809523809523,0.38095238095238093,100.94985522070944,-74.37356302950884,260.23521764285715,207.28620313333334
0.68,28,34,2,1,22,0.6,22,21,6192930.47,43.049124318034615,3.3976493114369943,2,4,1,133.70445953224188,2.3790089699093193,8,2,11,0.09523809523809523,0.38095238095238093,100.94985522070944,-74.37356302950884,260.23521764285715,207.28620313333334
0.68,28,34,2,2,22,0.3,22,21,6192930.47,43.049124318034615,3.3976493114369943,2,4,1,133.70445953224188,2.3790089699093193,8,2,11,0.09523809523809523,0.38095238095238093,100.94985522070944,-74.37356302950884,260.23521764285715,207.28620313333334
0.68,28,34,2,2,22,0.45,22,21,6192930.47,43.049124318034615,3.3976493114369943,2,4,1,133.70445953224188,2.3790089699093193,8,2,11,0.09523809523809523,0.38095238095238093,100.94985522070944,-74.37356302950884,260.23521764285715,207.28620313333334
0.68,28,34,2,2,22,0.6,22,21,6192930.47,43.049124318034615,3.3976493114369943,2,4,1,133.70445953224188,2.3790089699093193,8,2,11,0.09523809523809523,0.38095238095238093,100.94985522070944,-74.37356302950884,260.23521764285715,207.28620313333334
0.68,28,40,2,0,22,0.6,22,21,6192930.47,43.049124318034615,3.3976493114369943,2,4,1,133.70445953224188,2.3790089699093193,8,2,11,0.09523809523809523,0.38095238095238093,100.94985522070944,-74.37356302950884,260.23521764285715,207.28620313333334
0.68,28,40,2,1,22,0.3,22,21,6192930.47,43.049124318034615,3.3976493114369943,2,4,1,133.70445953224188,2.3790089699093193,8,2,11,0.09523809523809523,0.38095238095238093,100.94985522070944,-74.37356302950884,260.23521764285715,207.28620313333334
0.68,28,40,2,1,22,0.45,22,21,6192930.47,43.049124318034615,3.3976493114369943,2,4,1,133.70445953224188,2.3790089699093193,8,2,11,0.09523809523809523,0.38095238095238093,100.94985522070944,-74.37356302950884,260.23521764285715,207.28620313333334
0.68,28,40,2,1,22,0.6,22,21,6192930.47,43.049124318034615,3.3976493114369943,2,4,1,133.70445953224188,2.3790089699093193,8,2,11,0.09523809523809523,0.38095238095238093,100.94985522070944,-74.37356302950884,260.23521764285715,207.28620313333334
0.68,28,40,2,2,22,0.3,22,21,6192930.47,43.049124318034615,3.3976493114369943,2,4,1,133.70445953224188,2.3790089699093193,8,2,11,0.09523809523809523,0.38095238095238093,100.94985522070944,-74.37356302950884,260.23521764285715,207.28620313333334
0.68,28,40,2,2,22,0.45,22,21,6192930.47,43.049124318034615,3.3976493114369943,2,4,1,133.70445953224188,2.3790089699093193,8,2,11,0.09523809523809523,0.38095238095238093,100.94985522070944,-74.37356302950884,260.23521764285715,207.28620313333334
0.68,28,40,2,2,22,0.6,22,21,6192930.47,43.049124318034615,3.3976493114369943,2,4,1,133.70445953224188,2.3790089699093193,8,2,11,0.09523809523809523,0.38095238095238093,100.94985522070944,-74.37356302950884,260.23521764285715,207.28620313333334
0.68,34,28,2,0,22,0.6,22,21,6192930.47,43.049124318034615,3.3976493114369943,2,4,1,133.70445953224188,2.3790089699093193,8,2,11,0.09523809523809523,0.38095238095238093,100.94985522070944,-74.37356302950884,260.23521764285715,207.28620313333334
0.68,34,28,2,1,22,0.3,22,21,6192930.47,43.049124318034615,3.3976493114369943,2,4,1,133.70445953224188,2.3790089699093193,8,2,11,0.09523809523809523,0.38095238095238093,100.94985522070944,-74.37356302950884,260.23521764285715,207.28620313333334
0.68,34,28,2,1,22,0.45,22,21,6192930.47,43.049124318034615,3.3976493114369943,2,4,1,133.70445953224188,2.3790089699093193,8,2,11,0.09523809523809523,0.38095238095238093,100.94985522070944,-74.37356302950884,260.23521764285715,207.28620313333334
0.68,34,28,2,1,22,0.6,22,21,6192930.47,43.049124318034615,3.3976493114369943,2,4,1,133.70445953224188,2.3790089699093193,8,2,11,0.09523809523809523,0.38095238095238093,100.94985522070944,-74.37356302950884,260.23521764285715,207.28620313333334
0.68,34,28,2,2,22,0.3,22,21,6192930.47,43.049124318034615,3.3976493114369943,2,4,1,133.70445953224188,2.3790089699093193,8,2,11,0.09523809523809523,0.38095238095238093,100.94985522070944,-74.37356302950884,260.23521764285715,207.28620313333334
0.68,34,28,2,2,22,0.45,22,21,6192930.47,43.049124318034615,3.3976493114369943,2,4,1,133.70445953224188,2.3790089699093193,8,2,11,0.09523809523809523,0.38095238095238093,100.94985522070944,-74.37356302950884,260.23521764285715,207.28620313333334
0.68,34,28,2,2,22,0.6,22,21,6192930.47,43.049124318034615,3.3976493114369943,2,4,1,133.70445953224188,2.3790089699093193,8,2,11,0.09523809523809523,0.38095238095238093,100.94985522070944,-74.37356302950884,260.23521764285715,207.28620313333334
0.68,34,34,2,0,22,0.6,22,21,6192930.47,43.049124318034615,3.3976493114369943,2,4,1,133.70445953224188,2.3790089699093193,8,2,11,0.09523809523809523,0.38095238095238093,100.94985522070944,-74.37356302950884,260.23521764285715,207.28620313333334
0.68,34,34,2,1,22,0.3,22,21,6192930.47,43.049124318034615,3.3976493114369943,2,4,1,133.70445953224188,2.3790089699093193,8,2,11,0.09523809523809523,0.38095238095238093,100.94985522070944,-74.37356302950884,260.23521764285715,207.28620313333334
0.68,34,34,2,1,22,0.45,22,21,6192930.47,43.049124318034615,3.3976493114369943,2,4,1,133.70445953224188,2.3790089699093193,8,2,11,0.09523809523809523,0.38095238095238093,100.94985522070944,-74.37356302950884,260.23521764285715,207.28620313333334
0.68,34,34,2,1,22,0.6,22,21,6192930.47,43.049124318034615,3.3976493114369943,2,4,1,133.70445953224188,2.3790089699093193,8,2,11,0.09523809523809523,0.38095238095238093,100.94985522070944,-74.37356302950884,260.23521764285715,207.28620313333334
0.68,34,34,2,2,22,0.3,22,21,6192930.47,43.049124318034615,3.3976493114369943,2,4,1,133.70445953224188,2.3790089699093193,8,2,11,0.09523809523809523,0.38095238095238093,100.94985522070944,-74.37356302950884,260.23521764285715,207.28620313333334
0.68,34,34,2,2,22,0.45,22,21,6192930.47,43.049124318034615,3.3976493114369943,2,4,1,133.70445953224188,2.3790089699093193,8,2,11,0.09523809523809523,0.38095238095238093,100.94985522070944,-74.37356302950884,260.23521764285715,207.28620313333334
0.68,34,34,2,2,22,0.6,22,21,6192930.47,43.049124318034615,3.3976493114369943,2,4,1,133.70445953224188,2.3790089699093193,8,2,11,0.09523809523809523,0.38095238095238093,100.94985522070944,-74.37356302950884,260.23521764285715,207.28620313333334
0.68,34,40,2,0,22,0.6,22,21,6192930.47,43.049124318034615,3.3976493114369943,2,4,1,133.70445953224188,2.3790089699093193,8,2,11,0.09523809523809523,0.38095238095238093,100.94985522070944,-74.37356302950884,260.23521764285715,207.28620313333334
0.68,34,40,2,1,22,0.3,22,21,6192930.47,43.049124318034615,3.3976493114369943,2,4,1,133.70445953224188,2.3790089699093193,8,2,11,0.09523809523809523,0.38095238095238093,100.94985522070944,-74.37356302950884,260.23521764285715,207.28620313333334
0.68,34,40,2,1,22,0.45,22,21,6192930.47,43.049124318034615,3.3976493114369943,2,4,1,133.70445953224188,2.3790089699093193,8,2,11,0.09523809523809523,0.38095238095238093,100.94985522070944,-74.37356302950884,260.23521764285715,207.28620313333334
0.68,34,40,2,1,22,0.6,22,21,6192930.47,43.049124318034615,3.3976493114369943,2,4,1,133.70445953224188,2.3790089699093193,8,2,11,0.09523809523809523,0.38095238095238093,100.94985522070944,-74.37356302950884,260.23521764285715,207.28620313333334
0.68,34,40,2,2,22,0.3,22,21,6192930.47,43.049124318034615,3.3976493114369943,2,4,1,133.70445953224188,2.3790089699093193,8,2,11,0.09523809523809523,0.38095238095238093,100.94985522070944,-74.37356302950884,260.23521764285715,207.28620313333334
0.68,34,40,2,2,22,0.45,22,21,6192930.47,43.049124318034615,3.3976493114369943,2,4,1,133.70445953224188,2.3790089699093193,8,2,11,0.09523809523809523,0.38095238095238093,100.94985522070944,-74.37356302950884,260.23521764285715,207.28620313333334
0.68,34,40,2,2,22,0.6,22,21,6192930.47,43.049124318034615,3.3976493114369943,2,4,1,133.70445953224188,2.3790089699093193,8,2,11,0.09523809523809523,0.38095238095238093,100.94985522070944,-74.37356302950884,260.23521764285715,207.28620313333334
0.68,40,28,2,0,22,0.6,22,21,6192930.47,43.049124318034615,3.3976493114369943,2,4,1,133.70445953224188,2.3790089699093193,8,2,11,0.09523809523809523,0.38095238095238093,100.94985522070944,-74.37356302950884,260.23521764285715,207.28620313333334
0.68,40,28,2,1,22,0.3,22,21,6192930.47,43.049124318034615,3.3976493114369943,2,4,1,133.70445953224188,2.3790089699093193,8,2,11,0.09523809523809523,0.38095238095238093,100.94985522070944,-74.37356302950884,260.23521764285715,207.28620313333334
0.68,40,28,2,1,22,0.45,22,21,6192930.47,43.049124318034615,3.3976493114369943,2,4,1,133.70445953224188,2.3790089699093193,8,2,11,0.09523809523809523,0.38095238095238093,100.94985522070944,-74.37356302950884,260.23521764285715,207.28620313333334
0.68,40,28,2,1,22,0.6,22,21,6192930.47,43.049124318034615,3.3976493114369943,2,4,1,133.70445953224188,2.3790089699093193,8,2,11,0.09523809523809523,0.38095238095238093,100.94985522070944,-74.37356302950884,260.23521764285715,207.28620313333334
0.68,40,28,2,2,22,0.3,22,21,6192930.47,43.049124318034615,3.3976493114369943,2,4,1,133.70445953224188,2.3790089699093193,8,2,11,0.09523809523809523,0.38095238095238093,100.94985522070944,-74.37356302950884,260.23521764285715,207.28620313333334
0.68,40,28,2,2,22,0.45,22,21,6192930.47,43.049124318034615,3.3976493114369943,2,4,1,133.70445953224188,2.3790089699093193,8,2,11,0.09523809523809523,0.38095238095238093,100.94985522070944,-74.37356302950884,260.23521764285715,207.28620313333334
0.68,40,28,2,2,22,0.6,22,21,6192930.47,43.049124318034615,3.3976493114369943,2,4,1,133.70445953224188,2.3790089699093193,8,2,11,0.09523809523809523,0.38095238095238093,100.94985522070944,-74.37356302950884,260.23521764285715,207.28620313333334
0.68,40,34,2,0,22,0.6,22,21,6192930.47,43.049124318034615,3.3976493114369943,2,4,1,133.70445953224188,2.3790089699093193,8,2,11,0.09523809523809523,0.38095238095238093,100.94985522070944,-74.37356302950884,260.23521764285715,207.28620313333334
0.68,40,34,2,1,22,0.3,22,21,6192930.47,43.049124318034615,3.3976493114369943,2,4,1,133.70445953224188,2.3790089699093193,8,2,11,0.09523809523809523,0.38095238095238093,100.94985522070944,-74.37356302950884,260.23521764285715,207.28620313333334
0.68,40,34,2,1,22,0.45,22,21,6192930.47,43.049124318034615,3.3976493114369943,2,4,1,133.70445953224188,2.3790089699093193,8,2,11,0.09523809523809523,0.38095238095238093,100.94985522070944,-74.37356302950884,260.23521764285715,207.28620313333334
0.68,40,34,2,1,22,0.6,22,21,6192930.47,43.049124318034615,3.3976493114369943,2,4,1,133.70445953224188,2.3790089699093193,8,2,11,0.09523809523809523,0.38095238095238093,100.94985522070944,-74.37356302950884,260.23521764285715,207.28620313333334
0.68,40,34,2,2,22,0.3,22,21,6192930.47,43.049124318034615,3.3976493114369943,2,4,1,133.70445953224188,2.3790089699093193,8,2,11,0.09523809523809523,0.38095238095238093,100.94985522070944,-74.37356302950884,260.23521764285715,207.28620313333334
0.68,40,34,2,2,22,0.45,22,21,6192930.47,43.049124318034615,3.3976493114369943,2,4,1,133.70445953224188,2.3790089699093193,8,2,11,0.09523809523809523,0.38095238095238093,100.94985522070944,-74.37356302950884,260.23521764285715,207.28620313333334
0.68,40,34,2,2,22,0.6,22,21,6192930.47,43.049124318034615,3.3976493114369943,2,4,1,133.70445953224188,2.3790089699093193,8,2,11,0.09523809523809523,0.38095238095238093,100.94985522070944,-74.37356302950884,260.23521764285715,207.28620313333334
0.68,40,40,2,0,22,0.6,22,21,6192930.47,43.049124318034615,3.3976493114369943,2,4,1,133.70445953224188,2.3790089699093193,8,2,11,0.09523809523809523,0.38095238095238093,100.94985522070944,-74.37356302950884,260.23521764285715,207.28620313333334
0.68,40,40,2,1,22,0.3,22,21,6192930.47,43.049124318034615,3.3976493114369943,2,4,1,133.70445953224188,2.3790089699093193,8,2,11,0.09523809523809523,0.38095238095238093,100.94985522070944,-74.37356302950884,260.23521764285715,207.28620313333334
0.68,40,40,2,1,22,0.45,22,21,6192930.47,43.049124318034615,3.3976493114369943,2,4,1,133.70445953224188,2.3790089699093193,8,2,11,0.09523809523809523,0.38095238095238093,100.94985522070944,-74.37356302950884,260.23521764285715,207.28620313333334
0.68,40,40,2,1,22,0.6,22,21,6192930.47,43.049124318034615,3.3976493114369943,2,4,1,133.70445953224188,2.3790089699093193,8,2,11,0.09523809523809523,0.38095238095238093,100.94985522070944,-74.37356302950884,260.23521764285715,207.28620313333334
0.68,40,40,2,2,22,0.3,22,21,6192930.47,43.049124318034615,3.3976493114369943,2,4,1,133.70445953224188,2.3790089699093193,8,2,11,0.09523809523809523,0.38095238095238093,100.94985522070944,-74.37356302950884,260.23521764285715,207.28620313333334
0.68,40,40,2,2,22,0.45,22,21,6192930.47,43.049124318034615,3.3976493114369943,2,4,1,133.70445953224188,2.3790089699093193,8,2,11,0.09523809523809523,0.38095238095238093,100.94985522070944,-74.37356302950884,260.23521764285715,207.28620313333334
0.68,40,40,2,2,22,0.6,22,21,6192930.47,43.049124318034615,3.3976493114369943,2,4,1,133.70445953224188,2.3790089699093193,8,2,11,0.09523809523809523,0.38095238095238093,100.94985522070944,-74.37356302950884,260.23521764285715,207.28620313333334
0.68,46,28,2,0,22,0.6,22,21,6192930.47,43.049124318034615,3.3976493114369943,2,4,1,133.70445953224188,2.3790089699093193,8,2,11,0.09523809523809523,0.38095238095238093,100.94985522070944,-74.37356302950884,260.23521764285715,207.28620313333334
0.68,46,28,2,1,22,0.3,22,21,6192930.47,43.049124318034615,3.3976493114369943,2,4,1,133.70445953224188,2.3790089699093193,8,2,11,0.09523809523809523,0.38095238095238093,100.94985522070944,-74.37356302950884,260.23521764285715,207.28620313333334
0.68,46,28,2,1,22,0.45,22,21,6192930.47,43.049124318034615,3.3976493114369943,2,4,1,133.70445953224188,2.3790089699093193,8,2,11,0.09523809523809523,0.38095238095238093,100.94985522070944,-74.37356302950884,260.23521764285715,207.28620313333334
0.68,46,28,2,1,22,0.6,22,21,6192930.47,43.049124318034615,3.3976493114369943,2,4,1,133.70445953224188,2.3790089699093193,8,2,11,0.09523809523809523,0.38095238095238093,100.94985522070944,-74.37356302950884,260.23521764285715,207.28620313333334
0.68,46,28,2,2,22,0.3,22,21,6192930.47,43.049124318034615,3.3976493114369943,2,4,1,133.70445953224188,2.3790089699093193,8,2,11,0.09523809523809523,0.38095238095238093,100.94985522070944,-74.37356302950884,260.23521764285715,207.28620313333334
0.68,46,28,2,2,22,0.45,22,21,6192930.47,43.049124318034615,3.3976493114369943,2,4,1,133.70445953224188,2.3790089699093193,8,2,11,0.09523809523809523,0.38095238095238093,100.94985522070944,-74.37356302950884,260.23521764285715,207.28620313333334
0.68,46,28,2,2,22,0.6,22,21,6192930.47,43.049124318034615,3.3976493114369943,2,4,1,133.70445953224188,2.3790089699093193,8,2,11,0.09523809523809523,0.38095238095238093,100.94985522070944,-74.37356302950884,260.23521764285715,207.28620313333334
0.68,46,34,2,0,22,0.6,22,21,6192930.47,43.049124318034615,3.3976493114369943,2,4,1,133.70445953224188,2.3790089699093193,8,2,11,0.09523809523809523,0.38095238095238093,100.94985522070944,-74.37356302950884,260.23521764285715,207.28620313333334
0.68,46,34,2,1,22,0.3,22,21,6192930.47,43.049124318034615,3.3976493114369943,2,4,1,133.70445953224188,2.3790089699093193,8,2,11,0.09523809523809523,0.38095238095238093,100.94985522070944,-74.37356302950884,260.23521764285715,207.28620313333334
0.68,46,34,2,1,22,0.45,22,21,6192930.47,43.049124318034615,3.3976493114369943,2,4,1,133.70445953224188,2.3790089699093193,8,2,11,0.09523809523809523,0.38095238095238093,100.94985522070944,-74.37356302950884,260.23521764285715,207.28620313333334
0.68,46,34,2,1,22,0.6,22,21,6192930.47,43.049124318034615,3.3976493114369943,2,4,1,133.70445953224188,2.3790089699093193,8,2,11,0.09523809523809523,0.38095238095238093,100.94985522070944,-74.37356302950884,260.23521764285715,207.28620313333334
0.68,46,34,2,2,22,0.3,22,21,6192930.47,43.049124318034615,3.3976493114369943,2,4,1,133.70445953224188,2.3790089699093193,8,2,11,0.09523809523809523,0.38095238095238093,100.94985522070944,-74.37356302950884,260.23521764285715,207.28620313333334
0.68,46,34,2,2,22,0.45,22,21,6192930.47,43.049124318034615,3.3976493114369943,2,4,1,133.70445953224188,2.3790089699093193,8,2,11,0.09523809523809523,0.38095238095238093,100.94985522070944,-74.37356302950884,260.23521764285715,207.28620313333334
0.68,46,34,2,2,22,0.6,22,21,6192930.47,43.049124318034615,3.3976493114369943,2,4,1,133.70445953224188,2.3790089699093193,8,2,11,0.09523809523809523,0.38095238095238093,100.94985522070944,-74.37356302950884,260.23521764285715,207.28620313333334
0.68,46,40,2,0,22,0.6,22,21,6192930.47,43.049124318034615,3.3976493114369943,2,4,1,133.70445953224188,2.3790089699093193,8,2,11,0.09523809523809523,0.38095238095238093,100.94985522070944,-74.37356302950884,260.23521764285715,207.28620313333334
0.68,46,40,2,1,22,0.3,22,21,6192930.47,43.049124318034615,3.3976493114369943,2,4,1,133.70445953224188,2.3790089699093193,8,2,11,0.09523809523809523,0.38095238095238093,100.94985522070944,-74.37356302950884,260.23521764285715,207.28620313333334
0.68,46,40,2,1,22,0.45,22,21,6192930.47,43.049124318034615,3.3976493114369943,2,4,1,133.70445953224188,2.3790089699093193,8,2,11,0.09523809523809523,0.38095238095238093,100.94985522070944,-74.37356302950884,260.23521764285715,207.28620313333334
0.68,46,40,2,1,22,0.6,22,21,6192930.47,43.049124318034615,3.3976493114369943,2,4,1,133.70445953224188,2.3790089699093193,8,2,11,0.09523809523809523,0.38095238095238093,100.94985522070944,-74.37356302950884,260.23521764285715,207.28620313333334
0.68,46,40,2,2,22,0.3,22,21,6192930.47,43.049124318034615,3.3976493114369943,2,4,1,133.70445953224188,2.3790089699093193,8,2,11,0.09523809523809523,0.38095238095238093,100.94985522070944,-74.37356302950884,260.23521764285715,207.28620313333334
0.68,46,40,2,2,22,0.45,22,21,6192930.47,43.049124318034615,3.3976493114369943,2,4,1,133.70445953224188,2.3790089699093193,8,2,11,0.09523809523809523,0.38095238095238093,100.94985522070944,-74.37356302950884,260.23521764285715,207.28620313333334
0.68,46,40,2,2,22,0.6,22,21,6192930.47,43.049124318034615,3.3976493114369943,2,4,1,133.70445953224188,2.3790089699093193,8,2,11,0.09523809523809523,0.38095238095238093,100.94985522070944,-74.37356302950884,260.23521764285715,207.28620313333334
0.73,28,28,2,0,22,0.6,22,21,6192930.47,43.049124318034615,3.3976493114369943,2,4,1,133.70445953224188,2.3790089699093193,8,2,11,0.09523809523809523,0.38095238095238093,100.94985522070944,-74.37356302950884,260.23521764285715,207.28620313333334
0.73,28,28,2,1,22,0.3,22,21,6192930.47,43.049124318034615,3.3976493114369943,2,4,1,133.70445953224188,2.3790089699093193,8,2,11,0.09523809523809523,0.38095238095238093,100.94985522070944,-74.37356302950884,260.23521764285715,207.28620313333334
0.73,28,28,2,1,22,0.45,22,21,6192930.47,43.049124318034615,3.3976493114369943,2,4,1,133.70445953224188,2.3790089699093193,8,2,11,0.09523809523809523,0.38095238095238093,100.94985522070944,-74.37356302950884,260.23521764285715,207.28620313333334
0.73,28,28,2,1,22,0.6,22,21,6192930.47,43.049124318034615,3.3976493114369943,2,4,1,133.70445953224188,2.3790089699093193,8,2,11,0.09523809523809523,0.38095238095238093,100.94985522070944,-74.37356302950884,260.23521764285715,207.28620313333334
0.73,28,28,2,2,22,0.3,22,21,6192930.47,43.049124318034615,3.3976493114369943,2,4,1,133.70445953224188,2.3790089699093193,8,2,11,0.09523809523809523,0.38095238095238093,100.94985522070944,-74.37356302950884,260.23521764285715,207.28620313333334
0.73,28,28,2,2,22,0.45,22,21,6192930.47,43.049124318034615,3.3976493114369943,2,4,1,133.70445953224188,2.3790089699093193,8,2,11,0.09523809523809523,0.38095238095238093,100.94985522070944,-74.37356302950884,260.23521764285715,207.28620313333334
0.73,28,28,2,2,22,0.6,22,21,6192930.47,43.049124318034615,3.3976493114369943,2,4,1,133.70445953224188,2.3790089699093193,8,2,11,0.09523809523809523,0.38095238095238093,100.94985522070944,-74.37356302950884,260.23521764285715,207.28620313333334
0.73,28,34,2,0,22,0.6,22,21,6192930.47,43.049124318034615,3.3976493114369943,2,4,1,133.70445953224188,2.3790089699093193,8,2,11,0.09523809523809523,0.38095238095238093,100.94985522070944,-74.37356302950884,260.23521764285715,207.28620313333334
0.73,28,34,2,1,22,0.3,22,21,6192930.47,43.049124318034615,3.3976493114369943,2,4,1,133.70445953224188,2.3790089699093193,8,2,11,0.09523809523809523,0.38095238095238093,100.94985522070944,-74.37356302950884,260.23521764285715,207.28620313333334
0.73,28,34,2,1,22,0.45,22,21,6192930.47,43.049124318034615,3.3976493114369943,2,4,1,133.70445953224188,2.3790089699093193,8,2,11,0.09523809523809523,0.38095238095238093,100.94985522070944,-74.37356302950884,260.23521764285715,207.28620313333334
0.73,28,34,2,1,22,0.6,22,21,6192930.47,43.049124318034615,3.3976493114369943,2,4,1,133.70445953224188,2.3790089699093193,8,2,11,0.09523809523809523,0.38095238095238093,100.94985522070944,-74.37356302950884,260.23521764285715,207.28620313333334
0.73,28,34,2,2,22,0.3,22,21,6192930.47,43.049124318034615,3.3976493114369943,2,4,1,133.70445953224188,2.3790089699093193,8,2,11,0.09523809523809523,0.38095238095238093,100.94985522070944,-74.37356302950884,260.23521764285715,207.28620313333334
0.73,28,34,2,2,22,0.45,22,21,6192930.47,43.049124318034615,3.3976493114369943,2,4,1,133.70445953224188,2.3790089699093193,8,2,11,0.09523809523809523,0.38095238095238093,100.94985522070944,-74.37356302950884,260.23521764285715,207.28620313333334
0.73,28,34,2,2,22,0.6,22,21,6192930.47,43.049124318034615,3.3976493114369943,2,4,1,133.70445953224188,2.3790089699093193,8,2,11,0.09523809523809523,0.38095238095238093,100.94985522070944,-74.37356302950884,260.23521764285715,207.28620313333334
0.73,28,40,2,0,22,0.6,22,21,6192930.47,43.049124318034615,3.3976493114369943,2,4,1,133.70445953224188,2.3790089699093193,8,2,11,0.09523809523809523,0.38095238095238093,100.94985522070944,-74.37356302950884,260.23521764285715,207.28620313333334
0.73,28,40,2,1,22,0.3,22,21,6192930.47,43.049124318034615,3.3976493114369943,2,4,1,133.70445953224188,2.3790089699093193,8,2,11,0.09523809523809523,0.38095238095238093,100.94985522070944,-74.37356302950884,260.23521764285715,207.28620313333334
0.73,28,40,2,1,22,0.45,22,21,6192930.47,43.049124318034615,3.3976493114369943,2,4,1,133.70445953224188,2.3790089699093193,8,2,11,0.09523809523809523,0.38095238095238093,100.94985522070944,-74.37356302950884,260.23521764285715,207.28620313333334
0.73,28,40,2,1,22,0.6,22,21,6192930.47,43.049124318034615,3.3976493114369943,2,4,1,133.70445953224188,2.3790089699093193,8,2,11,0.09523809523809523,0.38095238095238093,100.94985522070944,-74.37356302950884,260.23521764285715,207.28620313333334
0.73,28,40,2,2,22,0.3,22,21,6192930.47,43.049124318034615,3.3976493114369943,2,4,1,133.70445953224188,2.3790089699093193,8,2,11,0.09523809523809523,0.38095238095238093,100.94985522070944,-74.37356302950884,260.23521764285715,207.28620313333334
0.73,28,40,2,2,22,0.45,22,21,6192930.47,43.049124318034615,3.3976493114369943,2,4,1,133.70445953224188,2.3790089699093193,8,2,11,0.09523809523809523,0.38095238095238093,100.94985522070944,-74.37356302950884,260.23521764285715,207.28620313333334
0.73,28,40,2,2,22,0.6,22,21,6192930.47,43.049124318034615,3.3976493114369943,2,4,1,133.70445953224188,2.3790089699093193,8,2,11,0.09523809523809523,0.38095238095238093,100.94985522070944,-74.37356302950884,260.23521764285715,207.28620313333334
0.73,34,28,2,0,22,0.6,22,21,6192930.47,43.049124318034615,3.3976493114369943,2,4,1,133.70445953224188,2.3790089699093193,8,2,11,0.09523809523809523,0.38095238095238093,100.94985522070944,-74.37356302950884,260.23521764285715,207.28620313333334
0.73,34,28,2,1,22,0.3,22,21,6192930.47,43.049124318034615,3.3976493114369943,2,4,1,133.70445953224188,2.3790089699093193,8,2,11,0.09523809523809523,0.38095238095238093,100.94985522070944,-74.37356302950884,260.23521764285715,207.28620313333334
0.73,34,28,2,1,22,0.45,22,21,6192930.47,43.049124318034615,3.3976493114369943,2,4,1,133.70445953224188,2.3790089699093193,8,2,11,0.09523809523809523,0.38095238095238093,100.94985522070944,-74.37356302950884,260.23521764285715,207.28620313333334
0.73,34,28,2,1,22,0.6,22,21,6192930.47,43.049124318034615,3.3976493114369943,2,4,1,133.70445953224188,2.3790089699093193,8,2,11,0.09523809523809523,0.38095238095238093,100.94985522070944,-74.37356302950884,260.23521764285715,207.28620313333334
0.73,34,28,2,2,22,0.3,22,21,6192930.47,43.049124318034615,3.3976493114369943,2,4,1,133.70445953224188,2.3790089699093193,8,2,11,0.09523809523809523,0.38095238095238093,100.94985522070944,-74.37356302950884,260.23521764285715,207.28620313333334
0.73,34,28,2,2,22,0.45,22,21,6192930.47,43.049124318034615,3.3976493114369943,2,4,1,133.70445953224188,2.3790089699093193,8,2,11,0.09523809523809523,0.38095238095238093,100.94985522070944,-74.37356302950884,260.23521764285715,207.28620313333334
0.73,34,28,2,2,22,0.6,22,21,6192930.47,43.049124318034615,3.3976493114369943,2,4,1,133.70445953224188,2.3790089699093193,8,2,11,0.09523809523809523,0.38095238095238093,100.94985522070944,-74.37356302950884,260.23521764285715,207.28620313333334
0.73,34,34,2,0,22,0.6,22,21,6192930.47,43.049124318034615,3.3976493114369943,2,4,1,133.70445953224188,2.3790089699093193,8,2,11,0.09523809523809523,0.38095238095238093,100.94985522070944,-74.37356302950884,260.23521764285715,207.28620313333334
0.73,34,34,2,1,22,0.3,22,21,6192930.47,43.049124318034615,3.3976493114369943,2,4,1,133.70445953224188,2.3790089699093193,8,2,11,0.09523809523809523,0.38095238095238093,100.94985522070944,-74.37356302950884,260.23521764285715,207.28620313333334
0.73,34,34,2,1,22,0.45,22,21,6192930.47,43.049124318034615,3.3976493114369943,2,4,1,133.70445953224188,2.3790089699093193,8,2,11,0.09523809523809523,0.38095238095238093,100.94985522070944,-74.37356302950884,260.23521764285715,207.28620313333334
0.73,34,34,2,1,22,0.6,22,21,6192930.47,43.049124318034615,3.3976493114369943,2,4,1,133.70445953224188,2.3790089699093193,8,2,11,0.09523809523809523,0.38095238095238093,100.94985522070944,-74.37356302950884,260.23521764285715,207.28620313333334
0.73,34,34,2,2,22,0.3,22,21,6192930.47,43.049124318034615,3.3976493114369943,2,4,1,133.70445953224188,2.3790089699093193,8,2,11,0.09523809523809523,0.38095238095238093,100.94985522070944,-74.37356302950884,260.23521764285715,207.28620313333334
0.73,34,34,2,2,22,0.45,22,21,6192930.47,43.049124318034615,3.3976493114369943,2,4,1,133.70445953224188,2.3790089699093193,8,2,11,0.09523809523809523,0.38095238095238093,100.94985522070944,-74.37356302950884,260.23521764285715,207.28620313333334
0.73,34,34,2,2,22,0.6,22,21,6192930.47,43.049124318034615,3.3976493114369943,2,4,1,133.70445953224188,2.3790089699093193,8,2,11,0.09523809523809523,0.38095238095238093,100.94985522070944,-74.37356302950884,260.23521764285715,207.28620313333334
0.73,34,40,2,0,22,0.6,22,21,6192930.47,43.049124318034615,3.3976493114369943,2,4,1,133.70445953224188,2.3790089699093193,8,2,11,0.09523809523809523,0.38095238095238093,100.94985522070944,-74.37356302950884,260.23521764285715,207.28620313333334
0.73,34,40,2,1,22,0.3,22,21,6192930.47,43.049124318034615,3.3976493114369943,2,4,1,133.70445953224188,2.3790089699093193,8,2,11,0.09523809523809523,0.38095238095238093,100.94985522070944,-74.37356302950884,260.23521764285715,207.28620313333334
0.73,34,40,2,1,22,0.45,22,21,6192930.47,43.049124318034615,3.3976493114369943,2,4,1,133.70445953224188,2.3790089699093193,8,2,11,0.09523809523809523,0.38095238095238093,100.94985522070944,-74.37356302950884,260.23521764285715,207.28620313333334
0.73,34,40,2,1,22,0.6,22,21,6192930.47,43.049124318034615,3.3976493114369943,2,4,1,133.70445953224188,2.3790089699093193,8,2,11,0.09523809523809523,0.38095238095238093,100.94985522070944,-74.37356302950884,260.23521764285715,207.28620313333334
0.73,34,40,2,2,22,0.3,22,21,6192930.47,43.049124318034615,3.3976493114369943,2,4,1,133.70445953224188,2.3790089699093193,8,2,11,0.09523809523809523,0.38095238095238093,100.94985522070944,-74.37356302950884,260.23521764285715,207.28620313333334
0.73,34,40,2,2,22,0.45,22,21,6192930.47,43.049124318034615,3.3976493114369943,2,4,1,133.70445953224188,2.3790089699093193,8,2,11,0.09523809523809523,0.38095238095238093,100.94985522070944,-74.37356302950884,260.23521764285715,207.28620313333334
0.73,34,40,2,2,22,0.6,22,21,6192930.47,43.049124318034615,3.3976493114369943,2,4,1,133.70445953224188,2.3790089699093193,8,2,11,0.09523809523809523,0.38095238095238093,100.94985522070944,-74.37356302950884,260.23521764285715,207.28620313333334
0.73,40,28,2,0,22,0.6,22,21,6192930.47,43.049124318034615,3.3976493114369943,2,4,1,133.70445953224188,2.3790089699093193,8,2,11,0.09523809523809523,0.38095238095238093,100.94985522070944,-74.37356302950884,260.23521764285715,207.28620313333334
0.73,40,28,2,1,22,0.3,22,21,6192930.47,43.049124318034615,3.3976493114369943,2,4,1,133.70445953224188,2.3790089699093193,8,2,11,0.09523809523809523,0.38095238095238093,100.94985522070944,-74.37356302950884,260.23521764285715,207.28620313333334
0.73,40,28,2,1,22,0.45,22,21,6192930.47,43.049124318034615,3.3976493114369943,2,4,1,133.70445953224188,2.3790089699093193,8,2,11,0.09523809523809523,0.38095238095238093,100.94985522070944,-74.37356302950884,260.23521764285715,207.28620313333334
0.73,40,28,2,1,22,0.6,22,21,6192930.47,43.049124318034615,3.3976493114369943,2,4,1,133.70445953224188,2.3790089699093193,8,2,11,0.09523809523809523,0.38095238095238093,100.94985522070944,-74.37356302950884,260.23521764285715,207.28620313333334
0.73,40,28,2,2,22,0.3,22,21,6192930.47,43.049124318034615,3.3976493114369943,2,4,1,133.70445953224188,2.3790089699093193,8,2,11,0.09523809523809523,0.38095238095238093,100.94985522070944,-74.37356302950884,260.23521764285715,207.28620313333334
0.73,40,28,2,2,22,0.45,22,21,6192930.47,43.049124318034615,3.3976493114369943,2,4,1,133.70445953224188,2.3790089699093193,8,2,11,0.09523809523809523,0.38095238095238093,100.94985522070944,-74.37356302950884,260.23521764285715,207.28620313333334
0.73,40,28,2,2,22,0.6,22,21,6192930.47,43.049124318034615,3.3976493114369943,2,4,1,133.70445953224188,2.3790089699093193,8,2,11,0.09523809523809523,0.38095238095238093,100.94985522070944,-74.37356302950884,260.23521764285715,207.28620313333334
0.73,40,34,2,0,22,0.6,22,21,6192930.47,43.049124318034615,3.3976493114369943,2,4,1,133.70445953224188,2.3790089699093193,8,2,11,0.09523809523809523,0.38095238095238093,100.94985522070944,-74.37356302950884,260.23521764285715,207.28620313333334
0.73,40,34,2,1,22,0.3,22,21,6192930.47,43.049124318034615,3.3976493114369943,2,4,1,133.70445953224188,2.3790089699093193,8,2,11,0.09523809523809523,0.38095238095238093,100.94985522070944,-74.37356302950884,260.23521764285715,207.28620313333334
0.73,40,34,2,1,22,0.45,22,21,6192930.47,43.049124318034615,3.3976493114369943,2,4,1,133.70445953224188,2.3790089699093193,8,2,11,0.09523809523809523,0.38095238095238093,100.94985522070944,-74.37356302950884,260.23521764285715,207.28620313333334
0.73,40,34,2,1,22,0.6,22,21,6192930.47,43.049124318034615,3.3976493114369943,2,4,1,133.70445953224188,2.3790089699093193,8,2,11,0.09523809523809523,0.38095238095238093,100.94985522070944,-74.37356302950884,260.23521764285715,207.28620313333334
0.73,40,34,2,2,22,0.3,22,21,6192930.47,43.049124318034615,3.3976493114369943,2,4,1,133.70445953224188,2.3790089699093193,8,2,11,0.09523809523809523,0.38095238095238093,100.94985522070944,-74.37356302950884,260.23521764285715,207.28620313333334
0.73,40,34,2,2,22,0.45,22,21,6192930.47,43.049124318034615,3.3976493114369943,2,4,1,133.70445953224188,2.3790089699093193,8,2,11,0.09523809523809523,0.38095238095238093,100.94985522070944,-74.37356302950884,260.23521764285715,207.28620313333334
0.73,40,34,2,2,22,0.6,22,21,6192930.47,43.049124318034615,3.3976493114369943,2,4,1,133.70445953224188,2.3790089699093193,8,2,11,0.09523809523809523,0.38095238095238093,100.94985522070944,-74.37356302950884,260.23521764285715,207.28620313333334
0.73,40,40,2,0,22,0.6,22,21,6192930.47,43.049124318034615,3.3976493114369943,2,4,1,133.70445953224188,2.3790089699093193,8,2,11,0.09523809523809523,0.38095238095238093,100.94985522070944,-74.37356302950884,260.23521764285715,207.28620313333334
0.73,40,40,2,1,22,0.3,22,21,6192930.47,43.049124318034615,3.3976493114369943,2,4,1,133.70445953224188,2.3790089699093193,8,2,11,0.09523809523809523,0.38095238095238093,100.94985522070944,-74.37356302950884,260.23521764285715,207.28620313333334
0.73,40,40,2,1,22,0.45,22,21,6192930.47,43.049124318034615,3.3976493114369943,2,4,1,133.70445953224188,2.3790089699093193,8,2,11,0.09523809523809523,0.38095238095238093,100.94985522070944,-74.37356302950884,260.23521764285715,207.28620313333334
0.73,40,40,2,1,22,0.6,22,21,6192930.47,43.049124318034615,3.3976493114369943,2,4,1,133.70445953224188,2.3790089699093193,8,2,11,0.09523809523809523,0.38095238095238093,100.94985522070944,-74.37356302950884,260.23521764285715,207.28620313333334
0.73,40,40,2,2,22,0.3,22,21,6192930.47,43.049124318034615,3.3976493114369943,2,4,1,133.70445953224188,2.3790089699093193,8,2,11,0.09523809523809523,0.38095238095238093,100.94985522070944,-74.37356302950884,260.23521764285715,207.28620313333334
0.73,40,40,2,2,22,0.45,22,21,6192930.47,43.049124318034615,3.3976493114369943,2,4,1,133.70445953224188,2.3790089699093193,8,2,11,0.09523809523809523,0.38095238095238093,100.94985522070944,-74.37356302950884,260.23521764285715,207.28620313333334
0.73,40,40,2,2,22,0.6,22,21,6192930.47,43.049124318034615,3.3976493114369943,2,4,1,133.70445953224188,2.3790089699093193,8,2,11,0.09523809523809523,0.38095238095238093,100.94985522070944,-74.37356302950884,260.23521764285715,207.28620313333334
0.73,46,28,2,0,22,0.6,22,21,6192930.47,43.049124318034615,3.3976493114369943,2,4,1,133.70445953224188,2.3790089699093193,8,2,11,0.09523809523809523,0.38095238095238093,100.94985522070944,-74.37356302950884,260.23521764285715,207.28620313333334
0.73,46,28,2,1,22,0.3,22,21,6192930.47,43.049124318034615,3.3976493114369943,2,4,1,133.70445953224188,2.3790089699093193,8,2,11,0.09523809523809523,0.38095238095238093,100.94985522070944,-74.37356302950884,260.23521764285715,207.28620313333334
0.73,46,28,2,1,22,0.45,22,21,6192930.47,43.049124318034615,3.3976493114369943,2,4,1,133.70445953224188,2.3790089699093193,8,2,11,0.09523809523809523,0.38095238095238093,100.94985522070944,-74.37356302950884,260.23521764285715,207.28620313333334
0.73,46,28,2,1,22,0.6,22,21,6192930.47,43.049124318034615,3.3976493114369943,2,4,1,133.70445953224188,2.3790089699093193,8,2,11,0.09523809523809523,0.38095238095238093,100.94985522070944,-74.37356302950884,260.23521764285715,207.28620313333334
0.73,46,28,2,2,22,0.3,22,21,6192930.47,43.049124318034615,3.3976493114369943,2,4,1,133.70445953224188,2.3790089699093193,8,2,11,0.09523809523809523,0.38095238095238093,100.94985522070944,-74.37356302950884,260.23521764285715,207.28620313333334
0.73,46,28,2,2,22,0.45,22,21,6192930.47,43.049124318034615,3.3976493114369943,2,4,1,133.70445953224188,2.3790089699093193,8,2,11,0.09523809523809523,0.38095238095238093,100.94985522070944,-74.37356302950884,260.23521764285715,207.28620313333334
0.73,46,28,2,2,22,0.6,22,21,6192930.47,43.049124318034615,3.3976493114369943,2,4,1,133.70445953224188,2.3790089699093193,8,2,11,0.09523809523809523,0.38095238095238093,100.94985522070944,-74.37356302950884,260.23521764285715,207.28620313333334
0.73,46,34,2,0,22,0.6,22,21,6192930.47,43.049124318034615,3.3976493114369943,2,4,1,133.70445953224188,2.3790089699093193,8,2,11,0.09523809523809523,0.38095238095238093,100.94985522070944,-74.37356302950884,260.23521764285715,207.28620313333334
0.73,46,34,2,1,22,0.3,22,21,6192930.47,43.049124318034615,3.3976493114369943,2,4,1,133.70445953224188,2.3790089699093193,8,2,11,0.09523809523809523,0.38095238095238093,100.94985522070944,-74.37356302950884,260.23521764285715,207.28620313333334
0.73,46,34,2,1,22,0.45,22,21,6192930.47,43.049124318034615,3.3976493114369943,2,4,1,133.70445953224188,2.3790089699093193,8,2,11,0.09523809523809523,0.38095238095238093,100.94985522070944,-74.37356302950884,260.23521764285715,207.28620313333334
0.73,46,34,2,1,22,0.6,22,21,6192930.47,43.049124318034615,3.3976493114369943,2,4,1,133.70445953224188,2.3790089699093193,8,2,11,0.09523809523809523,0.38095238095238093,100.94985522070944,-74.37356302950884,260.23521764285715,207.28620313333334
0.73,46,34,2,2,22,0.3,22,21,6192930.47,43.049124318034615,3.3976493114369943,2,4,1,133.70445953224188,2.3790089699093193,8,2,11,0.09523809523809523,0.38095238095238093,100.94985522070944,-74.37356302950884,260.23521764285715,207.28620313333334
0.73,46,34,2,2,22,0.45,22,21,6192930.47,43.049124318034615,3.3976493114369943,2,4,1,133.70445953224188,2.3790089699093193,8,2,11,0.09523809523809523,0.38095238095238093,100.94985522070944,-74.37356302950884,260.23521764285715,207.28620313333334
0.73,46,34,2,2,22,0.6,22,21,6192930.47,43.049124318034615,3.3976493114369943,2,4,1,133.70445953224188,2.3790089699093193,8,2,11,0.09523809523809523,0.38095238095238093,100.94985522070944,-74.37356302950884,260.23521764285715,207.28620313333334
0.73,46,40,2,0,22,0.6,22,21,6192930.47,43.049124318034615,3.3976493114369943,2,4,1,133.70445953224188,2.3790089699093193,8,2,11,0.09523809523809523,0.38095238095238093,100.94985522070944,-74.37356302950884,260.23521764285715,207.28620313333334
0.73,46,40,2,1,22,0.3,22,21,6192930.47,43.049124318034615,3.3976493114369943,2,4,1,133.70445953224188,2.3790089699093193,8,2,11,0.09523809523809523,0.38095238095238093,100.94985522070944,-74.37356302950884,260.23521764285715,207.28620313333334
0.73,46,40,2,1,22,0.45,22,21,6192930.47,43.049124318034615,3.3976493114369943,2,4,1,133.70445953224188,2.3790089699093193,8,2,11,0.09523809523809523,0.38095238095238093,100.94985522070944,-74.37356302950884,260.23521764285715,207.28620313333334
0.73,46,40,2,1,22,0.6,22,21,6192930.47,43.049124318034615,3.3976493114369943,2,4,1,133.70445953224188,2.3790089699093193,8,2,11,0.09523809523809523,0.38095238095238093,100.94985522070944,-74.37356302950884,260.23521764285715,207.28620313333334
0.73,46,40,2,2,22,0.3,22,21,6192930.47,43.049124318034615,3.3976493114369943,2,4,1,133.70445953224188,2.3790089699093193,8,2,11,0.09523809523809523,0.38095238095238093,100.94985522070944,-74.37356302950884,260.23521764285715,207.28620313333334
0.73,46,40,2,2,22,0.45,22,21,6192930.47,43.049124318034615,3.3976493114369943,2,4,1,133.70445953224188,2.3790089699093193,8,2,11,0.09523809523809523,0.38095238095238093,100.94985522070944,-74.37356302950884,260.23521764285715,207.28620313333334
0.73,46,40,2,2,22,0.6,22,21,6192930.47,43.049124318034615,3.3976493114369943,2,4,1,133.70445953224188,2.3790089699093193,8,2,11,0.09523809523809523,0.38095238095238093,100.94985522070944,-74.37356302950884,260.23521764285715,207.28620313333334
0.58,28,34,2,0,22,0.3,26,25,6509501.47,49.17652416695763,3.3976493114369943,3,5,1,133.70445953224188,2.183040023002791,9,2,14,0.08,0.36,95.5879468873761,-67.84099502950885,291.49643907142854,204.3966764666667
0.58,28,40,2,0,22,0.3,26,25,6509501.47,49.17652416695763,3.3976493114369943,3,5,1,133.70445953224188,2.183040023002791,9,2,14,0.08,0.36,95.5879468873761,-67.84099502950885,291.49643907142854,204.3966764666667
0.58,34,34,2,0,22,0.3,26,25,6509501.47,49.17652416695763,3.3976493114369943,3,5,1,133.70445953224188,2.183040023002791,9,2,14,0.08,0.36,95.5879468873761,-67.84099502950885,291.49643907142854,204.3966764666667
0.58,34,40,2,0,22,0.3,26,25,6509501.47,49.17652416695763,3.3976493114369943,3,5,1,133.70445953224188,2.183040023002791,9,2,14,0.08,0.36,95.5879468873761,-67.84099502950885,291.49643907142854,204.3966764666667
0.58,40,34,2,0,22,0.3,26,25,6509501.47,49.17652416695763,3.3976493114369943,3,5,1,133.70445953224188,2.183040023002791,9,2,14,0.08,0.36,95.5879468873761,-67.84099502950885,291.49643907142854,204.3966764666667
0.58,40,40,2,0,22,0.3,26,25,6509501.47,49.17652416695763,3.3976493114369943,3,5,1,133.70445953224188,2.183040023002791,9,2,14,0.08,0.36,95.5879468873761,-67.84099502950885,291.49643907142854,204.3966764666667
0.58,46,34,2,0,22,0.3,26,25,6509501.47,49.17652416695763,3.3976493114369943,3,5,1,133.70445953224188,2.183040023002791,9,2,14,0.08,0.36,95.5879468873761,-67.84099502950885,291.49643907142854,204.3966764666667
0.58,46,40,2,0,22,0.3,26,25,6509501.47,49.17652416695763,3.3976493114369943,3,5,1,133.70445953224188,2.183040023002791,9,2,14,0.08,0.36,95.5879468873761,-67.84099502950885,291.49643907142854,204.3966764666667
0.73,40,28,3,0,22,0.45,23,28,6203960.47,62.3796216240205,3.534198313814565,11,1,1,177.80296203185807,2.2020070312979105,12,5,11,0.17857142857142858,0.42857142857142855,-111.62225473737442,-242.12964915433614,161.31400335714284,56.359736466666675
0.73,40,28,3,0,22,0.6,23,28,6203960.47,62.3796216240205,3.534198313814565,11,1,1,177.80296203185807,2.2020070312979105,12,5,11,0.17857142857142858,0.42857142857142855,-111.62225473737442,-242.12964915433614,161.31400335714284,56.359736466666675
0.73,40,28,3,1,22,0.3,23,28,6203960.47,62.3796216240205,3.534198313814565,11,1,1,177.80296203185807,2.2020070312979105,12,5,11,0.17857142857142858,0.42857142857142855,-111.62225473737442,-242.12964915433614,161.31400335714284,56.359736466666675
0.73,40,28,3,1,22,0.45,23,28,6203960.47,62.3796216240205,3.534198313814565,11,1,1,177.80296203185807,2.2020070312979105,12,5,11,0.17857142857142858,0.42857142857142855,-111.62225473737442,-242.12964915433614,161.31400335714284,56.359736466666675
0.73,40,28,3,1,22,0.6,23,28,6203960.47,62.3796216240205,3.534198313814565,11,1,1,177.80296203185807,2.2020070312979105,12,5,11,0.17857142857142858,0.42857142857142855,-111.62225473737442,-242.12964915433614,161.31400335714284,56.359736466666675
0.73,40,28,3,2,22,0.3,23,28,6203960.47,62.3796216240205,3.534198313814565,11,1,1,177.80296203185807,2.2020070312979105,12,5,11,0.17857142857142858,0.42857142857142855,-111.62225473737442,-242.12964915433614,161.31400335714284,56.359736466666675
0.73,40,28,3,2,22,0.45,23,28,6203960.47,62.3796216240205,3.534198313814565,11,1,1,177.80296203185807,2.2020070312979105,12,5,11,0.17857142857142858,0.42857142857142855,-111.62225473737442,-242.12964915433614,161.31400335714284,56.359736466666675
0.73,40,28,3,2,22,0.6,23,28,6203960.47,62.3796216240205,3.534198313814565,11,1,1,177.80296203185807,2.2020070312979105,12,5,11,0.17857142857142858,0.42857142857142855,-111.62225473737442,-242.12964915433614,161.31400335714284,56.359736466666675
0.73,40,34,3,0,22,0.45,23,28,6203960.47,62.3796216240205,3.534198313814565,11,1,1,177.80296203185807,2.2020070312979105,12,5,11,0.17857142857142858,0.42857142857142855,-111.62225473737442,-242.12964915433614,161.31400335714284,56.359736466666675
0.73,40,34,3,0,22,0.6,23,28,6203960.47,62.3796216240205,3.534198313814565,11,1,1,177.80296203185807,2.2020070312979105,12,5,11,0.17857142857142858,0.42857142857142855,-111.62225473737442,-242.12964915433614,161.31400335714284,56.359736466666675
0.73,40,34,3,1,22,0.3,23,28,6203960.47,62.3796216240205,3.534198313814565,11,1,1,177.80296203185807,2.2020070312979105,12,5,11,0.17857142857142858,0.42857142857142855,-111.62225473737442,-242.12964915433614,161.31400335714284,56.359736466666675
0.73,40,34,3,1,22,0.45,23,28,6203960.47,62.3796216240205,3.534198313814565,11,1,1,177.80296203185807,2.2020070312979105,12,5,11,0.17857142857142858,0.42857142857142855,-111.62225473737442,-242.12964915433614,161.31400335714284,56.359736466666675
0.73,40,34,3,1,22,0.6,23,28,6203960.47,62.3796216240205,3.534198313814565,11,1,1,177.80296203185807,2.2020070312979105,12,5,11,0.17857142857142858,0.42857142857142855,-111.62225473737442,-242.12964915433614,161.31400335714284,56.359736466666675
0.73,40,34,3,2,22,0.3,23,28,6203960.47,62.3796216240205,3.534198313814565,11,1,1,177.80296203185807,2.2020070312979105,12,5,11,0.17857142857142858,0.42857142857142855,-111.62225473737442,-242.12964915433614,161.31400335714284,56.359736466666675
0.73,40,34,3,2,22,0.45,23,28,6203960.47,62.3796216240205,3.534198313814565,11,1,1,177.80296203185807,2.2020070312979105,12,5,11,0.17857142857142858,0.42857142857142855,-111.62225473737442,-242.12964915433614,161.31400335714284,56.359736466666675
0.73,40,34,3,2,22,0.6,23,28,6203960.47,62.3796216240205,3.534198313814565,11,1,1,177.80296203185807,2.2020070312979105,12,5,11,0.17857142857142858,0.42857142857142855,-111.62225473737442,-242.12964915433614,161.31400335714284,56.359736466666675
0.73,40,40,3,0,22,0.45,23,28,6203960.47,62.3796216240205,3.534198313814565,11,1,1,177.80296203185807,2.2020070312979105,12,5,11,0.17857142857142858,0.42857142857142855,-111.62225473737442,-242.12964915433614,161.31400335714284,56.359736466666675
0.73,40,40,3,0,22,0.6,23,28,6203960.47,62.3796216240205,3.534198313814565,11,1,1,177.80296203185807,2.2020070312979105,12,5,11,0.17857142857142858,0.42857142857142855,-111.62225473737442,-242.12964915433614,161.31400335714284,56.359736466666675
0.73,40,40,3,1,22,0.3,23,28,6203960.47,62.3796216240205,3.534198313814565,11,1,1,177.80296203185807,2.2020070312979105,12,5,11,0.17857142857142858,0.42857142857142855,-111.62225473737442,-242.12964915433614,161.31400335714284,56.359736466666675
0.73,40,40,3,1,22,0.45,23,28,6203960.47,62.3796216240205,3.534198313814565,11,1,1,177.80296203185807,2.2020070312979105,12,5,11,0.17857142857142858,0.42857142857142855,-111.62225473737442,-242.12964915433614,161.31400335714284,56.359736466666675
0.73,40,40,3,1,22,0.6,23,28,6203960.47,62.3796216240205,3.534198313814565,11,1,1,177.80296203185807,2.2020070312979105,12,5,11,0.17857142857142858,0.42857142857142855,-111.62225473737442,-242.12964915433614,161.31400335714284,56.359736466666675
0.73,40,40,3,2,22,0.3,23,28,6203960.47,62.3796216240205,3.534198313814565,11,1,1,177.80296203185807,2.2020070312979105,12,5,11,0.17857142857142858,0.42857142857142855,-111.62225473737442,-242.12964915433614,161.31400335714284,56.359736466666675
0.73,40,40,3,2,22,0.45,23,28,6203960.47,62.3796216240205,3.534198313814565,11,1,1,177.80296203185807,2.2020070312979105,12,5,11,0.17857142857142858,0.42857142857142855,-111.62225473737442,-242.12964915433614,161.31400335714284,56.359736466666675
0.73,40,40,3,2,22,0.6,23,28,6203960.47,62.3796216240205,3.534198313814565,11,1,1,177.80296203185807,2.2020070312979105,12,5,11,0.17857142857142858,0.42857142857142855,-111.62225473737442,-242.12964915433614,161.31400335714284,56.359736466666675
0.73,46,28,3,0,22,0.45,23,28,6203960.47,62.3796216240205,3.534198313814565,11,1,1,177.80296203185807,2.2020070312979105,12,5,11,0.17857142857142858,0.42857142857142855,-111.62225473737442,-242.12964915433614,161.31400335714284,56.359736466666675
0.73,46,28,3,0,22,0.6,23,28,6203960.47,62.3796216240205,3.534198313814565,11,1,1,177.80296203185807,2.2020070312979105,12,5,11,0.17857142857142858,0.42857142857142855,-111.62225473737442,-242.12964915433614,161.31400335714284,56.359736466666675
0.73,46,28,3,1,22,0.3,23,28,6203960.47,62.3796216240205,3.534198313814565,11,1,1,177.80296203185807,2.2020070312979105,12,5,11,0.17857142857142858,0.42857142857142855,-111.62225473737442,-242.12964915433614,161.31400335714284,56.359736466666675
0.73,46,28,3,1,22,0.45,23,28,6203960.47,62.3796216240205,3.534198313814565,11,1,1,177.80296203185807,2.2020070312979105,12,5,11,0.17857142857142858,0.42857142857142855,-111.62225473737442,-242.12964915433614,161.31400335714284,56.359736466666675
0.73,46,28,3,1,22,0.6,23,28,6203960.47,62.3796216240205,3.534198313814565,11,1,1,177.80296203185807,2.2020070312979105,12,5,11,0.17857142857142858,0.42857142857142855,-111.62225473737442,-242.12964915433614,161.31400335714284,56.359736466666675
0.73,46,28,3,2,22,0.3,23,28,6203960.47,62.3796216240205,3.534198313814565,11,1,1,177.80296203185807,2.2020070312979105,12,5,11,0.17857142857142858,0.42857142857142855,-111.62225473737442,-242.12964915433614,161.31400335714284,56.359736466666675
0.73,46,28,3,2,22,0.45,23,28,6203960.47,62.3796216240205,3.534198313814565,11,1,1,177.80296203185807,2.2020070312979105,12,5,11,0.17857142857142858,0.42857142857142855,-111.62225473737442,-242.12964915433614,161.31400335714284,56.359736466666675
0.73,46,28,3,2,22,0.6,23,28,6203960.47,62.3796216240205,3.534198313814565,11,1,1,177.80296203185807,2.2020070312979105,12,5,11,0.17857142857142858,0.42857142857142855,-111.62225473737442,-242.12964915433614,161.31400335714284,56.359736466666675
0.73,46,34,3,0,22,0.45,23,28,6203960.47,62.3796216240205,3.534198313814565,11,1,1,177.80296203185807,2.2020070312979105,12,5,11,0.17857142857142858,0.42857142857142855,-111.62225473737442,-242.12964915433614,161.31400335714284,56.359736466666675
0.73,46,34,3,0,22,0.6,23,28,6203960.47,62.3796216240205,3.534198313814565,11,1,1,177.80296203185807,2.2020070312979105,12,5,11,0.17857142857142858,0.42857142857142855,-111.62225473737442,-242.12964915433614,161.31400335714284,56.359736466666675
0.73,46,34,3,1,22,0.3,23,28,6203960.47,62.3796216240205,3.534198313814565,11,1,1,177.80296203185807,2.2020070312979105,12,5,11,0.17857142857142858,0.42857142857142855,-111.62225473737442,-242.12964915433614,161.31400335714284,56.359736466666675
0.73,46,34,3,1,22,0.45,23,28,6203960.47,62.3796216240205,3.534198313814565,11,1,1,177.80296203185807,2.2020070312979105,12,5,11,0.17857142857142858,0.42857142857142855,-111.62225473737442,-242.12964915433614,161.31400335714284,56.359736466666675
0.73,46,34,3,1,22,0.6,23,28,6203960.47,62.3796216240205,3.534198313814565,11,1,1,177.80296203185807,2.2020070312979105,12,5,11,0.17857142857142858,0.42857142857142855,-111.62225473737442,-242.12964915433614,161.31400335714284,56.359736466666675
0.73,46,34,3,2,22,0.3,23,28,6203960.47,62.3796216240205,3.534198313814565,11,1,1,177.80296203185807,2.2020070312979105,12,5,11,0.17857142857142858,0.42857142857142855,-111.62225473737442,-242.12964915433614,161.31400335714284,56.359736466666675
0.73,46,34,3,2,22,0.45,23,28,6203960.47,62.3796216240205,3.534198313814565,11,1,1,177.80296203185807,2.2020070312979105,12,5,11,0.17857142857142858,0.42857142857142855,-111.62225473737442,-242.12964915433614,161.31400335714284,56.359736466666675
0.73,46,34,3,2,22,0.6,23,28,6203960.47,62.3796216240205,3.534198313814565,11,1,1,177.80296203185807,2.2020070312979105,12,5,11,0.17857142857142858,0.42857142857142855,-111.62225473737442,-242.12964915433614,161.31400335714284,56.359736466666675
0.73,46,40,3,0,22,0.45,23,28,6203960.47,62.3796216240205,3.534198313814565,11,1,1,177.80296203185807,2.2020070312979105,12,5,11,0.17857142857142858,0.42857142857142855,-111.62225473737442,-242.12964915433614,161.31400335714284,56.359736466666675
0.73,46,40,3,0,22,0.6,23,28,6203960.47,62.3796216240205,3.534198313814565,11,1,1,177.80296203185807,2.2020070312979105,12,5,11,0.17857142857142858,0.42857142857142855,-111.62225473737442,-242.12964915433614,161.31400335714284,56.359736466666675
0.73,46,40,3,1,22,0.3,23,28,6203960.47,62.3796216240205,3.534198313814565,11,1,1,177.80296203185807,2.2020070312979105,12,5,11,0.17857142857142858,0.42857142857142855,-111.62225473737442,-242.12964915433614,161.31400335714284,56.359736466666675
0.73,46,40,3,1,22,0.45,23,28,6203960.47,62.3796216240205,3.534198313814565,11,1,1,177.80296203185807,2.2020070312979105,12,5,11,0.17857142857142858,0.42857142857142855,-111.62225473737442,-242.12964915433614,161.31400335714284,56.359736466666675
0.73,46,40,3,1,22,0.6,23,28,6203960.47,62.3796216240205,3.534198313814565,11,1,1,177.80296203185807,2.2020070312979105,12,5,11,0.17857142857142858,0.42857142857142855,-111.62225473737442,-242.12964915433614,161.31400335714284,56.359736466666675
0.73,46,40,3,2,22,0.3,23,28,6203960.47,62.3796216240205,3.534198313814565,11,1,1,177.80296203185807,2.2020070312979105,12,5,11,0.17857142857142858,0.42857142857142855,-111.62225473737442,-242.12964915433614,161.31400335714284,56.359736466666675
0.73,46,40,3,2,22,0.45,23,28,6203960.47,62.3796216240205,3.534198313814565,11,1,1,177.80296203185807,2.2020070312979105,12,5,11,0.17857142857142858,0.42857142857142855,-111.62225473737442,-242.12964915433614,161.31400335714284,56.359736466666675
0.73,46,40,3,2,22,0.6,23,28,6203960.47,62.3796216240205,3.534198313814565,11,1,1,177.80296203185807,2.2020070312979105,12,5,11,0.17857142857142858,0.42857142857142855,-111.62225473737442,-242.12964915433614,161.31400335714284,56.359736466666675
0.58,28,28,3,0,14,0.3,20,23,5852096.31,47.98402758770145,3.3976493114369943,9,3,1,177.80296203185807,2.533182439257363,9,3,11,0.13043478260869565,0.391304347826087,-114.55445607070774,-244.94456243433612,140.80068792857145,6.0139753999999925
0.58,28,28,3,0,14,0.45,20,23,5852096.31,47.98402758770145,3.3976493114369943,9,3,1,177.80296203185807,2.533182439257363,9,3,11,0.13043478260869565,0.391304347826087,-114.55445607070774,-244.94456243433612,140.80068792857145,6.0139753999999925
0.58,28,28,3,0,14,0.6,20,23,5852096.31,47.98402758770145,3.3976493114369943,9,3,1,177.80296203185807,2.533182439257363,9,3,11,0.13043478260869565,0.391304347826087,-114.55445607070774,-244.94456243433612,140.80068792857145,6.0139753999999925
0.58,28,28,3,0,18,0.3,20,23,5852096.31,47.98402758770145,3.3976493114369943,9,3,1,177.80296203185807,2.533182439257363,9,3,11,0.13043478260869565,0.391304347826087,-114.55445607070774,-244.94456243433612,140.80068792857145,6.0139753999999925
0.58,28,28,3,0,18,0.45,20,23,5852096.31,47.98402758770145,3.3976493114369943,9,3,1,177.80296203185807,2.533182439257363,9,3,11,0.13043478260869565,0.391304347826087,-114.55445607070774,-244.94456243433612,140.80068792857145,6.0139753999999925
0.58,28,28,3,0,18,0.6,20,23,5852096.31,47.98402758770145,3.3976493114369943,9,3,1,177.80296203185807,2.533182439257363,9,3,11,0.13043478260869565,0.391304347826087,-114.55445607070774,-244.94456243433612,140.80068792857145,6.0139753999999925
0.58,28,28,3,0,22,0.3,20,23,5852096.31,47.98402758770145,3.3976493114369943,9,3,1,177.80296203185807,2.533182439257363,9,3,11,0.13043478260869565,0.391304347826087,-114.55445607070774,-244.94456243433612,140.80068792857145,6.0139753999999925
0.58,28,28,3,0,22,0.45,20,23,5852096.31,47.98402758770145,3.3976493114369943,9,3,1,177.80296203185807,2.533182439257363,9,3,11,0.13043478260869565,0.391304347826087,-114.55445607070774,-244.94456243433612,140.80068792857145,6.0139753999999925
0.58,28,28,3,0,22,0.6,20,23,5852096.31,47.98402758770145,3.3976493114369943,9,3,1,177.80296203185807,2.533182439257363,9,3,11,0.13043478260869565,0.391304347826087,-114.55445607070774,-244.94456243433612,140.80068792857145,6.0139753999999925
0.58,28,28,3,1,14,0.3,20,23,5852096.31,47.98402758770145,3.3976493114369943,9,3,1,177.80296203185807,2.533182439257363,9,3,11,0.13043478260869565,0.391304347826087,-114.55445607070774,-244.94456243433612,140.80068792857145,6.0139753999999925
0.58,28,28,3,1,14,0.45,20,23,5852096.31,47.98402758770145,3.3976493114369943,9,3,1,177.80296203185807,2.533182439257363,9,3,11,0.13043478260869565,0.391304347826087,-114.55445607070774,-244.94456243433612,140.80068792857145,6.0139753999999925
0.58,28,28,3,1,14,0.6,20,23,5852096.31,47.98402758770145,3.3976493114369943,9,3,1,177.80296203185807,2.533182439257363,9,3,11,0.13043478260869565,0.391304347826087,-114.55445607070774,-244.94456243433612,140.80068792857145,6.0139753999999925
0.58,28,28,3,1,18,0.3,20,23,5852096.31,47.98402758770145,3.3976493114369943,9,3,1,177.80296203185807,2.533182439257363,9,3,11,0.13043478260869565,0.391304347826087,-114.55445607070774,-244.94456243433612,140.80068792857145,6.0139753999999925
0.58,28,28,3,1,18,0.45,20,23,5852096.31,47.98402758770145,3.3976493114369943,9,3,1,177.80296203185807,2.533182439257363,9,3,11,0.13043478260869565,0.391304347826087,-114.55445607070774,-244.94456243433612,140.80068792857145,6.0139753999999925
0.58,28,28,3,1,18,0.6,20,23,5852096.31,47.98402758770145,3.3976493114369943,9,3,1,177.80296203185807,2.533182439257363,9,3,11,0.13043478260869565,0.391304347826087,-114.55445607070774,-244.94456243433612,140.80068792857145,6.0139753999999925
0.58,28,28,3,1,22,0.3,20,23,5852096.31,47.98402758770145,3.3976493114369943,9,3,1,177.80296203185807,2.533182439257363,9,3,11,0.13043478260869565,0.391304347826087,-114.55445607070774,-244.94456243433612,140.80068792857145,6.0139753999999925
0.58,28,28,3,1,22,0.45,20,23,5852096.31,47.98402758770145,3.3976493114369943,9,3,1,177.80296203185807,2.533182439257363,9,3,11,0.13043478260869565,0.391304347826087,-114.55445607070774,-244.94456243433612,140.80068792857145,6.0139753999999925
0.58,28,28,3,1,22,0.6,20,23,5852096.31,47.98402758770145,3.3976493114369943,9,3,1,177.80296203185807,2.533182439257363,9,3,11,0.13043478260869565,0.391304347826087,-114.55445607070774,-244.94456243433612,140.80068792857145,6.0139753999999925
0.58,28,28,3,2,14,0.3,20,23,5852096.31,47.98402758770145,3.3976493114369943,9,3,1,177.80296203185807,2.533182439257363,9,3,11,0.13043478260869565,0.391304347826087,-114.55445607070774,-244.94456243433612,140.80068792857145,6.0139753999999925
0.58,28,28,3,2,14,0.45,20,23,5852096.31,47.98402758770145,3.3976493114369943,9,3,1,177.80296203185807,2.533182439257363,9,3,11,0.13043478260869565,0.391304347826087,-114.55445607070774,-244.94456243433612,140.80068792857145,6.0139753999999925
0.58,28,28,3,2,14,0.6,20,23,5852096.31,47.98402758770145,3.3976493114369943,9,3,1,177.80296203185807,2.533182439257363,9,3,11,0.13043478260869565,0.391304347826087,-114.55445607070774,-244.94456243433612,140.80068792857145,6.0139753999999925
0.58,28,28,3,2,18,0.3,20,23,5852096.31,47.98402758770145,3.3976493114369943,9,3,1,177.80296203185807,2.533182439257363,9,3,11,0.13043478260869565,0.391304347826087,-114.55445607070774,-244.94456243433612,140.80068792857145,6.0139753999999925
0.58,28,28,3,2,18,0.45,20,23,5852096.31,47.98402758770145,3.3976493114369943,9,3,1,177.80296203185807,2.533182439257363,9,3,11,0.13043478260869565,0.391304347826087,-114.55445607070774,-244.94456243433612,140.80068792857145,6.0139753999999925
0.58,28,28,3,2,18,0.6,20,23,5852096.31,47.98402758770145,3.3976493114369943,9,3,1,177.80296203185807,2.533182439257363,9,3,11,0.13043478260869565,0.391304347826087,-114.55445607070774,-244.94456243433612,140.80068792857145,6.0139753999999925
0.58,28,28,3,2,22,0.3,20,23,5852096.31,47.98402758770145,3.3976493114369943,9,3,1,177.80296203185807,2.533182439257363,9,3,11,0.13043478260869565,0.391304347826087,-114.55445607070774,-244.94456243433612,140.80068792857145,6.0139753999999925
0.58,28,28,3,2,22,0.45,20,23,5852096.31,47.98402758770145,3.3976493114369943,9,3,1,177.80296203185807,2.533182439257363,9,3,11,0.13043478260869565,0.391304347826087,-114.55445607070774,-244.94456243433612,140.80068792857145,6.0139753999999925
0.58,28,28,3,2,22,0.6,20,23,5852096.31,47.98402758770145,3.3976493114369943,9,3,1,177.80296203185807,2.533182439257363,9,3,11,0.13043478260869565,0.391304347826087,-114.55445607070774,-244.94456243433612,140.80068792857145,6.0139753999999925
0.58,28,34,3,0,14,0.3,20,23,5852096.31,47.98402758770145,3.3976493114369943,9,3,1,177.80296203185807,2.533182439257363,9,3,11,0.13043478260869565,0.391304347826087,-114.55445607070774,-244.94456243433612,140.80068792857145,6.0139753999999925
0.58,28,34,3,0,14,0.45,20,23,5852096.31,47.98402758770145,3.3976493114369943,9,3,1,177.80296203185807,2.533182439257363,9,3,11,0.13043478260869565,0.391304347826087,-114.55445607070774,-244.94456243433612,140.80068792857145,6.0139753999999925
0.58,28,34,3,0,14,0.6,20,23,5852096.31,47.98402758770145,3.3976493114369943,9,3,1,177.80296203185807,2.533182439257363,9,3,11,0.13043478260869565,0.391304347826087,-114.55445607070774,-244.94456243433612,140.80068792857145,6.0139753999999925
0.58,28,34,3,0,18,0.3,20,23,5852096.31,47.98402758770145,3.3976493114369943,9,3,1,177.80296203185807,2.533182439257363,9,3,11,0.13043478260869565,0.391304347826087,-114.55445607070774,-244.94456243433612,140.80068792857145,6.0139753999999925
0.58,28,34,3,0,18,0.45,20,23,5852096.31,47.98402758770145,3.3976493114369943,9,3,1,177.80296203185807,2.533182439257363,9,3,11,0.13043478260869565,0.391304347826087,-114.55445607070774,-244.94456243433612,140.80068792857145,6.0139753999999925
0.58,28,34,3,0,18,0.6,20,23,5852096.31,47.98402758770145,3.3976493114369943,9,3,1,177.80296203185807,2.533182439257363,9,3,11,0.13043478260869565,0.391304347826087,-114.55445607070774,-244.94456243433612,140.80068792857145,6.0139753999999925
0.58,28,34,3,0,22,0.3,20,23,5852096.31,47.98402758770145,3.3976493114369943,9,3,1,177.80296203185807,2.533182439257363,9,3,11,0.13043478260869565,0.391304347826087,-114.55445607070774,-244.94456243433612,140.80068792857145,6.0139753999999925
0.58,28,34,3,0,22,0.45,20,23,5852096.31,47.98402758770145,3.3976493114369943,9,3,1,177.80296203185807,2.533182439257363,9,3,11,0.13043478260869565,0.391304347826087,-114.55445607070774,-244.94456243433612,140.80068792857145,6.0139753999999925
0.58,28,34,3,0,22,0.6,20,23,5852096.31,47.98402758770145,3.3976493114369943,9,3,1,177.80296203185807,2.533182439257363,9,3,11,0.13043478260869565,0.391304347826087,-114.55445607070774,-244.94456243433612,140.80068792857145,6.0139753999999925
0.58,28,34,3,1,14,0.3,20,23,5852096.31,47.98402758770145,3.3976493114369943,9,3,1,177.80296203185807,2.533182439257363,9,3,11,0.13043478260869565,0.391304347826087,-114.55445607070774,-244.94456243433612,140.80068792857145,6.0139753999999925
0.58,28,34,3,1,14,0.45,20,23,5852096.31,47.98402758770145,3.3976493114369943,9,3,1,177.80296203185807,2.533182439257363,9,3,11,0.13043478260869565,0.391304347826087,-114.55445607070774,-244.94456243433612,140.80068792857145,6.0139753999999925
0.58,28,34,3,1,14,0.6,20,23,5852096.31,47.98402758770145,3.3976493114369943,9,3,1,177.80296203185807,2.533182439257363,9,3,11,0.13043478260869565,0.391304347826087,-114.55445607070774,-244.94456243433612,140.80068792857145,6.0139753999999925
0.58,28,34,3,1,18,0.3,20,23,5852096.31,47.98402758770145,3.3976493114369943,9,3,1,177.80296203185807,2.533182439257363,9,3,11,0.13043478260869565,0.391304347826087,-114.55445607070774,-244.94456243433612,140.80068792857145,6.0139753999999925
0.58,28,34,3,1,18,0.45,20,23,5852096.31,47.98402758770145,3.3976493114369943,9,3,1,177.80296203185807,2.533182439257363,9,3,11,0.13043478260869565,0.391304347826087,-114.55445607070774,-244.94456243433612,140.80068792857145,6.0139753999999925
0.58,28,34,3,1,18,0.6,20,23,5852096.31,47.98402758770145,3.3976493114369943,9,3,1,177.80296203185807,2.533182439257363,9,3,11,0.13043478260869565,0.391304347826087,-114.55445607070774,-244.94456243433612,140.80068792857145,6.0139753999999925
0.58,28,34,3,1,22,0.3,20,23,5852096.31,47.98402758770145,3.3976493114369943,9,3,1,177.80296203185807,2.533182439257363,9,3,11,0.13043478260869565,0.391304347826087,-114.55445607070774,-244.94456243433612,140.80068792857145,6.0139753999999925
0.58,28,34,3,1,22,0.45,20,23,5852096.31,47.98402758770145,3.3976493114369943,9,3,1,177.80296203185807,2.533182439257363,9,3,11,0.13043478260869565,0.391304347826087,-114.55445607070774,-244.94456243433612,140.80068792857145,6.0139753999999925
0.58,28,34,3,1,22,0.6,20,23,5852096.31,47.98402758770145,3.3976493114369943,9,3,1,177.80296203185807,2.533182439257363,9,3,11,0.13043478260869565,0.391304347826087,-114.55445607070774,-244.94456243433612,140.80068792857145,6.0139753999999925
0.58,28,34,3,2,14,0.3,20,23,5852096.31,47.98402758770145,3.3976493114369943,9,3,1,177.80296203185807,2.533182439257363,9,3,11,0.13043478260869565,0.391304347826087,-114.55445607070774,-244.94456243433612,140.80068792857145,6.0139753999999925
0.58,28,34,3,2,14,0.45,20,23,5852096.31,47.98402758770145,3.3976493114369943,9,3,1,177.80296203185807,2.533182439257363,9,3,11,0.13043478260869565,0.391304347826087,-114.55445607070774,-244.94456243433612,140.80068792857145,6.0139753999999925
0.58,28,34,3,2,14,0.6,20,23,5852096.31,47.98402758770145,3.3976493114369943,9,3,1,177.80296203185807,2.533182439257363,9,3,11,0.13043478260869565,0.391304347826087,-114.55445607070774,-244.94456243433612,140.80068792857145,6.0139753999999925
0.58,28,34,3,2,18,0.3,20,23,5852096.31,47.98402758770145,3.3976493114369943,9,3,1,177.80296203185807,2.533182439257363,9,3,11,0.13043478260869565,0.391304347826087,-114.55445607070774,-244.94456243433612,140.80068792857145,6.0139753999999925
0.58,28,34,3,2,18,0.45,20,23,5852096.31,47.98402758770145,3.3976493114369943,9,3,1,177.80296203185807,2.533182439257363,9,3,11,0.13043478260869565,0.391304347826087,-114.55445607070774,-244.94456243433612,140.80068792857145,6.0139753999999925
0.58,28,34,3,2,18,0.6,20,23,5852096.31,47.98402758770145,3.3976493114369943,9,3,1,177.80296203185807,2.533182439257363,9,3,11,0.13043478260869565,0.391304347826087,-114.55445607070774,-244.94456243433612,140.80068792857145,6.0139753999999925
0.58,28,34,3,2,22,0.3,20,23,5852096.31,47.98402758770145,3.3976493114369943,9,3,1,177.80296203185807,2.533182439257363,9,3,11,0.13043478260869565,0.391304347826087,-114.55445607070774,-244.94456243433612,140.80068792857145,6.0139753999999925
0.58,28,34,3,2,22,0.45,20,23,5852096.31,47.98402758770145,3.3976493114369943,9,3,1,177.80296203185807,2.533182439257363,9,3,11,0.13043478260869565,0.391304347826087,-114.55445607070774,-244.94456243433612,140.80068792857145,6.0139753999999925
0.58,28,34,3,2,22,0.6,20,23,5852096.31,47.98402758770145,3.3976493114369943,9,3,1,177.80296203185807,2.533182439257363,9,3,11,0.13043478260869565,0.391304347826087,-114.55445607070774,-244.94456243433612,140.80068792857145,6.0139753999999925
0.58,28,40,3,0,14,0.3,20,23,5852096.31,47.98402758770145,3.3976493114369943,9,3,1,177.80296203185807,2.533182439257363,9,3,11,0.13043478260869565,0.391304347826087,-114.55445607070774,-244.94456243433612,140.80068792857145,6.0139753999999925
0.58,28,40,3,0,14,0.45,20,23,5852096.31,47.98402758770145,3.3976493114369943,9,3,1,177.80296203185807,2.533182439257363,9,3,11,0.13043478260869565,0.391304347826087,-114.55445607070774,-244.94456243433612,140.80068792857145,6.0139753999999925
0.58,28,40,3,0,14,0.6,20,23,5852096.31,47.98402758770145,3.3976493114369943,9,3,1,177.80296203185807,2.533182439257363,9,3,11,0.13043478260869565,0.391304347826087,-114.55445607070774,-244.94456243433612,140.80068792857145,6.0139753999999925
0.58,28,40,3,0,18,0.3,20,23,5852096.31,47.98402758770145,3.3976493114369943,9,3,1,177.80296203185807,2.533182439257363,9,3,11,0.13043478260869565,0.391304347826087,-114.55445607070774,-244.94456243433612,140.80068792857145,6.0139753999999925
0.58,28,40,3,0,18,0.45,20,23,5852096.31,47.98402758770145,3.3976493114369943,9,3,1,177.80296203185807,2.533182439257363,9,3,11,0.13043478260869565,0.391304347826087,-114.55445607070774,-244.94456243433612,140.80068792857145,6.0139753999999925
0.58,28,40,3,0,18,0.6,20,23,5852096.31,47.98402758770145,3.3976493114369943,9,3,1,177.80296203185807,2.533182439257363,9,3,11,0.13043478260869565,0.391304347826087,-114.55445607070774,-244.94456243433612,140.80068792857145,6.0139753999999925
0.58,28,40,3,0,22,0.3,20,23,5852096.31,47.98402758770145,3.3976493114369943,9,3,1,177.80296203185807,2.533182439257363,9,3,11,0.13043478260869565,0.391304347826087,-114.55445607070774,-244.94456243433612,140.80068792857145,6.0139753999999925
0.58,28,40,3,0,22,0.45,20,23,5852096.31,47.98402758770145,3.3976493114369943,9,3,1,177.80296203185807,2.533182439257363,9,3,11,0.13043478260869565,0.391304347826087,-114.55445607070774,-244.94456243433612,140.80068792857145,6.0139753999999925
0.58,28,40,3,0,22,0.6,20,23,5852096.31,47.98402758770145,3.3976493114369943,9,3,1,177.80296203185807,2.533182439257363,9,3,11,0.13043478260869565,0.391304347826087,-114.55445607070774,-244.94456243433612,140.80068792857145,6.0139753999999925
0.58,28,40,3,1,14,0.3,20,23,5852096.31,47.98402758770145,3.3976493114369943,9,3,1,177.80296203185807,2.533182439257363,9,3,11,0.13043478260869565,0.391304347826087,-114.55445607070774,-244.94456243433612,140.80068792857145,6.0139753999999925
0.58,28,40,3,1,14,0.45,20,23,5852096.31,47.98402758770145,3.3976493114369943,9,3,1,177.80296203185807,2.533182439257363,9,3,11,0.13043478260869565,0.391304347826087,-114.55445607070774,-244.94456243433612,140.80068792857145,6.0139753999999925
0.58,28,40,3,1,14,0.6,20,23,5852096.31,47.98402758770145,3.3976493114369943,9,3,1,177.80296203185807,2.533182439257363,9,3,11,0.13043478260869565,0.391304347826087,-114.55445607070774,-244.94456243433612,140.80068792857145,6.0139753999999925
0.58,28,40,3,1,18,0.3,20,23,5852096.31,47.98402758770145,3.3976493114369943,9,3,1,177.80296203185807,2.533182439257363,9,3,11,0.13043478260869565,0.391304347826087,-114.55445607070774,-244.94456243433612,140.80068792857145,6.0139753999999925
0.58,28,40,3,1,18,0.45,20,23,5852096.31,47.98402758770145,3.3976493114369943,9,3,1,177.80296203185807,2.533182439257363,9,3,11,0.13043478260869565,0.391304347826087,-114.55445607070774,-244.94456243433612,140.80068792857145,6.0139753999999925
0.58,28,40,3,1,18,0.6,20,23,5852096.31,47.98402758770145,3.3976493114369943,9,3,1,177.80296203185807,2.533182439257363,9,3,11,0.13043478260869565,0.391304347826087,-114.55445607070774,-244.94456243433612,140.80068792857145,6.0139753999999925
0.58,28,40,3,1,22,0.3,20,23,5852096.31,47.98402758770145,3.3976493114369943,9,3,1,177.80296203185807,2.533182439257363,9,3,11,0.13043478260869565,0.391304347826087,-114.55445607070774,-244.94456243433612,140.80068792857145,6.0139753999999925
0.58,28,40,3,1,22,0.45,20,23,5852096.31,47.98402758770145,3.3976493114369943,9,3,1,177.80296203185807,2.533182439257363,9,3,11,0.13043478260869565,0.391304347826087,-114.55445607070774,-244.94456243433612,140.80068792857145,6.0139753999999925
0.58,28,40,3,1,22,0.6,20,23,5852096.31,47.98402758770145,3.3976493114369943,9,3,1,177.80296203185807,2.533182439257363,9,3,11,0.13043478260869565,0.391304347826087,-114.55445607070774,-244.94456243433612,140.80068792857145,6.0139753999999925
0.58,28,40,3,2,14,0.3,20,23,5852096.31,47.98402758770145,3.3976493114369943,9,3,1,177.80296203185807,2.533182439257363,9,3,11,0.13043478260869565,0.391304347826087,-114.55445607070774,-244.94456243433612,140.80068792857145,6.0139753999999925
0.58,28,40,3,2,14,0.45,20,23,5852096.31,47.98402758770145,3.3976493114369943,9,3,1,177.80296203185807,2.533182439257363,9,3,11,0.13043478260869565,0.391304347826087,-114.55445607070774,-244.94456243433612,140.80068792857145,6.0139753999999925
0.58,28,40,3,2,14,0.6,20,23,5852096.31,47.98402758770145,3.3976493114369943,9,3,1,177.80296203185807,2.533182439257363,9,3,11,0.13043478260869565,0.391304347826087,-114.55445607070774,-244.94456243433612,140.80068792857145,6.0139753999999925
0.58,28,40,3,2,18,0.3,20,23,5852096.31,47.98402758770145,3.3976493114369943,9,3,1,177.80296203185807,2.533182439257363,9,3,11,0.13043478260869565,0.391304347826087,-114.55445607070774,-244.94456243433612,140.80068792857145,6.0139753999999925
0.58,28,40,3,2,18,0.45,20,23,5852096.31,47.98402758770145,3.3976493114369943,9,3,1,177.80296203185807,2.533182439257363,9,3,11,0.13043478260869565,0.391304347826087,-114.55445607070774,-244.94456243433612,140.80068792857145,6.0139753999999925
0.58,28,40,3,2,18,0.6,20,23,5852096.31,47.98402758770145,3.3976493114369943,9,3,1,177.80296203185807,2.533182439257363,9,3,11,0.13043478260869565,0.391304347826087,-114.55445607070774,-244.94456243433612,140.80068792857145,6.0139753999999925
0.58,28,40,3,2,22,0.3,20,23,5852096.31,47.98402758770145,3.3976493114369943,9,3,1,177.80296203185807,2.533182439257363,9,3,11,0.13043478260869565,0.391304347826087,-114.55445607070774,-244.94456243433612,140.80068792857145,6.0139753999999925
0.58,28,40,3,2,22,0.45,20,23,5852096.31,47.98402758770145,3.3976493114369943,9,3,1,177.80296203185807,2.533182439257363,9,3,11,0.13043478260869565,0.391304347826087,-114.55445607070774,-244.94456243433612,140.80068792857145,6.0139753999999925
0.58,28,40,3,2,22,0.6,20,23,5852096.31,47.98402758770145,3.3976493114369943,9,3,1,177.80296203185807,2.533182439257363,9,3,11,0.13043478260869565,0.391304347826087,-114.55445607070774,-244.94456243433612,140.80068792857145,6.0139753999999925
0.63,28,28,3,0,14,0.3,20,23,5852096.31,47.98402758770145,3.3976493114369943,9,3,1,177.80296203185807,2.533182439257363,9,3,11,0.13043478260869565,0.391304347826087,-114.55445607070774,-244.94456243433612,140.80068792857145,6.0139753999999925
0.63,28,28,3,0,14,0.45,20,23,5852096.31,47.98402758770145,3.3976493114369943,9,3,1,177.80296203185807,2.533182439257363,9,3,11,0.13043478260869565,0.391304347826087,-114.55445607070774,-244.94456243433612,140.80068792857145,6.0139753999999925
0.63,28,28,3,0,14,0.6,20,23,5852096.31,47.98402758770145,3.3976493114369943,9,3,1,177.80296203185807,2.533182439257363,9,3,11,0.13043478260869565,0.391304347826087,-114.55445607070774,-244.94456243433612,140.80068792857145,6.0139753999999925
0.63,28,28,3,0,18,0.3,20,23,5852096.31,47.98402758770145,3.3976493114369943,9,3,1,177.80296203185807,2.533182439257363,9,3,11,0.13043478260869565,0.391304347826087,-114.55445607070774,-244.94456243433612,140.80068792857145,6.0139753999999925
0.63,28,28,3,0,18,0.45,20,23,5852096.31,47.98402758770145,3.3976493114369943,9,3,1,177.80296203185807,2.533182439257363,9,3,11,0.13043478260869565,0.391304347826087,-114.55445607070774,-244.94456243433612,140.80068792857145,6.0139753999999925
0.63,28,28,3,0,18,0.6,20,23,5852096.31,47.98402758770145,3.3976493114369943,9,3,1,177.80296203185807,2.533182439257363,9,3,11,0.13043478260869565,0.391304347826087,-114.55445607070774,-244.94456243433612,140.80068792857145,6.0139753999999925
0.63,28,28,3,0,22,0.3,20,23,5852096.31,47.98402758770145,3.3976493114369943,9,3,1,177.80296203185807,2.533182439257363,9,3,11,0.13043478260869565,0.391304347826087,-114.55445607070774,-244.94456243433612,140.80068792857145,6.0139753999999925
0.63,28,28,3,0,22,0.45,20,23,5852096.31,47.98402758770145,3.3976493114369943,9,3,1,177.80296203185807,2.533182439257363,9,3,11,0.13043478260869565,0.391304347826087,-114.55445607070774,-244.94456243433612,140.80068792857145,6.0139753999999925
0.63,28,28,3,0,22,0.6,20,23,5852096.31,47.98402758770145,3.3976493114369943,9,3,1,177.80296203185807,2.533182439257363,9,3,11,0.13043478260869565,0.391304347826087,-114.55445607070774,-244.94456243433612,140.80068792857145,6.0139753999999925
0.63,28,28,3,1,14,0.3,20,23,5852096.31,47.98402758770145,3.3976493114369943,9,3,1,177.80296203185807,2.533182439257363,9,3,11,0.13043478260869565,0.391304347826087,-114.55445607070774,-244.94456243433612,140.80068792857145,6.0139753999999925
0.63,28,28,3,1,14,0.45,20,23,5852096.31,47.98402758770145,3.3976493114369943,9,3,1,177.80296203185807,2.533182439257363,9,3,11,0.13043478260869565,0.391304347826087,-114.55445607070774,-244.94456243433612,140.80068792857145,6.0139753999999925
0.63,28,28,3,1,14,0.6,20,23,5852096.31,47.98402758770145,3.3976493114369943,9,3,1,177.80296203185807,2.533182439257363,9,3,11,0.13043478260869565,0.391304347826087,-114.55445607070774,-244.94456243433612,140.80068792857145,6.0139753999999925
0.63,28,28,3,1,18,0.3,20,23,5852096.31,47.98402758770145,3.3976493114369943,9,3,1,177.80296203185807,2.533182439257363,9,3,11,0.13043478260869565,0.391304347826087,-114.55445607070774,-244.94456243433612,140.80068792857145,6.0139753999999925
0.63,28,28,3,1,18,0.45,20,23,5852096.31,47.98402758770145,3.3976493114369943,9,3,1,177.80296203185807,2.533182439257363,9,3,11,0.13043478260869565,0.391304347826087,-114.55445607070774,-244.94456243433612,140.80068792857145,6.0139753999999925
0.63,28,28,3,1,18,0.6,20,23,5852096.31,47.98402758770145,3.3976493114369943,9,3,1,177.80296203185807,2.533182439257363,9,3,11,0.13043478260869565,0.391304347826087,-114.55445607070774,-244.94456243433612,140.80068792857145,6.0139753999999925
0.63,28,28,3,1,22,0.3,20,23,5852096.31,47.98402758770145,3.3976493114369943,9,3,1,177.80296203185807,2.533182439257363,9,3,11,0.13043478260869565,0.391304347826087,-114.55445607070774,-244.94456243433612,140.80068792857145,6.0139753999999925
0.63,28,28,3,1,22,0.45,20,23,5852096.31,47.98402758770145,3.3976493114369943,9,3,1,177.80296203185807,2.533182439257363,9,3,11,0.13043478260869565,0.391304347826087,-114.55445607070774,-244.94456243433612,140.80068792857145,6.0139753999999925
0.63,28,28,3,1,22,0.6,20,23,5852096.31,47.98402758770145,3.3976493114369943,9,3,1,177.80296203185807,2.533182439257363,9,3,11,0.13043478260869565,0.391304347826087,-114.55445607070774,-244.94456243433612,140.80068792857145,6.0139753999999925
0.63,28,28,3,2,14,0.3,20,23,5852096.31,47.98402758770145,3.3976493114369943,9,3,1,177.80296203185807,2.533182439257363,9,3,11,0.13043478260869565,0.391304347826087,-114.55445607070774,-244.94456243433612,140.80068792857145,6.0139753999999925
0.63,28,28,3,2,14,0.45,20,23,5852096.31,47.98402758770145,3.3976493114369943,9,3,1,177.80296203185807,2.533182439257363,9,3,11,0.13043478260869565,0.391304347826087,-114.55445607070774,-244.94456243433612,140.80068792857145,6.0139753999999925
0.63,28,28,3,2,14,0.6,20,23,5852096.31,47.98402758770145,3.3976493114369943,9,3,1,177.80296203185807,2.533182439257363,9,3,11,0.13043478260869565,0.391304347826087,-114.55445607070774,-244.94456243433612,140.80068792857145,6.0139753999999925
0.63,28,28,3,2,18,0.3,20,23,5852096.31,47.98402758770145,3.3976493114369943,9,3,1,177.80296203185807,2.533182439257363,9,3,11,0.13043478260869565,0.391304347826087,-114.55445607070774,-244.94456243433612,140.80068792857145,6.0139753999999925
0.63,28,28,3,2,18,0.45,20,23,5852096.31,47.98402758770145,3.3976493114369943,9,3,1,177.80296203185807,2.533182439257363,9,3,11,0.13043478260869565,0.391304347826087,-114.55445607070774,-244.94456243433612,140.80068792857145,6.0139753999999925
0.63,28,28,3,2,18,0.6,20,23,5852096.31,47.98402758770145,3.3976493114369943,9,3,1,177.80296203185807,2.533182439257363,9,3,11,0.13043478260869565,0.391304347826087,-114.55445607070774,-244.94456243433612,140.80068792857145,6.0139753999999925
0.63,28,28,3,2,22,0.3,20,23,5852096.31,47.98402758770145,3.3976493114369943,9,3,1,177.80296203185807,2.533182439257363,9,3,11,0.13043478260869565,0.391304347826087,-114.55445607070774,-244.94456243433612,140.80068792857145,6.0139753999999925
0.63,28,28,3,2,22,0.45,20,23,5852096.31,47.98402758770145,3.3976493114369943,9,3,1,177.80296203185807,2.533182439257363,9,3,11,0.13043478260869565,0.391304347826087,-114.55445607070774,-244.94456243433612,140.80068792857145,6.0139753999999925
0.63,28,28,3,2,22,0.6,20,23,5852096.31,47.98402758770145,3.3976493114369943,9,3,1,177.80296203185807,2.533182439257363,9,3,11,0.13043478260869565,0.391304347826087,-114.55445607070774,-244.94456243433612,140.80068792857145,6.0139753999999925
0.63,28,34,3,0,14,0.3,20,23,5852096.31,47.98402758770145,3.3976493114369943,9,3,1,177.80296203185807,2.533182439257363,9,3,11,0.13043478260869565,0.391304347826087,-114.55445607070774,-244.94456243433612,140.80068792857145,6.0139753999999925
0.63,28,34,3,0,14,0.45,20,23,5852096.31,47.98402758770145,3.3976493114369943,9,3,1,177.80296203185807,2.533182439257363,9,3,11,0.13043478260869565,0.391304347826087,-114.55445607070774,-244.94456243433612,140.80068792857145,6.0139753999999925
0.63,28,34,3,0,14,0.6,20,23,5852096.31,47.98402758770145,3.3976493114369943,9,3,1,177.80296203185807,2.533182439257363,9,3,11,0.13043478260869565,0.391304347826087,-114.55445607070774,-244.94456243433612,140.80068792857145,6.0139753999999925
0.63,28,34,3,0,18,0.3,20,23,5852096.31,47.98402758770145,3.3976493114369943,9,3,1,177.80296203185807,2.533182439257363,9,3,11,0.13043478260869565,0.391304347826087,-114.55445607070774,-244.94456243433612,140.80068792857145,6.0139753999999925
0.63,28,34,3,0,18,0.45,20,23,5852096.31,47.98402758770145,3.3976493114369943,9,3,1,177.80296203185807,2.533182439257363,9,3,11,0.13043478260869565,0.391304347826087,-114.55445607070774,-244.94456243433612,140.80068792857145,6.0139753999999925
0.63,28,34,3,0,18,0.6,20,23,5852096.31,47.98402758770145,3.3976493114369943,9,3,1,177.80296203185807,2.533182439257363,9,3,11,0.13043478260869565,0.391304347826087,-114.55445607070774,-244.94456243433612,140.80068792857145,6.0139753999999925
0.63,28,34,3,0,22,0.3,20,23,5852096.31,47.98402758770145,3.3976493114369943,9,3,1,177.80296203185807,2.533182439257363,9,3,11,0.13043478260869565,0.391304347826087,-114.55445607070774,-244.94456243433612,140.80068792857145,6.0139753999999925
0.63,28,34,3,0,22,0.45,20,23,5852096.31,47.98402758770145,3.3976493114369943,9,3,1,177.80296203185807,2.533182439257363,9,3,11,0.13043478260869565,0.391304347826087,-114.55445607070774,-244.94456243433612,140.80068792857145,6.0139753999999925
0.63,28,34,3,0,22,0.6,20,23,5852096.31,47.98402758770145,3.3976493114369943,9,3,1,177.80296203185807,2.533182439257363,9,3,11,0.13043478260869565,0.391304347826087,-114.55445607070774,-244.94456243433612,140.80068792857145,6.0139753999999925
0.63,28,34,3,1,14,0.3,20,23,5852096.31,47.98402758770145,3.3976493114369943,9,3,1,177.80296203185807,2.533182439257363,9,3,11,0.13043478260869565,0.391304347826087,-114.55445607070774,-244.94456243433612,140.80068792857145,6.0139753999999925
0.63,28,34,3,1,14,0.45,20,23,5852096.31,47.98402758770145,3.3976493114369943,9,3,1,177.80296203185807,2.533182439257363,9,3,11,0.13043478260869565,0.391304347826087,-114.55445607070774,-244.94456243433612,140.80068792857145,6.0139753999999925
0.63,28,34,3,1,14,0.6,20,23,5852096.31,47.98402758770145,3.3976493114369943,9,3,1,177.80296203185807,2.533182439257363,9,3,11,0.13043478260869565,0.391304347826087,-114.55445607070774,-244.94456243433612,140.80068792857145,6.0139753999999925
0.63,28,34,3,1,18,0.3,20,23,5852096.31,47.98402758770145,3.3976493114369943,9,3,1,177.80296203185807,2.533182439257363,9,3,11,0.13043478260869565,0.391304347826087,-114.55445607070774,-244.94456243433612,140.80068792857145,6.0139753999999925
0.63,28,34,3,1,18,0.45,20,23,5852096.31,47.98402758770145,3.3976493114369943,9,3,1,177.80296203185807,2.533182439257363,9,3,11,0.13043478260869565,0.391304347826087,-114.55445607070774,-244.94456243433612,140.80068792857145,6.0139753999999925
0.63,28,34,3,1,18,0.6,20,23,5852096.31,47.98402758770145,3.3976493114369943,9,3,1,177.80296203185807,2.533182439257363,9,3,11,0.13043478260869565,0.391304347826087,-114.55445607070774,-244.94456243433612,140.80068792857145,6.0139753999999925
0.63,28,34,3,1,22,0.3,20,23,5852096.31,47.98402758770145,3.3976493114369943,9,3,1,177.80296203185807,2.533182439257363,9,3,11,0.13043478260869565,0.391304347826087,-114.55445607070774,-244.94456243433612,140.80068792857145,6.0139753999999925
0.63,28,34,3,1,22,0.45,20,23,5852096.31,47.98402758770145,3.3976493114369943,9,3,1,177.80296203185807,2.533182439257363,9,3,11,0.13043478260869565,0.391304347826087,-114.55445607070774,-244.94456243433612,140.80068792857145,6.0139753999999925
0.63,28,34,3,1,22,0.6,20,23,5852096.31,47.98402758770145,3.3976493114369943,9,3,1,177.80296203185807,2.533182439257363,9,3,11,0.13043478260869565,0.391304347826087,-114.55445607070774,-244.94456243433612,140.80068792857145,6.0139753999999925
0.63,28,34,3,2,14,0.3,20,23,5852096.31,47.98402758770145,3.3976493114369943,9,3,1,177.80296203185807,2.533182439257363,9,3,11,0.13043478260869565,0.391304347826087,-114.55445607070774,-244.94456243433612,140.80068792857145,6.0139753999999925
0.63,28,34,3,2,14,0.45,20,23,5852096.31,47.98402758770145,3.3976493114369943,9,3,1,177.80296203185807,2.533182439257363,9,3,11,0.13043478260869565,0.391304347826087,-114.55445607070774,-244.94456243433612,140.80068792857145,6.0139753999999925
0.63,28,34,3,2,14,0.6,20,23,5852096.31,47.98402758770145,3.3976493114369943,9,3,1,177.80296203185807,2.533182439257363,9,3,11,0.13043478260869565,0.391304347826087,-114.55445607070774,-244.94456243433612,140.80068792857145,6.0139753999999925
0.63,28,34,3,2,18,0.3,20,23,5852096.31,47.98402758770145,3.3976493114369943,9,3,1,177.80296203185807,2.533182439257363,9,3,11,0.13043478260869565,0.391304347826087,-114.55445607070774,-244.94456243433612,140.80068792857145,6.0139753999999925
0.63,28,34,3,2,18,0.45,20,23,5852096.31,47.98402758770145,3.3976493114369943,9,3,1,177.80296203185807,2.533182439257363,9,3,11,0.13043478260869565,0.391304347826087,-114.55445607070774,-244.94456243433612,140.80068792857145,6.0139753999999925
0.63,28,34,3,2,18,0.6,20,23,5852096.31,47.98402758770145,3.3976493114369943,9,3,1,177.80296203185807,2.533182439257363,9,3,11,0.13043478260869565,0.391304347826087,-114.55445607070774,-244.94456243433612,140.80068792857145,6.0139753999999925
0.63,28,34,3,2,22,0.3,20,23,5852096.31,47.98402758770145,3.3976493114369943,9,3,1,177.80296203185807,2.533182439257363,9,3,11,0.13043478260869565,0.391304347826087,-114.55445607070774,-244.94456243433612,140.80068792857145,6.0139753999999925
0.63,28,34,3,2,22,0.45,20,23,5852096.31,47.98402758770145,3.3976493114369943,9,3,1,177.80296203185807,2.533182439257363,9,3,11,0.13043478260869565,0.391304347826087,-114.55445607070774,-244.94456243433612,140.80068792857145,6.0139753999999925
0.63,28,34,3,2,22,0.6,20,23,5852096.31,47.98402758770145,3.3976493114369943,9,3,1,177.80296203185807,2.533182439257363,9,3,11,0.13043478260869565,0.391304347826087,-114.55445607070774,-244.94456243433612,140.80068792857145,6.0139753999999925
0.63,28,40,3,0,14,0.3,20,23,5852096.31,47.98402758770145,3.3976493114369943,9,3,1,177.80296203185807,2.533182439257363,9,3,11,0.13043478260869565,0.391304347826087,-114.55445607070774,-244.94456243433612,140.80068792857145,6.0139753999999925
0.63,28,40,3,0,14,0.45,20,23,5852096.31,47.98402758770145,3.3976493114369943,9,3,1,177.80296203185807,2.533182439257363,9,3,11,0.13043478260869565,0.391304347826087,-114.55445607070774,-244.94456243433612,140.80068792857145,6.0139753999999925
0.63,28,40,3,0,14,0.6,20,23,5852096.31,47.98402758770145,3.3976493114369943,9,3,1,177.80296203185807,2.533182439257363,9,3,11,0.13043478260869565,0.391304347826087,-114.55445607070774,-244.94456243433612,140.80068792857145,6.0139753999999925
0.63,28,40,3,0,18,0.3,20,23,5852096.31,47.98402758770145,3.3976493114369943,9,3,1,177.80296203185807,2.533182439257363,9,3,11,0.13043478260869565,0.391304347826087,-114.55445607070774,-244.94456243433612,140.80068792857145,6.0139753999999925
0.63,28,40,3,0,18,0.45,20,23,5852096.31,47.98402758770145,3.3976493114369943,9,3,1,177.80296203185807,2.533182439257363,9,3,11,0.13043478260869565,0.391304347826087,-114.55445607070774,-244.94456243433612,140.80068792857145,6.0139753999999925
0.63,28,40,3,0,18,0.6,20,23,5852096.31,47.98402758770145,3.3976493114369943,9,3,1,177.80296203185807,2.533182439257363,9,3,11,0.13043478260869565,0.391304347826087,-114.55445607070774,-244.94456243433612,140.80068792857145,6.0139753999999925
0.63,28,40,3,0,22,0.3,20,23,5852096.31,47.98402758770145,3.3976493114369943,9,3,1,177.80296203185807,2.533182439257363,9,3,11,0.13043478260869565,0.391304347826087,-114.55445607070774,-244.94456243433612,140.80068792857145,6.0139753999999925
0.63,28,40,3,0,22,0.45,20,23,5852096.31,47.98402758770145,3.3976493114369943,9,3,1,177.80296203185807,2.533182439257363,9,3,11,0.13043478260869565,0.391304347826087,-114.55445607070774,-244.94456243433612,140.80068792857145,6.0139753999999925
0.63,28,40,3,0,22,0.6,20,23,5852096.31,47.98402758770145,3.3976493114369943,9,3,1,177.80296203185807,2.533182439257363,9,3,11,0.13043478260869565,0.391304347826087,-114.55445607070774,-244.94456243433612,140.80068792857145,6.0139753999999925
0.63,28,40,3,1,14,0.3,20,23,5852096.31,47.98402758770145,3.3976493114369943,9,3,1,177.80296203185807,2.533182439257363,9,3,11,0.13043478260869565,0.391304347826087,-114.55445607070774,-244.94456243433612,140.80068792857145,6.0139753999999925
0.63,28,40,3,1,14,0.45,20,23,5852096.31,47.98402758770145,3.3976493114369943,9,3,1,177.80296203185807,2.533182439257363,9,3,11,0.13043478260869565,0.391304347826087,-114.55445607070774,-244.94456243433612,140.80068792857145,6.0139753999999925
0.63,28,40,3,1,14,0.6,20,23,5852096.31,47.98402758770145,3.3976493114369943,9,3,1,177.80296203185807,2.533182439257363,9,3,11,0.13043478260869565,0.391304347826087,-114.55445607070774,-244.94456243433612,140.80068792857145,6.0139753999999925
0.63,28,40,3,1,18,0.3,20,23,5852096.31,47.98402758770145,3.3976493114369943,9,3,1,177.80296203185807,2.533182439257363,9,3,11,0.13043478260869565,0.391304347826087,-114.55445607070774,-244.94456243433612,140.80068792857145,6.0139753999999925
0.63,28,40,3,1,18,0.45,20,23,5852096.31,47.98402758770145,3.3976493114369943,9,3,1,177.80296203185807,2.533182439257363,9,3,11,0.13043478260869565,0.391304347826087,-114.55445607070774,-244.94456243433612,140.80068792857145,6.0139753999999925
0.63,28,40,3,1,18,0.6,20,23,5852096.31,47.98402758770145,3.3976493114369943,9,3,1,177.80296203185807,2.533182439257363,9,3,11,0.13043478260869565,0.391304347826087,-114.55445607070774,-244.94456243433612,140.80068792857145,6.0139753999999925
0.63,28,40,3,1,22,0.3,20,23,5852096.31,47.98402758770145,3.3976493114369943,9,3,1,177.80296203185807,2.533182439257363,9,3,11,0.13043478260869565,0.391304347826087,-114.55445607070774,-244.94456243433612,140.80068792857145,6.0139753999999925
0.63,28,40,3,1,22,0.45,20,23,5852096.31,47.98402758770145,3.3976493114369943,9,3,1,177.80296203185807,2.533182439257363,9,3,11,0.13043478260869565,0.391304347826087,-114.55445607070774,-244.94456243433612,140.80068792857145,6.0139753999999925
0.63,28,40,3,1,22,0.6,20,23,5852096.31,47.98402758770145,3.3976493114369943,9,3,1,177.80296203185807,2.533182439257363,9,3,11,0.13043478260869565,0.391304347826087,-114.55445607070774,-244.94456243433612,140.80068792857145,6.0139753999999925
0.63,28,40,3,2,14,0.3,20,23,5852096.31,47.98402758770145,3.3976493114369943,9,3,1,177.80296203185807,2.533182439257363,9,3,11,0.13043478260869565,0.391304347826087,-114.55445607070774,-244.94456243433612,140.80068792857145,6.0139753999999925
0.63,28,40,3,2,14,0.45,20,23,5852096.31,47.98402758770145,3.3976493114369943,9,3,1,177.80296203185807,2.533182439257363,9,3,11,0.13043478260869565,0.391304347826087,-114.55445607070774,-244.94456243433612,140.80068792857145,6.0139753999999925
0.63,28,40,3,2,14,0.6,20,23,5852096.31,47.98402758770145,3.3976493114369943,9,3,1,177.80296203185807,2.533182439257363,9,3,11,0.13043478260869565,0.391304347826087,-114.55445607070774,-244.94456243433612,140.80068792857145,6.0139753999999925
0.63,28,40,3,2,18,0.3,20,23,5852096.31,47.98402758770145,3.3976493114369943,9,3,1,177.80296203185807,2.533182439257363,9,3,11,0.13043478260869565,0.391304347826087,-114.55445607070774,-244.94456243433612,140.80068792857145,6.0139753999999925
0.63,28,40,3,2,18,0.45,20,23,5852096.31,47.98402758770145,3.3976493114369943,9,3,1,177.80296203185807,2.533182439257363,9,3,11,0.13043478260869565,0.391304347826087,-114.55445607070774,-244.94456243433612,140.80068792857145,6.0139753999999925
0.63,28,40,3,2,18,0.6,20,23,5852096.31,47.98402758770145,3.3976493114369943,9,3,1,177.80296203185807,2.533182439257363,9,3,11,0.13043478260869565,0.391304347826087,-114.55445607070774,-244.94456243433612,140.80068792857145,6.0139753999999925
0.63,28,40,3,2,22,0.3,20,23,5852096.31,47.98402758770145,3.3976493114369943,9,3,1,177.80296203185807,2.533182439257363,9,3,11,0.13043478260869565,0.391304347826087,-114.55445607070774,-244.94456243433612,140.80068792857145,6.0139753999999925
0.63,28,40,3,2,22,0.45,20,23,5852096.31,47.98402758770145,3.3976493114369943,9,3,1,177.80296203185807,2.533182439257363,9,3,11,0.13043478260869565,0.391304347826087,-114.55445607070774,-244.94456243433612,140.80068792857145,6.0139753999999925
0.63,28,40,3,2,22,0.6,20,23,5852096.31,47.98402758770145,3.3976493114369943,9,3,1,177.80296203185807,2.533182439257363,9,3,11,0.13043478260869565,0.391304347826087,-114.55445607070774,-244.94456243433612,140.80068792857145,6.0139753999999925
0.68,28,28,3,0,14,0.3,20,23,5852096.31,47.98402758770145,3.3976493114369943,9,3,1,177.80296203185807,2.533182439257363,9,3,11,0.13043478260869565,0.391304347826087,-114.55445607070774,-244.94456243433612,140.80068792857145,6.0139753999999925
0.68,28,28,3,0,14,0.45,20,23,5852096.31,47.98402758770145,3.3976493114369943,9,3,1,177.80296203185807,2.533182439257363,9,3,11,0.13043478260869565,0.391304347826087,-114.55445607070774,-244.94456243433612,140.80068792857145,6.0139753999999925
0.68,28,28,3,0,14,0.6,20,23,5852096.31,47.98402758770145,3.3976493114369943,9,3,1,177.80296203185807,2.533182439257363,9,3,11,0.13043478260869565,0.391304347826087,-114.55445607070774,-244.94456243433612,140.80068792857145,6.0139753999999925
0.68,28,28,3,0,18,0.3,20,23,5852096.31,47.98402758770145,3.3976493114369943,9,3,1,177.80296203185807,2.533182439257363,9,3,11,0.13043478260869565,0.391304347826087,-114.55445607070774,-244.94456243433612,140.80068792857145,6.0139753999999925
0.68,28,28,3,0,18,0.45,20,23,5852096.31,47.98402758770145,3.3976493114369943,9,3,1,177.80296203185807,2.533182439257363,9,3,11,0.13043478260869565,0.391304347826087,-114.55445607070774,-244.94456243433612,140.80068792857145,6.0139753999999925
0.68,28,28,3,0,18,0.6,20,23,5852096.31,47.98402758770145,3.3976493114369943,9,3,1,177.80296203185807,2.533182439257363,9,3,11,0.13043478260869565,0.391304347826087,-114.55445607070774,-244.94456243433612,140.80068792857145,6.0139753999999925
0.68,28,28,3,0,22,0.3,20,23,5852096.31,47.98402758770145,3.3976493114369943,9,3,1,177.80296203185807,2.533182439257363,9,3,11,0.13043478260869565,0.391304347826087,-114.55445607070774,-244.94456243433612,140.80068792857145,6.0139753999999925
0.68,28,28,3,0,22,0.45,20,23,5852096.31,47.98402758770145,3.3976493114369943,9,3,1,177.80296203185807,2.533182439257363,9,3,11,0.13043478260869565,0.391304347826087,-114.55445607070774,-244.94456243433612,140.80068792857145,6.0139753999999925
0.68,28,28,3,0,22,0.6,20,23,5852096.31,47.98402758770145,3.3976493114369943,9,3,1,177.80296203185807,2.533182439257363,9,3,11,0.13043478260869565,0.391304347826087,-114.55445607070774,-244.94456243433612,140.80068792857145,6.0139753999999925
0.68,28,28,3,1,14,0.3,20,23,5852096.31,47.98402758770145,3.3976493114369943,9,3,1,177.80296203185807,2.533182439257363,9,3,11,0.13043478260869565,0.391304347826087,-114.55445607070774,-244.94456243433612,140.80068792857145,6.0139753999999925
0.68,28,28,3,1,14,0.45,20,23,5852096.31,47.98402758770145,3.3976493114369943,9,3,1,177.80296203185807,2.533182439257363,9,3,11,0.13043478260869565,0.391304347826087,-114.55445607070774,-244.94456243433612,140.80068792857145,6.0139753999999925
0.68,28,28,3,1,14,0.6,20,23,5852096.31,47.98402758770145,3.3976493114369943,9,3,1,177.80296203185807,2.533182439257363,9,3,11,0.13043478260869565,0.391304347826087,-114.55445607070774,-244.94456243433612,140.80068792857145,6.0139753999999925
0.68,28,28,3,1,18,0.3,20,23,5852096.31,47.98402758770145,3.3976493114369943,9,3,1,177.80296203185807,2.533182439257363,9,3,11,0.13043478260869565,0.391304347826087,-114.55445607070774,-244.94456243433612,140.80068792857145,6.0139753999999925
0.68,28,28,3,1,18,0.45,20,23,5852096.31,47.98402758770145,3.3976493114369943,9,3,1,177.80296203185807,2.533182439257363,9,3,11,0.13043478260869565,0.391304347826087,-114.55445607070774,-244.94456243433612,140.80068792857145,6.0139753999999925
0.68,28,28,3,1,18,0.6,20,23,5852096.31,47.98402758770145,3.3976493114369943,9,3,1,177.80296203185807,2.533182439257363,9,3,11,0.13043478260869565,0.391304347826087,-114.55445607070774,-244.94456243433612,140.80068792857145,6.0139753999999925
0.68,28,28,3,1,22,0.3,20,23,5852096.31,47.98402758770145,3.3976493114369943,9,3,1,177.80296203185807,2.533182439257363,9,3,11,0.13043478260869565,0.391304347826087,-114.55445607070774,-244.94456243433612,140.80068792857145,6.0139753999999925
0.68,28,28,3,1,22,0.45,20,23,5852096.31,47.98402758770145,3.3976493114369943,9,3,1,177.80296203185807,2.533182439257363,9,3,11,0.13043478260869565,0.391304347826087,-114.55445607070774,-244.94456243433612,140.80068792857145,6.0139753999999925
0.68,28,28,3,1,22,0.6,20,23,5852096.31,47.98402758770145,3.3976493114369943,9,3,1,177.80296203185807,2.533182439257363,9,3,11,0.13043478260869565,0.391304347826087,-114.55445607070774,-244.94456243433612,140.80068792857145,6.0139753999999925
0.68,28,28,3,2,14,0.3,20,23,5852096.31,47.98402758770145,3.3976493114369943,9,3,1,177.80296203185807,2.533182439257363,9,3,11,0.13043478260869565,0.391304347826087,-114.55445607070774,-244.94456243433612,140.80068792857145,6.0139753999999925
0.68,28,28,3,2,14,0.45,20,23,5852096.31,47.98402758770145,3.3976493114369943,9,3,1,177.80296203185807,2.533182439257363,9,3,11,0.13043478260869565,0.391304347826087,-114.55445607070774,-244.94456243433612,140.80068792857145,6.0139753999999925
0.68,28,28,3,2,14,0.6,20,23,5852096.31,47.98402758770145,3.3976493114369943,9,3,1,177.80296203185807,2.533182439257363,9,3,11,0.13043478260869565,0.391304347826087,-114.55445607070774,-244.94456243433612,140.80068792857145,6.0139753999999925
0.68,28,28,3,2,18,0.3,20,23,5852096.31,47.98402758770145,3.3976493114369943,9,3,1,177.80296203185807,2.533182439257363,9,3,11,0.13043478260869565,0.391304347826087,-114.55445607070774,-244.94456243433612,140.80068792857145,6.0139753999999925
0.68,28,28,3,2,18,0.45,20,23,5852096.31,47.98402758770145,3.3976493114369943,9,3,1,177.80296203185807,2.533182439257363,9,3,11,0.13043478260869565,0.391304347826087,-114.55445607070774,-244.94456243433612,140.80068792857145,6.0139753999999925
0.68,28,28,3,2,18,0.6,20,23,5852096.31,47.98402758770145,3.3976493114369943,9,3,1,177.80296203185807,2.533182439257363,9,3,11,0.13043478260869565,0.391304347826087,-114.55445607070774,-244.94456243433612,140.80068792857145,6.0139753999999925
0.68,28,28,3,2,22,0.3,20,23,5852096.31,47.98402758770145,3.3976493114369943,9,3,1,177.80296203185807,2.533182439257363,9,3,11,0.13043478260869565,0.391304347826087,-114.55445607070774,-244.94456243433612,140.80068792857145,6.0139753999999925
0.68,28,28,3,2,22,0.45,20,23,5852096.31,47.98402758770145,3.3976493114369943,9,3,1,177.80296203185807,2.533182439257363,9,3,11,0.13043478260869565,0.391304347826087,-114.55445607070774,-244.94456243433612,140.80068792857145,6.0139753999999925
0.68,28,28,3,2,22,0.6,20,23,5852096.31,47.98402758770145,3.3976493114369943,9,3,1,177.80296203185807,2.533182439257363,9,3,11,0.13043478260869565,0.391304347826087,-114.55445607070774,-244.94456243433612,140.80068792857145,6.0139753999999925
0.68,28,34,3,0,14,0.3,20,23,5852096.31,47.98402758770145,3.3976493114369943,9,3,1,177.80296203185807,2.533182439257363,9,3,11,0.13043478260869565,0.391304347826087,-114.55445607070774,-244.94456243433612,140.80068792857145,6.0139753999999925
0.68,28,34,3,0,14,0.45,20,23,5852096.31,47.98402758770145,3.3976493114369943,9,3,1,177.80296203185807,2.533182439257363,9,3,11,0.13043478260869565,0.391304347826087,-114.55445607070774,-244.94456243433612,140.80068792857145,6.0139753999999925
0.68,28,34,3,0,14,0.6,20,23,5852096.31,47.98402758770145,3.3976493114369943,9,3,1,177.80296203185807,2.533182439257363,9,3,11,0.13043478260869565,0.391304347826087,-114.55445607070774,-244.94456243433612,140.80068792857145,6.0139753999999925
0.68,28,34,3,0,18,0.3,20,23,5852096.31,47.98402758770145,3.3976493114369943,9,3,1,177.80296203185807,2.533182439257363,9,3,11,0.13043478260869565,0.391304347826087,-114.55445607070774,-244.94456243433612,140.80068792857145,6.0139753999999925
0.68,28,34,3,0,18,0.45,20,23,5852096.31,47.98402758770145,3.3976493114369943,9,3,1,177.80296203185807,2.533182439257363,9,3,11,0.13043478260869565,0.391304347826087,-114.55445607070774,-244.94456243433612,140.80068792857145,6.0139753999999925
0.68,28,34,3,0,18,0.6,20,23,5852096.31,47.98402758770145,3.3976493114369943,9,3,1,177.80296203185807,2.533182439257363,9,3,11,0.13043478260869565,0.391304347826087,-114.55445607070774,-244.94456243433612,140.80068792857145,6.0139753999999925
0.68,28,34,3,0,22,0.3,20,23,5852096.31,47.98402758770145,3.3976493114369943,9,3,1,177.80296203185807,2.533182439257363,9,3,11,0.13043478260869565,0.391304347826087,-114.55445607070774,-244.94456243433612,140.80068792857145,6.0139753999999925
0.68,28,34,3,0,22,0.45,20,23,5852096.31,47.98402758770145,3.3976493114369943,9,3,1,177.80296203185807,2.533182439257363,9,3,11,0.13043478260869565,0.391304347826087,-114.55445607070774,-244.94456243433612,140.80068792857145,6.0139753999999925
0.68,28,34,3,0,22,0.6,20,23,5852096.31,47.98402758770145,3.3976493114369943,9,3,1,177.80296203185807,2.533182439257363,9,3,11,0.13043478260869565,0.391304347826087,-114.55445607070774,-244.94456243433612,140.80068792857145,6.0139753999999925
0.68,28,34,3,1,14,0.3,20,23,5852096.31,47.98402758770145,3.3976493114369943,9,3,1,177.80296203185807,2.533182439257363,9,3,11,0.13043478260869565,0.391304347826087,-114.55445607070774,-244.94456243433612,140.80068792857145,6.0139753999999925
0.68,28,34,3,1,14,0.45,20,23,5852096.31,47.98402758770145,3.3976493114369943,9,3,1,177.80296203185807,2.533182439257363,9,3,11,0.13043478260869565,0.391304347826087,-114.55445607070774,-244.94456243433612,140.80068792857145,6.0139753999999925
0.68,28,34,3,1,14,0.6,20,23,5852096.31,47.98402758770145,3.3976493114369943,9,3,1,177.80296203185807,2.533182439257363,9,3,11,0.13043478260869565,0.391304347826087,-114.55445607070774,-244.94456243433612,140.80068792857145,6.0139753999999925
0.68,28,34,3,1,18,0.3,20,23,5852096.31,47.98402758770145,3.3976493114369943,9,3,1,177.80296203185807,2.533182439257363,9,3,11,0.13043478260869565,0.391304347826087,-114.55445607070774,-244.94456243433612,140.80068792857145,6.0139753999999925
0.68,28,34,3,1,18,0.45,20,23,5852096.31,47.98402758770145,3.3976493114369943,9,3,1,177.80296203185807,2.533182439257363,9,3,11,0.13043478260869565,0.391304347826087,-114.55445607070774,-244.94456243433612,140.80068792857145,6.0139753999999925
0.68,28,34,3,1,18,0.6,20,23,5852096.31,47.98402758770145,3.3976493114369943,9,3,1,177.80296203185807,2.533182439257363,9,3,11,0.13043478260869565,0.391304347826087,-114.55445607070774,-244.94456243433612,140.80068792857145,6.0139753999999925
0.68,28,34,3,1,22,0.3,20,23,5852096.31,47.98402758770145,3.3976493114369943,9,3,1,177.80296203185807,2.533182439257363,9,3,11,0.13043478260869565,0.391304347826087,-114.55445607070774,-244.94456243433612,140.80068792857145,6.0139753999999925
0.68,28,34,3,1,22,0.45,20,23,5852096.31,47.98402758770145,3.3976493114369943,9,3,1,177.80296203185807,2.533182439257363,9,3,11,0.13043478260869565,0.391304347826087,-114.55445607070774,-244.94456243433612,140.80068792857145,6.0139753999999925
0.68,28,34,3,1,22,0.6,20,23,5852096.31,47.98402758770145,3.3976493114369943,9,3,1,177.80296203185807,2.533182439257363,9,3,11,0.13043478260869565,0.391304347826087,-114.55445607070774,-244.94456243433612,140.80068792857145,6.0139753999999925
0.68,28,34,3,2,14,0.3,20,23,5852096.31,47.98402758770145,3.3976493114369943,9,3,1,177.80296203185807,2.533182439257363,9,3,11,0.13043478260869565,0.391304347826087,-114.55445607070774,-244.94456243433612,140.80068792857145,6.0139753999999925
0.68,28,34,3,2,14,0.45,20,23,5852096.31,47.98402758770145,3.3976493114369943,9,3,1,177.80296203185807,2.533182439257363,9,3,11,0.13043478260869565,0.391304347826087,-114.55445607070774,-244.94456243433612,140.80068792857145,6.0139753999999925
0.68,28,34,3,2,14,0.6,20,23,5852096.31,47.98402758770145,3.3976493114369943,9,3,1,177.80296203185807,2.533182439257363,9,3,11,0.13043478260869565,0.391304347826087,-114.55445607070774,-244.94456243433612,140.80068792857145,6.0139753999999925
0.68,28,34,3,2,18,0.3,20,23,5852096.31,47.98402758770145,3.3976493114369943,9,3,1,177.80296203185807,2.533182439257363,9,3,11,0.13043478260869565,0.391304347826087,-114.55445607070774,-244.94456243433612,140.80068792857145,6.0139753999999925
0.68,28,34,3,2,18,0.45,20,23,5852096.31,47.98402758770145,3.3976493114369943,9,3,1,177.80296203185807,2.533182439257363,9,3,11,0.13043478260869565,0.391304347826087,-114.55445607070774,-244.94456243433612,140.80068792857145,6.0139753999999925
0.68,28,34,3,2,18,0.6,20,23,5852096.31,47.98402758770145,3.3976493114369943,9,3,1,177.80296203185807,2.533182439257363,9,3,11,0.13043478260869565,0.391304347826087,-114.55445607070774,-244.94456243433612,140.80068792857145,6.0139753999999925
0.68,28,34,3,2,22,0.3,20,23,5852096.31,47.98402758770145,3.3976493114369943,9,3,1,177.80296203185807,2.533182439257363,9,3,11,0.13043478260869565,0.391304347826087,-114.55445607070774,-244.94456243433612,140.80068792857145,6.0139753999999925
0.68,28,34,3,2,22,0.45,20,23,5852096.31,47.98402758770145,3.3976493114369943,9,3,1,177.80296203185807,2.533182439257363,9,3,11,0.13043478260869565,0.391304347826087,-114.55445607070774,-244.94456243433612,140.80068792857145,6.0139753999999925
0.68,28,34,3,2,22,0.6,20,23,5852096.31,47.98402758770145,3.3976493114369943,9,3,1,177.80296203185807,2.533182439257363,9,3,11,0.13043478260869565,0.391304347826087,-114.55445607070774,-244.94456243433612,140.80068792857145,6.0139753999999925
0.68,28,40,3,0,14,0.3,20,23,5852096.31,47.98402758770145,3.3976493114369943,9,3,1,177.80296203185807,2.533182439257363,9,3,11,0.13043478260869565,0.391304347826087,-114.55445607070774,-244.94456243433612,140.80068792857145,6.0139753999999925
0.68,28,40,3,0,14,0.45,20,23,5852096.31,47.98402758770145,3.3976493114369943,9,3,1,177.80296203185807,2.533182439257363,9,3,11,0.13043478260869565,0.391304347826087,-114.55445607070774,-244.94456243433612,140.80068792857145,6.0139753999999925
0.68,28,40,3,0,14,0.6,20,23,5852096.31,47.98402758770145,3.3976493114369943,9,3,1,177.80296203185807,2.533182439257363,9,3,11,0.13043478260869565,0.391304347826087,-114.55445607070774,-244.94456243433612,140.80068792857145,6.0139753999999925
0.68,28,40,3,0,18,0.3,20,23,5852096.31,47.98402758770145,3.3976493114369943,9,3,1,177.80296203185807,2.533182439257363,9,3,11,0.13043478260869565,0.391304347826087,-114.55445607070774,-244.94456243433612,140.80068792857145,6.0139753999999925
0.68,28,40,3,0,18,0.45,20,23,5852096.31,47.98402758770145,3.3976493114369943,9,3,1,177.80296203185807,2.533182439257363,9,3,11,0.13043478260869565,0.391304347826087,-114.55445607070774,-244.94456243433612,140.80068792857145,6.0139753999999925
0.68,28,40,3,0,18,0.6,20,23,5852096.31,47.98402758770145,3.3976493114369943,9,3,1,177.80296203185807,2.533182439257363,9,3,11,0.13043478260869565,0.391304347826087,-114.55445607070774,-244.94456243433612,140.80068792857145,6.0139753999999925
0.68,28,40,3,0,22,0.3,20,23,5852096.31,47.98402758770145,3.3976493114369943,9,3,1,177.80296203185807,2.533182439257363,9,3,11,0.13043478260869565,0.391304347826087,-114.55445607070774,-244.94456243433612,140.80068792857145,6.0139753999999925
0.68,28,40,3,0,22,0.45,20,23,5852096.31,47.98402758770145,3.3976493114369943,9,3,1,177.80296203185807,2.533182439257363,9,3,11,0.13043478260869565,0.391304347826087,-114.55445607070774,-244.94456243433612,140.80068792857145,6.0139753999999925
0.68,28,40,3,0,22,0.6,20,23,5852096.31,47.98402758770145,3.3976493114369943,9,3,1,177.80296203185807,2.533182439257363,9,3,11,0.13043478260869565,0.391304347826087,-114.55445607070774,-244.94456243433612,140.80068792857145,6.0139753999999925
0.68,28,40,3,1,14,0.3,20,23,5852096.31,47.98402758770145,3.3976493114369943,9,3,1,177.80296203185807,2.533182439257363,9,3,11,0.13043478260869565,0.391304347826087,-114.55445607070774,-244.94456243433612,140.80068792857145,6.0139753999999925
0.68,28,40,3,1,14,0.45,20,23,5852096.31,47.98402758770145,3.3976493114369943,9,3,1,177.80296203185807,2.533182439257363,9,3,11,0.13043478260869565,0.391304347826087,-114.55445607070774,-244.94456243433612,140.80068792857145,6.0139753999999925
0.68,28,40,3,1,14,0.6,20,23,5852096.31,47.98402758770145,3.3976493114369943,9,3,1,177.80296203185807,2.533182439257363,9,3,11,0.13043478260869565,0.391304347826087,-114.55445607070774,-244.94456243433612,140.80068792857145,6.0139753999999925
0.68,28,40,3,1,18,0.3,20,23,5852096.31,47.98402758770145,3.3976493114369943,9,3,1,177.80296203185807,2.533182439257363,9,3,11,0.13043478260869565,0.391304347826087,-114.55445607070774,-244.94456243433612,140.80068792857145,6.0139753999999925
0.68,28,40,3,1,18,0.45,20,23,5852096.31,47.98402758770145,3.3976493114369943,9,3,1,177.80296203185807,2.533182439257363,9,3,11,0.13043478260869565,0.391304347826087,-114.55445607070774,-244.94456243433612,140.80068792857145,6.0139753999999925
0.68,28,40,3,1,18,0.6,20,23,5852096.31,47.98402758770145,3.3976493114369943,9,3,1,177.80296203185807,2.533182439257363,9,3,11,0.13043478260869565,0.391304347826087,-114.55445607070774,-244.94456243433612,140.80068792857145,6.0139753999999925
0.68,28,40,3,1,22,0.3,20,23,5852096.31,47.98402758770145,3.3976493114369943,9,3,1,177.80296203185807,2.533182439257363,9,3,11,0.13043478260869565,0.391304347826087,-114.55445607070774,-244.94456243433612,140.80068792857145,6.0139753999999925
0.68,28,40,3,1,22,0.45,20,23,5852096.31,47.98402758770145,3.3976493114369943,9,3,1,177.80296203185807,2.533182439257363,9,3,11,0.13043478260869565,0.391304347826087,-114.55445607070774,-244.94456243433612,140.80068792857145,6.0139753999999925
0.68,28,40,3,1,22,0.6,20,23,5852096.31,47.98402758770145,3.3976493114369943,9,3,1,177.80296203185807,2.533182439257363,9,3,11,0.13043478260869565,0.391304347826087,-114.55445607070774,-244.94456243433612,140.80068792857145,6.0139753999999925
0.68,28,40,3,2,14,0.3,20,23,5852096.31,47.98402758770145,3.3976493114369943,9,3,1,177.80296203185807,2.533182439257363,9,3,11,0.13043478260869565,0.391304347826087,-114.55445607070774,-244.94456243433612,140.80068792857145,6.0139753999999925
0.68,28,40,3,2,14,0.45,20,23,5852096.31,47.98402758770145,3.3976493114369943,9,3,1,177.80296203185807,2.533182439257363,9,3,11,0.13043478260869565,0.391304347826087,-114.55445607070774,-244.94456243433612,140.80068792857145,6.0139753999999925
0.68,28,40,3,2,14,0.6,20,23,5852096.31,47.98402758770145,3.3976493114369943,9,3,1,177.80296203185807,2.533182439257363,9,3,11,0.13043478260869565,0.391304347826087,-114.55445607070774,-244.94456243433612,140.80068792857145,6.0139753999999925
0.68,28,40,3,2,18,0.3,20,23,5852096.31,47.98402758770145,3.3976493114369943,9,3,1,177.80296203185807,2.533182439257363,9,3,11,0.13043478260869565,0.391304347826087,-114.55445607070774,-244.94456243433612,140.80068792857145,6.0139753999999925
0.68,28,40,3,2,18,0.45,20,23,5852096.31,47.98402758770145,3.3976493114369943,9,3,1,177.80296203185807,2.533182439257363,9,3,11,0.13043478260869565,0.391304347826087,-114.55445607070774,-244.94456243433612,140.80068792857145,6.0139753999999925
0.68,28,40,3,2,18,0.6,20,23,5852096.31,47.98402758770145,3.3976493114369943,9,3,1,177.80296203185807,2.533182439257363,9,3,11,0.13043478260869565,0.391304347826087,-114.55445607070774,-244.94456243433612,140.80068792857145,6.0139753999999925
0.68,28,40,3,2,22,0.3,20,23,5852096.31,47.98402758770145,3.3976493114369943,9,3,1,177.80296203185807,2.533182439257363,9,3,11,0.13043478260869565,0.391304347826087,-114.55445607070774,-244.94456243433612,140.80068792857145,6.0139753999999925
0.68,28,40,3,2,22,0.45,20,23,5852096.31,47.98402758770145,3.3976493114369943,9,3,1,177.80296203185807,2.533182439257363,9,3,11,0.13043478260869565,0.391304347826087,-114.55445607070774,-244.94456243433612,140.80068792857145,6.0139753999999925
0.68,28,40,3,2,22,0.6,20,23,5852096.31,47.98402758770145,3.3976493114369943,9,3,1,177.80296203185807,2.533182439257363,9,3,11,0.13043478260869565,0.391304347826087,-114.55445607070774,-244.94456243433612,140.80068792857145,6.0139753999999925
0.73,28,28,3,0,14,0.3,20,23,5852096.31,47.98402758770145,3.3976493114369943,9,3,1,177.80296203185807,2.533182439257363,9,3,11,0.13043478260869565,0.391304347826087,-114.55445607070774,-244.94456243433612,140.80068792857145,6.0139753999999925
0.73,28,28,3,0,14,0.45,20,23,5852096.31,47.98402758770145,3.3976493114369943,9,3,1,177.80296203185807,2.533182439257363,9,3,11,0.13043478260869565,0.391304347826087,-114.55445607070774,-244.94456243433612,140.80068792857145,6.0139753999999925
0.73,28,28,3,0,14,0.6,20,23,5852096.31,47.98402758770145,3.3976493114369943,9,3,1,177.80296203185807,2.533182439257363,9,3,11,0.13043478260869565,0.391304347826087,-114.55445607070774,-244.94456243433612,140.80068792857145,6.0139753999999925
0.73,28,28,3,0,18,0.3,20,23,5852096.31,47.98402758770145,3.3976493114369943,9,3,1,177.80296203185807,2.533182439257363,9,3,11,0.13043478260869565,0.391304347826087,-114.55445607070774,-244.94456243433612,140.80068792857145,6.0139753999999925
0.73,28,28,3,0,18,0.45,20,23,5852096.31,47.98402758770145,3.3976493114369943,9,3,1,177.80296203185807,2.533182439257363,9,3,11,0.13043478260869565,0.391304347826087,-114.55445607070774,-244.94456243433612,140.80068792857145,6.0139753999999925
0.73,28,28,3,0,18,0.6,20,23,5852096.31,47.98402758770145,3.3976493114369943,9,3,1,177.80296203185807,2.533182439257363,9,3,11,0.13043478260869565,0.391304347826087,-114.55445607070774,-244.94456243433612,140.80068792857145,6.0139753999999925
0.73,28,28,3,0,22,0.3,20,23,5852096.31,47.98402758770145,3.3976493114369943,9,3,1,177.80296203185807,2.533182439257363,9,3,11,0.13043478260869565,0.391304347826087,-114.55445607070774,-244.94456243433612,140.80068792857145,6.0139753999999925
0.73,28,28,3,0,22,0.45,20,23,5852096.31,47.98402758770145,3.3976493114369943,9,3,1,177.80296203185807,2.533182439257363,9,3,11,0.13043478260869565,0.391304347826087,-114.55445607070774,-244.94456243433612,140.80068792857145,6.0139753999999925
0.73,28,28,3,0,22,0.6,20,23,5852096.31,47.98402758770145,3.3976493114369943,9,3,1,177.80296203185807,2.533182439257363,9,3,11,0.13043478260869565,0.391304347826087,-114.55445607070774,-244.94456243433612,140.80068792857145,6.0139753999999925
0.73,28,28,3,1,14,0.3,20,23,5852096.31,47.98402758770145,3.3976493114369943,9,3,1,177.80296203185807,2.533182439257363,9,3,11,0.13043478260869565,0.391304347826087,-114.55445607070774,-244.94456243433612,140.80068792857145,6.0139753999999925
0.73,28,28,3,1,14,0.45,20,23,5852096.31,47.98402758770145,3.3976493114369943,9,3,1,177.80296203185807,2.533182439257363,9,3,11,0.13043478260869565,0.391304347826087,-114.55445607070774,-244.94456243433612,140.80068792857145,6.0139753999999925
0.73,28,28,3,1,14,0.6,20,23,5852096.31,47.98402758770145,3.3976493114369943,9,3,1,177.80296203185807,2.533182439257363,9,3,11,0.13043478260869565,0.391304347826087,-114.55445607070774,-244.94456243433612,140.80068792857145,6.0139753999999925
0.73,28,28,3,1,18,0.3,20,23,5852096.31,47.98402758770145,3.3976493114369943,9,3,1,177.80296203185807,2.533182439257363,9,3,11,0.13043478260869565,0.391304347826087,-114.55445607070774,-244.94456243433612,140.80068792857145,6.0139753999999925
0.73,28,28,3,1,18,0.45,20,23,5852096.31,47.98402758770145,3.3976493114369943,9,3,1,177.80296203185807,2.533182439257363,9,3,11,0.13043478260869565,0.391304347826087,-114.55445607070774,-244.94456243433612,140.80068792857145,6.0139753999999925
0.73,28,28,3,1,18,0.6,20,23,5852096.31,47.98402758770145,3.3976493114369943,9,3,1,177.80296203185807,2.533182439257363,9,3,11,0.13043478260869565,0.391304347826087,-114.55445607070774,-244.94456243433612,140.80068792857145,6.0139753999999925
0.73,28,28,3,1,22,0.3,20,23,5852096.31,47.98402758770145,3.3976493114369943,9,3,1,177.80296203185807,2.533182439257363,9,3,11,0.13043478260869565,0.391304347826087,-114.55445607070774,-244.94456243433612,140.80068792857145,6.0139753999999925
0.73,28,28,3,1,22,0.45,20,23,5852096.31,47.98402758770145,3.3976493114369943,9,3,1,177.80296203185807,2.533182439257363,9,3,11,0.13043478260869565,0.391304347826087,-114.55445607070774,-244.94456243433612,140.80068792857145,6.0139753999999925
0.73,28,28,3,1,22,0.6,20,23,5852096.31,47.98402758770145,3.3976493114369943,9,3,1,177.80296203185807,2.533182439257363,9,3,11,0.13043478260869565,0.391304347826087,-114.55445607070774,-244.94456243433612,140.80068792857145,6.0139753999999925
0.73,28,28,3,2,14,0.3,20,23,5852096.31,47.98402758770145,3.3976493114369943,9,3,1,177.80296203185807,2.533182439257363,9,3,11,0.13043478260869565,0.391304347826087,-114.55445607070774,-244.94456243433612,140.80068792857145,6.0139753999999925
0.73,28,28,3,2,14,0.45,20,23,5852096.31,47.98402758770145,3.3976493114369943,9,3,1,177.80296203185807,2.533182439257363,9,3,11,0.13043478260869565,0.391304347826087,-114.55445607070774,-244.94456243433612,140.80068792857145,6.0139753999999925
0.73,28,28,3,2,14,0.6,20,23,5852096.31,47.98402758770145,3.3976493114369943,9,3,1,177.80296203185807,2.533182439257363,9,3,11,0.13043478260869565,0.391304347826087,-114.55445607070774,-244.94456243433612,140.80068792857145,6.0139753999999925
0.73,28,28,3,2,18,0.3,20,23,5852096.31,47.98402758770145,3.3976493114369943,9,3,1,177.80296203185807,2.533182439257363,9,3,11,0.13043478260869565,0.391304347826087,-114.55445607070774,-244.94456243433612,140.80068792857145,6.0139753999999925
0.73,28,28,3,2,18,0.45,20,23,5852096.31,47.98402758770145,3.3976493114369943,9,3,1,177.80296203185807,2.533182439257363,9,3,11,0.13043478260869565,0.391304347826087,-114.55445607070774,-244.94456243433612,140.80068792857145,6.0139753999999925
0.73,28,28,3,2,18,0.6,20,23,5852096.31,47.98402758770145,3.3976493114369943,9,3,1,177.80296203185807,2.533182439257363,9,3,11,0.13043478260869565,0.391304347826087,-114.55445607070774,-244.94456243433612,140.80068792857145,6.0139753999999925
0.73,28,28,3,2,22,0.3,20,23,5852096.31,47.98402758770145,3.3976493114369943,9,3,1,177.80296203185807,2.533182439257363,9,3,11,0.13043478260869565,0.391304347826087,-114.55445607070774,-244.94456243433612,140.80068792857145,6.0139753999999925
0.73,28,28,3,2,22,0.45,20,23,5852096.31,47.98402758770145,3.3976493114369943,9,3,1,177.80296203185807,2.533182439257363,9,3,11,0.13043478260869565,0.391304347826087,-114.55445607070774,-244.94456243433612,140.80068792857145,6.0139753999999925
0.73,28,28,3,2,22,0.6,20,23,5852096.31,47.98402758770145,3.3976493114369943,9,3,1,177.80296203185807,2.533182439257363,9,3,11,0.13043478260869565,0.391304347826087,-114.55445607070774,-244.94456243433612,140.80068792857145,6.0139753999999925
0.73,28,34,3,0,14,0.3,20,23,5852096.31,47.98402758770145,3.3976493114369943,9,3,1,177.80296203185807,2.533182439257363,9,3,11,0.13043478260869565,0.391304347826087,-114.55445607070774,-244.94456243433612,140.80068792857145,6.0139753999999925
0.73,28,34,3,0,14,0.45,20,23,5852096.31,47.98402758770145,3.3976493114369943,9,3,1,177.80296203185807,2.533182439257363,9,3,11,0.13043478260869565,0.391304347826087,-114.55445607070774,-244.94456243433612,140.80068792857145,6.0139753999999925
0.73,28,34,3,0,14,0.6,20,23,5852096.31,47.98402758770145,3.3976493114369943,9,3,1,177.80296203185807,2.533182439257363,9,3,11,0.13043478260869565,0.391304347826087,-114.55445607070774,-244.94456243433612,140.80068792857145,6.0139753999999925
0.73,28,34,3,0,18,0.3,20,23,5852096.31,47.98402758770145,3.3976493114369943,9,3,1,177.80296203185807,2.533182439257363,9,3,11,0.13043478260869565,0.391304347826087,-114.55445607070774,-244.94456243433612,140.80068792857145,6.0139753999999925
0.73,28,34,3,0,18,0.45,20,23,5852096.31,47.98402758770145,3.3976493114369943,9,3,1,177.80296203185807,2.533182439257363,9,3,11,0.13043478260869565,0.391304347826087,-114.55445607070774,-244.94456243433612,140.80068792857145,6.0139753999999925
0.73,28,34,3,0,18,0.6,20,23,5852096.31,47.98402758770145,3.3976493114369943,9,3,1,177.80296203185807,2.533182439257363,9,3,11,0.13043478260869565,0.391304347826087,-114.55445607070774,-244.94456243433612,140.80068792857145,6.0139753999999925
0.73,28,34,3,0,22,0.3,20,23,5852096.31,47.98402758770145,3.3976493114369943,9,3,1,177.80296203185807,2.533182439257363,9,3,11,0.13043478260869565,0.391304347826087,-114.55445607070774,-244.94456243433612,140.80068792857145,6.0139753999999925
0.73,28,34,3,0,22,0.45,20,23,5852096.31,47.98402758770145,3.3976493114369943,9,3,1,177.80296203185807,2.533182439257363,9,3,11,0.13043478260869565,0.391304347826087,-114.55445607070774,-244.94456243433612,140.80068792857145,6.0139753999999925
0.73,28,34,3,0,22,0.6,20,23,5852096.31,47.98402758770145,3.3976493114369943,9,3,1,177.80296203185807,2.533182439257363,9,3,11,0.13043478260869565,0.391304347826087,-114.55445607070774,-244.94456243433612,140.80068792857145,6.0139753999999925
0.73,28,34,3,1,14,0.3,20,23,5852096.31,47.98402758770145,3.3976493114369943,9,3,1,177.80296203185807,2.533182439257363,9,3,11,0.13043478260869565,0.391304347826087,-114.55445607070774,-244.94456243433612,140.80068792857145,6.0139753999999925
0.73,28,34,3,1,14,0.45,20,23,5852096.31,47.98402758770145,3.3976493114369943,9,3,1,177.80296203185807,2.533182439257363,9,3,11,0.13043478260869565,0.391304347826087,-114.55445607070774,-244.94456243433612,140.80068792857145,6.0139753999999925
0.73,28,34,3,1,14,0.6,20,23,5852096.31,47.98402758770145,3.3976493114369943,9,3,1,177.80296203185807,2.533182439257363,9,3,11,0.13043478260869565,0.391304347826087,-114.55445607070774,-244.94456243433612,140.80068792857145,6.0139753999999925
0.73,28,34,3,1,18,0.3,20,23,5852096.31,47.98402758770145,3.3976493114369943,9,3,1,177.80296203185807,2.533182439257363,9,3,11,0.13043478260869565,0.391304347826087,-114.55445607070774,-244.94456243433612,140.80068792857145,6.0139753999999925
0.73,28,34,3,1,18,0.45,20,23,5852096.31,47.98402758770145,3.3976493114369943,9,3,1,177.80296203185807,2.533182439257363,9,3,11,0.13043478260869565,0.391304347826087,-114.55445607070774,-244.94456243433612,140.80068792857145,6.0139753999999925
0.73,28,34,3,1,18,0.6,20,23,5852096.31,47.98402758770145,3.3976493114369943,9,3,1,177.80296203185807,2.533182439257363,9,3,11,0.13043478260869565,0.391304347826087,-114.55445607070774,-244.94456243433612,140.80068792857145,6.0139753999999925
0.73,28,34,3,1,22,0.3,20,23,5852096.31,47.98402758770145,3.3976493114369943,9,3,1,177.80296203185807,2.533182439257363,9,3,11,0.13043478260869565,0.391304347826087,-114.55445607070774,-244.94456243433612,140.80068792857145,6.0139753999999925
0.73,28,34,3,1,22,0.45,20,23,5852096.31,47.98402758770145,3.3976493114369943,9,3,1,177.80296203185807,2.533182439257363,9,3,11,0.13043478260869565,0.391304347826087,-114.55445607070774,-244.94456243433612,140.80068792857145,6.0139753999999925
0.73,28,34,3,1,22,0.6,20,23,5852096.31,47.98402758770145,3.3976493114369943,9,3,1,177.80296203185807,2.533182439257363,9,3,11,0.13043478260869565,0.391304347826087,-114.55445607070774,-244.94456243433612,140.80068792857145,6.0139753999999925
0.73,28,34,3,2,14,0.3,20,23,5852096.31,47.98402758770145,3.3976493114369943,9,3,1,177.80296203185807,2.533182439257363,9,3,11,0.13043478260869565,0.391304347826087,-114.55445607070774,-244.94456243433612,140.80068792857145,6.0139753999999925
0.73,28,34,3,2,14,0.45,20,23,5852096.31,47.98402758770145,3.3976493114369943,9,3,1,177.80296203185807,2.533182439257363,9,3,11,0.13043478260869565,0.391304347826087,-114.55445607070774,-244.94456243433612,140.80068792857145,6.0139753999999925
0.73,28,34,3,2,14,0.6,20,23,5852096.31,47.98402758770145,3.3976493114369943,9,3,1,177.80296203185807,2.533182439257363,9,3,11,0.13043478260869565,0.391304347826087,-114.55445607070774,-244.94456243433612,140.80068792857145,6.0139753999999925
0.73,28,34,3,2,18,0.3,20,23,5852096.31,47.98402758770145,3.3976493114369943,9,3,1,177.80296203185807,2.533182439257363,9,3,11,0.13043478260869565,0.391304347826087,-114.55445607070774,-244.94456243433612,140.80068792857145,6.0139753999999925
0.73,28,34,3,2,18,0.45,20,23,5852096.31,47.98402758770145,3.3976493114369943,9,3,1,177.80296203185807,2.533182439257363,9,3,11,0.13043478260869565,0.391304347826087,-114.55445607070774,-244.94456243433612,140.80068792857145,6.0139753999999925
0.73,28,34,3,2,18,0.6,20,23,5852096.31,47.98402758770145,3.3976493114369943,9,3,1,177.80296203185807,2.533182439257363,9,3,11,0.13043478260869565,0.391304347826087,-114.55445607070774,-244.94456243433612,140.80068792857145,6.0139753999999925
0.73,28,34,3,2,22,0.3,20,23,5852096.31,47.98402758770145,3.3976493114369943,9,3,1,177.80296203185807,2.533182439257363,9,3,11,0.13043478260869565,0.391304347826087,-114.55445607070774,-244.94456243433612,140.80068792857145,6.0139753999999925
0.73,28,34,3,2,22,0.45,20,23,5852096.31,47.98402758770145,3.3976493114369943,9,3,1,177.80296203185807,2.533182439257363,9,3,11,0.13043478260869565,0.391304347826087,-114.55445607070774,-244.94456243433612,140.80068792857145,6.0139753999999925
0.73,28,34,3,2,22,0.6,20,23,5852096.31,47.98402758770145,3.3976493114369943,9,3,1,177.80296203185807,2.533182439257363,9,3,11,0.13043478260869565,0.391304347826087,-114.55445607070774,-244.94456243433612,140.80068792857145,6.0139753999999925
0.73,28,40,3,0,14,0.3,20,23,5852096.31,47.98402758770145,3.3976493114369943,9,3,1,177.80296203185807,2.533182439257363,9,3,11,0.13043478260869565,0.391304347826087,-114.55445607070774,-244.94456243433612,140.80068792857145,6.0139753999999925
0.73,28,40,3,0,14,0.45,20,23,5852096.31,47.98402758770145,3.3976493114369943,9,3,1,177.80296203185807,2.533182439257363,9,3,11,0.13043478260869565,0.391304347826087,-114.55445607070774,-244.94456243433612,140.80068792857145,6.0139753999999925
0.73,28,40,3,0,14,0.6,20,23,5852096.31,47.98402758770145,3.3976493114369943,9,3,1,177.80296203185807,2.533182439257363,9,3,11,0.13043478260869565,0.391304347826087,-114.55445607070774,-244.94456243433612,140.80068792857145,6.0139753999999925
0.73,28,40,3,0,18,0.3,20,23,5852096.31,47.98402758770145,3.3976493114369943,9,3,1,177.80296203185807,2.533182439257363,9,3,11,0.13043478260869565,0.391304347826087,-114.55445607070774,-244.94456243433612,140.80068792857145,6.0139753999999925
0.73,28,40,3,0,18,0.45,20,23,5852096.31,47.98402758770145,3.3976493114369943,9,3,1,177.80296203185807,2.533182439257363,9,3,11,0.13043478260869565,0.391304347826087,-114.55445607070774,-244.94456243433612,140.80068792857145,6.0139753999999925
0.73,28,40,3,0,18,0.6,20,23,5852096.31,47.98402758770145,3.3976493114369943,9,3,1,177.80296203185807,2.533182439257363,9,3,11,0.13043478260869565,0.391304347826087,-114.55445607070774,-244.94456243433612,140.80068792857145,6.0139753999999925
0.73,28,40,3,0,22,0.3,20,23,5852096.31,47.98402758770145,3.3976493114369943,9,3,1,177.80296203185807,2.533182439257363,9,3,11,0.13043478260869565,0.391304347826087,-114.55445607070774,-244.94456243433612,140.80068792857145,6.0139753999999925
0.73,28,40,3,0,22,0.45,20,23,5852096.31,47.98402758770145,3.3976493114369943,9,3,1,177.80296203185807,2.533182439257363,9,3,11,0.13043478260869565,0.391304347826087,-114.55445607070774,-244.94456243433612,140.80068792857145,6.0139753999999925
0.73,28,40,3,0,22,0.6,20,23,5852096.31,47.98402758770145,3.3976493114369943,9,3,1,177.80296203185807,2.533182439257363,9,3,11,0.13043478260869565,0.391304347826087,-114.55445607070774,-244.94456243433612,140.80068792857145,6.0139753999999925
0.73,28,40,3,1,14,0.3,20,23,5852096.31,47.98402758770145,3.3976493114369943,9,3,1,177.80296203185807,2.533182439257363,9,3,11,0.13043478260869565,0.391304347826087,-114.55445607070774,-244.94456243433612,140.80068792857145,6.0139753999999925
0.73,28,40,3,1,14,0.45,20,23,5852096.31,47.98402758770145,3.3976493114369943,9,3,1,177.80296203185807,2.533182439257363,9,3,11,0.13043478260869565,0.391304347826087,-114.55445607070774,-244.94456243433612,140.80068792857145,6.0139753999999925
0.73,28,40,3,1,14,0.6,20,23,5852096.31,47.98402758770145,3.3976493114369943,9,3,1,177.80296203185807,2.533182439257363,9,3,11,0.13043478260869565,0.391304347826087,-114.55445607070774,-244.94456243433612,140.80068792857145,6.0139753999999925
0.73,28,40,3,1,18,0.3,20,23,5852096.31,47.98402758770145,3.3976493114369943,9,3,1,177.80296203185807,2.533182439257363,9,3,11,0.13043478260869565,0.391304347826087,-114.55445607070774,-244.94456243433612,140.80068792857145,6.0139753999999925
0.73,28,40,3,1,18,0.45,20,23,5852096.31,47.98402758770145,3.3976493114369943,9,3,1,177.80296203185807,2.533182439257363,9,3,11,0.13043478260869565,0.391304347826087,-114.55445607070774,-244.94456243433612,140.80068792857145,6.0139753999999925
0.73,28,40,3,1,18,0.6,20,23,5852096.31,47.98402758770145,3.3976493114369943,9,3,1,177.80296203185807,2.533182439257363,9,3,11,0.13043478260869565,0.391304347826087,-114.55445607070774,-244.94456243433612,140.80068792857145,6.0139753999999925
0.73,28,40,3,1,22,0.3,20,23,5852096.31,47.98402758770145,3.3976493114369943,9,3,1,177.80296203185807,2.533182439257363,9,3,11,0.13043478260869565,0.391304347826087,-114.55445607070774,-244.94456243433612,140.80068792857145,6.0139753999999925
0.73,28,40,3,1,22,0.45,20,23,5852096.31,47.98402758770145,3.3976493114369943,9,3,1,177.80296203185807,2.533182439257363,9,3,11,0.13043478260869565,0.391304347826087,-114.55445607070774,-244.94456243433612,140.80068792857145,6.0139753999999925
0.73,28,40,3,1,22,0.6,20,23,5852096.31,47.98402758770145,3.3976493114369943,9,3,1,177.80296203185807,2.533182439257363,9,3,11,0.13043478260869565,0.391304347826087,-114.55445607070774,-244.94456243433612,140.80068792857145,6.0139753999999925
0.73,28,40,3,2,14,0.3,20,23,5852096.31,47.98402758770145,3.3976493114369943,9,3,1,177.80296203185807,2.533182439257363,9,3,11,0.13043478260869565,0.391304347826087,-114.55445607070774,-244.94456243433612,140.80068792857145,6.0139753999999925
0.73,28,40,3,2,14,0.45,20,23,5852096.31,47.98402758770145,3.3976493114369943,9,3,1,177.80296203185807,2.533182439257363,9,3,11,0.13043478260869565,0.391304347826087,-114.55445607070774,-244.94456243433612,140.80068792857145,6.0139753999999925
0.73,28,40,3,2,14,0.6,20,23,5852096.31,47.98402758770145,3.3976493114369943,9,3,1,177.80296203185807,2.533182439257363,9,3,11,0.13043478260869565,0.391304347826087,-114.55445607070774,-244.94456243433612,140.80068792857145,6.0139753999999925
0.73,28,40,3,2,18,0.3,20,23,5852096.31,47.98402758770145,3.3976493114369943,9,3,1,177.80296203185807,2.533182439257363,9,3,11,0.13043478260869565,0.391304347826087,-114.55445607070774,-244.94456243433612,140.80068792857145,6.0139753999999925
0.73,28,40,3,2,18,0.45,20,23,5852096.31,47.98402758770145,3.3976493114369943,9,3,1,177.80296203185807,2.533182439257363,9,3,11,0.13043478260869565,0.391304347826087,-114.55445607070774,-244.94456243433612,140.80068792857145,6.0139753999999925
0.73,28,40,3,2,18,0.6,20,23,5852096.31,47.98402758770145,3.3976493114369943,9,3,1,177.80296203185807,2.533182439257363,9,3,11,0.13043478260869565,0.391304347826087,-114.55445607070774,-244.94456243433612,140.80068792857145,6.0139753999999925
0.73,28,40,3,2,22,0.3,20,23,5852096.31,47.98402758770145,3.3976493114369943,9,3,1,177.80296203185807,2.533182439257363,9,3,11,0.13043478260869565,0.391304347826087,-114.55445607070774,-244.94456243433612,140.80068792857145,6.0139753999999925
0.73,28,40,3,2,22,0.45,20,23,5852096.31,47.98402758770145,3.3976493114369943,9,3,1,177.80296203185807,2.533182439257363,9,3,11,0.13043478260869565,0.391304347826087,-114.55445607070774,-244.94456243433612,140.80068792857145,6.0139753999999925
0.73,28,40,3,2,22,0.6,20,23,5852096.31,47.98402758770145,3.3976493114369943,9,3,1,177.80296203185807,2.533182439257363,9,3,11,0.13043478260869565,0.391304347826087,-114.55445607070774,-244.94456243433612,140.80068792857145,6.0139753999999925
0.78,28,28,3,0,14,0.3,20,23,5852096.31,47.98402758770145,3.3976493114369943,9,3,1,177.80296203185807,2.533182439257363,9,3,11,0.13043478260869565,0.391304347826087,-114.55445607070774,-244.94456243433612,140.80068792857145,6.0139753999999925
0.78,28,28,3,0,14,0.45,20,23,5852096.31,47.98402758770145,3.3976493114369943,9,3,1,177.80296203185807,2.533182439257363,9,3,11,0.13043478260869565,0.391304347826087,-114.55445607070774,-244.94456243433612,140.80068792857145,6.0139753999999925
0.78,28,28,3,0,14,0.6,20,23,5852096.31,47.98402758770145,3.3976493114369943,9,3,1,177.80296203185807,2.533182439257363,9,3,11,0.13043478260869565,0.391304347826087,-114.55445607070774,-244.94456243433612,140.80068792857145,6.0139753999999925
0.78,28,28,3,0,18,0.3,20,23,5852096.31,47.98402758770145,3.3976493114369943,9,3,1,177.80296203185807,2.533182439257363,9,3,11,0.13043478260869565,0.391304347826087,-114.55445607070774,-244.94456243433612,140.80068792857145,6.0139753999999925
0.78,28,28,3,0,18,0.45,20,23,5852096.31,47.98402758770145,3.3976493114369943,9,3,1,177.80296203185807,2.533182439257363,9,3,11,0.13043478260869565,0.391304347826087,-114.55445607070774,-244.94456243433612,140.80068792857145,6.0139753999999925
0.78,28,28,3,0,18,0.6,20,23,5852096.31,47.98402758770145,3.3976493114369943,9,3,1,177.80296203185807,2.533182439257363,9,3,11,0.13043478260869565,0.391304347826087,-114.55445607070774,-244.94456243433612,140.80068792857145,6.0139753999999925
0.78,28,28,3,0,22,0.3,20,23,5852096.31,47.98402758770145,3.3976493114369943,9,3,1,177.80296203185807,2.533182439257363,9,3,11,0.13043478260869565,0.391304347826087,-114.55445607070774,-244.94456243433612,140.80068792857145,6.0139753999999925
0.78,28,28,3,0,22,0.45,20,23,5852096.31,47.98402758770145,3.3976493114369943,9,3,1,177.80296203185807,2.533182439257363,9,3,11,0.13043478260869565,0.391304347826087,-114.55445607070774,-244.94456243433612,140.80068792857145,6.0139753999999925
0.78,28,28,3,0,22,0.6,20,23,5852096.31,47.98402758770145,3.3976493114369943,9,3,1,177.80296203185807,2.533182439257363,9,3,11,0.13043478260869565,0.391304347826087,-114.55445607070774,-244.94456243433612,140.80068792857145,6.0139753999999925
0.78,28,28,3,1,14,0.3,20,23,5852096.31,47.98402758770145,3.3976493114369943,9,3,1,177.80296203185807,2.533182439257363,9,3,11,0.13043478260869565,0.391304347826087,-114.55445607070774,-244.94456243433612,140.80068792857145,6.0139753999999925
0.78,28,28,3,1,14,0.45,20,23,5852096.31,47.98402758770145,3.3976493114369943,9,3,1,177.80296203185807,2.533182439257363,9,3,11,0.13043478260869565,0.391304347826087,-114.55445607070774,-244.94456243433612,140.80068792857145,6.0139753999999925
0.78,28,28,3,1,14,0.6,20,23,5852096.31,47.98402758770145,3.3976493114369943,9,3,1,177.80296203185807,2.533182439257363,9,3,11,0.13043478260869565,0.391304347826087,-114.55445607070774,-244.94456243433612,140.80068792857145,6.0139753999999925
0.78,28,28,3,1,18,0.3,20,23,5852096.31,47.98402758770145,3.3976493114369943,9,3,1,177.80296203185807,2.533182439257363,9,3,11,0.13043478260869565,0.391304347826087,-114.55445607070774,-244.94456243433612,140.80068792857145,6.0139753999999925
0.78,28,28,3,1,18,0.45,20,23,5852096.31,47.98402758770145,3.3976493114369943,9,3,1,177.80296203185807,2.533182439257363,9,3,11,0.13043478260869565,0.391304347826087,-114.55445607070774,-244.94456243433612,140.80068792857145,6.0139753999999925
0.78,28,28,3,1,18,0.6,20,23,5852096.31,47.98402758770145,3.3976493114369943,9,3,1,177.80296203185807,2.533182439257363,9,3,11,0.13043478260869565,0.391304347826087,-114.55445607070774,-244.94456243433612,140.80068792857145,6.0139753999999925
0.78,28,28,3,1,22,0.3,20,23,5852096.31,47.98402758770145,3.3976493114369943,9,3,1,177.80296203185807,2.533182439257363,9,3,11,0.13043478260869565,0.391304347826087,-114.55445607070774,-244.94456243433612,140.80068792857145,6.0139753999999925
0.78,28,28,3,1,22,0.45,20,23,5852096.31,47.98402758770145,3.3976493114369943,9,3,1,177.80296203185807,2.533182439257363,9,3,11,0.13043478260869565,0.391304347826087,-114.55445607070774,-244.94456243433612,140.80068792857145,6.0139753999999925
0.78,28,28,3,1,22,0.6,20,23,5852096.31,47.98402758770145,3.3976493114369943,9,3,1,177.80296203185807,2.533182439257363,9,3,11,0.13043478260869565,0.391304347826087,-114.55445607070774,-244.94456243433612,140.80068792857145,6.0139753999999925
0.78,28,28,3,2,14,0.3,20,23,5852096.31,47.98402758770145,3.3976493114369943,9,3,1,177.80296203185807,2.533182439257363,9,3,11,0.13043478260869565,0.391304347826087,-114.55445607070774,-244.94456243433612,140.80068792857145,6.0139753999999925
0.78,28,28,3,2,14,0.45,20,23,5852096.31,47.98402758770145,3.3976493114369943,9,3,1,177.80296203185807,2.533182439257363,9,3,11,0.13043478260869565,0.391304347826087,-114.55445607070774,-244.94456243433612,140.80068792857145,6.0139753999999925
0.78,28,28,3,2,14,0.6,20,23,5852096.31,47.98402758770145,3.3976493114369943,9,3,1,177.80296203185807,2.533182439257363,9,3,11,0.13043478260869565,0.391304347826087,-114.55445607070774,-244.94456243433612,140.80068792857145,6.0139753999999925
0.78,28,28,3,2,18,0.3,20,23,5852096.31,47.98402758770145,3.3976493114369943,9,3,1,177.80296203185807,2.533182439257363,9,3,11,0.13043478260869565,0.391304347826087,-114.55445607070774,-244.94456243433612,140.80068792857145,6.0139753999999925
0.78,28,28,3,2,18,0.45,20,23,5852096.31,47.98402758770145,3.3976493114369943,9,3,1,177.80296203185807,2.533182439257363,9,3,11,0.13043478260869565,0.391304347826087,-114.55445607070774,-244.94456243433612,140.80068792857145,6.0139753999999925
0.78,28,28,3,2,18,0.6,20,23,5852096.31,47.98402758770145,3.3976493114369943,9,3,1,177.80296203185807,2.533182439257363,9,3,11,0.13043478260869565,0.391304347826087,-114.55445607070774,-244.94456243433612,140.80068792857145,6.0139753999999925
0.78,28,28,3,2,22,0.3,20,23,5852096.31,47.98402758770145,3.3976493114369943,9,3,1,177.80296203185807,2.533182439257363,9,3,11,0.13043478260869565,0.391304347826087,-114.55445607070774,-244.94456243433612,140.80068792857145,6.0139753999999925
0.78,28,28,3,2,22,0.45,20,23,5852096.31,47.98402758770145,3.3976493114369943,9,3,1,177.80296203185807,2.533182439257363,9,3,11,0.13043478260869565,0.391304347826087,-114.55445607070774,-244.94456243433612,140.80068792857145,6.0139753999999925
0.78,28,28,3,2,22,0.6,20,23,5852096.31,47.98402758770145,3.3976493114369943,9,3,1,177.80296203185807,2.533182439257363,9,3,11,0.13043478260869565,0.391304347826087,-114.55445607070774,-244.94456243433612,140.80068792857145,6.0139753999999925
0.78,28,34,3,0,14,0.3,20,23,5852096.31,47.98402758770145,3.3976493114369943,9,3,1,177.80296203185807,2.533182439257363,9,3,11,0.13043478260869565,0.391304347826087,-114.55445607070774,-244.94456243433612,140.80068792857145,6.0139753999999925
0.78,28,34,3,0,14,0.45,20,23,5852096.31,47.98402758770145,3.3976493114369943,9,3,1,177.80296203185807,2.533182439257363,9,3,11,0.13043478260869565,0.391304347826087,-114.55445607070774,-244.94456243433612,140.80068792857145,6.0139753999999925
0.78,28,34,3,0,14,0.6,20,23,5852096.31,47.98402758770145,3.3976493114369943,9,3,1,177.80296203185807,2.533182439257363,9,3,11,0.13043478260869565,0.391304347826087,-114.55445607070774,-244.94456243433612,140.80068792857145,6.0139753999999925
0.78,28,34,3,0,18,0.3,20,23,5852096.31,47.98402758770145,3.3976493114369943,9,3,1,177.80296203185807,2.533182439257363,9,3,11,0.13043478260869565,0.391304347826087,-114.55445607070774,-244.94456243433612,140.80068792857145,6.0139753999999925
0.78,28,34,3,0,18,0.45,20,23,5852096.31,47.98402758770145,3.3976493114369943,9,3,1,177.80296203185807,2.533182439257363,9,3,11,0.13043478260869565,0.391304347826087,-114.55445607070774,-244.94456243433612,140.80068792857145,6.0139753999999925
0.78,28,34,3,0,18,0.6,20,23,5852096.31,47.98402758770145,3.3976493114369943,9,3,1,177.80296203185807,2.533182439257363,9,3,11,0.13043478260869565,0.391304347826087,-114.55445607070774,-244.94456243433612,140.80068792857145,6.0139753999999925
0.78,28,34,3,0,22,0.3,20,23,5852096.31,47.98402758770145,3.3976493114369943,9,3,1,177.80296203185807,2.533182439257363,9,3,11,0.13043478260869565,0.391304347826087,-114.55445607070774,-244.94456243433612,140.80068792857145,6.0139753999999925
0.78,28,34,3,0,22,0.45,20,23,5852096.31,47.98402758770145,3.3976493114369943,9,3,1,177.80296203185807,2.533182439257363,9,3,11,0.13043478260869565,0.391304347826087,-114.55445607070774,-244.94456243433612,140.80068792857145,6.0139753999999925
0.78,28,34,3,0,22,0.6,20,23,5852096.31,47.98402758770145,3.3976493114369943,9,3,1,177.80296203185807,2.533182439257363,9,3,11,0.13043478260869565,0.391304347826087,-114.55445607070774,-244.94456243433612,140.80068792857145,6.0139753999999925
0.78,28,34,3,1,14,0.3,20,23,5852096.31,47.98402758770145,3.3976493114369943,9,3,1,177.80296203185807,2.533182439257363,9,3,11,0.13043478260869565,0.391304347826087,-114.55445607070774,-244.94456243433612,140.80068792857145,6.0139753999999925
0.78,28,34,3,1,14,0.45,20,23,5852096.31,47.98402758770145,3.3976493114369943,9,3,1,177.80296203185807,2.533182439257363,9,3,11,0.13043478260869565,0.391304347826087,-114.55445607070774,-244.94456243433612,140.80068792857145,6.0139753999999925
0.78,28,34,3,1,14,0.6,20,23,5852096.31,47.98402758770145,3.3976493114369943,9,3,1,177.80296203185807,2.533182439257363,9,3,11,0.13043478260869565,0.391304347826087,-114.55445607070774,-244.94456243433612,140.80068792857145,6.0139753999999925
0.78,28,34,3,1,18,0.3,20,23,5852096.31,47.98402758770145,3.3976493114369943,9,3,1,177.80296203185807,2.533182439257363,9,3,11,0.13043478260869565,0.391304347826087,-114.55445607070774,-244.94456243433612,140.80068792857145,6.0139753999999925
0.78,28,34,3,1,18,0.45,20,23,5852096.31,47.98402758770145,3.3976493114369943,9,3,1,177.80296203185807,2.533182439257363,9,3,11,0.13043478260869565,0.391304347826087,-114.55445607070774,-244.94456243433612,140.80068792857145,6.0139753999999925
0.78,28,34,3,1,18,0.6,20,23,5852096.31,47.98402758770145,3.3976493114369943,9,3,1,177.80296203185807,2.533182439257363,9,3,11,0.13043478260869565,0.391304347826087,-114.55445607070774,-244.94456243433612,140.80068792857145,6.0139753999999925
0.78,28,34,3,1,22,0.3,20,23,5852096.31,47.98402758770145,3.3976493114369943,9,3,1,177.80296203185807,2.533182439257363,9,3,11,0.13043478260869565,0.391304347826087,-114.55445607070774,-244.94456243433612,140.80068792857145,6.0139753999999925
0.78,28,34,3,1,22,0.45,20,23,5852096.31,47.98402758770145,3.3976493114369943,9,3,1,177.80296203185807,2.533182439257363,9,3,11,0.13043478260869565,0.391304347826087,-114.55445607070774,-244.94456243433612,140.80068792857145,6.0139753999999925
0.78,28,34,3,1,22,0.6,20,23,5852096.31,47.98402758770145,3.3976493114369943,9,3,1,177.80296203185807,2.533182439257363,9,3,11,0.13043478260869565,0.391304347826087,-114.55445607070774,-244.94456243433612,140.80068792857145,6.0139753999999925
0.78,28,34,3,2,14,0.3,20,23,5852096.31,47.98402758770145,3.3976493114369943,9,3,1,177.80296203185807,2.533182439257363,9,3,11,0.13043478260869565,0.391304347826087,-114.55445607070774,-244.94456243433612,140.80068792857145,6.0139753999999925
0.78,28,34,3,2,14,0.45,20,23,5852096.31,47.98402758770145,3.3976493114369943,9,3,1,177.80296203185807,2.533182439257363,9,3,11,0.13043478260869565,0.391304347826087,-114.55445607070774,-244.94456243433612,140.80068792857145,6.0139753999999925
0.78,28,34,3,2,14,0.6,20,23,5852096.31,47.98402758770145,3.3976493114369943,9,3,1,177.80296203185807,2.533182439257363,9,3,11,0.13043478260869565,0.391304347826087,-114.55445607070774,-244.94456243433612,140.80068792857145,6.0139753999999925
0.78,28,34,3,2,18,0.3,20,23,5852096.31,47.98402758770145,3.3976493114369943,9,3,1,177.80296203185807,2.533182439257363,9,3,11,0.13043478260869565,0.391304347826087,-114.55445607070774,-244.94456243433612,140.80068792857145,6.0139753999999925
0.78,28,34,3,2,18,0.45,20,23,5852096.31,47.98402758770145,3.3976493114369943,9,3,1,177.80296203185807,2.533182439257363,9,3,11,0.13043478260869565,0.391304347826087,-114.55445607070774,-244.94456243433612,140.80068792857145,6.0139753999999925
0.78,28,34,3,2,18,0.6,20,23,5852096.31,47.98402758770145,3.3976493114369943,9,3,1,177.80296203185807,2.533182439257363,9,3,11,0.13043478260869565,0.391304347826087,-114.55445607070774,-244.94456243433612,140.80068792857145,6.0139753999999925
0.78,28,34,3,2,22,0.3,20,23,5852096.31,47.98402758770145,3.3976493114369943,9,3,1,177.80296203185807,2.533182439257363,9,3,11,0.13043478260869565,0.391304347826087,-114.55445607070774,-244.94456243433612,140.80068792857145,6.0139753999999925
0.78,28,34,3,2,22,0.45,20,23,5852096.31,47.98402758770145,3.3976493114369943,9,3,1,177.80296203185807,2.533182439257363,9,3,11,0.13043478260869565,0.391304347826087,-114.55445607070774,-244.94456243433612,140.80068792857145,6.0139753999999925
0.78,28,34,3,2,22,0.6,20,23,5852096.31,47.98402758770145,3.3976493114369943,9,3,1,177.80296203185807,2.533182439257363,9,3,11,0.13043478260869565,0.391304347826087,-114.55445607070774,-244.94456243433612,140.80068792857145,6.0139753999999925
0.78,28,40,3,0,14,0.3,20,23,5852096.31,47.98402758770145,3.3976493114369943,9,3,1,177.80296203185807,2.533182439257363,9,3,11,0.13043478260869565,0.391304347826087,-114.55445607070774,-244.94456243433612,140.80068792857145,6.0139753999999925
0.78,28,40,3,0,14,0.45,20,23,5852096.31,47.98402758770145,3.3976493114369943,9,3,1,177.80296203185807,2.533182439257363,9,3,11,0.13043478260869565,0.391304347826087,-114.55445607070774,-244.94456243433612,140.80068792857145,6.0139753999999925
0.78,28,40,3,0,14,0.6,20,23,5852096.31,47.98402758770145,3.3976493114369943,9,3,1,177.80296203185807,2.533182439257363,9,3,11,0.13043478260869565,0.391304347826087,-114.55445607070774,-244.94456243433612,140.80068792857145,6.0139753999999925
0.78,28,40,3,0,18,0.3,20,23,5852096.31,47.98402758770145,3.3976493114369943,9,3,1,177.80296203185807,2.533182439257363,9,3,11,0.13043478260869565,0.391304347826087,-114.55445607070774,-244.94456243433612,140.80068792857145,6.0139753999999925
0.78,28,40,3,0,18,0.45,20,23,5852096.31,47.98402758770145,3.3976493114369943,9,3,1,177.80296203185807,2.533182439257363,9,3,11,0.13043478260869565,0.391304347826087,-114.55445607070774,-244.94456243433612,140.80068792857145,6.0139753999999925
0.78,28,40,3,0,18,0.6,20,23,5852096.31,47.98402758770145,3.3976493114369943,9,3,1,177.80296203185807,2.533182439257363,9,3,11,0.13043478260869565,0.391304347826087,-114.55445607070774,-244.94456243433612,140.80068792857145,6.0139753999999925
0.78,28,40,3,0,22,0.3,20,23,5852096.31,47.98402758770145,3.3976493114369943,9,3,1,177.80296203185807,2.533182439257363,9,3,11,0.13043478260869565,0.391304347826087,-114.55445607070774,-244.94456243433612,140.80068792857145,6.0139753999999925
0.78,28,40,3,0,22,0.45,20,23,5852096.31,47.98402758770145,3.3976493114369943,9,3,1,177.80296203185807,2.533182439257363,9,3,11,0.13043478260869565,0.391304347826087,-114.55445607070774,-244.94456243433612,140.80068792857145,6.0139753999999925
0.78,28,40,3,0,22,0.6,20,23,5852096.31,47.98402758770145,3.3976493114369943,9,3,1,177.80296203185807,2.533182439257363,9,3,11,0.13043478260869565,0.391304347826087,-114.55445607070774,-244.94456243433612,140.80068792857145,6.0139753999999925
0.78,28,40,3,1,14,0.3,20,23,5852096.31,47.98402758770145,3.3976493114369943,9,3,1,177.80296203185807,2.533182439257363,9,3,11,0.13043478260869565,0.391304347826087,-114.55445607070774,-244.94456243433612,140.80068792857145,6.0139753999999925
0.78,28,40,3,1,14,0.45,20,23,5852096.31,47.98402758770145,3.3976493114369943,9,3,1,177.80296203185807,2.533182439257363,9,3,11,0.13043478260869565,0.391304347826087,-114.55445607070774,-244.94456243433612,140.80068792857145,6.0139753999999925
0.78,28,40,3,1,14,0.6,20,23,5852096.31,47.98402758770145,3.3976493114369943,9,3,1,177.80296203185807,2.533182439257363,9,3,11,0.13043478260869565,0.391304347826087,-114.55445607070774,-244.94456243433612,140.80068792857145,6.0139753999999925
0.78,28,40,3,1,18,0.3,20,23,5852096.31,47.98402758770145,3.3976493114369943,9,3,1,177.80296203185807,2.533182439257363,9,3,11,0.13043478260869565,0.391304347826087,-114.55445607070774,-244.94456243433612,140.80068792857145,6.0139753999999925
0.78,28,40,3,1,18,0.45,20,23,5852096.31,47.98402758770145,3.3976493114369943,9,3,1,177.80296203185807,2.533182439257363,9,3,11,0.13043478260869565,0.391304347826087,-114.55445607070774,-244.94456243433612,140.80068792857145,6.0139753999999925
0.78,28,40,3,1,18,0.6,20,23,5852096.31,47.98402758770145,3.3976493114369943,9,3,1,177.80296203185807,2.533182439257363,9,3,11,0.13043478260869565,0.391304347826087,-114.55445607070774,-244.94456243433612,140.80068792857145,6.0139753999999925
0.78,28,40,3,1,22,0.3,20,23,5852096.31,47.98402758770145,3.3976493114369943,9,3,1,177.80296203185807,2.533182439257363,9,3,11,0.13043478260869565,0.391304347826087,-114.55445607070774,-244.94456243433612,140.80068792857145,6.0139753999999925
0.78,28,40,3,1,22,0.45,20,23,5852096.31,47.98402758770145,3.3976493114369943,9,3,1,177.80296203185807,2.533182439257363,9,3,11,0.13043478260869565,0.391304347826087,-114.55445607070774,-244.94456243433612,140.80068792857145,6.0139753999999925
0.78,28,40,3,1,22,0.6,20,23,5852096.31,47.98402758770145,3.3976493114369943,9,3,1,177.80296203185807,2.533182439257363,9,3,11,0.13043478260869565,0.391304347826087,-114.55445607070774,-244.94456243433612,140.80068792857145,6.0139753999999925
0.78,28,40,3,2,14,0.3,20,23,5852096.31,47.98402758770145,3.3976493114369943,9,3,1,177.80296203185807,2.533182439257363,9,3,11,0.13043478260869565,0.391304347826087,-114.55445607070774,-244.94456243433612,140.80068792857145,6.0139753999999925
0.78,28,40,3,2,14,0.45,20,23,5852096.31,47.98402758770145,3.3976493114369943,9,3,1,177.80296203185807,2.533182439257363,9,3,11,0.13043478260869565,0.391304347826087,-114.55445607070774,-244.94456243433612,140.80068792857145,6.0139753999999925
0.78,28,40,3,2,14,0.6,20,23,5852096.31,47.98402758770145,3.3976493114369943,9,3,1,177.80296203185807,2.533182439257363,9,3,11,0.13043478260869565,0.391304347826087,-114.55445607070774,-244.94456243433612,140.80068792857145,6.0139753999999925
0.78,28,40,3,2,18,0.3,20,23,5852096.31,47.98402758770145,3.3976493114369943,9,3,1,177.80296203185807,2.533182439257363,9,3,11,0.13043478260869565,0.391304347826087,-114.55445607070774,-244.94456243433612,140.80068792857145,6.0139753999999925
0.78,28,40,3,2,18,0.45,20,23,5852096.31,47.98402758770145,3.3976493114369943,9,3,1,177.80296203185807,2.533182439257363,9,3,11,0.13043478260869565,0.391304347826087,-114.55445607070774,-244.94456243433612,140.80068792857145,6.0139753999999925
0.78,28,40,3,2,18,0.6,20,23,5852096.31,47.98402758770145,3.3976493114369943,9,3,1,177.80296203185807,2.533182439257363,9,3,11,0.13043478260869565,0.391304347826087,-114.55445607070774,-244.94456243433612,140.80068792857145,6.0139753999999925
0.78,28,40,3,2,22,0.3,20,23,5852096.31,47.98402758770145,3.3976493114369943,9,3,1,177.80296203185807,2.533182439257363,9,3,11,0.13043478260869565,0.391304347826087,-114.55445607070774,-244.94456243433612,140.80068792857145,6.0139753999999925
0.78,28,40,3,2,22,0.45,20,23,5852096.31,47.98402758770145,3.3976493114369943,9,3,1,177.80296203185807,2.533182439257363,9,3,11,0.13043478260869565,0.391304347826087,-114.55445607070774,-244.94456243433612,140.80068792857145,6.0139753999999925
0.78,28,40,3,2,22,0.6,20,23,5852096.31,47.98402758770145,3.3976493114369943,9,3,1,177.80296203185807,2.533182439257363,9,3,11,0.13043478260869565,0.391304347826087,-114.55445607070774,-244.94456243433612,140.80068792857145,6.0139753999999925
0.58,34,28,3,0,22,0.45,23,28,6252930.47,61.634851404807485,3.534198313814565,11,2,1,177.80296203185807,2.198965229637005,10,5,13,0.17857142857142858,0.35714285714285715,-125.21417140404108,-249.73788915433613,156.6637890714286,50.68620313333332
0.58,34,28,3,0,22,0.6,23,28,6252930.47,61.634851404807485,3.534198313814565,11,2,1,177.80296203185807,2.198965229637005,10,5,13,0.17857142857142858,0.35714285714285715,-125.21417140404108,-249.73788915433613,156.6637890714286,50.68620313333332
0.58,34,28,3,1,22,0.3,23,28,6252930.47,61.634851404807485,3.534198313814565,11,2,1,177.80296203185807,2.198965229637005,10,5,13,0.17857142857142858,0.35714285714285715,-125.21417140404108,-249.73788915433613,156.6637890714286,50.68620313333332
0.58,34,28,3,1,22,0.45,23,28,6252930.47,61.634851404807485,3.534198313814565,11,2,1,177.80296203185807,2.198965229637005,10,5,13,0.17857142857142858,0.35714285714285715,-125.21417140404108,-249.73788915433613,156.6637890714286,50.68620313333332
0.58,34,28,3,1,22,0.6,23,28,6252930.47,61.634851404807485,3.534198313814565,11,2,1,177.80296203185807,2.198965229637005,10,5,13,0.17857142857142858,0.35714285714285715,-125.21417140404108,-249.73788915433613,156.6637890714286,50.68620313333332
0.58,34,28,3,2,22,0.3,23,28,6252930.47,61.634851404807485,3.534198313814565,11,2,1,177.80296203185807,2.198965229637005,10,5,13,0.17857142857142858,0.35714285714285715,-125.21417140404108,-249.73788915433613,156.6637890714286,50.68620313333332
0.58,34,28,3,2,22,0.45,23,28,6252930.47,61.634851404807485,3.534198313814565,11,2,1,177.80296203185807,2.198965229637005,10,5,13,0.17857142857142858,0.35714285714285715,-125.21417140404108,-249.73788915433613,156.6637890714286,50.68620313333332
0.58,34,28,3,2,22,0.6,23,28,6252930.47,61.634851404807485,3.534198313814565,11,2,1,177.80296203185807,2.198965229637005,10,5,13,0.17857142857142858,0.35714285714285715,-125.21417140404108,-249.73788915433613,156.6637890714286,50.68620313333332
0.58,34,34,3,0,22,0.45,23,28,6252930.47,61.634851404807485,3.534198313814565,11,2,1,177.80296203185807,2.198965229637005,10,5,13,0.17857142857142858,0.35714285714285715,-125.21417140404108,-249.73788915433613,156.6637890714286,50.68620313333332
0.58,34,34,3,0,22,0.6,23,28,6252930.47,61.634851404807485,3.534198313814565,11,2,1,177.80296203185807,2.198965229637005,10,5,13,0.17857142857142858,0.35714285714285715,-125.21417140404108,-249.73788915433613,156.6637890714286,50.68620313333332
0.58,34,34,3,1,22,0.3,23,28,6252930.47,61.634851404807485,3.534198313814565,11,2,1,177.80296203185807,2.198965229637005,10,5,13,0.17857142857142858,0.35714285714285715,-125.21417140404108,-249.73788915433613,156.6637890714286,50.68620313333332
0.58,34,34,3,1,22,0.45,23,28,6252930.47,61.634851404807485,3.534198313814565,11,2,1,177.80296203185807,2.198965229637005,10,5,13,0.17857142857142858,0.35714285714285715,-125.21417140404108,-249.73788915433613,156.6637890714286,50.68620313333332
0.58,34,34,3,1,22,0.6,23,28,6252930.47,61.634851404807485,3.534198313814565,11,2,1,177.80296203185807,2.198965229637005,10,5,13,0.17857142857142858,0.35714285714285715,-125.21417140404108,-249.73788915433613,156.6637890714286,50.68620313333332
0.58,34,34,3,2,22,0.3,23,28,6252930.47,61.634851404807485,3.534198313814565,11,2,1,177.80296203185807,2.198965229637005,10,5,13,0.17857142857142858,0.35714285714285715,-125.21417140404108,-249.73788915433613,156.6637890714286,50.68620313333332
0.58,34,34,3,2,22,0.45,23,28,6252930.47,61.634851404807485,3.534198313814565,11,2,1,177.80296203185807,2.198965229637005,10,5,13,0.17857142857142858,0.35714285714285715,-125.21417140404108,-249.73788915433613,156.6637890714286,50.68620313333332
0.58,34,34,3,2,22,0.6,23,28,6252930.47,61.634851404807485,3.534198313814565,11,2,1,177.80296203185807,2.198965229637005,10,5,13,0.17857142857142858,0.35714285714285715,-125.21417140404108,-249.73788915433613,156.6637890714286,50.68620313333332
0.58,34,40,3,0,22,0.45,23,28,6252930.47,61.634851404807485,3.534198313814565,11,2,1,177.80296203185807,2.198965229637005,10,5,13,0.17857142857142858,0.35714285714285715,-125.21417140404108,-249.73788915433613,156.6637890714286,50.68620313333332
0.58,34,40,3,0,22,0.6,23,28,6252930.47,61.634851404807485,3.534198313814565,11,2,1,177.80296203185807,2.198965229637005,10,5,13,0.17857142857142858,0.35714285714285715,-125.21417140404108,-249.73788915433613,156.6637890714286,50.68620313333332
0.58,34,40,3,1,22,0.3,23,28,6252930.47,61.634851404807485,3.534198313814565,11,2,1,177.80296203185807,2.198965229637005,10,5,13,0.17857142857142858,0.35714285714285715,-125.21417140404108,-249.73788915433613,156.6637890714286,50.68620313333332
0.58,34,40,3,1,22,0.45,23,28,6252930.47,61.634851404807485,3.534198313814565,11,2,1,177.80296203185807,2.198965229637005,10,5,13,0.17857142857142858,0.35714285714285715,-125.21417140404108,-249.73788915433613,156.6637890714286,50.68620313333332
0.58,34,40,3,1,22,0.6,23,28,6252930.47,61.634851404807485,3.534198313814565,11,2,1,177.80296203185807,2.198965229637005,10,5,13,0.17857142857142858,0.35714285714285715,-125.21417140404108,-249.73788915433613,156.6637890714286,50.68620313333332
0.58,34,40,3,2,22,0.3,23,28,6252930.47,61.634851404807485,3.534198313814565,11,2,1,177.80296203185807,2.198965229637005,10,5,13,0.17857142857142858,0.35714285714285715,-125.21417140404108,-249.73788915433613,156.6637890714286,50.68620313333332
0.58,34,40,3,2,22,0.45,23,28,6252930.47,61.634851404807485,3.534198313814565,11,2,1,177.80296203185807,2.198965229637005,10,5,13,0.17857142857142858,0.35714285714285715,-125.21417140404108,-249.73788915433613,156.6637890714286,50.68620313333332
0.58,34,40,3,2,22,0.6,23,28,6252930.47,61.634851404807485,3.534198313814565,11,2,1,177.80296203185807,2.198965229637005,10,5,13,0.17857142857142858,0.35714285714285715,-125.21417140404108,-249.73788915433613,156.6637890714286,50.68620313333332
0.63,34,28,3,0,22,0.45,23,28,6252930.47,61.634851404807485,3.534198313814565,11,2,1,177.80296203185807,2.198965229637005,10,5,13,0.17857142857142858,0.35714285714285715,-125.21417140404108,-249.73788915433613,156.6637890714286,50.68620313333332
0.63,34,28,3,0,22,0.6,23,28,6252930.47,61.634851404807485,3.534198313814565,11,2,1,177.80296203185807,2.198965229637005,10,5,13,0.17857142857142858,0.35714285714285715,-125.21417140404108,-249.73788915433613,156.6637890714286,50.68620313333332
0.63,34,28,3,1,22,0.3,23,28,6252930.47,61.634851404807485,3.534198313814565,11,2,1,177.80296203185807,2.198965229637005,10,5,13,0.17857142857142858,0.35714285714285715,-125.21417140404108,-249.73788915433613,156.6637890714286,50.68620313333332
0.63,34,28,3,1,22,0.45,23,28,6252930.47,61.634851404807485,3.534198313814565,11,2,1,177.80296203185807,2.198965229637005,10,5,13,0.17857142857142858,0.35714285714285715,-125.21417140404108,-249.73788915433613,156.6637890714286,50.68620313333332
0.63,34,28,3,1,22,0.6,23,28,6252930.47,61.634851404807485,3.534198313814565,11,2,1,177.80296203185807,2.198965229637005,10,5,13,0.17857142857142858,0.35714285714285715,-125.21417140404108,-249.73788915433613,156.6637890714286,50.68620313333332
0.63,34,28,3,2,22,0.3,23,28,6252930.47,61.634851404807485,3.534198313814565,11,2,1,177.80296203185807,2.198965229637005,10,5,13,0.17857142857142858,0.35714285714285715,-125.21417140404108,-249.73788915433613,156.6637890714286,50.68620313333332
0.63,34,28,3,2,22,0.45,23,28,6252930.47,61.634851404807485,3.534198313814565,11,2,1,177.80296203185807,2.198965229637005,10,5,13,0.17857142857142858,0.35714285714285715,-125.21417140404108,-249.73788915433613,156.6637890714286,50.68620313333332
0.63,34,28,3,2,22,0.6,23,28,6252930.47,61.634851404807485,3.534198313814565,11,2,1,177.80296203185807,2.198965229637005,10,5,13,0.17857142857142858,0.35714285714285715,-125.21417140404108,-249.73788915433613,156.6637890714286,50.68620313333332
0.63,34,34,3,0,22,0.45,23,28,6252930.47,61.634851404807485,3.534198313814565,11,2,1,177.80296203185807,2.198965229637005,10,5,13,0.17857142857142858,0.35714285714285715,-125.21417140404108,-249.73788915433613,156.6637890714286,50.68620313333332
0.63,34,34,3,0,22,0.6,23,28,6252930.47,61.634851404807485,3.534198313814565,11,2,1,177.80296203185807,2.198965229637005,10,5,13,0.17857142857142858,0.35714285714285715,-125.21417140404108,-249.73788915433613,156.6637890714286,50.68620313333332
0.63,34,34,3,1,22,0.3,23,28,6252930.47,61.634851404807485,3.534198313814565,11,2,1,177.80296203185807,2.198965229637005,10,5,13,0.17857142857142858,0.35714285714285715,-125.21417140404108,-249.73788915433613,156.6637890714286,50.68620313333332
0.63,34,34,3,1,22,0.45,23,28,6252930.47,61.634851404807485,3.534198313814565,11,2,1,177.80296203185807,2.198965229637005,10,5,13,0.17857142857142858,0.35714285714285715,-125.21417140404108,-249.73788915433613,156.6637890714286,50.68620313333332
0.63,34,34,3,1,22,0.6,23,28,6252930.47,61.634851404807485,3.534198313814565,11,2,1,177.80296203185807,2.198965229637005,10,5,13,0.17857142857142858,0.35714285714285715,-125.21417140404108,-249.73788915433613,156.6637890714286,50.68620313333332
0.63,34,34,3,2,22,0.3,23,28,6252930.47,61.634851404807485,3.534198313814565,11,2,1,177.80296203185807,2.198965229637005,10,5,13,0.17857142857142858,0.35714285714285715,-125.21417140404108,-249.73788915433613,156.6637890714286,50.68620313333332
0.63,34,34,3,2,22,0.45,23,28,6252930.47,61.634851404807485,3.534198313814565,11,2,1,177.80296203185807,2.198965229637005,10,5,13,0.17857142857142858,0.35714285714285715,-125.21417140404108,-249.73788915433613,156.6637890714286,50.68620313333332
0.63,34,34,3,2,22,0.6,23,28,6252930.47,61.634851404807485,3.534198313814565,11,2,1,177.80296203185807,2.198965229637005,10,5,13,0.17857142857142858,0.35714285714285715,-125.21417140404108,-249.73788915433613,156.6637890714286,50.68620313333332
0.63,34,40,3,0,22,0.45,23,28,6252930.47,61.634851404807485,3.534198313814565,11,2,1,177.80296203185807,2.198965229637005,10,5,13,0.17857142857142858,0.35714285714285715,-125.21417140404108,-249.73788915433613,156.6637890714286,50.68620313333332
0.63,34,40,3,0,22,0.6,23,28,6252930.47,61.634851404807485,3.534198313814565,11,2,1,177.80296203185807,2.198965229637005,10,5,13,0.17857142857142858,0.35714285714285715,-125.21417140404108,-249.73788915433613,156.6637890714286,50.68620313333332
0.63,34,40,3,1,22,0.3,23,28,6252930.47,61.634851404807485,3.534198313814565,11,2,1,177.80296203185807,2.198965229637005,10,5,13,0.17857142857142858,0.35714285714285715,-125.21417140404108,-249.73788915433613,156.6637890714286,50.68620313333332
0.63,34,40,3,1,22,0.45,23,28,6252930.47,61.634851404807485,3.534198313814565,11,2,1,177.80296203185807,2.198965229637005,10,5,13,0.17857142857142858,0.35714285714285715,-125.21417140404108,-249.73788915433613,156.6637890714286,50.68620313333332
0.63,34,40,3,1,22,0.6,23,28,6252930.47,61.634851404807485,3.534198313814565,11,2,1,177.80296203185807,2.198965229637005,10,5,13,0.17857142857142858,0.35714285714285715,-125.21417140404108,-249.73788915433613,156.6637890714286,50.68620313333332
0.63,34,40,3,2,22,0.3,23,28,6252930.47,61.634851404807485,3.534198313814565,11,2,1,177.80296203185807,2.198965229637005,10,5,13,0.17857142857142858,0.35714285714285715,-125.21417140404108,-249.73788915433613,156.6637890714286,50.68620313333332
0.63,34,40,3,2,22,0.45,23,28,6252930.47,61.634851404807485,3.534198313814565,11,2,1,177.80296203185807,2.198965229637005,10,5,13,0.17857142857142858,0.35714285714285715,-125.21417140404108,-249.73788915433613,156.6637890714286,50.68620313333332
0.63,34,40,3,2,22,0.6,23,28,6252930.47,61.634851404807485,3.534198313814565,11,2,1,177.80296203185807,2.198965229637005,10,5,13,0.17857142857142858,0.35714285714285715,-125.21417140404108,-249.73788915433613,156.6637890714286,50.68620313333332
0.68,34,28,3,0,22,0.45,23,28,6252930.47,61.634851404807485,3.534198313814565,11,2,1,177.80296203185807,2.198965229637005,10,5,13,0.17857142857142858,0.35714285714285715,-125.21417140404108,-249.73788915433613,156.6637890714286,50.68620313333332
0.68,34,28,3,0,22,0.6,23,28,6252930.47,61.634851404807485,3.534198313814565,11,2,1,177.80296203185807,2.198965229637005,10,5,13,0.17857142857142858,0.35714285714285715,-125.21417140404108,-249.73788915433613,156.6637890714286,50.68620313333332
0.68,34,28,3,1,22,0.3,23,28,6252930.47,61.634851404807485,3.534198313814565,11,2,1,177.80296203185807,2.198965229637005,10,5,13,0.17857142857142858,0.35714285714285715,-125.21417140404108,-249.73788915433613,156.6637890714286,50.68620313333332
0.68,34,28,3,1,22,0.45,23,28,6252930.47,61.634851404807485,3.534198313814565,11,2,1,177.80296203185807,2.198965229637005,10,5,13,0.17857142857142858,0.35714285714285715,-125.21417140404108,-249.73788915433613,156.6637890714286,50.68620313333332
0.68,34,28,3,1,22,0.6,23,28,6252930.47,61.634851404807485,3.534198313814565,11,2,1,177.80296203185807,2.198965229637005,10,5,13,0.17857142857142858,0.35714285714285715,-125.21417140404108,-249.73788915433613,156.6637890714286,50.68620313333332
0.68,34,28,3,2,22,0.3,23,28,6252930.47,61.634851404807485,3.534198313814565,11,2,1,177.80296203185807,2.198965229637005,10,5,13,0.17857142857142858,0.35714285714285715,-125.21417140404108,-249.73788915433613,156.6637890714286,50.68620313333332
0.68,34,28,3,2,22,0.45,23,28,6252930.47,61.634851404807485,3.534198313814565,11,2,1,177.80296203185807,2.198965229637005,10,5,13,0.17857142857142858,0.35714285714285715,-125.21417140404108,-249.73788915433613,156.6637890714286,50.68620313333332
0.68,34,28,3,2,22,0.6,23,28,6252930.47,61.634851404807485,3.534198313814565,11,2,1,177.80296203185807,2.198965229637005,10,5,13,0.17857142857142858,0.35714285714285715,-125.21417140404108,-249.73788915433613,156.6637890714286,50.68620313333332
0.68,34,34,3,0,22,0.45,23,28,6252930.47,61.634851404807485,3.534198313814565,11,2,1,177.80296203185807,2.198965229637005,10,5,13,0.17857142857142858,0.35714285714285715,-125.21417140404108,-249.73788915433613,156.6637890714286,50.68620313333332
0.68,34,34,3,0,22,0.6,23,28,6252930.47,61.634851404807485,3.534198313814565,11,2,1,177.80296203185807,2.198965229637005,10,5,13,0.17857142857142858,0.35714285714285715,-125.21417140404108,-249.73788915433613,156.6637890714286,50.68620313333332
0.68,34,34,3,1,22,0.3,23,28,6252930.47,61.634851404807485,3.534198313814565,11,2,1,177.80296203185807,2.198965229637005,10,5,13,0.17857142857142858,0.35714285714285715,-125.21417140404108,-249.73788915433613,156.6637890714286,50.68620313333332
0.68,34,34,3,1,22,0.45,23,28,6252930.47,61.634851404807485,3.534198313814565,11,2,1,177.80296203185807,2.198965229637005,10,5,13,0.17857142857142858,0.35714285714285715,-125.21417140404108,-249.73788915433613,156.6637890714286,50.68620313333332
0.68,34,34,3,1,22,0.6,23,28,6252930.47,61.634851404807485,3.534198313814565,11,2,1,177.80296203185807,2.198965229637005,10,5,13,0.17857142857142858,0.35714285714285715,-125.21417140404108,-249.73788915433613,156.6637890714286,50.68620313333332
0.68,34,34,3,2,22,0.3,23,28,6252930.47,61.634851404807485,3.534198313814565,11,2,1,177.80296203185807,2.198965229637005,10,5,13,0.17857142857142858,0.35714285714285715,-125.21417140404108,-249.73788915433613,156.6637890714286,50.68620313333332
0.68,34,34,3,2,22,0.45,23,28,6252930.47,61.634851404807485,3.534198313814565,11,2,1,177.80296203185807,2.198965229637005,10,5,13,0.17857142857142858,0.35714285714285715,-125.21417140404108,-249.73788915433613,156.6637890714286,50.68620313333332
0.68,34,34,3,2,22,0.6,23,28,6252930.47,61.634851404807485,3.534198313814565,11,2,1,177.80296203185807,2.198965229637005,10,5,13,0.17857142857142858,0.35714285714285715,-125.21417140404108,-249.73788915433613,156.6637890714286,50.68620313333332
0.68,34,40,3,0,22,0.45,23,28,6252930.47,61.634851404807485,3.534198313814565,11,2,1,177.80296203185807,2.198965229637005,10,5,13,0.17857142857142858,0.35714285714285715,-125.21417140404108,-249.73788915433613,156.6637890714286,50.68620313333332
0.68,34,40,3,0,22,0.6,23,28,6252930.47,61.634851404807485,3.534198313814565,11,2,1,177.80296203185807,2.198965229637005,10,5,13,0.17857142857142858,0.35714285714285715,-125.21417140404108,-249.73788915433613,156.6637890714286,50.68620313333332
0.68,34,40,3,1,22,0.3,23,28,6252930.47,61.634851404807485,3.534198313814565,11,2,1,177.80296203185807,2.198965229637005,10,5,13,0.17857142857142858,0.35714285714285715,-125.21417140404108,-249.73788915433613,156.6637890714286,50.68620313333332
0.68,34,40,3,1,22,0.45,23,28,6252930.47,61.634851404807485,3.534198313814565,11,2,1,177.80296203185807,2.198965229637005,10,5,13,0.17857142857142858,0.35714285714285715,-125.21417140404108,-249.73788915433613,156.6637890714286,50.68620313333332
0.68,34,40,3,1,22,0.6,23,28,6252930.47,61.634851404807485,3.534198313814565,11,2,1,177.80296203185807,2.198965229637005,10,5,13,0.17857142857142858,0.35714285714285715,-125.21417140404108,-249.73788915433613,156.6637890714286,50.68620313333332
0.68,34,40,3,2,22,0.3,23,28,6252930.47,61.634851404807485,3.534198313814565,11,2,1,177.80296203185807,2.198965229637005,10,5,13,0.17857142857142858,0.35714285714285715,-125.21417140404108,-249.73788915433613,156.6637890714286,50.68620313333332
0.68,34,40,3,2,22,0.45,23,28,6252930.47,61.634851404807485,3.534198313814565,11,2,1,177.80296203185807,2.198965229637005,10,5,13,0.17857142857142858,0.35714285714285715,-125.21417140404108,-249.73788915433613,156.6637890714286,50.68620313333332
0.68,34,40,3,2,22,0.6,23,28,6252930.47,61.634851404807485,3.534198313814565,11,2,1,177.80296203185807,2.198965229637005,10,5,13,0.17857142857142858,0.35714285714285715,-125.21417140404108,-249.73788915433613,156.6637890714286,50.68620313333332
0.73,34,28,3,0,22,0.45,23,28,6252930.47,61.634851404807485,3.534198313814565,11,2,1,177.80296203185807,2.198965229637005,10,5,13,0.17857142857142858,0.35714285714285715,-125.21417140404108,-249.73788915433613,156.6637890714286,50.68620313333332
0.73,34,28,3,0,22,0.6,23,28,6252930.47,61.634851404807485,3.534198313814565,11,2,1,177.80296203185807,2.198965229637005,10,5,13,0.17857142857142858,0.35714285714285715,-125.21417140404108,-249.73788915433613,156.6637890714286,50.68620313333332
0.73,34,28,3,1,22,0.3,23,28,6252930.47,61.634851404807485,3.534198313814565,11,2,1,177.80296203185807,2.198965229637005,10,5,13,0.17857142857142858,0.35714285714285715,-125.21417140404108,-249.73788915433613,156.6637890714286,50.68620313333332
0.73,34,28,3,1,22,0.45,23,28,6252930.47,61.634851404807485,3.534198313814565,11,2,1,177.80296203185807,2.198965229637005,10,5,13,0.17857142857142858,0.35714285714285715,-125.21417140404108,-249.73788915433613,156.6637890714286,50.68620313333332
0.73,34,28,3,1,22,0.6,23,28,6252930.47,61.634851404807485,3.534198313814565,11,2,1,177.80296203185807,2.198965229637005,10,5,13,0.17857142857142858,0.35714285714285715,-125.21417140404108,-249.73788915433613,156.6637890714286,50.68620313333332
0.73,34,28,3,2,22,0.3,23,28,6252930.47,61.634851404807485,3.534198313814565,11,2,1,177.80296203185807,2.198965229637005,10,5,13,0.17857142857142858,0.35714285714285715,-125.21417140404108,-249.73788915433613,156.6637890714286,50.68620313333332
0.73,34,28,3,2,22,0.45,23,28,6252930.47,61.634851404807485,3.534198313814565,11,2,1,177.80296203185807,2.198965229637005,10,5,13,0.17857142857142858,0.35714285714285715,-125.21417140404108,-249.73788915433613,156.6637890714286,50.68620313333332
0.73,34,28,3,2,22,0.6,23,28,6252930.47,61.634851404807485,3.534198313814565,11,2,1,177.80296203185807,2.198965229637005,10,5,13,0.17857142857142858,0.35714285714285715,-125.21417140404108,-249.73788915433613,156.6637890714286,50.68620313333332
0.73,34,34,3,0,22,0.45,23,28,6252930.47,61.634851404807485,3.534198313814565,11,2,1,177.80296203185807,2.198965229637005,10,5,13,0.17857142857142858,0.35714285714285715,-125.21417140404108,-249.73788915433613,156.6637890714286,50.68620313333332
0.73,34,34,3,0,22,0.6,23,28,6252930.47,61.634851404807485,3.534198313814565,11,2,1,177.80296203185807,2.198965229637005,10,5,13,0.17857142857142858,0.35714285714285715,-125.21417140404108,-249.73788915433613,156.6637890714286,50.68620313333332
0.73,34,34,3,1,22,0.3,23,28,6252930.47,61.634851404807485,3.534198313814565,11,2,1,177.80296203185807,2.198965229637005,10,5,13,0.17857142857142858,0.35714285714285715,-125.21417140404108,-249.73788915433613,156.6637890714286,50.68620313333332
0.73,34,34,3,1,22,0.45,23,28,6252930.47,61.634851404807485,3.534198313814565,11,2,1,177.80296203185807,2.198965229637005,10,5,13,0.17857142857142858,0.35714285714285715,-125.21417140404108,-249.73788915433613,156.6637890714286,50.68620313333332
0.73,34,34,3,1,22,0.6,23,28,6252930.47,61.634851404807485,3.534198313814565,11,2,1,177.80296203185807,2.198965229637005,10,5,13,0.17857142857142858,0.35714285714285715,-125.21417140404108,-249.73788915433613,156.6637890714286,50.68620313333332
0.73,34,34,3,2,22,0.3,23,28,6252930.47,61.634851404807485,3.534198313814565,11,2,1,177.80296203185807,2.198965229637005,10,5,13,0.17857142857142858,0.35714285714285715,-125.21417140404108,-249.73788915433613,156.6637890714286,50.68620313333332
0.73,34,34,3,2,22,0.45,23,28,6252930.47,61.634851404807485,3.534198313814565,11,2,1,177.80296203185807,2.198965229637005,10,5,13,0.17857142857142858,0.35714285714285715,-125.21417140404108,-249.73788915433613,156.6637890714286,50.68620313333332
0.73,34,34,3,2,22,0.6,23,28,6252930.47,61.634851404807485,3.534198313814565,11,2,1,177.80296203185807,2.198965229637005,10,5,13,0.17857142857142858,0.35714285714285715,-125.21417140404108,-249.73788915433613,156.6637890714286,50.68620313333332
0.73,34,40,3,0,22,0.45,23,28,6252930.47,61.634851404807485,3.534198313814565,11,2,1,177.80296203185807,2.198965229637005,10,5,13,0.17857142857142858,0.35714285714285715,-125.21417140404108,-249.73788915433613,156.6637890714286,50.68620313333332
0.73,34,40,3,0,22,0.6,23,28,6252930.47,61.634851404807485,3.534198313814565,11,2,1,177.80296203185807,2.198965229637005,10,5,13,0.17857142857142858,0.35714285714285715,-125.21417140404108,-249.73788915433613,156.6637890714286,50.68620313333332
0.73,34,40,3,1,22,0.3,23,28,6252930.47,61.634851404807485,3.534198313814565,11,2,1,177.80296203185807,2.198965229637005,10,5,13,0.17857142857142858,0.35714285714285715,-125.21417140404108,-249.73788915433613,156.6637890714286,50.68620313333332
0.73,34,40,3,1,22,0.45,23,28,6252930.47,61.634851404807485,3.534198313814565,11,2,1,177.80296203185807,2.198965229637005,10,5,13,0.17857142857142858,0.35714285714285715,-125.21417140404108,-249.73788915433613,156.6637890714286,50.68620313333332
0.73,34,40,3,1,22,0.6,23,28,6252930.47,61.634851404807485,3.534198313814565,11,2,1,177.80296203185807,2.198965229637005,10,5,13,0.17857142857142858,0.35714285714285715,-125.21417140404108,-249.73788915433613,156.6637890714286,50.68620313333332
0.73,34,40,3,2,22,0.3,23,28,6252930.47,61.634851404807485,3.534198313814565,11,2,1,177.80296203185807,2.198965229637005,10,5,13,0.17857142857142858,0.35714285714285715,-125.21417140404108,-249.73788915433613,156.6637890714286,50.68620313333332
0.73,34,40,3,2,22,0.45,23,28,6252930.47,61.634851404807485,3.534198313814565,11,2,1,177.80296203185807,2.198965229637005,10,5,13,0.17857142857142858,0.35714285714285715,-125.21417140404108,-249.73788915433613,156.6637890714286,50.68620313333332
0.73,34,40,3,2,22,0.6,23,28,6252930.47,61.634851404807485,3.534198313814565,11,2,1,177.80296203185807,2.198965229637005,10,5,13,0.17857142857142858,0.35714285714285715,-125.21417140404108,-249.73788915433613,156.6637890714286,50.68620313333332
0.58,34,28,3,0,14,0.45,21,26,5946000.31,56.9398535161912,3.534198313814565,11,1,1,177.80296203185807,2.351971917960109,10,5,11,0.19230769230769232,0.38461538461538464,-129.7719227373744,-260.19333043433613,135.4714307857143,38.64000206666668
0.58,34,28,3,0,14,0.6,21,26,5946000.31,56.9398535161912,3.534198313814565,11,1,1,177.80296203185807,2.351971917960109,10,5,11,0.19230769230769232,0.38461538461538464,-129.7719227373744,-260.19333043433613,135.4714307857143,38.64000206666668
0.58,34,28,3,0,18,0.45,21,26,5946000.31,56.9398535161912,3.534198313814565,11,1,1,177.80296203185807,2.351971917960109,10,5,11,0.19230769230769232,0.38461538461538464,-129.7719227373744,-260.19333043433613,135.4714307857143,38.64000206666668
0.58,34,28,3,0,18,0.6,21,26,5946000.31,56.9398535161912,3.534198313814565,11,1,1,177.80296203185807,2.351971917960109,10,5,11,0.19230769230769232,0.38461538461538464,-129.7719227373744,-260.19333043433613,135.4714307857143,38.64000206666668
0.58,34,28,3,1,14,0.3,21,26,5946000.31,56.9398535161912,3.534198313814565,11,1,1,177.80296203185807,2.351971917960109,10,5,11,0.19230769230769232,0.38461538461538464,-129.7719227373744,-260.19333043433613,135.4714307857143,38.64000206666668
0.58,34,28,3,1,14,0.45,21,26,5946000.31,56.9398535161912,3.534198313814565,11,1,1,177.80296203185807,2.351971917960109,10,5,11,0.19230769230769232,0.38461538461538464,-129.7719227373744,-260.19333043433613,135.4714307857143,38.64000206666668
0.58,34,28,3,1,14,0.6,21,26,5946000.31,56.9398535161912,3.534198313814565,11,1,1,177.80296203185807,2.351971917960109,10,5,11,0.19230769230769232,0.38461538461538464,-129.7719227373744,-260.19333043433613,135.4714307857143,38.64000206666668
0.58,34,28,3,1,18,0.3,21,26,5946000.31,56.9398535161912,3.534198313814565,11,1,1,177.80296203185807,2.351971917960109,10,5,11,0.19230769230769232,0.38461538461538464,-129.7719227373744,-260.19333043433613,135.4714307857143,38.64000206666668
0.58,34,28,3,1,18,0.45,21,26,5946000.31,56.9398535161912,3.534198313814565,11,1,1,177.80296203185807,2.351971917960109,10,5,11,0.19230769230769232,0.38461538461538464,-129.7719227373744,-260.19333043433613,135.4714307857143,38.64000206666668
0.58,34,28,3,1,18,0.6,21,26,5946000.31,56.9398535161912,3.534198313814565,11,1,1,177.80296203185807,2.351971917960109,10,5,11,0.19230769230769232,0.38461538461538464,-129.7719227373744,-260.19333043433613,135.4714307857143,38.64000206666668
0.58,34,28,3,2,14,0.3,21,26,5946000.31,56.9398535161912,3.534198313814565,11,1,1,177.80296203185807,2.351971917960109,10,5,11,0.19230769230769232,0.38461538461538464,-129.7719227373744,-260.19333043433613,135.4714307857143,38.64000206666668
0.58,34,28,3,2,14,0.45,21,26,5946000.31,56.9398535161912,3.534198313814565,11,1,1,177.80296203185807,2.351971917960109,10,5,11,0.19230769230769232,0.38461538461538464,-129.7719227373744,-260.19333043433613,135.4714307857143,38.64000206666668
0.58,34,28,3,2,14,0.6,21,26,5946000.31,56.9398535161912,3.534198313814565,11,1,1,177.80296203185807,2.351971917960109,10,5,11,0.19230769230769232,0.38461538461538464,-129.7719227373744,-260.19333043433613,135.4714307857143,38.64000206666668
0.58,34,28,3,2,18,0.3,21,26,5946000.31,56.9398535161912,3.534198313814565,11,1,1,177.80296203185807,2.351971917960109,10,5,11,0.19230769230769232,0.38461538461538464,-129.7719227373744,-260.19333043433613,135.4714307857143,38.64000206666668
0.58,34,28,3,2,18,0.45,21,26,5946000.31,56.9398535161912,3.534198313814565,11,1,1,177.80296203185807,2.351971917960109,10,5,11,0.19230769230769232,0.38461538461538464,-129.7719227373744,-260.19333043433613,135.4714307857143,38.64000206666668
0.58,34,28,3,2,18,0.6,21,26,5946000.31,56.9398535161912,3.534198313814565,11,1,1,177.80296203185807,2.351971917960109,10,5,11,0.19230769230769232,0.38461538461538464,-129.7719227373744,-260.19333043433613,135.4714307857143,38.64000206666668
0.58,34,34,3,0,14,0.45,21,26,5946000.31,56.9398535161912,3.534198313814565,11,1,1,177.80296203185807,2.351971917960109,10,5,11,0.19230769230769232,0.38461538461538464,-129.7719227373744,-260.19333043433613,135.4714307857143,38.64000206666668
0.58,34,34,3,0,14,0.6,21,26,5946000.31,56.9398535161912,3.534198313814565,11,1,1,177.80296203185807,2.351971917960109,10,5,11,0.19230769230769232,0.38461538461538464,-129.7719227373744,-260.19333043433613,135.4714307857143,38.64000206666668
0.58,34,34,3,0,18,0.45,21,26,5946000.31,56.9398535161912,3.534198313814565,11,1,1,177.80296203185807,2.351971917960109,10,5,11,0.19230769230769232,0.38461538461538464,-129.7719227373744,-260.19333043433613,135.4714307857143,38.64000206666668
0.58,34,34,3,0,18,0.6,21,26,5946000.31,56.9398535161912,3.534198313814565,11,1,1,177.80296203185807,2.351971917960109,10,5,11,0.19230769230769232,0.38461538461538464,-129.7719227373744,-260.19333043433613,135.4714307857143,38.64000206666668
0.58,34,34,3,1,14,0.3,21,26,5946000.31,56.9398535161912,3.534198313814565,11,1,1,177.80296203185807,2.351971917960109,10,5,11,0.19230769230769232,0.38461538461538464,-129.7719227373744,-260.19333043433613,135.4714307857143,38.64000206666668
0.58,34,34,3,1,14,0.45,21,26,5946000.31,56.9398535161912,3.534198313814565,11,1,1,177.80296203185807,2.351971917960109,10,5,11,0.19230769230769232,0.38461538461538464,-129.7719227373744,-260.19333043433613,135.4714307857143,38.64000206666668
0.58,34,34,3,1,14,0.6,21,26,5946000.31,56.9398535161912,3.534198313814565,11,1,1,177.80296203185807,2.351971917960109,10,5,11,0.19230769230769232,0.38461538461538464,-129.7719227373744,-260.19333043433613,135.4714307857143,38.64000206666668
0.58,34,34,3,1,18,0.3,21,26,5946000.31,56.9398535161912,3.534198313814565,11,1,1,177.80296203185807,2.351971917960109,10,5,11,0.19230769230769232,0.38461538461538464,-129.7719227373744,-260.19333043433613,135.4714307857143,38.64000206666668
0.58,34,34,3,1,18,0.45,21,26,5946000.31,56.9398535161912,3.534198313814565,11,1,1,177.80296203185807,2.351971917960109,10,5,11,0.19230769230769232,0.38461538461538464,-129.7719227373744,-260.19333043433613,135.4714307857143,38.64000206666668
0.58,34,34,3,1,18,0.6,21,26,5946000.31,56.9398535161912,3.534198313814565,11,1,1,177.80296203185807,2.351971917960109,10,5,11,0.19230769230769232,0.38461538461538464,-129.7719227373744,-260.19333043433613,135.4714307857143,38.64000206666668
0.58,34,34,3,2,14,0.3,21,26,5946000.31,56.9398535161912,3.534198313814565,11,1,1,177.80296203185807,2.351971917960109,10,5,11,0.19230769230769232,0.38461538461538464,-129.7719227373744,-260.19333043433613,135.4714307857143,38.64000206666668
0.58,34,34,3,2,14,0.45,21,26,5946000.31,56.9398535161912,3.534198313814565,11,1,1,177.80296203185807,2.351971917960109,10,5,11,0.19230769230769232,0.38461538461538464,-129.7719227373744,-260.19333043433613,135.4714307857143,38.64000206666668
0.58,34,34,3,2,14,0.6,21,26,5946000.31,56.9398535161912,3.534198313814565,11,1,1,177.80296203185807,2.351971917960109,10,5,11,0.19230769230769232,0.38461538461538464,-129.7719227373744,-260.19333043433613,135.4714307857143,38.64000206666668
0.58,34,34,3,2,18,0.3,21,26,5946000.31,56.9398535161912,3.534198313814565,11,1,1,177.80296203185807,2.351971917960109,10,5,11,0.19230769230769232,0.38461538461538464,-129.7719227373744,-260.19333043433613,135.4714307857143,38.64000206666668
0.58,34,34,3,2,18,0.45,21,26,5946000.31,56.9398535161912,3.534198313814565,11,1,1,177.80296203185807,2.351971917960109,10,5,11,0.19230769230769232,0.38461538461538464,-129.7719227373744,-260.19333043433613,135.4714307857143,38.64000206666668
0.58,34,34,3,2,18,0.6,21,26,5946000.31,56.9398535161912,3.534198313814565,11,1,1,177.80296203185807,2.351971917960109,10,5,11,0.19230769230769232,0.38461538461538464,-129.7719227373744,-260.19333043433613,135.4714307857143,38.64000206666668
0.58,34,40,3,0,14,0.45,21,26,5946000.31,56.9398535161912,3.534198313814565,11,1,1,177.80296203185807,2.351971917960109,10,5,11,0.19230769230769232,0.38461538461538464,-129.7719227373744,-260.19333043433613,135.4714307857143,38.64000206666668
0.58,34,40,3,0,14,0.6,21,26,5946000.31,56.9398535161912,3.534198313814565,11,1,1,177.80296203185807,2.351971917960109,10,5,11,0.19230769230769232,0.38461538461538464,-129.7719227373744,-260.19333043433613,135.4714307857143,38.64000206666668
0.58,34,40,3,0,18,0.45,21,26,5946000.31,56.9398535161912,3.534198313814565,11,1,1,177.80296203185807,2.351971917960109,10,5,11,0.19230769230769232,0.38461538461538464,-129.7719227373744,-260.19333043433613,135.4714307857143,38.64000206666668
0.58,34,40,3,0,18,0.6,21,26,5946000.31,56.9398535161912,3.534198313814565,11,1,1,177.80296203185807,2.351971917960109,10,5,11,0.19230769230769232,0.38461538461538464,-129.7719227373744,-260.19333043433613,135.4714307857143,38.64000206666668
0.58,34,40,3,1,14,0.3,21,26,5946000.31,56.9398535161912,3.534198313814565,11,1,1,177.80296203185807,2.351971917960109,10,5,11,0.19230769230769232,0.38461538461538464,-129.7719227373744,-260.19333043433613,135.4714307857143,38.64000206666668
0.58,34,40,3,1,14,0.45,21,26,5946000.31,56.9398535161912,3.534198313814565,11,1,1,177.80296203185807,2.351971917960109,10,5,11,0.19230769230769232,0.38461538461538464,-129.7719227373744,-260.19333043433613,135.4714307857143,38.64000206666668
0.58,34,40,3,1,14,0.6,21,26,5946000.31,56.9398535161912,3.534198313814565,11,1,1,177.80296203185807,2.351971917960109,10,5,11,0.19230769230769232,0.38461538461538464,-129.7719227373744,-260.19333043433613,135.4714307857143,38.64000206666668
0.58,34,40,3,1,18,0.3,21,26,5946000.31,56.9398535161912,3.534198313814565,11,1,1,177.80296203185807,2.351971917960109,10,5,11,0.19230769230769232,0.38461538461538464,-129.7719227373744,-260.19333043433613,135.4714307857143,38.64000206666668
0.58,34,40,3,1,18,0.45,21,26,5946000.31,56.9398535161912,3.534198313814565,11,1,1,177.80296203185807,2.351971917960109,10,5,11,0.19230769230769232,0.38461538461538464,-129.7719227373744,-260.19333043433613,135.4714307857143,38.64000206666668
0.58,34,40,3,1,18,0.6,21,26,5946000.31,56.9398535161912,3.534198313814565,11,1,1,177.80296203185807,2.351971917960109,10,5,11,0.19230769230769232,0.38461538461538464,-129.7719227373744,-260.19333043433613,135.4714307857143,38.64000206666668
0.58,34,40,3,2,14,0.3,21,26,5946000.31,56.9398535161912,3.534198313814565,11,1,1,177.80296203185807,2.351971917960109,10,5,11,0.19230769230769232,0.38461538461538464,-129.7719227373744,-260.19333043433613,135.4714307857143,38.64000206666668
0.58,34,40,3,2,14,0.45,21,26,5946000.31,56.9398535161912,3.534198313814565,11,1,1,177.80296203185807,2.351971917960109,10,5,11,0.19230769230769232,0.38461538461538464,-129.7719227373744,-260.19333043433613,135.4714307857143,38.64000206666668
0.58,34,40,3,2,14,0.6,21,26,5946000.31,56.9398535161912,3.534198313814565,11,1,1,177.80296203185807,2.351971917960109,10,5,11,0.19230769230769232,0.38461538461538464,-129.7719227373744,-260.19333043433613,135.4714307857143,38.64000206666668
0.58,34,40,3,2,18,0.3,21,26,5946000.31,56.9398535161912,3.534198313814565,11,1,1,177.80296203185807,2.351971917960109,10,5,11,0.19230769230769232,0.38461538461538464,-129.7719227373744,-260.19333043433613,135.4714307857143,38.64000206666668
0.58,34,40,3,2,18,0.45,21,26,5946000.31,56.9398535161912,3.534198313814565,11,1,1,177.80296203185807,2.351971917960109,10,5,11,0.19230769230769232,0.38461538461538464,-129.7719227373744,-260.19333043433613,135.4714307857143,38.64000206666668
0.58,34,40,3,2,18,0.6,21,26,5946000.31,56.9398535161912,3.534198313814565,11,1,1,177.80296203185807,2.351971917960109,10,5,11,0.19230769230769232,0.38461538461538464,-129.7719227373744,-260.19333043433613,135.4714307857143,38.64000206666668
0.63,34,28,3,0,14,0.45,21,26,5946000.31,56.9398535161912,3.534198313814565,11,1,1,177.80296203185807,2.351971917960109,10,5,11,0.19230769230769232,0.38461538461538464,-129.7719227373744,-260.19333043433613,135.4714307857143,38.64000206666668
0.63,34,28,3,0,14,0.6,21,26,5946000.31,56.9398535161912,3.534198313814565,11,1,1,177.80296203185807,2.351971917960109,10,5,11,0.19230769230769232,0.38461538461538464,-129.7719227373744,-260.19333043433613,135.4714307857143,38.64000206666668
0.63,34,28,3,0,18,0.45,21,26,5946000.31,56.9398535161912,3.534198313814565,11,1,1,177.80296203185807,2.351971917960109,10,5,11,0.19230769230769232,0.38461538461538464,-129.7719227373744,-260.19333043433613,135.4714307857143,38.64000206666668
0.63,34,28,3,0,18,0.6,21,26,5946000.31,56.9398535161912,3.534198313814565,11,1,1,177.80296203185807,2.351971917960109,10,5,11,0.19230769230769232,0.38461538461538464,-129.7719227373744,-260.19333043433613,135.4714307857143,38.64000206666668
0.63,34,28,3,1,14,0.3,21,26,5946000.31,56.9398535161912,3.534198313814565,11,1,1,177.80296203185807,2.351971917960109,10,5,11,0.19230769230769232,0.38461538461538464,-129.7719227373744,-260.19333043433613,135.4714307857143,38.64000206666668
0.63,34,28,3,1,14,0.45,21,26,5946000.31,56.9398535161912,3.534198313814565,11,1,1,177.80296203185807,2.351971917960109,10,5,11,0.19230769230769232,0.38461538461538464,-129.7719227373744,-260.19333043433613,135.4714307857143,38.64000206666668
0.63,34,28,3,1,14,0.6,21,26,5946000.31,56.9398535161912,3.534198313814565,11,1,1,177.80296203185807,2.351971917960109,10,5,11,0.19230769230769232,0.38461538461538464,-129.7719227373744,-260.19333043433613,135.4714307857143,38.64000206666668
0.63,34,28,3,1,18,0.3,21,26,5946000.31,56.9398535161912,3.534198313814565,11,1,1,177.80296203185807,2.351971917960109,10,5,11,0.19230769230769232,0.38461538461538464,-129.7719227373744,-260.19333043433613,135.4714307857143,38.64000206666668
0.63,34,28,3,1,18,0.45,21,26,5946000.31,56.9398535161912,3.534198313814565,11,1,1,177.80296203185807,2.351971917960109,10,5,11,0.19230769230769232,0.38461538461538464,-129.7719227373744,-260.19333043433613,135.4714307857143,38.64000206666668
0.63,34,28,3,1,18,0.6,21,26,5946000.31,56.9398535161912,3.534198313814565,11,1,1,177.80296203185807,2.351971917960109,10,5,11,0.19230769230769232,0.38461538461538464,-129.7719227373744,-260.19333043433613,135.4714307857143,38.64000206666668
0.63,34,28,3,2,14,0.3,21,26,5946000.31,56.9398535161912,3.534198313814565,11,1,1,177.80296203185807,2.351971917960109,10,5,11,0.19230769230769232,0.38461538461538464,-129.7719227373744,-260.19333043433613,135.4714307857143,38.64000206666668
0.63,34,28,3,2,14,0.45,21,26,5946000.31,56.9398535161912,3.534198313814565,11,1,1,177.80296203185807,2.351971917960109,10,5,11,0.19230769230769232,0.38461538461538464,-129.7719227373744,-260.19333043433613,135.4714307857143,38.64000206666668
0.63,34,28,3,2,14,0.6,21,26,5946000.31,56.9398535161912,3.534198313814565,11,1,1,177.80296203185807,2.351971917960109,10,5,11,0.19230769230769232,0.38461538461538464,-129.7719227373744,-260.19333043433613,135.4714307857143,38.64000206666668
0.63,34,28,3,2,18,0.3,21,26,5946000.31,56.9398535161912,3.534198313814565,11,1,1,177.80296203185807,2.351971917960109,10,5,11,0.19230769230769232,0.38461538461538464,-129.7719227373744,-260.19333043433613,135.4714307857143,38.64000206666668
0.63,34,28,3,2,18,0.45,21,26,5946000.31,56.9398535161912,3.534198313814565,11,1,1,177.80296203185807,2.351971917960109,10,5,11,0.19230769230769232,0.38461538461538464,-129.7719227373744,-260.19333043433613,135.4714307857143,38.64000206666668
0.63,34,28,3,2,18,0.6,21,26,5946000.31,56.9398535161912,3.534198313814565,11,1,1,177.80296203185807,2.351971917960109,10,5,11,0.19230769230769232,0.38461538461538464,-129.7719227373744,-260.19333043433613,135.4714307857143,38.64000206666668
0.63,34,34,3,0,14,0.45,21,26,5946000.31,56.9398535161912,3.534198313814565,11,1,1,177.80296203185807,2.351971917960109,10,5,11,0.19230769230769232,0.38461538461538464,-129.7719227373744,-260.19333043433613,135.4714307857143,38.64000206666668
0.63,34,34,3,0,14,0.6,21,26,5946000.31,56.9398535161912,3.534198313814565,11,1,1,177.80296203185807,2.351971917960109,10,5,11,0.19230769230769232,0.38461538461538464,-129.7719227373744,-260.19333043433613,135.4714307857143,38.64000206666668
0.63,34,34,3,0,18,0.45,21,26,5946000.31,56.9398535161912,3.534198313814565,11,1,1,177.80296203185807,2.351971917960109,10,5,11,0.19230769230769232,0.38461538461538464,-129.7719227373744,-260.19333043433613,135.4714307857143,38.64000206666668
0.63,34,34,3,0,18,0.6,21,26,5946000.31,56.9398535161912,3.534198313814565,11,1,1,177.80296203185807,2.351971917960109,10,5,11,0.19230769230769232,0.38461538461538464,-129.7719227373744,-260.19333043433613,135.4714307857143,38.64000206666668
0.63,34,34,3,1,14,0.3,21,26,5946000.31,56.9398535161912,3.534198313814565,11,1,1,177.80296203185807,2.351971917960109,10,5,11,0.19230769230769232,0.38461538461538464,-129.7719227373744,-260.19333043433613,135.4714307857143,38.64000206666668
0.63,34,34,3,1,14,0.45,21,26,5946000.31,56.9398535161912,3.534198313814565,11,1,1,177.80296203185807,2.351971917960109,10,5,11,0.19230769230769232,0.38461538461538464,-129.7719227373744,-260.19333043433613,135.4714307857143,38.64000206666668
0.63,34,34,3,1,14,0.6,21,26,5946000.31,56.9398535161912,3.534198313814565,11,1,1,177.80296203185807,2.351971917960109,10,5,11,0.19230769230769232,0.38461538461538464,-129.7719227373744,-260.19333043433613,135.4714307857143,38.64000206666668
0.63,34,34,3,1,18,0.3,21,26,5946000.31,56.9398535161912,3.534198313814565,11,1,1,177.80296203185807,2.351971917960109,10,5,11,0.19230769230769232,0.38461538461538464,-129.7719227373744,-260.19333043433613,135.4714307857143,38.64000206666668
0.63,34,34,3,1,18,0.45,21,26,5946000.31,56.9398535161912,3.534198313814565,11,1,1,177.80296203185807,2.351971917960109,10,5,11,0.19230769230769232,0.38461538461538464,-129.7719227373744,-260.19333043433613,135.4714307857143,38.64000206666668
0.63,34,34,3,1,18,0.6,21,26,5946000.31,56.9398535161912,3.534198313814565,11,1,1,177.80296203185807,2.351971917960109,10,5,11,0.19230769230769232,0.38461538461538464,-129.7719227373744,-260.19333043433613,135.4714307857143,38.64000206666668
0.63,34,34,3,2,14,0.3,21,26,5946000.31,56.9398535161912,3.534198313814565,11,1,1,177.80296203185807,2.351971917960109,10,5,11,0.19230769230769232,0.38461538461538464,-129.7719227373744,-260.19333043433613,135.4714307857143,38.64000206666668
0.63,34,34,3,2,14,0.45,21,26,5946000.31,56.9398535161912,3.534198313814565,11,1,1,177.80296203185807,2.351971917960109,10,5,11,0.19230769230769232,0.38461538461538464,-129.7719227373744,-260.19333043433613,135.4714307857143,38.64000206666668
0.63,34,34,3,2,14,0.6,21,26,5946000.31,56.9398535161912,3.534198313814565,11,1,1,177.80296203185807,2.351971917960109,10,5,11,0.19230769230769232,0.38461538461538464,-129.7719227373744,-260.19333043433613,135.4714307857143,38.64000206666668
0.63,34,34,3,2,18,0.3,21,26,5946000.31,56.9398535161912,3.534198313814565,11,1,1,177.80296203185807,2.351971917960109,10,5,11,0.19230769230769232,0.38461538461538464,-129.7719227373744,-260.19333043433613,135.4714307857143,38.64000206666668
0.63,34,34,3,2,18,0.45,21,26,5946000.31,56.9398535161912,3.534198313814565,11,1,1,177.80296203185807,2.351971917960109,10,5,11,0.19230769230769232,0.38461538461538464,-129.7719227373744,-260.19333043433613,135.4714307857143,38.64000206666668
0.63,34,34,3,2,18,0.6,21,26,5946000.31,56.9398535161912,3.534198313814565,11,1,1,177.80296203185807,2.351971917960109,10,5,11,0.19230769230769232,0.38461538461538464,-129.7719227373744,-260.19333043433613,135.4714307857143,38.64000206666668
0.63,34,40,3,0,14,0.45,21,26,5946000.31,56.9398535161912,3.534198313814565,11,1,1,177.80296203185807,2.351971917960109,10,5,11,0.19230769230769232,0.38461538461538464,-129.7719227373744,-260.19333043433613,135.4714307857143,38.64000206666668
0.63,34,40,3,0,14,0.6,21,26,5946000.31,56.9398535161912,3.534198313814565,11,1,1,177.80296203185807,2.351971917960109,10,5,11,0.19230769230769232,0.38461538461538464,-129.7719227373744,-260.19333043433613,135.4714307857143,38.64000206666668
0.63,34,40,3,0,18,0.45,21,26,5946000.31,56.9398535161912,3.534198313814565,11,1,1,177.80296203185807,2.351971917960109,10,5,11,0.19230769230769232,0.38461538461538464,-129.7719227373744,-260.19333043433613,135.4714307857143,38.64000206666668
0.63,34,40,3,0,18,0.6,21,26,5946000.31,56.9398535161912,3.534198313814565,11,1,1,177.80296203185807,2.351971917960109,10,5,11,0.19230769230769232,0.38461538461538464,-129.7719227373744,-260.19333043433613,135.4714307857143,38.64000206666668
0.63,34,40,3,1,14,0.3,21,26,5946000.31,56.9398535161912,3.534198313814565,11,1,1,177.80296203185807,2.351971917960109,10,5,11,0.19230769230769232,0.38461538461538464,-129.7719227373744,-260.19333043433613,135.4714307857143,38.64000206666668
0.63,34,40,3,1,14,0.45,21,26,5946000.31,56.9398535161912,3.534198313814565,11,1,1,177.80296203185807,2.351971917960109,10,5,11,0.19230769230769232,0.38461538461538464,-129.7719227373744,-260.19333043433613,135.4714307857143,38.64000206666668
0.63,34,40,3,1,14,0.6,21,26,5946000.31,56.9398535161912,3.534198313814565,11,1,1,177.80296203185807,2.351971917960109,10,5,11,0.19230769230769232,0.38461538461538464,-129.7719227373744,-260.19333043433613,135.4714307857143,38.64000206666668
0.63,34,40,3,1,18,0.3,21,26,5946000.31,56.9398535161912,3.534198313814565,11,1,1,177.80296203185807,2.351971917960109,10,5,11,0.19230769230769232,0.38461538461538464,-129.7719227373744,-260.19333043433613,135.4714307857143,38.64000206666668
0.63,34,40,3,1,18,0.45,21,26,5946000.31,56.9398535161912,3.534198313814565,11,1,1,177.80296203185807,2.351971917960109,10,5,11,0.19230769230769232,0.38461538461538464,-129.7719227373744,-260.19333043433613,135.4714307857143,38.64000206666668
0.63,34,40,3,1,18,0.6,21,26,5946000.31,56.9398535161912,3.534198313814565,11,1,1,177.80296203185807,2.351971917960109,10,5,11,0.19230769230769232,0.38461538461538464,-129.7719227373744,-260.19333043433613,135.4714307857143,38.64000206666668
0.63,34,40,3,2,14,0.3,21,26,5946000.31,56.9398535161912,3.534198313814565,11,1,1,177.80296203185807,2.351971917960109,10,5,11,0.19230769230769232,0.38461538461538464,-129.7719227373744,-260.19333043433613,135.4714307857143,38.64000206666668
0.63,34,40,3,2,14,0.45,21,26,5946000.31,56.9398535161912,3.534198313814565,11,1,1,177.80296203185807,2.351971917960109,10,5,11,0.19230769230769232,0.38461538461538464,-129.7719227373744,-260.19333043433613,135.4714307857143,38.64000206666668
0.63,34,40,3,2,14,0.6,21,26,5946000.31,56.9398535161912,3.534198313814565,11,1,1,177.80296203185807,2.351971917960109,10,5,11,0.19230769230769232,0.38461538461538464,-129.7719227373744,-260.19333043433613,135.4714307857143,38.64000206666668
0.63,34,40,3,2,18,0.3,21,26,5946000.31,56.9398535161912,3.534198313814565,11,1,1,177.80296203185807,2.351971917960109,10,5,11,0.19230769230769232,0.38461538461538464,-129.7719227373744,-260.19333043433613,135.4714307857143,38.64000206666668
0.63,34,40,3,2,18,0.45,21,26,5946000.31,56.9398535161912,3.534198313814565,11,1,1,177.80296203185807,2.351971917960109,10,5,11,0.19230769230769232,0.38461538461538464,-129.7719227373744,-260.19333043433613,135.4714307857143,38.64000206666668
0.63,34,40,3,2,18,0.6,21,26,5946000.31,56.9398535161912,3.534198313814565,11,1,1,177.80296203185807,2.351971917960109,10,5,11,0.19230769230769232,0.38461538461538464,-129.7719227373744,-260.19333043433613,135.4714307857143,38.64000206666668
0.68,34,28,3,0,14,0.45,21,26,5946000.31,56.9398535161912,3.534198313814565,11,1,1,177.80296203185807,2.351971917960109,10,5,11,0.19230769230769232,0.38461538461538464,-129.7719227373744,-260.19333043433613,135.4714307857143,38.64000206666668
0.68,34,28,3,0,14,0.6,21,26,5946000.31,56.9398535161912,3.534198313814565,11,1,1,177.80296203185807,2.351971917960109,10,5,11,0.19230769230769232,0.38461538461538464,-129.7719227373744,-260.19333043433613,135.4714307857143,38.64000206666668
0.68,34,28,3,0,18,0.45,21,26,5946000.31,56.9398535161912,3.534198313814565,11,1,1,177.80296203185807,2.351971917960109,10,5,11,0.19230769230769232,0.38461538461538464,-129.7719227373744,-260.19333043433613,135.4714307857143,38.64000206666668
0.68,34,28,3,0,18,0.6,21,26,5946000.31,56.9398535161912,3.534198313814565,11,1,1,177.80296203185807,2.351971917960109,10,5,11,0.19230769230769232,0.38461538461538464,-129.7719227373744,-260.19333043433613,135.4714307857143,38.64000206666668
0.68,34,28,3,1,14,0.3,21,26,5946000.31,56.9398535161912,3.534198313814565,11,1,1,177.80296203185807,2.351971917960109,10,5,11,0.19230769230769232,0.38461538461538464,-129.7719227373744,-260.19333043433613,135.4714307857143,38.64000206666668
0.68,34,28,3,1,14,0.45,21,26,5946000.31,56.9398535161912,3.534198313814565,11,1,1,177.80296203185807,2.351971917960109,10,5,11,0.19230769230769232,0.38461538461538464,-129.7719227373744,-260.19333043433613,135.4714307857143,38.64000206666668
0.68,34,28,3,1,14,0.6,21,26,5946000.31,56.9398535161912,3.534198313814565,11,1,1,177.80296203185807,2.351971917960109,10,5,11,0.19230769230769232,0.38461538461538464,-129.7719227373744,-260.19333043433613,135.4714307857143,38.64000206666668
0.68,34,28,3,1,18,0.3,21,26,5946000.31,56.9398535161912,3.534198313814565,11,1,1,177.80296203185807,2.351971917960109,10,5,11,0.19230769230769232,0.38461538461538464,-129.7719227373744,-260.19333043433613,135.4714307857143,38.64000206666668
0.68,34,28,3,1,18,0.45,21,26,5946000.31,56.9398535161912,3.534198313814565,11,1,1,177.80296203185807,2.351971917960109,10,5,11,0.19230769230769232,0.38461538461538464,-129.7719227373744,-260.19333043433613,135.4714307857143,38.64000206666668
0.68,34,28,3,1,18,0.6,21,26,5946000.31,56.9398535161912,3.534198313814565,11,1,1,177.80296203185807,2.351971917960109,10,5,11,0.19230769230769232,0.38461538461538464,-129.7719227373744,-260.19333043433613,135.4714307857143,38.64000206666668
0.68,34,28,3,2,14,0.3,21,26,5946000.31,56.9398535161912,3.534198313814565,11,1,1,177.80296203185807,2.351971917960109,10,5,11,0.19230769230769232,0.38461538461538464,-129.7719227373744,-260.19333043433613,135.4714307857143,38.64000206666668
0.68,34,28,3,2,14,0.45,21,26,5946000.31,56.9398535161912,3.534198313814565,11,1,1,177.80296203185807,2.351971917960109,10,5,11,0.19230769230769232,0.38461538461538464,-129.7719227373744,-260.19333043433613,135.4714307857143,38.64000206666668
0.68,34,28,3,2,14,0.6,21,26,5946000.31,56.9398535161912,3.534198313814565,11,1,1,177.80296203185807,2.351971917960109,10,5,11,0.19230769230769232,0.38461538461538464,-129.7719227373744,-260.19333043433613,135.4714307857143,38.64000206666668
0.68,34,28,3,2,18,0.3,21,26,5946000.31,56.9398535161912,3.534198313814565,11,1,1,177.80296203185807,2.351971917960109,10,5,11,0.19230769230769232,0.38461538461538464,-129.7719227373744,-260.19333043433613,135.4714307857143,38.64000206666668
0.68,34,28,3,2,18,0.45,21,26,5946000.31,56.9398535161912,3.534198313814565,11,1,1,177.80296203185807,2.351971917960109,10,5,11,0.19230769230769232,0.38461538461538464,-129.7719227373744,-260.19333043433613,135.4714307857143,38.64000206666668
0.68,34,28,3,2,18,0.6,21,26,5946000.31,56.9398535161912,3.534198313814565,11,1,1,177.80296203185807,2.351971917960109,10,5,11,0.19230769230769232,0.38461538461538464,-129.7719227373744,-260.19333043433613,135.4714307857143,38.64000206666668
0.68,34,34,3,0,14,0.45,21,26,5946000.31,56.9398535161912,3.534198313814565,11,1,1,177.80296203185807,2.351971917960109,10,5,11,0.19230769230769232,0.38461538461538464,-129.7719227373744,-260.19333043433613,135.4714307857143,38.64000206666668
0.68,34,34,3,0,14,0.6,21,26,5946000.31,56.9398535161912,3.534198313814565,11,1,1,177.80296203185807,2.351971917960109,10,5,11,0.19230769230769232,0.38461538461538464,-129.7719227373744,-260.19333043433613,135.4714307857143,38.64000206666668
0.68,34,34,3,0,18,0.45,21,26,5946000.31,56.9398535161912,3.534198313814565,11,1,1,177.80296203185807,2.351971917960109,10,5,11,0.19230769230769232,0.38461538461538464,-129.7719227373744,-260.19333043433613,135.4714307857143,38.64000206666668
0.68,34,34,3,0,18,0.6,21,26,5946000.31,56.9398535161912,3.534198313814565,11,1,1,177.80296203185807,2.351971917960109,10,5,11,0.19230769230769232,0.38461538461538464,-129.7719227373744,-260.19333043433613,135.4714307857143,38.64000206666668
0.68,34,34,3,1,14,0.3,21,26,5946000.31,56.9398535161912,3.534198313814565,11,1,1,177.80296203185807,2.351971917960109,10,5,11,0.19230769230769232,0.38461538461538464,-129.7719227373744,-260.19333043433613,135.4714307857143,38.64000206666668
0.68,34,34,3,1,14,0.45,21,26,5946000.31,56.9398535161912,3.534198313814565,11,1,1,177.80296203185807,2.351971917960109,10,5,11,0.19230769230769232,0.38461538461538464,-129.7719227373744,-260.19333043433613,135.4714307857143,38.64000206666668
0.68,34,34,3,1,14,0.6,21,26,5946000.31,56.9398535161912,3.534198313814565,11,1,1,177.80296203185807,2.351971917960109,10,5,11,0.19230769230769232,0.38461538461538464,-129.7719227373744,-260.19333043433613,135.4714307857143,38.64000206666668
0.68,34,34,3,1,18,0.3,21,26,5946000.31,56.9398535161912,3.534198313814565,11,1,1,177.80296203185807,2.351971917960109,10,5,11,0.19230769230769232,0.38461538461538464,-129.7719227373744,-260.19333043433613,135.4714307857143,38.64000206666668
0.68,34,34,3,1,18,0.45,21,26,5946000.31,56.9398535161912,3.534198313814565,11,1,1,177.80296203185807,2.351971917960109,10,5,11,0.19230769230769232,0.38461538461538464,-129.7719227373744,-260.19333043433613,135.4714307857143,38.64000206666668
0.68,34,34,3,1,18,0.6,21,26,5946000.31,56.9398535161912,3.534198313814565,11,1,1,177.80296203185807,2.351971917960109,10,5,11,0.19230769230769232,0.38461538461538464,-129.7719227373744,-260.19333043433613,135.4714307857143,38.64000206666668
0.68,34,34,3,2,14,0.3,21,26,5946000.31,56.9398535161912,3.534198313814565,11,1,1,177.80296203185807,2.351971917960109,10,5,11,0.19230769230769232,0.38461538461538464,-129.7719227373744,-260.19333043433613,135.4714307857143,38.64000206666668
0.68,34,34,3,2,14,0.45,21,26,5946000.31,56.9398535161912,3.534198313814565,11,1,1,177.80296203185807,2.351971917960109,10,5,11,0.19230769230769232,0.38461538461538464,-129.7719227373744,-260.19333043433613,135.4714307857143,38.64000206666668
0.68,34,34,3,2,14,0.6,21,26,5946000.31,56.9398535161912,3.534198313814565,11,1,1,177.80296203185807,2.351971917960109,10,5,11,0.19230769230769232,0.38461538461538464,-129.7719227373744,-260.19333043433613,135.4714307857143,38.64000206666668
0.68,34,34,3,2,18,0.3,21,26,5946000.31,56.9398535161912,3.534198313814565,11,1,1,177.80296203185807,2.351971917960109,10,5,11,0.19230769230769232,0.38461538461538464,-129.7719227373744,-260.19333043433613,135.4714307857143,38.64000206666668
0.68,34,34,3,2,18,0.45,21,26,5946000.31,56.9398535161912,3.534198313814565,11,1,1,177.80296203185807,2.351971917960109,10,5,11,0.19230769230769232,0.38461538461538464,-129.7719227373744,-260.19333043433613,135.4714307857143,38.64000206666668
0.68,34,34,3,2,18,0.6,21,26,5946000.31,56.9398535161912,3.534198313814565,11,1,1,177.80296203185807,2.351971917960109,10,5,11,0.19230769230769232,0.38461538461538464,-129.7719227373744,-260.19333043433613,135.4714307857143,38.64000206666668
0.68,34,40,3,0,14,0.45,21,26,5946000.31,56.9398535161912,3.534198313814565,11,1,1,177.80296203185807,2.351971917960109,10,5,11,0.19230769230769232,0.38461538461538464,-129.7719227373744,-260.19333043433613,135.4714307857143,38.64000206666668
0.68,34,40,3,0,14,0.6,21,26,5946000.31,56.9398535161912,3.534198313814565,11,1,1,177.80296203185807,2.351971917960109,10,5,11,0.19230769230769232,0.38461538461538464,-129.7719227373744,-260.19333043433613,135.4714307857143,38.64000206666668
0.68,34,40,3,0,18,0.45,21,26,5946000.31,56.9398535161912,3.534198313814565,11,1,1,177.80296203185807,2.351971917960109,10,5,11,0.19230769230769232,0.38461538461538464,-129.7719227373744,-260.19333043433613,135.4714307857143,38.64000206666668
0.68,34,40,3,0,18,0.6,21,26,5946000.31,56.9398535161912,3.534198313814565,11,1,1,177.80296203185807,2.351971917960109,10,5,11,0.19230769230769232,0.38461538461538464,-129.7719227373744,-260.19333043433613,135.4714307857143,38.64000206666668
0.68,34,40,3,1,14,0.3,21,26,5946000.31,56.9398535161912,3.534198313814565,11,1,1,177.80296203185807,2.351971917960109,10,5,11,0.19230769230769232,0.38461538461538464,-129.7719227373744,-260.19333043433613,135.4714307857143,38.64000206666668
0.68,34,40,3,1,14,0.45,21,26,5946000.31,56.9398535161912,3.534198313814565,11,1,1,177.80296203185807,2.351971917960109,10,5,11,0.19230769230769232,0.38461538461538464,-129.7719227373744,-260.19333043433613,135.4714307857143,38.64000206666668
0.68,34,40,3,1,14,0.6,21,26,5946000.31,56.9398535161912,3.534198313814565,11,1,1,177.80296203185807,2.351971917960109,10,5,11,0.19230769230769232,0.38461538461538464,-129.7719227373744,-260.19333043433613,135.4714307857143,38.64000206666668
0.68,34,40,3,1,18,0.3,21,26,5946000.31,56.9398535161912,3.534198313814565,11,1,1,177.80296203185807,2.351971917960109,10,5,11,0.19230769230769232,0.38461538461538464,-129.7719227373744,-260.19333043433613,135.4714307857143,38.64000206666668
0.68,34,40,3,1,18,0.45,21,26,5946000.31,56.9398535161912,3.534198313814565,11,1,1,177.80296203185807,2.351971917960109,10,5,11,0.19230769230769232,0.38461538461538464,-129.7719227373744,-260.19333043433613,135.4714307857143,38.64000206666668
0.68,34,40,3,1,18,0.6,21,26,5946000.31,56.9398535161912,3.534198313814565,11,1,1,177.80296203185807,2.351971917960109,10,5,11,0.19230769230769232,0.38461538461538464,-129.7719227373744,-260.19333043433613,135.4714307857143,38.64000206666668
0.68,34,40,3,2,14,0.3,21,26,5946000.31,56.9398535161912,3.534198313814565,11,1,1,177.80296203185807,2.351971917960109,10,5,11,0.19230769230769232,0.38461538461538464,-129.7719227373744,-260.19333043433613,135.4714307857143,38.64000206666668
0.68,34,40,3,2,14,0.45,21,26,5946000.31,56.9398535161912,3.534198313814565,11,1,1,177.80296203185807,2.351971917960109,10,5,11,0.19230769230769232,0.38461538461538464,-129.7719227373744,-260.19333043433613,135.4714307857143,38.64000206666668
0.68,34,40,3,2,14,0.6,21,26,5946000.31,56.9398535161912,3.534198313814565,11,1,1,177.80296203185807,2.351971917960109,10,5,11,0.19230769230769232,0.38461538461538464,-129.7719227373744,-260.19333043433613,135.4714307857143,38.64000206666668
0.68,34,40,3,2,18,0.3,21,26,5946000.31,56.9398535161912,3.534198313814565,11,1,1,177.80296203185807,2.351971917960109,10,5,11,0.19230769230769232,0.38461538461538464,-129.7719227373744,-260.19333043433613,135.4714307857143,38.64000206666668
0.68,34,40,3,2,18,0.45,21,26,5946000.31,56.9398535161912,3.534198313814565,11,1,1,177.80296203185807,2.351971917960109,10,5,11,0.19230769230769232,0.38461538461538464,-129.7719227373744,-260.19333043433613,135.4714307857143,38.64000206666668
0.68,34,40,3,2,18,0.6,21,26,5946000.31,56.9398535161912,3.534198313814565,11,1,1,177.80296203185807,2.351971917960109,10,5,11,0.19230769230769232,0.38461538461538464,-129.7719227373744,-260.19333043433613,135.4714307857143,38.64000206666668
0.73,34,28,3,0,14,0.45,21,26,5946000.31,56.9398535161912,3.534198313814565,11,1,1,177.80296203185807,2.351971917960109,10,5,11,0.19230769230769232,0.38461538461538464,-129.7719227373744,-260.19333043433613,135.4714307857143,38.64000206666668
0.73,34,28,3,0,14,0.6,21,26,5946000.31,56.9398535161912,3.534198313814565,11,1,1,177.80296203185807,2.351971917960109,10,5,11,0.19230769230769232,0.38461538461538464,-129.7719227373744,-260.19333043433613,135.4714307857143,38.64000206666668
0.73,34,28,3,0,18,0.45,21,26,5946000.31,56.9398535161912,3.534198313814565,11,1,1,177.80296203185807,2.351971917960109,10,5,11,0.19230769230769232,0.38461538461538464,-129.7719227373744,-260.19333043433613,135.4714307857143,38.64000206666668
0.73,34,28,3,0,18,0.6,21,26,5946000.31,56.9398535161912,3.534198313814565,11,1,1,177.80296203185807,2.351971917960109,10,5,11,0.19230769230769232,0.38461538461538464,-129.7719227373744,-260.19333043433613,135.4714307857143,38.64000206666668
0.73,34,28,3,1,14,0.3,21,26,5946000.31,56.9398535161912,3.534198313814565,11,1,1,177.80296203185807,2.351971917960109,10,5,11,0.19230769230769232,0.38461538461538464,-129.7719227373744,-260.19333043433613,135.4714307857143,38.64000206666668
0.73,34,28,3,1,14,0.45,21,26,5946000.31,56.9398535161912,3.534198313814565,11,1,1,177.80296203185807,2.351971917960109,10,5,11,0.19230769230769232,0.38461538461538464,-129.7719227373744,-260.19333043433613,135.4714307857143,38.64000206666668
0.73,34,28,3,1,14,0.6,21,26,5946000.31,56.9398535161912,3.534198313814565,11,1,1,177.80296203185807,2.351971917960109,10,5,11,0.19230769230769232,0.38461538461538464,-129.7719227373744,-260.19333043433613,135.4714307857143,38.64000206666668
0.73,34,28,3,1,18,0.3,21,26,5946000.31,56.9398535161912,3.534198313814565,11,1,1,177.80296203185807,2.351971917960109,10,5,11,0.19230769230769232,0.38461538461538464,-129.7719227373744,-260.19333043433613,135.4714307857143,38.64000206666668
0.73,34,28,3,1,18,0.45,21,26,5946000.31,56.9398535161912,3.534198313814565,11,1,1,177.80296203185807,2.351971917960109,10,5,11,0.19230769230769232,0.38461538461538464,-129.7719227373744,-260.19333043433613,135.4714307857143,38.64000206666668
0.73,34,28,3,1,18,0.6,21,26,5946000.31,56.9398535161912,3.534198313814565,11,1,1,177.80296203185807,2.351971917960109,10,5,11,0.19230769230769232,0.38461538461538464,-129.7719227373744,-260.19333043433613,135.4714307857143,38.64000206666668
0.73,34,28,3,2,14,0.3,21,26,5946000.31,56.9398535161912,3.534198313814565,11,1,1,177.80296203185807,2.351971917960109,10,5,11,0.19230769230769232,0.38461538461538464,-129.7719227373744,-260.19333043433613,135.4714307857143,38.64000206666668
0.73,34,28,3,2,14,0.45,21,26,5946000.31,56.9398535161912,3.534198313814565,11,1,1,177.80296203185807,2.351971917960109,10,5,11,0.19230769230769232,0.38461538461538464,-129.7719227373744,-260.19333043433613,135.4714307857143,38.64000206666668
0.73,34,28,3,2,14,0.6,21,26,5946000.31,56.9398535161912,3.534198313814565,11,1,1,177.80296203185807,2.351971917960109,10,5,11,0.19230769230769232,0.38461538461538464,-129.7719227373744,-260.19333043433613,135.4714307857143,38.64000206666668
0.73,34,28,3,2,18,0.3,21,26,5946000.31,56.9398535161912,3.534198313814565,11,1,1,177.80296203185807,2.351971917960109,10,5,11,0.19230769230769232,0.38461538461538464,-129.7719227373744,-260.19333043433613,135.4714307857143,38.64000206666668
0.73,34,28,3,2,18,0.45,21,26,5946000.31,56.9398535161912,3.534198313814565,11,1,1,177.80296203185807,2.351971917960109,10,5,11,0.19230769230769232,0.38461538461538464,-129.7719227373744,-260.19333043433613,135.4714307857143,38.64000206666668
0.73,34,28,3,2,18,0.6,21,26,5946000.31,56.9398535161912,3.534198313814565,11,1,1,177.80296203185807,2.351971917960109,10,5,11,0.19230769230769232,0.38461538461538464,-129.7719227373744,-260.19333043433613,135.4714307857143,38.64000206666668
0.73,34,34,3,0,14,0.45,21,26,5946000.31,56.9398535161912,3.534198313814565,11,1,1,177.80296203185807,2.351971917960109,10,5,11,0.19230769230769232,0.38461538461538464,-129.7719227373744,-260.19333043433613,135.4714307857143,38.64000206666668
0.73,34,34,3,0,14,0.6,21,26,5946000.31,56.9398535161912,3.534198313814565,11,1,1,177.80296203185807,2.351971917960109,10,5,11,0.19230769230769232,0.38461538461538464,-129.7719227373744,-260.19333043433613,135.4714307857143,38.64000206666668
0.73,34,34,3,0,18,0.45,21,26,5946000.31,56.9398535161912,3.534198313814565,11,1,1,177.80296203185807,2.351971917960109,10,5,11,0.19230769230769232,0.38461538461538464,-129.7719227373744,-260.19333043433613,135.4714307857143,38.64000206666668
0.73,34,34,3,0,18,0.6,21,26,5946000.31,56.9398535161912,3.534198313814565,11,1,1,177.80296203185807,2.351971917960109,10,5,11,0.19230769230769232,0.38461538461538464,-129.7719227373744,-260.19333043433613,135.4714307857143,38.64000206666668
0.73,34,34,3,1,14,0.3,21,26,5946000.31,56.9398535161912,3.534198313814565,11,1,1,177.80296203185807,2.351971917960109,10,5,11,0.19230769230769232,0.38461538461538464,-129.7719227373744,-260.19333043433613,135.4714307857143,38.64000206666668
0.73,34,34,3,1,14,0.45,21,26,5946000.31,56.9398535161912,3.534198313814565,11,1,1,177.80296203185807,2.351971917960109,10,5,11,0.19230769230769232,0.38461538461538464,-129.7719227373744,-260.19333043433613,135.4714307857143,38.64000206666668
0.73,34,34,3,1,14,0.6,21,26,5946000.31,56.9398535161912,3.534198313814565,11,1,1,177.80296203185807,2.351971917960109,10,5,11,0.19230769230769232,0.38461538461538464,-129.7719227373744,-260.19333043433613,135.4714307857143,38.64000206666668
0.73,34,34,3,1,18,0.3,21,26,5946000.31,56.9398535161912,3.534198313814565,11,1,1,177.80296203185807,2.351971917960109,10,5,11,0.19230769230769232,0.38461538461538464,-129.7719227373744,-260.19333043433613,135.4714307857143,38.64000206666668
0.73,34,34,3,1,18,0.45,21,26,5946000.31,56.9398535161912,3.534198313814565,11,1,1,177.80296203185807,2.351971917960109,10,5,11,0.19230769230769232,0.38461538461538464,-129.7719227373744,-260.19333043433613,135.4714307857143,38.64000206666668
0.73,34,34,3,1,18,0.6,21,26,5946000.31,56.9398535161912,3.534198313814565,11,1,1,177.80296203185807,2.351971917960109,10,5,11,0.19230769230769232,0.38461538461538464,-129.7719227373744,-260.19333043433613,135.4714307857143,38.64000206666668
0.73,34,34,3,2,14,0.3,21,26,5946000.31,56.9398535161912,3.534198313814565,11,1,1,177.80296203185807,2.351971917960109,10,5,11,0.19230769230769232,0.38461538461538464,-129.7719227373744,-260.19333043433613,135.4714307857143,38.64000206666668
0.73,34,34,3,2,14,0.45,21,26,5946000.31,56.9398535161912,3.534198313814565,11,1,1,177.80296203185807,2.351971917960109,10,5,11,0.19230769230769232,0.38461538461538464,-129.7719227373744,-260.19333043433613,135.4714307857143,38.64000206666668
0.73,34,34,3,2,14,0.6,21,26,5946000.31,56.9398535161912,3.534198313814565,11,1,1,177.80296203185807,2.351971917960109,10,5,11,0.19230769230769232,0.38461538461538464,-129.7719227373744,-260.19333043433613,135.4714307857143,38.64000206666668
0.73,34,34,3,2,18,0.3,21,26,5946000.31,56.9398535161912,3.534198313814565,11,1,1,177.80296203185807,2.351971917960109,10,5,11,0.19230769230769232,0.38461538461538464,-129.7719227373744,-260.19333043433613,135.4714307857143,38.64000206666668
0.73,34,34,3,2,18,0.45,21,26,5946000.31,56.9398535161912,3.534198313814565,11,1,1,177.80296203185807,2.351971917960109,10,5,11,0.19230769230769232,0.38461538461538464,-129.7719227373744,-260.19333043433613,135.4714307857143,38.64000206666668
0.73,34,34,3,2,18,0.6,21,26,5946000.31,56.9398535161912,3.534198313814565,11,1,1,177.80296203185807,2.351971917960109,10,5,11,0.19230769230769232,0.38461538461538464,-129.7719227373744,-260.19333043433613,135.4714307857143,38.64000206666668
0.73,34,40,3,0,14,0.45,21,26,5946000.31,56.9398535161912,3.534198313814565,11,1,1,177.80296203185807,2.351971917960109,10,5,11,0.19230769230769232,0.38461538461538464,-129.7719227373744,-260.19333043433613,135.4714307857143,38.64000206666668
0.73,34,40,3,0,14,0.6,21,26,5946000.31,56.9398535161912,3.534198313814565,11,1,1,177.80296203185807,2.351971917960109,10,5,11,0.19230769230769232,0.38461538461538464,-129.7719227373744,-260.19333043433613,135.4714307857143,38.64000206666668
0.73,34,40,3,0,18,0.45,21,26,5946000.31,56.9398535161912,3.534198313814565,11,1,1,177.80296203185807,2.351971917960109,10,5,11,0.19230769230769232,0.38461538461538464,-129.7719227373744,-260.19333043433613,135.4714307857143,38.64000206666668
0.73,34,40,3,0,18,0.6,21,26,5946000.31,56.9398535161912,3.534198313814565,11,1,1,177.80296203185807,2.351971917960109,10,5,11,0.19230769230769232,0.38461538461538464,-129.7719227373744,-260.19333043433613,135.4714307857143,38.64000206666668
0.73,34,40,3,1,14,0.3,21,26,5946000.31,56.9398535161912,3.534198313814565,11,1,1,177.80296203185807,2.351971917960109,10,5,11,0.19230769230769232,0.38461538461538464,-129.7719227373744,-260.19333043433613,135.4714307857143,38.64000206666668
0.73,34,40,3,1,14,0.45,21,26,5946000.31,56.9398535161912,3.534198313814565,11,1,1,177.80296203185807,2.351971917960109,10,5,11,0.19230769230769232,0.38461538461538464,-129.7719227373744,-260.19333043433613,135.4714307857143,38.64000206666668
0.73,34,40,3,1,14,0.6,21,26,5946000.31,56.9398535161912,3.534198313814565,11,1,1,177.80296203185807,2.351971917960109,10,5,11,0.19230769230769232,0.38461538461538464,-129.7719227373744,-260.19333043433613,135.4714307857143,38.64000206666668
0.73,34,40,3,1,18,0.3,21,26,5946000.31,56.9398535161912,3.534198313814565,11,1,1,177.80296203185807,2.351971917960109,10,5,11,0.19230769230769232,0.38461538461538464,-129.7719227373744,-260.19333043433613,135.4714307857143,38.64000206666668
0.73,34,40,3,1,18,0.45,21,26,5946000.31,56.9398535161912,3.534198313814565,11,1,1,177.80296203185807,2.351971917960109,10,5,11,0.19230769230769232,0.38461538461538464,-129.7719227373744,-260.19333043433613,135.4714307857143,38.64000206666668
0.73,34,40,3,1,18,0.6,21,26,5946000.31,56.9398535161912,3.534198313814565,11,1,1,177.80296203185807,2.351971917960109,10,5,11,0.19230769230769232,0.38461538461538464,-129.7719227373744,-260.19333043433613,135.4714307857143,38.64000206666668
0.73,34,40,3,2,14,0.3,21,26,5946000.31,56.9398535161912,3.534198313814565,11,1,1,177.80296203185807,2.351971917960109,10,5,11,0.19230769230769232,0.38461538461538464,-129.7719227373744,-260.19333043433613,135.4714307857143,38.64000206666668
0.73,34,40,3,2,14,0.45,21,26,5946000.31,56.9398535161912,3.534198313814565,11,1,1,177.80296203185807,2.351971917960109,10,5,11,0.19230769230769232,0.38461538461538464,-129.7719227373744,-260.19333043433613,135.4714307857143,38.64000206666668
0.73,34,40,3,2,14,0.6,21,26,5946000.31,56.9398535161912,3.534198313814565,11,1,1,177.80296203185807,2.351971917960109,10,5,11,0.19230769230769232,0.38461538461538464,-129.7719227373744,-260.19333043433613,135.4714307857143,38.64000206666668
0.73,34,40,3,2,18,0.3,21,26,5946000.31,56.9398535161912,3.534198313814565,11,1,1,177.80296203185807,2.351971917960109,10,5,11,0.19230769230769232,0.38461538461538464,-129.7719227373744,-260.19333043433613,135.4714307857143,38.64000206666668
0.73,34,40,3,2,18,0.45,21,26,5946000.31,56.9398535161912,3.534198313814565,11,1,1,177.80296203185807,2.351971917960109,10,5,11,0.19230769230769232,0.38461538461538464,-129.7719227373744,-260.19333043433613,135.4714307857143,38.64000206666668
0.73,34,40,3,2,18,0.6,21,26,5946000.31,56.9398535161912,3.534198313814565,11,1,1,177.80296203185807,2.351971917960109,10,5,11,0.19230769230769232,0.38461538461538464,-129.7719227373744,-260.19333043433613,135.4714307857143,38.64000206666668
0.73,40,28,3,0,14,0.45,21,26,5946000.31,56.9398535161912,3.534198313814565,11,1,1,177.80296203185807,2.351971917960109,10,5,11,0.19230769230769232,0.38461538461538464,-129.7719227373744,-260.19333043433613,135.4714307857143,38.64000206666668
0.73,40,28,3,0,14,0.6,21,26,5946000.31,56.9398535161912,3.534198313814565,11,1,1,177.80296203185807,2.351971917960109,10,5,11,0.19230769230769232,0.38461538461538464,-129.7719227373744,-260.19333043433613,135.4714307857143,38.64000206666668
0.73,40,28,3,0,18,0.45,21,26,5946000.31,56.9398535161912,3.534198313814565,11,1,1,177.80296203185807,2.351971917960109,10,5,11,0.19230769230769232,0.38461538461538464,-129.7719227373744,-260.19333043433613,135.4714307857143,38.64000206666668
0.73,40,28,3,0,18,0.6,21,26,5946000.31,56.9398535161912,3.534198313814565,11,1,1,177.80296203185807,2.351971917960109,10,5,11,0.19230769230769232,0.38461538461538464,-129.7719227373744,-260.19333043433613,135.4714307857143,38.64000206666668
0.73,40,28,3,1,14,0.3,21,26,5946000.31,56.9398535161912,3.534198313814565,11,1,1,177.80296203185807,2.351971917960109,10,5,11,0.19230769230769232,0.38461538461538464,-129.7719227373744,-260.19333043433613,135.4714307857143,38.64000206666668
0.73,40,28,3,1,14,0.45,21,26,5946000.31,56.9398535161912,3.534198313814565,11,1,1,177.80296203185807,2.351971917960109,10,5,11,0.19230769230769232,0.38461538461538464,-129.7719227373744,-260.19333043433613,135.4714307857143,38.64000206666668
0.73,40,28,3,1,14,0.6,21,26,5946000.31,56.9398535161912,3.534198313814565,11,1,1,177.80296203185807,2.351971917960109,10,5,11,0.19230769230769232,0.38461538461538464,-129.7719227373744,-260.19333043433613,135.4714307857143,38.64000206666668
0.73,40,28,3,1,18,0.3,21,26,5946000.31,56.9398535161912,3.534198313814565,11,1,1,177.80296203185807,2.351971917960109,10,5,11,0.19230769230769232,0.38461538461538464,-129.7719227373744,-260.19333043433613,135.4714307857143,38.64000206666668
0.73,40,28,3,1,18,0.45,21,26,5946000.31,56.9398535161912,3.534198313814565,11,1,1,177.80296203185807,2.351971917960109,10,5,11,0.19230769230769232,0.38461538461538464,-129.7719227373744,-260.19333043433613,135.4714307857143,38.64000206666668
0.73,40,28,3,1,18,0.6,21,26,5946000.31,56.9398535161912,3.534198313814565,11,1,1,177.80296203185807,2.351971917960109,10,5,11,0.19230769230769232,0.38461538461538464,-129.7719227373744,-260.19333043433613,135.4714307857143,38.64000206666668
0.73,40,28,3,2,14,0.3,21,26,5946000.31,56.9398535161912,3.534198313814565,11,1,1,177.80296203185807,2.351971917960109,10,5,11,0.19230769230769232,0.38461538461538464,-129.7719227373744,-260.19333043433613,135.4714307857143,38.64000206666668
0.73,40,28,3,2,14,0.45,21,26,5946000.31,56.9398535161912,3.534198313814565,11,1,1,177.80296203185807,2.351971917960109,10,5,11,0.19230769230769232,0.38461538461538464,-129.7719227373744,-260.19333043433613,135.4714307857143,38.64000206666668
0.73,40,28,3,2,14,0.6,21,26,5946000.31,56.9398535161912,3.534198313814565,11,1,1,177.80296203185807,2.351971917960109,10,5,11,0.19230769230769232,0.38461538461538464,-129.7719227373744,-260.19333043433613,135.4714307857143,38.64000206666668
0.73,40,28,3,2,18,0.3,21,26,5946000.31,56.9398535161912,3.534198313814565,11,1,1,177.80296203185807,2.351971917960109,10,5,11,0.19230769230769232,0.38461538461538464,-129.7719227373744,-260.19333043433613,135.4714307857143,38.64000206666668
0.73,40,28,3,2,18,0.45,21,26,5946000.31,56.9398535161912,3.534198313814565,11,1,1,177.80296203185807,2.351971917960109,10,5,11,0.19230769230769232,0.38461538461538464,-129.7719227373744,-260.19333043433613,135.4714307857143,38.64000206666668
0.73,40,28,3,2,18,0.6,21,26,5946000.31,56.9398535161912,3.534198313814565,11,1,1,177.80296203185807,2.351971917960109,10,5,11,0.19230769230769232,0.38461538461538464,-129.7719227373744,-260.19333043433613,135.4714307857143,38.64000206666668
0.73,40,34,3,0,14,0.45,21,26,5946000.31,56.9398535161912,3.534198313814565,11,1,1,177.80296203185807,2.351971917960109,10,5,11,0.19230769230769232,0.38461538461538464,-129.7719227373744,-260.19333043433613,135.4714307857143,38.64000206666668
0.73,40,34,3,0,14,0.6,21,26,5946000.31,56.9398535161912,3.534198313814565,11,1,1,177.80296203185807,2.351971917960109,10,5,11,0.19230769230769232,0.38461538461538464,-129.7719227373744,-260.19333043433613,135.4714307857143,38.64000206666668
0.73,40,34,3,0,18,0.45,21,26,5946000.31,56.9398535161912,3.534198313814565,11,1,1,177.80296203185807,2.351971917960109,10,5,11,0.19230769230769232,0.38461538461538464,-129.7719227373744,-260.19333043433613,135.4714307857143,38.64000206666668
0.73,40,34,3,0,18,0.6,21,26,5946000.31,56.9398535161912,3.534198313814565,11,1,1,177.80296203185807,2.351971917960109,10,5,11,0.19230769230769232,0.38461538461538464,-129.7719227373744,-260.19333043433613,135.4714307857143,38.64000206666668
0.73,40,34,3,1,14,0.3,21,26,5946000.31,56.9398535161912,3.534198313814565,11,1,1,177.80296203185807,2.351971917960109,10,5,11,0.19230769230769232,0.38461538461538464,-129.7719227373744,-260.19333043433613,135.4714307857143,38.64000206666668
0.73,40,34,3,1,14,0.45,21,26,5946000.31,56.9398535161912,3.534198313814565,11,1,1,177.80296203185807,2.351971917960109,10,5,11,0.19230769230769232,0.38461538461538464,-129.7719227373744,-260.19333043433613,135.4714307857143,38.64000206666668
0.73,40,34,3,1,14,0.6,21,26,5946000.31,56.9398535161912,3.534198313814565,11,1,1,177.80296203185807,2.351971917960109,10,5,11,0.19230769230769232,0.38461538461538464,-129.7719227373744,-260.19333043433613,135.4714307857143,38.64000206666668
0.73,40,34,3,1,18,0.3,21,26,5946000.31,56.9398535161912,3.534198313814565,11,1,1,177.80296203185807,2.351971917960109,10,5,11,0.19230769230769232,0.38461538461538464,-129.7719227373744,-260.19333043433613,135.4714307857143,38.64000206666668
0.73,40,34,3,1,18,0.45,21,26,5946000.31,56.9398535161912,3.534198313814565,11,1,1,177.80296203185807,2.351971917960109,10,5,11,0.19230769230769232,0.38461538461538464,-129.7719227373744,-260.19333043433613,135.4714307857143,38.64000206666668
0.73,40,34,3,1,18,0.6,21,26,5946000.31,56.9398535161912,3.534198313814565,11,1,1,177.80296203185807,2.351971917960109,10,5,11,0.19230769230769232,0.38461538461538464,-129.7719227373744,-260.19333043433613,135.4714307857143,38.64000206666668
0.73,40,34,3,2,14,0.3,21,26,5946000.31,56.9398535161912,3.534198313814565,11,1,1,177.80296203185807,2.351971917960109,10,5,11,0.19230769230769232,0.38461538461538464,-129.7719227373744,-260.19333043433613,135.4714307857143,38.64000206666668
0.73,40,34,3,2,14,0.45,21,26,5946000.31,56.9398535161912,3.534198313814565,11,1,1,177.80296203185807,2.351971917960109,10,5,11,0.19230769230769232,0.38461538461538464,-129.7719227373744,-260.19333043433613,135.4714307857143,38.64000206666668
0.73,40,34,3,2,14,0.6,21,26,5946000.31,56.9398535161912,3.534198313814565,11,1,1,177.80296203185807,2.351971917960109,10,5,11,0.19230769230769232,0.38461538461538464,-129.7719227373744,-260.19333043433613,135.4714307857143,38.64000206666668
0.73,40,34,3,2,18,0.3,21,26,5946000.31,56.9398535161912,3.534198313814565,11,1,1,177.80296203185807,2.351971917960109,10,5,11,0.19230769230769232,0.38461538461538464,-129.7719227373744,-260.19333043433613,135.4714307857143,38.64000206666668
0.73,40,34,3,2,18,0.45,21,26,5946000.31,56.9398535161912,3.534198313814565,11,1,1,177.80296203185807,2.351971917960109,10,5,11,0.19230769230769232,0.38461538461538464,-129.7719227373744,-260.19333043433613,135.4714307857143,38.64000206666668
0.73,40,34,3,2,18,0.6,21,26,5946000.31,56.9398535161912,3.534198313814565,11,1,1,177.80296203185807,2.351971917960109,10,5,11,0.19230769230769232,0.38461538461538464,-129.7719227373744,-260.19333043433613,135.4714307857143,38.64000206666668
0.73,40,40,3,0,14,0.45,21,26,5946000.31,56.9398535161912,3.534198313814565,11,1,1,177.80296203185807,2.351971917960109,10,5,11,0.19230769230769232,0.38461538461538464,-129.7719227373744,-260.19333043433613,135.4714307857143,38.64000206666668
0.73,40,40,3,0,14,0.6,21,26,5946000.31,56.9398535161912,3.534198313814565,11,1,1,177.80296203185807,2.351971917960109,10,5,11,0.19230769230769232,0.38461538461538464,-129.7719227373744,-260.19333043433613,135.4714307857143,38.64000206666668
0.73,40,40,3,0,18,0.45,21,26,5946000.31,56.9398535161912,3.534198313814565,11,1,1,177.80296203185807,2.351971917960109,10,5,11,0.19230769230769232,0.38461538461538464,-129.7719227373744,-260.19333043433613,135.4714307857143,38.64000206666668
0.73,40,40,3,0,18,0.6,21,26,5946000.31,56.9398535161912,3.534198313814565,11,1,1,177.80296203185807,2.351971917960109,10,5,11,0.19230769230769232,0.38461538461538464,-129.7719227373744,-260.19333043433613,135.4714307857143,38.64000206666668
0.73,40,40,3,1,14,0.3,21,26,5946000.31,56.9398535161912,3.534198313814565,11,1,1,177.80296203185807,2.351971917960109,10,5,11,0.19230769230769232,0.38461538461538464,-129.7719227373744,-260.19333043433613,135.4714307857143,38.64000206666668
0.73,40,40,3,1,14,0.45,21,26,5946000.31,56.9398535161912,3.534198313814565,11,1,1,177.80296203185807,2.351971917960109,10,5,11,0.19230769230769232,0.38461538461538464,-129.7719227373744,-260.19333043433613,135.4714307857143,38.64000206666668
0.73,40,40,3,1,14,0.6,21,26,5946000.31,56.9398535161912,3.534198313814565,11,1,1,177.80296203185807,2.351971917960109,10,5,11,0.19230769230769232,0.38461538461538464,-129.7719227373744,-260.19333043433613,135.4714307857143,38.64000206666668
0.73,40,40,3,1,18,0.3,21,26,5946000.31,56.9398535161912,3.534198313814565,11,1,1,177.80296203185807,2.351971917960109,10,5,11,0.19230769230769232,0.38461538461538464,-129.7719227373744,-260.19333043433613,135.4714307857143,38.64000206666668
0.73,40,40,3,1,18,0.45,21,26,5946000.31,56.9398535161912,3.534198313814565,11,1,1,177.80296203185807,2.351971917960109,10,5,11,0.19230769230769232,0.38461538461538464,-129.7719227373744,-260.19333043433613,135.4714307857143,38.64000206666668
0.73,40,40,3,1,18,0.6,21,26,5946000.31,56.9398535161912,3.534198313814565,11,1,1,177.80296203185807,2.351971917960109,10,5,11,0.19230769230769232,0.38461538461538464,-129.7719227373744,-260.19333043433613,135.4714307857143,38.64000206666668
0.73,40,40,3,2,14,0.3,21,26,5946000.31,56.9398535161912,3.534198313814565,11,1,1,177.80296203185807,2.351971917960109,10,5,11,0.19230769230769232,0.38461538461538464,-129.7719227373744,-260.19333043433613,135.4714307857143,38.64000206666668
0.73,40,40,3,2,14,0.45,21,26,5946000.31,56.9398535161912,3.534198313814565,11,1,1,177.80296203185807,2.351971917960109,10,5,11,0.19230769230769232,0.38461538461538464,-129.7719227373744,-260.19333043433613,135.4714307857143,38.64000206666668
0.73,40,40,3,2,14,0.6,21,26,5946000.31,56.9398535161912,3.534198313814565,11,1,1,177.80296203185807,2.351971917960109,10,5,11,0.19230769230769232,0.38461538461538464,-129.7719227373744,-260.19333043433613,135.4714307857143,38.64000206666668
0.73,40,40,3,2,18,0.3,21,26,5946000.31,56.9398535161912,3.534198313814565,11,1,1,177.80296203185807,2.351971917960109,10,5,11,0.19230769230769232,0.38461538461538464,-129.7719227373744,-260.19333043433613,135.4714307857143,38.64000206666668
0.73,40,40,3,2,18,0.45,21,26,5946000.31,56.9398535161912,3.534198313814565,11,1,1,177.80296203185807,2.351971917960109,10,5,11,0.19230769230769232,0.38461538461538464,-129.7719227373744,-260.19333043433613,135.4714307857143,38.64000206666668
0.73,40,40,3,2,18,0.6,21,26,5946000.31,56.9398535161912,3.534198313814565,11,1,1,177.80296203185807,2.351971917960109,10,5,11,0.19230769230769232,0.38461538461538464,-129.7719227373744,-260.19333043433613,135.4714307857143,38.64000206666668
0.73,46,28,3,0,14,0.45,21,26,5946000.31,56.9398535161912,3.534198313814565,11,1,1,177.80296203185807,2.351971917960109,10,5,11,0.19230769230769232,0.38461538461538464,-129.7719227373744,-260.19333043433613,135.4714307857143,38.64000206666668
0.73,46,28,3,0,14,0.6,21,26,5946000.31,56.9398535161912,3.534198313814565,11,1,1,177.80296203185807,2.351971917960109,10,5,11,0.19230769230769232,0.38461538461538464,-129.7719227373744,-260.19333043433613,135.4714307857143,38.64000206666668
0.73,46,28,3,0,18,0.45,21,26,5946000.31,56.9398535161912,3.534198313814565,11,1,1,177.80296203185807,2.351971917960109,10,5,11,0.19230769230769232,0.38461538461538464,-129.7719227373744,-260.19333043433613,135.4714307857143,38.64000206666668
0.73,46,28,3,0,18,0.6,21,26,5946000.31,56.9398535161912,3.534198313814565,11,1,1,177.80296203185807,2.351971917960109,10,5,11,0.19230769230769232,0.38461538461538464,-129.7719227373744,-260.19333043433613,135.4714307857143,38.64000206666668
0.73,46,28,3,1,14,0.3,21,26,5946000.31,56.9398535161912,3.534198313814565,11,1,1,177.80296203185807,2.351971917960109,10,5,11,0.19230769230769232,0.38461538461538464,-129.7719227373744,-260.19333043433613,135.4714307857143,38.64000206666668
0.73,46,28,3,1,14,0.45,21,26,5946000.31,56.9398535161912,3.534198313814565,11,1,1,177.80296203185807,2.351971917960109,10,5,11,0.19230769230769232,0.38461538461538464,-129.7719227373744,-260.19333043433613,135.4714307857143,38.64000206666668
0.73,46,28,3,1,14,0.6,21,26,5946000.31,56.9398535161912,3.534198313814565,11,1,1,177.80296203185807,2.351971917960109,10,5,11,0.19230769230769232,0.38461538461538464,-129.7719227373744,-260.19333043433613,135.4714307857143,38.64000206666668
0.73,46,28,3,1,18,0.3,21,26,5946000.31,56.9398535161912,3.534198313814565,11,1,1,177.80296203185807,2.351971917960109,10,5,11,0.19230769230769232,0.38461538461538464,-129.7719227373744,-260.19333043433613,135.4714307857143,38.64000206666668
0.73,46,28,3,1,18,0.45,21,26,5946000.31,56.9398535161912,3.534198313814565,11,1,1,177.80296203185807,2.351971917960109,10,5,11,0.19230769230769232,0.38461538461538464,-129.7719227373744,-260.19333043433613,135.4714307857143,38.64000206666668
0.73,46,28,3,1,18,0.6,21,26,5946000.31,56.9398535161912,3.534198313814565,11,1,1,177.80296203185807,2.351971917960109,10,5,11,0.19230769230769232,0.38461538461538464,-129.7719227373744,-260.19333043433613,135.4714307857143,38.64000206666668
0.73,46,28,3,2,14,0.3,21,26,5946000.31,56.9398535161912,3.534198313814565,11,1,1,177.80296203185807,2.351971917960109,10,5,11,0.19230769230769232,0.38461538461538464,-129.7719227373744,-260.19333043433613,135.4714307857143,38.64000206666668
0.73,46,28,3,2,14,0.45,21,26,5946000.31,56.9398535161912,3.534198313814565,11,1,1,177.80296203185807,2.351971917960109,10,5,11,0.19230769230769232,0.38461538461538464,-129.7719227373744,-260.19333043433613,135.4714307857143,38.64000206666668
0.73,46,28,3,2,14,0.6,21,26,5946000.31,56.9398535161912,3.534198313814565,11,1,1,177.80296203185807,2.351971917960109,10,5,11,0.19230769230769232,0.38461538461538464,-129.7719227373744,-260.19333043433613,135.4714307857143,38.64000206666668
0.73,46,28,3,2,18,0.3,21,26,5946000.31,56.9398535161912,3.534198313814565,11,1,1,177.80296203185807,2.351971917960109,10,5,11,0.19230769230769232,0.38461538461538464,-129.7719227373744,-260.19333043433613,135.4714307857143,38.64000206666668
0.73,46,28,3,2,18,0.45,21,26,5946000.31,56.9398535161912,3.534198313814565,11,1,1,177.80296203185807,2.351971917960109,10,5,11,0.19230769230769232,0.38461538461538464,-129.7719227373744,-260.19333043433613,135.4714307857143,38.64000206666668
0.73,46,28,3,2,18,0.6,21,26,5946000.31,56.9398535161912,3.534198313814565,11,1,1,177.80296203185807,2.351971917960109,10,5,11,0.19230769230769232,0.38461538461538464,-129.7719227373744,-260.19333043433613,135.4714307857143,38.64000206666668
0.73,46,34,3,0,14,0.45,21,26,5946000.31,56.9398535161912,3.534198313814565,11,1,1,177.80296203185807,2.351971917960109,10,5,11,0.19230769230769232,0.38461538461538464,-129.7719227373744,-260.19333043433613,135.4714307857143,38.64000206666668
0.73,46,34,3,0,14,0.6,21,26,5946000.31,56.9398535161912,3.534198313814565,11,1,1,177.80296203185807,2.351971917960109,10,5,11,0.19230769230769232,0.38461538461538464,-129.7719227373744,-260.19333043433613,135.4714307857143,38.64000206666668
0.73,46,34,3,0,18,0.45,21,26,5946000.31,56.9398535161912,3.534198313814565,11,1,1,177.80296203185807,2.351971917960109,10,5,11,0.19230769230769232,0.38461538461538464,-129.7719227373744,-260.19333043433613,135.4714307857143,38.64000206666668
0.73,46,34,3,0,18,0.6,21,26,5946000.31,56.9398535161912,3.534198313814565,11,1,1,177.80296203185807,2.351971917960109,10,5,11,0.19230769230769232,0.38461538461538464,-129.7719227373744,-260.19333043433613,135.4714307857143,38.64000206666668
0.73,46,34,3,1,14,0.3,21,26,5946000.31,56.9398535161912,3.534198313814565,11,1,1,177.80296203185807,2.351971917960109,10,5,11,0.19230769230769232,0.38461538461538464,-129.7719227373744,-260.19333043433613,135.4714307857143,38.64000206666668
0.73,46,34,3,1,14,0.45,21,26,5946000.31,56.9398535161912,3.534198313814565,11,1,1,177.80296203185807,2.351971917960109,10,5,11,0.19230769230769232,0.38461538461538464,-129.7719227373744,-260.19333043433613,135.4714307857143,38.64000206666668
0.73,46,34,3,1,14,0.6,21,26,5946000.31,56.9398535161912,3.534198313814565,11,1,1,177.80296203185807,2.351971917960109,10,5,11,0.19230769230769232,0.38461538461538464,-129.7719227373744,-260.19333043433613,135.4714307857143,38.64000206666668
0.73,46,34,3,1,18,0.3,21,26,5946000.31,56.9398535161912,3.534198313814565,11,1,1,177.80296203185807,2.351971917960109,10,5,11,0.19230769230769232,0.38461538461538464,-129.7719227373744,-260.19333043433613,135.4714307857143,38.64000206666668
0.73,46,34,3,1,18,0.45,21,26,5946000.31,56.9398535161912,3.534198313814565,11,1,1,177.80296203185807,2.351971917960109,10,5,11,0.19230769230769232,0.38461538461538464,-129.7719227373744,-260.19333043433613,135.4714307857143,38.64000206666668
0.73,46,34,3,1,18,0.6,21,26,5946000.31,56.9398535161912,3.534198313814565,11,1,1,177.80296203185807,2.351971917960109,10,5,11,0.19230769230769232,0.38461538461538464,-129.7719227373744,-260.19333043433613,135.4714307857143,38.64000206666668
0.73,46,34,3,2,14,0.3,21,26,5946000.31,56.9398535161912,3.534198313814565,11,1,1,177.80296203185807,2.351971917960109,10,5,11,0.19230769230769232,0.38461538461538464,-129.7719227373744,-260.19333043433613,135.4714307857143,38.64000206666668
0.73,46,34,3,2,14,0.45,21,26,5946000.31,56.9398535161912,3.534198313814565,11,1,1,177.80296203185807,2.351971917960109,10,5,11,0.19230769230769232,0.38461538461538464,-129.7719227373744,-260.19333043433613,135.4714307857143,38.64000206666668
0.73,46,34,3,2,14,0.6,21,26,5946000.31,56.9398535161912,3.534198313814565,11,1,1,177.80296203185807,2.351971917960109,10,5,11,0.19230769230769232,0.38461538461538464,-129.7719227373744,-260.19333043433613,135.4714307857143,38.64000206666668
0.73,46,34,3,2,18,0.3,21,26,5946000.31,56.9398535161912,3.534198313814565,11,1,1,177.80296203185807,2.351971917960109,10,5,11,0.19230769230769232,0.38461538461538464,-129.7719227373744,-260.19333043433613,135.4714307857143,38.64000206666668
0.73,46,34,3,2,18,0.45,21,26,5946000.31,56.9398535161912,3.534198313814565,11,1,1,177.80296203185807,2.351971917960109,10,5,11,0.19230769230769232,0.38461538461538464,-129.7719227373744,-260.19333043433613,135.4714307857143,38.64000206666668
0.73,46,34,3,2,18,0.6,21,26,5946000.31,56.9398535161912,3.534198313814565,11,1,1,177.80296203185807,2.351971917960109,10,5,11,0.19230769230769232,0.38461538461538464,-129.7719227373744,-260.19333043433613,135.4714307857143,38.64000206666668
0.73,46,40,3,0,14,0.45,21,26,5946000.31,56.9398535161912,3.534198313814565,11,1,1,177.80296203185807,2.351971917960109,10,5,11,0.19230769230769232,0.38461538461538464,-129.7719227373744,-260.19333043433613,135.4714307857143,38.64000206666668
0.73,46,40,3,0,14,0.6,21,26,5946000.31,56.9398535161912,3.534198313814565,11,1,1,177.80296203185807,2.351971917960109,10,5,11,0.19230769230769232,0.38461538461538464,-129.7719227373744,-260.19333043433613,135.4714307857143,38.64000206666668
0.73,46,40,3,0,18,0.45,21,26,5946000.31,56.9398535161912,3.534198313814565,11,1,1,177.80296203185807,2.351971917960109,10,5,11,0.19230769230769232,0.38461538461538464,-129.7719227373744,-260.19333043433613,135.4714307857143,38.64000206666668
0.73,46,40,3,0,18,0.6,21,26,5946000.31,56.9398535161912,3.534198313814565,11,1,1,177.80296203185807,2.351971917960109,10,5,11,0.19230769230769232,0.38461538461538464,-129.7719227373744,-260.19333043433613,135.4714307857143,38.64000206666668
0.73,46,40,3,1,14,0.3,21,26,5946000.31,56.9398535161912,3.534198313814565,11,1,1,177.80296203185807,2.351971917960109,10,5,11,0.19230769230769232,0.38461538461538464,-129.7719227373744,-260.19333043433613,135.4714307857143,38.64000206666668
0.73,46,40,3,1,14,0.45,21,26,5946000.31,56.9398535161912,3.534198313814565,11,1,1,177.80296203185807,2.351971917960109,10,5,11,0.19230769230769232,0.38461538461538464,-129.7719227373744,-260.19333043433613,135.4714307857143,38.64000206666668
0.73,46,40,3,1,14,0.6,21,26,5946000.31,56.9398535161912,3.534198313814565,11,1,1,177.80296203185807,2.351971917960109,10,5,11,0.19230769230769232,0.38461538461538464,-129.7719227373744,-260.19333043433613,135.4714307857143,38.64000206666668
0.73,46,40,3,1,18,0.3,21,26,5946000.31,56.9398535161912,3.534198313814565,11,1,1,177.80296203185807,2.351971917960109,10,5,11,0.19230769230769232,0.38461538461538464,-129.7719227373744,-260.19333043433613,135.4714307857143,38.64000206666668
0.73,46,40,3,1,18,0.45,21,26,5946000.31,56.9398535161912,3.534198313814565,11,1,1,177.80296203185807,2.351971917960109,10,5,11,0.19230769230769232,0.38461538461538464,-129.7719227373744,-260.19333043433613,135.4714307857143,38.64000206666668
0.73,46,40,3,1,18,0.6,21,26,5946000.31,56.9398535161912,3.534198313814565,11,1,1,177.80296203185807,2.351971917960109,10,5,11,0.19230769230769232,0.38461538461538464,-129.7719227373744,-260.19333043433613,135.4714307857143,38.64000206666668
0.73,46,40,3,2,14,0.3,21,26,5946000.31,56.9398535161912,3.534198313814565,11,1,1,177.80296203185807,2.351971917960109,10,5,11,0.19230769230769232,0.38461538461538464,-129.7719227373744,-260.19333043433613,135.4714307857143,38.64000206666668
0.73,46,40,3,2,14,0.45,21,26,5946000.31,56.9398535161912,3.534198313814565,11,1,1,177.80296203185807,2.351971917960109,10,5,11,0.19230769230769232,0.38461538461538464,-129.7719227373744,-260.19333043433613,135.4714307857143,38.64000206666668
0.73,46,40,3,2,14,0.6,21,26,5946000.31,56.9398535161912,3.534198313814565,11,1,1,177.80296203185807,2.351971917960109,10,5,11,0.19230769230769232,0.38461538461538464,-129.7719227373744,-260.19333043433613,135.4714307857143,38.64000206666668
0.73,46,40,3,2,18,0.3,21,26,5946000.31,56.9398535161912,3.534198313814565,11,1,1,177.80296203185807,2.351971917960109,10,5,11,0.19230769230769232,0.38461538461538464,-129.7719227373744,-260.19333043433613,135.4714307857143,38.64000206666668
0.73,46,40,3,2,18,0.45,21,26,5946000.31,56.9398535161912,3.534198313814565,11,1,1,177.80296203185807,2.351971917960109,10,5,11,0.19230769230769232,0.38461538461538464,-129.7719227373744,-260.19333043433613,135.4714307857143,38.64000206666668
0.73,46,40,3,2,18,0.6,21,26,5946000.31,56.9398535161912,3.534198313814565,11,1,1,177.80296203185807,2.351971917960109,10,5,11,0.19230769230769232,0.38461538461538464,-129.7719227373744,-260.19333043433613,135.4714307857143,38.64000206666668
0.78,34,28,3,0,14,0.3,21,26,5946000.31,56.9398535161912,3.534198313814565,11,1,1,177.80296203185807,2.351971917960109,10,5,11,0.19230769230769232,0.38461538461538464,-129.7719227373744,-260.19333043433613,135.4714307857143,38.64000206666668
0.78,34,28,3,0,14,0.45,21,26,5946000.31,56.9398535161912,3.534198313814565,11,1,1,177.80296203185807,2.351971917960109,10,5,11,0.19230769230769232,0.38461538461538464,-129.7719227373744,-260.19333043433613,135.4714307857143,38.64000206666668
0.78,34,28,3,0,14,0.6,21,26,5946000.31,56.9398535161912,3.534198313814565,11,1,1,177.80296203185807,2.351971917960109,10,5,11,0.19230769230769232,0.38461538461538464,-129.7719227373744,-260.19333043433613,135.4714307857143,38.64000206666668
0.78,34,28,3,0,18,0.3,21,26,5946000.31,56.9398535161912,3.534198313814565,11,1,1,177.80296203185807,2.351971917960109,10,5,11,0.19230769230769232,0.38461538461538464,-129.7719227373744,-260.19333043433613,135.4714307857143,38.64000206666668
0.78,34,28,3,0,18,0.45,21,26,5946000.31,56.9398535161912,3.534198313814565,11,1,1,177.80296203185807,2.351971917960109,10,5,11,0.19230769230769232,0.38461538461538464,-129.7719227373744,-260.19333043433613,135.4714307857143,38.64000206666668
0.78,34,28,3,0,18,0.6,21,26,5946000.31,56.9398535161912,3.534198313814565,11,1,1,177.80296203185807,2.351971917960109,10,5,11,0.19230769230769232,0.38461538461538464,-129.7719227373744,-260.19333043433613,135.4714307857143,38.64000206666668
0.78,34,28,3,0,22,0.3,21,26,5946000.31,56.9398535161912,3.534198313814565,11,1,1,177.80296203185807,2.351971917960109,10,5,11,0.19230769230769232,0.38461538461538464,-129.7719227373744,-260.19333043433613,135.4714307857143,38.64000206666668
0.78,34,28,3,0,22,0.45,21,26,5946000.31,56.9398535161912,3.534198313814565,11,1,1,177.80296203185807,2.351971917960109,10,5,11,0.19230769230769232,0.38461538461538464,-129.7719227373744,-260.19333043433613,135.4714307857143,38.64000206666668
0.78,34,28,3,0,22,0.6,21,26,5946000.31,56.9398535161912,3.534198313814565,11,1,1,177.80296203185807,2.351971917960109,10,5,11,0.19230769230769232,0.38461538461538464,-129.7719227373744,-260.19333043433613,135.4714307857143,38.64000206666668
0.78,34,28,3,1,14,0.3,21,26,5946000.31,56.9398535161912,3.534198313814565,11,1,1,177.80296203185807,2.351971917960109,10,5,11,0.19230769230769232,0.38461538461538464,-129.7719227373744,-260.19333043433613,135.4714307857143,38.64000206666668
0.78,34,28,3,1,14,0.45,21,26,5946000.31,56.9398535161912,3.534198313814565,11,1,1,177.80296203185807,2.351971917960109,10,5,11,0.19230769230769232,0.38461538461538464,-129.7719227373744,-260.19333043433613,135.4714307857143,38.64000206666668
0.78,34,28,3,1,14,0.6,21,26,5946000.31,56.9398535161912,3.534198313814565,11,1,1,177.80296203185807,2.351971917960109,10,5,11,0.19230769230769232,0.38461538461538464,-129.7719227373744,-260.19333043433613,135.4714307857143,38.64000206666668
0.78,34,28,3,1,18,0.3,21,26,5946000.31,56.9398535161912,3.534198313814565,11,1,1,177.80296203185807,2.351971917960109,10,5,11,0.19230769230769232,0.38461538461538464,-129.7719227373744,-260.19333043433613,135.4714307857143,38.64000206666668
0.78,34,28,3,1,18,0.45,21,26,5946000.31,56.9398535161912,3.534198313814565,11,1,1,177.80296203185807,2.351971917960109,10,5,11,0.19230769230769232,0.38461538461538464,-129.7719227373744,-260.19333043433613,135.4714307857143,38.64000206666668
0.78,34,28,3,1,18,0.6,21,26,5946000.31,56.9398535161912,3.534198313814565,11,1,1,177.80296203185807,2.351971917960109,10,5,11,0.19230769230769232,0.38461538461538464,-129.7719227373744,-260.19333043433613,135.4714307857143,38.64000206666668
0.78,34,28,3,1,22,0.3,21,26,5946000.31,56.9398535161912,3.534198313814565,11,1,1,177.80296203185807,2.351971917960109,10,5,11,0.19230769230769232,0.38461538461538464,-129.7719227373744,-260.19333043433613,135.4714307857143,38.64000206666668
0.78,34,28,3,1,22,0.45,21,26,5946000.31,56.9398535161912,3.534198313814565,11,1,1,177.80296203185807,2.351971917960109,10,5,11,0.19230769230769232,0.38461538461538464,-129.7719227373744,-260.19333043433613,135.4714307857143,38.64000206666668
0.78,34,28,3,1,22,0.6,21,26,5946000.31,56.9398535161912,3.534198313814565,11,1,1,177.80296203185807,2.351971917960109,10,5,11,0.19230769230769232,0.38461538461538464,-129.7719227373744,-260.19333043433613,135.4714307857143,38.64000206666668
0.78,34,28,3,2,14,0.3,21,26,5946000.31,56.9398535161912,3.534198313814565,11,1,1,177.80296203185807,2.351971917960109,10,5,11,0.19230769230769232,0.38461538461538464,-129.7719227373744,-260.19333043433613,135.4714307857143,38.64000206666668
0.78,34,28,3,2,14,0.45,21,26,5946000.31,56.9398535161912,3.534198313814565,11,1,1,177.80296203185807,2.351971917960109,10,5,11,0.19230769230769232,0.38461538461538464,-129.7719227373744,-260.19333043433613,135.4714307857143,38.64000206666668
0.78,34,28,3,2,14,0.6,21,26,5946000.31,56.9398535161912,3.534198313814565,11,1,1,177.80296203185807,2.351971917960109,10,5,11,0.19230769230769232,0.38461538461538464,-129.7719227373744,-260.19333043433613,135.4714307857143,38.64000206666668
0.78,34,28,3,2,18,0.3,21,26,5946000.31,56.9398535161912,3.534198313814565,11,1,1,177.80296203185807,2.351971917960109,10,5,11,0.19230769230769232,0.38461538461538464,-129.7719227373744,-260.19333043433613,135.4714307857143,38.64000206666668
0.78,34,28,3,2,18,0.45,21,26,5946000.31,56.9398535161912,3.534198313814565,11,1,1,177.80296203185807,2.351971917960109,10,5,11,0.19230769230769232,0.38461538461538464,-129.7719227373744,-260.19333043433613,135.4714307857143,38.64000206666668
0.78,34,28,3,2,18,0.6,21,26,5946000.31,56.9398535161912,3.534198313814565,11,1,1,177.80296203185807,2.351971917960109,10,5,11,0.19230769230769232,0.38461538461538464,-129.7719227373744,-260.19333043433613,135.4714307857143,38.64000206666668
0.78,34,28,3,2,22,0.3,21,26,5946000.31,56.9398535161912,3.534198313814565,11,1,1,177.80296203185807,2.351971917960109,10,5,11,0.19230769230769232,0.38461538461538464,-129.7719227373744,-260.19333043433613,135.4714307857143,38.64000206666668
0.78,34,28,3,2,22,0.45,21,26,5946000.31,56.9398535161912,3.534198313814565,11,1,1,177.80296203185807,2.351971917960109,10,5,11,0.19230769230769232,0.38461538461538464,-129.7719227373744,-260.19333043433613,135.4714307857143,38.64000206666668
0.78,34,28,3,2,22,0.6,21,26,5946000.31,56.9398535161912,3.534198313814565,11,1,1,177.80296203185807,2.351971917960109,10,5,11,0.19230769230769232,0.38461538461538464,-129.7719227373744,-260.19333043433613,135.4714307857143,38.64000206666668
0.78,34,34,3,0,14,0.3,21,26,5946000.31,56.9398535161912,3.534198313814565,11,1,1,177.80296203185807,2.351971917960109,10,5,11,0.19230769230769232,0.38461538461538464,-129.7719227373744,-260.19333043433613,135.4714307857143,38.64000206666668
0.78,34,34,3,0,14,0.45,21,26,5946000.31,56.9398535161912,3.534198313814565,11,1,1,177.80296203185807,2.351971917960109,10,5,11,0.19230769230769232,0.38461538461538464,-129.7719227373744,-260.19333043433613,135.4714307857143,38.64000206666668
0.78,34,34,3,0,14,0.6,21,26,5946000.31,56.9398535161912,3.534198313814565,11,1,1,177.80296203185807,2.351971917960109,10,5,11,0.19230769230769232,0.38461538461538464,-129.7719227373744,-260.19333043433613,135.4714307857143,38.64000206666668
0.78,34,34,3,0,18,0.3,21,26,5946000.31,56.9398535161912,3.534198313814565,11,1,1,177.80296203185807,2.351971917960109,10,5,11,0.19230769230769232,0.38461538461538464,-129.7719227373744,-260.19333043433613,135.4714307857143,38.64000206666668
0.78,34,34,3,0,18,0.45,21,26,5946000.31,56.9398535161912,3.534198313814565,11,1,1,177.80296203185807,2.351971917960109,10,5,11,0.19230769230769232,0.38461538461538464,-129.7719227373744,-260.19333043433613,135.4714307857143,38.64000206666668
0.78,34,34,3,0,18,0.6,21,26,5946000.31,56.9398535161912,3.534198313814565,11,1,1,177.80296203185807,2.351971917960109,10,5,11,0.19230769230769232,0.38461538461538464,-129.7719227373744,-260.19333043433613,135.4714307857143,38.64000206666668
0.78,34,34,3,0,22,0.3,21,26,5946000.31,56.9398535161912,3.534198313814565,11,1,1,177.80296203185807,2.351971917960109,10,5,11,0.19230769230769232,0.38461538461538464,-129.7719227373744,-260.19333043433613,135.4714307857143,38.64000206666668
0.78,34,34,3,0,22,0.45,21,26,5946000.31,56.9398535161912,3.534198313814565,11,1,1,177.80296203185807,2.351971917960109,10,5,11,0.19230769230769232,0.38461538461538464,-129.7719227373744,-260.19333043433613,135.4714307857143,38.64000206666668
0.78,34,34,3,0,22,0.6,21,26,5946000.31,56.9398535161912,3.534198313814565,11,1,1,177.80296203185807,2.351971917960109,10,5,11,0.19230769230769232,0.38461538461538464,-129.7719227373744,-260.19333043433613,135.4714307857143,38.64000206666668
0.78,34,34,3,1,14,0.3,21,26,5946000.31,56.9398535161912,3.534198313814565,11,1,1,177.80296203185807,2.351971917960109,10,5,11,0.19230769230769232,0.38461538461538464,-129.7719227373744,-260.19333043433613,135.4714307857143,38.64000206666668
0.78,34,34,3,1,14,0.45,21,26,5946000.31,56.9398535161912,3.534198313814565,11,1,1,177.80296203185807,2.351971917960109,10,5,11,0.19230769230769232,0.38461538461538464,-129.7719227373744,-260.19333043433613,135.4714307857143,38.64000206666668
0.78,34,34,3,1,14,0.6,21,26,5946000.31,56.9398535161912,3.534198313814565,11,1,1,177.80296203185807,2.351971917960109,10,5,11,0.19230769230769232,0.38461538461538464,-129.7719227373744,-260.19333043433613,135.4714307857143,38.64000206666668
0.78,34,34,3,1,18,0.3,21,26,5946000.31,56.9398535161912,3.534198313814565,11,1,1,177.80296203185807,2.351971917960109,10,5,11,0.19230769230769232,0.38461538461538464,-129.7719227373744,-260.19333043433613,135.4714307857143,38.64000206666668
0.78,34,34,3,1,18,0.45,21,26,5946000.31,56.9398535161912,3.534198313814565,11,1,1,177.80296203185807,2.351971917960109,10,5,11,0.19230769230769232,0.38461538461538464,-129.7719227373744,-260.19333043433613,135.4714307857143,38.64000206666668
0.78,34,34,3,1,18,0.6,21,26,5946000.31,56.9398535161912,3.534198313814565,11,1,1,177.80296203185807,2.351971917960109,10,5,11,0.19230769230769232,0.38461538461538464,-129.7719227373744,-260.19333043433613,135.4714307857143,38.64000206666668
0.78,34,34,3,1,22,0.3,21,26,5946000.31,56.9398535161912,3.534198313814565,11,1,1,177.80296203185807,2.351971917960109,10,5,11,0.19230769230769232,0.38461538461538464,-129.7719227373744,-260.19333043433613,135.4714307857143,38.64000206666668
0.78,34,34,3,1,22,0.45,21,26,5946000.31,56.9398535161912,3.534198313814565,11,1,1,177.80296203185807,2.351971917960109,10,5,11,0.19230769230769232,0.38461538461538464,-129.7719227373744,-260.19333043433613,135.4714307857143,38.64000206666668
0.78,34,34,3,1,22,0.6,21,26,5946000.31,56.9398535161912,3.534198313814565,11,1,1,177.80296203185807,2.351971917960109,10,5,11,0.19230769230769232,0.38461538461538464,-129.7719227373744,-260.19333043433613,135.4714307857143,38.64000206666668
0.78,34,34,3,2,14,0.3,21,26,5946000.31,56.9398535161912,3.534198313814565,11,1,1,177.80296203185807,2.351971917960109,10,5,11,0.19230769230769232,0.38461538461538464,-129.7719227373744,-260.19333043433613,135.4714307857143,38.64000206666668
0.78,34,34,3,2,14,0.45,21,26,5946000.31,56.9398535161912,3.534198313814565,11,1,1,177.80296203185807,2.351971917960109,10,5,11,0.19230769230769232,0.38461538461538464,-129.7719227373744,-260.19333043433613,135.4714307857143,38.64000206666668
0.78,34,34,3,2,14,0.6,21,26,5946000.31,56.9398535161912,3.534198313814565,11,1,1,177.80296203185807,2.351971917960109,10,5,11,0.19230769230769232,0.38461538461538464,-129.7719227373744,-260.19333043433613,135.4714307857143,38.64000206666668
0.78,34,34,3,2,18,0.3,21,26,5946000.31,56.9398535161912,3.534198313814565,11,1,1,177.80296203185807,2.351971917960109,10,5,11,0.19230769230769232,0.38461538461538464,-129.7719227373744,-260.19333043433613,135.4714307857143,38.64000206666668
0.78,34,34,3,2,18,0.45,21,26,5946000.31,56.9398535161912,3.534198313814565,11,1,1,177.80296203185807,2.351971917960109,10,5,11,0.19230769230769232,0.38461538461538464,-129.7719227373744,-260.19333043433613,135.4714307857143,38.64000206666668
0.78,34,34,3,2,18,0.6,21,26,5946000.31,56.9398535161912,3.534198313814565,11,1,1,177.80296203185807,2.351971917960109,10,5,11,0.19230769230769232,0.38461538461538464,-129.7719227373744,-260.19333043433613,135.4714307857143,38.64000206666668
0.78,34,34,3,2,22,0.3,21,26,5946000.31,56.9398535161912,3.534198313814565,11,1,1,177.80296203185807,2.351971917960109,10,5,11,0.19230769230769232,0.38461538461538464,-129.7719227373744,-260.19333043433613,135.4714307857143,38.64000206666668
0.78,34,34,3,2,22,0.45,21,26,5946000.31,56.9398535161912,3.534198313814565,11,1,1,177.80296203185807,2.351971917960109,10,5,11,0.19230769230769232,0.38461538461538464,-129.7719227373744,-260.19333043433613,135.4714307857143,38.64000206666668
0.78,34,34,3,2,22,0.6,21,26,5946000.31,56.9398535161912,3.534198313814565,11,1,1,177.80296203185807,2.351971917960109,10,5,11,0.19230769230769232,0.38461538461538464,-129.7719227373744,-260.19333043433613,135.4714307857143,38.64000206666668
0.78,34,40,3,0,14,0.3,21,26,5946000.31,56.9398535161912,3.534198313814565,11,1,1,177.80296203185807,2.351971917960109,10,5,11,0.19230769230769232,0.38461538461538464,-129.7719227373744,-260.19333043433613,135.4714307857143,38.64000206666668
0.78,34,40,3,0,14,0.45,21,26,5946000.31,56.9398535161912,3.534198313814565,11,1,1,177.80296203185807,2.351971917960109,10,5,11,0.19230769230769232,0.38461538461538464,-129.7719227373744,-260.19333043433613,135.4714307857143,38.64000206666668
0.78,34,40,3,0,14,0.6,21,26,5946000.31,56.9398535161912,3.534198313814565,11,1,1,177.80296203185807,2.351971917960109,10,5,11,0.19230769230769232,0.38461538461538464,-129.7719227373744,-260.19333043433613,135.4714307857143,38.64000206666668
0.78,34,40,3,0,18,0.3,21,26,5946000.31,56.9398535161912,3.534198313814565,11,1,1,177.80296203185807,2.351971917960109,10,5,11,0.19230769230769232,0.38461538461538464,-129.7719227373744,-260.19333043433613,135.4714307857143,38.64000206666668
0.78,34,40,3,0,18,0.45,21,26,5946000.31,56.9398535161912,3.534198313814565,11,1,1,177.80296203185807,2.351971917960109,10,5,11,0.19230769230769232,0.38461538461538464,-129.7719227373744,-260.19333043433613,135.4714307857143,38.64000206666668
0.78,34,40,3,0,18,0.6,21,26,5946000.31,56.9398535161912,3.534198313814565,11,1,1,177.80296203185807,2.351971917960109,10,5,11,0.19230769230769232,0.38461538461538464,-129.7719227373744,-260.19333043433613,135.4714307857143,38.64000206666668
0.78,34,40,3,0,22,0.3,21,26,5946000.31,56.9398535161912,3.534198313814565,11,1,1,177.80296203185807,2.351971917960109,10,5,11,0.19230769230769232,0.38461538461538464,-129.7719227373744,-260.19333043433613,135.4714307857143,38.64000206666668
0.78,34,40,3,0,22,0.45,21,26,5946000.31,56.9398535161912,3.534198313814565,11,1,1,177.80296203185807,2.351971917960109,10,5,11,0.19230769230769232,0.38461538461538464,-129.7719227373744,-260.19333043433613,135.4714307857143,38.64000206666668
0.78,34,40,3,0,22,0.6,21,26,5946000.31,56.9398535161912,3.534198313814565,11,1,1,177.80296203185807,2.351971917960109,10,5,11,0.19230769230769232,0.38461538461538464,-129.7719227373744,-260.19333043433613,135.4714307857143,38.64000206666668
0.78,34,40,3,1,14,0.3,21,26,5946000.31,56.9398535161912,3.534198313814565,11,1,1,177.80296203185807,2.351971917960109,10,5,11,0.19230769230769232,0.38461538461538464,-129.7719227373744,-260.19333043433613,135.4714307857143,38.64000206666668
0.78,34,40,3,1,14,0.45,21,26,5946000.31,56.9398535161912,3.534198313814565,11,1,1,177.80296203185807,2.351971917960109,10,5,11,0.19230769230769232,0.38461538461538464,-129.7719227373744,-260.19333043433613,135.4714307857143,38.64000206666668
0.78,34,40,3,1,14,0.6,21,26,5946000.31,56.9398535161912,3.534198313814565,11,1,1,177.80296203185807,2.351971917960109,10,5,11,0.19230769230769232,0.38461538461538464,-129.7719227373744,-260.19333043433613,135.4714307857143,38.64000206666668
0.78,34,40,3,1,18,0.3,21,26,5946000.31,56.9398535161912,3.534198313814565,11,1,1,177.80296203185807,2.351971917960109,10,5,11,0.19230769230769232,0.38461538461538464,-129.7719227373744,-260.19333043433613,135.4714307857143,38.64000206666668
0.78,34,40,3,1,18,0.45,21,26,5946000.31,56.9398535161912,3.534198313814565,11,1,1,177.80296203185807,2.351971917960109,10,5,11,0.19230769230769232,0.38461538461538464,-129.7719227373744,-260.19333043433613,135.4714307857143,38.64000206666668
0.78,34,40,3,1,18,0.6,21,26,5946000.31,56.9398535161912,3.534198313814565,11,1,1,177.80296203185807,2.351971917960109,10,5,11,0.19230769230769232,0.38461538461538464,-129.7719227373744,-260.19333043433613,135.4714307857143,38.64000206666668
0.78,34,40,3,1,22,0.3,21,26,5946000.31,56.9398535161912,3.534198313814565,11,1,1,177.80296203185807,2.351971917960109,10,5,11,0.19230769230769232,0.38461538461538464,-129.7719227373744,-260.19333043433613,135.4714307857143,38.64000206666668
0.78,34,40,3,1,22,0.45,21,26,5946000.31,56.9398535161912,3.534198313814565,11,1,1,177.80296203185807,2.351971917960109,10,5,11,0.19230769230769232,0.38461538461538464,-129.7719227373744,-260.19333043433613,135.4714307857143,38.64000206666668
0.78,34,40,3,1,22,0.6,21,26,5946000.31,56.9398535161912,3.534198313814565,11,1,1,177.80296203185807,2.351971917960109,10,5,11,0.19230769230769232,0.38461538461538464,-129.7719227373744,-260.19333043433613,135.4714307857143,38.64000206666668
0.78,34,40,3,2,14,0.3,21,26,5946000.31,56.9398535161912,3.534198313814565,11,1,1,177.80296203185807,2.351971917960109,10,5,11,0.19230769230769232,0.38461538461538464,-129.7719227373744,-260.19333043433613,135.4714307857143,38.64000206666668
0.78,34,40,3,2,14,0.45,21,26,5946000.31,56.9398535161912,3.534198313814565,11,1,1,177.80296203185807,2.351971917960109,10,5,11,0.19230769230769232,0.38461538461538464,-129.7719227373744,-260.19333043433613,135.4714307857143,38.64000206666668
0.78,34,40,3,2,14,0.6,21,26,5946000.31,56.9398535161912,3.534198313814565,11,1,1,177.80296203185807,2.351971917960109,10,5,11,0.19230769230769232,0.38461538461538464,-129.7719227373744,-260.19333043433613,135.4714307857143,38.64000206666668
0.78,34,40,3,2,18,0.3,21,26,5946000.31,56.9398535161912,3.534198313814565,11,1,1,177.80296203185807,2.351971917960109,10,5,11,0.19230769230769232,0.38461538461538464,-129.7719227373744,-260.19333043433613,135.4714307857143,38.64000206666668
0.78,34,40,3,2,18,0.45,21,26,5946000.31,56.9398535161912,3.534198313814565,11,1,1,177.80296203185807,2.351971917960109,10,5,11,0.19230769230769232,0.38461538461538464,-129.7719227373744,-260.19333043433613,135.4714307857143,38.64000206666668
0.78,34,40,3,2,18,0.6,21,26,5946000.31,56.9398535161912,3.534198313814565,11,1,1,177.80296203185807,2.351971917960109,10,5,11,0.19230769230769232,0.38461538461538464,-129.7719227373744,-260.19333043433613,135.4714307857143,38.64000206666668
0.78,34,40,3,2,22,0.3,21,26,5946000.31,56.9398535161912,3.534198313814565,11,1,1,177.80296203185807,2.351971917960109,10,5,11,0.19230769230769232,0.38461538461538464,-129.7719227373744,-260.19333043433613,135.4714307857143,38.64000206666668
0.78,34,40,3,2,22,0.45,21,26,5946000.31,56.9398535161912,3.534198313814565,11,1,1,177.80296203185807,2.351971917960109,10,5,11,0.19230769230769232,0.38461538461538464,-129.7719227373744,-260.19333043433613,135.4714307857143,38.64000206666668
0.78,34,40,3,2,22,0.6,21,26,5946000.31,56.9398535161912,3.534198313814565,11,1,1,177.80296203185807,2.351971917960109,10,5,11,0.19230769230769232,0.38461538461538464,-129.7719227373744,-260.19333043433613,135.4714307857143,38.64000206666668
0.78,40,28,3,0,14,0.3,21,26,5946000.31,56.9398535161912,3.534198313814565,11,1,1,177.80296203185807,2.351971917960109,10,5,11,0.19230769230769232,0.38461538461538464,-129.7719227373744,-260.19333043433613,135.4714307857143,38.64000206666668
0.78,40,28,3,0,14,0.45,21,26,5946000.31,56.9398535161912,3.534198313814565,11,1,1,177.80296203185807,2.351971917960109,10,5,11,0.19230769230769232,0.38461538461538464,-129.7719227373744,-260.19333043433613,135.4714307857143,38.64000206666668
0.78,40,28,3,0,14,0.6,21,26,5946000.31,56.9398535161912,3.534198313814565,11,1,1,177.80296203185807,2.351971917960109,10,5,11,0.19230769230769232,0.38461538461538464,-129.7719227373744,-260.19333043433613,135.4714307857143,38.64000206666668
0.78,40,28,3,0,18,0.3,21,26,5946000.31,56.9398535161912,3.534198313814565,11,1,1,177.80296203185807,2.351971917960109,10,5,11,0.19230769230769232,0.38461538461538464,-129.7719227373744,-260.19333043433613,135.4714307857143,38.64000206666668
0.78,40,28,3,0,18,0.45,21,26,5946000.31,56.9398535161912,3.534198313814565,11,1,1,177.80296203185807,2.351971917960109,10,5,11,0.19230769230769232,0.38461538461538464,-129.7719227373744,-260.19333043433613,135.4714307857143,38.64000206666668
0.78,40,28,3,0,18,0.6,21,26,5946000.31,56.9398535161912,3.534198313814565,11,1,1,177.80296203185807,2.351971917960109,10,5,11,0.19230769230769232,0.38461538461538464,-129.7719227373744,-260.19333043433613,135.4714307857143,38.64000206666668
0.78,40,28,3,0,22,0.3,21,26,5946000.31,56.9398535161912,3.534198313814565,11,1,1,177.80296203185807,2.351971917960109,10,5,11,0.19230769230769232,0.38461538461538464,-129.7719227373744,-260.19333043433613,135.4714307857143,38.64000206666668
0.78,40,28,3,0,22,0.45,21,26,5946000.31,56.9398535161912,3.534198313814565,11,1,1,177.80296203185807,2.351971917960109,10,5,11,0.19230769230769232,0.38461538461538464,-129.7719227373744,-260.19333043433613,135.4714307857143,38.64000206666668
0.78,40,28,3,0,22,0.6,21,26,5946000.31,56.9398535161912,3.534198313814565,11,1,1,177.80296203185807,2.351971917960109,10,5,11,0.19230769230769232,0.38461538461538464,-129.7719227373744,-260.19333043433613,135.4714307857143,38.64000206666668
0.78,40,28,3,1,14,0.3,21,26,5946000.31,56.9398535161912,3.534198313814565,11,1,1,177.80296203185807,2.351971917960109,10,5,11,0.19230769230769232,0.38461538461538464,-129.7719227373744,-260.19333043433613,135.4714307857143,38.64000206666668
0.78,40,28,3,1,14,0.45,21,26,5946000.31,56.9398535161912,3.534198313814565,11,1,1,177.80296203185807,2.351971917960109,10,5,11,0.19230769230769232,0.38461538461538464,-129.7719227373744,-260.19333043433613,135.4714307857143,38.64000206666668
0.78,40,28,3,1,14,0.6,21,26,5946000.31,56.9398535161912,3.534198313814565,11,1,1,177.80296203185807,2.351971917960109,10,5,11,0.19230769230769232,0.38461538461538464,-129.7719227373744,-260.19333043433613,135.4714307857143,38.64000206666668
0.78,40,28,3,1,18,0.3,21,26,5946000.31,56.9398535161912,3.534198313814565,11,1,1,177.80296203185807,2.351971917960109,10,5,11,0.19230769230769232,0.38461538461538464,-129.7719227373744,-260.19333043433613,135.4714307857143,38.64000206666668
0.78,40,28,3,1,18,0.45,21,26,5946000.31,56.9398535161912,3.534198313814565,11,1,1,177.80296203185807,2.351971917960109,10,5,11,0.19230769230769232,0.38461538461538464,-129.7719227373744,-260.19333043433613,135.4714307857143,38.64000206666668
0.78,40,28,3,1,18,0.6,21,26,5946000.31,56.9398535161912,3.534198313814565,11,1,1,177.80296203185807,2.351971917960109,10,5,11,0.19230769230769232,0.38461538461538464,-129.7719227373744,-260.19333043433613,135.4714307857143,38.64000206666668
0.78,40,28,3,1,22,0.3,21,26,5946000.31,56.9398535161912,3.534198313814565,11,1,1,177.80296203185807,2.351971917960109,10,5,11,0.19230769230769232,0.38461538461538464,-129.7719227373744,-260.19333043433613,135.4714307857143,38.64000206666668
0.78,40,28,3,1,22,0.45,21,26,5946000.31,56.9398535161912,3.534198313814565,11,1,1,177.80296203185807,2.351971917960109,10,5,11,0.19230769230769232,0.38461538461538464,-129.7719227373744,-260.19333043433613,135.4714307857143,38.64000206666668
0.78,40,28,3,1,22,0.6,21,26,5946000.31,56.9398535161912,3.534198313814565,11,1,1,177.80296203185807,2.351971917960109,10,5,11,0.19230769230769232,0.38461538461538464,-129.7719227373744,-260.19333043433613,135.4714307857143,38.64000206666668
0.78,40,28,3,2,14,0.3,21,26,5946000.31,56.9398535161912,3.534198313814565,11,1,1,177.80296203185807,2.351971917960109,10,5,11,0.19230769230769232,0.38461538461538464,-129.7719227373744,-260.19333043433613,135.4714307857143,38.64000206666668
0.78,40,28,3,2,14,0.45,21,26,5946000.31,56.9398535161912,3.534198313814565,11,1,1,177.80296203185807,2.351971917960109,10,5,11,0.19230769230769232,0.38461538461538464,-129.7719227373744,-260.19333043433613,135.4714307857143,38.64000206666668
0.78,40,28,3,2,14,0.6,21,26,5946000.31,56.9398535161912,3.534198313814565,11,1,1,177.80296203185807,2.351971917960109,10,5,11,0.19230769230769232,0.38461538461538464,-129.7719227373744,-260.19333043433613,135.4714307857143,38.64000206666668
0.78,40,28,3,2,18,0.3,21,26,5946000.31,56.9398535161912,3.534198313814565,11,1,1,177.80296203185807,2.351971917960109,10,5,11,0.19230769230769232,0.38461538461538464,-129.7719227373744,-260.19333043433613,135.4714307857143,38.64000206666668
0.78,40,28,3,2,18,0.45,21,26,5946000.31,56.9398535161912,3.534198313814565,11,1,1,177.80296203185807,2.351971917960109,10,5,11,0.19230769230769232,0.38461538461538464,-129.7719227373744,-260.19333043433613,135.4714307857143,38.64000206666668
0.78,40,28,3,2,18,0.6,21,26,5946000.31,56.9398535161912,3.534198313814565,11,1,1,177.80296203185807,2.351971917960109,10,5,11,0.19230769230769232,0.38461538461538464,-129.7719227373744,-260.19333043433613,135.4714307857143,38.64000206666668
0.78,40,28,3,2,22,0.3,21,26,5946000.31,56.9398535161912,3.534198313814565,11,1,1,177.80296203185807,2.351971917960109,10,5,11,0.19230769230769232,0.38461538461538464,-129.7719227373744,-260.19333043433613,135.4714307857143,38.64000206666668
0.78,40,28,3,2,22,0.45,21,26,5946000.31,56.9398535161912,3.534198313814565,11,1,1,177.80296203185807,2.351971917960109,10,5,11,0.19230769230769232,0.38461538461538464,-129.7719227373744,-260.19333043433613,135.4714307857143,38.64000206666668
0.78,40,28,3,2,22,0.6,21,26,5946000.31,56.9398535161912,3.534198313814565,11,1,1,177.80296203185807,2.351971917960109,10,5,11,0.19230769230769232,0.38461538461538464,-129.7719227373744,-260.19333043433613,135.4714307857143,38.64000206666668
0.78,40,34,3,0,14,0.3,21,26,5946000.31,56.9398535161912,3.534198313814565,11,1,1,177.80296203185807,2.351971917960109,10,5,11,0.19230769230769232,0.38461538461538464,-129.7719227373744,-260.19333043433613,135.4714307857143,38.64000206666668
0.78,40,34,3,0,14,0.45,21,26,5946000.31,56.9398535161912,3.534198313814565,11,1,1,177.80296203185807,2.351971917960109,10,5,11,0.19230769230769232,0.38461538461538464,-129.7719227373744,-260.19333043433613,135.4714307857143,38.64000206666668
0.78,40,34,3,0,14,0.6,21,26,5946000.31,56.9398535161912,3.534198313814565,11,1,1,177.80296203185807,2.351971917960109,10,5,11,0.19230769230769232,0.38461538461538464,-129.7719227373744,-260.19333043433613,135.4714307857143,38.64000206666668
0.78,40,34,3,0,18,0.3,21,26,5946000.31,56.9398535161912,3.534198313814565,11,1,1,177.80296203185807,2.351971917960109,10,5,11,0.19230769230769232,0.38461538461538464,-129.7719227373744,-260.19333043433613,135.4714307857143,38.64000206666668
0.78,40,34,3,0,18,0.45,21,26,5946000.31,56.9398535161912,3.534198313814565,11,1,1,177.80296203185807,2.351971917960109,10,5,11,0.19230769230769232,0.38461538461538464,-129.7719227373744,-260.19333043433613,135.4714307857143,38.64000206666668
0.78,40,34,3,0,18,0.6,21,26,5946000.31,56.9398535161912,3.534198313814565,11,1,1,177.80296203185807,2.351971917960109,10,5,11,0.19230769230769232,0.38461538461538464,-129.7719227373744,-260.19333043433613,135.4714307857143,38.64000206666668
0.78,40,34,3,0,22,0.3,21,26,5946000.31,56.9398535161912,3.534198313814565,11,1,1,177.80296203185807,2.351971917960109,10,5,11,0.19230769230769232,0.38461538461538464,-129.7719227373744,-260.19333043433613,135.4714307857143,38.64000206666668
0.78,40,34,3,0,22,0.45,21,26,5946000.31,56.9398535161912,3.534198313814565,11,1,1,177.80296203185807,2.351971917960109,10,5,11,0.19230769230769232,0.38461538461538464,-129.7719227373744,-260.19333043433613,135.4714307857143,38.64000206666668
0.78,40,34,3,0,22,0.6,21,26,5946000.31,56.9398535161912,3.534198313814565,11,1,1,177.80296203185807,2.351971917960109,10,5,11,0.19230769230769232,0.38461538461538464,-129.7719227373744,-260.19333043433613,135.4714307857143,38.64000206666668
0.78,40,34,3,1,14,0.3,21,26,5946000.31,56.9398535161912,3.534198313814565,11,1,1,177.80296203185807,2.351971917960109,10,5,11,0.19230769230769232,0.38461538461538464,-129.7719227373744,-260.19333043433613,135.4714307857143,38.64000206666668
0.78,40,34,3,1,14,0.45,21,26,5946000.31,56.9398535161912,3.534198313814565,11,1,1,177.80296203185807,2.351971917960109,10,5,11,0.19230769230769232,0.38461538461538464,-129.7719227373744,-260.19333043433613,135.4714307857143,38.64000206666668
0.78,40,34,3,1,14,0.6,21,26,5946000.31,56.9398535161912,3.534198313814565,11,1,1,177.80296203185807,2.351971917960109,10,5,11,0.19230769230769232,0.38461538461538464,-129.7719227373744,-260.19333043433613,135.4714307857143,38.64000206666668
0.78,40,34,3,1,18,0.3,21,26,5946000.31,56.9398535161912,3.534198313814565,11,1,1,177.80296203185807,2.351971917960109,10,5,11,0.19230769230769232,0.38461538461538464,-129.7719227373744,-260.19333043433613,135.4714307857143,38.64000206666668
0.78,40,34,3,1,18,0.45,21,26,5946000.31,56.9398535161912,3.534198313814565,11,1,1,177.80296203185807,2.351971917960109,10,5,11,0.19230769230769232,0.38461538461538464,-129.7719227373744,-260.19333043433613,135.4714307857143,38.64000206666668
0.78,40,34,3,1,18,0.6,21,26,5946000.31,56.9398535161912,3.534198313814565,11,1,1,177.80296203185807,2.351971917960109,10,5,11,0.19230769230769232,0.38461538461538464,-129.7719227373744,-260.19333043433613,135.4714307857143,38.64000206666668
0.78,40,34,3,1,22,0.3,21,26,5946000.31,56.9398535161912,3.534198313814565,11,1,1,177.80296203185807,2.351971917960109,10,5,11,0.19230769230769232,0.38461538461538464,-129.7719227373744,-260.19333043433613,135.4714307857143,38.64000206666668
0.78,40,34,3,1,22,0.45,21,26,5946000.31,56.9398535161912,3.534198313814565,11,1,1,177.80296203185807,2.351971917960109,10,5,11,0.19230769230769232,0.38461538461538464,-129.7719227373744,-260.19333043433613,135.4714307857143,38.64000206666668
0.78,40,34,3,1,22,0.6,21,26,5946000.31,56.9398535161912,3.534198313814565,11,1,1,177.80296203185807,2.351971917960109,10,5,11,0.19230769230769232,0.38461538461538464,-129.7719227373744,-260.19333043433613,135.4714307857143,38.64000206666668
0.78,40,34,3,2,14,0.3,21,26,5946000.31,56.9398535161912,3.534198313814565,11,1,1,177.80296203185807,2.351971917960109,10,5,11,0.19230769230769232,0.38461538461538464,-129.7719227373744,-260.19333043433613,135.4714307857143,38.64000206666668
0.78,40,34,3,2,14,0.45,21,26,5946000.31,56.9398535161912,3.534198313814565,11,1,1,177.80296203185807,2.351971917960109,10,5,11,0.19230769230769232,0.38461538461538464,-129.7719227373744,-260.19333043433613,135.4714307857143,38.64000206666668
0.78,40,34,3,2,14,0.6,21,26,5946000.31,56.9398535161912,3.534198313814565,11,1,1,177.80296203185807,2.351971917960109,10,5,11,0.19230769230769232,0.38461538461538464,-129.7719227373744,-260.19333043433613,135.4714307857143,38.64000206666668
0.78,40,34,3,2,18,0.3,21,26,5946000.31,56.9398535161912,3.534198313814565,11,1,1,177.80296203185807,2.351971917960109,10,5,11,0.19230769230769232,0.38461538461538464,-129.7719227373744,-260.19333043433613,135.4714307857143,38.64000206666668
0.78,40,34,3,2,18,0.45,21,26,5946000.31,56.9398535161912,3.534198313814565,11,1,1,177.80296203185807,2.351971917960109,10,5,11,0.19230769230769232,0.38461538461538464,-129.7719227373744,-260.19333043433613,135.4714307857143,38.64000206666668
0.78,40,34,3,2,18,0.6,21,26,5946000.31,56.9398535161912,3.534198313814565,11,1,1,177.80296203185807,2.351971917960109,10,5,11,0.19230769230769232,0.38461538461538464,-129.7719227373744,-260.19333043433613,135.4714307857143,38.64000206666668
0.78,40,34,3,2,22,0.3,21,26,5946000.31,56.9398535161912,3.534198313814565,11,1,1,177.80296203185807,2.351971917960109,10,5,11,0.19230769230769232,0.38461538461538464,-129.7719227373744,-260.19333043433613,135.4714307857143,38.64000206666668
0.78,40,34,3,2,22,0.45,21,26,5946000.31,56.9398535161912,3.534198313814565,11,1,1,177.80296203185807,2.351971917960109,10,5,11,0.19230769230769232,0.38461538461538464,-129.7719227373744,-260.19333043433613,135.4714307857143,38.64000206666668
0.78,40,34,3,2,22,0.6,21,26,5946000.31,56.9398535161912,3.534198313814565,11,1,1,177.80296203185807,2.351971917960109,10,5,11,0.19230769230769232,0.38461538461538464,-129.7719227373744,-260.19333043433613,135.4714307857143,38.64000206666668
0.78,40,40,3,0,14,0.3,21,26,5946000.31,56.9398535161912,3.534198313814565,11,1,1,177.80296203185807,2.351971917960109,10,5,11,0.19230769230769232,0.38461538461538464,-129.7719227373744,-260.19333043433613,135.4714307857143,38.64000206666668
0.78,40,40,3,0,14,0.45,21,26,5946000.31,56.9398535161912,3.534198313814565,11,1,1,177.80296203185807,2.351971917960109,10,5,11,0.19230769230769232,0.38461538461538464,-129.7719227373744,-260.19333043433613,135.4714307857143,38.64000206666668
0.78,40,40,3,0,14,0.6,21,26,5946000.31,56.9398535161912,3.534198313814565,11,1,1,177.80296203185807,2.351971917960109,10,5,11,0.19230769230769232,0.38461538461538464,-129.7719227373744,-260.19333043433613,135.4714307857143,38.64000206666668
0.78,40,40,3,0,18,0.3,21,26,5946000.31,56.9398535161912,3.534198313814565,11,1,1,177.80296203185807,2.351971917960109,10,5,11,0.19230769230769232,0.38461538461538464,-129.7719227373744,-260.19333043433613,135.4714307857143,38.64000206666668
0.78,40,40,3,0,18,0.45,21,26,5946000.31,56.9398535161912,3.534198313814565,11,1,1,177.80296203185807,2.351971917960109,10,5,11,0.19230769230769232,0.38461538461538464,-129.7719227373744,-260.19333043433613,135.4714307857143,38.64000206666668
0.78,40,40,3,0,18,0.6,21,26,5946000.31,56.9398535161912,3.534198313814565,11,1,1,177.80296203185807,2.351971917960109,10,5,11,0.19230769230769232,0.38461538461538464,-129.7719227373744,-260.19333043433613,135.4714307857143,38.64000206666668
0.78,40,40,3,0,22,0.3,21,26,5946000.31,56.9398535161912,3.534198313814565,11,1,1,177.80296203185807,2.351971917960109,10,5,11,0.19230769230769232,0.38461538461538464,-129.7719227373744,-260.19333043433613,135.4714307857143,38.64000206666668
0.78,40,40,3,0,22,0.45,21,26,5946000.31,56.9398535161912,3.534198313814565,11,1,1,177.80296203185807,2.351971917960109,10,5,11,0.19230769230769232,0.38461538461538464,-129.7719227373744,-260.19333043433613,135.4714307857143,38.64000206666668
0.78,40,40,3,0,22,0.6,21,26,5946000.31,56.9398535161912,3.534198313814565,11,1,1,177.80296203185807,2.351971917960109,10,5,11,0.19230769230769232,0.38461538461538464,-129.7719227373744,-260.19333043433613,135.4714307857143,38.64000206666668
0.78,40,40,3,1,14,0.3,21,26,5946000.31,56.9398535161912,3.534198313814565,11,1,1,177.80296203185807,2.351971917960109,10,5,11,0.19230769230769232,0.38461538461538464,-129.7719227373744,-260.19333043433613,135.4714307857143,38.64000206666668
0.78,40,40,3,1,14,0.45,21,26,5946000.31,56.9398535161912,3.534198313814565,11,1,1,177.80296203185807,2.351971917960109,10,5,11,0.19230769230769232,0.38461538461538464,-129.7719227373744,-260.19333043433613,135.4714307857143,38.64000206666668
0.78,40,40,3,1,14,0.6,21,26,5946000.31,56.9398535161912,3.534198313814565,11,1,1,177.80296203185807,2.351971917960109,10,5,11,0.19230769230769232,0.38461538461538464,-129.7719227373744,-260.19333043433613,135.4714307857143,38.64000206666668
0.78,40,40,3,1,18,0.3,21,26,5946000.31,56.9398535161912,3.534198313814565,11,1,1,177.80296203185807,2.351971917960109,10,5,11,0.19230769230769232,0.38461538461538464,-129.7719227373744,-260.19333043433613,135.4714307857143,38.64000206666668
0.78,40,40,3,1,18,0.45,21,26,5946000.31,56.9398535161912,3.534198313814565,11,1,1,177.80296203185807,2.351971917960109,10,5,11,0.19230769230769232,0.38461538461538464,-129.7719227373744,-260.19333043433613,135.4714307857143,38.64000206666668
0.78,40,40,3,1,18,0.6,21,26,5946000.31,56.9398535161912,3.534198313814565,11,1,1,177.80296203185807,2.351971917960109,10,5,11,0.19230769230769232,0.38461538461538464,-129.7719227373744,-260.19333043433613,135.4714307857143,38.64000206666668
0.78,40,40,3,1,22,0.3,21,26,5946000.31,56.9398535161912,3.534198313814565,11,1,1,177.80296203185807,2.351971917960109,10,5,11,0.19230769230769232,0.38461538461538464,-129.7719227373744,-260.19333043433613,135.4714307857143,38.64000206666668
0.78,40,40,3,1,22,0.45,21,26,5946000.31,56.9398535161912,3.534198313814565,11,1,1,177.80296203185807,2.351971917960109,10,5,11,0.19230769230769232,0.38461538461538464,-129.7719227373744,-260.19333043433613,135.4714307857143,38.64000206666668
0.78,40,40,3,1,22,0.6,21,26,5946000.31,56.9398535161912,3.534198313814565,11,1,1,177.80296203185807,2.351971917960109,10,5,11,0.19230769230769232,0.38461538461538464,-129.7719227373744,-260.19333043433613,135.4714307857143,38.64000206666668
0.78,40,40,3,2,14,0.3,21,26,5946000.31,56.9398535161912,3.534198313814565,11,1,1,177.80296203185807,2.351971917960109,10,5,11,0.19230769230769232,0.38461538461538464,-129.7719227373744,-260.19333043433613,135.4714307857143,38.64000206666668
0.78,40,40,3,2,14,0.45,21,26,5946000.31,56.9398535161912,3.534198313814565,11,1,1,177.80296203185807,2.351971917960109,10,5,11,0.19230769230769232,0.38461538461538464,-129.7719227373744,-260.19333043433613,135.4714307857143,38.64000206666668
0.78,40,40,3,2,14,0.6,21,26,5946000.31,56.9398535161912,3.534198313814565,11,1,1,177.80296203185807,2.351971917960109,10,5,11,0.19230769230769232,0.38461538461538464,-129.7719227373744,-260.19333043433613,135.4714307857143,38.64000206666668
0.78,40,40,3,2,18,0.3,21,26,5946000.31,56.9398535161912,3.534198313814565,11,1,1,177.80296203185807,2.351971917960109,10,5,11,0.19230769230769232,0.38461538461538464,-129.7719227373744,-260.19333043433613,135.4714307857143,38.64000206666668
0.78,40,40,3,2,18,0.45,21,26,5946000.31,56.9398535161912,3.534198313814565,11,1,1,177.80296203185807,2.351971917960109,10,5,11,0.19230769230769232,0.38461538461538464,-129.7719227373744,-260.19333043433613,135.4714307857143,38.64000206666668
0.78,40,40,3,2,18,0.6,21,26,5946000.31,56.9398535161912,3.534198313814565,11,1,1,177.80296203185807,2.351971917960109,10,5,11,0.19230769230769232,0.38461538461538464,-129.7719227373744,-260.19333043433613,135.4714307857143,38.64000206666668
0.78,40,40,3,2,22,0.3,21,26,5946000.31,56.9398535161912,3.534198313814565,11,1,1,177.80296203185807,2.351971917960109,10,5,11,0.19230769230769232,0.38461538461538464,-129.7719227373744,-260.19333043433613,135.4714307857143,38.64000206666668
0.78,40,40,3,2,22,0.45,21,26,5946000.31,56.9398535161912,3.534198313814565,11,1,1,177.80296203185807,2.351971917960109,10,5,11,0.19230769230769232,0.38461538461538464,-129.7719227373744,-260.19333043433613,135.4714307857143,38.64000206666668
0.78,40,40,3,2,22,0.6,21,26,5946000.31,56.9398535161912,3.534198313814565,11,1,1,177.80296203185807,2.351971917960109,10,5,11,0.19230769230769232,0.38461538461538464,-129.7719227373744,-260.19333043433613,135.4714307857143,38.64000206666668
0.78,46,28,3,0,14,0.3,21,26,5946000.31,56.9398535161912,3.534198313814565,11,1,1,177.80296203185807,2.351971917960109,10,5,11,0.19230769230769232,0.38461538461538464,-129.7719227373744,-260.19333043433613,135.4714307857143,38.64000206666668
0.78,46,28,3,0,14,0.45,21,26,5946000.31,56.9398535161912,3.534198313814565,11,1,1,177.80296203185807,2.351971917960109,10,5,11,0.19230769230769232,0.38461538461538464,-129.7719227373744,-260.19333043433613,135.4714307857143,38.64000206666668
0.78,46,28,3,0,14,0.6,21,26,5946000.31,56.9398535161912,3.534198313814565,11,1,1,177.80296203185807,2.351971917960109,10,5,11,0.19230769230769232,0.38461538461538464,-129.7719227373744,-260.19333043433613,135.4714307857143,38.64000206666668
0.78,46,28,3,0,18,0.3,21,26,5946000.31,56.9398535161912,3.534198313814565,11,1,1,177.80296203185807,2.351971917960109,10,5,11,0.19230769230769232,0.38461538461538464,-129.7719227373744,-260.19333043433613,135.4714307857143,38.64000206666668
0.78,46,28,3,0,18,0.45,21,26,5946000.31,56.9398535161912,3.534198313814565,11,1,1,177.80296203185807,2.351971917960109,10,5,11,0.19230769230769232,0.38461538461538464,-129.7719227373744,-260.19333043433613,135.4714307857143,38.64000206666668
0.78,46,28,3,0,18,0.6,21,26,5946000.31,56.9398535161912,3.534198313814565,11,1,1,177.80296203185807,2.351971917960109,10,5,11,0.19230769230769232,0.38461538461538464,-129.7719227373744,-260.19333043433613,135.4714307857143,38.64000206666668
0.78,46,28,3,0,22,0.3,21,26,5946000.31,56.9398535161912,3.534198313814565,11,1,1,177.80296203185807,2.351971917960109,10,5,11,0.19230769230769232,0.38461538461538464,-129.7719227373744,-260.19333043433613,135.4714307857143,38.64000206666668
0.78,46,28,3,0,22,0.45,21,26,5946000.31,56.9398535161912,3.534198313814565,11,1,1,177.80296203185807,2.351971917960109,10,5,11,0.19230769230769232,0.38461538461538464,-129.7719227373744,-260.19333043433613,135.4714307857143,38.64000206666668
0.78,46,28,3,0,22,0.6,21,26,5946000.31,56.9398535161912,3.534198313814565,11,1,1,177.80296203185807,2.351971917960109,10,5,11,0.19230769230769232,0.38461538461538464,-129.7719227373744,-260.19333043433613,135.4714307857143,38.64000206666668
0.78,46,28,3,1,14,0.3,21,26,5946000.31,56.9398535161912,3.534198313814565,11,1,1,177.80296203185807,2.351971917960109,10,5,11,0.19230769230769232,0.38461538461538464,-129.7719227373744,-260.19333043433613,135.4714307857143,38.64000206666668
0.78,46,28,3,1,14,0.45,21,26,5946000.31,56.9398535161912,3.534198313814565,11,1,1,177.80296203185807,2.351971917960109,10,5,11,0.19230769230769232,0.38461538461538464,-129.7719227373744,-260.19333043433613,135.4714307857143,38.64000206666668
0.78,46,28,3,1,14,0.6,21,26,5946000.31,56.9398535161912,3.534198313814565,11,1,1,177.80296203185807,2.351971917960109,10,5,11,0.19230769230769232,0.38461538461538464,-129.7719227373744,-260.19333043433613,135.4714307857143,38.64000206666668
0.78,46,28,3,1,18,0.3,21,26,5946000.31,56.9398535161912,3.534198313814565,11,1,1,177.80296203185807,2.351971917960109,10,5,11,0.19230769230769232,0.38461538461538464,-129.7719227373744,-260.19333043433613,135.4714307857143,38.64000206666668
0.78,46,28,3,1,18,0.45,21,26,5946000.31,56.9398535161912,3.534198313814565,11,1,1,177.80296203185807,2.351971917960109,10,5,11,0.19230769230769232,0.38461538461538464,-129.7719227373744,-260.19333043433613,135.4714307857143,38.64000206666668
0.78,46,28,3,1,18,0.6,21,26,5946000.31,56.9398535161912,3.534198313814565,11,1,1,177.80296203185807,2.351971917960109,10,5,11,0.19230769230769232,0.38461538461538464,-129.7719227373744,-260.19333043433613,135.4714307857143,38.64000206666668
0.78,46,28,3,1,22,0.3,21,26,5946000.31,56.9398535161912,3.534198313814565,11,1,1,177.80296203185807,2.351971917960109,10,5,11,0.19230769230769232,0.38461538461538464,-129.7719227373744,-260.19333043433613,135.4714307857143,38.64000206666668
0.78,46,28,3,1,22,0.45,21,26,5946000.31,56.9398535161912,3.534198313814565,11,1,1,177.80296203185807,2.351971917960109,10,5,11,0.19230769230769232,0.38461538461538464,-129.7719227373744,-260.19333043433613,135.4714307857143,38.64000206666668
0.78,46,28,3,1,22,0.6,21,26,5946000.31,56.9398535161912,3.534198313814565,11,1,1,177.80296203185807,2.351971917960109,10,5,11,0.19230769230769232,0.38461538461538464,-129.7719227373744,-260.19333043433613,135.4714307857143,38.64000206666668
0.78,46,28,3,2,14,0.3,21,26,5946000.31,56.9398535161912,3.534198313814565,11,1,1,177.80296203185807,2.351971917960109,10,5,11,0.19230769230769232,0.38461538461538464,-129.7719227373744,-260.19333043433613,135.4714307857143,38.64000206666668
0.78,46,28,3,2,14,0.45,21,26,5946000.31,56.9398535161912,3.534198313814565,11,1,1,177.80296203185807,2.351971917960109,10,5,11,0.19230769230769232,0.38461538461538464,-129.7719227373744,-260.19333043433613,135.4714307857143,38.64000206666668
0.78,46,28,3,2,14,0.6,21,26,5946000.31,56.9398535161912,3.534198313814565,11,1,1,177.80296203185807,2.351971917960109,10,5,11,0.19230769230769232,0.38461538461538464,-129.7719227373744,-260.19333043433613,135.4714307857143,38.64000206666668
0.78,46,28,3,2,18,0.3,21,26,5946000.31,56.9398535161912,3.534198313814565,11,1,1,177.80296203185807,2.351971917960109,10,5,11,0.19230769230769232,0.38461538461538464,-129.7719227373744,-260.19333043433613,135.4714307857143,38.64000206666668
0.78,46,28,3,2,18,0.45,21,26,5946000.31,56.9398535161912,3.534198313814565,11,1,1,177.80296203185807,2.351971917960109,10,5,11,0.19230769230769232,0.38461538461538464,-129.7719227373744,-260.19333043433613,135.4714307857143,38.64000206666668
0.78,46,28,3,2,18,0.6,21,26,5946000.31,56.9398535161912,3.534198313814565,11,1,1,177.80296203185807,2.351971917960109,10,5,11,0.19230769230769232,0.38461538461538464,-129.7719227373744,-260.19333043433613,135.4714307857143,38.64000206666668
0.78,46,28,3,2,22,0.3,21,26,5946000.31,56.9398535161912,3.534198313814565,11,1,1,177.80296203185807,2.351971917960109,10,5,11,0.19230769230769232,0.38461538461538464,-129.7719227373744,-260.19333043433613,135.4714307857143,38.64000206666668
0.78,46,28,3,2,22,0.45,21,26,5946000.31,56.9398535161912,3.534198313814565,11,1,1,177.80296203185807,2.351971917960109,10,5,11,0.19230769230769232,0.38461538461538464,-129.7719227373744,-260.19333043433613,135.4714307857143,38.64000206666668
0.78,46,28,3,2,22,0.6,21,26,5946000.31,56.9398535161912,3.534198313814565,11,1,1,177.80296203185807,2.351971917960109,10,5,11,0.19230769230769232,0.38461538461538464,-129.7719227373744,-260.19333043433613,135.4714307857143,38.64000206666668
0.78,46,34,3,0,14,0.3,21,26,5946000.31,56.9398535161912,3.534198313814565,11,1,1,177.80296203185807,2.351971917960109,10,5,11,0.19230769230769232,0.38461538461538464,-129.7719227373744,-260.19333043433613,135.4714307857143,38.64000206666668
0.78,46,34,3,0,14,0.45,21,26,5946000.31,56.9398535161912,3.534198313814565,11,1,1,177.80296203185807,2.351971917960109,10,5,11,0.19230769230769232,0.38461538461538464,-129.7719227373744,-260.19333043433613,135.4714307857143,38.64000206666668
0.78,46,34,3,0,14,0.6,21,26,5946000.31,56.9398535161912,3.534198313814565,11,1,1,177.80296203185807,2.351971917960109,10,5,11,0.19230769230769232,0.38461538461538464,-129.7719227373744,-260.19333043433613,135.4714307857143,38.64000206666668
0.78,46,34,3,0,18,0.3,21,26,5946000.31,56.9398535161912,3.534198313814565,11,1,1,177.80296203185807,2.351971917960109,10,5,11,0.19230769230769232,0.38461538461538464,-129.7719227373744,-260.19333043433613,135.4714307857143,38.64000206666668
0.78,46,34,3,0,18,0.45,21,26,5946000.31,56.9398535161912,3.534198313814565,11,1,1,177.80296203185807,2.351971917960109,10,5,11,0.19230769230769232,0.38461538461538464,-129.7719227373744,-260.19333043433613,135.4714307857143,38.64000206666668
0.78,46,34,3,0,18,0.6,21,26,5946000.31,56.9398535161912,3.534198313814565,11,1,1,177.80296203185807,2.351971917960109,10,5,11,0.19230769230769232,0.38461538461538464,-129.7719227373744,-260.19333043433613,135.4714307857143,38.64000206666668
0.78,46,34,3,0,22,0.3,21,26,5946000.31,56.9398535161912,3.534198313814565,11,1,1,177.80296203185807,2.351971917960109,10,5,11,0.19230769230769232,0.38461538461538464,-129.7719227373744,-260.19333043433613,135.4714307857143,38.64000206666668
0.78,46,34,3,0,22,0.45,21,26,5946000.31,56.9398535161912,3.534198313814565,11,1,1,177.80296203185807,2.351971917960109,10,5,11,0.19230769230769232,0.38461538461538464,-129.7719227373744,-260.19333043433613,135.4714307857143,38.64000206666668
0.78,46,34,3,0,22,0.6,21,26,5946000.31,56.9398535161912,3.534198313814565,11,1,1,177.80296203185807,2.351971917960109,10,5,11,0.19230769230769232,0.38461538461538464,-129.7719227373744,-260.19333043433613,135.4714307857143,38.64000206666668
0.78,46,34,3,1,14,0.3,21,26,5946000.31,56.9398535161912,3.534198313814565,11,1,1,177.80296203185807,2.351971917960109,10,5,11,0.19230769230769232,0.38461538461538464,-129.7719227373744,-260.19333043433613,135.4714307857143,38.64000206666668
0.78,46,34,3,1,14,0.45,21,26,5946000.31,56.9398535161912,3.534198313814565,11,1,1,177.80296203185807,2.351971917960109,10,5,11,0.19230769230769232,0.38461538461538464,-129.7719227373744,-260.19333043433613,135.4714307857143,38.64000206666668
0.78,46,34,3,1,14,0.6,21,26,5946000.31,56.9398535161912,3.534198313814565,11,1,1,177.80296203185807,2.351971917960109,10,5,11,0.19230769230769232,0.38461538461538464,-129.7719227373744,-260.19333043433613,135.4714307857143,38.64000206666668
0.78,46,34,3,1,18,0.3,21,26,5946000.31,56.9398535161912,3.534198313814565,11,1,1,177.80296203185807,2.351971917960109,10,5,11,0.19230769230769232,0.38461538461538464,-129.7719227373744,-260.19333043433613,135.4714307857143,38.64000206666668
0.78,46,34,3,1,18,0.45,21,26,5946000.31,56.9398535161912,3.534198313814565,11,1,1,177.80296203185807,2.351971917960109,10,5,11,0.19230769230769232,0.38461538461538464,-129.7719227373744,-260.19333043433613,135.4714307857143,38.64000206666668
0.78,46,34,3,1,18,0.6,21,26,5946000.31,56.9398535161912,3.534198313814565,11,1,1,177.80296203185807,2.351971917960109,10,5,11,0.19230769230769232,0.38461538461538464,-129.7719227373744,-260.19333043433613,135.4714307857143,38.64000206666668
0.78,46,34,3,1,22,0.3,21,26,5946000.31,56.9398535161912,3.534198313814565,11,1,1,177.80296203185807,2.351971917960109,10,5,11,0.19230769230769232,0.38461538461538464,-129.7719227373744,-260.19333043433613,135.4714307857143,38.64000206666668
0.78,46,34,3,1,22,0.45,21,26,5946000.31,56.9398535161912,3.534198313814565,11,1,1,177.80296203185807,2.351971917960109,10,5,11,0.19230769230769232,0.38461538461538464,-129.7719227373744,-260.19333043433613,135.4714307857143,38.64000206666668
0.78,46,34,3,1,22,0.6,21,26,5946000.31,56.9398535161912,3.534198313814565,11,1,1,177.80296203185807,2.351971917960109,10,5,11,0.19230769230769232,0.38461538461538464,-129.7719227373744,-260.19333043433613,135.4714307857143,38.64000206666668
0.78,46,34,3,2,14,0.3,21,26,5946000.31,56.9398535161912,3.534198313814565,11,1,1,177.80296203185807,2.351971917960109,10,5,11,0.19230769230769232,0.38461538461538464,-129.7719227373744,-260.19333043433613,135.4714307857143,38.64000206666668
0.78,46,34,3,2,14,0.45,21,26,5946000.31,56.9398535161912,3.534198313814565,11,1,1,177.80296203185807,2.351971917960109,10,5,11,0.19230769230769232,0.38461538461538464,-129.7719227373744,-260.19333043433613,135.4714307857143,38.64000206666668
0.78,46,34,3,2,14,0.6,21,26,5946000.31,56.9398535161912,3.534198313814565,11,1,1,177.80296203185807,2.351971917960109,10,5,11,0.19230769230769232,0.38461538461538464,-129.7719227373744,-260.19333043433613,135.4714307857143,38.64000206666668
0.78,46,34,3,2,18,0.3,21,26,5946000.31,56.9398535161912,3.534198313814565,11,1,1,177.80296203185807,2.351971917960109,10,5,11,0.19230769230769232,0.38461538461538464,-129.7719227373744,-260.19333043433613,135.4714307857143,38.64000206666668
0.78,46,34,3,2,18,0.45,21,26,5946000.31,56.9398535161912,3.534198313814565,11,1,1,177.80296203185807,2.351971917960109,10,5,11,0.19230769230769232,0.38461538461538464,-129.7719227373744,-260.19333043433613,135.4714307857143,38.64000206666668
0.78,46,34,3,2,18,0.6,21,26,5946000.31,56.9398535161912,3.534198313814565,11,1,1,177.80296203185807,2.351971917960109,10,5,11,0.19230769230769232,0.38461538461538464,-129.7719227373744,-260.19333043433613,135.4714307857143,38.64000206666668
0.78,46,34,3,2,22,0.3,21,26,5946000.31,56.9398535161912,3.534198313814565,11,1,1,177.80296203185807,2.351971917960109,10,5,11,0.19230769230769232,0.38461538461538464,-129.7719227373744,-260.19333043433613,135.4714307857143,38.64000206666668
0.78,46,34,3,2,22,0.45,21,26,5946000.31,56.9398535161912,3.534198313814565,11,1,1,177.80296203185807,2.351971917960109,10,5,11,0.19230769230769232,0.38461538461538464,-129.7719227373744,-260.19333043433613,135.4714307857143,38.64000206666668
0.78,46,34,3,2,22,0.6,21,26,5946000.31,56.9398535161912,3.534198313814565,11,1,1,177.80296203185807,2.351971917960109,10,5,11,0.19230769230769232,0.38461538461538464,-129.7719227373744,-260.19333043433613,135.4714307857143,38.64000206666668
0.78,46,40,3,0,14,0.3,21,26,5946000.31,56.9398535161912,3.534198313814565,11,1,1,177.80296203185807,2.351971917960109,10,5,11,0.19230769230769232,0.38461538461538464,-129.7719227373744,-260.19333043433613,135.4714307857143,38.64000206666668
0.78,46,40,3,0,14,0.45,21,26,5946000.31,56.9398535161912,3.534198313814565,11,1,1,177.80296203185807,2.351971917960109,10,5,11,0.19230769230769232,0.38461538461538464,-129.7719227373744,-260.19333043433613,135.4714307857143,38.64000206666668
0.78,46,40,3,0,14,0.6,21,26,5946000.31,56.9398535161912,3.534198313814565,11,1,1,177.80296203185807,2.351971917960109,10,5,11,0.19230769230769232,0.38461538461538464,-129.7719227373744,-260.19333043433613,135.4714307857143,38.64000206666668
0.78,46,40,3,0,18,0.3,21,26,5946000.31,56.9398535161912,3.534198313814565,11,1,1,177.80296203185807,2.351971917960109,10,5,11,0.19230769230769232,0.38461538461538464,-129.7719227373744,-260.19333043433613,135.4714307857143,38.64000206666668
0.78,46,40,3,0,18,0.45,21,26,5946000.31,56.9398535161912,3.534198313814565,11,1,1,177.80296203185807,2.351971917960109,10,5,11,0.19230769230769232,0.38461538461538464,-129.7719227373744,-260.19333043433613,135.4714307857143,38.64000206666668
0.78,46,40,3,0,18,0.6,21,26,5946000.31,56.9398535161912,3.534198313814565,11,1,1,177.80296203185807,2.351971917960109,10,5,11,0.19230769230769232,0.38461538461538464,-129.7719227373744,-260.19333043433613,135.4714307857143,38.64000206666668
0.78,46,40,3,0,22,0.3,21,26,5946000.31,56.9398535161912,3.534198313814565,11,1,1,177.80296203185807,2.351971917960109,10,5,11,0.19230769230769232,0.38461538461538464,-129.7719227373744,-260.19333043433613,135.4714307857143,38.64000206666668
0.78,46,40,3,0,22,0.45,21,26,5946000.31,56.9398535161912,3.534198313814565,11,1,1,177.80296203185807,2.351971917960109,10,5,11,0.19230769230769232,0.38461538461538464,-129.7719227373744,-260.19333043433613,135.4714307857143,38.64000206666668
0.78,46,40,3,0,22,0.6,21,26,5946000.31,56.9398535161912,3.534198313814565,11,1,1,177.80296203185807,2.351971917960109,10,5,11,0.19230769230769232,0.38461538461538464,-129.7719227373744,-260.19333043433613,135.4714307857143,38.64000206666668
0.78,46,40,3,1,14,0.3,21,26,5946000.31,56.9398535161912,3.534198313814565,11,1,1,177.80296203185807,2.351971917960109,10,5,11,0.19230769230769232,0.38461538461538464,-129.7719227373744,-260.19333043433613,135.4714307857143,38.64000206666668
0.78,46,40,3,1,14,0.45,21,26,5946000.31,56.9398535161912,3.534198313814565,11,1,1,177.80296203185807,2.351971917960109,10,5,11,0.19230769230769232,0.38461538461538464,-129.7719227373744,-260.19333043433613,135.4714307857143,38.64000206666668
0.78,46,40,3,1,14,0.6,21,26,5946000.31,56.9398535161912,3.534198313814565,11,1,1,177.80296203185807,2.351971917960109,10,5,11,0.19230769230769232,0.38461538461538464,-129.7719227373744,-260.19333043433613,135.4714307857143,38.64000206666668
0.78,46,40,3,1,18,0.3,21,26,5946000.31,56.9398535161912,3.534198313814565,11,1,1,177.80296203185807,2.351971917960109,10,5,11,0.19230769230769232,0.38461538461538464,-129.7719227373744,-260.19333043433613,135.4714307857143,38.64000206666668
0.78,46,40,3,1,18,0.45,21,26,5946000.31,56.9398535161912,3.534198313814565,11,1,1,177.80296203185807,2.351971917960109,10,5,11,0.19230769230769232,0.38461538461538464,-129.7719227373744,-260.19333043433613,135.4714307857143,38.64000206666668
0.78,46,40,3,1,18,0.6,21,26,5946000.31,56.9398535161912,3.534198313814565,11,1,1,177.80296203185807,2.351971917960109,10,5,11,0.19230769230769232,0.38461538461538464,-129.7719227373744,-260.19333043433613,135.4714307857143,38.64000206666668
0.78,46,40,3,1,22,0.3,21,26,5946000.31,56.9398535161912,3.534198313814565,11,1,1,177.80296203185807,2.351971917960109,10,5,11,0.19230769230769232,0.38461538461538464,-129.7719227373744,-260.19333043433613,135.4714307857143,38.64000206666668
0.78,46,40,3,1,22,0.45,21,26,5946000.31,56.9398535161912,3.534198313814565,11,1,1,177.80296203185807,2.351971917960109,10,5,11,0.19230769230769232,0.38461538461538464,-129.7719227373744,-260.19333043433613,135.4714307857143,38.64000206666668
0.78,46,40,3,1,22,0.6,21,26,5946000.31,56.9398535161912,3.534198313814565,11,1,1,177.80296203185807,2.351971917960109,10,5,11,0.19230769230769232,0.38461538461538464,-129.7719227373744,-260.19333043433613,135.4714307857143,38.64000206666668
0.78,46,40,3,2,14,0.3,21,26,5946000.31,56.9398535161912,3.534198313814565,11,1,1,177.80296203185807,2.351971917960109,10,5,11,0.19230769230769232,0.38461538461538464,-129.7719227373744,-260.19333043433613,135.4714307857143,38.64000206666668
0.78,46,40,3,2,14,0.45,21,26,5946000.31,56.9398535161912,3.534198313814565,11,1,1,177.80296203185807,2.351971917960109,10,5,11,0.19230769230769232,0.38461538461538464,-129.7719227373744,-260.19333043433613,135.4714307857143,38.64000206666668
0.78,46,40,3,2,14,0.6,21,26,5946000.31,56.9398535161912,3.534198313814565,11,1,1,177.80296203185807,2.351971917960109,10,5,11,0.19230769230769232,0.38461538461538464,-129.7719227373744,-260.19333043433613,135.4714307857143,38.64000206666668
0.78,46,40,3,2,18,0.3,21,26,5946000.31,56.9398535161912,3.534198313814565,11,1,1,177.80296203185807,2.351971917960109,10,5,11,0.19230769230769232,0.38461538461538464,-129.7719227373744,-260.19333043433613,135.4714307857143,38.64000206666668
0.78,46,40,3,2,18,0.45,21,26,5946000.31,56.9398535161912,3.534198313814565,11,1,1,177.80296203185807,2.351971917960109,10,5,11,0.19230769230769232,0.38461538461538464,-129.7719227373744,-260.19333043433613,135.4714307857143,38.64000206666668
0.78,46,40,3,2,18,0.6,21,26,5946000.31,56.9398535161912,3.534198313814565,11,1,1,177.80296203185807,2.351971917960109,10,5,11,0.19230769230769232,0.38461538461538464,-129.7719227373744,-260.19333043433613,135.4714307857143,38.64000206666668
0.78,46,40,3,2,22,0.3,21,26,5946000.31,56.9398535161912,3.534198313814565,11,1,1,177.80296203185807,2.351971917960109,10,5,11,0.19230769230769232,0.38461538461538464,-129.7719227373744,-260.19333043433613,135.4714307857143,38.64000206666668
0.78,46,40,3,2,22,0.45,21,26,5946000.31,56.9398535161912,3.534198313814565,11,1,1,177.80296203185807,2.351971917960109,10,5,11,0.19230769230769232,0.38461538461538464,-129.7719227373744,-260.19333043433613,135.4714307857143,38.64000206666668
0.78,46,40,3,2,22,0.6,21,26,5946000.31,56.9398535161912,3.534198313814565,11,1,1,177.80296203185807,2.351971917960109,10,5,11,0.19230769230769232,0.38461538461538464,-129.7719227373744,-260.19333043433613,135.4714307857143,38.64000206666668
0.73,40,28,3,0,22,0.3,24,29,6401211.46,64.87227849043936,3.534198313814565,12,2,1,177.80296203185807,2.1628712706173214,12,6,11,0.20689655172413793,0.41379310344827586,-141.9784964873744,-260.55164123433616,155.722939,62.67474306666668
0.73,40,34,3,0,22,0.3,24,29,6401211.46,64.87227849043936,3.534198313814565,12,2,1,177.80296203185807,2.1628712706173214,12,6,11,0.20689655172413793,0.41379310344827586,-141.9784964873744,-260.55164123433616,155.722939,62.67474306666668
0.73,40,40,3,0,22,0.3,24,29,6401211.46,64.87227849043936,3.534198313814565,12,2,1,177.80296203185807,2.1628712706173214,12,6,11,0.20689655172413793,0.41379310344827586,-141.9784964873744,-260.55164123433616,155.722939,62.67474306666668
0.73,46,28,3,0,22,0.3,24,29,6401211.46,64.87227849043936,3.534198313814565,12,2,1,177.80296203185807,2.1628712706173214,12,6,11,0.20689655172413793,0.41379310344827586,-141.9784964873744,-260.55164123433616,155.722939,62.67474306666668
0.73,46,34,3,0,22,0.3,24,29,6401211.46,64.87227849043936,3.534198313814565,12,2,1,177.80296203185807,2.1628712706173214,12,6,11,0.20689655172413793,0.41379310344827586,-141.9784964873744,-260.55164123433616,155.722939,62.67474306666668
0.73,46,40,3,0,22,0.3,24,29,6401211.46,64.87227849043936,3.534198313814565,12,2,1,177.80296203185807,2.1628712706173214,12,6,11,0.20689655172413793,0.41379310344827586,-141.9784964873744,-260.55164123433616,155.722939,62.67474306666668
0.58,34,28,3,0,22,0.3,24,29,6450181.46,64.12750827122633,3.534198313814565,12,3,1,177.80296203185807,2.159934358668861,10,6,13,0.20689655172413793,0.3448275862068966,-155.5704131540411,-268.1598812343361,151.0727247142857,57.001209733333326
0.58,34,34,3,0,22,0.3,24,29,6450181.46,64.12750827122633,3.534198313814565,12,3,1,177.80296203185807,2.159934358668861,10,6,13,0.20689655172413793,0.3448275862068966,-155.5704131540411,-268.1598812343361,151.0727247142857,57.001209733333326
0.58,34,40,3,0,22,0.3,24,29,6450181.46,64.12750827122633,3.534198313814565,12,3,1,177.80296203185807,2.159934358668861,10,6,13,0.20689655172413793,0.3448275862068966,-155.5704131540411,-268.1598812343361,151.0727247142857,57.001209733333326
0.63,34,28,3,0,22,0.3,24,29,6450181.46,64.12750827122633,3.534198313814565,12,3,1,177.80296203185807,2.159934358668861,10,6,13,0.20689655172413793,0.3448275862068966,-155.5704131540411,-268.1598812343361,151.0727247142857,57.001209733333326
0.63,34,34,3,0,22,0.3,24,29,6450181.46,64.12750827122633,3.534198313814565,12,3,1,177.80296203185807,2.159934358668861,10,6,13,0.20689655172413793,0.3448275862068966,-155.5704131540411,-268.1598812343361,151.0727247142857,57.001209733333326
0.63,34,40,3,0,22,0.3,24,29,6450181.46,64.12750827122633,3.534198313814565,12,3,1,177.80296203185807,2.159934358668861,10,6,13,0.20689655172413793,0.3448275862068966,-155.5704131540411,-268.1598812343361,151.0727247142857,57.001209733333326
0.68,34,28,3,0,22,0.3,24,29,6450181.46,64.12750827122633,3.534198313814565,12,3,1,177.80296203185807,2.159934358668861,10,6,13,0.20689655172413793,0.3448275862068966,-155.5704131540411,-268.1598812343361,151.0727247142857,57.001209733333326
0.68,34,34,3,0,22,0.3,24,29,6450181.46,64.12750827122633,3.534198313814565,12,3,1,177.80296203185807,2.159934358668861,10,6,13,0.20689655172413793,0.3448275862068966,-155.5704131540411,-268.1598812343361,151.0727247142857,57.001209733333326
0.68,34,40,3,0,22,0.3,24,29,6450181.46,64.12750827122633,3.534198313814565,12,3,1,177.80296203185807,2.159934358668861,10,6,13,0.20689655172413793,0.3448275862068966,-155.5704131540411,-268.1598812343361,151.0727247142857,57.001209733333326
0.73,34,28,3,0,22,0.3,24,29,6450181.46,64.12750827122633,3.534198313814565,12,3,1,177.80296203185807,2.159934358668861,10,6,13,0.20689655172413793,0.3448275862068966,-155.5704131540411,-268.1598812343361,151.0727247142857,57.001209733333326
0.73,34,34,3,0,22,0.3,24,29,6450181.46,64.12750827122633,3.534198313814565,12,3,1,177.80296203185807,2.159934358668861,10,6,13,0.20689655172413793,0.3448275862068966,-155.5704131540411,-268.1598812343361,151.0727247142857,57.001209733333326
0.73,34,40,3,0,22,0.3,24,29,6450181.46,64.12750827122633,3.534198313814565,12,3,1,177.80296203185807,2.159934358668861,10,6,13,0.20689655172413793,0.3448275862068966,-155.5704131540411,-268.1598812343361,151.0727247142857,57.001209733333326
0.58,34,28,3,0,14,0.3,22,27,6143251.3,59.432510382610054,3.534198313814565,12,2,1,177.80296203185807,2.3043829569823577,10,6,11,0.2222222222222222,0.37037037037037035,-160.12816448737442,-278.6153225143361,129.88036642857145,44.955008666666686
0.58,34,28,3,0,18,0.3,22,27,6143251.3,59.432510382610054,3.534198313814565,12,2,1,177.80296203185807,2.3043829569823577,10,6,11,0.2222222222222222,0.37037037037037035,-160.12816448737442,-278.6153225143361,129.88036642857145,44.955008666666686
0.58,34,34,3,0,14,0.3,22,27,6143251.3,59.432510382610054,3.534198313814565,12,2,1,177.80296203185807,2.3043829569823577,10,6,11,0.2222222222222222,0.37037037037037035,-160.12816448737442,-278.6153225143361,129.88036642857145,44.955008666666686
0.58,34,34,3,0,18,0.3,22,27,6143251.3,59.432510382610054,3.534198313814565,12,2,1,177.80296203185807,2.3043829569823577,10,6,11,0.2222222222222222,0.37037037037037035,-160.12816448737442,-278.6153225143361,129.88036642857145,44.955008666666686
0.58,34,40,3,0,14,0.3,22,27,6143251.3,59.432510382610054,3.534198313814565,12,2,1,177.80296203185807,2.3043829569823577,10,6,11,0.2222222222222222,0.37037037037037035,-160.12816448737442,-278.6153225143361,129.88036642857145,44.955008666666686
0.58,34,40,3,0,18,0.3,22,27,6143251.3,59.432510382610054,3.534198313814565,12,2,1,177.80296203185807,2.3043829569823577,10,6,11,0.2222222222222222,0.37037037037037035,-160.12816448737442,-278.6153225143361,129.88036642857145,44.955008666666686
0.63,34,28,3,0,14,0.3,22,27,6143251.3,59.432510382610054,3.534198313814565,12,2,1,177.80296203185807,2.3043829569823577,10,6,11,0.2222222222222222,0.37037037037037035,-160.12816448737442,-278.6153225143361,129.88036642857145,44.955008666666686
0.63,34,28,3,0,18,0.3,22,27,6143251.3,59.432510382610054,3.534198313814565,12,2,1,177.80296203185807,2.3043829569823577,10,6,11,0.2222222222222222,0.37037037037037035,-160.12816448737442,-278.6153225143361,129.88036642857145,44.955008666666686
0.63,34,34,3,0,14,0.3,22,27,6143251.3,59.432510382610054,3.534198313814565,12,2,1,177.80296203185807,2.3043829569823577,10,6,11,0.2222222222222222,0.37037037037037035,-160.12816448737442,-278.6153225143361,129.88036642857145,44.955008666666686
0.63,34,34,3,0,18,0.3,22,27,6143251.3,59.432510382610054,3.534198313814565,12,2,1,177.80296203185807,2.3043829569823577,10,6,11,0.2222222222222222,0.37037037037037035,-160.12816448737442,-278.6153225143361,129.88036642857145,44.955008666666686
0.63,34,40,3,0,14,0.3,22,27,6143251.3,59.432510382610054,3.534198313814565,12,2,1,177.80296203185807,2.3043829569823577,10,6,11,0.2222222222222222,0.37037037037037035,-160.12816448737442,-278.6153225143361,129.88036642857145,44.955008666666686
0.63,34,40,3,0,18,0.3,22,27,6143251.3,59.432510382610054,3.534198313814565,12,2,1,177.80296203185807,2.3043829569823577,10,6,11,0.2222222222222222,0.37037037037037035,-160.12816448737442,-278.6153225143361,129.88036642857145,44.955008666666686
0.68,34,28,3,0,14,0.3,22,27,6143251.3,59.432510382610054,3.534198313814565,12,2,1,177.80296203185807,2.3043829569823577,10,6,11,0.2222222222222222,0.37037037037037035,-160.12816448737442,-278.6153225143361,129.88036642857145,44.955008666666686
0.68,34,28,3,0,18,0.3,22,27,6143251.3,59.432510382610054,3.534198313814565,12,2,1,177.80296203185807,2.3043829569823577,10,6,11,0.2222222222222222,0.37037037037037035,-160.12816448737442,-278.6153225143361,129.88036642857145,44.955008666666686
0.68,34,34,3,0,14,0.3,22,27,6143251.3,59.432510382610054,3.534198313814565,12,2,1,177.80296203185807,2.3043829569823577,10,6,11,0.2222222222222222,0.37037037037037035,-160.12816448737442,-278.6153225143361,129.88036642857145,44.955008666666686
0.68,34,34,3,0,18,0.3,22,27,6143251.3,59.432510382610054,3.534198313814565,12,2,1,177.80296203185807,2.3043829569823577,10,6,11,0.2222222222222222,0.37037037037037035,-160.12816448737442,-278.6153225143361,129.88036642857145,44.955008666666686
0.68,34,40,3,0,14,0.3,22,27,6143251.3,59.432510382610054,3.534198313814565,12,2,1,177.80296203185807,2.3043829569823577,10,6,11,0.2222222222222222,0.37037037037037035,-160.12816448737442,-278.6153225143361,129.88036642857145,44.955008666666686
0.68,34,40,3,0,18,0.3,22,27,6143251.3,59.432510382610054,3.534198313814565,12,2,1,177.80296203185807,2.3043829569823577,10,6,11,0.2222222222222222,0.37037037037037035,-160.12816448737442,-278.6153225143361,129.88036642857145,44.955008666666686
0.73,34,28,3,0,14,0.3,22,27,6143251.3,59.432510382610054,3.534198313814565,12,2,1,177.80296203185807,2.3043829569823577,10,6,11,0.2222222222222222,0.37037037037037035,-160.12816448737442,-278.6153225143361,129.88036642857145,44.955008666666686
0.73,34,28,3,0,18,0.3,22,27,6143251.3,59.432510382610054,3.534198313814565,12,2,1,177.80296203185807,2.3043829569823577,10,6,11,0.2222222222222222,0.37037037037037035,-160.12816448737442,-278.6153225143361,129.88036642857145,44.955008666666686
0.73,34,34,3,0,14,0.3,22,27,6143251.3,59.432510382610054,3.534198313814565,12,2,1,177.80296203185807,2.3043829569823577,10,6,11,0.2222222222222222,0.37037037037037035,-160.12816448737442,-278.6153225143361,129.88036642857145,44.955008666666686
0.73,34,34,3,0,18,0.3,22,27,6143251.3,59.432510382610054,3.534198313814565,12,2,1,177.80296203185807,2.3043829569823577,10,6,11,0.2222222222222222,0.37037037037037035,-160.12816448737442,-278.6153225143361,129.88036642857145,44.955008666666686
0.73,34,40,3,0,14,0.3,22,27,6143251.3,59.432510382610054,3.534198313814565,12,2,1,177.80296203185807,2.3043829569823577,10,6,11,0.2222222222222222,0.37037037037037035,-160.12816448737442,-278.6153225143361,129.88036642857145,44.955008666666686
0.73,34,40,3,0,18,0.3,22,27,6143251.3,59.432510382610054,3.534198313814565,12,2,1,177.80296203185807,2.3043829569823577,10,6,11,0.2222222222222222,0.37037037037037035,-160.12816448737442,-278.6153225143361,129.88036642857145,44.955008666666686
0.73,40,28,3,0,14,0.3,22,27,6143251.3,59.432510382610054,3.534198313814565,12,2,1,177.80296203185807,2.3043829569823577,10,6,11,0.2222222222222222,0.37037037037037035,-160.12816448737442,-278.6153225143361,129.88036642857145,44.955008666666686
0.73,40,28,3,0,18,0.3,22,27,6143251.3,59.432510382610054,3.534198313814565,12,2,1,177.80296203185807,2.3043829569823577,10,6,11,0.2222222222222222,0.37037037037037035,-160.12816448737442,-278.6153225143361,129.88036642857145,44.955008666666686
0.73,40,34,3,0,14,0.3,22,27,6143251.3,59.432510382610054,3.534198313814565,12,2,1,177.80296203185807,2.3043829569823577,10,6,11,0.2222222222222222,0.37037037037037035,-160.12816448737442,-278.6153225143361,129.88036642857145,44.955008666666686
0.73,40,34,3,0,18,0.3,22,27,6143251.3,59.432510382610054,3.534198313814565,12,2,1,177.80296203185807,2.3043829569823577,10,6,11,0.2222222222222222,0.37037037037037035,-160.12816448737442,-278.6153225143361,129.88036642857145,44.955008666666686
0.73,40,40,3,0,14,0.3,22,27,6143251.3,59.432510382610054,3.534198313814565,12,2,1,177.80296203185807,2.3043829569823577,10,6,11,0.2222222222222222,0.37037037037037035,-160.12816448737442,-278.6153225143361,129.88036642857145,44.955008666666686
0.73,40,40,3,0,18,0.3,22,27,6143251.3,59.432510382610054,3.534198313814565,12,2,1,177.80296203185807,2.3043829569823577,10,6,11,0.2222222222222222,0.37037037037037035,-160.12816448737442,-278.6153225143361,129.88036642857145,44.955008666666686
0.73,46,28,3,0,14,0.3,22,27,6143251.3,59.432510382610054,3.534198313814565,12,2,1,177.80296203185807,2.3043829569823577,10,6,11,0.2222222222222222,0.37037037037037035,-160.12816448737442,-278.6153225143361,129.88036642857145,44.955008666666686
0.73,46,28,3,0,18,0.3,22,27,6143251.3,59.432510382610054,3.534198313814565,12,2,1,177.80296203185807,2.3043829569823577,10,6,11,0.2222222222222222,0.37037037037037035,-160.12816448737442,-278.6153225143361,129.88036642857145,44.955008666666686
0.73,46,34,3,0,14,0.3,22,27,6143251.3,59.432510382610054,3.534198313814565,12,2,1,177.80296203185807,2.3043829569823577,10,6,11,0.2222222222222222,0.37037037037037035,-160.12816448737442,-278.6153225143361,129.88036642857145,44.955008666666686
0.73,46,34,3,0,18,0.3,22,27,6143251.3,59.432510382610054,3.534198313814565,12,2,1,177.80296203185807,2.3043829569823577,10,6,11,0.2222222222222222,0.37037037037037035,-160.12816448737442,-278.6153225143361,129.88036642857145,44.955008666666686
0.73,46,40,3,0,14,0.3,22,27,6143251.3,59.432510382610054,3.534198313814565,12,2,1,177.80296203185807,2.3043829569823577,10,6,11,0.2222222222222222,0.37037037037037035,-160.12816448737442,-278.6153225143361,129.88036642857145,44.955008666666686
0.73,46,40,3,0,18,0.3,22,27,6143251.3,59.432510382610054,3.534198313814565,12,2,1,177.80296203185807,2.3043829569823577,10,6,11,0.2222222222222222,0.37037037037037035,-160.12816448737442,-278.6153225143361,129.88036642857145,44.955008666666686
0.63,40,28,3,0,22,0.45,23,29,6203960.47,64.99314084469178,3.534198313814565,13,1,1,177.80296203185807,2.129475813209413,12,5,12,0.1724137931034483,0.41379310344827586,-163.62225473737442,-282.12964915433616,133.31400335714284,-7.640263533333325
0.63,40,28,3,0,22,0.6,23,29,6203960.47,64.99314084469178,3.534198313814565,13,1,1,177.80296203185807,2.129475813209413,12,5,12,0.1724137931034483,0.41379310344827586,-163.62225473737442,-282.12964915433616,133.31400335714284,-7.640263533333325
0.63,40,28,3,1,22,0.3,23,29,6203960.47,64.99314084469178,3.534198313814565,13,1,1,177.80296203185807,2.129475813209413,12,5,12,0.1724137931034483,0.41379310344827586,-163.62225473737442,-282.12964915433616,133.31400335714284,-7.640263533333325
0.63,40,28,3,1,22,0.45,23,29,6203960.47,64.99314084469178,3.534198313814565,13,1,1,177.80296203185807,2.129475813209413,12,5,12,0.1724137931034483,0.41379310344827586,-163.62225473737442,-282.12964915433616,133.31400335714284,-7.640263533333325
0.63,40,28,3,1,22,0.6,23,29,6203960.47,64.99314084469178,3.534198313814565,13,1,1,177.80296203185807,2.129475813209413,12,5,12,0.1724137931034483,0.41379310344827586,-163.62225473737442,-282.12964915433616,133.31400335714284,-7.640263533333325
0.63,40,28,3,2,22,0.3,23,29,6203960.47,64.99314084469178,3.534198313814565,13,1,1,177.80296203185807,2.129475813209413,12,5,12,0.1724137931034483,0.41379310344827586,-163.62225473737442,-282.12964915433616,133.31400335714284,-7.640263533333325
0.63,40,28,3,2,22,0.45,23,29,6203960.47,64.99314084469178,3.534198313814565,13,1,1,177.80296203185807,2.129475813209413,12,5,12,0.1724137931034483,0.41379310344827586,-163.62225473737442,-282.12964915433616,133.31400335714284,-7.640263533333325
0.63,40,28,3,2,22,0.6,23,29,6203960.47,64.99314084469178,3.534198313814565,13,1,1,177.80296203185807,2.129475813209413,12,5,12,0.1724137931034483,0.41379310344827586,-163.62225473737442,-282.12964915433616,133.31400335714284,-7.640263533333325
0.63,40,34,3,0,22,0.45,23,29,6203960.47,64.99314084469178,3.534198313814565,13,1,1,177.80296203185807,2.129475813209413,12,5,12,0.1724137931034483,0.41379310344827586,-163.62225473737442,-282.12964915433616,133.31400335714284,-7.640263533333325
0.63,40,34,3,0,22,0.6,23,29,6203960.47,64.99314084469178,3.534198313814565,13,1,1,177.80296203185807,2.129475813209413,12,5,12,0.1724137931034483,0.41379310344827586,-163.62225473737442,-282.12964915433616,133.31400335714284,-7.640263533333325
0.63,40,34,3,1,22,0.3,23,29,6203960.47,64.99314084469178,3.534198313814565,13,1,1,177.80296203185807,2.129475813209413,12,5,12,0.1724137931034483,0.41379310344827586,-163.62225473737442,-282.12964915433616,133.31400335714284,-7.640263533333325
0.63,40,34,3,1,22,0.45,23,29,6203960.47,64.99314084469178,3.534198313814565,13,1,1,177.80296203185807,2.129475813209413,12,5,12,0.1724137931034483,0.41379310344827586,-163.62225473737442,-282.12964915433616,133.31400335714284,-7.640263533333325
0.63,40,34,3,1,22,0.6,23,29,6203960.47,64.99314084469178,3.534198313814565,13,1,1,177.80296203185807,2.129475813209413,12,5,12,0.1724137931034483,0.41379310344827586,-163.62225473737442,-282.12964915433616,133.31400335714284,-7.640263533333325
0.63,40,34,3,2,22,0.3,23,29,6203960.47,64.99314084469178,3.534198313814565,13,1,1,177.80296203185807,2.129475813209413,12,5,12,0.1724137931034483,0.41379310344827586,-163.62225473737442,-282.12964915433616,133.31400335714284,-7.640263533333325
0.63,40,34,3,2,22,0.45,23,29,6203960.47,64.99314084469178,3.534198313814565,13,1,1,177.80296203185807,2.129475813209413,12,5,12,0.1724137931034483,0.41379310344827586,-163.62225473737442,-282.12964915433616,133.31400335714284,-7.640263533333325
0.63,40,34,3,2,22,0.6,23,29,6203960.47,64.99314084469178,3.534198313814565,13,1,1,177.80296203185807,2.129475813209413,12,5,12,0.1724137931034483,0.41379310344827586,-163.62225473737442,-282.12964915433616,133.31400335714284,-7.640263533333325
0.63,46,28,3,0,22,0.45,23,29,6203960.47,64.99314084469178,3.534198313814565,13,1,1,177.80296203185807,2.129475813209413,12,5,12,0.1724137931034483,0.41379310344827586,-163.62225473737442,-282.12964915433616,133.31400335714284,-7.640263533333325
0.63,46,28,3,0,22,0.6,23,29,6203960.47,64.99314084469178,3.534198313814565,13,1,1,177.80296203185807,2.129475813209413,12,5,12,0.1724137931034483,0.41379310344827586,-163.62225473737442,-282.12964915433616,133.31400335714284,-7.640263533333325
0.63,46,28,3,1,22,0.3,23,29,6203960.47,64.99314084469178,3.534198313814565,13,1,1,177.80296203185807,2.129475813209413,12,5,12,0.1724137931034483,0.41379310344827586,-163.62225473737442,-282.12964915433616,133.31400335714284,-7.640263533333325
0.63,46,28,3,1,22,0.45,23,29,6203960.47,64.99314084469178,3.534198313814565,13,1,1,177.80296203185807,2.129475813209413,12,5,12,0.1724137931034483,0.41379310344827586,-163.62225473737442,-282.12964915433616,133.31400335714284,-7.640263533333325
0.63,46,28,3,1,22,0.6,23,29,6203960.47,64.99314084469178,3.534198313814565,13,1,1,177.80296203185807,2.129475813209413,12,5,12,0.1724137931034483,0.41379310344827586,-163.62225473737442,-282.12964915433616,133.31400335714284,-7.640263533333325
0.63,46,28,3,2,22,0.3,23,29,6203960.47,64.99314084469178,3.534198313814565,13,1,1,177.80296203185807,2.129475813209413,12,5,12,0.1724137931034483,0.41379310344827586,-163.62225473737442,-282.12964915433616,133.31400335714284,-7.640263533333325
0.63,46,28,3,2,22,0.45,23,29,6203960.47,64.99314084469178,3.534198313814565,13,1,1,177.80296203185807,2.129475813209413,12,5,12,0.1724137931034483,0.41379310344827586,-163.62225473737442,-282.12964915433616,133.31400335714284,-7.640263533333325
0.63,46,28,3,2,22,0.6,23,29,6203960.47,64.99314084469178,3.534198313814565,13,1,1,177.80296203185807,2.129475813209413,12,5,12,0.1724137931034483,0.41379310344827586,-163.62225473737442,-282.12964915433616,133.31400335714284,-7.640263533333325
0.63,46,34,3,0,22,0.45,23,29,6203960.47,64.99314084469178,3.534198313814565,13,1,1,177.80296203185807,2.129475813209413,12,5,12,0.1724137931034483,0.41379310344827586,-163.62225473737442,-282.12964915433616,133.31400335714284,-7.640263533333325
0.63,46,34,3,0,22,0.6,23,29,6203960.47,64.99314084469178,3.534198313814565,13,1,1,177.80296203185807,2.129475813209413,12,5,12,0.1724137931034483,0.41379310344827586,-163.62225473737442,-282.12964915433616,133.31400335714284,-7.640263533333325
0.63,46,34,3,1,22,0.3,23,29,6203960.47,64.99314084469178,3.534198313814565,13,1,1,177.80296203185807,2.129475813209413,12,5,12,0.1724137931034483,0.41379310344827586,-163.62225473737442,-282.12964915433616,133.31400335714284,-7.640263533333325
0.63,46,34,3,1,22,0.45,23,29,6203960.47,64.99314084469178,3.534198313814565,13,1,1,177.80296203185807,2.129475813209413,12,5,12,0.1724137931034483,0.41379310344827586,-163.62225473737442,-282.12964915433616,133.31400335714284,-7.640263533333325
0.63,46,34,3,1,22,0.6,23,29,6203960.47,64.99314084469178,3.534198313814565,13,1,1,177.80296203185807,2.129475813209413,12,5,12,0.1724137931034483,0.41379310344827586,-163.62225473737442,-282.12964915433616,133.31400335714284,-7.640263533333325
0.63,46,34,3,2,22,0.3,23,29,6203960.47,64.99314084469178,3.534198313814565,13,1,1,177.80296203185807,2.129475813209413,12,5,12,0.1724137931034483,0.41379310344827586,-163.62225473737442,-282.12964915433616,133.31400335714284,-7.640263533333325
0.63,46,34,3,2,22,0.45,23,29,6203960.47,64.99314084469178,3.534198313814565,13,1,1,177.80296203185807,2.129475813209413,12,5,12,0.1724137931034483,0.41379310344827586,-163.62225473737442,-282.12964915433616,133.31400335714284,-7.640263533333325
0.63,46,34,3,2,22,0.6,23,29,6203960.47,64.99314084469178,3.534198313814565,13,1,1,177.80296203185807,2.129475813209413,12,5,12,0.1724137931034483,0.41379310344827586,-163.62225473737442,-282.12964915433616,133.31400335714284,-7.640263533333325
0.68,40,28,3,0,22,0.45,23,29,6203960.47,64.99314084469178,3.534198313814565,13,1,1,177.80296203185807,2.129475813209413,12,5,12,0.1724137931034483,0.41379310344827586,-163.62225473737442,-282.12964915433616,133.31400335714284,-7.640263533333325
0.68,40,28,3,0,22,0.6,23,29,6203960.47,64.99314084469178,3.534198313814565,13,1,1,177.80296203185807,2.129475813209413,12,5,12,0.1724137931034483,0.41379310344827586,-163.62225473737442,-282.12964915433616,133.31400335714284,-7.640263533333325
0.68,40,28,3,1,22,0.3,23,29,6203960.47,64.99314084469178,3.534198313814565,13,1,1,177.80296203185807,2.129475813209413,12,5,12,0.1724137931034483,0.41379310344827586,-163.62225473737442,-282.12964915433616,133.31400335714284,-7.640263533333325
0.68,40,28,3,1,22,0.45,23,29,6203960.47,64.99314084469178,3.534198313814565,13,1,1,177.80296203185807,2.129475813209413,12,5,12,0.1724137931034483,0.41379310344827586,-163.62225473737442,-282.12964915433616,133.31400335714284,-7.640263533333325
0.68,40,28,3,1,22,0.6,23,29,6203960.47,64.99314084469178,3.534198313814565,13,1,1,177.80296203185807,2.129475813209413,12,5,12,0.1724137931034483,0.41379310344827586,-163.62225473737442,-282.12964915433616,133.31400335714284,-7.640263533333325
0.68,40,28,3,2,22,0.3,23,29,6203960.47,64.99314084469178,3.534198313814565,13,1,1,177.80296203185807,2.129475813209413,12,5,12,0.1724137931034483,0.41379310344827586,-163.62225473737442,-282.12964915433616,133.31400335714284,-7.640263533333325
0.68,40,28,3,2,22,0.45,23,29,6203960.47,64.99314084469178,3.534198313814565,13,1,1,177.80296203185807,2.129475813209413,12,5,12,0.1724137931034483,0.41379310344827586,-163.62225473737442,-282.12964915433616,133.31400335714284,-7.640263533333325
0.68,40,28,3,2,22,0.6,23,29,6203960.47,64.99314084469178,3.534198313814565,13,1,1,177.80296203185807,2.129475813209413,12,5,12,0.1724137931034483,0.41379310344827586,-163.62225473737442,-282.12964915433616,133.31400335714284,-7.640263533333325
0.68,40,34,3,0,22,0.45,23,29,6203960.47,64.99314084469178,3.534198313814565,13,1,1,177.80296203185807,2.129475813209413,12,5,12,0.1724137931034483,0.41379310344827586,-163.62225473737442,-282.12964915433616,133.31400335714284,-7.640263533333325
0.68,40,34,3,0,22,0.6,23,29,6203960.47,64.99314084469178,3.534198313814565,13,1,1,177.80296203185807,2.129475813209413,12,5,12,0.1724137931034483,0.41379310344827586,-163.62225473737442,-282.12964915433616,133.31400335714284,-7.640263533333325
0.68,40,34,3,1,22,0.3,23,29,6203960.47,64.99314084469178,3.534198313814565,13,1,1,177.80296203185807,2.129475813209413,12,5,12,0.1724137931034483,0.41379310344827586,-163.62225473737442,-282.12964915433616,133.31400335714284,-7.640263533333325
0.68,40,34,3,1,22,0.45,23,29,6203960.47,64.99314084469178,3.534198313814565,13,1,1,177.80296203185807,2.129475813209413,12,5,12,0.1724137931034483,0.41379310344827586,-163.62225473737442,-282.12964915433616,133.31400335714284,-7.640263533333325
0.68,40,34,3,1,22,0.6,23,29,6203960.47,64.99314084469178,3.534198313814565,13,1,1,177.80296203185807,2.129475813209413,12,5,12,0.1724137931034483,0.41379310344827586,-163.62225473737442,-282.12964915433616,133.31400335714284,-7.640263533333325
0.68,40,34,3,2,22,0.3,23,29,6203960.47,64.99314084469178,3.534198313814565,13,1,1,177.80296203185807,2.129475813209413,12,5,12,0.1724137931034483,0.41379310344827586,-163.62225473737442,-282.12964915433616,133.31400335714284,-7.640263533333325
0.68,40,34,3,2,22,0.45,23,29,6203960.47,64.99314084469178,3.534198313814565,13,1,1,177.80296203185807,2.129475813209413,12,5,12,0.1724137931034483,0.41379310344827586,-163.62225473737442,-282.12964915433616,133.31400335714284,-7.640263533333325
0.68,40,34,3,2,22,0.6,23,29,6203960.47,64.99314084469178,3.534198313814565,13,1,1,177.80296203185807,2.129475813209413,12,5,12,0.1724137931034483,0.41379310344827586,-163.62225473737442,-282.12964915433616,133.31400335714284,-7.640263533333325
0.68,46,28,3,0,22,0.45,23,29,6203960.47,64.99314084469178,3.534198313814565,13,1,1,177.80296203185807,2.129475813209413,12,5,12,0.1724137931034483,0.41379310344827586,-163.62225473737442,-282.12964915433616,133.31400335714284,-7.640263533333325
0.68,46,28,3,0,22,0.6,23,29,6203960.47,64.99314084469178,3.534198313814565,13,1,1,177.80296203185807,2.129475813209413,12,5,12,0.1724137931034483,0.41379310344827586,-163.62225473737442,-282.12964915433616,133.31400335714284,-7.640263533333325
0.68,46,28,3,1,22,0.3,23,29,6203960.47,64.99314084469178,3.534198313814565,13,1,1,177.80296203185807,2.129475813209413,12,5,12,0.1724137931034483,0.41379310344827586,-163.62225473737442,-282.12964915433616,133.31400335714284,-7.640263533333325
0.68,46,28,3,1,22,0.45,23,29,6203960.47,64.99314084469178,3.534198313814565,13,1,1,177.80296203185807,2.129475813209413,12,5,12,0.1724137931034483,0.41379310344827586,-163.62225473737442,-282.12964915433616,133.31400335714284,-7.640263533333325
0.68,46,28,3,1,22,0.6,23,29,6203960.47,64.99314084469178,3.534198313814565,13,1,1,177.80296203185807,2.129475813209413,12,5,12,0.1724137931034483,0.41379310344827586,-163.62225473737442,-282.12964915433616,133.31400335714284,-7.640263533333325
0.68,46,28,3,2,22,0.3,23,29,6203960.47,64.99314084469178,3.534198313814565,13,1,1,177.80296203185807,2.129475813209413,12,5,12,0.1724137931034483,0.41379310344827586,-163.62225473737442,-282.12964915433616,133.31400335714284,-7.640263533333325
0.68,46,28,3,2,22,0.45,23,29,6203960.47,64.99314084469178,3.534198313814565,13,1,1,177.80296203185807,2.129475813209413,12,5,12,0.1724137931034483,0.41379310344827586,-163.62225473737442,-282.12964915433616,133.31400335714284,-7.640263533333325
0.68,46,28,3,2,22,0.6,23,29,6203960.47,64.99314084469178,3.534198313814565,13,1,1,177.80296203185807,2.129475813209413,12,5,12,0.1724137931034483,0.41379310344827586,-163.62225473737442,-282.12964915433616,133.31400335714284,-7.640263533333325
0.68,46,34,3,0,22,0.45,23,29,6203960.47,64.99314084469178,3.534198313814565,13,1,1,177.80296203185807,2.129475813209413,12,5,12,0.1724137931034483,0.41379310344827586,-163.62225473737442,-282.12964915433616,133.31400335714284,-7.640263533333325
0.68,46,34,3,0,22,0.6,23,29,6203960.47,64.99314084469178,3.534198313814565,13,1,1,177.80296203185807,2.129475813209413,12,5,12,0.1724137931034483,0.41379310344827586,-163.62225473737442,-282.12964915433616,133.31400335714284,-7.640263533333325
0.68,46,34,3,1,22,0.3,23,29,6203960.47,64.99314084469178,3.534198313814565,13,1,1,177.80296203185807,2.129475813209413,12,5,12,0.1724137931034483,0.41379310344827586,-163.62225473737442,-282.12964915433616,133.31400335714284,-7.640263533333325
0.68,46,34,3,1,22,0.45,23,29,6203960.47,64.99314084469178,3.534198313814565,13,1,1,177.80296203185807,2.129475813209413,12,5,12,0.1724137931034483,0.41379310344827586,-163.62225473737442,-282.12964915433616,133.31400335714284,-7.640263533333325
0.68,46,34,3,1,22,0.6,23,29,6203960.47,64.99314084469178,3.534198313814565,13,1,1,177.80296203185807,2.129475813209413,12,5,12,0.1724137931034483,0.41379310344827586,-163.62225473737442,-282.12964915433616,133.31400335714284,-7.640263533333325
0.68,46,34,3,2,22,0.3,23,29,6203960.47,64.99314084469178,3.534198313814565,13,1,1,177.80296203185807,2.129475813209413,12,5,12,0.1724137931034483,0.41379310344827586,-163.62225473737442,-282.12964915433616,133.31400335714284,-7.640263533333325
0.68,46,34,3,2,22,0.45,23,29,6203960.47,64.99314084469178,3.534198313814565,13,1,1,177.80296203185807,2.129475813209413,12,5,12,0.1724137931034483,0.41379310344827586,-163.62225473737442,-282.12964915433616,133.31400335714284,-7.640263533333325
0.68,46,34,3,2,22,0.6,23,29,6203960.47,64.99314084469178,3.534198313814565,13,1,1,177.80296203185807,2.129475813209413,12,5,12,0.1724137931034483,0.41379310344827586,-163.62225473737442,-282.12964915433616,133.31400335714284,-7.640263533333325
0.63,40,40,3,0,14,0.45,24,31,6297186.47,70.19944136093282,3.534198313814565,14,0,1,177.80296203185807,2.0043543964129693,12,6,13,0.1935483870967742,0.3870967741935484,-166.8453714040411,-285.38384115433615,136.97990335714286,5.981243133333351
0.63,40,40,3,0,14,0.6,24,31,6297186.47,70.19944136093282,3.534198313814565,14,0,1,177.80296203185807,2.0043543964129693,12,6,13,0.1935483870967742,0.3870967741935484,-166.8453714040411,-285.38384115433615,136.97990335714286,5.981243133333351
0.63,40,40,3,0,18,0.45,24,31,6297186.47,70.19944136093282,3.534198313814565,14,0,1,177.80296203185807,2.0043543964129693,12,6,13,0.1935483870967742,0.3870967741935484,-166.8453714040411,-285.38384115433615,136.97990335714286,5.981243133333351
0.63,40,40,3,0,18,0.6,24,31,6297186.47,70.19944136093282,3.534198313814565,14,0,1,177.80296203185807,2.0043543964129693,12,6,13,0.1935483870967742,0.3870967741935484,-166.8453714040411,-285.38384115433615,136.97990335714286,5.981243133333351
0.63,40,40,3,0,22,0.45,24,31,6297186.47,70.19944136093282,3.534198313814565,14,0,1,177.80296203185807,2.0043543964129693,12,6,13,0.1935483870967742,0.3870967741935484,-166.8453714040411,-285.38384115433615,136.97990335714286,5.981243133333351
0.63,40,40,3,0,22,0.6,24,31,6297186.47,70.19944136093282,3.534198313814565,14,0,1,177.80296203185807,2.0043543964129693,12,6,13,0.1935483870967742,0.3870967741935484,-166.8453714040411,-285.38384115433615,136.97990335714286,5.981243133333351
0.63,40,40,3,1,14,0.3,24,31,6297186.47,70.19944136093282,3.534198313814565,14,0,1,177.80296203185807,2.0043543964129693,12,6,13,0.1935483870967742,0.3870967741935484,-166.8453714040411,-285.38384115433615,136.97990335714286,5.981243133333351
0.63,40,40,3,1,14,0.45,24,31,6297186.47,70.19944136093282,3.534198313814565,14,0,1,177.80296203185807,2.0043543964129693,12,6,13,0.1935483870967742,0.3870967741935484,-166.8453714040411,-285.38384115433615,136.97990335714286,5.981243133333351
0.63,40,40,3,1,14,0.6,24,31,6297186.47,70.19944136093282,3.534198313814565,14,0,1,177.80296203185807,2.0043543964129693,12,6,13,0.1935483870967742,0.3870967741935484,-166.8453714040411,-285.38384115433615,136.97990335714286,5.981243133333351
0.63,40,40,3,1,18,0.3,24,31,6297186.47,70.19944136093282,3.534198313814565,14,0,1,177.80296203185807,2.0043543964129693,12,6,13,0.1935483870967742,0.3870967741935484,-166.8453714040411,-285.38384115433615,136.97990335714286,5.981243133333351
0.63,40,40,3,1,18,0.45,24,31,6297186.47,70.19944136093282,3.534198313814565,14,0,1,177.80296203185807,2.0043543964129693,12,6,13,0.1935483870967742,0.3870967741935484,-166.8453714040411,-285.38384115433615,136.97990335714286,5.981243133333351
0.63,40,40,3,1,18,0.6,24,31,6297186.47,70.19944136093282,3.534198313814565,14,0,1,177.80296203185807,2.0043543964129693,12,6,13,0.1935483870967742,0.3870967741935484,-166.8453714040411,-285.38384115433615,136.97990335714286,5.981243133333351
0.63,40,40,3,1,22,0.3,24,31,6297186.47,70.19944136093282,3.534198313814565,14,0,1,177.80296203185807,2.0043543964129693,12,6,13,0.1935483870967742,0.3870967741935484,-166.8453714040411,-285.38384115433615,136.97990335714286,5.981243133333351
0.63,40,40,3,1,22,0.45,24,31,6297186.47,70.19944136093282,3.534198313814565,14,0,1,177.80296203185807,2.0043543964129693,12,6,13,0.1935483870967742,0.3870967741935484,-166.8453714040411,-285.38384115433615,136.97990335714286,5.981243133333351
0.63,40,40,3,1,22,0.6,24,31,6297186.47,70.19944136093282,3.534198313814565,14,0,1,177.80296203185807,2.0043543964129693,12,6,13,0.1935483870967742,0.3870967741935484,-166.8453714040411,-285.38384115433615,136.97990335714286,5.981243133333351
0.63,40,40,3,2,14,0.3,24,31,6297186.47,70.19944136093282,3.534198313814565,14,0,1,177.80296203185807,2.0043543964129693,12,6,13,0.1935483870967742,0.3870967741935484,-166.8453714040411,-285.38384115433615,136.97990335714286,5.981243133333351
0.63,40,40,3,2,14,0.45,24,31,6297186.47,70.19944136093282,3.534198313814565,14,0,1,177.80296203185807,2.0043543964129693,12,6,13,0.1935483870967742,0.3870967741935484,-166.8453714040411,-285.38384115433615,136.97990335714286,5.981243133333351
0.63,40,40,3,2,14,0.6,24,31,6297186.47,70.19944136093282,3.534198313814565,14,0,1,177.80296203185807,2.0043543964129693,12,6,13,0.1935483870967742,0.3870967741935484,-166.8453714040411,-285.38384115433615,136.97990335714286,5.981243133333351
0.63,40,40,3,2,18,0.3,24,31,6297186.47,70.19944136093282,3.534198313814565,14,0,1,177.80296203185807,2.0043543964129693,12,6,13,0.1935483870967742,0.3870967741935484,-166.8453714040411,-285.38384115433615,136.97990335714286,5.981243133333351
0.63,40,40,3,2,18,0.45,24,31,6297186.47,70.19944136093282,3.534198313814565,14,0,1,177.80296203185807,2.0043543964129693,12,6,13,0.1935483870967742,0.3870967741935484,-166.8453714040411,-285.38384115433615,136.97990335714286,5.981243133333351
0.63,40,40,3,2,18,0.6,24,31,6297186.47,70.19944136093282,3.534198313814565,14,0,1,177.80296203185807,2.0043543964129693,12,6,13,0.1935483870967742,0.3870967741935484,-166.8453714040411,-285.38384115433615,136.97990335714286,5.981243133333351
0.63,40,40,3,2,22,0.3,24,31,6297186.47,70.19944136093282,3.534198313814565,14,0,1,177.80296203185807,2.0043543964129693,12,6,13,0.1935483870967742,0.3870967741935484,-166.8453714040411,-285.38384115433615,136.97990335714286,5.981243133333351
0.63,40,40,3,2,22,0.45,24,31,6297186.47,70.19944136093282,3.534198313814565,14,0,1,177.80296203185807,2.0043543964129693,12,6,13,0.1935483870967742,0.3870967741935484,-166.8453714040411,-285.38384115433615,136.97990335714286,5.981243133333351
0.63,40,40,3,2,22,0.6,24,31,6297186.47,70.19944136093282,3.534198313814565,14,0,1,177.80296203185807,2.0043543964129693,12,6,13,0.1935483870967742,0.3870967741935484,-166.8453714040411,-285.38384115433615,136.97990335714286,5.981243133333351
0.63,46,40,3,0,14,0.45,24,31,6297186.47,70.19944136093282,3.534198313814565,14,0,1,177.80296203185807,2.0043543964129693,12,6,13,0.1935483870967742,0.3870967741935484,-166.8453714040411,-285.38384115433615,136.97990335714286,5.981243133333351
0.63,46,40,3,0,14,0.6,24,31,6297186.47,70.19944136093282,3.534198313814565,14,0,1,177.80296203185807,2.0043543964129693,12,6,13,0.1935483870967742,0.3870967741935484,-166.8453714040411,-285.38384115433615,136.97990335714286,5.981243133333351
0.63,46,40,3,0,18,0.45,24,31,6297186.47,70.19944136093282,3.534198313814565,14,0,1,177.80296203185807,2.0043543964129693,12,6,13,0.1935483870967742,0.3870967741935484,-166.8453714040411,-285.38384115433615,136.97990335714286,5.981243133333351
0.63,46,40,3,0,18,0.6,24,31,6297186.47,70.19944136093282,3.534198313814565,14,0,1,177.80296203185807,2.0043543964129693,12,6,13,0.1935483870967742,0.3870967741935484,-166.8453714040411,-285.38384115433615,136.97990335714286,5.981243133333351
0.63,46,40,3,0,22,0.45,24,31,6297186.47,70.19944136093282,3.534198313814565,14,0,1,177.80296203185807,2.0043543964129693,12,6,13,0.1935483870967742,0.3870967741935484,-166.8453714040411,-285.38384115433615,136.97990335714286,5.981243133333351
0.63,46,40,3,0,22,0.6,24,31,6297186.47,70.19944136093282,3.534198313814565,14,0,1,177.80296203185807,2.0043543964129693,12,6,13,0.1935483870967742,0.3870967741935484,-166.8453714040411,-285.38384115433615,136.97990335714286,5.981243133333351
0.63,46,40,3,1,14,0.3,24,31,6297186.47,70.19944136093282,3.534198313814565,14,0,1,177.80296203185807,2.0043543964129693,12,6,13,0.1935483870967742,0.3870967741935484,-166.8453714040411,-285.38384115433615,136.97990335714286,5.981243133333351
0.63,46,40,3,1,14,0.45,24,31,6297186.47,70.19944136093282,3.534198313814565,14,0,1,177.80296203185807,2.0043543964129693,12,6,13,0.1935483870967742,0.3870967741935484,-166.8453714040411,-285.38384115433615,136.97990335714286,5.981243133333351
0.63,46,40,3,1,14,0.6,24,31,6297186.47,70.19944136093282,3.534198313814565,14,0,1,177.80296203185807,2.0043543964129693,12,6,13,0.1935483870967742,0.3870967741935484,-166.8453714040411,-285.38384115433615,136.97990335714286,5.981243133333351
0.63,46,40,3,1,18,0.3,24,31,6297186.47,70.19944136093282,3.534198313814565,14,0,1,177.80296203185807,2.0043543964129693,12,6,13,0.1935483870967742,0.3870967741935484,-166.8453714040411,-285.38384115433615,136.97990335714286,5.981243133333351
0.63,46,40,3,1,18,0.45,24,31,6297186.47,70.19944136093282,3.534198313814565,14,0,1,177.80296203185807,2.0043543964129693,12,6,13,0.1935483870967742,0.3870967741935484,-166.8453714040411,-285.38384115433615,136.97990335714286,5.981243133333351
0.63,46,40,3,1,18,0.6,24,31,6297186.47,70.19944136093282,3.534198313814565,14,0,1,177.80296203185807,2.0043543964129693,12,6,13,0.1935483870967742,0.3870967741935484,-166.8453714040411,-285.38384115433615,136.97990335714286,5.981243133333351
0.63,46,40,3,1,22,0.3,24,31,6297186.47,70.19944136093282,3.534198313814565,14,0,1,177.80296203185807,2.0043543964129693,12,6,13,0.1935483870967742,0.3870967741935484,-166.8453714040411,-285.38384115433615,136.97990335714286,5.981243133333351
0.63,46,40,3,1,22,0.45,24,31,6297186.47,70.19944136093282,3.534198313814565,14,0,1,177.80296203185807,2.0043543964129693,12,6,13,0.1935483870967742,0.3870967741935484,-166.8453714040411,-285.38384115433615,136.97990335714286,5.981243133333351
0.63,46,40,3,1,22,0.6,24,31,6297186.47,70.19944136093282,3.534198313814565,14,0,1,177.80296203185807,2.0043543964129693,12,6,13,0.1935483870967742,0.3870967741935484,-166.8453714040411,-285.38384115433615,136.97990335714286,5.981243133333351
0.63,46,40,3,2,14,0.3,24,31,6297186.47,70.19944136093282,3.534198313814565,14,0,1,177.80296203185807,2.0043543964129693,12,6,13,0.1935483870967742,0.3870967741935484,-166.8453714040411,-285.38384115433615,136.97990335714286,5.981243133333351
0.63,46,40,3,2,14,0.45,24,31,6297186.47,70.19944136093282,3.534198313814565,14,0,1,177.80296203185807,2.0043543964129693,12,6,13,0.1935483870967742,0.3870967741935484,-166.8453714040411,-285.38384115433615,136.97990335714286,5.981243133333351
0.63,46,40,3,2,14,0.6,24,31,6297186.47,70.19944136093282,3.534198313814565,14,0,1,177.80296203185807,2.0043543964129693,12,6,13,0.1935483870967742,0.3870967741935484,-166.8453714040411,-285.38384115433615,136.97990335714286,5.981243133333351
0.63,46,40,3,2,18,0.3,24,31,6297186.47,70.19944136093282,3.534198313814565,14,0,1,177.80296203185807,2.0043543964129693,12,6,13,0.1935483870967742,0.3870967741935484,-166.8453714040411,-285.38384115433615,136.97990335714286,5.981243133333351
0.63,46,40,3,2,18,0.45,24,31,6297186.47,70.19944136093282,3.534198313814565,14,0,1,177.80296203185807,2.0043543964129693,12,6,13,0.1935483870967742,0.3870967741935484,-166.8453714040411,-285.38384115433615,136.97990335714286,5.981243133333351
0.63,46,40,3,2,18,0.6,24,31,6297186.47,70.19944136093282,3.534198313814565,14,0,1,177.80296203185807,2.0043543964129693,12,6,13,0.1935483870967742,0.3870967741935484,-166.8453714040411,-285.38384115433615,136.97990335714286,5.981243133333351
0.63,46,40,3,2,22,0.3,24,31,6297186.47,70.19944136093282,3.534198313814565,14,0,1,177.80296203185807,2.0043543964129693,12,6,13,0.1935483870967742,0.3870967741935484,-166.8453714040411,-285.38384115433615,136.97990335714286,5.981243133333351
0.63,46,40,3,2,22,0.45,24,31,6297186.47,70.19944136093282,3.534198313814565,14,0,1,177.80296203185807,2.0043543964129693,12,6,13,0.1935483870967742,0.3870967741935484,-166.8453714040411,-285.38384115433615,136.97990335714286,5.981243133333351
0.63,46,40,3,2,22,0.6,24,31,6297186.47,70.19944136093282,3.534198313814565,14,0,1,177.80296203185807,2.0043543964129693,12,6,13,0.1935483870967742,0.3870967741935484,-166.8453714040411,-285.38384115433615,136.97990335714286,5.981243133333351
0.68,40,40,3,0,14,0.45,24,31,6297186.47,70.19944136093282,3.534198313814565,14,0,1,177.80296203185807,2.0043543964129693,12,6,13,0.1935483870967742,0.3870967741935484,-166.8453714040411,-285.38384115433615,136.97990335714286,5.981243133333351
0.68,40,40,3,0,14,0.6,24,31,6297186.47,70.19944136093282,3.534198313814565,14,0,1,177.80296203185807,2.0043543964129693,12,6,13,0.1935483870967742,0.3870967741935484,-166.8453714040411,-285.38384115433615,136.97990335714286,5.981243133333351
0.68,40,40,3,0,18,0.45,24,31,6297186.47,70.19944136093282,3.534198313814565,14,0,1,177.80296203185807,2.0043543964129693,12,6,13,0.1935483870967742,0.3870967741935484,-166.8453714040411,-285.38384115433615,136.97990335714286,5.981243133333351
0.68,40,40,3,0,18,0.6,24,31,6297186.47,70.19944136093282,3.534198313814565,14,0,1,177.80296203185807,2.0043543964129693,12,6,13,0.1935483870967742,0.3870967741935484,-166.8453714040411,-285.38384115433615,136.97990335714286,5.981243133333351
0.68,40,40,3,0,22,0.45,24,31,6297186.47,70.19944136093282,3.534198313814565,14,0,1,177.80296203185807,2.0043543964129693,12,6,13,0.1935483870967742,0.3870967741935484,-166.8453714040411,-285.38384115433615,136.97990335714286,5.981243133333351
0.68,40,40,3,0,22,0.6,24,31,6297186.47,70.19944136093282,3.534198313814565,14,0,1,177.80296203185807,2.0043543964129693,12,6,13,0.1935483870967742,0.3870967741935484,-166.8453714040411,-285.38384115433615,136.97990335714286,5.981243133333351
0.68,40,40,3,1,14,0.3,24,31,6297186.47,70.19944136093282,3.534198313814565,14,0,1,177.80296203185807,2.0043543964129693,12,6,13,0.1935483870967742,0.3870967741935484,-166.8453714040411,-285.38384115433615,136.97990335714286,5.981243133333351
0.68,40,40,3,1,14,0.45,24,31,6297186.47,70.19944136093282,3.534198313814565,14,0,1,177.80296203185807,2.0043543964129693,12,6,13,0.1935483870967742,0.3870967741935484,-166.8453714040411,-285.38384115433615,136.97990335714286,5.981243133333351
0.68,40,40,3,1,14,0.6,24,31,6297186.47,70.19944136093282,3.534198313814565,14,0,1,177.80296203185807,2.0043543964129693,12,6,13,0.1935483870967742,0.3870967741935484,-166.8453714040411,-285.38384115433615,136.97990335714286,5.981243133333351
0.68,40,40,3,1,18,0.3,24,31,6297186.47,70.19944136093282,3.534198313814565,14,0,1,177.80296203185807,2.0043543964129693,12,6,13,0.1935483870967742,0.3870967741935484,-166.8453714040411,-285.38384115433615,136.97990335714286,5.981243133333351
0.68,40,40,3,1,18,0.45,24,31,6297186.47,70.19944136093282,3.534198313814565,14,0,1,177.80296203185807,2.0043543964129693,12,6,13,0.1935483870967742,0.3870967741935484,-166.8453714040411,-285.38384115433615,136.97990335714286,5.981243133333351
0.68,40,40,3,1,18,0.6,24,31,6297186.47,70.19944136093282,3.534198313814565,14,0,1,177.80296203185807,2.0043543964129693,12,6,13,0.1935483870967742,0.3870967741935484,-166.8453714040411,-285.38384115433615,136.97990335714286,5.981243133333351
0.68,40,40,3,1,22,0.3,24,31,6297186.47,70.19944136093282,3.534198313814565,14,0,1,177.80296203185807,2.0043543964129693,12,6,13,0.1935483870967742,0.3870967741935484,-166.8453714040411,-285.38384115433615,136.97990335714286,5.981243133333351
0.68,40,40,3,1,22,0.45,24,31,6297186.47,70.19944136093282,3.534198313814565,14,0,1,177.80296203185807,2.0043543964129693,12,6,13,0.1935483870967742,0.3870967741935484,-166.8453714040411,-285.38384115433615,136.97990335714286,5.981243133333351
0.68,40,40,3,1,22,0.6,24,31,6297186.47,70.19944136093282,3.534198313814565,14,0,1,177.80296203185807,2.0043543964129693,12,6,13,0.1935483870967742,0.3870967741935484,-166.8453714040411,-285.38384115433615,136.97990335714286,5.981243133333351
0.68,40,40,3,2,14,0.3,24,31,6297186.47,70.19944136093282,3.534198313814565,14,0,1,177.80296203185807,2.0043543964129693,12,6,13,0.1935483870967742,0.3870967741935484,-166.8453714040411,-285.38384115433615,136.97990335714286,5.981243133333351
0.68,40,40,3,2,14,0.45,24,31,6297186.47,70.19944136093282,3.534198313814565,14,0,1,177.80296203185807,2.0043543964129693,12,6,13,0.1935483870967742,0.3870967741935484,-166.8453714040411,-285.38384115433615,136.97990335714286,5.981243133333351
0.68,40,40,3,2,14,0.6,24,31,6297186.47,70.19944136093282,3.534198313814565,14,0,1,177.80296203185807,2.0043543964129693,12,6,13,0.1935483870967742,0.3870967741935484,-166.8453714040411,-285.38384115433615,136.97990335714286,5.981243133333351
0.68,40,40,3,2,18,0.3,24,31,6297186.47,70.19944136093282,3.534198313814565,14,0,1,177.80296203185807,2.0043543964129693,12,6,13,0.1935483870967742,0.3870967741935484,-166.8453714040411,-285.38384115433615,136.97990335714286,5.981243133333351
0.68,40,40,3,2,18,0.45,24,31,6297186.47,70.19944136093282,3.534198313814565,14,0,1,177.80296203185807,2.0043543964129693,12,6,13,0.1935483870967742,0.3870967741935484,-166.8453714040411,-285.38384115433615,136.97990335714286,5.981243133333351
0.68,40,40,3,2,18,0.6,24,31,6297186.47,70.19944136093282,3.534198313814565,14,0,1,177.80296203185807,2.0043543964129693,12,6,13,0.1935483870967742,0.3870967741935484,-166.8453714040411,-285.38384115433615,136.97990335714286,5.981243133333351
0.68,40,40,3,2,22,0.3,24,31,6297186.47,70.19944136093282,3.534198313814565,14,0,1,177.80296203185807,2.0043543964129693,12,6,13,0.1935483870967742,0.3870967741935484,-166.8453714040411,-285.38384115433615,136.97990335714286,5.981243133333351
0.68,40,40,3,2,22,0.45,24,31,6297186.47,70.19944136093282,3.534198313814565,14,0,1,177.80296203185807,2.0043543964129693,12,6,13,0.1935483870967742,0.3870967741935484,-166.8453714040411,-285.38384115433615,136.97990335714286,5.981243133333351
0.68,40,40,3,2,22,0.6,24,31,6297186.47,70.19944136093282,3.534198313814565,14,0,1,177.80296203185807,2.0043543964129693,12,6,13,0.1935483870967742,0.3870967741935484,-166.8453714040411,-285.38384115433615,136.97990335714286,5.981243133333351
0.68,46,40,3,0,14,0.45,24,31,6297186.47,70.19944136093282,3.534198313814565,14,0,1,177.80296203185807,2.0043543964129693,12,6,13,0.1935483870967742,0.3870967741935484,-166.8453714040411,-285.38384115433615,136.97990335714286,5.981243133333351
0.68,46,40,3,0,14,0.6,24,31,6297186.47,70.19944136093282,3.534198313814565,14,0,1,177.80296203185807,2.0043543964129693,12,6,13,0.1935483870967742,0.3870967741935484,-166.8453714040411,-285.38384115433615,136.97990335714286,5.981243133333351
0.68,46,40,3,0,18,0.45,24,31,6297186.47,70.19944136093282,3.534198313814565,14,0,1,177.80296203185807,2.0043543964129693,12,6,13,0.1935483870967742,0.3870967741935484,-166.8453714040411,-285.38384115433615,136.97990335714286,5.981243133333351
0.68,46,40,3,0,18,0.6,24,31,6297186.47,70.19944136093282,3.534198313814565,14,0,1,177.80296203185807,2.0043543964129693,12,6,13,0.1935483870967742,0.3870967741935484,-166.8453714040411,-285.38384115433615,136.97990335714286,5.981243133333351
0.68,46,40,3,0,22,0.45,24,31,6297186.47,70.19944136093282,3.534198313814565,14,0,1,177.80296203185807,2.0043543964129693,12,6,13,0.1935483870967742,0.3870967741935484,-166.8453714040411,-285.38384115433615,136.97990335714286,5.981243133333351
0.68,46,40,3,0,22,0.6,24,31,6297186.47,70.19944136093282,3.534198313814565,14,0,1,177.80296203185807,2.0043543964129693,12,6,13,0.1935483870967742,0.3870967741935484,-166.8453714040411,-285.38384115433615,136.97990335714286,5.981243133333351
0.68,46,40,3,1,14,0.3,24,31,6297186.47,70.19944136093282,3.534198313814565,14,0,1,177.80296203185807,2.0043543964129693,12,6,13,0.1935483870967742,0.3870967741935484,-166.8453714040411,-285.38384115433615,136.97990335714286,5.981243133333351
0.68,46,40,3,1,14,0.45,24,31,6297186.47,70.19944136093282,3.534198313814565,14,0,1,177.80296203185807,2.0043543964129693,12,6,13,0.1935483870967742,0.3870967741935484,-166.8453714040411,-285.38384115433615,136.97990335714286,5.981243133333351
0.68,46,40,3,1,14,0.6,24,31,6297186.47,70.19944136093282,3.534198313814565,14,0,1,177.80296203185807,2.0043543964129693,12,6,13,0.1935483870967742,0.3870967741935484,-166.8453714040411,-285.38384115433615,136.97990335714286,5.981243133333351
0.68,46,40,3,1,18,0.3,24,31,6297186.47,70.19944136093282,3.534198313814565,14,0,1,177.80296203185807,2.0043543964129693,12,6,13,0.1935483870967742,0.3870967741935484,-166.8453714040411,-285.38384115433615,136.97990335714286,5.981243133333351
0.68,46,40,3,1,18,0.45,24,31,6297186.47,70.19944136093282,3.534198313814565,14,0,1,177.80296203185807,2.0043543964129693,12,6,13,0.1935483870967742,0.3870967741935484,-166.8453714040411,-285.38384115433615,136.97990335714286,5.981243133333351
0.68,46,40,3,1,18,0.6,24,31,6297186.47,70.19944136093282,3.534198313814565,14,0,1,177.80296203185807,2.0043543964129693,12,6,13,0.1935483870967742,0.3870967741935484,-166.8453714040411,-285.38384115433615,136.97990335714286,5.981243133333351
0.68,46,40,3,1,22,0.3,24,31,6297186.47,70.19944136093282,3.534198313814565,14,0,1,177.80296203185807,2.0043543964129693,12,6,13,0.1935483870967742,0.3870967741935484,-166.8453714040411,-285.38384115433615,136.97990335714286,5.981243133333351
0.68,46,40,3,1,22,0.45,24,31,6297186.47,70.19944136093282,3.534198313814565,14,0,1,177.80296203185807,2.0043543964129693,12,6,13,0.1935483870967742,0.3870967741935484,-166.8453714040411,-285.38384115433615,136.97990335714286,5.981243133333351
0.68,46,40,3,1,22,0.6,24,31,6297186.47,70.19944136093282,3.534198313814565,14,0,1,177.80296203185807,2.0043543964129693,12,6,13,0.1935483870967742,0.3870967741935484,-166.8453714040411,-285.38384115433615,136.97990335714286,5.981243133333351
0.68,46,40,3,2,14,0.3,24,31,6297186.47,70.19944136093282,3.534198313814565,14,0,1,177.80296203185807,2.0043543964129693,12,6,13,0.1935483870967742,0.3870967741935484,-166.8453714040411,-285.38384115433615,136.97990335714286,5.981243133333351
0.68,46,40,3,2,14,0.45,24,31,6297186.47,70.19944136093282,3.534198313814565,14,0,1,177.80296203185807,2.0043543964129693,12,6,13,0.1935483870967742,0.3870967741935484,-166.8453714040411,-285.38384115433615,136.97990335714286,5.981243133333351
0.68,46,40,3,2,14,0.6,24,31,6297186.47,70.19944136093282,3.534198313814565,14,0,1,177.80296203185807,2.0043543964129693,12,6,13,0.1935483870967742,0.3870967741935484,-166.8453714040411,-285.38384115433615,136.97990335714286,5.981243133333351
0.68,46,40,3,2,18,0.3,24,31,6297186.47,70.19944136093282,3.534198313814565,14,0,1,177.80296203185807,2.0043543964129693,12,6,13,0.1935483870967742,0.3870967741935484,-166.8453714040411,-285.38384115433615,136.97990335714286,5.981243133333351
0.68,46,40,3,2,18,0.45,24,31,6297186.47,70.19944136093282,3.534198313814565,14,0,1,177.80296203185807,2.0043543964129693,12,6,13,0.1935483870967742,0.3870967741935484,-166.8453714040411,-285.38384115433615,136.97990335714286,5.981243133333351
0.68,46,40,3,2,18,0.6,24,31,6297186.47,70.19944136093282,3.534198313814565,14,0,1,177.80296203185807,2.0043543964129693,12,6,13,0.1935483870967742,0.3870967741935484,-166.8453714040411,-285.38384115433615,136.97990335714286,5.981243133333351
0.68,46,40,3,2,22,0.3,24,31,6297186.47,70.19944136093282,3.534198313814565,14,0,1,177.80296203185807,2.0043543964129693,12,6,13,0.1935483870967742,0.3870967741935484,-166.8453714040411,-285.38384115433615,136.97990335714286,5.981243133333351
0.68,46,40,3,2,22,0.45,24,31,6297186.47,70.19944136093282,3.534198313814565,14,0,1,177.80296203185807,2.0043543964129693,12,6,13,0.1935483870967742,0.3870967741935484,-166.8453714040411,-285.38384115433615,136.97990335714286,5.981243133333351
0.68,46,40,3,2,22,0.6,24,31,6297186.47,70.19944136093282,3.534198313814565,14,0,1,177.80296203185807,2.0043543964129693,12,6,13,0.1935483870967742,0.3870967741935484,-166.8453714040411,-285.38384115433615,136.97990335714286,5.981243133333351
0.63,40,28,3,0,14,0.45,21,27,5946000.31,59.55337273686247,3.534198313814565,13,1,1,177.80296203185807,2.2685137619886784,10,5,12,0.18518518518518517,0.37037037037037035,-181.7719227373744,-300.19333043433613,107.47143078571429,-25.359997933333318
0.63,40,28,3,0,14,0.6,21,27,5946000.31,59.55337273686247,3.534198313814565,13,1,1,177.80296203185807,2.2685137619886784,10,5,12,0.18518518518518517,0.37037037037037035,-181.7719227373744,-300.19333043433613,107.47143078571429,-25.359997933333318
0.63,40,28,3,0,18,0.45,21,27,5946000.31,59.55337273686247,3.534198313814565,13,1,1,177.80296203185807,2.2685137619886784,10,5,12,0.18518518518518517,0.37037037037037035,-181.7719227373744,-300.19333043433613,107.47143078571429,-25.359997933333318
0.63,40,28,3,0,18,0.6,21,27,5946000.31,59.55337273686247,3.534198313814565,13,1,1,177.80296203185807,2.2685137619886784,10,5,12,0.18518518518518517,0.37037037037037035,-181.7719227373744,-300.19333043433613,107.47143078571429,-25.359997933333318
0.63,40,28,3,1,14,0.3,21,27,5946000.31,59.55337273686247,3.534198313814565,13,1,1,177.80296203185807,2.2685137619886784,10,5,12,0.18518518518518517,0.37037037037037035,-181.7719227373744,-300.19333043433613,107.47143078571429,-25.359997933333318
0.63,40,28,3,1,14,0.45,21,27,5946000.31,59.55337273686247,3.534198313814565,13,1,1,177.80296203185807,2.2685137619886784,10,5,12,0.18518518518518517,0.37037037037037035,-181.7719227373744,-300.19333043433613,107.47143078571429,-25.359997933333318
0.63,40,28,3,1,14,0.6,21,27,5946000.31,59.55337273686247,3.534198313814565,13,1,1,177.80296203185807,2.2685137619886784,10,5,12,0.18518518518518517,0.37037037037037035,-181.7719227373744,-300.19333043433613,107.47143078571429,-25.359997933333318
0.63,40,28,3,1,18,0.3,21,27,5946000.31,59.55337273686247,3.534198313814565,13,1,1,177.80296203185807,2.2685137619886784,10,5,12,0.18518518518518517,0.37037037037037035,-181.7719227373744,-300.19333043433613,107.47143078571429,-25.359997933333318
0.63,40,28,3,1,18,0.45,21,27,5946000.31,59.55337273686247,3.534198313814565,13,1,1,177.80296203185807,2.2685137619886784,10,5,12,0.18518518518518517,0.37037037037037035,-181.7719227373744,-300.19333043433613,107.47143078571429,-25.359997933333318
0.63,40,28,3,1,18,0.6,21,27,5946000.31,59.55337273686247,3.534198313814565,13,1,1,177.80296203185807,2.2685137619886784,10,5,12,0.18518518518518517,0.37037037037037035,-181.7719227373744,-300.19333043433613,107.47143078571429,-25.359997933333318
0.63,40,28,3,2,14,0.3,21,27,5946000.31,59.55337273686247,3.534198313814565,13,1,1,177.80296203185807,2.2685137619886784,10,5,12,0.18518518518518517,0.37037037037037035,-181.7719227373744,-300.19333043433613,107.47143078571429,-25.359997933333318
0.63,40,28,3,2,14,0.45,21,27,5946000.31,59.55337273686247,3.534198313814565,13,1,1,177.80296203185807,2.2685137619886784,10,5,12,0.18518518518518517,0.37037037037037035,-181.7719227373744,-300.19333043433613,107.47143078571429,-25.359997933333318
0.63,40,28,3,2,14,0.6,21,27,5946000.31,59.55337273686247,3.534198313814565,13,1,1,177.80296203185807,2.2685137619886784,10,5,12,0.18518518518518517,0.37037037037037035,-181.7719227373744,-300.19333043433613,107.47143078571429,-25.359997933333318
0.63,40,28,3,2,18,0.3,21,27,5946000.31,59.55337273686247,3.534198313814565,13,1,1,177.80296203185807,2.2685137619886784,10,5,12,0.18518518518518517,0.37037037037037035,-181.7719227373744,-300.19333043433613,107.47143078571429,-25.359997933333318
0.63,40,28,3,2,18,0.45,21,27,5946000.31,59.55337273686247,3.534198313814565,13,1,1,177.80296203185807,2.2685137619886784,10,5,12,0.18518518518518517,0.37037037037037035,-181.7719227373744,-300.19333043433613,107.47143078571429,-25.359997933333318
0.63,40,28,3,2,18,0.6,21,27,5946000.31,59.55337273686247,3.534198313814565,13,1,1,177.80296203185807,2.2685137619886784,10,5,12,0.18518518518518517,0.37037037037037035,-181.7719227373744,-300.19333043433613,107.47143078571429,-25.359997933333318
0.63,40,34,3,0,14,0.45,21,27,5946000.31,59.55337273686247,3.534198313814565,13,1,1,177.80296203185807,2.2685137619886784,10,5,12,0.18518518518518517,0.37037037037037035,-181.7719227373744,-300.19333043433613,107.47143078571429,-25.359997933333318
0.63,40,34,3,0,14,0.6,21,27,5946000.31,59.55337273686247,3.534198313814565,13,1,1,177.80296203185807,2.2685137619886784,10,5,12,0.18518518518518517,0.37037037037037035,-181.7719227373744,-300.19333043433613,107.47143078571429,-25.359997933333318
0.63,40,34,3,0,18,0.45,21,27,5946000.31,59.55337273686247,3.534198313814565,13,1,1,177.80296203185807,2.2685137619886784,10,5,12,0.18518518518518517,0.37037037037037035,-181.7719227373744,-300.19333043433613,107.47143078571429,-25.359997933333318
0.63,40,34,3,0,18,0.6,21,27,5946000.31,59.55337273686247,3.534198313814565,13,1,1,177.80296203185807,2.2685137619886784,10,5,12,0.18518518518518517,0.37037037037037035,-181.7719227373744,-300.19333043433613,107.47143078571429,-25.359997933333318
0.63,40,34,3,1,14,0.3,21,27,5946000.31,59.55337273686247,3.534198313814565,13,1,1,177.80296203185807,2.2685137619886784,10,5,12,0.18518518518518517,0.37037037037037035,-181.7719227373744,-300.19333043433613,107.47143078571429,-25.359997933333318
0.63,40,34,3,1,14,0.45,21,27,5946000.31,59.55337273686247,3.534198313814565,13,1,1,177.80296203185807,2.2685137619886784,10,5,12,0.18518518518518517,0.37037037037037035,-181.7719227373744,-300.19333043433613,107.47143078571429,-25.359997933333318
0.63,40,34,3,1,14,0.6,21,27,5946000.31,59.55337273686247,3.534198313814565,13,1,1,177.80296203185807,2.2685137619886784,10,5,12,0.18518518518518517,0.37037037037037035,-181.7719227373744,-300.19333043433613,107.47143078571429,-25.359997933333318
0.63,40,34,3,1,18,0.3,21,27,5946000.31,59.55337273686247,3.534198313814565,13,1,1,177.80296203185807,2.2685137619886784,10,5,12,0.18518518518518517,0.37037037037037035,-181.7719227373744,-300.19333043433613,107.47143078571429,-25.359997933333318
0.63,40,34,3,1,18,0.45,21,27,5946000.31,59.55337273686247,3.534198313814565,13,1,1,177.80296203185807,2.2685137619886784,10,5,12,0.18518518518518517,0.37037037037037035,-181.7719227373744,-300.19333043433613,107.47143078571429,-25.359997933333318
0.63,40,34,3,1,18,0.6,21,27,5946000.31,59.55337273686247,3.534198313814565,13,1,1,177.80296203185807,2.2685137619886784,10,5,12,0.18518518518518517,0.37037037037037035,-181.7719227373744,-300.19333043433613,107.47143078571429,-25.359997933333318
0.63,40,34,3,2,14,0.3,21,27,5946000.31,59.55337273686247,3.534198313814565,13,1,1,177.80296203185807,2.2685137619886784,10,5,12,0.18518518518518517,0.37037037037037035,-181.7719227373744,-300.19333043433613,107.47143078571429,-25.359997933333318
0.63,40,34,3,2,14,0.45,21,27,5946000.31,59.55337273686247,3.534198313814565,13,1,1,177.80296203185807,2.2685137619886784,10,5,12,0.18518518518518517,0.37037037037037035,-181.7719227373744,-300.19333043433613,107.47143078571429,-25.359997933333318
0.63,40,34,3,2,14,0.6,21,27,5946000.31,59.55337273686247,3.534198313814565,13,1,1,177.80296203185807,2.2685137619886784,10,5,12,0.18518518518518517,0.37037037037037035,-181.7719227373744,-300.19333043433613,107.47143078571429,-25.359997933333318
0.63,40,34,3,2,18,0.3,21,27,5946000.31,59.55337273686247,3.534198313814565,13,1,1,177.80296203185807,2.2685137619886784,10,5,12,0.18518518518518517,0.37037037037037035,-181.7719227373744,-300.19333043433613,107.47143078571429,-25.359997933333318
0.63,40,34,3,2,18,0.45,21,27,5946000.31,59.55337273686247,3.534198313814565,13,1,1,177.80296203185807,2.2685137619886784,10,5,12,0.18518518518518517,0.37037037037037035,-181.7719227373744,-300.19333043433613,107.47143078571429,-25.359997933333318
0.63,40,34,3,2,18,0.6,21,27,5946000.31,59.55337273686247,3.534198313814565,13,1,1,177.80296203185807,2.2685137619886784,10,5,12,0.18518518518518517,0.37037037037037035,-181.7719227373744,-300.19333043433613,107.47143078571429,-25.359997933333318
0.63,46,28,3,0,14,0.45,21,27,5946000.31,59.55337273686247,3.534198313814565,13,1,1,177.80296203185807,2.2685137619886784,10,5,12,0.18518518518518517,0.37037037037037035,-181.7719227373744,-300.19333043433613,107.47143078571429,-25.359997933333318
0.63,46,28,3,0,14,0.6,21,27,5946000.31,59.55337273686247,3.534198313814565,13,1,1,177.80296203185807,2.2685137619886784,10,5,12,0.18518518518518517,0.37037037037037035,-181.7719227373744,-300.19333043433613,107.47143078571429,-25.359997933333318
0.63,46,28,3,0,18,0.45,21,27,5946000.31,59.55337273686247,3.534198313814565,13,1,1,177.80296203185807,2.2685137619886784,10,5,12,0.18518518518518517,0.37037037037037035,-181.7719227373744,-300.19333043433613,107.47143078571429,-25.359997933333318
0.63,46,28,3,0,18,0.6,21,27,5946000.31,59.55337273686247,3.534198313814565,13,1,1,177.80296203185807,2.2685137619886784,10,5,12,0.18518518518518517,0.37037037037037035,-181.7719227373744,-300.19333043433613,107.47143078571429,-25.359997933333318
0.63,46,28,3,1,14,0.3,21,27,5946000.31,59.55337273686247,3.534198313814565,13,1,1,177.80296203185807,2.2685137619886784,10,5,12,0.18518518518518517,0.37037037037037035,-181.7719227373744,-300.19333043433613,107.47143078571429,-25.359997933333318
0.63,46,28,3,1,14,0.45,21,27,5946000.31,59.55337273686247,3.534198313814565,13,1,1,177.80296203185807,2.2685137619886784,10,5,12,0.18518518518518517,0.37037037037037035,-181.7719227373744,-300.19333043433613,107.47143078571429,-25.359997933333318
0.63,46,28,3,1,14,0.6,21,27,5946000.31,59.55337273686247,3.534198313814565,13,1,1,177.80296203185807,2.2685137619886784,10,5,12,0.18518518518518517,0.37037037037037035,-181.7719227373744,-300.19333043433613,107.47143078571429,-25.359997933333318
0.63,46,28,3,1,18,0.3,21,27,5946000.31,59.55337273686247,3.534198313814565,13,1,1,177.80296203185807,2.2685137619886784,10,5,12,0.18518518518518517,0.37037037037037035,-181.7719227373744,-300.19333043433613,107.47143078571429,-25.359997933333318
0.63,46,28,3,1,18,0.45,21,27,5946000.31,59.55337273686247,3.534198313814565,13,1,1,177.80296203185807,2.2685137619886784,10,5,12,0.18518518518518517,0.37037037037037035,-181.7719227373744,-300.19333043433613,107.47143078571429,-25.359997933333318
0.63,46,28,3,1,18,0.6,21,27,5946000.31,59.55337273686247,3.534198313814565,13,1,1,177.80296203185807,2.2685137619886784,10,5,12,0.18518518518518517,0.37037037037037035,-181.7719227373744,-300.19333043433613,107.47143078571429,-25.359997933333318
0.63,46,28,3,2,14,0.3,21,27,5946000.31,59.55337273686247,3.534198313814565,13,1,1,177.80296203185807,2.2685137619886784,10,5,12,0.18518518518518517,0.37037037037037035,-181.7719227373744,-300.19333043433613,107.47143078571429,-25.359997933333318
0.63,46,28,3,2,14,0.45,21,27,5946000.31,59.55337273686247,3.534198313814565,13,1,1,177.80296203185807,2.2685137619886784,10,5,12,0.18518518518518517,0.37037037037037035,-181.7719227373744,-300.19333043433613,107.47143078571429,-25.359997933333318
0.63,46,28,3,2,14,0.6,21,27,5946000.31,59.55337273686247,3.534198313814565,13,1,1,177.80296203185807,2.2685137619886784,10,5,12,0.18518518518518517,0.37037037037037035,-181.7719227373744,-300.19333043433613,107.47143078571429,-25.359997933333318
0.63,46,28,3,2,18,0.3,21,27,5946000.31,59.55337273686247,3.534198313814565,13,1,1,177.80296203185807,2.2685137619886784,10,5,12,0.18518518518518517,0.37037037037037035,-181.7719227373744,-300.19333043433613,107.47143078571429,-25.359997933333318
0.63,46,28,3,2,18,0.45,21,27,5946000.31,59.55337273686247,3.534198313814565,13,1,1,177.80296203185807,2.2685137619886784,10,5,12,0.18518518518518517,0.37037037037037035,-181.7719227373744,-300.19333043433613,107.47143078571429,-25.359997933333318
0.63,46,28,3,2,18,0.6,21,27,5946000.31,59.55337273686247,3.534198313814565,13,1,1,177.80296203185807,2.2685137619886784,10,5,12,0.18518518518518517,0.37037037037037035,-181.7719227373744,-300.19333043433613,107.47143078571429,-25.359997933333318
0.63,46,34,3,0,14,0.45,21,27,5946000.31,59.55337273686247,3.534198313814565,13,1,1,177.80296203185807,2.2685137619886784,10,5,12,0.18518518518518517,0.37037037037037035,-181.7719227373744,-300.19333043433613,107.47143078571429,-25.359997933333318
0.63,46,34,3,0,14,0.6,21,27,5946000.31,59.55337273686247,3.534198313814565,13,1,1,177.80296203185807,2.2685137619886784,10,5,12,0.18518518518518517,0.37037037037037035,-181.7719227373744,-300.19333043433613,107.47143078571429,-25.359997933333318
0.63,46,34,3,0,18,0.45,21,27,5946000.31,59.55337273686247,3.534198313814565,13,1,1,177.80296203185807,2.2685137619886784,10,5,12,0.18518518518518517,0.37037037037037035,-181.7719227373744,-300.19333043433613,107.47143078571429,-25.359997933333318
0.63,46,34,3,0,18,0.6,21,27,5946000.31,59.55337273686247,3.534198313814565,13,1,1,177.80296203185807,2.2685137619886784,10,5,12,0.18518518518518517,0.37037037037037035,-181.7719227373744,-300.19333043433613,107.47143078571429,-25.359997933333318
0.63,46,34,3,1,14,0.3,21,27,5946000.31,59.55337273686247,3.534198313814565,13,1,1,177.80296203185807,2.2685137619886784,10,5,12,0.18518518518518517,0.37037037037037035,-181.7719227373744,-300.19333043433613,107.47143078571429,-25.359997933333318
0.63,46,34,3,1,14,0.45,21,27,5946000.31,59.55337273686247,3.534198313814565,13,1,1,177.80296203185807,2.2685137619886784,10,5,12,0.18518518518518517,0.37037037037037035,-181.7719227373744,-300.19333043433613,107.47143078571429,-25.359997933333318
0.63,46,34,3,1,14,0.6,21,27,5946000.31,59.55337273686247,3.534198313814565,13,1,1,177.80296203185807,2.2685137619886784,10,5,12,0.18518518518518517,0.37037037037037035,-181.7719227373744,-300.19333043433613,107.47143078571429,-25.359997933333318
0.63,46,34,3,1,18,0.3,21,27,5946000.31,59.55337273686247,3.534198313814565,13,1,1,177.80296203185807,2.2685137619886784,10,5,12,0.18518518518518517,0.37037037037037035,-181.7719227373744,-300.19333043433613,107.47143078571429,-25.359997933333318
0.63,46,34,3,1,18,0.45,21,27,5946000.31,59.55337273686247,3.534198313814565,13,1,1,177.80296203185807,2.2685137619886784,10,5,12,0.18518518518518517,0.37037037037037035,-181.7719227373744,-300.19333043433613,107.47143078571429,-25.359997933333318
0.63,46,34,3,1,18,0.6,21,27,5946000.31,59.55337273686247,3.534198313814565,13,1,1,177.80296203185807,2.2685137619886784,10,5,12,0.18518518518518517,0.37037037037037035,-181.7719227373744,-300.19333043433613,107.47143078571429,-25.359997933333318
0.63,46,34,3,2,14,0.3,21,27,5946000.31,59.55337273686247,3.534198313814565,13,1,1,177.80296203185807,2.2685137619886784,10,5,12,0.18518518518518517,0.37037037037037035,-181.7719227373744,-300.19333043433613,107.47143078571429,-25.359997933333318
0.63,46,34,3,2,14,0.45,21,27,5946000.31,59.55337273686247,3.534198313814565,13,1,1,177.80296203185807,2.2685137619886784,10,5,12,0.18518518518518517,0.37037037037037035,-181.7719227373744,-300.19333043433613,107.47143078571429,-25.359997933333318
0.63,46,34,3,2,14,0.6,21,27,5946000.31,59.55337273686247,3.534198313814565,13,1,1,177.80296203185807,2.2685137619886784,10,5,12,0.18518518518518517,0.37037037037037035,-181.7719227373744,-300.19333043433613,107.47143078571429,-25.359997933333318
0.63,46,34,3,2,18,0.3,21,27,5946000.31,59.55337273686247,3.534198313814565,13,1,1,177.80296203185807,2.2685137619886784,10,5,12,0.18518518518518517,0.37037037037037035,-181.7719227373744,-300.19333043433613,107.47143078571429,-25.359997933333318
0.63,46,34,3,2,18,0.45,21,27,5946000.31,59.55337273686247,3.534198313814565,13,1,1,177.80296203185807,2.2685137619886784,10,5,12,0.18518518518518517,0.37037037037037035,-181.7719227373744,-300.19333043433613,107.47143078571429,-25.359997933333318
0.63,46,34,3,2,18,0.6,21,27,5946000.31,59.55337273686247,3.534198313814565,13,1,1,177.80296203185807,2.2685137619886784,10,5,12,0.18518518518518517,0.37037037037037035,-181.7719227373744,-300.19333043433613,107.47143078571429,-25.359997933333318
0.68,40,28,3,0,14,0.45,21,27,5946000.31,59.55337273686247,3.534198313814565,13,1,1,177.80296203185807,2.2685137619886784,10,5,12,0.18518518518518517,0.37037037037037035,-181.7719227373744,-300.19333043433613,107.47143078571429,-25.359997933333318
0.68,40,28,3,0,14,0.6,21,27,5946000.31,59.55337273686247,3.534198313814565,13,1,1,177.80296203185807,2.2685137619886784,10,5,12,0.18518518518518517,0.37037037037037035,-181.7719227373744,-300.19333043433613,107.47143078571429,-25.359997933333318
0.68,40,28,3,0,18,0.45,21,27,5946000.31,59.55337273686247,3.534198313814565,13,1,1,177.80296203185807,2.2685137619886784,10,5,12,0.18518518518518517,0.37037037037037035,-181.7719227373744,-300.19333043433613,107.47143078571429,-25.359997933333318
0.68,40,28,3,0,18,0.6,21,27,5946000.31,59.55337273686247,3.534198313814565,13,1,1,177.80296203185807,2.2685137619886784,10,5,12,0.18518518518518517,0.37037037037037035,-181.7719227373744,-300.19333043433613,107.47143078571429,-25.359997933333318
0.68,40,28,3,1,14,0.3,21,27,5946000.31,59.55337273686247,3.534198313814565,13,1,1,177.80296203185807,2.2685137619886784,10,5,12,0.18518518518518517,0.37037037037037035,-181.7719227373744,-300.19333043433613,107.47143078571429,-25.359997933333318
0.68,40,28,3,1,14,0.45,21,27,5946000.31,59.55337273686247,3.534198313814565,13,1,1,177.80296203185807,2.2685137619886784,10,5,12,0.18518518518518517,0.37037037037037035,-181.7719227373744,-300.19333043433613,107.47143078571429,-25.359997933333318
0.68,40,28,3,1,14,0.6,21,27,5946000.31,59.55337273686247,3.534198313814565,13,1,1,177.80296203185807,2.2685137619886784,10,5,12,0.18518518518518517,0.37037037037037035,-181.7719227373744,-300.19333043433613,107.47143078571429,-25.359997933333318
0.68,40,28,3,1,18,0.3,21,27,5946000.31,59.55337273686247,3.534198313814565,13,1,1,177.80296203185807,2.2685137619886784,10,5,12,0.18518518518518517,0.37037037037037035,-181.7719227373744,-300.19333043433613,107.47143078571429,-25.359997933333318
0.68,40,28,3,1,18,0.45,21,27,5946000.31,59.55337273686247,3.534198313814565,13,1,1,177.80296203185807,2.2685137619886784,10,5,12,0.18518518518518517,0.37037037037037035,-181.7719227373744,-300.19333043433613,107.47143078571429,-25.359997933333318
0.68,40,28,3,1,18,0.6,21,27,5946000.31,59.55337273686247,3.534198313814565,13,1,1,177.80296203185807,2.2685137619886784,10,5,12,0.18518518518518517,0.37037037037037035,-181.7719227373744,-300.19333043433613,107.47143078571429,-25.359997933333318
0.68,40,28,3,2,14,0.3,21,27,5946000.31,59.55337273686247,3.534198313814565,13,1,1,177.80296203185807,2.2685137619886784,10,5,12,0.18518518518518517,0.37037037037037035,-181.7719227373744,-300.19333043433613,107.47143078571429,-25.359997933333318
0.68,40,28,3,2,14,0.45,21,27,5946000.31,59.55337273686247,3.534198313814565,13,1,1,177.80296203185807,2.2685137619886784,10,5,12,0.18518518518518517,0.37037037037037035,-181.7719227373744,-300.19333043433613,107.47143078571429,-25.359997933333318
0.68,40,28,3,2,14,0.6,21,27,5946000.31,59.55337273686247,3.534198313814565,13,1,1,177.80296203185807,2.2685137619886784,10,5,12,0.18518518518518517,0.37037037037037035,-181.7719227373744,-300.19333043433613,107.47143078571429,-25.359997933333318
0.68,40,28,3,2,18,0.3,21,27,5946000.31,59.55337273686247,3.534198313814565,13,1,1,177.80296203185807,2.2685137619886784,10,5,12,0.18518518518518517,0.37037037037037035,-181.7719227373744,-300.19333043433613,107.47143078571429,-25.359997933333318
0.68,40,28,3,2,18,0.45,21,27,5946000.31,59.55337273686247,3.534198313814565,13,1,1,177.80296203185807,2.2685137619886784,10,5,12,0.18518518518518517,0.37037037037037035,-181.7719227373744,-300.19333043433613,107.47143078571429,-25.359997933333318
0.68,40,28,3,2,18,0.6,21,27,5946000.31,59.55337273686247,3.534198313814565,13,1,1,177.80296203185807,2.2685137619886784,10,5,12,0.18518518518518517,0.37037037037037035,-181.7719227373744,-300.19333043433613,107.47143078571429,-25.359997933333318
0.68,40,34,3,0,14,0.45,21,27,5946000.31,59.55337273686247,3.534198313814565,13,1,1,177.80296203185807,2.2685137619886784,10,5,12,0.18518518518518517,0.37037037037037035,-181.7719227373744,-300.19333043433613,107.47143078571429,-25.359997933333318
0.68,40,34,3,0,14,0.6,21,27,5946000.31,59.55337273686247,3.534198313814565,13,1,1,177.80296203185807,2.2685137619886784,10,5,12,0.18518518518518517,0.37037037037037035,-181.7719227373744,-300.19333043433613,107.47143078571429,-25.359997933333318
0.68,40,34,3,0,18,0.45,21,27,5946000.31,59.55337273686247,3.534198313814565,13,1,1,177.80296203185807,2.2685137619886784,10,5,12,0.18518518518518517,0.37037037037037035,-181.7719227373744,-300.19333043433613,107.47143078571429,-25.359997933333318
0.68,40,34,3,0,18,0.6,21,27,5946000.31,59.55337273686247,3.534198313814565,13,1,1,177.80296203185807,2.2685137619886784,10,5,12,0.18518518518518517,0.37037037037037035,-181.7719227373744,-300.19333043433613,107.47143078571429,-25.359997933333318
0.68,40,34,3,1,14,0.3,21,27,5946000.31,59.55337273686247,3.534198313814565,13,1,1,177.80296203185807,2.2685137619886784,10,5,12,0.18518518518518517,0.37037037037037035,-181.7719227373744,-300.19333043433613,107.47143078571429,-25.359997933333318
0.68,40,34,3,1,14,0.45,21,27,5946000.31,59.55337273686247,3.534198313814565,13,1,1,177.80296203185807,2.2685137619886784,10,5,12,0.18518518518518517,0.37037037037037035,-181.7719227373744,-300.19333043433613,107.47143078571429,-25.359997933333318
0.68,40,34,3,1,14,0.6,21,27,5946000.31,59.55337273686247,3.534198313814565,13,1,1,177.80296203185807,2.2685137619886784,10,5,12,0.18518518518518517,0.37037037037037035,-181.7719227373744,-300.19333043433613,107.47143078571429,-25.359997933333318
0.68,40,34,3,1,18,0.3,21,27,5946000.31,59.55337273686247,3.534198313814565,13,1,1,177.80296203185807,2.2685137619886784,10,5,12,0.18518518518518517,0.37037037037037035,-181.7719227373744,-300.19333043433613,107.47143078571429,-25.359997933333318
0.68,40,34,3,1,18,0.45,21,27,5946000.31,59.55337273686247,3.534198313814565,13,1,1,177.80296203185807,2.2685137619886784,10,5,12,0.18518518518518517,0.37037037037037035,-181.7719227373744,-300.19333043433613,107.47143078571429,-25.359997933333318
0.68,40,34,3,1,18,0.6,21,27,5946000.31,59.55337273686247,3.534198313814565,13,1,1,177.80296203185807,2.2685137619886784,10,5,12,0.18518518518518517,0.37037037037037035,-181.7719227373744,-300.19333043433613,107.47143078571429,-25.359997933333318
0.68,40,34,3,2,14,0.3,21,27,5946000.31,59.55337273686247,3.534198313814565,13,1,1,177.80296203185807,2.2685137619886784,10,5,12,0.18518518518518517,0.37037037037037035,-181.7719227373744,-300.19333043433613,107.47143078571429,-25.359997933333318
0.68,40,34,3,2,14,0.45,21,27,5946000.31,59.55337273686247,3.534198313814565,13,1,1,177.80296203185807,2.2685137619886784,10,5,12,0.18518518518518517,0.37037037037037035,-181.7719227373744,-300.19333043433613,107.47143078571429,-25.359997933333318
0.68,40,34,3,2,14,0.6,21,27,5946000.31,59.55337273686247,3.534198313814565,13,1,1,177.80296203185807,2.2685137619886784,10,5,12,0.18518518518518517,0.37037037037037035,-181.7719227373744,-300.19333043433613,107.47143078571429,-25.359997933333318
0.68,40,34,3,2,18,0.3,21,27,5946000.31,59.55337273686247,3.534198313814565,13,1,1,177.80296203185807,2.2685137619886784,10,5,12,0.18518518518518517,0.37037037037037035,-181.7719227373744,-300.19333043433613,107.47143078571429,-25.359997933333318
0.68,40,34,3,2,18,0.45,21,27,5946000.31,59.55337273686247,3.534198313814565,13,1,1,177.80296203185807,2.2685137619886784,10,5,12,0.18518518518518517,0.37037037037037035,-181.7719227373744,-300.19333043433613,107.47143078571429,-25.359997933333318
0.68,40,34,3,2,18,0.6,21,27,5946000.31,59.55337273686247,3.534198313814565,13,1,1,177.80296203185807,2.2685137619886784,10,5,12,0.18518518518518517,0.37037037037037035,-181.7719227373744,-300.19333043433613,107.47143078571429,-25.359997933333318
0.68,46,28,3,0,14,0.45,21,27,5946000.31,59.55337273686247,3.534198313814565,13,1,1,177.80296203185807,2.2685137619886784,10,5,12,0.18518518518518517,0.37037037037037035,-181.7719227373744,-300.19333043433613,107.47143078571429,-25.359997933333318
0.68,46,28,3,0,14,0.6,21,27,5946000.31,59.55337273686247,3.534198313814565,13,1,1,177.80296203185807,2.2685137619886784,10,5,12,0.18518518518518517,0.37037037037037035,-181.7719227373744,-300.19333043433613,107.47143078571429,-25.359997933333318
0.68,46,28,3,0,18,0.45,21,27,5946000.31,59.55337273686247,3.534198313814565,13,1,1,177.80296203185807,2.2685137619886784,10,5,12,0.18518518518518517,0.37037037037037035,-181.7719227373744,-300.19333043433613,107.47143078571429,-25.359997933333318
0.68,46,28,3,0,18,0.6,21,27,5946000.31,59.55337273686247,3.534198313814565,13,1,1,177.80296203185807,2.2685137619886784,10,5,12,0.18518518518518517,0.37037037037037035,-181.7719227373744,-300.19333043433613,107.47143078571429,-25.359997933333318
0.68,46,28,3,1,14,0.3,21,27,5946000.31,59.55337273686247,3.534198313814565,13,1,1,177.80296203185807,2.2685137619886784,10,5,12,0.18518518518518517,0.37037037037037035,-181.7719227373744,-300.19333043433613,107.47143078571429,-25.359997933333318
0.68,46,28,3,1,14,0.45,21,27,5946000.31,59.55337273686247,3.534198313814565,13,1,1,177.80296203185807,2.2685137619886784,10,5,12,0.18518518518518517,0.37037037037037035,-181.7719227373744,-300.19333043433613,107.47143078571429,-25.359997933333318
0.68,46,28,3,1,14,0.6,21,27,5946000.31,59.55337273686247,3.534198313814565,13,1,1,177.80296203185807,2.2685137619886784,10,5,12,0.18518518518518517,0.37037037037037035,-181.7719227373744,-300.19333043433613,107.47143078571429,-25.359997933333318
0.68,46,28,3,1,18,0.3,21,27,5946000.31,59.55337273686247,3.534198313814565,13,1,1,177.80296203185807,2.2685137619886784,10,5,12,0.18518518518518517,0.37037037037037035,-181.7719227373744,-300.19333043433613,107.47143078571429,-25.359997933333318
0.68,46,28,3,1,18,0.45,21,27,5946000.31,59.55337273686247,3.534198313814565,13,1,1,177.80296203185807,2.2685137619886784,10,5,12,0.18518518518518517,0.37037037037037035,-181.7719227373744,-300.19333043433613,107.47143078571429,-25.359997933333318
0.68,46,28,3,1,18,0.6,21,27,5946000.31,59.55337273686247,3.534198313814565,13,1,1,177.80296203185807,2.2685137619886784,10,5,12,0.18518518518518517,0.37037037037037035,-181.7719227373744,-300.19333043433613,107.47143078571429,-25.359997933333318
0.68,46,28,3,2,14,0.3,21,27,5946000.31,59.55337273686247,3.534198313814565,13,1,1,177.80296203185807,2.2685137619886784,10,5,12,0.18518518518518517,0.37037037037037035,-181.7719227373744,-300.19333043433613,107.47143078571429,-25.359997933333318
0.68,46,28,3,2,14,0.45,21,27,5946000.31,59.55337273686247,3.534198313814565,13,1,1,177.80296203185807,2.2685137619886784,10,5,12,0.18518518518518517,0.37037037037037035,-181.7719227373744,-300.19333043433613,107.47143078571429,-25.359997933333318
0.68,46,28,3,2,14,0.6,21,27,5946000.31,59.55337273686247,3.534198313814565,13,1,1,177.80296203185807,2.2685137619886784,10,5,12,0.18518518518518517,0.37037037037037035,-181.7719227373744,-300.19333043433613,107.47143078571429,-25.359997933333318
0.68,46,28,3,2,18,0.3,21,27,5946000.31,59.55337273686247,3.534198313814565,13,1,1,177.80296203185807,2.2685137619886784,10,5,12,0.18518518518518517,0.37037037037037035,-181.7719227373744,-300.19333043433613,107.47143078571429,-25.359997933333318
0.68,46,28,3,2,18,0.45,21,27,5946000.31,59.55337273686247,3.534198313814565,13,1,1,177.80296203185807,2.2685137619886784,10,5,12,0.18518518518518517,0.37037037037037035,-181.7719227373744,-300.19333043433613,107.47143078571429,-25.359997933333318
0.68,46,28,3,2,18,0.6,21,27,5946000.31,59.55337273686247,3.534198313814565,13,1,1,177.80296203185807,2.2685137619886784,10,5,12,0.18518518518518517,0.37037037037037035,-181.7719227373744,-300.19333043433613,107.47143078571429,-25.359997933333318
0.68,46,34,3,0,14,0.45,21,27,5946000.31,59.55337273686247,3.534198313814565,13,1,1,177.80296203185807,2.2685137619886784,10,5,12,0.18518518518518517,0.37037037037037035,-181.7719227373744,-300.19333043433613,107.47143078571429,-25.359997933333318
0.68,46,34,3,0,14,0.6,21,27,5946000.31,59.55337273686247,3.534198313814565,13,1,1,177.80296203185807,2.2685137619886784,10,5,12,0.18518518518518517,0.37037037037037035,-181.7719227373744,-300.19333043433613,107.47143078571429,-25.359997933333318
0.68,46,34,3,0,18,0.45,21,27,5946000.31,59.55337273686247,3.534198313814565,13,1,1,177.80296203185807,2.2685137619886784,10,5,12,0.18518518518518517,0.37037037037037035,-181.7719227373744,-300.19333043433613,107.47143078571429,-25.359997933333318
0.68,46,34,3,0,18,0.6,21,27,5946000.31,59.55337273686247,3.534198313814565,13,1,1,177.80296203185807,2.2685137619886784,10,5,12,0.18518518518518517,0.37037037037037035,-181.7719227373744,-300.19333043433613,107.47143078571429,-25.359997933333318
0.68,46,34,3,1,14,0.3,21,27,5946000.31,59.55337273686247,3.534198313814565,13,1,1,177.80296203185807,2.2685137619886784,10,5,12,0.18518518518518517,0.37037037037037035,-181.7719227373744,-300.19333043433613,107.47143078571429,-25.359997933333318
0.68,46,34,3,1,14,0.45,21,27,5946000.31,59.55337273686247,3.534198313814565,13,1,1,177.80296203185807,2.2685137619886784,10,5,12,0.18518518518518517,0.37037037037037035,-181.7719227373744,-300.19333043433613,107.47143078571429,-25.359997933333318
0.68,46,34,3,1,14,0.6,21,27,5946000.31,59.55337273686247,3.534198313814565,13,1,1,177.80296203185807,2.2685137619886784,10,5,12,0.18518518518518517,0.37037037037037035,-181.7719227373744,-300.19333043433613,107.47143078571429,-25.359997933333318
0.68,46,34,3,1,18,0.3,21,27,5946000.31,59.55337273686247,3.534198313814565,13,1,1,177.80296203185807,2.2685137619886784,10,5,12,0.18518518518518517,0.37037037037037035,-181.7719227373744,-300.19333043433613,107.47143078571429,-25.359997933333318
0.68,46,34,3,1,18,0.45,21,27,5946000.31,59.55337273686247,3.534198313814565,13,1,1,177.80296203185807,2.2685137619886784,10,5,12,0.18518518518518517,0.37037037037037035,-181.7719227373744,-300.19333043433613,107.47143078571429,-25.359997933333318
0.68,46,34,3,1,18,0.6,21,27,5946000.31,59.55337273686247,3.534198313814565,13,1,1,177.80296203185807,2.2685137619886784,10,5,12,0.18518518518518517,0.37037037037037035,-181.7719227373744,-300.19333043433613,107.47143078571429,-25.359997933333318
0.68,46,34,3,2,14,0.3,21,27,5946000.31,59.55337273686247,3.534198313814565,13,1,1,177.80296203185807,2.2685137619886784,10,5,12,0.18518518518518517,0.37037037037037035,-181.7719227373744,-300.19333043433613,107.47143078571429,-25.359997933333318
0.68,46,34,3,2,14,0.45,21,27,5946000.31,59.55337273686247,3.534198313814565,13,1,1,177.80296203185807,2.2685137619886784,10,5,12,0.18518518518518517,0.37037037037037035,-181.7719227373744,-300.19333043433613,107.47143078571429,-25.359997933333318
0.68,46,34,3,2,14,0.6,21,27,5946000.31,59.55337273686247,3.534198313814565,13,1,1,177.80296203185807,2.2685137619886784,10,5,12,0.18518518518518517,0.37037037037037035,-181.7719227373744,-300.19333043433613,107.47143078571429,-25.359997933333318
0.68,46,34,3,2,18,0.3,21,27,5946000.31,59.55337273686247,3.534198313814565,13,1,1,177.80296203185807,2.2685137619886784,10,5,12,0.18518518518518517,0.37037037037037035,-181.7719227373744,-300.19333043433613,107.47143078571429,-25.359997933333318
0.68,46,34,3,2,18,0.45,21,27,5946000.31,59.55337273686247,3.534198313814565,13,1,1,177.80296203185807,2.2685137619886784,10,5,12,0.18518518518518517,0.37037037037037035,-181.7719227373744,-300.19333043433613,107.47143078571429,-25.359997933333318
0.68,46,34,3,2,18,0.6,21,27,5946000.31,59.55337273686247,3.534198313814565,13,1,1,177.80296203185807,2.2685137619886784,10,5,12,0.18518518518518517,0.37037037037037035,-181.7719227373744,-300.19333043433613,107.47143078571429,-25.359997933333318
0.58,40,28,3,0,18,0.45,26,33,6586553.92,73.73605947858277,3.534198313814565,15,1,1,177.80296203185807,1.902582118913538,14,6,13,0.18181818181818182,0.42424242424242425,-188.43397598737442,-295.06890155433615,144.0468137142857,-32.089640533333295
0.58,40,28,3,0,18,0.6,26,33,6586553.92,73.73605947858277,3.534198313814565,15,1,1,177.80296203185807,1.902582118913538,14,6,13,0.18181818181818182,0.42424242424242425,-188.43397598737442,-295.06890155433615,144.0468137142857,-32.089640533333295
0.58,40,28,3,0,22,0.45,26,33,6586553.92,73.73605947858277,3.534198313814565,15,1,1,177.80296203185807,1.902582118913538,14,6,13,0.18181818181818182,0.42424242424242425,-188.43397598737442,-295.06890155433615,144.0468137142857,-32.089640533333295
0.58,40,28,3,0,22,0.6,26,33,6586553.92,73.73605947858277,3.534198313814565,15,1,1,177.80296203185807,1.902582118913538,14,6,13,0.18181818181818182,0.42424242424242425,-188.43397598737442,-295.06890155433615,144.0468137142857,-32.089640533333295
0.58,40,28,3,1,18,0.3,26,33,6586553.92,73.73605947858277,3.534198313814565,15,1,1,177.80296203185807,1.902582118913538,14,6,13,0.18181818181818182,0.42424242424242425,-188.43397598737442,-295.06890155433615,144.0468137142857,-32.089640533333295
0.58,40,28,3,1,18,0.45,26,33,6586553.92,73.73605947858277,3.534198313814565,15,1,1,177.80296203185807,1.902582118913538,14,6,13,0.18181818181818182,0.42424242424242425,-188.43397598737442,-295.06890155433615,144.0468137142857,-32.089640533333295
0.58,40,28,3,1,18,0.6,26,33,6586553.92,73.73605947858277,3.534198313814565,15,1,1,177.80296203185807,1.902582118913538,14,6,13,0.18181818181818182,0.42424242424242425,-188.43397598737442,-295.06890155433615,144.0468137142857,-32.089640533333295
0.58,40,28,3,1,22,0.3,26,33,6586553.92,73.73605947858277,3.534198313814565,15,1,1,177.80296203185807,1.902582118913538,14,6,13,0.18181818181818182,0.42424242424242425,-188.43397598737442,-295.06890155433615,144.0468137142857,-32.089640533333295
0.58,40,28,3,1,22,0.45,26,33,6586553.92,73.73605947858277,3.534198313814565,15,1,1,177.80296203185807,1.902582118913538,14,6,13,0.18181818181818182,0.42424242424242425,-188.43397598737442,-295.06890155433615,144.0468137142857,-32.089640533333295
0.58,40,28,3,1,22,0.6,26,33,6586553.92,73.73605947858277,3.534198313814565,15,1,1,177.80296203185807,1.902582118913538,14,6,13,0.18181818181818182,0.42424242424242425,-188.43397598737442,-295.06890155433615,144.0468137142857,-32.089640533333295
0.58,40,28,3,2,18,0.3,26,33,6586553.92,73.73605947858277,3.534198313814565,15,1,1,177.80296203185807,1.902582118913538,14,6,13,0.18181818181818182,0.42424242424242425,-188.43397598737442,-295.06890155433615,144.0468137142857,-32.089640533333295
0.58,40,28,3,2,18,0.45,26,33,6586553.92,73.73605947858277,3.534198313814565,15,1,1,177.80296203185807,1.902582118913538,14,6,13,0.18181818181818182,0.42424242424242425,-188.43397598737442,-295.06890155433615,144.0468137142857,-32.089640533333295
0.58,40,28,3,2,18,0.6,26,33,6586553.92,73.73605947858277,3.534198313814565,15,1,1,177.80296203185807,1.902582118913538,14,6,13,0.18181818181818182,0.42424242424242425,-188.43397598737442,-295.06890155433615,144.0468137142857,-32.089640533333295
0.58,40,28,3,2,22,0.3,26,33,6586553.92,73.73605947858277,3.534198313814565,15,1,1,177.80296203185807,1.902582118913538,14,6,13,0.18181818181818182,0.42424242424242425,-188.43397598737442,-295.06890155433615,144.0468137142857,-32.089640533333295
0.58,40,28,3,2,22,0.45,26,33,6586553.92,73.73605947858277,3.534198313814565,15,1,1,177.80296203185807,1.902582118913538,14,6,13,0.18181818181818182,0.42424242424242425,-188.43397598737442,-295.06890155433615,144.0468137142857,-32.089640533333295
0.58,40,28,3,2,22,0.6,26,33,6586553.92,73.73605947858277,3.534198313814565,15,1,1,177.80296203185807,1.902582118913538,14,6,13,0.18181818181818182,0.42424242424242425,-188.43397598737442,-295.06890155433615,144.0468137142857,-32.089640533333295
0.58,40,34,3,0,18,0.45,26,33,6586553.92,73.73605947858277,3.534198313814565,15,1,1,177.80296203185807,1.902582118913538,14,6,13,0.18181818181818182,0.42424242424242425,-188.43397598737442,-295.06890155433615,144.0468137142857,-32.089640533333295
0.58,40,34,3,0,18,0.6,26,33,6586553.92,73.73605947858277,3.534198313814565,15,1,1,177.80296203185807,1.902582118913538,14,6,13,0.18181818181818182,0.42424242424242425,-188.43397598737442,-295.06890155433615,144.0468137142857,-32.089640533333295
0.58,40,34,3,0,22,0.45,26,33,6586553.92,73.73605947858277,3.534198313814565,15,1,1,177.80296203185807,1.902582118913538,14,6,13,0.18181818181818182,0.42424242424242425,-188.43397598737442,-295.06890155433615,144.0468137142857,-32.089640533333295
0.58,40,34,3,0,22,0.6,26,33,6586553.92,73.73605947858277,3.534198313814565,15,1,1,177.80296203185807,1.902582118913538,14,6,13,0.18181818181818182,0.42424242424242425,-188.43397598737442,-295.06890155433615,144.0468137142857,-32.089640533333295
0.58,40,34,3,1,18,0.3,26,33,6586553.92,73.73605947858277,3.534198313814565,15,1,1,177.80296203185807,1.902582118913538,14,6,13,0.18181818181818182,0.42424242424242425,-188.43397598737442,-295.06890155433615,144.0468137142857,-32.089640533333295
0.58,40,34,3,1,18,0.45,26,33,6586553.92,73.73605947858277,3.534198313814565,15,1,1,177.80296203185807,1.902582118913538,14,6,13,0.18181818181818182,0.42424242424242425,-188.43397598737442,-295.06890155433615,144.0468137142857,-32.089640533333295
0.58,40,34,3,1,18,0.6,26,33,6586553.92,73.73605947858277,3.534198313814565,15,1,1,177.80296203185807,1.902582118913538,14,6,13,0.18181818181818182,0.42424242424242425,-188.43397598737442,-295.06890155433615,144.0468137142857,-32.089640533333295
0.58,40,34,3,1,22,0.3,26,33,6586553.92,73.73605947858277,3.534198313814565,15,1,1,177.80296203185807,1.902582118913538,14,6,13,0.18181818181818182,0.42424242424242425,-188.43397598737442,-295.06890155433615,144.0468137142857,-32.089640533333295
0.58,40,34,3,1,22,0.45,26,33,6586553.92,73.73605947858277,3.534198313814565,15,1,1,177.80296203185807,1.902582118913538,14,6,13,0.18181818181818182,0.42424242424242425,-188.43397598737442,-295.06890155433615,144.0468137142857,-32.089640533333295
0.58,40,34,3,1,22,0.6,26,33,6586553.92,73.73605947858277,3.534198313814565,15,1,1,177.80296203185807,1.902582118913538,14,6,13,0.18181818181818182,0.42424242424242425,-188.43397598737442,-295.06890155433615,144.0468137142857,-32.089640533333295
0.58,40,34,3,2,18,0.3,26,33,6586553.92,73.73605947858277,3.534198313814565,15,1,1,177.80296203185807,1.902582118913538,14,6,13,0.18181818181818182,0.42424242424242425,-188.43397598737442,-295.06890155433615,144.0468137142857,-32.089640533333295
0.58,40,34,3,2,18,0.45,26,33,6586553.92,73.73605947858277,3.534198313814565,15,1,1,177.80296203185807,1.902582118913538,14,6,13,0.18181818181818182,0.42424242424242425,-188.43397598737442,-295.06890155433615,144.0468137142857,-32.089640533333295
0.58,40,34,3,2,18,0.6,26,33,6586553.92,73.73605947858277,3.534198313814565,15,1,1,177.80296203185807,1.902582118913538,14,6,13,0.18181818181818182,0.42424242424242425,-188.43397598737442,-295.06890155433615,144.0468137142857,-32.089640533333295
0.58,40,34,3,2,22,0.3,26,33,6586553.92,73.73605947858277,3.534198313814565,15,1,1,177.80296203185807,1.902582118913538,14,6,13,0.18181818181818182,0.42424242424242425,-188.43397598737442,-295.06890155433615,144.0468137142857,-32.089640533333295
0.58,40,34,3,2,22,0.45,26,33,6586553.92,73.73605947858277,3.534198313814565,15,1,1,177.80296203185807,1.902582118913538,14,6,13,0.18181818181818182,0.42424242424242425,-188.43397598737442,-295.06890155433615,144.0468137142857,-32.089640533333295
0.58,40,34,3,2,22,0.6,26,33,6586553.92,73.73605947858277,3.534198313814565,15,1,1,177.80296203185807,1.902582118913538,14,6,13,0.18181818181818182,0.42424242424242425,-188.43397598737442,-295.06890155433615,144.0468137142857,-32.089640533333295
0.58,46,28,3,0,18,0.45,26,33,6586553.92,73.73605947858277,3.534198313814565,15,1,1,177.80296203185807,1.902582118913538,14,6,13,0.18181818181818182,0.42424242424242425,-188.43397598737442,-295.06890155433615,144.0468137142857,-32.089640533333295
0.58,46,28,3,0,18,0.6,26,33,6586553.92,73.73605947858277,3.534198313814565,15,1,1,177.80296203185807,1.902582118913538,14,6,13,0.18181818181818182,0.42424242424242425,-188.43397598737442,-295.06890155433615,144.0468137142857,-32.089640533333295
0.58,46,28,3,0,22,0.45,26,33,6586553.92,73.73605947858277,3.534198313814565,15,1,1,177.80296203185807,1.902582118913538,14,6,13,0.18181818181818182,0.42424242424242425,-188.43397598737442,-295.06890155433615,144.0468137142857,-32.089640533333295
0.58,46,28,3,0,22,0.6,26,33,6586553.92,73.73605947858277,3.534198313814565,15,1,1,177.80296203185807,1.902582118913538,14,6,13,0.18181818181818182,0.42424242424242425,-188.43397598737442,-295.06890155433615,144.0468137142857,-32.089640533333295
0.58,46,28,3,1,18,0.3,26,33,6586553.92,73.73605947858277,3.534198313814565,15,1,1,177.80296203185807,1.902582118913538,14,6,13,0.18181818181818182,0.42424242424242425,-188.43397598737442,-295.06890155433615,144.0468137142857,-32.089640533333295
0.58,46,28,3,1,18,0.45,26,33,6586553.92,73.73605947858277,3.534198313814565,15,1,1,177.80296203185807,1.902582118913538,14,6,13,0.18181818181818182,0.42424242424242425,-188.43397598737442,-295.06890155433615,144.0468137142857,-32.089640533333295
0.58,46,28,3,1,18,0.6,26,33,6586553.92,73.73605947858277,3.534198313814565,15,1,1,177.80296203185807,1.902582118913538,14,6,13,0.18181818181818182,0.42424242424242425,-188.43397598737442,-295.06890155433615,144.0468137142857,-32.089640533333295
0.58,46,28,3,1,22,0.3,26,33,6586553.92,73.73605947858277,3.534198313814565,15,1,1,177.80296203185807,1.902582118913538,14,6,13,0.18181818181818182,0.42424242424242425,-188.43397598737442,-295.06890155433615,144.0468137142857,-32.089640533333295
0.58,46,28,3,1,22,0.45,26,33,6586553.92,73.73605947858277,3.534198313814565,15,1,1,177.80296203185807,1.902582118913538,14,6,13,0.18181818181818182,0.42424242424242425,-188.43397598737442,-295.06890155433615,144.0468137142857,-32.089640533333295
0.58,46,28,3,1,22,0.6,26,33,6586553.92,73.73605947858277,3.534198313814565,15,1,1,177.80296203185807,1.902582118913538,14,6,13,0.18181818181818182,0.42424242424242425,-188.43397598737442,-295.06890155433615,144.0468137142857,-32.089640533333295
0.58,46,28,3,2,18,0.3,26,33,6586553.92,73.73605947858277,3.534198313814565,15,1,1,177.80296203185807,1.902582118913538,14,6,13,0.18181818181818182,0.42424242424242425,-188.43397598737442,-295.06890155433615,144.0468137142857,-32.089640533333295
0.58,46,28,3,2,18,0.45,26,33,6586553.92,73.73605947858277,3.534198313814565,15,1,1,177.80296203185807,1.902582118913538,14,6,13,0.18181818181818182,0.42424242424242425,-188.43397598737442,-295.06890155433615,144.0468137142857,-32.089640533333295
0.58,46,28,3,2,18,0.6,26,33,6586553.92,73.73605947858277,3.534198313814565,15,1,1,177.80296203185807,1.902582118913538,14,6,13,0.18181818181818182,0.42424242424242425,-188.43397598737442,-295.06890155433615,144.0468137142857,-32.089640533333295
0.58,46,28,3,2,22,0.3,26,33,6586553.92,73.73605947858277,3.534198313814565,15,1,1,177.80296203185807,1.902582118913538,14,6,13,0.18181818181818182,0.42424242424242425,-188.43397598737442,-295.06890155433615,144.0468137142857,-32.089640533333295
0.58,46,28,3,2,22,0.45,26,33,6586553.92,73.73605947858277,3.534198313814565,15,1,1,177.80296203185807,1.902582118913538,14,6,13,0.18181818181818182,0.42424242424242425,-188.43397598737442,-295.06890155433615,144.0468137142857,-32.089640533333295
0.58,46,28,3,2,22,0.6,26,33,6586553.92,73.73605947858277,3.534198313814565,15,1,1,177.80296203185807,1.902582118913538,14,6,13,0.18181818181818182,0.42424242424242425,-188.43397598737442,-295.06890155433615,144.0468137142857,-32.089640533333295
0.68,40,28,3,0,22,0.3,24,30,6401211.46,67.48579771111064,3.534198313814565,14,2,1,177.80296203185807,2.09406228515446,12,6,12,0.2,0.4,-193.9784964873744,-300.55164123433616,127.722939,-1.3252569333333213
0.68,40,34,3,0,22,0.3,24,30,6401211.46,67.48579771111064,3.534198313814565,14,2,1,177.80296203185807,2.09406228515446,12,6,12,0.2,0.4,-193.9784964873744,-300.55164123433616,127.722939,-1.3252569333333213
0.68,46,28,3,0,22,0.3,24,30,6401211.46,67.48579771111064,3.534198313814565,14,2,1,177.80296203185807,2.09406228515446,12,6,12,0.2,0.4,-193.9784964873744,-300.55164123433616,127.722939,-1.3252569333333213
0.68,46,34,3,0,22,0.3,24,30,6401211.46,67.48579771111064,3.534198313814565,14,2,1,177.80296203185807,2.09406228515446,12,6,12,0.2,0.4,-193.9784964873744,-300.55164123433616,127.722939,-1.3252569333333213
0.58,40,40,3,0,14,0.45,26,34,6454776.47,76.09372277545991,3.534198313814565,16,0,1,177.80296203185807,1.8566436406918136,13,7,14,0.20588235294117646,0.38235294117647056,-201.5321214040411,-308.12312115433616,134.1055462142857,-27.968156866666618
0.58,40,40,3,0,14,0.6,26,34,6454776.47,76.09372277545991,3.534198313814565,16,0,1,177.80296203185807,1.8566436406918136,13,7,14,0.20588235294117646,0.38235294117647056,-201.5321214040411,-308.12312115433616,134.1055462142857,-27.968156866666618
0.58,40,40,3,0,18,0.45,26,34,6454776.47,76.09372277545991,3.534198313814565,16,0,1,177.80296203185807,1.8566436406918136,13,7,14,0.20588235294117646,0.38235294117647056,-201.5321214040411,-308.12312115433616,134.1055462142857,-27.968156866666618
0.58,40,40,3,0,18,0.6,26,34,6454776.47,76.09372277545991,3.534198313814565,16,0,1,177.80296203185807,1.8566436406918136,13,7,14,0.20588235294117646,0.38235294117647056,-201.5321214040411,-308.12312115433616,134.1055462142857,-27.968156866666618
0.58,40,40,3,0,22,0.45,26,34,6454776.47,76.09372277545991,3.534198313814565,16,0,1,177.80296203185807,1.8566436406918136,13,7,14,0.20588235294117646,0.38235294117647056,-201.5321214040411,-308.12312115433616,134.1055462142857,-27.968156866666618
0.58,40,40,3,0,22,0.6,26,34,6454776.47,76.09372277545991,3.534198313814565,16,0,1,177.80296203185807,1.8566436406918136,13,7,14,0.20588235294117646,0.38235294117647056,-201.5321214040411,-308.12312115433616,134.1055462142857,-27.968156866666618
0.58,40,40,3,1,14,0.3,26,34,6454776.47,76.09372277545991,3.534198313814565,16,0,1,177.80296203185807,1.8566436406918136,13,7,14,0.20588235294117646,0.38235294117647056,-201.5321214040411,-308.12312115433616,134.1055462142857,-27.968156866666618
0.58,40,40,3,1,14,0.45,26,34,6454776.47,76.09372277545991,3.534198313814565,16,0,1,177.80296203185807,1.8566436406918136,13,7,14,0.20588235294117646,0.38235294117647056,-201.5321214040411,-308.12312115433616,134.1055462142857,-27.968156866666618
0.58,40,40,3,1,14,0.6,26,34,6454776.47,76.09372277545991,3.534198313814565,16,0,1,177.80296203185807,1.8566436406918136,13,7,14,0.20588235294117646,0.38235294117647056,-201.5321214040411,-308.12312115433616,134.1055462142857,-27.968156866666618
0.58,40,40,3,1,18,0.3,26,34,6454776.47,76.09372277545991,3.534198313814565,16,0,1,177.80296203185807,1.8566436406918136,13,7,14,0.20588235294117646,0.38235294117647056,-201.5321214040411,-308.12312115433616,134.1055462142857,-27.968156866666618
0.58,40,40,3,1,18,0.45,26,34,6454776.47,76.09372277545991,3.534198313814565,16,0,1,177.80296203185807,1.8566436406918136,13,7,14,0.20588235294117646,0.38235294117647056,-201.5321214040411,-308.12312115433616,134.1055462142857,-27.968156866666618
0.58,40,40,3,1,18,0.6,26,34,6454776.47,76.09372277545991,3.534198313814565,16,0,1,177.80296203185807,1.8566436406918136,13,7,14,0.20588235294117646,0.38235294117647056,-201.5321214040411,-308.12312115433616,134.1055462142857,-27.968156866666618
0.58,40,40,3,1,22,0.3,26,34,6454776.47,76.09372277545991,3.534198313814565,16,0,1,177.80296203185807,1.8566436406918136,13,7,14,0.20588235294117646,0.38235294117647056,-201.5321214040411,-308.12312115433616,134.1055462142857,-27.968156866666618
0.58,40,40,3,1,22,0.45,26,34,6454776.47,76.09372277545991,3.534198313814565,16,0,1,177.80296203185807,1.8566436406918136,13,7,14,0.20588235294117646,0.38235294117647056,-201.5321214040411,-308.12312115433616,134.1055462142857,-27.968156866666618
0.58,40,40,3,1,22,0.6,26,34,6454776.47,76.09372277545991,3.534198313814565,16,0,1,177.80296203185807,1.8566436406918136,13,7,14,0.20588235294117646,0.38235294117647056,-201.5321214040411,-308.12312115433616,134.1055462142857,-27.968156866666618
0.58,40,40,3,2,14,0.3,26,34,6454776.47,76.09372277545991,3.534198313814565,16,0,1,177.80296203185807,1.8566436406918136,13,7,14,0.20588235294117646,0.38235294117647056,-201.5321214040411,-308.12312115433616,134.1055462142857,-27.968156866666618
0.58,40,40,3,2,14,0.45,26,34,6454776.47,76.09372277545991,3.534198313814565,16,0,1,177.80296203185807,1.8566436406918136,13,7,14,0.20588235294117646,0.38235294117647056,-201.5321214040411,-308.12312115433616,134.1055462142857,-27.968156866666618
0.58,40,40,3,2,14,0.6,26,34,6454776.47,76.09372277545991,3.534198313814565,16,0,1,177.80296203185807,1.8566436406918136,13,7,14,0.20588235294117646,0.38235294117647056,-201.5321214040411,-308.12312115433616,134.1055462142857,-27.968156866666618
0.58,40,40,3,2,18,0.3,26,34,6454776.47,76.09372277545991,3.534198313814565,16,0,1,177.80296203185807,1.8566436406918136,13,7,14,0.20588235294117646,0.38235294117647056,-201.5321214040411,-308.12312115433616,134.1055462142857,-27.968156866666618
0.58,40,40,3,2,18,0.45,26,34,6454776.47,76.09372277545991,3.534198313814565,16,0,1,177.80296203185807,1.8566436406918136,13,7,14,0.20588235294117646,0.38235294117647056,-201.5321214040411,-308.12312115433616,134.1055462142857,-27.968156866666618
0.58,40,40,3,2,18,0.6,26,34,6454776.47,76.09372277545991,3.534198313814565,16,0,1,177.80296203185807,1.8566436406918136,13,7,14,0.20588235294117646,0.38235294117647056,-201.5321214040411,-308.12312115433616,134.1055462142857,-27.968156866666618
0.58,40,40,3,2,22,0.3,26,34,6454776.47,76.09372277545991,3.534198313814565,16,0,1,177.80296203185807,1.8566436406918136,13,7,14,0.20588235294117646,0.38235294117647056,-201.5321214040411,-308.12312115433616,134.1055462142857,-27.968156866666618
0.58,40,40,3,2,22,0.45,26,34,6454776.47,76.09372277545991,3.534198313814565,16,0,1,177.80296203185807,1.8566436406918136,13,7,14,0.20588235294117646,0.38235294117647056,-201.5321214040411,-308.12312115433616,134.1055462142857,-27.968156866666618
0.58,40,40,3,2,22,0.6,26,34,6454776.47,76.09372277545991,3.534198313814565,16,0,1,177.80296203185807,1.8566436406918136,13,7,14,0.20588235294117646,0.38235294117647056,-201.5321214040411,-308.12312115433616,134.1055462142857,-27.968156866666618
0.58,46,34,3,0,14,0.45,25,33,6262288.31,73.44128766630348,3.534198313814565,16,0,1,177.80296203185807,1.914461614572347,12,8,13,0.24242424242424243,0.36363636363636365,-211.1361894040411,-317.66302643433613,120.73063078571431,6.748588733333349
0.58,46,34,3,0,14,0.6,25,33,6262288.31,73.44128766630348,3.534198313814565,16,0,1,177.80296203185807,1.914461614572347,12,8,13,0.24242424242424243,0.36363636363636365,-211.1361894040411,-317.66302643433613,120.73063078571431,6.748588733333349
0.58,46,34,3,1,14,0.3,25,33,6262288.31,73.44128766630348,3.534198313814565,16,0,1,177.80296203185807,1.914461614572347,12,8,13,0.24242424242424243,0.36363636363636365,-211.1361894040411,-317.66302643433613,120.73063078571431,6.748588733333349
0.58,46,34,3,1,14,0.45,25,33,6262288.31,73.44128766630348,3.534198313814565,16,0,1,177.80296203185807,1.914461614572347,12,8,13,0.24242424242424243,0.36363636363636365,-211.1361894040411,-317.66302643433613,120.73063078571431,6.748588733333349
0.58,46,34,3,1,14,0.6,25,33,6262288.31,73.44128766630348,3.534198313814565,16,0,1,177.80296203185807,1.914461614572347,12,8,13,0.24242424242424243,0.36363636363636365,-211.1361894040411,-317.66302643433613,120.73063078571431,6.748588733333349
0.58,46,34,3,2,14,0.3,25,33,6262288.31,73.44128766630348,3.534198313814565,16,0,1,177.80296203185807,1.914461614572347,12,8,13,0.24242424242424243,0.36363636363636365,-211.1361894040411,-317.66302643433613,120.73063078571431,6.748588733333349
0.58,46,34,3,2,14,0.45,25,33,6262288.31,73.44128766630348,3.534198313814565,16,0,1,177.80296203185807,1.914461614572347,12,8,13,0.24242424242424243,0.36363636363636365,-211.1361894040411,-317.66302643433613,120.73063078571431,6.748588733333349
0.58,46,34,3,2,14,0.6,25,33,6262288.31,73.44128766630348,3.534198313814565,16,0,1,177.80296203185807,1.914461614572347,12,8,13,0.24242424242424243,0.36363636363636365,-211.1361894040411,-317.66302643433613,120.73063078571431,6.748588733333349
0.68,40,28,3,0,14,0.3,22,28,6143251.3,62.04602960328132,3.534198313814565,14,2,1,177.80296203185807,2.2256050551876836,10,6,12,0.21428571428571427,0.35714285714285715,-212.12816448737442,-318.6153225143361,101.88036642857145,-19.044991333333314
0.68,40,28,3,0,18,0.3,22,28,6143251.3,62.04602960328132,3.534198313814565,14,2,1,177.80296203185807,2.2256050551876836,10,6,12,0.21428571428571427,0.35714285714285715,-212.12816448737442,-318.6153225143361,101.88036642857145,-19.044991333333314
0.68,40,34,3,0,14,0.3,22,28,6143251.3,62.04602960328132,3.534198313814565,14,2,1,177.80296203185807,2.2256050551876836,10,6,12,0.21428571428571427,0.35714285714285715,-212.12816448737442,-318.6153225143361,101.88036642857145,-19.044991333333314
0.68,40,34,3,0,18,0.3,22,28,6143251.3,62.04602960328132,3.534198313814565,14,2,1,177.80296203185807,2.2256050551876836,10,6,12,0.21428571428571427,0.35714285714285715,-212.12816448737442,-318.6153225143361,101.88036642857145,-19.044991333333314
0.68,46,28,3,0,14,0.3,22,28,6143251.3,62.04602960328132,3.534198313814565,14,2,1,177.80296203185807,2.2256050551876836,10,6,12,0.21428571428571427,0.35714285714285715,-212.12816448737442,-318.6153225143361,101.88036642857145,-19.044991333333314
0.68,46,28,3,0,18,0.3,22,28,6143251.3,62.04602960328132,3.534198313814565,14,2,1,177.80296203185807,2.2256050551876836,10,6,12,0.21428571428571427,0.35714285714285715,-212.12816448737442,-318.6153225143361,101.88036642857145,-19.044991333333314
0.68,46,34,3,0,14,0.3,22,28,6143251.3,62.04602960328132,3.534198313814565,14,2,1,177.80296203185807,2.2256050551876836,10,6,12,0.21428571428571427,0.35714285714285715,-212.12816448737442,-318.6153225143361,101.88036642857145,-19.044991333333314
0.68,46,34,3,0,18,0.3,22,28,6143251.3,62.04602960328132,3.534198313814565,14,2,1,177.80296203185807,2.2256050551876836,10,6,12,0.21428571428571427,0.35714285714285715,-212.12816448737442,-318.6153225143361,101.88036642857145,-19.044991333333314
0.58,40,28,3,0,14,0.45,23,30,6103590.31,65.44765415138957,3.534198313814565,15,1,1,177.80296203185807,2.0746923022804644,11,6,13,0.2,0.36666666666666664,-216.45867273737443,-322.93261043433614,104.59707364285714,-35.309397933333344
0.58,40,28,3,0,14,0.6,23,30,6103590.31,65.44765415138957,3.534198313814565,15,1,1,177.80296203185807,2.0746923022804644,11,6,13,0.2,0.36666666666666664,-216.45867273737443,-322.93261043433614,104.59707364285714,-35.309397933333344
0.58,40,28,3,1,14,0.3,23,30,6103590.31,65.44765415138957,3.534198313814565,15,1,1,177.80296203185807,2.0746923022804644,11,6,13,0.2,0.36666666666666664,-216.45867273737443,-322.93261043433614,104.59707364285714,-35.309397933333344
0.58,40,28,3,1,14,0.45,23,30,6103590.31,65.44765415138957,3.534198313814565,15,1,1,177.80296203185807,2.0746923022804644,11,6,13,0.2,0.36666666666666664,-216.45867273737443,-322.93261043433614,104.59707364285714,-35.309397933333344
0.58,40,28,3,1,14,0.6,23,30,6103590.31,65.44765415138957,3.534198313814565,15,1,1,177.80296203185807,2.0746923022804644,11,6,13,0.2,0.36666666666666664,-216.45867273737443,-322.93261043433614,104.59707364285714,-35.309397933333344
0.58,40,28,3,2,14,0.3,23,30,6103590.31,65.44765415138957,3.534198313814565,15,1,1,177.80296203185807,2.0746923022804644,11,6,13,0.2,0.36666666666666664,-216.45867273737443,-322.93261043433614,104.59707364285714,-35.309397933333344
0.58,40,28,3,2,14,0.45,23,30,6103590.31,65.44765415138957,3.534198313814565,15,1,1,177.80296203185807,2.0746923022804644,11,6,13,0.2,0.36666666666666664,-216.45867273737443,-322.93261043433614,104.59707364285714,-35.309397933333344
0.58,40,28,3,2,14,0.6,23,30,6103590.31,65.44765415138957,3.534198313814565,15,1,1,177.80296203185807,2.0746923022804644,11,6,13,0.2,0.36666666666666664,-216.45867273737443,-322.93261043433614,104.59707364285714,-35.309397933333344
0.58,40,34,3,0,14,0.45,23,30,6103590.31,65.44765415138957,3.534198313814565,15,1,1,177.80296203185807,2.0746923022804644,11,6,13,0.2,0.36666666666666664,-216.45867273737443,-322.93261043433614,104.59707364285714,-35.309397933333344
0.58,40,34,3,0,14,0.6,23,30,6103590.31,65.44765415138957,3.534198313814565,15,1,1,177.80296203185807,2.0746923022804644,11,6,13,0.2,0.36666666666666664,-216.45867273737443,-322.93261043433614,104.59707364285714,-35.309397933333344
0.58,40,34,3,1,14,0.3,23,30,6103590.31,65.44765415138957,3.534198313814565,15,1,1,177.80296203185807,2.0746923022804644,11,6,13,0.2,0.36666666666666664,-216.45867273737443,-322.93261043433614,104.59707364285714,-35.309397933333344
0.58,40,34,3,1,14,0.45,23,30,6103590.31,65.44765415138957,3.534198313814565,15,1,1,177.80296203185807,2.0746923022804644,11,6,13,0.2,0.36666666666666664,-216.45867273737443,-322.93261043433614,104.59707364285714,-35.309397933333344
0.58,40,34,3,1,14,0.6,23,30,6103590.31,65.44765415138957,3.534198313814565,15,1,1,177.80296203185807,2.0746923022804644,11,6,13,0.2,0.36666666666666664,-216.45867273737443,-322.93261043433614,104.59707364285714,-35.309397933333344
0.58,40,34,3,2,14,0.3,23,30,6103590.31,65.44765415138957,3.534198313814565,15,1,1,177.80296203185807,2.0746923022804644,11,6,13,0.2,0.36666666666666664,-216.45867273737443,-322.93261043433614,104.59707364285714,-35.309397933333344
0.58,40,34,3,2,14,0.45,23,30,6103590.31,65.44765415138957,3.534198313814565,15,1,1,177.80296203185807,2.0746923022804644,11,6,13,0.2,0.36666666666666664,-216.45867273737443,-322.93261043433614,104.59707364285714,-35.309397933333344
0.58,40,34,3,2,14,0.6,23,30,6103590.31,65.44765415138957,3.534198313814565,15,1,1,177.80296203185807,2.0746923022804644,11,6,13,0.2,0.36666666666666664,-216.45867273737443,-322.93261043433614,104.59707364285714,-35.309397933333344
0.58,46,28,3,0,14,0.45,23,30,6103590.31,65.44765415138957,3.534198313814565,15,1,1,177.80296203185807,2.0746923022804644,11,6,13,0.2,0.36666666666666664,-216.45867273737443,-322.93261043433614,104.59707364285714,-35.309397933333344
0.58,46,28,3,0,14,0.6,23,30,6103590.31,65.44765415138957,3.534198313814565,15,1,1,177.80296203185807,2.0746923022804644,11,6,13,0.2,0.36666666666666664,-216.45867273737443,-322.93261043433614,104.59707364285714,-35.309397933333344
0.58,46,28,3,1,14,0.3,23,30,6103590.31,65.44765415138957,3.534198313814565,15,1,1,177.80296203185807,2.0746923022804644,11,6,13,0.2,0.36666666666666664,-216.45867273737443,-322.93261043433614,104.59707364285714,-35.309397933333344
0.58,46,28,3,1,14,0.45,23,30,6103590.31,65.44765415138957,3.534198313814565,15,1,1,177.80296203185807,2.0746923022804644,11,6,13,0.2,0.36666666666666664,-216.45867273737443,-322.93261043433614,104.59707364285714,-35.309397933333344
0.58,46,28,3,1,14,0.6,23,30,6103590.31,65.44765415138957,3.534198313814565,15,1,1,177.80296203185807,2.0746923022804644,11,6,13,0.2,0.36666666666666664,-216.45867273737443,-322.93261043433614,104.59707364285714,-35.309397933333344
0.58,46,28,3,2,14,0.3,23,30,6103590.31,65.44765415138957,3.534198313814565,15,1,1,177.80296203185807,2.0746923022804644,11,6,13,0.2,0.36666666666666664,-216.45867273737443,-322.93261043433614,104.59707364285714,-35.309397933333344
0.58,46,28,3,2,14,0.45,23,30,6103590.31,65.44765415138957,3.534198313814565,15,1,1,177.80296203185807,2.0746923022804644,11,6,13,0.2,0.36666666666666664,-216.45867273737443,-322.93261043433614,104.59707364285714,-35.309397933333344
0.58,46,28,3,2,14,0.6,23,30,6103590.31,65.44765415138957,3.534198313814565,15,1,1,177.80296203185807,2.0746923022804644,11,6,13,0.2,0.36666666666666664,-216.45867273737443,-322.93261043433614,104.59707364285714,-35.309397933333344
0.63,40,28,3,0,22,0.3,25,31,6500192.46,68.9327934221688,3.534198313814565,15,3,1,177.80296203185807,2.054139779502955,12,6,13,0.1935483870967742,0.3870967741935484,-225.15365482070774,-319.75979323433614,121.42994614285715,-39.665383599999984
0.63,40,34,3,0,22,0.3,25,31,6500192.46,68.9327934221688,3.534198313814565,15,3,1,177.80296203185807,2.054139779502955,12,6,13,0.1935483870967742,0.3870967741935484,-225.15365482070774,-319.75979323433614,121.42994614285715,-39.665383599999984
0.63,46,28,3,0,22,0.3,25,31,6500192.46,68.9327934221688,3.534198313814565,15,3,1,177.80296203185807,2.054139779502955,12,6,13,0.1935483870967742,0.3870967741935484,-225.15365482070774,-319.75979323433614,121.42994614285715,-39.665383599999984
0.63,46,34,3,0,22,0.3,25,31,6500192.46,68.9327934221688,3.534198313814565,15,3,1,177.80296203185807,2.054139779502955,12,6,13,0.1935483870967742,0.3870967741935484,-225.15365482070774,-319.75979323433614,121.42994614285715,-39.665383599999984
0.63,40,40,3,0,14,0.3,26,33,6593418.46,74.13909393840984,3.534198313814565,16,2,1,177.80296203185807,1.9411672991006266,12,7,14,0.21212121212121213,0.36363636363636365,-228.3767714873744,-323.01398523433613,125.09584614285711,-34.04387693333331
0.63,40,40,3,0,18,0.3,26,33,6593418.46,74.13909393840984,3.534198313814565,16,2,1,177.80296203185807,1.9411672991006266,12,7,14,0.21212121212121213,0.36363636363636365,-228.3767714873744,-323.01398523433613,125.09584614285711,-34.04387693333331
0.63,40,40,3,0,22,0.3,26,33,6593418.46,74.13909393840984,3.534198313814565,16,2,1,177.80296203185807,1.9411672991006266,12,7,14,0.21212121212121213,0.36363636363636365,-228.3767714873744,-323.01398523433613,125.09584614285711,-34.04387693333331
0.63,46,40,3,0,14,0.3,26,33,6593418.46,74.13909393840984,3.534198313814565,16,2,1,177.80296203185807,1.9411672991006266,12,7,14,0.21212121212121213,0.36363636363636365,-228.3767714873744,-323.01398523433613,125.09584614285711,-34.04387693333331
0.63,46,40,3,0,18,0.3,26,33,6593418.46,74.13909393840984,3.534198313814565,16,2,1,177.80296203185807,1.9411672991006266,12,7,14,0.21212121212121213,0.36363636363636365,-228.3767714873744,-323.01398523433613,125.09584614285711,-34.04387693333331
0.63,46,40,3,0,22,0.3,26,33,6593418.46,74.13909393840984,3.534198313814565,16,2,1,177.80296203185807,1.9411672991006266,12,7,14,0.21212121212121213,0.36363636363636365,-228.3767714873744,-323.01398523433613,125.09584614285711,-34.04387693333331
0.68,40,40,3,0,14,0.3,26,33,6593418.46,74.13909393840984,3.534198313814565,16,2,1,177.80296203185807,1.9411672991006266,12,7,14,0.21212121212121213,0.36363636363636365,-228.3767714873744,-323.01398523433613,125.09584614285711,-34.04387693333331
0.68,40,40,3,0,18,0.3,26,33,6593418.46,74.13909393840984,3.534198313814565,16,2,1,177.80296203185807,1.9411672991006266,12,7,14,0.21212121212121213,0.36363636363636365,-228.3767714873744,-323.01398523433613,125.09584614285711,-34.04387693333331
0.68,40,40,3,0,22,0.3,26,33,6593418.46,74.13909393840984,3.534198313814565,16,2,1,177.80296203185807,1.9411672991006266,12,7,14,0.21212121212121213,0.36363636363636365,-228.3767714873744,-323.01398523433613,125.09584614285711,-34.04387693333331
0.68,46,40,3,0,14,0.3,26,33,6593418.46,74.13909393840984,3.534198313814565,16,2,1,177.80296203185807,1.9411672991006266,12,7,14,0.21212121212121213,0.36363636363636365,-228.3767714873744,-323.01398523433613,125.09584614285711,-34.04387693333331
0.68,46,40,3,0,18,0.3,26,33,6593418.46,74.13909393840984,3.534198313814565,16,2,1,177.80296203185807,1.9411672991006266,12,7,14,0.21212121212121213,0.36363636363636365,-228.3767714873744,-323.01398523433613,125.09584614285711,-34.04387693333331
0.68,46,40,3,0,22,0.3,26,33,6593418.46,74.13909393840984,3.534198313814565,16,2,1,177.80296203185807,1.9411672991006266,12,7,14,0.21212121212121213,0.36363636363636365,-228.3767714873744,-323.01398523433613,125.09584614285711,-34.04387693333331
0.58,46,34,3,0,18,0.45,27,35,6700995.92,79.64617452244958,3.534198313814565,17,1,1,177.80296203185807,1.8128063648486359,14,8,13,0.22857142857142856,0.4,-231.48029265404108,-326.1533655543362,128.86425657142854,-30.326693866666687
0.58,46,34,3,0,18,0.6,27,35,6700995.92,79.64617452244958,3.534198313814565,17,1,1,177.80296203185807,1.8128063648486359,14,8,13,0.22857142857142856,0.4,-231.48029265404108,-326.1533655543362,128.86425657142854,-30.326693866666687
0.58,46,34,3,0,22,0.45,27,35,6700995.92,79.64617452244958,3.534198313814565,17,1,1,177.80296203185807,1.8128063648486359,14,8,13,0.22857142857142856,0.4,-231.48029265404108,-326.1533655543362,128.86425657142854,-30.326693866666687
0.58,46,34,3,0,22,0.6,27,35,6700995.92,79.64617452244958,3.534198313814565,17,1,1,177.80296203185807,1.8128063648486359,14,8,13,0.22857142857142856,0.4,-231.48029265404108,-326.1533655543362,128.86425657142854,-30.326693866666687
0.58,46,34,3,1,18,0.3,27,35,6700995.92,79.64617452244958,3.534198313814565,17,1,1,177.80296203185807,1.8128063648486359,14,8,13,0.22857142857142856,0.4,-231.48029265404108,-326.1533655543362,128.86425657142854,-30.326693866666687
0.58,46,34,3,1,18,0.45,27,35,6700995.92,79.64617452244958,3.534198313814565,17,1,1,177.80296203185807,1.8128063648486359,14,8,13,0.22857142857142856,0.4,-231.48029265404108,-326.1533655543362,128.86425657142854,-30.326693866666687
0.58,46,34,3,1,18,0.6,27,35,6700995.92,79.64617452244958,3.534198313814565,17,1,1,177.80296203185807,1.8128063648486359,14,8,13,0.22857142857142856,0.4,-231.48029265404108,-326.1533655543362,128.86425657142854,-30.326693866666687
0.58,46,34,3,1,22,0.3,27,35,6700995.92,79.64617452244958,3.534198313814565,17,1,1,177.80296203185807,1.8128063648486359,14,8,13,0.22857142857142856,0.4,-231.48029265404108,-326.1533655543362,128.86425657142854,-30.326693866666687
0.58,46,34,3,1,22,0.45,27,35,6700995.92,79.64617452244958,3.534198313814565,17,1,1,177.80296203185807,1.8128063648486359,14,8,13,0.22857142857142856,0.4,-231.48029265404108,-326.1533655543362,128.86425657142854,-30.326693866666687
0.58,46,34,3,1,22,0.6,27,35,6700995.92,79.64617452244958,3.534198313814565,17,1,1,177.80296203185807,1.8128063648486359,14,8,13,0.22857142857142856,0.4,-231.48029265404108,-326.1533655543362,128.86425657142854,-30.326693866666687
0.58,46,34,3,2,18,0.3,27,35,6700995.92,79.64617452244958,3.534198313814565,17,1,1,177.80296203185807,1.8128063648486359,14,8,13,0.22857142857142856,0.4,-231.48029265404108,-326.1533655543362,128.86425657142854,-30.326693866666687
0.58,46,34,3,2,18,0.45,27,35,6700995.92,79.64617452244958,3.534198313814565,17,1,1,177.80296203185807,1.8128063648486359,14,8,13,0.22857142857142856,0.4,-231.48029265404108,-326.1533655543362,128.86425657142854,-30.326693866666687
0.58,46,34,3,2,18,0.6,27,35,6700995.92,79.64617452244958,3.534198313814565,17,1,1,177.80296203185807,1.8128063648486359,14,8,13,0.22857142857142856,0.4,-231.48029265404108,-326.1533655543362,128.86425657142854,-30.326693866666687
0.58,46,34,3,2,22,0.3,27,35,6700995.92,79.64617452244958,3.534198313814565,17,1,1,177.80296203185807,1.8128063648486359,14,8,13,0.22857142857142856,0.4,-231.48029265404108,-326.1533655543362,128.86425657142854,-30.326693866666687
0.58,46,34,3,2,22,0.45,27,35,6700995.92,79.64617452244958,3.534198313814565,17,1,1,177.80296203185807,1.8128063648486359,14,8,13,0.22857142857142856,0.4,-231.48029265404108,-326.1533655543362,128.86425657142854,-30.326693866666687
0.58,46,34,3,2,22,0.6,27,35,6700995.92,79.64617452244958,3.534198313814565,17,1,1,177.80296203185807,1.8128063648486359,14,8,13,0.22857142857142856,0.4,-231.48029265404108,-326.1533655543362,128.86425657142854,-30.326693866666687
0.63,40,28,3,0,14,0.3,23,29,6242232.3,63.4930253143395,3.534198313814565,15,3,1,177.80296203185807,2.178393315696998,10,6,13,0.20689655172413793,0.3448275862068966,-243.30332282070776,-337.82347451433617,95.58737357142854,-49.38511799999998
0.63,40,28,3,0,18,0.3,23,29,6242232.3,63.4930253143395,3.534198313814565,15,3,1,177.80296203185807,2.178393315696998,10,6,13,0.20689655172413793,0.3448275862068966,-243.30332282070776,-337.82347451433617,95.58737357142854,-49.38511799999998
0.63,40,34,3,0,14,0.3,23,29,6242232.3,63.4930253143395,3.534198313814565,15,3,1,177.80296203185807,2.178393315696998,10,6,13,0.20689655172413793,0.3448275862068966,-243.30332282070776,-337.82347451433617,95.58737357142854,-49.38511799999998
0.63,40,34,3,0,18,0.3,23,29,6242232.3,63.4930253143395,3.534198313814565,15,3,1,177.80296203185807,2.178393315696998,10,6,13,0.20689655172413793,0.3448275862068966,-243.30332282070776,-337.82347451433617,95.58737357142854,-49.38511799999998
0.63,46,28,3,0,14,0.3,23,29,6242232.3,63.4930253143395,3.534198313814565,15,3,1,177.80296203185807,2.178393315696998,10,6,13,0.20689655172413793,0.3448275862068966,-243.30332282070776,-337.82347451433617,95.58737357142854,-49.38511799999998
0.63,46,28,3,0,18,0.3,23,29,6242232.3,63.4930253143395,3.534198313814565,15,3,1,177.80296203185807,2.178393315696998,10,6,13,0.20689655172413793,0.3448275862068966,-243.30332282070776,-337.82347451433617,95.58737357142854,-49.38511799999998
0.63,46,34,3,0,14,0.3,23,29,6242232.3,63.4930253143395,3.534198313814565,15,3,1,177.80296203185807,2.178393315696998,10,6,13,0.20689655172413793,0.3448275862068966,-243.30332282070776,-337.82347451433617,95.58737357142854,-49.38511799999998
0.63,46,34,3,0,18,0.3,23,29,6242232.3,63.4930253143395,3.534198313814565,15,3,1,177.80296203185807,2.178393315696998,10,6,13,0.20689655172413793,0.3448275862068966,-243.30332282070776,-337.82347451433617,95.58737357142854,-49.38511799999998
0.58,46,40,3,0,14,0.6,27,36,6569218.47,82.00383781932673,3.534198313814565,18,0,1,177.80296203185807,1.7719137952521438,13,9,14,0.25,0.3611111111111111,-244.57843807070776,-340.8106554097975,118.92298907142856,-26.20521020000001
0.58,46,40,3,1,14,0.3,27,36,6569218.47,82.00383781932673,3.534198313814565,18,0,1,177.80296203185807,1.7719137952521438,13,9,14,0.25,0.3611111111111111,-244.57843807070776,-340.8106554097975,118.92298907142856,-26.20521020000001
0.58,46,40,3,1,14,0.45,27,36,6569218.47,82.00383781932673,3.534198313814565,18,0,1,177.80296203185807,1.7719137952521438,13,9,14,0.25,0.3611111111111111,-244.57843807070776,-340.8106554097975,118.92298907142856,-26.20521020000001
0.58,46,40,3,1,14,0.6,27,36,6569218.47,82.00383781932673,3.534198313814565,18,0,1,177.80296203185807,1.7719137952521438,13,9,14,0.25,0.3611111111111111,-244.57843807070776,-340.8106554097975,118.92298907142856,-26.20521020000001
0.58,46,40,3,2,14,0.3,27,36,6569218.47,82.00383781932673,3.534198313814565,18,0,1,177.80296203185807,1.7719137952521438,13,9,14,0.25,0.3611111111111111,-244.57843807070776,-340.8106554097975,118.92298907142856,-26.20521020000001
0.58,46,40,3,2,14,0.45,27,36,6569218.47,82.00383781932673,3.534198313814565,18,0,1,177.80296203185807,1.7719137952521438,13,9,14,0.25,0.3611111111111111,-244.57843807070776,-340.8106554097975,118.92298907142856,-26.20521020000001
0.58,46,40,3,2,14,0.6,27,36,6569218.47,82.00383781932673,3.534198313814565,18,0,1,177.80296203185807,1.7719137952521438,13,9,14,0.25,0.3611111111111111,-244.57843807070776,-340.8106554097975,118.92298907142856,-26.20521020000001
0.58,40,28,3,0,18,0.3,28,35,6882785.91,77.6757120560598,3.534198313814565,17,3,1,177.80296203185807,1.8488212715904393,14,7,14,0.2,0.4,-249.96537607070775,-332.69904563433613,132.1627565,-72.11476059999995
0.58,40,28,3,0,22,0.3,28,35,6882785.91,77.6757120560598,3.534198313814565,17,3,1,177.80296203185807,1.8488212715904393,14,7,14,0.2,0.4,-249.96537607070775,-332.69904563433613,132.1627565,-72.11476059999995
0.58,46,28,3,0,18,0.3,28,35,6882785.91,77.6757120560598,3.534198313814565,17,3,1,177.80296203185807,1.8488212715904393,14,7,14,0.2,0.4,-249.96537607070775,-332.69904563433613,132.1627565,-72.11476059999995
0.58,46,28,3,0,22,0.3,28,35,6882785.91,77.6757120560598,3.534198313814565,17,3,1,177.80296203185807,1.8488212715904393,14,7,14,0.2,0.4,-249.96537607070775,-332.69904563433613,132.1627565,-72.11476059999995
0.58,46,40,3,0,18,0.6,28,37,6794221.92,84.85247503869063,3.534198313814565,19,1,1,177.80296203185807,1.7250921750116577,14,9,14,0.24324324324324326,0.3783783783783784,-274.70340932070775,-361.28953758528866,113.53015657142856,-64.70518719999995
0.58,46,40,3,0,22,0.6,28,37,6794221.92,84.85247503869063,3.534198313814565,19,1,1,177.80296203185807,1.7250921750116577,14,9,14,0.24324324324324326,0.3783783783783784,-274.70340932070775,-361.28953758528866,113.53015657142856,-64.70518719999995
0.58,46,40,3,1,18,0.3,28,37,6794221.92,84.85247503869063,3.534198313814565,19,1,1,177.80296203185807,1.7250921750116577,14,9,14,0.24324324324324326,0.3783783783783784,-274.70340932070775,-361.28953758528866,113.53015657142856,-64.70518719999995
0.58,46,40,3,1,18,0.45,28,37,6794221.92,84.85247503869063,3.534198313814565,19,1,1,177.80296203185807,1.7250921750116577,14,9,14,0.24324324324324326,0.3783783783783784,-274.70340932070775,-361.28953758528866,113.53015657142856,-64.70518719999995
0.58,46,40,3,1,18,0.6,28,37,6794221.92,84.85247503869063,3.534198313814565,19,1,1,177.80296203185807,1.7250921750116577,14,9,14,0.24324324324324326,0.3783783783783784,-274.70340932070775,-361.28953758528866,113.53015657142856,-64.70518719999995
0.58,46,40,3,1,22,0.3,28,37,6794221.92,84.85247503869063,3.534198313814565,19,1,1,177.80296203185807,1.7250921750116577,14,9,14,0.24324324324324326,0.3783783783783784,-274.70340932070775,-361.28953758528866,113.53015657142856,-64.70518719999995
0.58,46,40,3,1,22,0.45,28,37,6794221.92,84.85247503869063,3.534198313814565,19,1,1,177.80296203185807,1.7250921750116577,14,9,14,0.24324324324324326,0.3783783783783784,-274.70340932070775,-361.28953758528866,113.53015657142856,-64.70518719999995
0.58,46,40,3,1,22,0.6,28,37,6794221.92,84.85247503869063,3.534198313814565,19,1,1,177.80296203185807,1.7250921750116577,14,9,14,0.24324324324324326,0.3783783783783784,-274.70340932070775,-361.28953758528866,113.53015657142856,-64.70518719999995
0.58,46,40,3,2,18,0.3,28,37,6794221.92,84.85247503869063,3.534198313814565,19,1,1,177.80296203185807,1.7250921750116577,14,9,14,0.24324324324324326,0.3783783783783784,-274.70340932070775,-361.28953758528866,113.53015657142856,-64.70518719999995
0.58,46,40,3,2,18,0.45,28,37,6794221.92,84.85247503869063,3.534198313814565,19,1,1,177.80296203185807,1.7250921750116577,14,9,14,0.24324324324324326,0.3783783783783784,-274.70340932070775,-361.28953758528866,113.53015657142856,-64.70518719999995
0.58,46,40,3,2,18,0.6,28,37,6794221.92,84.85247503869063,3.534198313814565,19,1,1,177.80296203185807,1.7250921750116577,14,9,14,0.24324324324324326,0.3783783783783784,-274.70340932070775,-361.28953758528866,113.53015657142856,-64.70518719999995
0.58,46,40,3,2,22,0.3,28,37,6794221.92,84.85247503869063,3.534198313814565,19,1,1,177.80296203185807,1.7250921750116577,14,9,14,0.24324324324324326,0.3783783783783784,-274.70340932070775,-361.28953758528866,113.53015657142856,-64.70518719999995
0.58,46,40,3,2,22,0.45,28,37,6794221.92,84.85247503869063,3.534198313814565,19,1,1,177.80296203185807,1.7250921750116577,14,9,14,0.24324324324324326,0.3783783783783784,-274.70340932070775,-361.28953758528866,113.53015657142856,-64.70518719999995
0.58,46,40,3,2,22,0.6,28,37,6794221.92,84.85247503869063,3.534198313814565,19,1,1,177.80296203185807,1.7250921750116577,14,9,14,0.24324324324324326,0.3783783783783784,-274.70340932070775,-361.28953758528866,113.53015657142856,-64.70518719999995
0.58,46,40,3,0,14,0.45,28,37,6766469.46,84.49649468574556,3.534198313814565,19,1,1,177.80296203185807,1.7528639621794053,13,10,14,0.2702702702702703,0.35135135135135137,-274.93467982070774,-361.22677298293263,113.33192471428572,-27.89020359999995
0.58,40,28,3,0,14,0.3,25,32,6399822.3,69.38730672886659,3.534198313814565,17,3,1,177.80296203185807,2.0051344890603926,11,7,14,0.21875,0.34375,-277.9900728207077,-360.5627545143362,92.71301642857145,-75.334518
0.58,46,28,3,0,14,0.3,25,32,6399822.3,69.38730672886659,3.534198313814565,17,3,1,177.80296203185807,2.0051344890603926,11,7,14,0.21875,0.34375,-277.9900728207077,-360.5627545143362,92.71301642857145,-75.334518
0.58,40,34,3,0,18,0.3,29,36,6912785.91,79.26619928680847,3.534198313814565,18,4,1,177.80296203185807,1.8195645265181892,14,7,15,0.19444444444444445,0.3888888888888889,-281.71537607070775,-368.4590456343362,125.37704221428572,-110.91476060000002
0.58,40,34,3,0,22,0.3,29,36,6912785.91,79.26619928680847,3.534198313814565,18,4,1,177.80296203185807,1.8195645265181892,14,7,15,0.19444444444444445,0.3888888888888889,-281.71537607070775,-368.4590456343362,125.37704221428572,-110.91476060000002
0.58,40,40,3,0,14,0.3,29,37,6781008.46,81.62386258368562,3.534198313814565,19,3,1,177.80296203185807,1.77959450848729,13,8,16,0.21621621621621623,0.35135135135135137,-294.81352148737443,-382.81235530128464,115.43577471428569,-106.79327693333335
0.58,40,40,3,0,18,0.3,29,37,6781008.46,81.62386258368562,3.534198313814565,19,3,1,177.80296203185807,1.77959450848729,13,8,16,0.21621621621621623,0.35135135135135137,-294.81352148737443,-382.81235530128464,115.43577471428569,-106.79327693333335
0.58,40,40,3,0,22,0.3,29,37,6781008.46,81.62386258368562,3.534198313814565,19,3,1,177.80296203185807,1.77959450848729,13,8,16,0.21621621621621623,0.35135135135135137,-294.81352148737443,-382.81235530128464,115.43577471428569,-106.79327693333335
0.58,46,34,3,0,14,0.3,28,36,6588520.3,78.9714274745292,3.534198313814565,19,3,1,177.80296203185807,1.830454064205431,12,9,15,0.25,0.3333333333333333,-304.4175894873744,-375.05317051433616,102.06085928571429,-72.07653133333338
0.58,46,40,3,0,18,0.45,29,38,6991472.91,87.34513190510948,3.534198313814565,20,2,1,177.80296203185807,1.707775801236636,14,10,14,0.2631578947368421,0.3684210526315789,-305.05965107070773,-397.7056551584237,107.93909221428572,-66.39018060000001
0.58,46,40,3,0,22,0.45,29,38,6991472.91,87.34513190510948,3.534198313814565,20,2,1,177.80296203185807,1.707775801236636,14,10,14,0.2631578947368421,0.3684210526315789,-305.05965107070773,-397.7056551584237,107.93909221428572,-66.39018060000001
0.58,40,34,3,0,14,0.3,26,33,6429822.3,70.97779395961527,3.534198313814565,18,4,1,177.80296203185807,1.9684812757249088,11,7,15,0.21212121212121213,0.3333333333333333,-309.7400728207078,-380.32275451433617,85.92730214285712,-114.13451799999996
0.58,46,34,3,0,18,0.3,30,38,7027227.91,85.1763143306753,3.534198313814565,20,4,1,177.80296203185807,1.7412456789529032,14,9,15,0.23684210526315788,0.3684210526315789,-324.7616927373744,-419.6845610988764,110.19448507142857,-109.1518139333333
0.58,46,34,3,0,22,0.3,30,38,7027227.91,85.1763143306753,3.534198313814565,20,4,1,177.80296203185807,1.7412456789529032,14,9,15,0.23684210526315788,0.3684210526315789,-324.7616927373744,-419.6845610988764,110.19448507142857,-109.1518139333333
0.58,46,40,3,0,14,0.3,30,39,6895450.46,87.53397762755243,3.534198313814565,21,3,1,177.80296203185807,1.705333581015006,13,10,16,0.2564102564102564,0.3333333333333333,-337.8598381540411,-434.6249113363781,100.25321757142859,-105.03033026666662
0.58,46,40,3,0,18,0.3,31,40,7120453.91,90.38261484691633,3.534198313814565,22,4,1,177.80296203185807,1.663688087648485,14,10,16,0.25,0.35,-367.9848094040411,-471.1037935118692,94.8603850714286,-143.53030726666668
0.58,46,40,3,0,22,0.3,31,40,7120453.91,90.38261484691633,3.534198313814565,22,4,1,177.80296203185807,1.663688087648485,14,10,16,0.25,0.35,-367.9848094040411,-471.1037935118692,94.8603850714286,-143.53030726666668
